solid OpenSCAD_Model
  facet normal 1 -0 0
    outer loop
      vertex 100 1.5 1.2
      vertex 100 37.7 0
      vertex 100 36.5 1.2
    endloop
  endfacet
  facet normal 1 0 0
    outer loop
      vertex 100 37.7 0
      vertex 100 1.5 1.2
      vertex 100 0.299999 0
    endloop
  endfacet
  facet normal 0 0 -1
    outer loop
      vertex 0 0.299999 0
      vertex 100 37.7 0
      vertex 100 0.299999 0
    endloop
  endfacet
  facet normal -0 0 -1
    outer loop
      vertex 100 37.7 0
      vertex 0 0.299999 0
      vertex 0 37.7 0
    endloop
  endfacet
  facet normal 0 -0.707106 0.707107
    outer loop
      vertex 0 1.5 1.2
      vertex 100 0.299999 0
      vertex 100 1.5 1.2
    endloop
  endfacet
  facet normal 0 -0.707106 0.707107
    outer loop
      vertex 100 0.299999 0
      vertex 0 1.5 1.2
      vertex 0 0.299999 0
    endloop
  endfacet
  facet normal -1 0 0
    outer loop
      vertex 0 37.7 0
      vertex 0 1.5 1.2
      vertex 0 36.5 1.2
    endloop
  endfacet
  facet normal -1 0 -0
    outer loop
      vertex 0 1.5 1.2
      vertex 0 37.7 0
      vertex 0 0.299999 0
    endloop
  endfacet
  facet normal -0 0.707107 0.707107
    outer loop
      vertex 0 37.7 0
      vertex 100 36.5 1.2
      vertex 100 37.7 0
    endloop
  endfacet
  facet normal 0 0.707107 0.707107
    outer loop
      vertex 100 36.5 1.2
      vertex 0 37.7 0
      vertex 0 36.5 1.2
    endloop
  endfacet
  facet normal 0 0 1
    outer loop
      vertex 33.351 20.0703 1.2
      vertex 34.7909 21.8116 1.2
      vertex 34.7889 22.2745 1.2
    endloop
  endfacet
  facet normal 0 0 1
    outer loop
      vertex 35.8692 21.36 1.2
      vertex 38.4962 20.9165 1.2
      vertex 38.4891 21.1905 1.2
    endloop
  endfacet
  facet normal -0 0 1
    outer loop
      vertex 40.7984 24.3126 1.2
      vertex 41.775 23.0648 1.2
      vertex 41.775 24.3126 1.2
    endloop
  endfacet
  facet normal 0 0 1
    outer loop
      vertex 41.775 23.0648 1.2
      vertex 40.7984 24.3126 1.2
      vertex 40.7984 23.0648 1.2
    endloop
  endfacet
  facet normal 0 0 1
    outer loop
      vertex 53.5767 19.9238 1.2
      vertex 52.5622 18.7194 1.2
      vertex 53.4194 18.4753 1.2
    endloop
  endfacet
  facet normal 0 0 1
    outer loop
      vertex 52.5622 18.7194 1.2
      vertex 52.3649 18.3627 1.2
      vertex 52.479 18.5326 1.2
    endloop
  endfacet
  facet normal 0 0 1
    outer loop
      vertex 52.5622 18.7194 1.2
      vertex 52.2199 18.2098 1.2
      vertex 52.3649 18.3627 1.2
    endloop
  endfacet
  facet normal 0 0 1
    outer loop
      vertex 52.5622 18.7194 1.2
      vertex 52.0441 18.0738 1.2
      vertex 52.2199 18.2098 1.2
    endloop
  endfacet
  facet normal 0 0 1
    outer loop
      vertex 52.5622 18.7194 1.2
      vertex 51.8371 17.9623 1.2
      vertex 52.0441 18.0738 1.2
    endloop
  endfacet
  facet normal -0 0 1
    outer loop
      vertex 49.3886 19.9238 1.2
      vertex 52.5622 18.7194 1.2
      vertex 53.5767 19.9238 1.2
    endloop
  endfacet
  facet normal -0 -0 1
    outer loop
      vertex 49.4147 19.4481 1.2
      vertex 52.5622 18.7194 1.2
      vertex 49.3886 19.9238 1.2
    endloop
  endfacet
  facet normal -0 -0 1
    outer loop
      vertex 49.493 19.03 1.2
      vertex 52.5622 18.7194 1.2
      vertex 49.4147 19.4481 1.2
    endloop
  endfacet
  facet normal 0 0 1
    outer loop
      vertex 52.5622 18.7194 1.2
      vertex 51.5986 17.8826 1.2
      vertex 51.8371 17.9623 1.2
    endloop
  endfacet
  facet normal 0 0 1
    outer loop
      vertex 52.5622 18.7194 1.2
      vertex 51.3286 17.8348 1.2
      vertex 51.5986 17.8826 1.2
    endloop
  endfacet
  facet normal 0 0 1
    outer loop
      vertex 51.3286 17.8348 1.2
      vertex 49.493 19.03 1.2
      vertex 51.027 17.8188 1.2
    endloop
  endfacet
  facet normal -0 -0 1
    outer loop
      vertex 49.6235 18.6696 1.2
      vertex 51.027 17.8188 1.2
      vertex 49.493 19.03 1.2
    endloop
  endfacet
  facet normal -0 -0 1
    outer loop
      vertex 49.8063 18.3668 1.2
      vertex 50.6496 17.8531 1.2
      vertex 49.6235 18.6696 1.2
    endloop
  endfacet
  facet normal 0 0 1
    outer loop
      vertex 50.6496 17.8531 1.2
      vertex 49.8063 18.3668 1.2
      vertex 50.3203 17.9558 1.2
    endloop
  endfacet
  facet normal 0 0 1
    outer loop
      vertex 50.3203 17.9558 1.2
      vertex 49.8063 18.3668 1.2
      vertex 50.0392 18.1271 1.2
    endloop
  endfacet
  facet normal 0 0 1
    outer loop
      vertex 51.027 17.8188 1.2
      vertex 49.6235 18.6696 1.2
      vertex 50.6496 17.8531 1.2
    endloop
  endfacet
  facet normal 0 0 1
    outer loop
      vertex 52.5622 18.7194 1.2
      vertex 49.493 19.03 1.2
      vertex 51.3286 17.8348 1.2
    endloop
  endfacet
  facet normal 0 0 1
    outer loop
      vertex 30.1448 17.9274 1.2
      vertex 28.0779 20.0594 1.2
      vertex 28.1112 19.5674 1.2
    endloop
  endfacet
  facet normal 0 0 1
    outer loop
      vertex 53.415 21.4187 1.2
      vertex 54.6962 21.6977 1.2
      vertex 54.6942 22.0151 1.2
    endloop
  endfacet
  facet normal -0 0 1
    outer loop
      vertex 63.7078 24.3126 1.2
      vertex 64.6844 23.0648 1.2
      vertex 64.6844 24.3126 1.2
    endloop
  endfacet
  facet normal 0 0 1
    outer loop
      vertex 64.6844 23.0648 1.2
      vertex 63.7078 24.3126 1.2
      vertex 63.7078 23.0648 1.2
    endloop
  endfacet
  facet normal 0 0 1
    outer loop
      vertex 63.7078 23.0648 1.2
      vertex 62.5845 19.4165 1.2
      vertex 62.6319 19.2804 1.2
    endloop
  endfacet
  facet normal 0 0 1
    outer loop
      vertex 62.5899 21.7195 1.2
      vertex 62.5246 19.5442 1.2
      vertex 62.5845 19.4165 1.2
    endloop
  endfacet
  facet normal 0 0 1
    outer loop
      vertex 62.5899 21.7195 1.2
      vertex 62.4536 19.664 1.2
      vertex 62.5246 19.5442 1.2
    endloop
  endfacet
  facet normal 0 0 1
    outer loop
      vertex 62.5899 21.7195 1.2
      vertex 62.3714 19.7761 1.2
      vertex 62.4536 19.664 1.2
    endloop
  endfacet
  facet normal 0 0 1
    outer loop
      vertex 62.5899 21.7195 1.2
      vertex 62.278 19.8804 1.2
      vertex 62.3714 19.7761 1.2
    endloop
  endfacet
  facet normal 0 0 1
    outer loop
      vertex 62.5899 21.7195 1.2
      vertex 62.17 19.9785 1.2
      vertex 62.278 19.8804 1.2
    endloop
  endfacet
  facet normal 0 0 1
    outer loop
      vertex 62.5899 21.7195 1.2
      vertex 62.044 20.0723 1.2
      vertex 62.17 19.9785 1.2
    endloop
  endfacet
  facet normal 0 0 1
    outer loop
      vertex 62.5899 21.7195 1.2
      vertex 61.9001 20.1616 1.2
      vertex 62.044 20.0723 1.2
    endloop
  endfacet
  facet normal -0 0 1
    outer loop
      vertex 61.7111 21.6109 1.2
      vertex 61.9001 20.1616 1.2
      vertex 62.5899 21.7195 1.2
    endloop
  endfacet
  facet normal 0 0 1
    outer loop
      vertex 61.9001 20.1616 1.2
      vertex 61.7111 21.6109 1.2
      vertex 61.7382 20.2465 1.2
    endloop
  endfacet
  facet normal 0 0 1
    outer loop
      vertex 60.6207 20.6073 1.2
      vertex 61.7111 21.6109 1.2
      vertex 61.6533 21.7949 1.2
    endloop
  endfacet
  facet normal 0 0 1
    outer loop
      vertex 60.6207 20.6073 1.2
      vertex 61.6533 21.7949 1.2
      vertex 61.5612 21.9561 1.2
    endloop
  endfacet
  facet normal 0 0 1
    outer loop
      vertex 61.7111 21.6109 1.2
      vertex 61.5402 20.3311 1.2
      vertex 61.7382 20.2465 1.2
    endloop
  endfacet
  facet normal 0 0 1
    outer loop
      vertex 60.6207 20.6073 1.2
      vertex 61.5612 21.9561 1.2
      vertex 61.4349 22.0946 1.2
    endloop
  endfacet
  facet normal 0 0 1
    outer loop
      vertex 61.7111 21.6109 1.2
      vertex 61.2879 20.4195 1.2
      vertex 61.5402 20.3311 1.2
    endloop
  endfacet
  facet normal 0 0 1
    outer loop
      vertex 60.6207 20.6073 1.2
      vertex 61.4349 22.0946 1.2
      vertex 61.2744 22.2104 1.2
    endloop
  endfacet
  facet normal 0 0 1
    outer loop
      vertex 60.6207 20.6073 1.2
      vertex 61.2744 22.2104 1.2
      vertex 61.0816 22.3017 1.2
    endloop
  endfacet
  facet normal 0 0 1
    outer loop
      vertex 61.7111 21.6109 1.2
      vertex 60.9814 20.5115 1.2
      vertex 61.2879 20.4195 1.2
    endloop
  endfacet
  facet normal 0 0 1
    outer loop
      vertex 60.6207 20.6073 1.2
      vertex 61.0816 22.3017 1.2
      vertex 60.8587 22.367 1.2
    endloop
  endfacet
  facet normal 0 0 1
    outer loop
      vertex 61.7111 21.6109 1.2
      vertex 60.6207 20.6073 1.2
      vertex 60.9814 20.5115 1.2
    endloop
  endfacet
  facet normal 0 0 1
    outer loop
      vertex 60.2464 20.7022 1.2
      vertex 60.8587 22.367 1.2
      vertex 60.6056 22.4062 1.2
    endloop
  endfacet
  facet normal 0 0 1
    outer loop
      vertex 60.2464 20.7022 1.2
      vertex 60.6056 22.4062 1.2
      vertex 60.3223 22.4192 1.2
    endloop
  endfacet
  facet normal 0 0 1
    outer loop
      vertex 60.8587 22.367 1.2
      vertex 60.2464 20.7022 1.2
      vertex 60.6207 20.6073 1.2
    endloop
  endfacet
  facet normal 0 0 1
    outer loop
      vertex 59.9425 20.7863 1.2
      vertex 60.3223 22.4192 1.2
      vertex 60.0131 22.4067 1.2
    endloop
  endfacet
  facet normal 0 0 1
    outer loop
      vertex 60.3223 22.4192 1.2
      vertex 59.9425 20.7863 1.2
      vertex 60.2464 20.7022 1.2
    endloop
  endfacet
  facet normal 0 0 1
    outer loop
      vertex 59.7092 20.8596 1.2
      vertex 60.0131 22.4067 1.2
      vertex 59.7472 22.369 1.2
    endloop
  endfacet
  facet normal 0 0 1
    outer loop
      vertex 60.0131 22.4067 1.2
      vertex 59.7092 20.8596 1.2
      vertex 59.9425 20.7863 1.2
    endloop
  endfacet
  facet normal 0 0 1
    outer loop
      vertex 59.7472 22.369 1.2
      vertex 59.5464 20.922 1.2
      vertex 59.7092 20.8596 1.2
    endloop
  endfacet
  facet normal -0 0 1
    outer loop
      vertex 59.5248 22.3063 1.2
      vertex 59.5464 20.922 1.2
      vertex 59.7472 22.369 1.2
    endloop
  endfacet
  facet normal 0 0 1
    outer loop
      vertex 59.5248 22.3063 1.2
      vertex 59.4268 20.982 1.2
      vertex 59.5464 20.922 1.2
    endloop
  endfacet
  facet normal 0 0 1
    outer loop
      vertex 59.3227 21.0481 1.2
      vertex 59.5248 22.3063 1.2
      vertex 59.3457 22.2185 1.2
    endloop
  endfacet
  facet normal 0 0 1
    outer loop
      vertex 59.5248 22.3063 1.2
      vertex 59.3227 21.0481 1.2
      vertex 59.4268 20.982 1.2
    endloop
  endfacet
  facet normal -0 0 1
    outer loop
      vertex 59.0311 21.6109 1.2
      vertex 59.3227 21.0481 1.2
      vertex 59.3457 22.2185 1.2
    endloop
  endfacet
  facet normal 0 0 1
    outer loop
      vertex 59.0508 21.8015 1.2
      vertex 59.3457 22.2185 1.2
      vertex 59.2081 22.1053 1.2
    endloop
  endfacet
  facet normal 0 0 1
    outer loop
      vertex 59.3227 21.0481 1.2
      vertex 59.0311 21.6109 1.2
      vertex 59.2342 21.1203 1.2
    endloop
  endfacet
  facet normal 0 0 1
    outer loop
      vertex 59.0508 21.8015 1.2
      vertex 59.2081 22.1053 1.2
      vertex 59.1098 21.9662 1.2
    endloop
  endfacet
  facet normal -0 -0 1
    outer loop
      vertex 59.0392 21.4916 1.2
      vertex 59.2342 21.1203 1.2
      vertex 59.0311 21.6109 1.2
    endloop
  endfacet
  facet normal 0 0 1
    outer loop
      vertex 59.2342 21.1203 1.2
      vertex 59.0392 21.4916 1.2
      vertex 59.1613 21.1986 1.2
    endloop
  endfacet
  facet normal 0 0 1
    outer loop
      vertex 59.3457 22.2185 1.2
      vertex 59.0508 21.8015 1.2
      vertex 59.0311 21.6109 1.2
    endloop
  endfacet
  facet normal -0 -0 1
    outer loop
      vertex 59.0636 21.3831 1.2
      vertex 59.1613 21.1986 1.2
      vertex 59.0392 21.4916 1.2
    endloop
  endfacet
  facet normal 0 0 1
    outer loop
      vertex 59.1613 21.1986 1.2
      vertex 59.0636 21.3831 1.2
      vertex 59.1043 21.2854 1.2
    endloop
  endfacet
  facet normal 0 0 1
    outer loop
      vertex 61.3673 19.4091 1.2
      vertex 61.7437 18.7412 1.2
      vertex 61.7287 18.9066 1.2
    endloop
  endfacet
  facet normal 0 0 1
    outer loop
      vertex 61.5049 19.3053 1.2
      vertex 61.7287 18.9066 1.2
      vertex 61.684 19.0558 1.2
    endloop
  endfacet
  facet normal 0 0 1
    outer loop
      vertex 61.3673 19.4091 1.2
      vertex 61.7287 18.9066 1.2
      vertex 61.5049 19.3053 1.2
    endloop
  endfacet
  facet normal 0 0 1
    outer loop
      vertex 61.5049 19.3053 1.2
      vertex 61.684 19.0558 1.2
      vertex 61.6094 19.1887 1.2
    endloop
  endfacet
  facet normal 0 -0 1
    outer loop
      vertex 61.3992 18.0576 1.2
      vertex 61.7437 18.7412 1.2
      vertex 61.3673 19.4091 1.2
    endloop
  endfacet
  facet normal 0 0 1
    outer loop
      vertex 61.7221 18.5275 1.2
      vertex 61.3992 18.0576 1.2
      vertex 61.6575 18.3424 1.2
    endloop
  endfacet
  facet normal 0 0 1
    outer loop
      vertex 61.6575 18.3424 1.2
      vertex 61.3992 18.0576 1.2
      vertex 61.5499 18.1857 1.2
    endloop
  endfacet
  facet normal 0 0 1
    outer loop
      vertex 61.7437 18.7412 1.2
      vertex 61.3992 18.0576 1.2
      vertex 61.7221 18.5275 1.2
    endloop
  endfacet
  facet normal 0 0 1
    outer loop
      vertex 61.3673 19.4091 1.2
      vertex 61.202 17.9579 1.2
      vertex 61.3992 18.0576 1.2
    endloop
  endfacet
  facet normal 0 0 1
    outer loop
      vertex 61.193 19.5034 1.2
      vertex 61.202 17.9579 1.2
      vertex 61.3673 19.4091 1.2
    endloop
  endfacet
  facet normal 0 0 1
    outer loop
      vertex 60.955 17.8867 1.2
      vertex 61.193 19.5034 1.2
      vertex 60.9821 19.5881 1.2
    endloop
  endfacet
  facet normal 0 0 1
    outer loop
      vertex 61.193 19.5034 1.2
      vertex 60.955 17.8867 1.2
      vertex 61.202 17.9579 1.2
    endloop
  endfacet
  facet normal 0 0 1
    outer loop
      vertex 60.6581 17.844 1.2
      vertex 60.9821 19.5881 1.2
      vertex 60.7346 19.6634 1.2
    endloop
  endfacet
  facet normal 0 0 1
    outer loop
      vertex 60.9821 19.5881 1.2
      vertex 60.6581 17.844 1.2
      vertex 60.955 17.8867 1.2
    endloop
  endfacet
  facet normal 0 0 1
    outer loop
      vertex 60.7346 19.6634 1.2
      vertex 60.3114 17.8297 1.2
      vertex 60.6581 17.844 1.2
    endloop
  endfacet
  facet normal 0 0 1
    outer loop
      vertex 59.9832 17.8435 1.2
      vertex 60.7346 19.6634 1.2
      vertex 60.0348 19.8478 1.2
    endloop
  endfacet
  facet normal 0 0 1
    outer loop
      vertex 60.7346 19.6634 1.2
      vertex 59.9832 17.8435 1.2
      vertex 60.3114 17.8297 1.2
    endloop
  endfacet
  facet normal 0 0 1
    outer loop
      vertex 60.0348 19.8478 1.2
      vertex 59.6929 17.8846 1.2
      vertex 59.9832 17.8435 1.2
    endloop
  endfacet
  facet normal 0 0 1
    outer loop
      vertex 58.7111 18.7412 1.2
      vertex 60.0348 19.8478 1.2
      vertex 59.6447 19.9558 1.2
    endloop
  endfacet
  facet normal 0 0 1
    outer loop
      vertex 60.0348 19.8478 1.2
      vertex 59.4407 17.9533 1.2
      vertex 59.6929 17.8846 1.2
    endloop
  endfacet
  facet normal 0 0 1
    outer loop
      vertex 58.7111 18.7412 1.2
      vertex 59.6447 19.9558 1.2
      vertex 59.3153 20.0628 1.2
    endloop
  endfacet
  facet normal 0 0 1
    outer loop
      vertex 60.0348 19.8478 1.2
      vertex 58.7111 18.7412 1.2
      vertex 58.7901 18.5209 1.2
    endloop
  endfacet
  facet normal 0 0 1
    outer loop
      vertex 60.0348 19.8478 1.2
      vertex 59.2264 18.0494 1.2
      vertex 59.4407 17.9533 1.2
    endloop
  endfacet
  facet normal 0 0 1
    outer loop
      vertex 58.7111 18.7412 1.2
      vertex 59.3153 20.0628 1.2
      vertex 59.0466 20.1687 1.2
    endloop
  endfacet
  facet normal 0 -0 1
    outer loop
      vertex 58.9023 18.3322 1.2
      vertex 60.0348 19.8478 1.2
      vertex 58.7901 18.5209 1.2
    endloop
  endfacet
  facet normal 0 0 1
    outer loop
      vertex 58.7111 18.7412 1.2
      vertex 59.0466 20.1687 1.2
      vertex 58.8385 20.2736 1.2
    endloop
  endfacet
  facet normal 0 0 1
    outer loop
      vertex 60.0348 19.8478 1.2
      vertex 59.0477 18.175 1.2
      vertex 59.2264 18.0494 1.2
    endloop
  endfacet
  facet normal 0 0 1
    outer loop
      vertex 60.0348 19.8478 1.2
      vertex 58.9023 18.3322 1.2
      vertex 59.0477 18.175 1.2
    endloop
  endfacet
  facet normal 0 0 1
    outer loop
      vertex 58.6705 20.3837 1.2
      vertex 58.7111 18.7412 1.2
      vertex 58.8385 20.2736 1.2
    endloop
  endfacet
  facet normal 0 0 1
    outer loop
      vertex 57.8484 18.5729 1.2
      vertex 58.6705 20.3837 1.2
      vertex 58.5218 20.5049 1.2
    endloop
  endfacet
  facet normal 0 0 1
    outer loop
      vertex 57.8484 18.5729 1.2
      vertex 58.5218 20.5049 1.2
      vertex 58.3925 20.6373 1.2
    endloop
  endfacet
  facet normal 0 0 1
    outer loop
      vertex 57.8484 18.5729 1.2
      vertex 58.3925 20.6373 1.2
      vertex 58.2825 20.7809 1.2
    endloop
  endfacet
  facet normal 0 0 1
    outer loop
      vertex 55.6728 20.2547 1.2
      vertex 58.2825 20.7809 1.2
      vertex 58.1946 20.9386 1.2
    endloop
  endfacet
  facet normal 0 0 1
    outer loop
      vertex 55.6928 20.7146 1.2
      vertex 58.1946 20.9386 1.2
      vertex 58.1319 21.1132 1.2
    endloop
  endfacet
  facet normal 0 0 1
    outer loop
      vertex 58.6705 20.3837 1.2
      vertex 57.8484 18.5729 1.2
      vertex 58.7111 18.7412 1.2
    endloop
  endfacet
  facet normal 0 0 1
    outer loop
      vertex 55.8528 21.4646 1.2
      vertex 58.1319 21.1132 1.2
      vertex 58.0943 21.3048 1.2
    endloop
  endfacet
  facet normal 0 0 1
    outer loop
      vertex 57.3355 22.2477 1.2
      vertex 58.0943 21.3048 1.2
      vertex 58.0817 21.5133 1.2
    endloop
  endfacet
  facet normal 0 0 1
    outer loop
      vertex 66.2217 22.3542 1.2
      vertex 65.5435 22.3542 1.2
      vertex 66.2217 18.4373 1.2
    endloop
  endfacet
  facet normal 0 0 1
    outer loop
      vertex 68.3808 17.2384 1.2
      vertex 70.6523 16.9888 1.2
      vertex 70.7445 17.2221 1.2
    endloop
  endfacet
  facet normal 0 0 1
    outer loop
      vertex 70.6523 16.9888 1.2
      vertex 68.3808 17.2384 1.2
      vertex 70.3627 16.4026 1.2
    endloop
  endfacet
  facet normal 0 0 1
    outer loop
      vertex 70.3627 16.4026 1.2
      vertex 68.3808 17.2384 1.2
      vertex 70.0257 15.9838 1.2
    endloop
  endfacet
  facet normal 0 0 1
    outer loop
      vertex 70.0257 15.9838 1.2
      vertex 68.3808 17.2384 1.2
      vertex 69.6412 15.7326 1.2
    endloop
  endfacet
  facet normal 0 0 1
    outer loop
      vertex 69.6412 15.7326 1.2
      vertex 68.3808 17.2384 1.2
      vertex 69.2092 15.6488 1.2
    endloop
  endfacet
  facet normal 0 0 1
    outer loop
      vertex 69.2092 15.6488 1.2
      vertex 68.3808 17.2384 1.2
      vertex 69.0871 15.6509 1.2
    endloop
  endfacet
  facet normal 0 0 1
    outer loop
      vertex 69.0871 15.6509 1.2
      vertex 68.3808 17.2384 1.2
      vertex 68.9705 15.657 1.2
    endloop
  endfacet
  facet normal 0 0 1
    outer loop
      vertex 68.9705 15.657 1.2
      vertex 68.3808 17.2384 1.2
      vertex 68.8593 15.6672 1.2
    endloop
  endfacet
  facet normal -0 0 1
    outer loop
      vertex 68.3808 17.2384 1.2
      vertex 70.7445 17.2221 1.2
      vertex 68.3808 17.96 1.2
    endloop
  endfacet
  facet normal -0 0 1
    outer loop
      vertex 68.3808 17.96 1.2
      vertex 70.7445 17.2221 1.2
      vertex 68.4171 23.0648 1.2
    endloop
  endfacet
  facet normal 0 0 1
    outer loop
      vertex 100 36.5 1.2
      vertex 73.9236 23.0648 1.2
      vertex 100 1.5 1.2
    endloop
  endfacet
  facet normal -0 0 1
    outer loop
      vertex 67.1982 24.3777 1.2
      vertex 73.9236 23.0648 1.2
      vertex 100 36.5 1.2
    endloop
  endfacet
  facet normal -0 0 1
    outer loop
      vertex 70.6956 19.8207 1.2
      vertex 71.6071 19.327 1.2
      vertex 72.8927 23.0648 1.2
    endloop
  endfacet
  facet normal 0 0 1
    outer loop
      vertex 71.6071 19.327 1.2
      vertex 71.2073 18.3268 1.2
      vertex 71.2273 18.2583 1.2
    endloop
  endfacet
  facet normal 0 0 1
    outer loop
      vertex 71.6071 19.327 1.2
      vertex 71.1636 18.4617 1.2
      vertex 71.2073 18.3268 1.2
    endloop
  endfacet
  facet normal 0 0 1
    outer loop
      vertex 71.6071 19.327 1.2
      vertex 71.0961 18.6631 1.2
      vertex 71.1636 18.4617 1.2
    endloop
  endfacet
  facet normal 0 0 1
    outer loop
      vertex 71.6071 19.327 1.2
      vertex 71.0049 18.931 1.2
      vertex 71.0961 18.6631 1.2
    endloop
  endfacet
  facet normal 0 0 1
    outer loop
      vertex 71.6071 19.327 1.2
      vertex 70.9123 19.2011 1.2
      vertex 71.0049 18.931 1.2
    endloop
  endfacet
  facet normal 0 0 1
    outer loop
      vertex 71.6071 19.327 1.2
      vertex 70.8408 19.4091 1.2
      vertex 70.9123 19.2011 1.2
    endloop
  endfacet
  facet normal 0 0 1
    outer loop
      vertex 71.6071 19.327 1.2
      vertex 70.7903 19.555 1.2
      vertex 70.8408 19.4091 1.2
    endloop
  endfacet
  facet normal 0 0 1
    outer loop
      vertex 71.6071 19.327 1.2
      vertex 70.7608 19.6389 1.2
      vertex 70.7903 19.555 1.2
    endloop
  endfacet
  facet normal 0 0 1
    outer loop
      vertex 71.6071 19.327 1.2
      vertex 70.7255 19.7373 1.2
      vertex 70.7608 19.6389 1.2
    endloop
  endfacet
  facet normal 0 0 1
    outer loop
      vertex 71.6071 19.327 1.2
      vertex 70.6956 19.8207 1.2
      vertex 70.7255 19.7373 1.2
    endloop
  endfacet
  facet normal 0 0 1
    outer loop
      vertex 72.8927 23.0648 1.2
      vertex 69.4588 23.0648 1.2
      vertex 70.6956 19.8207 1.2
    endloop
  endfacet
  facet normal 0 0 1
    outer loop
      vertex 73.9236 23.0648 1.2
      vertex 67.1982 24.3777 1.2
      vertex 72.8927 23.0648 1.2
    endloop
  endfacet
  facet normal 0 0 1
    outer loop
      vertex 72.8927 23.0648 1.2
      vertex 67.1982 24.3777 1.2
      vertex 69.4588 23.0648 1.2
    endloop
  endfacet
  facet normal 0 0 1
    outer loop
      vertex 68.2832 22.3542 1.2
      vertex 68.4171 23.0648 1.2
      vertex 68.2832 23.0648 1.2
    endloop
  endfacet
  facet normal 0 0 1
    outer loop
      vertex 69.4588 23.0648 1.2
      vertex 67.1982 24.3777 1.2
      vertex 68.4171 23.0648 1.2
    endloop
  endfacet
  facet normal 0 0 1
    outer loop
      vertex 68.4171 23.0648 1.2
      vertex 67.1982 24.3777 1.2
      vertex 68.2832 23.0648 1.2
    endloop
  endfacet
  facet normal -0 0 1
    outer loop
      vertex 64.6844 25.2457 1.2
      vertex 67.1982 24.3777 1.2
      vertex 100 36.5 1.2
    endloop
  endfacet
  facet normal 0 0 1
    outer loop
      vertex 66.5472 24.3777 1.2
      vertex 65.5435 23.0648 1.2
      vertex 66.2596 23.0648 1.2
    endloop
  endfacet
  facet normal 0 0 1
    outer loop
      vertex 66.5472 24.3777 1.2
      vertex 64.6844 24.3126 1.2
      vertex 65.5435 23.0648 1.2
    endloop
  endfacet
  facet normal 0 0 1
    outer loop
      vertex 64.6844 24.3126 1.2
      vertex 66.5472 24.3777 1.2
      vertex 64.6844 25.2457 1.2
    endloop
  endfacet
  facet normal 0 0 1
    outer loop
      vertex 67.1982 24.3777 1.2
      vertex 64.6844 25.2457 1.2
      vertex 66.5472 24.3777 1.2
    endloop
  endfacet
  facet normal 0 0 1
    outer loop
      vertex 100 36.5 1.2
      vertex 63.7078 25.2457 1.2
      vertex 64.6844 25.2457 1.2
    endloop
  endfacet
  facet normal 0 0 1
    outer loop
      vertex 61.5546 22.9648 1.2
      vertex 63.7078 24.3126 1.2
      vertex 63.7078 25.2457 1.2
    endloop
  endfacet
  facet normal 0 0 1
    outer loop
      vertex 63.7078 24.3126 1.2
      vertex 61.8656 22.8153 1.2
      vertex 63.7078 23.0648 1.2
    endloop
  endfacet
  facet normal 0 0 1
    outer loop
      vertex 62.5845 19.4165 1.2
      vertex 63.7078 23.0648 1.2
      vertex 62.5899 21.7195 1.2
    endloop
  endfacet
  facet normal 0 0 1
    outer loop
      vertex 63.7078 17.195 1.2
      vertex 62.6862 18.9807 1.2
      vertex 62.693 18.8171 1.2
    endloop
  endfacet
  facet normal 0 0 1
    outer loop
      vertex 63.7078 17.195 1.2
      vertex 62.6659 19.1351 1.2
      vertex 62.6862 18.9807 1.2
    endloop
  endfacet
  facet normal 0 -0 1
    outer loop
      vertex 62.6659 19.1351 1.2
      vertex 63.7078 23.0648 1.2
      vertex 62.6319 19.2804 1.2
    endloop
  endfacet
  facet normal 0 0 1
    outer loop
      vertex 63.7078 23.0648 1.2
      vertex 62.6659 19.1351 1.2
      vertex 63.7078 17.195 1.2
    endloop
  endfacet
  facet normal 0 0 1
    outer loop
      vertex 63.7078 23.0648 1.2
      vertex 62.4877 22.0707 1.2
      vertex 62.5899 21.7195 1.2
    endloop
  endfacet
  facet normal 0 0 1
    outer loop
      vertex 63.7078 23.0648 1.2
      vertex 62.3329 22.3705 1.2
      vertex 62.4877 22.0707 1.2
    endloop
  endfacet
  facet normal 0 0 1
    outer loop
      vertex 63.7078 23.0648 1.2
      vertex 62.1256 22.6187 1.2
      vertex 62.3329 22.3705 1.2
    endloop
  endfacet
  facet normal 0 0 1
    outer loop
      vertex 63.7078 23.0648 1.2
      vertex 61.8656 22.8153 1.2
      vertex 62.1256 22.6187 1.2
    endloop
  endfacet
  facet normal 0 0 1
    outer loop
      vertex 63.7078 24.3126 1.2
      vertex 61.5546 22.9648 1.2
      vertex 61.8656 22.8153 1.2
    endloop
  endfacet
  facet normal 0 0 1
    outer loop
      vertex 63.7078 25.2457 1.2
      vertex 61.1936 23.0716 1.2
      vertex 61.5546 22.9648 1.2
    endloop
  endfacet
  facet normal 0 0 1
    outer loop
      vertex 63.7078 25.2457 1.2
      vertex 60.7829 23.1357 1.2
      vertex 61.1936 23.0716 1.2
    endloop
  endfacet
  facet normal 0 0 1
    outer loop
      vertex 63.7078 25.2457 1.2
      vertex 60.3223 23.1571 1.2
      vertex 60.7829 23.1357 1.2
    endloop
  endfacet
  facet normal 0 0 1
    outer loop
      vertex 63.7078 25.2457 1.2
      vertex 59.8071 23.1308 1.2
      vertex 60.3223 23.1571 1.2
    endloop
  endfacet
  facet normal -0 0 1
    outer loop
      vertex 57.3413 23.1428 1.2
      vertex 59.8071 23.1308 1.2
      vertex 63.7078 25.2457 1.2
    endloop
  endfacet
  facet normal 0 0 1
    outer loop
      vertex 59.8071 23.1308 1.2
      vertex 57.3413 23.1428 1.2
      vertex 59.3573 23.052 1.2
    endloop
  endfacet
  facet normal 0 0 1
    outer loop
      vertex 58.1175 21.8909 1.2
      vertex 57.4413 22.224 1.2
      vertex 58.0817 21.5133 1.2
    endloop
  endfacet
  facet normal 0 0 1
    outer loop
      vertex 58.2248 22.2206 1.2
      vertex 57.4413 22.224 1.2
      vertex 58.1175 21.8909 1.2
    endloop
  endfacet
  facet normal -0 0 1
    outer loop
      vertex 57.4413 22.224 1.2
      vertex 58.2248 22.2206 1.2
      vertex 57.4413 23.1191 1.2
    endloop
  endfacet
  facet normal 0 0 1
    outer loop
      vertex 58.4037 22.5025 1.2
      vertex 57.4413 23.1191 1.2
      vertex 58.2248 22.2206 1.2
    endloop
  endfacet
  facet normal 0 0 1
    outer loop
      vertex 58.6541 22.7366 1.2
      vertex 57.4413 23.1191 1.2
      vertex 58.4037 22.5025 1.2
    endloop
  endfacet
  facet normal 0 0 1
    outer loop
      vertex 58.973 22.9205 1.2
      vertex 57.4413 23.1191 1.2
      vertex 58.6541 22.7366 1.2
    endloop
  endfacet
  facet normal 0 0 1
    outer loop
      vertex 59.3573 23.052 1.2
      vertex 57.4413 23.1191 1.2
      vertex 58.973 22.9205 1.2
    endloop
  endfacet
  facet normal 0 0 1
    outer loop
      vertex 59.3573 23.052 1.2
      vertex 57.3413 23.1428 1.2
      vertex 57.4413 23.1191 1.2
    endloop
  endfacet
  facet normal 0 0 1
    outer loop
      vertex 63.7078 25.2457 1.2
      vertex 57.2419 23.1598 1.2
      vertex 57.3413 23.1428 1.2
    endloop
  endfacet
  facet normal 0 0 1
    outer loop
      vertex 63.7078 25.2457 1.2
      vertex 57.1432 23.1699 1.2
      vertex 57.2419 23.1598 1.2
    endloop
  endfacet
  facet normal 0 0 1
    outer loop
      vertex 63.7078 25.2457 1.2
      vertex 57.0453 23.1733 1.2
      vertex 57.1432 23.1699 1.2
    endloop
  endfacet
  facet normal 0 0 1
    outer loop
      vertex 63.7078 25.2457 1.2
      vertex 56.7842 23.156 1.2
      vertex 57.0453 23.1733 1.2
    endloop
  endfacet
  facet normal 0 0 1
    outer loop
      vertex 41.775 25.2457 1.2
      vertex 63.7078 25.2457 1.2
      vertex 100 36.5 1.2
    endloop
  endfacet
  facet normal 0 -0 1
    outer loop
      vertex 50.989 23.1733 1.2
      vertex 63.7078 25.2457 1.2
      vertex 41.775 25.2457 1.2
    endloop
  endfacet
  facet normal -0 0 1
    outer loop
      vertex 55.6266 22.0162 1.2
      vertex 55.651 21.866 1.2
      vertex 55.772 22.2132 1.2
    endloop
  endfacet
  facet normal 0 0 1
    outer loop
      vertex 55.651 21.866 1.2
      vertex 55.6266 22.0162 1.2
      vertex 55.6293 21.866 1.2
    endloop
  endfacet
  facet normal -0 0 1
    outer loop
      vertex 55.6185 22.266 1.2
      vertex 55.772 22.2132 1.2
      vertex 55.9019 22.5007 1.2
    endloop
  endfacet
  facet normal 0 0 1
    outer loop
      vertex 55.772 22.2132 1.2
      vertex 55.6185 22.266 1.2
      vertex 55.6266 22.0162 1.2
    endloop
  endfacet
  facet normal -0 0 1
    outer loop
      vertex 55.6049 22.6156 1.2
      vertex 55.9019 22.5007 1.2
      vertex 56.0406 22.7285 1.2
    endloop
  endfacet
  facet normal 0 0 1
    outer loop
      vertex 55.586 23.0648 1.2
      vertex 56.0406 22.7285 1.2
      vertex 56.188 22.8967 1.2
    endloop
  endfacet
  facet normal 0 0 1
    outer loop
      vertex 55.9019 22.5007 1.2
      vertex 55.6049 22.6156 1.2
      vertex 55.6185 22.266 1.2
    endloop
  endfacet
  facet normal 0 0 1
    outer loop
      vertex 55.586 23.0648 1.2
      vertex 56.188 22.8967 1.2
      vertex 56.3556 23.0177 1.2
    endloop
  endfacet
  facet normal 0 0 1
    outer loop
      vertex 56.0406 22.7285 1.2
      vertex 55.586 23.0648 1.2
      vertex 55.6049 22.6156 1.2
    endloop
  endfacet
  facet normal 0 0 1
    outer loop
      vertex 56.5543 23.1042 1.2
      vertex 55.586 23.0648 1.2
      vertex 56.3556 23.0177 1.2
    endloop
  endfacet
  facet normal 0 0 1
    outer loop
      vertex 63.7078 25.2457 1.2
      vertex 54.6637 23.0648 1.2
      vertex 56.7842 23.156 1.2
    endloop
  endfacet
  facet normal 0 -0 1
    outer loop
      vertex 55.586 23.0648 1.2
      vertex 56.7842 23.156 1.2
      vertex 54.6637 23.0648 1.2
    endloop
  endfacet
  facet normal 0 0 1
    outer loop
      vertex 54.6962 21.6977 1.2
      vertex 53.415 21.4187 1.2
      vertex 53.5767 20.054 1.2
    endloop
  endfacet
  facet normal 0 0 1
    outer loop
      vertex 54.6779 22.6987 1.2
      vertex 52.9298 22.3935 1.2
      vertex 53.415 21.4187 1.2
    endloop
  endfacet
  facet normal 0 0 1
    outer loop
      vertex 54.6637 23.0648 1.2
      vertex 52.1211 22.9783 1.2
      vertex 52.9298 22.3935 1.2
    endloop
  endfacet
  facet normal 0 0 1
    outer loop
      vertex 56.7842 23.156 1.2
      vertex 55.586 23.0648 1.2
      vertex 56.5543 23.1042 1.2
    endloop
  endfacet
  facet normal 0 0 1
    outer loop
      vertex 54.6637 23.0648 1.2
      vertex 50.989 23.1733 1.2
      vertex 52.1211 22.9783 1.2
    endloop
  endfacet
  facet normal 0 0 1
    outer loop
      vertex 63.7078 25.2457 1.2
      vertex 50.989 23.1733 1.2
      vertex 54.6637 23.0648 1.2
    endloop
  endfacet
  facet normal 0 0 1
    outer loop
      vertex 45.7914 17.195 1.2
      vertex 48.4059 20.8524 1.2
      vertex 47.9831 23.0648 1.2
    endloop
  endfacet
  facet normal 0 0 1
    outer loop
      vertex 48.5335 21.4523 1.2
      vertex 47.9831 23.0648 1.2
      vertex 48.4059 20.8524 1.2
    endloop
  endfacet
  facet normal 0 0 1
    outer loop
      vertex 48.7462 21.9673 1.2
      vertex 47.9831 23.0648 1.2
      vertex 48.5335 21.4523 1.2
    endloop
  endfacet
  facet normal 0 0 1
    outer loop
      vertex 49.0441 22.3976 1.2
      vertex 47.9831 23.0648 1.2
      vertex 48.7462 21.9673 1.2
    endloop
  endfacet
  facet normal 0 0 1
    outer loop
      vertex 49.421 22.737 1.2
      vertex 47.9831 23.0648 1.2
      vertex 49.0441 22.3976 1.2
    endloop
  endfacet
  facet normal 0 0 1
    outer loop
      vertex 49.8708 22.9794 1.2
      vertex 47.9831 23.0648 1.2
      vertex 49.421 22.737 1.2
    endloop
  endfacet
  facet normal 0 0 1
    outer loop
      vertex 50.3934 23.1248 1.2
      vertex 47.9831 23.0648 1.2
      vertex 49.8708 22.9794 1.2
    endloop
  endfacet
  facet normal 0 0 1
    outer loop
      vertex 50.989 23.1733 1.2
      vertex 41.775 25.2457 1.2
      vertex 50.3934 23.1248 1.2
    endloop
  endfacet
  facet normal 0 0 1
    outer loop
      vertex 50.3934 23.1248 1.2
      vertex 41.775 25.2457 1.2
      vertex 47.9831 23.0648 1.2
    endloop
  endfacet
  facet normal 0 0 1
    outer loop
      vertex 45.4009 18.5947 1.2
      vertex 45.0736 18.4411 1.2
      vertex 45.211 17.96 1.2
    endloop
  endfacet
  facet normal -0 0 1
    outer loop
      vertex 44.9655 18.8158 1.2
      vertex 45.4009 18.5947 1.2
      vertex 45.6124 19.2348 1.2
    endloop
  endfacet
  facet normal -0 0 1
    outer loop
      vertex 44.8366 19.2457 1.2
      vertex 45.6124 19.2348 1.2
      vertex 46.9469 23.0648 1.2
    endloop
  endfacet
  facet normal 0 0 1
    outer loop
      vertex 45.4009 18.5947 1.2
      vertex 44.9655 18.8158 1.2
      vertex 45.0736 18.4411 1.2
    endloop
  endfacet
  facet normal 0 0 1
    outer loop
      vertex 45.6124 19.2348 1.2
      vertex 44.8865 19.0839 1.2
      vertex 44.9655 18.8158 1.2
    endloop
  endfacet
  facet normal 0 0 1
    outer loop
      vertex 45.6124 19.2348 1.2
      vertex 44.8366 19.2457 1.2
      vertex 44.8865 19.0839 1.2
    endloop
  endfacet
  facet normal 0 0 1
    outer loop
      vertex 46.9469 23.0648 1.2
      vertex 43.5455 23.0648 1.2
      vertex 44.8366 19.2457 1.2
    endloop
  endfacet
  facet normal 0 0 1
    outer loop
      vertex 47.9831 23.0648 1.2
      vertex 41.775 25.2457 1.2
      vertex 46.9469 23.0648 1.2
    endloop
  endfacet
  facet normal 0 0 1
    outer loop
      vertex 46.9469 23.0648 1.2
      vertex 41.775 25.2457 1.2
      vertex 43.5455 23.0648 1.2
    endloop
  endfacet
  facet normal -0 0 1
    outer loop
      vertex 41.775 24.3126 1.2
      vertex 43.5455 23.0648 1.2
      vertex 41.775 25.2457 1.2
    endloop
  endfacet
  facet normal -0 0 1
    outer loop
      vertex 0 36.5 1.2
      vertex 41.775 25.2457 1.2
      vertex 100 36.5 1.2
    endloop
  endfacet
  facet normal 0 0 1
    outer loop
      vertex 38.4535 23.0533 1.2
      vertex 40.7984 24.3126 1.2
      vertex 40.7984 25.2457 1.2
    endloop
  endfacet
  facet normal 0 -0 1
    outer loop
      vertex 39.0305 22.6932 1.2
      vertex 40.7984 24.3126 1.2
      vertex 38.7744 22.9033 1.2
    endloop
  endfacet
  facet normal 0 0 1
    outer loop
      vertex 40.7984 23.0648 1.2
      vertex 39.4781 21.1064 1.2
      vertex 40.7984 17.195 1.2
    endloop
  endfacet
  facet normal 0 0 1
    outer loop
      vertex 40.7984 23.0648 1.2
      vertex 39.4501 21.6206 1.2
      vertex 39.4781 21.1064 1.2
    endloop
  endfacet
  facet normal 0 0 1
    outer loop
      vertex 40.7984 23.0648 1.2
      vertex 39.3662 22.0565 1.2
      vertex 39.4501 21.6206 1.2
    endloop
  endfacet
  facet normal 0 0 1
    outer loop
      vertex 40.7984 23.0648 1.2
      vertex 39.2263 22.414 1.2
      vertex 39.3662 22.0565 1.2
    endloop
  endfacet
  facet normal 0 0 1
    outer loop
      vertex 40.7984 23.0648 1.2
      vertex 39.0305 22.6932 1.2
      vertex 39.2263 22.414 1.2
    endloop
  endfacet
  facet normal 0 0 1
    outer loop
      vertex 40.7984 24.3126 1.2
      vertex 39.0305 22.6932 1.2
      vertex 40.7984 23.0648 1.2
    endloop
  endfacet
  facet normal 0 0 1
    outer loop
      vertex 40.7984 24.3126 1.2
      vertex 38.4535 23.0533 1.2
      vertex 38.7744 22.9033 1.2
    endloop
  endfacet
  facet normal 0 0 1
    outer loop
      vertex 40.7984 25.2457 1.2
      vertex 38.0678 23.1433 1.2
      vertex 38.4535 23.0533 1.2
    endloop
  endfacet
  facet normal 0 0 1
    outer loop
      vertex 40.7984 25.2457 1.2
      vertex 37.6174 23.1733 1.2
      vertex 38.0678 23.1433 1.2
    endloop
  endfacet
  facet normal 0 0 1
    outer loop
      vertex 40.7984 25.2457 1.2
      vertex 37.3026 23.1575 1.2
      vertex 37.6174 23.1733 1.2
    endloop
  endfacet
  facet normal -0 0 1
    outer loop
      vertex 33.351 24.8388 1.2
      vertex 37.3026 23.1575 1.2
      vertex 40.7984 25.2457 1.2
    endloop
  endfacet
  facet normal 0 0 1
    outer loop
      vertex 37.3026 23.1575 1.2
      vertex 33.351 24.8388 1.2
      vertex 37.0145 23.1102 1.2
    endloop
  endfacet
  facet normal 0 -0 1
    outer loop
      vertex 35.6807 23.0648 1.2
      vertex 37.0145 23.1102 1.2
      vertex 33.351 24.8388 1.2
    endloop
  endfacet
  facet normal -0 0 1
    outer loop
      vertex 35.7188 22.2584 1.2
      vertex 35.7404 22.0612 1.2
      vertex 35.9151 22.3428 1.2
    endloop
  endfacet
  facet normal 0 0 1
    outer loop
      vertex 35.7404 22.0612 1.2
      vertex 35.7188 22.2584 1.2
      vertex 35.724 22.0612 1.2
    endloop
  endfacet
  facet normal -0 0 1
    outer loop
      vertex 35.7093 22.5499 1.2
      vertex 35.9151 22.3428 1.2
      vertex 36.1031 22.58 1.2
    endloop
  endfacet
  facet normal 0 0 1
    outer loop
      vertex 35.6944 22.8565 1.2
      vertex 36.1031 22.58 1.2
      vertex 36.3043 22.7727 1.2
    endloop
  endfacet
  facet normal 0 0 1
    outer loop
      vertex 35.9151 22.3428 1.2
      vertex 35.7139 22.4213 1.2
      vertex 35.7188 22.2584 1.2
    endloop
  endfacet
  facet normal 0 0 1
    outer loop
      vertex 35.6807 23.0648 1.2
      vertex 36.3043 22.7727 1.2
      vertex 36.5188 22.9211 1.2
    endloop
  endfacet
  facet normal 0 0 1
    outer loop
      vertex 35.9151 22.3428 1.2
      vertex 35.7093 22.5499 1.2
      vertex 35.7139 22.4213 1.2
    endloop
  endfacet
  facet normal 0 0 1
    outer loop
      vertex 37.0145 23.1102 1.2
      vertex 35.6807 23.0648 1.2
      vertex 36.7532 23.0314 1.2
    endloop
  endfacet
  facet normal 0 0 1
    outer loop
      vertex 36.1031 22.58 1.2
      vertex 35.7051 22.6443 1.2
      vertex 35.7093 22.5499 1.2
    endloop
  endfacet
  facet normal 0 0 1
    outer loop
      vertex 36.1031 22.58 1.2
      vertex 35.7012 22.7195 1.2
      vertex 35.7051 22.6443 1.2
    endloop
  endfacet
  facet normal 0 0 1
    outer loop
      vertex 36.1031 22.58 1.2
      vertex 35.6976 22.7902 1.2
      vertex 35.7012 22.7195 1.2
    endloop
  endfacet
  facet normal 0 0 1
    outer loop
      vertex 36.1031 22.58 1.2
      vertex 35.6944 22.8565 1.2
      vertex 35.6976 22.7902 1.2
    endloop
  endfacet
  facet normal 0 0 1
    outer loop
      vertex 36.3043 22.7727 1.2
      vertex 35.6915 22.9184 1.2
      vertex 35.6944 22.8565 1.2
    endloop
  endfacet
  facet normal 0 0 1
    outer loop
      vertex 36.3043 22.7727 1.2
      vertex 35.6888 22.9723 1.2
      vertex 35.6915 22.9184 1.2
    endloop
  endfacet
  facet normal 0 0 1
    outer loop
      vertex 36.3043 22.7727 1.2
      vertex 35.6861 23.0146 1.2
      vertex 35.6888 22.9723 1.2
    endloop
  endfacet
  facet normal 0 0 1
    outer loop
      vertex 36.3043 22.7727 1.2
      vertex 35.6834 23.0455 1.2
      vertex 35.6861 23.0146 1.2
    endloop
  endfacet
  facet normal 0 0 1
    outer loop
      vertex 36.3043 22.7727 1.2
      vertex 35.6807 23.0648 1.2
      vertex 35.6834 23.0455 1.2
    endloop
  endfacet
  facet normal 0 0 1
    outer loop
      vertex 36.7532 23.0314 1.2
      vertex 35.6807 23.0648 1.2
      vertex 36.5188 22.9211 1.2
    endloop
  endfacet
  facet normal 0 0 1
    outer loop
      vertex 35.6807 23.0648 1.2
      vertex 33.351 24.8388 1.2
      vertex 34.7584 23.0648 1.2
    endloop
  endfacet
  facet normal 0 0 1
    outer loop
      vertex 41.775 25.2457 1.2
      vertex 0 36.5 1.2
      vertex 40.7984 25.2457 1.2
    endloop
  endfacet
  facet normal 0 0 1
    outer loop
      vertex 40.7984 25.2457 1.2
      vertex 0 36.5 1.2
      vertex 33.351 24.8388 1.2
    endloop
  endfacet
  facet normal -0 0 1
    outer loop
      vertex 28.0779 24.8388 1.2
      vertex 32.3203 20.13 1.2
      vertex 32.3203 24.8388 1.2
    endloop
  endfacet
  facet normal 0 0 1
    outer loop
      vertex 28.0779 20.0594 1.2
      vertex 32.3203 20.13 1.2
      vertex 28.0779 24.8388 1.2
    endloop
  endfacet
  facet normal 0 0 1
    outer loop
      vertex 32.3203 20.13 1.2
      vertex 30.1448 17.9274 1.2
      vertex 32.2845 19.6225 1.2
    endloop
  endfacet
  facet normal 0 -0 1
    outer loop
      vertex 30.6316 17.9625 1.2
      vertex 32.2845 19.6225 1.2
      vertex 30.1448 17.9274 1.2
    endloop
  endfacet
  facet normal 0 -0 1
    outer loop
      vertex 31.061 18.0678 1.2
      vertex 32.1772 19.1799 1.2
      vertex 30.6316 17.9625 1.2
    endloop
  endfacet
  facet normal 0 0 1
    outer loop
      vertex 32.1772 19.1799 1.2
      vertex 31.061 18.0678 1.2
      vertex 31.9983 18.802 1.2
    endloop
  endfacet
  facet normal 0 0 1
    outer loop
      vertex 31.9983 18.802 1.2
      vertex 31.061 18.0678 1.2
      vertex 31.7479 18.4888 1.2
    endloop
  endfacet
  facet normal 0 0 1
    outer loop
      vertex 31.7479 18.4888 1.2
      vertex 31.061 18.0678 1.2
      vertex 31.4331 18.2432 1.2
    endloop
  endfacet
  facet normal 0 0 1
    outer loop
      vertex 32.2845 19.6225 1.2
      vertex 30.6316 17.9625 1.2
      vertex 32.1772 19.1799 1.2
    endloop
  endfacet
  facet normal 0 0 1
    outer loop
      vertex 30.1448 17.9274 1.2
      vertex 28.1112 19.5674 1.2
      vertex 29.6725 17.9613 1.2
    endloop
  endfacet
  facet normal -0 -0 1
    outer loop
      vertex 28.2108 19.1385 1.2
      vertex 29.6725 17.9613 1.2
      vertex 28.1112 19.5674 1.2
    endloop
  endfacet
  facet normal 0 0 1
    outer loop
      vertex 29.6725 17.9613 1.2
      vertex 28.2108 19.1385 1.2
      vertex 29.2592 18.063 1.2
    endloop
  endfacet
  facet normal 0 0 1
    outer loop
      vertex 29.2592 18.063 1.2
      vertex 28.2108 19.1385 1.2
      vertex 28.9049 18.2326 1.2
    endloop
  endfacet
  facet normal -0 -0 1
    outer loop
      vertex 28.377 18.7727 1.2
      vertex 28.9049 18.2326 1.2
      vertex 28.2108 19.1385 1.2
    endloop
  endfacet
  facet normal 0 0 1
    outer loop
      vertex 28.9049 18.2326 1.2
      vertex 28.377 18.7727 1.2
      vertex 28.6095 18.4699 1.2
    endloop
  endfacet
  facet normal -0 0 1
    outer loop
      vertex 28.0779 20.0594 1.2
      vertex 30.1448 17.9274 1.2
      vertex 32.3203 20.13 1.2
    endloop
  endfacet
  facet normal 0 0 1
    outer loop
      vertex 33.351 24.8388 1.2
      vertex 0 36.5 1.2
      vertex 32.3203 24.8388 1.2
    endloop
  endfacet
  facet normal 0 0 1
    outer loop
      vertex 32.3203 24.8388 1.2
      vertex 0 36.5 1.2
      vertex 28.0779 24.8388 1.2
    endloop
  endfacet
  facet normal 0 0 1
    outer loop
      vertex 27.0417 24.8388 1.2
      vertex 0 36.5 1.2
      vertex 27.0417 19.9726 1.2
    endloop
  endfacet
  facet normal 0 0 1
    outer loop
      vertex 28.0779 24.8388 1.2
      vertex 0 36.5 1.2
      vertex 27.0417 24.8388 1.2
    endloop
  endfacet
  facet normal -0 0 1
    outer loop
      vertex 71.6667 17.195 1.2
      vertex 100 1.5 1.2
      vertex 73.9236 23.0648 1.2
    endloop
  endfacet
  facet normal -0 0 1
    outer loop
      vertex 71.4881 16.7557 1.2
      vertex 100 1.5 1.2
      vertex 71.6667 17.195 1.2
    endloop
  endfacet
  facet normal -0 0 1
    outer loop
      vertex 71.3154 16.3765 1.2
      vertex 100 1.5 1.2
      vertex 71.4881 16.7557 1.2
    endloop
  endfacet
  facet normal -0 0 1
    outer loop
      vertex 71.149 16.0573 1.2
      vertex 100 1.5 1.2
      vertex 71.3154 16.3765 1.2
    endloop
  endfacet
  facet normal -0 0 1
    outer loop
      vertex 70.9886 15.798 1.2
      vertex 100 1.5 1.2
      vertex 71.149 16.0573 1.2
    endloop
  endfacet
  facet normal -0 0 1
    outer loop
      vertex 70.827 15.5834 1.2
      vertex 100 1.5 1.2
      vertex 70.9886 15.798 1.2
    endloop
  endfacet
  facet normal -0 0 1
    outer loop
      vertex 70.657 15.398 1.2
      vertex 100 1.5 1.2
      vertex 70.827 15.5834 1.2
    endloop
  endfacet
  facet normal -0 0 1
    outer loop
      vertex 70.4785 15.2417 1.2
      vertex 100 1.5 1.2
      vertex 70.657 15.398 1.2
    endloop
  endfacet
  facet normal -0 0 1
    outer loop
      vertex 70.2915 15.1145 1.2
      vertex 100 1.5 1.2
      vertex 70.4785 15.2417 1.2
    endloop
  endfacet
  facet normal -0 0 1
    outer loop
      vertex 70.094 15.016 1.2
      vertex 100 1.5 1.2
      vertex 70.2915 15.1145 1.2
    endloop
  endfacet
  facet normal -0 0 1
    outer loop
      vertex 69.884 14.9457 1.2
      vertex 100 1.5 1.2
      vertex 70.094 15.016 1.2
    endloop
  endfacet
  facet normal -0 0 1
    outer loop
      vertex 69.6613 14.9035 1.2
      vertex 100 1.5 1.2
      vertex 69.884 14.9457 1.2
    endloop
  endfacet
  facet normal -0 0 1
    outer loop
      vertex 69.4262 14.8894 1.2
      vertex 100 1.5 1.2
      vertex 69.6613 14.9035 1.2
    endloop
  endfacet
  facet normal 0 0 1
    outer loop
      vertex 69.2336 14.8931 1.2
      vertex 100 1.5 1.2
      vertex 69.4262 14.8894 1.2
    endloop
  endfacet
  facet normal 0 0 1
    outer loop
      vertex 69.0573 14.9043 1.2
      vertex 100 1.5 1.2
      vertex 69.2336 14.8931 1.2
    endloop
  endfacet
  facet normal 0 0 1
    outer loop
      vertex 68.8972 14.923 1.2
      vertex 100 1.5 1.2
      vertex 69.0573 14.9043 1.2
    endloop
  endfacet
  facet normal 0 0 1
    outer loop
      vertex 68.7535 14.9491 1.2
      vertex 100 1.5 1.2
      vertex 68.8972 14.923 1.2
    endloop
  endfacet
  facet normal 0 0 1
    outer loop
      vertex 68.8593 15.6672 1.2
      vertex 68.3808 17.2384 1.2
      vertex 68.7535 15.6814 1.2
    endloop
  endfacet
  facet normal -0 0 1
    outer loop
      vertex 68.138 17.1815 1.2
      vertex 68.7535 15.6814 1.2
      vertex 68.3808 17.2384 1.2
    endloop
  endfacet
  facet normal -0 0 1
    outer loop
      vertex 67.8925 17.1408 1.2
      vertex 68.7535 15.6814 1.2
      vertex 68.138 17.1815 1.2
    endloop
  endfacet
  facet normal -0 0 1
    outer loop
      vertex 67.6443 17.1163 1.2
      vertex 68.7535 15.6814 1.2
      vertex 67.8925 17.1408 1.2
    endloop
  endfacet
  facet normal -0 0 1
    outer loop
      vertex 67.3934 17.1082 1.2
      vertex 68.7535 15.6814 1.2
      vertex 67.6443 17.1163 1.2
    endloop
  endfacet
  facet normal 0 0 1
    outer loop
      vertex 68.7535 15.6814 1.2
      vertex 67.3934 17.1082 1.2
      vertex 68.7535 14.9491 1.2
    endloop
  endfacet
  facet normal 0 0 1
    outer loop
      vertex 66.8808 17.1913 1.2
      vertex 68.7535 14.9491 1.2
      vertex 67.3934 17.1082 1.2
    endloop
  endfacet
  facet normal -0 0 1
    outer loop
      vertex 64.6844 17.195 1.2
      vertex 66.8808 17.1913 1.2
      vertex 66.5146 17.4405 1.2
    endloop
  endfacet
  facet normal 0 0 1
    outer loop
      vertex 64.6844 17.195 1.2
      vertex 66.2217 18.4373 1.2
      vertex 65.5435 22.3542 1.2
    endloop
  endfacet
  facet normal 0 0 1
    outer loop
      vertex 64.6844 23.0648 1.2
      vertex 65.5435 23.0648 1.2
      vertex 64.6844 24.3126 1.2
    endloop
  endfacet
  facet normal 0 0 1
    outer loop
      vertex 65.5435 23.0648 1.2
      vertex 64.6844 23.0648 1.2
      vertex 65.5435 22.3542 1.2
    endloop
  endfacet
  facet normal 0 0 1
    outer loop
      vertex 64.6844 17.195 1.2
      vertex 65.5435 22.3542 1.2
      vertex 64.6844 23.0648 1.2
    endloop
  endfacet
  facet normal 0 0 1
    outer loop
      vertex 66.2217 18.4373 1.2
      vertex 64.6844 17.195 1.2
      vertex 66.2949 17.8558 1.2
    endloop
  endfacet
  facet normal 0 0 1
    outer loop
      vertex 64.6844 17.195 1.2
      vertex 66.5146 17.4405 1.2
      vertex 66.2949 17.8558 1.2
    endloop
  endfacet
  facet normal 0 0 1
    outer loop
      vertex 66.8808 17.1913 1.2
      vertex 64.6844 17.195 1.2
      vertex 68.7535 14.9491 1.2
    endloop
  endfacet
  facet normal -0 0 1
    outer loop
      vertex 63.7078 17.195 1.2
      vertex 68.7535 14.9491 1.2
      vertex 64.6844 17.195 1.2
    endloop
  endfacet
  facet normal -0 0 1
    outer loop
      vertex 62.6538 18.4258 1.2
      vertex 63.7078 17.195 1.2
      vertex 62.693 18.8171 1.2
    endloop
  endfacet
  facet normal -0 0 1
    outer loop
      vertex 62.5363 18.082 1.2
      vertex 63.7078 17.195 1.2
      vertex 62.6538 18.4258 1.2
    endloop
  endfacet
  facet normal -0 0 1
    outer loop
      vertex 62.3405 17.7857 1.2
      vertex 63.7078 17.195 1.2
      vertex 62.5363 18.082 1.2
    endloop
  endfacet
  facet normal -0 0 1
    outer loop
      vertex 62.0664 17.5368 1.2
      vertex 63.7078 17.195 1.2
      vertex 62.3405 17.7857 1.2
    endloop
  endfacet
  facet normal -0 0 1
    outer loop
      vertex 61.7217 17.3398 1.2
      vertex 63.7078 17.195 1.2
      vertex 62.0664 17.5368 1.2
    endloop
  endfacet
  facet normal -0 0 1
    outer loop
      vertex 61.3143 17.1991 1.2
      vertex 63.7078 17.195 1.2
      vertex 61.7217 17.3398 1.2
    endloop
  endfacet
  facet normal 0 0 1
    outer loop
      vertex 60.8442 17.1147 1.2
      vertex 63.7078 17.195 1.2
      vertex 61.3143 17.1991 1.2
    endloop
  endfacet
  facet normal 0 0 1
    outer loop
      vertex 63.7078 17.195 1.2
      vertex 60.8442 17.1147 1.2
      vertex 68.7535 14.9491 1.2
    endloop
  endfacet
  facet normal -0 0 1
    outer loop
      vertex 60.3114 17.0865 1.2
      vertex 68.7535 14.9491 1.2
      vertex 60.8442 17.1147 1.2
    endloop
  endfacet
  facet normal 0 0 1
    outer loop
      vertex 59.7948 17.1091 1.2
      vertex 68.7535 14.9491 1.2
      vertex 60.3114 17.0865 1.2
    endloop
  endfacet
  facet normal 0 0 1
    outer loop
      vertex 55.6728 17.195 1.2
      vertex 68.7535 14.9491 1.2
      vertex 59.7948 17.1091 1.2
    endloop
  endfacet
  facet normal 0 0 1
    outer loop
      vertex 55.6728 17.195 1.2
      vertex 59.7948 17.1091 1.2
      vertex 59.341 17.1767 1.2
    endloop
  endfacet
  facet normal -0 0 1
    outer loop
      vertex 55.6728 17.195 1.2
      vertex 59.341 17.1767 1.2
      vertex 58.9499 17.2894 1.2
    endloop
  endfacet
  facet normal 0 0 1
    outer loop
      vertex 57.3355 22.2477 1.2
      vertex 58.0817 21.5133 1.2
      vertex 57.4413 22.224 1.2
    endloop
  endfacet
  facet normal 0 0 1
    outer loop
      vertex 58.0943 21.3048 1.2
      vertex 57.3355 22.2477 1.2
      vertex 57.2135 22.2646 1.2
    endloop
  endfacet
  facet normal 0 0 1
    outer loop
      vertex 58.0943 21.3048 1.2
      vertex 57.2135 22.2646 1.2
      vertex 57.0751 22.2748 1.2
    endloop
  endfacet
  facet normal 0 0 1
    outer loop
      vertex 56.9205 22.2782 1.2
      vertex 58.0943 21.3048 1.2
      vertex 57.0751 22.2748 1.2
    endloop
  endfacet
  facet normal -0 0 1
    outer loop
      vertex 55.9928 21.7547 1.2
      vertex 58.0943 21.3048 1.2
      vertex 56.9205 22.2782 1.2
    endloop
  endfacet
  facet normal 0 0 1
    outer loop
      vertex 55.9928 21.7547 1.2
      vertex 56.9205 22.2782 1.2
      vertex 56.6347 22.2455 1.2
    endloop
  endfacet
  facet normal 0 0 1
    outer loop
      vertex 58.1946 20.9386 1.2
      vertex 55.6928 20.7146 1.2
      vertex 55.6728 20.2547 1.2
    endloop
  endfacet
  facet normal 0 0 1
    outer loop
      vertex 56.1709 21.9837 1.2
      vertex 56.6347 22.2455 1.2
      vertex 56.3848 22.1473 1.2
    endloop
  endfacet
  facet normal 0 0 1
    outer loop
      vertex 56.6347 22.2455 1.2
      vertex 56.1709 21.9837 1.2
      vertex 55.9928 21.7547 1.2
    endloop
  endfacet
  facet normal 0 0 1
    outer loop
      vertex 58.0943 21.3048 1.2
      vertex 55.9928 21.7547 1.2
      vertex 55.8528 21.4646 1.2
    endloop
  endfacet
  facet normal 0 0 1
    outer loop
      vertex 58.1319 21.1132 1.2
      vertex 55.7528 21.118 1.2
      vertex 55.6928 20.7146 1.2
    endloop
  endfacet
  facet normal 0 0 1
    outer loop
      vertex 58.1319 21.1132 1.2
      vertex 55.8528 21.4646 1.2
      vertex 55.7528 21.118 1.2
    endloop
  endfacet
  facet normal 0 0 1
    outer loop
      vertex 58.2825 20.7809 1.2
      vertex 55.6728 20.2547 1.2
      vertex 57.8484 18.5729 1.2
    endloop
  endfacet
  facet normal 0 0 1
    outer loop
      vertex 55.6728 17.195 1.2
      vertex 57.8484 18.5729 1.2
      vertex 55.6728 20.2547 1.2
    endloop
  endfacet
  facet normal 0 0 1
    outer loop
      vertex 57.8484 18.5729 1.2
      vertex 55.6728 17.195 1.2
      vertex 57.9639 18.2157 1.2
    endloop
  endfacet
  facet normal 0 0 1
    outer loop
      vertex 57.9639 18.2157 1.2
      vertex 55.6728 17.195 1.2
      vertex 58.1312 17.9091 1.2
    endloop
  endfacet
  facet normal 0 0 1
    outer loop
      vertex 58.1312 17.9091 1.2
      vertex 55.6728 17.195 1.2
      vertex 58.3504 17.6529 1.2
    endloop
  endfacet
  facet normal 0 0 1
    outer loop
      vertex 55.6728 17.195 1.2
      vertex 58.6215 17.4473 1.2
      vertex 58.3504 17.6529 1.2
    endloop
  endfacet
  facet normal 0 0 1
    outer loop
      vertex 55.6728 17.195 1.2
      vertex 58.9499 17.2894 1.2
      vertex 58.6215 17.4473 1.2
    endloop
  endfacet
  facet normal -0 0 1
    outer loop
      vertex 54.6962 17.195 1.2
      vertex 68.7535 14.9491 1.2
      vertex 55.6728 17.195 1.2
    endloop
  endfacet
  facet normal -0 0 1
    outer loop
      vertex 51.027 17.0865 1.2
      vertex 68.7535 14.9491 1.2
      vertex 54.6962 17.195 1.2
    endloop
  endfacet
  facet normal 0 0 1
    outer loop
      vertex 53.415 21.4187 1.2
      vertex 54.6942 22.0151 1.2
      vertex 54.6881 22.3487 1.2
    endloop
  endfacet
  facet normal 0 0 1
    outer loop
      vertex 53.415 21.4187 1.2
      vertex 54.6881 22.3487 1.2
      vertex 54.6779 22.6987 1.2
    endloop
  endfacet
  facet normal 0 0 1
    outer loop
      vertex 52.9298 22.3935 1.2
      vertex 54.6779 22.6987 1.2
      vertex 54.6637 23.0648 1.2
    endloop
  endfacet
  facet normal 0 0 1
    outer loop
      vertex 54.6962 21.6977 1.2
      vertex 53.5767 20.054 1.2
      vertex 53.5767 19.9238 1.2
    endloop
  endfacet
  facet normal 0 0 1
    outer loop
      vertex 54.6962 21.6977 1.2
      vertex 53.5767 19.9238 1.2
      vertex 54.6962 17.195 1.2
    endloop
  endfacet
  facet normal -0 0 1
    outer loop
      vertex 53.4194 18.4753 1.2
      vertex 54.6962 17.195 1.2
      vertex 53.5767 19.9238 1.2
    endloop
  endfacet
  facet normal -0 0 1
    outer loop
      vertex 53.0725 17.8677 1.2
      vertex 54.6962 17.195 1.2
      vertex 53.4194 18.4753 1.2
    endloop
  endfacet
  facet normal -0 0 1
    outer loop
      vertex 52.5581 17.4337 1.2
      vertex 54.6962 17.195 1.2
      vertex 53.0725 17.8677 1.2
    endloop
  endfacet
  facet normal 0 0 1
    outer loop
      vertex 51.8763 17.1733 1.2
      vertex 54.6962 17.195 1.2
      vertex 52.5581 17.4337 1.2
    endloop
  endfacet
  facet normal 0 0 1
    outer loop
      vertex 51.027 17.0865 1.2
      vertex 54.6962 17.195 1.2
      vertex 51.8763 17.1733 1.2
    endloop
  endfacet
  facet normal 0 0 1
    outer loop
      vertex 0 1.5 1.2
      vertex 68.7535 14.9491 1.2
      vertex 51.027 17.0865 1.2
    endloop
  endfacet
  facet normal 0 0 1
    outer loop
      vertex 45.7914 17.195 1.2
      vertex 51.027 17.0865 1.2
      vertex 50.4148 17.135 1.2
    endloop
  endfacet
  facet normal -0 0 1
    outer loop
      vertex 45.7914 17.195 1.2
      vertex 50.4148 17.135 1.2
      vertex 49.8803 17.2805 1.2
    endloop
  endfacet
  facet normal 0 0 1
    outer loop
      vertex 48.4059 20.8524 1.2
      vertex 45.7914 17.195 1.2
      vertex 48.3633 20.1679 1.2
    endloop
  endfacet
  facet normal 0 0 1
    outer loop
      vertex 48.3633 20.1679 1.2
      vertex 45.7914 17.195 1.2
      vertex 48.4059 19.4501 1.2
    endloop
  endfacet
  facet normal 0 0 1
    outer loop
      vertex 45.7914 17.195 1.2
      vertex 48.5335 18.8266 1.2
      vertex 48.4059 19.4501 1.2
    endloop
  endfacet
  facet normal 0 0 1
    outer loop
      vertex 45.7914 17.195 1.2
      vertex 48.7462 18.2973 1.2
      vertex 48.5335 18.8266 1.2
    endloop
  endfacet
  facet normal 0 0 1
    outer loop
      vertex 45.7914 17.195 1.2
      vertex 49.0441 17.8623 1.2
      vertex 48.7462 18.2973 1.2
    endloop
  endfacet
  facet normal 0 0 1
    outer loop
      vertex 45.7914 17.195 1.2
      vertex 49.4234 17.5229 1.2
      vertex 49.0441 17.8623 1.2
    endloop
  endfacet
  facet normal 0 0 1
    outer loop
      vertex 45.7914 17.195 1.2
      vertex 49.8803 17.2805 1.2
      vertex 49.4234 17.5229 1.2
    endloop
  endfacet
  facet normal 0 0 1
    outer loop
      vertex 51.027 17.0865 1.2
      vertex 45.7914 17.195 1.2
      vertex 0 1.5 1.2
    endloop
  endfacet
  facet normal 0 0 1
    outer loop
      vertex 0 1.5 1.2
      vertex 45.7914 17.195 1.2
      vertex 44.6359 17.195 1.2
    endloop
  endfacet
  facet normal 0 0 1
    outer loop
      vertex 43.5455 23.0648 1.2
      vertex 41.775 24.3126 1.2
      vertex 42.5039 23.0648 1.2
    endloop
  endfacet
  facet normal 0 0 1
    outer loop
      vertex 41.775 23.0648 1.2
      vertex 42.5039 23.0648 1.2
      vertex 41.775 24.3126 1.2
    endloop
  endfacet
  facet normal 0 0 1
    outer loop
      vertex 41.775 17.195 1.2
      vertex 42.5039 23.0648 1.2
      vertex 41.775 23.0648 1.2
    endloop
  endfacet
  facet normal 0 0 1
    outer loop
      vertex 42.5039 23.0648 1.2
      vertex 41.775 17.195 1.2
      vertex 44.6359 17.195 1.2
    endloop
  endfacet
  facet normal 0 0 1
    outer loop
      vertex 0 1.5 1.2
      vertex 44.6359 17.195 1.2
      vertex 41.775 17.195 1.2
    endloop
  endfacet
  facet normal 0 0 1
    outer loop
      vertex 0 1.5 1.2
      vertex 41.775 17.195 1.2
      vertex 40.7984 17.195 1.2
    endloop
  endfacet
  facet normal 0 0 1
    outer loop
      vertex 39.4781 17.195 1.2
      vertex 40.7984 17.195 1.2
      vertex 39.4781 21.1064 1.2
    endloop
  endfacet
  facet normal 0 0 1
    outer loop
      vertex 0 1.5 1.2
      vertex 40.7984 17.195 1.2
      vertex 39.4781 17.195 1.2
    endloop
  endfacet
  facet normal 0 0 1
    outer loop
      vertex 0 1.5 1.2
      vertex 39.4781 17.195 1.2
      vertex 38.4962 17.195 1.2
    endloop
  endfacet
  facet normal 0 0 1
    outer loop
      vertex 37.2864 22.4192 1.2
      vertex 38.4891 21.1905 1.2
      vertex 38.4677 21.4319 1.2
    endloop
  endfacet
  facet normal 0 0 1
    outer loop
      vertex 37.5133 22.4104 1.2
      vertex 38.4677 21.4319 1.2
      vertex 38.4321 21.6408 1.2
    endloop
  endfacet
  facet normal 0 0 1
    outer loop
      vertex 37.7109 22.384 1.2
      vertex 38.4321 21.6408 1.2
      vertex 38.3823 21.8171 1.2
    endloop
  endfacet
  facet normal 0 0 1
    outer loop
      vertex 37.7109 22.384 1.2
      vertex 38.3823 21.8171 1.2
      vertex 38.3168 21.9659 1.2
    endloop
  endfacet
  facet normal 0 0 1
    outer loop
      vertex 37.8794 22.3399 1.2
      vertex 38.3168 21.9659 1.2
      vertex 38.2344 22.0924 1.2
    endloop
  endfacet
  facet normal 0 0 1
    outer loop
      vertex 37.8794 22.3399 1.2
      vertex 38.2344 22.0924 1.2
      vertex 38.1351 22.1965 1.2
    endloop
  endfacet
  facet normal 0 0 1
    outer loop
      vertex 37.8794 22.3399 1.2
      vertex 38.1351 22.1965 1.2
      vertex 38.0188 22.2782 1.2
    endloop
  endfacet
  facet normal 0 0 1
    outer loop
      vertex 38.3168 21.9659 1.2
      vertex 37.8794 22.3399 1.2
      vertex 37.7109 22.384 1.2
    endloop
  endfacet
  facet normal 0 0 1
    outer loop
      vertex 38.4321 21.6408 1.2
      vertex 37.7109 22.384 1.2
      vertex 37.5133 22.4104 1.2
    endloop
  endfacet
  facet normal 0 0 1
    outer loop
      vertex 38.4677 21.4319 1.2
      vertex 37.5133 22.4104 1.2
      vertex 37.2864 22.4192 1.2
    endloop
  endfacet
  facet normal 0 0 1
    outer loop
      vertex 38.4891 21.1905 1.2
      vertex 37.2864 22.4192 1.2
      vertex 36.9525 22.3891 1.2
    endloop
  endfacet
  facet normal 0 0 1
    outer loop
      vertex 38.4891 21.1905 1.2
      vertex 36.9525 22.3891 1.2
      vertex 36.1743 21.9364 1.2
    endloop
  endfacet
  facet normal 0 0 1
    outer loop
      vertex 36.1743 21.9364 1.2
      vertex 36.9525 22.3891 1.2
      vertex 36.6558 22.2985 1.2
    endloop
  endfacet
  facet normal 0 0 1
    outer loop
      vertex 36.1743 21.9364 1.2
      vertex 36.6558 22.2985 1.2
      vertex 36.3964 22.1477 1.2
    endloop
  endfacet
  facet normal 0 0 1
    outer loop
      vertex 38.4891 21.1905 1.2
      vertex 36.1743 21.9364 1.2
      vertex 35.9963 21.6716 1.2
    endloop
  endfacet
  facet normal 0 0 1
    outer loop
      vertex 38.4891 21.1905 1.2
      vertex 35.9963 21.6716 1.2
      vertex 35.8692 21.36 1.2
    endloop
  endfacet
  facet normal 0 0 1
    outer loop
      vertex 38.4962 20.9165 1.2
      vertex 35.8692 21.36 1.2
      vertex 35.7929 21.0016 1.2
    endloop
  endfacet
  facet normal 0 0 1
    outer loop
      vertex 38.4962 20.9165 1.2
      vertex 35.7929 21.0016 1.2
      vertex 35.7675 20.5964 1.2
    endloop
  endfacet
  facet normal 0 0 1
    outer loop
      vertex 38.4962 20.9165 1.2
      vertex 35.7675 20.5964 1.2
      vertex 38.4962 17.195 1.2
    endloop
  endfacet
  facet normal 0 0 1
    outer loop
      vertex 35.7675 17.195 1.2
      vertex 38.4962 17.195 1.2
      vertex 35.7675 20.5964 1.2
    endloop
  endfacet
  facet normal 0 0 1
    outer loop
      vertex 0 1.5 1.2
      vertex 38.4962 17.195 1.2
      vertex 35.7675 17.195 1.2
    endloop
  endfacet
  facet normal 0 0 1
    outer loop
      vertex 0 1.5 1.2
      vertex 35.7675 17.195 1.2
      vertex 34.7909 17.195 1.2
    endloop
  endfacet
  facet normal 0 0 1
    outer loop
      vertex 33.351 20.0703 1.2
      vertex 34.7889 22.2745 1.2
      vertex 34.7828 22.6376 1.2
    endloop
  endfacet
  facet normal 0 0 1
    outer loop
      vertex 33.351 24.8388 1.2
      vertex 34.7828 22.6376 1.2
      vertex 34.7726 22.9011 1.2
    endloop
  endfacet
  facet normal 0 0 1
    outer loop
      vertex 33.351 24.8388 1.2
      vertex 34.7726 22.9011 1.2
      vertex 34.7584 23.0648 1.2
    endloop
  endfacet
  facet normal 0 0 1
    outer loop
      vertex 34.7828 22.6376 1.2
      vertex 33.351 24.8388 1.2
      vertex 33.351 20.0703 1.2
    endloop
  endfacet
  facet normal 0 0 1
    outer loop
      vertex 33.3264 19.6224 1.2
      vertex 34.7909 21.8116 1.2
      vertex 33.351 20.0703 1.2
    endloop
  endfacet
  facet normal 0 0 1
    outer loop
      vertex 34.7909 21.8116 1.2
      vertex 33.3264 19.6224 1.2
      vertex 34.7909 17.195 1.2
    endloop
  endfacet
  facet normal -0 0 1
    outer loop
      vertex 33.2527 19.2063 1.2
      vertex 34.7909 17.195 1.2
      vertex 33.3264 19.6224 1.2
    endloop
  endfacet
  facet normal -0 0 1
    outer loop
      vertex 33.1298 18.8222 1.2
      vertex 34.7909 17.195 1.2
      vertex 33.2527 19.2063 1.2
    endloop
  endfacet
  facet normal -0 0 1
    outer loop
      vertex 32.9577 18.4699 1.2
      vertex 34.7909 17.195 1.2
      vertex 33.1298 18.8222 1.2
    endloop
  endfacet
  facet normal -0 0 1
    outer loop
      vertex 32.7407 18.1534 1.2
      vertex 34.7909 17.195 1.2
      vertex 32.9577 18.4699 1.2
    endloop
  endfacet
  facet normal -0 0 1
    outer loop
      vertex 32.483 17.8765 1.2
      vertex 34.7909 17.195 1.2
      vertex 32.7407 18.1534 1.2
    endloop
  endfacet
  facet normal -0 0 1
    outer loop
      vertex 32.1846 17.6393 1.2
      vertex 34.7909 17.195 1.2
      vertex 32.483 17.8765 1.2
    endloop
  endfacet
  facet normal -0 0 1
    outer loop
      vertex 31.8455 17.4418 1.2
      vertex 34.7909 17.195 1.2
      vertex 32.1846 17.6393 1.2
    endloop
  endfacet
  facet normal -0 0 1
    outer loop
      vertex 31.47 17.2864 1.2
      vertex 34.7909 17.195 1.2
      vertex 31.8455 17.4418 1.2
    endloop
  endfacet
  facet normal 0 0 1
    outer loop
      vertex 31.0623 17.1754 1.2
      vertex 34.7909 17.195 1.2
      vertex 31.47 17.2864 1.2
    endloop
  endfacet
  facet normal 0 0 1
    outer loop
      vertex 30.6224 17.1087 1.2
      vertex 34.7909 17.195 1.2
      vertex 31.0623 17.1754 1.2
    endloop
  endfacet
  facet normal 0 0 1
    outer loop
      vertex 34.7909 17.195 1.2
      vertex 30.6224 17.1087 1.2
      vertex 0 1.5 1.2
    endloop
  endfacet
  facet normal 0 0 1
    outer loop
      vertex 0 1.5 1.2
      vertex 30.6224 17.1087 1.2
      vertex 30.1503 17.0865 1.2
    endloop
  endfacet
  facet normal 0 0 1
    outer loop
      vertex 0 1.5 1.2
      vertex 30.1503 17.0865 1.2
      vertex 29.6959 17.1079 1.2
    endloop
  endfacet
  facet normal 0 0 1
    outer loop
      vertex 0 1.5 1.2
      vertex 29.6959 17.1079 1.2
      vertex 29.2714 17.172 1.2
    endloop
  endfacet
  facet normal 0 0 1
    outer loop
      vertex 0 1.5 1.2
      vertex 27.0417 19.9726 1.2
      vertex 0 36.5 1.2
    endloop
  endfacet
  facet normal 0 0 1
    outer loop
      vertex 27.0417 19.9726 1.2
      vertex 0 1.5 1.2
      vertex 27.0658 19.5379 1.2
    endloop
  endfacet
  facet normal 0 0 1
    outer loop
      vertex 27.0658 19.5379 1.2
      vertex 0 1.5 1.2
      vertex 27.138 19.1344 1.2
    endloop
  endfacet
  facet normal 0 0 1
    outer loop
      vertex 27.138 19.1344 1.2
      vertex 0 1.5 1.2
      vertex 27.2584 18.7621 1.2
    endloop
  endfacet
  facet normal 0 0 1
    outer loop
      vertex 27.2584 18.7621 1.2
      vertex 0 1.5 1.2
      vertex 27.4269 18.421 1.2
    endloop
  endfacet
  facet normal 0 0 1
    outer loop
      vertex 27.4269 18.421 1.2
      vertex 0 1.5 1.2
      vertex 27.6392 18.1149 1.2
    endloop
  endfacet
  facet normal 0 0 1
    outer loop
      vertex 27.6392 18.1149 1.2
      vertex 0 1.5 1.2
      vertex 27.8907 17.8474 1.2
    endloop
  endfacet
  facet normal 0 0 1
    outer loop
      vertex 68.7535 14.9491 1.2
      vertex 0 1.5 1.2
      vertex 100 1.5 1.2
    endloop
  endfacet
  facet normal 0 0 1
    outer loop
      vertex 28.8767 17.2788 1.2
      vertex 0 1.5 1.2
      vertex 29.2714 17.172 1.2
    endloop
  endfacet
  facet normal 0 0 1
    outer loop
      vertex 28.5119 17.4283 1.2
      vertex 0 1.5 1.2
      vertex 28.8767 17.2788 1.2
    endloop
  endfacet
  facet normal 0 0 1
    outer loop
      vertex 28.1816 17.6185 1.2
      vertex 0 1.5 1.2
      vertex 28.5119 17.4283 1.2
    endloop
  endfacet
  facet normal 0 0 1
    outer loop
      vertex 27.8907 17.8474 1.2
      vertex 0 1.5 1.2
      vertex 28.1816 17.6185 1.2
    endloop
  endfacet
  facet normal 0 0 1
    outer loop
      vertex 68.4171 23.0648 1.2
      vertex 68.2832 22.3542 1.2
      vertex 68.3808 17.96 1.2
    endloop
  endfacet
  facet normal -0 0 1
    outer loop
      vertex 67.1982 18.6489 1.2
      vertex 68.3808 17.96 1.2
      vertex 68.2832 22.3542 1.2
    endloop
  endfacet
  facet normal 0 0 1
    outer loop
      vertex 68.3808 17.96 1.2
      vertex 67.1982 18.6489 1.2
      vertex 68.2072 17.9267 1.2
    endloop
  endfacet
  facet normal 0 0 1
    outer loop
      vertex 68.2072 17.9267 1.2
      vertex 67.1982 18.6489 1.2
      vertex 68.0553 17.903 1.2
    endloop
  endfacet
  facet normal 0 0 1
    outer loop
      vertex 68.0553 17.903 1.2
      vertex 67.1982 18.6489 1.2
      vertex 67.9251 17.8887 1.2
    endloop
  endfacet
  facet normal -0 -0 1
    outer loop
      vertex 67.2068 18.4531 1.2
      vertex 67.9251 17.8887 1.2
      vertex 67.1982 18.6489 1.2
    endloop
  endfacet
  facet normal 0 0 1
    outer loop
      vertex 67.9251 17.8887 1.2
      vertex 67.2068 18.4531 1.2
      vertex 67.8166 17.884 1.2
    endloop
  endfacet
  facet normal -0 -0 1
    outer loop
      vertex 67.2327 18.2888 1.2
      vertex 67.8166 17.884 1.2
      vertex 67.2068 18.4531 1.2
    endloop
  endfacet
  facet normal 0 0 1
    outer loop
      vertex 67.8166 17.884 1.2
      vertex 67.2327 18.2888 1.2
      vertex 67.6584 17.8947 1.2
    endloop
  endfacet
  facet normal 0 0 1
    outer loop
      vertex 67.6584 17.8947 1.2
      vertex 67.2327 18.2888 1.2
      vertex 67.5257 17.9267 1.2
    endloop
  endfacet
  facet normal -0 -0 1
    outer loop
      vertex 67.276 18.1561 1.2
      vertex 67.5257 17.9267 1.2
      vertex 67.2327 18.2888 1.2
    endloop
  endfacet
  facet normal 0 0 1
    outer loop
      vertex 67.5257 17.9267 1.2
      vertex 67.276 18.1561 1.2
      vertex 67.4184 17.9801 1.2
    endloop
  endfacet
  facet normal 0 0 1
    outer loop
      vertex 67.1982 18.6489 1.2
      vertex 68.2832 22.3542 1.2
      vertex 67.1982 22.3542 1.2
    endloop
  endfacet
  facet normal 0 0 1
    outer loop
      vertex 67.4184 17.9801 1.2
      vertex 67.276 18.1561 1.2
      vertex 67.3365 18.0548 1.2
    endloop
  endfacet
  facet normal 0 0 1
    outer loop
      vertex 68.2832 23.0648 1.2
      vertex 67.1982 24.3777 1.2
      vertex 67.1982 23.0648 1.2
    endloop
  endfacet
  facet normal -0 0 1
    outer loop
      vertex 49.5276 21.4136 1.2
      vertex 52.5076 21.1049 1.2
      vertex 52.4089 21.4747 1.2
    endloop
  endfacet
  facet normal 0 0 1
    outer loop
      vertex 51.3175 22.4252 1.2
      vertex 52.4089 21.4747 1.2
      vertex 52.2716 21.7817 1.2
    endloop
  endfacet
  facet normal 0 0 1
    outer loop
      vertex 51.6196 22.3453 1.2
      vertex 52.2716 21.7817 1.2
      vertex 52.0956 22.026 1.2
    endloop
  endfacet
  facet normal 0 0 1
    outer loop
      vertex 51.6196 22.3453 1.2
      vertex 52.0956 22.026 1.2
      vertex 51.879 22.2122 1.2
    endloop
  endfacet
  facet normal 0 0 1
    outer loop
      vertex 52.2716 21.7817 1.2
      vertex 51.6196 22.3453 1.2
      vertex 51.3175 22.4252 1.2
    endloop
  endfacet
  facet normal 0 0 1
    outer loop
      vertex 52.4089 21.4747 1.2
      vertex 51.3175 22.4252 1.2
      vertex 50.9727 22.4518 1.2
    endloop
  endfacet
  facet normal 0 0 1
    outer loop
      vertex 52.4089 21.4747 1.2
      vertex 50.9727 22.4518 1.2
      vertex 49.5276 21.4136 1.2
    endloop
  endfacet
  facet normal 0 0 1
    outer loop
      vertex 49.6634 21.7175 1.2
      vertex 50.9727 22.4518 1.2
      vertex 50.6358 22.4221 1.2
    endloop
  endfacet
  facet normal 0 0 1
    outer loop
      vertex 49.847 21.9771 1.2
      vertex 50.6358 22.4221 1.2
      vertex 50.3359 22.3331 1.2
    endloop
  endfacet
  facet normal 0 0 1
    outer loop
      vertex 49.847 21.9771 1.2
      vertex 50.3359 22.3331 1.2
      vertex 50.073 22.1848 1.2
    endloop
  endfacet
  facet normal 0 0 1
    outer loop
      vertex 50.6358 22.4221 1.2
      vertex 49.847 21.9771 1.2
      vertex 49.6634 21.7175 1.2
    endloop
  endfacet
  facet normal 0 0 1
    outer loop
      vertex 50.9727 22.4518 1.2
      vertex 49.6634 21.7175 1.2
      vertex 49.5276 21.4136 1.2
    endloop
  endfacet
  facet normal 0 0 1
    outer loop
      vertex 52.5076 21.1049 1.2
      vertex 49.5276 21.4136 1.2
      vertex 49.4396 21.0652 1.2
    endloop
  endfacet
  facet normal 0 0 1
    outer loop
      vertex 49.3995 20.6724 1.2
      vertex 52.5076 21.1049 1.2
      vertex 49.4396 21.0652 1.2
    endloop
  endfacet
  facet normal 0 0 1
    outer loop
      vertex 52.5076 21.1049 1.2
      vertex 49.3995 20.6724 1.2
      vertex 52.5676 20.6724 1.2
    endloop
  endfacet
  facet normal -0 0 1
    outer loop
      vertex 40.7984 25.2457 2.15
      vertex 41.775 24.3126 2.15
      vertex 41.775 25.2457 2.15
    endloop
  endfacet
  facet normal 0 0 1
    outer loop
      vertex 41.775 24.3126 2.15
      vertex 40.7984 25.2457 2.15
      vertex 40.7984 24.3126 2.15
    endloop
  endfacet
  facet normal -0 0 1
    outer loop
      vertex 63.7078 25.2457 2.15
      vertex 64.6844 24.3126 2.15
      vertex 64.6844 25.2457 2.15
    endloop
  endfacet
  facet normal 0 0 1
    outer loop
      vertex 64.6844 24.3126 2.15
      vertex 63.7078 25.2457 2.15
      vertex 63.7078 24.3126 2.15
    endloop
  endfacet
  facet normal -0 0 1
    outer loop
      vertex 27.0417 24.8388 2.15
      vertex 28.0779 20.0594 2.15
      vertex 28.0779 24.8388 2.15
    endloop
  endfacet
  facet normal 0 -0 1
    outer loop
      vertex 27.0658 19.5379 2.15
      vertex 28.0779 20.0594 2.15
      vertex 27.0417 19.9726 2.15
    endloop
  endfacet
  facet normal 0 -0 1
    outer loop
      vertex 27.138 19.1344 2.15
      vertex 28.0779 20.0594 2.15
      vertex 27.0658 19.5379 2.15
    endloop
  endfacet
  facet normal 0 -0 1
    outer loop
      vertex 27.2584 18.7621 2.15
      vertex 28.0779 20.0594 2.15
      vertex 27.138 19.1344 2.15
    endloop
  endfacet
  facet normal 0 0 1
    outer loop
      vertex 28.0779 20.0594 2.15
      vertex 27.6392 18.1149 2.15
      vertex 27.8907 17.8474 2.15
    endloop
  endfacet
  facet normal 0 0 1
    outer loop
      vertex 28.0779 20.0594 2.15
      vertex 27.4269 18.421 2.15
      vertex 27.6392 18.1149 2.15
    endloop
  endfacet
  facet normal 0 0 1
    outer loop
      vertex 28.0779 20.0594 2.15
      vertex 27.0417 24.8388 2.15
      vertex 27.0417 19.9726 2.15
    endloop
  endfacet
  facet normal 0 0 1
    outer loop
      vertex 28.0779 20.0594 2.15
      vertex 27.2584 18.7621 2.15
      vertex 27.4269 18.421 2.15
    endloop
  endfacet
  facet normal -0 0 1
    outer loop
      vertex 32.3203 20.13 2.15
      vertex 33.351 20.0703 2.15
      vertex 33.351 24.8388 2.15
    endloop
  endfacet
  facet normal 0 0 1
    outer loop
      vertex 33.351 20.0703 2.15
      vertex 32.3203 20.13 2.15
      vertex 33.3264 19.6224 2.15
    endloop
  endfacet
  facet normal -0 0 1
    outer loop
      vertex 32.2845 19.6225 2.15
      vertex 33.3264 19.6224 2.15
      vertex 32.3203 20.13 2.15
    endloop
  endfacet
  facet normal 0 0 1
    outer loop
      vertex 33.3264 19.6224 2.15
      vertex 32.2845 19.6225 2.15
      vertex 33.2527 19.2063 2.15
    endloop
  endfacet
  facet normal 0 0 1
    outer loop
      vertex 32.1772 19.1799 2.15
      vertex 33.2527 19.2063 2.15
      vertex 32.2845 19.6225 2.15
    endloop
  endfacet
  facet normal 0 0 1
    outer loop
      vertex 33.2527 19.2063 2.15
      vertex 32.1772 19.1799 2.15
      vertex 33.1298 18.8222 2.15
    endloop
  endfacet
  facet normal 0 0 1
    outer loop
      vertex 32.3203 20.13 2.15
      vertex 33.351 24.8388 2.15
      vertex 32.3203 24.8388 2.15
    endloop
  endfacet
  facet normal 0 0 1
    outer loop
      vertex 33.1298 18.8222 2.15
      vertex 32.1772 19.1799 2.15
      vertex 32.9577 18.4699 2.15
    endloop
  endfacet
  facet normal -0 0 1
    outer loop
      vertex 31.9983 18.802 2.15
      vertex 32.9577 18.4699 2.15
      vertex 32.1772 19.1799 2.15
    endloop
  endfacet
  facet normal 0 0 1
    outer loop
      vertex 32.9577 18.4699 2.15
      vertex 31.9983 18.802 2.15
      vertex 32.7407 18.1534 2.15
    endloop
  endfacet
  facet normal 0 0 1
    outer loop
      vertex 32.7407 18.1534 2.15
      vertex 31.9983 18.802 2.15
      vertex 32.483 17.8765 2.15
    endloop
  endfacet
  facet normal -0 0 1
    outer loop
      vertex 31.7479 18.4888 2.15
      vertex 32.483 17.8765 2.15
      vertex 31.9983 18.802 2.15
    endloop
  endfacet
  facet normal 0 0 1
    outer loop
      vertex 32.483 17.8765 2.15
      vertex 31.7479 18.4888 2.15
      vertex 32.1846 17.6393 2.15
    endloop
  endfacet
  facet normal -0 0 1
    outer loop
      vertex 31.4331 18.2432 2.15
      vertex 32.1846 17.6393 2.15
      vertex 31.7479 18.4888 2.15
    endloop
  endfacet
  facet normal 0 0 1
    outer loop
      vertex 32.1846 17.6393 2.15
      vertex 31.4331 18.2432 2.15
      vertex 31.8455 17.4418 2.15
    endloop
  endfacet
  facet normal 0 0 1
    outer loop
      vertex 31.8455 17.4418 2.15
      vertex 31.4331 18.2432 2.15
      vertex 31.47 17.2864 2.15
    endloop
  endfacet
  facet normal -0 0 1
    outer loop
      vertex 31.061 18.0678 2.15
      vertex 31.47 17.2864 2.15
      vertex 31.4331 18.2432 2.15
    endloop
  endfacet
  facet normal 0 0 1
    outer loop
      vertex 31.47 17.2864 2.15
      vertex 31.061 18.0678 2.15
      vertex 31.0623 17.1754 2.15
    endloop
  endfacet
  facet normal -0 0 1
    outer loop
      vertex 30.6316 17.9625 2.15
      vertex 31.0623 17.1754 2.15
      vertex 31.061 18.0678 2.15
    endloop
  endfacet
  facet normal 0 0 1
    outer loop
      vertex 30.6316 17.9625 2.15
      vertex 30.6224 17.1087 2.15
      vertex 31.0623 17.1754 2.15
    endloop
  endfacet
  facet normal -0 0 1
    outer loop
      vertex 30.1448 17.9274 2.15
      vertex 30.6224 17.1087 2.15
      vertex 30.6316 17.9625 2.15
    endloop
  endfacet
  facet normal 0 0 1
    outer loop
      vertex 30.6224 17.1087 2.15
      vertex 30.1448 17.9274 2.15
      vertex 30.1503 17.0865 2.15
    endloop
  endfacet
  facet normal 0 0 1
    outer loop
      vertex 30.1448 17.9274 2.15
      vertex 29.6959 17.1079 2.15
      vertex 30.1503 17.0865 2.15
    endloop
  endfacet
  facet normal 0 0 1
    outer loop
      vertex 29.6725 17.9613 2.15
      vertex 29.6959 17.1079 2.15
      vertex 30.1448 17.9274 2.15
    endloop
  endfacet
  facet normal 0 0 1
    outer loop
      vertex 29.6725 17.9613 2.15
      vertex 29.2714 17.172 2.15
      vertex 29.6959 17.1079 2.15
    endloop
  endfacet
  facet normal 0 0 1
    outer loop
      vertex 29.2592 18.063 2.15
      vertex 29.2714 17.172 2.15
      vertex 29.6725 17.9613 2.15
    endloop
  endfacet
  facet normal 0 0 1
    outer loop
      vertex 28.8767 17.2788 2.15
      vertex 29.2592 18.063 2.15
      vertex 28.9049 18.2326 2.15
    endloop
  endfacet
  facet normal 0 0 1
    outer loop
      vertex 29.2592 18.063 2.15
      vertex 28.8767 17.2788 2.15
      vertex 29.2714 17.172 2.15
    endloop
  endfacet
  facet normal 0 0 1
    outer loop
      vertex 28.1816 17.6185 2.15
      vertex 28.9049 18.2326 2.15
      vertex 28.6095 18.4699 2.15
    endloop
  endfacet
  facet normal 0 0 1
    outer loop
      vertex 28.9049 18.2326 2.15
      vertex 28.5119 17.4283 2.15
      vertex 28.8767 17.2788 2.15
    endloop
  endfacet
  facet normal 0 0 1
    outer loop
      vertex 27.8907 17.8474 2.15
      vertex 28.6095 18.4699 2.15
      vertex 28.377 18.7727 2.15
    endloop
  endfacet
  facet normal 0 0 1
    outer loop
      vertex 27.8907 17.8474 2.15
      vertex 28.377 18.7727 2.15
      vertex 28.2108 19.1385 2.15
    endloop
  endfacet
  facet normal 0 0 1
    outer loop
      vertex 28.9049 18.2326 2.15
      vertex 28.1816 17.6185 2.15
      vertex 28.5119 17.4283 2.15
    endloop
  endfacet
  facet normal 0 0 1
    outer loop
      vertex 27.8907 17.8474 2.15
      vertex 28.2108 19.1385 2.15
      vertex 28.1112 19.5674 2.15
    endloop
  endfacet
  facet normal 0 0 1
    outer loop
      vertex 27.8907 17.8474 2.15
      vertex 28.1112 19.5674 2.15
      vertex 28.0779 20.0594 2.15
    endloop
  endfacet
  facet normal 0 0 1
    outer loop
      vertex 28.6095 18.4699 2.15
      vertex 27.8907 17.8474 2.15
      vertex 28.1816 17.6185 2.15
    endloop
  endfacet
  facet normal -0 0 1
    outer loop
      vertex 65.5435 23.0648 2.15
      vertex 66.2217 22.3542 2.15
      vertex 66.2596 23.0648 2.15
    endloop
  endfacet
  facet normal 0 0 1
    outer loop
      vertex 66.2217 22.3542 2.15
      vertex 65.5435 23.0648 2.15
      vertex 65.5435 22.3542 2.15
    endloop
  endfacet
  facet normal -0 0 1
    outer loop
      vertex 66.5472 24.3777 2.15
      vertex 67.1982 23.0648 2.15
      vertex 67.1982 24.3777 2.15
    endloop
  endfacet
  facet normal 0 0 1
    outer loop
      vertex 67.1982 23.0648 2.15
      vertex 66.2596 23.0648 2.15
      vertex 67.1982 22.3542 2.15
    endloop
  endfacet
  facet normal 0 0 1
    outer loop
      vertex 67.1982 22.3542 2.15
      vertex 66.2217 22.3542 2.15
      vertex 67.1982 18.6489 2.15
    endloop
  endfacet
  facet normal 0 0 1
    outer loop
      vertex 67.1982 23.0648 2.15
      vertex 66.5472 24.3777 2.15
      vertex 66.2596 23.0648 2.15
    endloop
  endfacet
  facet normal 0 0 1
    outer loop
      vertex 66.2217 18.4373 2.15
      vertex 67.1982 18.6489 2.15
      vertex 66.2217 22.3542 2.15
    endloop
  endfacet
  facet normal 0 -0 1
    outer loop
      vertex 66.2949 17.8558 2.15
      vertex 67.1982 18.6489 2.15
      vertex 66.2217 18.4373 2.15
    endloop
  endfacet
  facet normal 0 0 1
    outer loop
      vertex 67.1982 22.3542 2.15
      vertex 66.2596 23.0648 2.15
      vertex 66.2217 22.3542 2.15
    endloop
  endfacet
  facet normal 0 -0 1
    outer loop
      vertex 66.5146 17.4405 2.15
      vertex 67.1982 18.6489 2.15
      vertex 66.2949 17.8558 2.15
    endloop
  endfacet
  facet normal 0 0 1
    outer loop
      vertex 67.1982 18.6489 2.15
      vertex 66.5146 17.4405 2.15
      vertex 66.8808 17.1913 2.15
    endloop
  endfacet
  facet normal -0 0 1
    outer loop
      vertex 67.1982 23.0648 2.15
      vertex 68.2832 22.3542 2.15
      vertex 68.2832 23.0648 2.15
    endloop
  endfacet
  facet normal 0 0 1
    outer loop
      vertex 68.2832 22.3542 2.15
      vertex 67.1982 23.0648 2.15
      vertex 67.1982 22.3542 2.15
    endloop
  endfacet
  facet normal -0 0 1
    outer loop
      vertex 68.2072 17.9267 2.15
      vertex 68.3808 17.2384 2.15
      vertex 68.3808 17.96 2.15
    endloop
  endfacet
  facet normal -0 0 1
    outer loop
      vertex 68.0553 17.903 2.15
      vertex 68.3808 17.2384 2.15
      vertex 68.2072 17.9267 2.15
    endloop
  endfacet
  facet normal 0 0 1
    outer loop
      vertex 68.3808 17.2384 2.15
      vertex 68.0553 17.903 2.15
      vertex 68.138 17.1815 2.15
    endloop
  endfacet
  facet normal -0 0 1
    outer loop
      vertex 67.9251 17.8887 2.15
      vertex 68.138 17.1815 2.15
      vertex 68.0553 17.903 2.15
    endloop
  endfacet
  facet normal 0 0 1
    outer loop
      vertex 67.9251 17.8887 2.15
      vertex 67.8925 17.1408 2.15
      vertex 68.138 17.1815 2.15
    endloop
  endfacet
  facet normal -0 0 1
    outer loop
      vertex 67.8166 17.884 2.15
      vertex 67.8925 17.1408 2.15
      vertex 67.9251 17.8887 2.15
    endloop
  endfacet
  facet normal 0 0 1
    outer loop
      vertex 67.6443 17.1163 2.15
      vertex 67.8166 17.884 2.15
      vertex 67.6584 17.8947 2.15
    endloop
  endfacet
  facet normal 0 0 1
    outer loop
      vertex 67.8166 17.884 2.15
      vertex 67.6443 17.1163 2.15
      vertex 67.8925 17.1408 2.15
    endloop
  endfacet
  facet normal 0 0 1
    outer loop
      vertex 67.3934 17.1082 2.15
      vertex 67.6584 17.8947 2.15
      vertex 67.5257 17.9267 2.15
    endloop
  endfacet
  facet normal 0 0 1
    outer loop
      vertex 67.3934 17.1082 2.15
      vertex 67.5257 17.9267 2.15
      vertex 67.4184 17.9801 2.15
    endloop
  endfacet
  facet normal 0 0 1
    outer loop
      vertex 67.6584 17.8947 2.15
      vertex 67.3934 17.1082 2.15
      vertex 67.6443 17.1163 2.15
    endloop
  endfacet
  facet normal 0 0 1
    outer loop
      vertex 66.8808 17.1913 2.15
      vertex 67.4184 17.9801 2.15
      vertex 67.3365 18.0548 2.15
    endloop
  endfacet
  facet normal 0 0 1
    outer loop
      vertex 66.8808 17.1913 2.15
      vertex 67.3365 18.0548 2.15
      vertex 67.276 18.1561 2.15
    endloop
  endfacet
  facet normal 0 0 1
    outer loop
      vertex 66.8808 17.1913 2.15
      vertex 67.276 18.1561 2.15
      vertex 67.2327 18.2888 2.15
    endloop
  endfacet
  facet normal 0 0 1
    outer loop
      vertex 66.8808 17.1913 2.15
      vertex 67.2327 18.2888 2.15
      vertex 67.2068 18.4531 2.15
    endloop
  endfacet
  facet normal 0 0 1
    outer loop
      vertex 67.4184 17.9801 2.15
      vertex 66.8808 17.1913 2.15
      vertex 67.3934 17.1082 2.15
    endloop
  endfacet
  facet normal 0 0 1
    outer loop
      vertex 66.8808 17.1913 2.15
      vertex 67.2068 18.4531 2.15
      vertex 67.1982 18.6489 2.15
    endloop
  endfacet
  facet normal 0 0 1
    outer loop
      vertex 35.724 22.0612 2.15
      vertex 34.7889 22.2745 2.15
      vertex 34.7909 21.8116 2.15
    endloop
  endfacet
  facet normal 0 0 1
    outer loop
      vertex 35.6861 23.0146 2.15
      vertex 34.7828 22.6376 2.15
      vertex 34.7889 22.2745 2.15
    endloop
  endfacet
  facet normal 0 0 1
    outer loop
      vertex 35.6861 23.0146 2.15
      vertex 34.7726 22.9011 2.15
      vertex 34.7828 22.6376 2.15
    endloop
  endfacet
  facet normal 0 -0 1
    outer loop
      vertex 34.7726 22.9011 2.15
      vertex 35.6807 23.0648 2.15
      vertex 34.7584 23.0648 2.15
    endloop
  endfacet
  facet normal 0 0 1
    outer loop
      vertex 39.4781 21.1064 2.15
      vertex 38.4891 21.1905 2.15
      vertex 38.4962 20.9165 2.15
    endloop
  endfacet
  facet normal 0 0 1
    outer loop
      vertex 39.0305 22.6932 2.15
      vertex 38.4677 21.4319 2.15
      vertex 38.4891 21.1905 2.15
    endloop
  endfacet
  facet normal 0 0 1
    outer loop
      vertex 38.1351 22.1965 2.15
      vertex 38.7744 22.9033 2.15
      vertex 38.4535 23.0533 2.15
    endloop
  endfacet
  facet normal 0 0 1
    outer loop
      vertex 39.0305 22.6932 2.15
      vertex 38.4321 21.6408 2.15
      vertex 38.4677 21.4319 2.15
    endloop
  endfacet
  facet normal 0 0 1
    outer loop
      vertex 39.0305 22.6932 2.15
      vertex 38.3823 21.8171 2.15
      vertex 38.4321 21.6408 2.15
    endloop
  endfacet
  facet normal 0 0 1
    outer loop
      vertex 39.0305 22.6932 2.15
      vertex 38.3168 21.9659 2.15
      vertex 38.3823 21.8171 2.15
    endloop
  endfacet
  facet normal 0 0 1
    outer loop
      vertex 39.0305 22.6932 2.15
      vertex 38.2344 22.0924 2.15
      vertex 38.3168 21.9659 2.15
    endloop
  endfacet
  facet normal 0 0 1
    outer loop
      vertex 38.7744 22.9033 2.15
      vertex 38.1351 22.1965 2.15
      vertex 38.2344 22.0924 2.15
    endloop
  endfacet
  facet normal 0 0 1
    outer loop
      vertex 38.0188 22.2782 2.15
      vertex 38.4535 23.0533 2.15
      vertex 38.0678 23.1433 2.15
    endloop
  endfacet
  facet normal 0 0 1
    outer loop
      vertex 38.4535 23.0533 2.15
      vertex 38.0188 22.2782 2.15
      vertex 38.1351 22.1965 2.15
    endloop
  endfacet
  facet normal 0 0 1
    outer loop
      vertex 38.0678 23.1433 2.15
      vertex 37.8794 22.3399 2.15
      vertex 38.0188 22.2782 2.15
    endloop
  endfacet
  facet normal 0 0 1
    outer loop
      vertex 38.0678 23.1433 2.15
      vertex 37.7109 22.384 2.15
      vertex 37.8794 22.3399 2.15
    endloop
  endfacet
  facet normal 0 0 1
    outer loop
      vertex 37.6174 23.1733 2.15
      vertex 37.7109 22.384 2.15
      vertex 38.0678 23.1433 2.15
    endloop
  endfacet
  facet normal 0 0 1
    outer loop
      vertex 37.6174 23.1733 2.15
      vertex 37.5133 22.4104 2.15
      vertex 37.7109 22.384 2.15
    endloop
  endfacet
  facet normal -0 0 1
    outer loop
      vertex 37.3026 23.1575 2.15
      vertex 37.5133 22.4104 2.15
      vertex 37.6174 23.1733 2.15
    endloop
  endfacet
  facet normal 0 0 1
    outer loop
      vertex 37.3026 23.1575 2.15
      vertex 37.2864 22.4192 2.15
      vertex 37.5133 22.4104 2.15
    endloop
  endfacet
  facet normal -0 0 1
    outer loop
      vertex 37.0145 23.1102 2.15
      vertex 37.2864 22.4192 2.15
      vertex 37.3026 23.1575 2.15
    endloop
  endfacet
  facet normal 0 0 1
    outer loop
      vertex 37.0145 23.1102 2.15
      vertex 36.9525 22.3891 2.15
      vertex 37.2864 22.4192 2.15
    endloop
  endfacet
  facet normal -0 0 1
    outer loop
      vertex 36.7532 23.0314 2.15
      vertex 36.9525 22.3891 2.15
      vertex 37.0145 23.1102 2.15
    endloop
  endfacet
  facet normal -0 0 1
    outer loop
      vertex 36.5188 22.9211 2.15
      vertex 36.9525 22.3891 2.15
      vertex 36.7532 23.0314 2.15
    endloop
  endfacet
  facet normal 0 0 1
    outer loop
      vertex 36.9525 22.3891 2.15
      vertex 36.5188 22.9211 2.15
      vertex 36.6558 22.2985 2.15
    endloop
  endfacet
  facet normal -0 0 1
    outer loop
      vertex 36.3043 22.7727 2.15
      vertex 36.6558 22.2985 2.15
      vertex 36.5188 22.9211 2.15
    endloop
  endfacet
  facet normal -0 0 1
    outer loop
      vertex 36.1031 22.58 2.15
      vertex 36.6558 22.2985 2.15
      vertex 36.3043 22.7727 2.15
    endloop
  endfacet
  facet normal 0 0 1
    outer loop
      vertex 36.6558 22.2985 2.15
      vertex 36.1031 22.58 2.15
      vertex 36.3964 22.1477 2.15
    endloop
  endfacet
  facet normal -0 0 1
    outer loop
      vertex 35.9151 22.3428 2.15
      vertex 36.3964 22.1477 2.15
      vertex 36.1031 22.58 2.15
    endloop
  endfacet
  facet normal 0 0 1
    outer loop
      vertex 36.3964 22.1477 2.15
      vertex 35.9151 22.3428 2.15
      vertex 36.1743 21.9364 2.15
    endloop
  endfacet
  facet normal -0 0 1
    outer loop
      vertex 35.7404 22.0612 2.15
      vertex 36.1743 21.9364 2.15
      vertex 35.9151 22.3428 2.15
    endloop
  endfacet
  facet normal 0 0 1
    outer loop
      vertex 36.1743 21.9364 2.15
      vertex 35.7404 22.0612 2.15
      vertex 35.9963 21.6716 2.15
    endloop
  endfacet
  facet normal -0 0 1
    outer loop
      vertex 35.724 22.0612 2.15
      vertex 35.9963 21.6716 2.15
      vertex 35.7404 22.0612 2.15
    endloop
  endfacet
  facet normal 0 0 1
    outer loop
      vertex 35.9963 21.6716 2.15
      vertex 35.724 22.0612 2.15
      vertex 35.8692 21.36 2.15
    endloop
  endfacet
  facet normal -0 0 1
    outer loop
      vertex 34.7909 21.8116 2.15
      vertex 35.8692 21.36 2.15
      vertex 35.724 22.0612 2.15
    endloop
  endfacet
  facet normal 0 0 1
    outer loop
      vertex 35.8692 21.36 2.15
      vertex 34.7909 21.8116 2.15
      vertex 35.7929 21.0016 2.15
    endloop
  endfacet
  facet normal 0 0 1
    outer loop
      vertex 35.7929 21.0016 2.15
      vertex 34.7909 21.8116 2.15
      vertex 35.7675 20.5964 2.15
    endloop
  endfacet
  facet normal 0 0 1
    outer loop
      vertex 34.7889 22.2745 2.15
      vertex 35.724 22.0612 2.15
      vertex 35.7188 22.2584 2.15
    endloop
  endfacet
  facet normal -0 0 1
    outer loop
      vertex 34.7889 22.2745 2.15
      vertex 35.7188 22.2584 2.15
      vertex 35.7139 22.4213 2.15
    endloop
  endfacet
  facet normal 0 0 1
    outer loop
      vertex 34.7889 22.2745 2.15
      vertex 35.7139 22.4213 2.15
      vertex 35.7093 22.5499 2.15
    endloop
  endfacet
  facet normal 0 0 1
    outer loop
      vertex 34.7889 22.2745 2.15
      vertex 35.7093 22.5499 2.15
      vertex 35.7051 22.6443 2.15
    endloop
  endfacet
  facet normal 0 0 1
    outer loop
      vertex 34.7889 22.2745 2.15
      vertex 35.7051 22.6443 2.15
      vertex 35.7012 22.7195 2.15
    endloop
  endfacet
  facet normal 0 0 1
    outer loop
      vertex 34.7889 22.2745 2.15
      vertex 35.7012 22.7195 2.15
      vertex 35.6976 22.7902 2.15
    endloop
  endfacet
  facet normal 0 0 1
    outer loop
      vertex 34.7889 22.2745 2.15
      vertex 35.6976 22.7902 2.15
      vertex 35.6944 22.8565 2.15
    endloop
  endfacet
  facet normal 0 0 1
    outer loop
      vertex 34.7889 22.2745 2.15
      vertex 35.6944 22.8565 2.15
      vertex 35.6915 22.9184 2.15
    endloop
  endfacet
  facet normal 0 0 1
    outer loop
      vertex 34.7889 22.2745 2.15
      vertex 35.6915 22.9184 2.15
      vertex 35.6888 22.9723 2.15
    endloop
  endfacet
  facet normal 0 0 1
    outer loop
      vertex 34.7889 22.2745 2.15
      vertex 35.6888 22.9723 2.15
      vertex 35.6861 23.0146 2.15
    endloop
  endfacet
  facet normal 0 0 1
    outer loop
      vertex 35.6807 23.0648 2.15
      vertex 35.6861 23.0146 2.15
      vertex 35.6834 23.0455 2.15
    endloop
  endfacet
  facet normal 0 0 1
    outer loop
      vertex 34.7726 22.9011 2.15
      vertex 35.6861 23.0146 2.15
      vertex 35.6807 23.0648 2.15
    endloop
  endfacet
  facet normal 0 0 1
    outer loop
      vertex 34.7909 17.195 2.15
      vertex 35.7675 20.5964 2.15
      vertex 34.7909 21.8116 2.15
    endloop
  endfacet
  facet normal 0 0 1
    outer loop
      vertex 35.7675 20.5964 2.15
      vertex 34.7909 17.195 2.15
      vertex 35.7675 17.195 2.15
    endloop
  endfacet
  facet normal -0 0 1
    outer loop
      vertex 38.4891 21.1905 2.15
      vertex 39.4781 21.1064 2.15
      vertex 39.4501 21.6206 2.15
    endloop
  endfacet
  facet normal 0 0 1
    outer loop
      vertex 38.4891 21.1905 2.15
      vertex 39.4501 21.6206 2.15
      vertex 39.3662 22.0565 2.15
    endloop
  endfacet
  facet normal 0 0 1
    outer loop
      vertex 38.4891 21.1905 2.15
      vertex 39.3662 22.0565 2.15
      vertex 39.2263 22.414 2.15
    endloop
  endfacet
  facet normal 0 0 1
    outer loop
      vertex 38.4891 21.1905 2.15
      vertex 39.2263 22.414 2.15
      vertex 39.0305 22.6932 2.15
    endloop
  endfacet
  facet normal 0 0 1
    outer loop
      vertex 38.2344 22.0924 2.15
      vertex 39.0305 22.6932 2.15
      vertex 38.7744 22.9033 2.15
    endloop
  endfacet
  facet normal 0 0 1
    outer loop
      vertex 39.4781 21.1064 2.15
      vertex 38.4962 20.9165 2.15
      vertex 39.4781 17.195 2.15
    endloop
  endfacet
  facet normal 0 0 1
    outer loop
      vertex 39.4781 17.195 2.15
      vertex 38.4962 20.9165 2.15
      vertex 38.4962 17.195 2.15
    endloop
  endfacet
  facet normal 0 0 1
    outer loop
      vertex 53.415 21.4187 2.15
      vertex 52.5076 21.1049 2.15
      vertex 52.5676 20.6724 2.15
    endloop
  endfacet
  facet normal 0 0 1
    outer loop
      vertex 53.415 21.4187 2.15
      vertex 52.4089 21.4747 2.15
      vertex 52.5076 21.1049 2.15
    endloop
  endfacet
  facet normal 0 0 1
    outer loop
      vertex 52.9298 22.3935 2.15
      vertex 52.2716 21.7817 2.15
      vertex 52.4089 21.4747 2.15
    endloop
  endfacet
  facet normal 0 0 1
    outer loop
      vertex 52.0956 22.026 2.15
      vertex 52.9298 22.3935 2.15
      vertex 52.1211 22.9783 2.15
    endloop
  endfacet
  facet normal 0 0 1
    outer loop
      vertex 52.9298 22.3935 2.15
      vertex 52.0956 22.026 2.15
      vertex 52.2716 21.7817 2.15
    endloop
  endfacet
  facet normal 0 0 1
    outer loop
      vertex 52.1211 22.9783 2.15
      vertex 51.879 22.2122 2.15
      vertex 52.0956 22.026 2.15
    endloop
  endfacet
  facet normal 0 0 1
    outer loop
      vertex 52.1211 22.9783 2.15
      vertex 51.6196 22.3453 2.15
      vertex 51.879 22.2122 2.15
    endloop
  endfacet
  facet normal 0 0 1
    outer loop
      vertex 52.1211 22.9783 2.15
      vertex 51.3175 22.4252 2.15
      vertex 51.6196 22.3453 2.15
    endloop
  endfacet
  facet normal 0 0 1
    outer loop
      vertex 50.989 23.1733 2.15
      vertex 51.3175 22.4252 2.15
      vertex 52.1211 22.9783 2.15
    endloop
  endfacet
  facet normal 0 0 1
    outer loop
      vertex 50.989 23.1733 2.15
      vertex 50.9727 22.4518 2.15
      vertex 51.3175 22.4252 2.15
    endloop
  endfacet
  facet normal 0 0 1
    outer loop
      vertex 50.989 23.1733 2.15
      vertex 50.6358 22.4221 2.15
      vertex 50.9727 22.4518 2.15
    endloop
  endfacet
  facet normal -0 0 1
    outer loop
      vertex 50.3934 23.1248 2.15
      vertex 50.6358 22.4221 2.15
      vertex 50.989 23.1733 2.15
    endloop
  endfacet
  facet normal 0 0 1
    outer loop
      vertex 50.3934 23.1248 2.15
      vertex 50.3359 22.3331 2.15
      vertex 50.6358 22.4221 2.15
    endloop
  endfacet
  facet normal -0 0 1
    outer loop
      vertex 49.8708 22.9794 2.15
      vertex 50.3359 22.3331 2.15
      vertex 50.3934 23.1248 2.15
    endloop
  endfacet
  facet normal 0 0 1
    outer loop
      vertex 50.3359 22.3331 2.15
      vertex 49.8708 22.9794 2.15
      vertex 50.073 22.1848 2.15
    endloop
  endfacet
  facet normal -0 0 1
    outer loop
      vertex 49.421 22.737 2.15
      vertex 50.073 22.1848 2.15
      vertex 49.8708 22.9794 2.15
    endloop
  endfacet
  facet normal 0 0 1
    outer loop
      vertex 50.073 22.1848 2.15
      vertex 49.421 22.737 2.15
      vertex 49.847 21.9771 2.15
    endloop
  endfacet
  facet normal -0 0 1
    outer loop
      vertex 49.0441 22.3976 2.15
      vertex 49.847 21.9771 2.15
      vertex 49.421 22.737 2.15
    endloop
  endfacet
  facet normal 0 0 1
    outer loop
      vertex 49.847 21.9771 2.15
      vertex 49.0441 22.3976 2.15
      vertex 49.6634 21.7175 2.15
    endloop
  endfacet
  facet normal -0 0 1
    outer loop
      vertex 48.7462 21.9673 2.15
      vertex 49.6634 21.7175 2.15
      vertex 49.0441 22.3976 2.15
    endloop
  endfacet
  facet normal 0 0 1
    outer loop
      vertex 49.6634 21.7175 2.15
      vertex 48.7462 21.9673 2.15
      vertex 49.5276 21.4136 2.15
    endloop
  endfacet
  facet normal -0 0 1
    outer loop
      vertex 48.5335 21.4523 2.15
      vertex 49.5276 21.4136 2.15
      vertex 48.7462 21.9673 2.15
    endloop
  endfacet
  facet normal 0 0 1
    outer loop
      vertex 49.5276 21.4136 2.15
      vertex 48.5335 21.4523 2.15
      vertex 49.4396 21.0652 2.15
    endloop
  endfacet
  facet normal -0 0 1
    outer loop
      vertex 52.5676 20.6724 2.15
      vertex 53.5767 20.054 2.15
      vertex 53.415 21.4187 2.15
    endloop
  endfacet
  facet normal -0 0 1
    outer loop
      vertex 52.4089 21.4747 2.15
      vertex 53.415 21.4187 2.15
      vertex 52.9298 22.3935 2.15
    endloop
  endfacet
  facet normal 0 0 1
    outer loop
      vertex 53.5767 20.054 2.15
      vertex 52.5676 20.6724 2.15
      vertex 53.5767 19.9238 2.15
    endloop
  endfacet
  facet normal 0 0 1
    outer loop
      vertex 49.3886 19.9238 2.15
      vertex 52.5676 20.6724 2.15
      vertex 49.3995 20.6724 2.15
    endloop
  endfacet
  facet normal 0 0 1
    outer loop
      vertex 52.5676 20.6724 2.15
      vertex 49.3886 19.9238 2.15
      vertex 53.5767 19.9238 2.15
    endloop
  endfacet
  facet normal -0 0 1
    outer loop
      vertex 52.479 18.5326 2.15
      vertex 53.4194 18.4753 2.15
      vertex 52.5622 18.7194 2.15
    endloop
  endfacet
  facet normal 0 0 1
    outer loop
      vertex 53.4194 18.4753 2.15
      vertex 52.479 18.5326 2.15
      vertex 53.0725 17.8677 2.15
    endloop
  endfacet
  facet normal -0 0 1
    outer loop
      vertex 52.3649 18.3627 2.15
      vertex 53.0725 17.8677 2.15
      vertex 52.479 18.5326 2.15
    endloop
  endfacet
  facet normal -0 0 1
    outer loop
      vertex 52.2199 18.2098 2.15
      vertex 53.0725 17.8677 2.15
      vertex 52.3649 18.3627 2.15
    endloop
  endfacet
  facet normal 0 0 1
    outer loop
      vertex 53.0725 17.8677 2.15
      vertex 52.2199 18.2098 2.15
      vertex 52.5581 17.4337 2.15
    endloop
  endfacet
  facet normal -0 0 1
    outer loop
      vertex 52.0441 18.0738 2.15
      vertex 52.5581 17.4337 2.15
      vertex 52.2199 18.2098 2.15
    endloop
  endfacet
  facet normal -0 0 1
    outer loop
      vertex 51.8371 17.9623 2.15
      vertex 52.5581 17.4337 2.15
      vertex 52.0441 18.0738 2.15
    endloop
  endfacet
  facet normal 0 0 1
    outer loop
      vertex 52.5581 17.4337 2.15
      vertex 51.8371 17.9623 2.15
      vertex 51.8763 17.1733 2.15
    endloop
  endfacet
  facet normal -0 0 1
    outer loop
      vertex 51.5986 17.8826 2.15
      vertex 51.8763 17.1733 2.15
      vertex 51.8371 17.9623 2.15
    endloop
  endfacet
  facet normal -0 0 1
    outer loop
      vertex 51.3286 17.8348 2.15
      vertex 51.8763 17.1733 2.15
      vertex 51.5986 17.8826 2.15
    endloop
  endfacet
  facet normal 0 0 1
    outer loop
      vertex 51.027 17.0865 2.15
      vertex 51.3286 17.8348 2.15
      vertex 51.027 17.8188 2.15
    endloop
  endfacet
  facet normal 0 0 1
    outer loop
      vertex 51.3286 17.8348 2.15
      vertex 51.027 17.0865 2.15
      vertex 51.8763 17.1733 2.15
    endloop
  endfacet
  facet normal 0 0 1
    outer loop
      vertex 50.6496 17.8531 2.15
      vertex 51.027 17.0865 2.15
      vertex 51.027 17.8188 2.15
    endloop
  endfacet
  facet normal 0 0 1
    outer loop
      vertex 50.6496 17.8531 2.15
      vertex 50.4148 17.135 2.15
      vertex 51.027 17.0865 2.15
    endloop
  endfacet
  facet normal 0 0 1
    outer loop
      vertex 50.3203 17.9558 2.15
      vertex 50.4148 17.135 2.15
      vertex 50.6496 17.8531 2.15
    endloop
  endfacet
  facet normal 0 0 1
    outer loop
      vertex 49.8803 17.2805 2.15
      vertex 50.3203 17.9558 2.15
      vertex 50.0392 18.1271 2.15
    endloop
  endfacet
  facet normal 0 0 1
    outer loop
      vertex 50.3203 17.9558 2.15
      vertex 49.8803 17.2805 2.15
      vertex 50.4148 17.135 2.15
    endloop
  endfacet
  facet normal 0 0 1
    outer loop
      vertex 49.4234 17.5229 2.15
      vertex 50.0392 18.1271 2.15
      vertex 49.8063 18.3668 2.15
    endloop
  endfacet
  facet normal 0 0 1
    outer loop
      vertex 49.0441 17.8623 2.15
      vertex 49.8063 18.3668 2.15
      vertex 49.6235 18.6696 2.15
    endloop
  endfacet
  facet normal 0 0 1
    outer loop
      vertex 48.7462 18.2973 2.15
      vertex 49.6235 18.6696 2.15
      vertex 49.493 19.03 2.15
    endloop
  endfacet
  facet normal 0 0 1
    outer loop
      vertex 50.0392 18.1271 2.15
      vertex 49.4234 17.5229 2.15
      vertex 49.8803 17.2805 2.15
    endloop
  endfacet
  facet normal 0 0 1
    outer loop
      vertex 48.5335 18.8266 2.15
      vertex 49.493 19.03 2.15
      vertex 49.4147 19.4481 2.15
    endloop
  endfacet
  facet normal -0 0 1
    outer loop
      vertex 48.4059 19.4501 2.15
      vertex 49.4147 19.4481 2.15
      vertex 49.3886 19.9238 2.15
    endloop
  endfacet
  facet normal 0 0 1
    outer loop
      vertex 48.4059 20.8524 2.15
      vertex 49.4396 21.0652 2.15
      vertex 48.5335 21.4523 2.15
    endloop
  endfacet
  facet normal 0 -0 1
    outer loop
      vertex 48.4059 19.4501 2.15
      vertex 49.3886 19.9238 2.15
      vertex 48.3633 20.1679 2.15
    endloop
  endfacet
  facet normal 0 0 1
    outer loop
      vertex 49.4396 21.0652 2.15
      vertex 48.4059 20.8524 2.15
      vertex 49.3995 20.6724 2.15
    endloop
  endfacet
  facet normal 0 0 1
    outer loop
      vertex 49.4147 19.4481 2.15
      vertex 48.4059 19.4501 2.15
      vertex 48.5335 18.8266 2.15
    endloop
  endfacet
  facet normal 0 0 1
    outer loop
      vertex 48.3633 20.1679 2.15
      vertex 49.3995 20.6724 2.15
      vertex 48.4059 20.8524 2.15
    endloop
  endfacet
  facet normal 0 0 1
    outer loop
      vertex 49.493 19.03 2.15
      vertex 48.5335 18.8266 2.15
      vertex 48.7462 18.2973 2.15
    endloop
  endfacet
  facet normal 0 0 1
    outer loop
      vertex 49.3995 20.6724 2.15
      vertex 48.3633 20.1679 2.15
      vertex 49.3886 19.9238 2.15
    endloop
  endfacet
  facet normal 0 0 1
    outer loop
      vertex 49.6235 18.6696 2.15
      vertex 48.7462 18.2973 2.15
      vertex 49.0441 17.8623 2.15
    endloop
  endfacet
  facet normal 0 0 1
    outer loop
      vertex 49.8063 18.3668 2.15
      vertex 49.0441 17.8623 2.15
      vertex 49.4234 17.5229 2.15
    endloop
  endfacet
  facet normal 0 0 1
    outer loop
      vertex 55.6293 21.866 2.15
      vertex 54.6942 22.0151 2.15
      vertex 54.6962 21.6977 2.15
    endloop
  endfacet
  facet normal 0 0 1
    outer loop
      vertex 55.6049 22.6156 2.15
      vertex 54.6881 22.3487 2.15
      vertex 54.6942 22.0151 2.15
    endloop
  endfacet
  facet normal 0 0 1
    outer loop
      vertex 55.6049 22.6156 2.15
      vertex 54.6779 22.6987 2.15
      vertex 54.6881 22.3487 2.15
    endloop
  endfacet
  facet normal 0 -0 1
    outer loop
      vertex 54.6779 22.6987 2.15
      vertex 55.586 23.0648 2.15
      vertex 54.6637 23.0648 2.15
    endloop
  endfacet
  facet normal 0 0 1
    outer loop
      vertex 57.2135 22.2646 2.15
      vertex 57.4413 23.1191 2.15
      vertex 57.3413 23.1428 2.15
    endloop
  endfacet
  facet normal 0 0 1
    outer loop
      vertex 57.4413 23.1191 2.15
      vertex 57.3355 22.2477 2.15
      vertex 57.4413 22.224 2.15
    endloop
  endfacet
  facet normal 0 0 1
    outer loop
      vertex 57.2135 22.2646 2.15
      vertex 57.3413 23.1428 2.15
      vertex 57.2419 23.1598 2.15
    endloop
  endfacet
  facet normal 0 0 1
    outer loop
      vertex 57.4413 23.1191 2.15
      vertex 57.2135 22.2646 2.15
      vertex 57.3355 22.2477 2.15
    endloop
  endfacet
  facet normal 0 0 1
    outer loop
      vertex 57.0751 22.2748 2.15
      vertex 57.2419 23.1598 2.15
      vertex 57.1432 23.1699 2.15
    endloop
  endfacet
  facet normal 0 0 1
    outer loop
      vertex 57.2419 23.1598 2.15
      vertex 57.0751 22.2748 2.15
      vertex 57.2135 22.2646 2.15
    endloop
  endfacet
  facet normal 0 0 1
    outer loop
      vertex 57.0453 23.1733 2.15
      vertex 57.0751 22.2748 2.15
      vertex 57.1432 23.1699 2.15
    endloop
  endfacet
  facet normal 0 0 1
    outer loop
      vertex 57.0453 23.1733 2.15
      vertex 56.9205 22.2782 2.15
      vertex 57.0751 22.2748 2.15
    endloop
  endfacet
  facet normal -0 0 1
    outer loop
      vertex 56.7842 23.156 2.15
      vertex 56.9205 22.2782 2.15
      vertex 57.0453 23.1733 2.15
    endloop
  endfacet
  facet normal -0 0 1
    outer loop
      vertex 56.5543 23.1042 2.15
      vertex 56.9205 22.2782 2.15
      vertex 56.7842 23.156 2.15
    endloop
  endfacet
  facet normal 0 0 1
    outer loop
      vertex 56.9205 22.2782 2.15
      vertex 56.5543 23.1042 2.15
      vertex 56.6347 22.2455 2.15
    endloop
  endfacet
  facet normal -0 0 1
    outer loop
      vertex 56.3556 23.0177 2.15
      vertex 56.6347 22.2455 2.15
      vertex 56.5543 23.1042 2.15
    endloop
  endfacet
  facet normal -0 0 1
    outer loop
      vertex 56.188 22.8967 2.15
      vertex 56.6347 22.2455 2.15
      vertex 56.3556 23.0177 2.15
    endloop
  endfacet
  facet normal -0 0 1
    outer loop
      vertex 56.0406 22.7285 2.15
      vertex 56.6347 22.2455 2.15
      vertex 56.188 22.8967 2.15
    endloop
  endfacet
  facet normal 0 0 1
    outer loop
      vertex 56.6347 22.2455 2.15
      vertex 56.0406 22.7285 2.15
      vertex 56.3848 22.1473 2.15
    endloop
  endfacet
  facet normal -0 0 1
    outer loop
      vertex 55.9019 22.5007 2.15
      vertex 56.3848 22.1473 2.15
      vertex 56.0406 22.7285 2.15
    endloop
  endfacet
  facet normal 0 0 1
    outer loop
      vertex 56.3848 22.1473 2.15
      vertex 55.9019 22.5007 2.15
      vertex 56.1709 21.9837 2.15
    endloop
  endfacet
  facet normal -0 0 1
    outer loop
      vertex 55.772 22.2132 2.15
      vertex 56.1709 21.9837 2.15
      vertex 55.9019 22.5007 2.15
    endloop
  endfacet
  facet normal 0 0 1
    outer loop
      vertex 56.1709 21.9837 2.15
      vertex 55.772 22.2132 2.15
      vertex 55.9928 21.7547 2.15
    endloop
  endfacet
  facet normal -0 0 1
    outer loop
      vertex 55.651 21.866 2.15
      vertex 55.9928 21.7547 2.15
      vertex 55.772 22.2132 2.15
    endloop
  endfacet
  facet normal 0 0 1
    outer loop
      vertex 55.9928 21.7547 2.15
      vertex 55.651 21.866 2.15
      vertex 55.8528 21.4646 2.15
    endloop
  endfacet
  facet normal -0 0 1
    outer loop
      vertex 55.6293 21.866 2.15
      vertex 55.8528 21.4646 2.15
      vertex 55.651 21.866 2.15
    endloop
  endfacet
  facet normal 0 0 1
    outer loop
      vertex 55.8528 21.4646 2.15
      vertex 55.6293 21.866 2.15
      vertex 55.7528 21.118 2.15
    endloop
  endfacet
  facet normal -0 0 1
    outer loop
      vertex 54.6962 21.6977 2.15
      vertex 55.7528 21.118 2.15
      vertex 55.6293 21.866 2.15
    endloop
  endfacet
  facet normal 0 0 1
    outer loop
      vertex 55.7528 21.118 2.15
      vertex 54.6962 21.6977 2.15
      vertex 55.6928 20.7146 2.15
    endloop
  endfacet
  facet normal 0 0 1
    outer loop
      vertex 55.6928 20.7146 2.15
      vertex 54.6962 21.6977 2.15
      vertex 55.6728 20.2547 2.15
    endloop
  endfacet
  facet normal -0 0 1
    outer loop
      vertex 54.6942 22.0151 2.15
      vertex 55.6293 21.866 2.15
      vertex 55.6266 22.0162 2.15
    endloop
  endfacet
  facet normal 0 0 1
    outer loop
      vertex 54.6942 22.0151 2.15
      vertex 55.6266 22.0162 2.15
      vertex 55.6185 22.266 2.15
    endloop
  endfacet
  facet normal 0 0 1
    outer loop
      vertex 54.6942 22.0151 2.15
      vertex 55.6185 22.266 2.15
      vertex 55.6049 22.6156 2.15
    endloop
  endfacet
  facet normal -0 0 1
    outer loop
      vertex 54.6779 22.6987 2.15
      vertex 55.6049 22.6156 2.15
      vertex 55.586 23.0648 2.15
    endloop
  endfacet
  facet normal 0 0 1
    outer loop
      vertex 54.6962 17.195 2.15
      vertex 55.6728 20.2547 2.15
      vertex 54.6962 21.6977 2.15
    endloop
  endfacet
  facet normal 0 0 1
    outer loop
      vertex 55.6728 20.2547 2.15
      vertex 54.6962 17.195 2.15
      vertex 55.6728 17.195 2.15
    endloop
  endfacet
  facet normal -0 0 1
    outer loop
      vertex 63.7078 23.0648 2.15
      vertex 64.6844 17.195 2.15
      vertex 64.6844 23.0648 2.15
    endloop
  endfacet
  facet normal 0 0 1
    outer loop
      vertex 64.6844 17.195 2.15
      vertex 63.7078 23.0648 2.15
      vertex 63.7078 17.195 2.15
    endloop
  endfacet
  facet normal 0 0 1
    outer loop
      vertex 61.6533 21.7949 2.15
      vertex 62.4877 22.0707 2.15
      vertex 62.3329 22.3705 2.15
    endloop
  endfacet
  facet normal 0 0 1
    outer loop
      vertex 61.5612 21.9561 2.15
      vertex 62.3329 22.3705 2.15
      vertex 62.1256 22.6187 2.15
    endloop
  endfacet
  facet normal 0 0 1
    outer loop
      vertex 61.4349 22.0946 2.15
      vertex 62.1256 22.6187 2.15
      vertex 61.8656 22.8153 2.15
    endloop
  endfacet
  facet normal 0 0 1
    outer loop
      vertex 62.3329 22.3705 2.15
      vertex 61.5612 21.9561 2.15
      vertex 61.6533 21.7949 2.15
    endloop
  endfacet
  facet normal 0 0 1
    outer loop
      vertex 62.4877 22.0707 2.15
      vertex 61.7111 21.6109 2.15
      vertex 62.5899 21.7195 2.15
    endloop
  endfacet
  facet normal 0 -0 1
    outer loop
      vertex 61.7111 21.6109 2.15
      vertex 62.4877 22.0707 2.15
      vertex 61.6533 21.7949 2.15
    endloop
  endfacet
  facet normal 0 0 1
    outer loop
      vertex 61.2744 22.2104 2.15
      vertex 61.8656 22.8153 2.15
      vertex 61.5546 22.9648 2.15
    endloop
  endfacet
  facet normal 0 0 1
    outer loop
      vertex 62.1256 22.6187 2.15
      vertex 61.4349 22.0946 2.15
      vertex 61.5612 21.9561 2.15
    endloop
  endfacet
  facet normal 0 0 1
    outer loop
      vertex 61.8656 22.8153 2.15
      vertex 61.2744 22.2104 2.15
      vertex 61.4349 22.0946 2.15
    endloop
  endfacet
  facet normal 0 0 1
    outer loop
      vertex 61.0816 22.3017 2.15
      vertex 61.5546 22.9648 2.15
      vertex 61.1936 23.0716 2.15
    endloop
  endfacet
  facet normal 0 0 1
    outer loop
      vertex 61.5546 22.9648 2.15
      vertex 61.0816 22.3017 2.15
      vertex 61.2744 22.2104 2.15
    endloop
  endfacet
  facet normal 0 0 1
    outer loop
      vertex 61.1936 23.0716 2.15
      vertex 60.8587 22.367 2.15
      vertex 61.0816 22.3017 2.15
    endloop
  endfacet
  facet normal 0 0 1
    outer loop
      vertex 60.7829 23.1357 2.15
      vertex 60.8587 22.367 2.15
      vertex 61.1936 23.0716 2.15
    endloop
  endfacet
  facet normal 0 0 1
    outer loop
      vertex 60.7829 23.1357 2.15
      vertex 60.6056 22.4062 2.15
      vertex 60.8587 22.367 2.15
    endloop
  endfacet
  facet normal 0 0 1
    outer loop
      vertex 60.3223 23.1571 2.15
      vertex 60.6056 22.4062 2.15
      vertex 60.7829 23.1357 2.15
    endloop
  endfacet
  facet normal 0 0 1
    outer loop
      vertex 60.3223 23.1571 2.15
      vertex 60.3223 22.4192 2.15
      vertex 60.6056 22.4062 2.15
    endloop
  endfacet
  facet normal 0 0 1
    outer loop
      vertex 60.3223 23.1571 2.15
      vertex 60.0131 22.4067 2.15
      vertex 60.3223 22.4192 2.15
    endloop
  endfacet
  facet normal -0 0 1
    outer loop
      vertex 59.8071 23.1308 2.15
      vertex 60.0131 22.4067 2.15
      vertex 60.3223 23.1571 2.15
    endloop
  endfacet
  facet normal 0 0 1
    outer loop
      vertex 59.8071 23.1308 2.15
      vertex 59.7472 22.369 2.15
      vertex 60.0131 22.4067 2.15
    endloop
  endfacet
  facet normal -0 0 1
    outer loop
      vertex 59.3573 23.052 2.15
      vertex 59.7472 22.369 2.15
      vertex 59.8071 23.1308 2.15
    endloop
  endfacet
  facet normal 0 0 1
    outer loop
      vertex 59.7472 22.369 2.15
      vertex 59.3573 23.052 2.15
      vertex 59.5248 22.3063 2.15
    endloop
  endfacet
  facet normal -0 0 1
    outer loop
      vertex 58.973 22.9205 2.15
      vertex 59.5248 22.3063 2.15
      vertex 59.3573 23.052 2.15
    endloop
  endfacet
  facet normal 0 0 1
    outer loop
      vertex 59.5248 22.3063 2.15
      vertex 58.973 22.9205 2.15
      vertex 59.3457 22.2185 2.15
    endloop
  endfacet
  facet normal 0 0 1
    outer loop
      vertex 59.3457 22.2185 2.15
      vertex 58.973 22.9205 2.15
      vertex 59.2081 22.1053 2.15
    endloop
  endfacet
  facet normal -0 0 1
    outer loop
      vertex 58.6541 22.7366 2.15
      vertex 59.2081 22.1053 2.15
      vertex 58.973 22.9205 2.15
    endloop
  endfacet
  facet normal 0 0 1
    outer loop
      vertex 59.2081 22.1053 2.15
      vertex 58.4037 22.5025 2.15
      vertex 59.1098 21.9662 2.15
    endloop
  endfacet
  facet normal -0 0 1
    outer loop
      vertex 58.4037 22.5025 2.15
      vertex 59.2081 22.1053 2.15
      vertex 58.6541 22.7366 2.15
    endloop
  endfacet
  facet normal 0 0 1
    outer loop
      vertex 61.3673 19.4091 2.15
      vertex 61.9001 20.1616 2.15
      vertex 61.7382 20.2465 2.15
    endloop
  endfacet
  facet normal 0 0 1
    outer loop
      vertex 61.9001 20.1616 2.15
      vertex 61.7287 18.9066 2.15
      vertex 61.7437 18.7412 2.15
    endloop
  endfacet
  facet normal 0 0 1
    outer loop
      vertex 61.9001 20.1616 2.15
      vertex 61.684 19.0558 2.15
      vertex 61.7287 18.9066 2.15
    endloop
  endfacet
  facet normal 0 0 1
    outer loop
      vertex 61.9001 20.1616 2.15
      vertex 61.6094 19.1887 2.15
      vertex 61.684 19.0558 2.15
    endloop
  endfacet
  facet normal 0 0 1
    outer loop
      vertex 61.193 19.5034 2.15
      vertex 61.7382 20.2465 2.15
      vertex 61.5402 20.3311 2.15
    endloop
  endfacet
  facet normal 0 0 1
    outer loop
      vertex 61.9001 20.1616 2.15
      vertex 61.5049 19.3053 2.15
      vertex 61.6094 19.1887 2.15
    endloop
  endfacet
  facet normal 0 0 1
    outer loop
      vertex 61.9001 20.1616 2.15
      vertex 61.3673 19.4091 2.15
      vertex 61.5049 19.3053 2.15
    endloop
  endfacet
  facet normal 0 0 1
    outer loop
      vertex 61.193 19.5034 2.15
      vertex 61.5402 20.3311 2.15
      vertex 61.2879 20.4195 2.15
    endloop
  endfacet
  facet normal 0 0 1
    outer loop
      vertex 61.7382 20.2465 2.15
      vertex 61.193 19.5034 2.15
      vertex 61.3673 19.4091 2.15
    endloop
  endfacet
  facet normal 0 0 1
    outer loop
      vertex 61.2879 20.4195 2.15
      vertex 60.9821 19.5881 2.15
      vertex 61.193 19.5034 2.15
    endloop
  endfacet
  facet normal 0 0 1
    outer loop
      vertex 60.9814 20.5115 2.15
      vertex 60.9821 19.5881 2.15
      vertex 61.2879 20.4195 2.15
    endloop
  endfacet
  facet normal 0 0 1
    outer loop
      vertex 60.9814 20.5115 2.15
      vertex 60.7346 19.6634 2.15
      vertex 60.9821 19.5881 2.15
    endloop
  endfacet
  facet normal 0 0 1
    outer loop
      vertex 60.6207 20.6073 2.15
      vertex 60.7346 19.6634 2.15
      vertex 60.9814 20.5115 2.15
    endloop
  endfacet
  facet normal 0 0 1
    outer loop
      vertex 60.0348 19.8478 2.15
      vertex 60.6207 20.6073 2.15
      vertex 60.2464 20.7022 2.15
    endloop
  endfacet
  facet normal 0 0 1
    outer loop
      vertex 60.6207 20.6073 2.15
      vertex 60.0348 19.8478 2.15
      vertex 60.7346 19.6634 2.15
    endloop
  endfacet
  facet normal 0 0 1
    outer loop
      vertex 59.9425 20.7863 2.15
      vertex 60.0348 19.8478 2.15
      vertex 60.2464 20.7022 2.15
    endloop
  endfacet
  facet normal 0 0 1
    outer loop
      vertex 59.6447 19.9558 2.15
      vertex 59.9425 20.7863 2.15
      vertex 59.7092 20.8596 2.15
    endloop
  endfacet
  facet normal 0 0 1
    outer loop
      vertex 59.9425 20.7863 2.15
      vertex 59.6447 19.9558 2.15
      vertex 60.0348 19.8478 2.15
    endloop
  endfacet
  facet normal 0 0 1
    outer loop
      vertex 59.3153 20.0628 2.15
      vertex 59.7092 20.8596 2.15
      vertex 59.5464 20.922 2.15
    endloop
  endfacet
  facet normal 0 0 1
    outer loop
      vertex 59.0466 20.1687 2.15
      vertex 59.5464 20.922 2.15
      vertex 59.4268 20.982 2.15
    endloop
  endfacet
  facet normal 0 0 1
    outer loop
      vertex 58.8385 20.2736 2.15
      vertex 59.4268 20.982 2.15
      vertex 59.3227 21.0481 2.15
    endloop
  endfacet
  facet normal 0 0 1
    outer loop
      vertex 59.7092 20.8596 2.15
      vertex 59.3153 20.0628 2.15
      vertex 59.6447 19.9558 2.15
    endloop
  endfacet
  facet normal 0 0 1
    outer loop
      vertex 58.6705 20.3837 2.15
      vertex 59.3227 21.0481 2.15
      vertex 59.2342 21.1203 2.15
    endloop
  endfacet
  facet normal 0 0 1
    outer loop
      vertex 58.5218 20.5049 2.15
      vertex 59.2342 21.1203 2.15
      vertex 59.1613 21.1986 2.15
    endloop
  endfacet
  facet normal 0 0 1
    outer loop
      vertex 58.3925 20.6373 2.15
      vertex 59.1613 21.1986 2.15
      vertex 59.1043 21.2854 2.15
    endloop
  endfacet
  facet normal 0 0 1
    outer loop
      vertex 58.1946 20.9386 2.15
      vertex 59.1043 21.2854 2.15
      vertex 59.0636 21.3831 2.15
    endloop
  endfacet
  facet normal 0 0 1
    outer loop
      vertex 59.5464 20.922 2.15
      vertex 59.0466 20.1687 2.15
      vertex 59.3153 20.0628 2.15
    endloop
  endfacet
  facet normal 0 0 1
    outer loop
      vertex 58.0943 21.3048 2.15
      vertex 59.0636 21.3831 2.15
      vertex 59.0392 21.4916 2.15
    endloop
  endfacet
  facet normal -0 0 1
    outer loop
      vertex 58.0817 21.5133 2.15
      vertex 59.0392 21.4916 2.15
      vertex 59.0311 21.6109 2.15
    endloop
  endfacet
  facet normal -0 0 1
    outer loop
      vertex 58.2248 22.2206 2.15
      vertex 59.1098 21.9662 2.15
      vertex 58.4037 22.5025 2.15
    endloop
  endfacet
  facet normal 0 0 1
    outer loop
      vertex 59.4268 20.982 2.15
      vertex 58.8385 20.2736 2.15
      vertex 59.0466 20.1687 2.15
    endloop
  endfacet
  facet normal 0 0 1
    outer loop
      vertex 59.3227 21.0481 2.15
      vertex 58.6705 20.3837 2.15
      vertex 58.8385 20.2736 2.15
    endloop
  endfacet
  facet normal 0 0 1
    outer loop
      vertex 59.1098 21.9662 2.15
      vertex 58.2248 22.2206 2.15
      vertex 59.0508 21.8015 2.15
    endloop
  endfacet
  facet normal 0 0 1
    outer loop
      vertex 59.0392 21.4916 2.15
      vertex 58.0817 21.5133 2.15
      vertex 58.0943 21.3048 2.15
    endloop
  endfacet
  facet normal -0 0 1
    outer loop
      vertex 58.1175 21.8909 2.15
      vertex 59.0508 21.8015 2.15
      vertex 58.2248 22.2206 2.15
    endloop
  endfacet
  facet normal 0 0 1
    outer loop
      vertex 59.2342 21.1203 2.15
      vertex 58.5218 20.5049 2.15
      vertex 58.6705 20.3837 2.15
    endloop
  endfacet
  facet normal 0 0 1
    outer loop
      vertex 59.1613 21.1986 2.15
      vertex 58.3925 20.6373 2.15
      vertex 58.5218 20.5049 2.15
    endloop
  endfacet
  facet normal 0 0 1
    outer loop
      vertex 59.0508 21.8015 2.15
      vertex 58.1175 21.8909 2.15
      vertex 59.0311 21.6109 2.15
    endloop
  endfacet
  facet normal 0 0 1
    outer loop
      vertex 59.0636 21.3831 2.15
      vertex 58.0943 21.3048 2.15
      vertex 58.1319 21.1132 2.15
    endloop
  endfacet
  facet normal 0 0 1
    outer loop
      vertex 59.1043 21.2854 2.15
      vertex 58.2825 20.7809 2.15
      vertex 58.3925 20.6373 2.15
    endloop
  endfacet
  facet normal 0 0 1
    outer loop
      vertex 59.0311 21.6109 2.15
      vertex 58.1175 21.8909 2.15
      vertex 58.0817 21.5133 2.15
    endloop
  endfacet
  facet normal 0 0 1
    outer loop
      vertex 59.0636 21.3831 2.15
      vertex 58.1319 21.1132 2.15
      vertex 58.1946 20.9386 2.15
    endloop
  endfacet
  facet normal 0 0 1
    outer loop
      vertex 59.1043 21.2854 2.15
      vertex 58.1946 20.9386 2.15
      vertex 58.2825 20.7809 2.15
    endloop
  endfacet
  facet normal 0 0 1
    outer loop
      vertex 61.7437 18.7412 2.15
      vertex 62.6862 18.9807 2.15
      vertex 62.6659 19.1351 2.15
    endloop
  endfacet
  facet normal 0 0 1
    outer loop
      vertex 62.6862 18.9807 2.15
      vertex 61.7437 18.7412 2.15
      vertex 62.693 18.8171 2.15
    endloop
  endfacet
  facet normal 0 0 1
    outer loop
      vertex 61.7437 18.7412 2.15
      vertex 62.6659 19.1351 2.15
      vertex 62.6319 19.2804 2.15
    endloop
  endfacet
  facet normal 0 0 1
    outer loop
      vertex 61.7437 18.7412 2.15
      vertex 62.6319 19.2804 2.15
      vertex 62.5845 19.4165 2.15
    endloop
  endfacet
  facet normal 0 0 1
    outer loop
      vertex 62.693 18.8171 2.15
      vertex 61.7437 18.7412 2.15
      vertex 62.6538 18.4258 2.15
    endloop
  endfacet
  facet normal 0 0 1
    outer loop
      vertex 61.7437 18.7412 2.15
      vertex 62.5845 19.4165 2.15
      vertex 62.5246 19.5442 2.15
    endloop
  endfacet
  facet normal 0 0 1
    outer loop
      vertex 61.7437 18.7412 2.15
      vertex 62.5246 19.5442 2.15
      vertex 62.4536 19.664 2.15
    endloop
  endfacet
  facet normal 0 0 1
    outer loop
      vertex 61.7437 18.7412 2.15
      vertex 62.4536 19.664 2.15
      vertex 62.3714 19.7761 2.15
    endloop
  endfacet
  facet normal -0 0 1
    outer loop
      vertex 61.7221 18.5275 2.15
      vertex 62.6538 18.4258 2.15
      vertex 61.7437 18.7412 2.15
    endloop
  endfacet
  facet normal 0 0 1
    outer loop
      vertex 61.7437 18.7412 2.15
      vertex 62.3714 19.7761 2.15
      vertex 62.278 19.8804 2.15
    endloop
  endfacet
  facet normal 0 0 1
    outer loop
      vertex 61.7437 18.7412 2.15
      vertex 62.278 19.8804 2.15
      vertex 62.17 19.9785 2.15
    endloop
  endfacet
  facet normal 0 0 1
    outer loop
      vertex 62.6538 18.4258 2.15
      vertex 61.7221 18.5275 2.15
      vertex 62.5363 18.082 2.15
    endloop
  endfacet
  facet normal 0 0 1
    outer loop
      vertex 61.7437 18.7412 2.15
      vertex 62.17 19.9785 2.15
      vertex 62.044 20.0723 2.15
    endloop
  endfacet
  facet normal 0 0 1
    outer loop
      vertex 61.7437 18.7412 2.15
      vertex 62.044 20.0723 2.15
      vertex 61.9001 20.1616 2.15
    endloop
  endfacet
  facet normal -0 0 1
    outer loop
      vertex 61.6575 18.3424 2.15
      vertex 62.5363 18.082 2.15
      vertex 61.7221 18.5275 2.15
    endloop
  endfacet
  facet normal 0 0 1
    outer loop
      vertex 62.5363 18.082 2.15
      vertex 61.6575 18.3424 2.15
      vertex 62.3405 17.7857 2.15
    endloop
  endfacet
  facet normal -0 0 1
    outer loop
      vertex 61.5499 18.1857 2.15
      vertex 62.3405 17.7857 2.15
      vertex 61.6575 18.3424 2.15
    endloop
  endfacet
  facet normal 0 0 1
    outer loop
      vertex 62.3405 17.7857 2.15
      vertex 61.5499 18.1857 2.15
      vertex 62.0664 17.5368 2.15
    endloop
  endfacet
  facet normal -0 0 1
    outer loop
      vertex 61.3992 18.0576 2.15
      vertex 62.0664 17.5368 2.15
      vertex 61.5499 18.1857 2.15
    endloop
  endfacet
  facet normal 0 0 1
    outer loop
      vertex 62.0664 17.5368 2.15
      vertex 61.3992 18.0576 2.15
      vertex 61.7217 17.3398 2.15
    endloop
  endfacet
  facet normal -0 0 1
    outer loop
      vertex 61.202 17.9579 2.15
      vertex 61.7217 17.3398 2.15
      vertex 61.3992 18.0576 2.15
    endloop
  endfacet
  facet normal 0 0 1
    outer loop
      vertex 61.7217 17.3398 2.15
      vertex 61.202 17.9579 2.15
      vertex 61.3143 17.1991 2.15
    endloop
  endfacet
  facet normal -0 0 1
    outer loop
      vertex 60.955 17.8867 2.15
      vertex 61.3143 17.1991 2.15
      vertex 61.202 17.9579 2.15
    endloop
  endfacet
  facet normal 0 0 1
    outer loop
      vertex 60.955 17.8867 2.15
      vertex 60.8442 17.1147 2.15
      vertex 61.3143 17.1991 2.15
    endloop
  endfacet
  facet normal -0 0 1
    outer loop
      vertex 60.6581 17.844 2.15
      vertex 60.8442 17.1147 2.15
      vertex 60.955 17.8867 2.15
    endloop
  endfacet
  facet normal 0 0 1
    outer loop
      vertex 60.3114 17.0865 2.15
      vertex 60.6581 17.844 2.15
      vertex 60.3114 17.8297 2.15
    endloop
  endfacet
  facet normal 0 0 1
    outer loop
      vertex 60.6581 17.844 2.15
      vertex 60.3114 17.0865 2.15
      vertex 60.8442 17.1147 2.15
    endloop
  endfacet
  facet normal 0 0 1
    outer loop
      vertex 59.9832 17.8435 2.15
      vertex 60.3114 17.0865 2.15
      vertex 60.3114 17.8297 2.15
    endloop
  endfacet
  facet normal 0 0 1
    outer loop
      vertex 59.9832 17.8435 2.15
      vertex 59.7948 17.1091 2.15
      vertex 60.3114 17.0865 2.15
    endloop
  endfacet
  facet normal 0 0 1
    outer loop
      vertex 59.6929 17.8846 2.15
      vertex 59.7948 17.1091 2.15
      vertex 59.9832 17.8435 2.15
    endloop
  endfacet
  facet normal 0 0 1
    outer loop
      vertex 59.341 17.1767 2.15
      vertex 59.6929 17.8846 2.15
      vertex 59.4407 17.9533 2.15
    endloop
  endfacet
  facet normal 0 0 1
    outer loop
      vertex 59.6929 17.8846 2.15
      vertex 59.341 17.1767 2.15
      vertex 59.7948 17.1091 2.15
    endloop
  endfacet
  facet normal 0 0 1
    outer loop
      vertex 58.9499 17.2894 2.15
      vertex 59.4407 17.9533 2.15
      vertex 59.2264 18.0494 2.15
    endloop
  endfacet
  facet normal 0 0 1
    outer loop
      vertex 58.6215 17.4473 2.15
      vertex 59.2264 18.0494 2.15
      vertex 59.0477 18.175 2.15
    endloop
  endfacet
  facet normal 0 0 1
    outer loop
      vertex 59.4407 17.9533 2.15
      vertex 58.9499 17.2894 2.15
      vertex 59.341 17.1767 2.15
    endloop
  endfacet
  facet normal 0 0 1
    outer loop
      vertex 58.3504 17.6529 2.15
      vertex 59.0477 18.175 2.15
      vertex 58.9023 18.3322 2.15
    endloop
  endfacet
  facet normal 0 0 1
    outer loop
      vertex 58.1312 17.9091 2.15
      vertex 58.9023 18.3322 2.15
      vertex 58.7901 18.5209 2.15
    endloop
  endfacet
  facet normal 0 0 1
    outer loop
      vertex 57.9639 18.2157 2.15
      vertex 58.7901 18.5209 2.15
      vertex 58.7111 18.7412 2.15
    endloop
  endfacet
  facet normal 0 0 1
    outer loop
      vertex 59.2264 18.0494 2.15
      vertex 58.6215 17.4473 2.15
      vertex 58.9499 17.2894 2.15
    endloop
  endfacet
  facet normal 0 0 1
    outer loop
      vertex 59.0477 18.175 2.15
      vertex 58.3504 17.6529 2.15
      vertex 58.6215 17.4473 2.15
    endloop
  endfacet
  facet normal 0 0 1
    outer loop
      vertex 58.9023 18.3322 2.15
      vertex 58.1312 17.9091 2.15
      vertex 58.3504 17.6529 2.15
    endloop
  endfacet
  facet normal 0 0 1
    outer loop
      vertex 58.7901 18.5209 2.15
      vertex 57.9639 18.2157 2.15
      vertex 58.1312 17.9091 2.15
    endloop
  endfacet
  facet normal 0 -0 1
    outer loop
      vertex 57.9639 18.2157 2.15
      vertex 58.7111 18.7412 2.15
      vertex 57.8484 18.5729 2.15
    endloop
  endfacet
  facet normal 0 0 1
    outer loop
      vertex 70.7255 19.7373 2.15
      vertex 70.7445 17.2221 2.15
      vertex 70.7608 19.6389 2.15
    endloop
  endfacet
  facet normal 0 0 1
    outer loop
      vertex 70.6956 19.8207 2.15
      vertex 70.7445 17.2221 2.15
      vertex 70.7255 19.7373 2.15
    endloop
  endfacet
  facet normal -0 0 1
    outer loop
      vertex 68.4171 23.0648 2.15
      vertex 70.6956 19.8207 2.15
      vertex 69.4588 23.0648 2.15
    endloop
  endfacet
  facet normal 0 0 1
    outer loop
      vertex 70.6956 19.8207 2.15
      vertex 68.4171 23.0648 2.15
      vertex 70.7445 17.2221 2.15
    endloop
  endfacet
  facet normal 0 0 1
    outer loop
      vertex 71.6071 19.327 2.15
      vertex 73.9236 23.0648 2.15
      vertex 72.8927 23.0648 2.15
    endloop
  endfacet
  facet normal 0 0 1
    outer loop
      vertex 73.9236 23.0648 2.15
      vertex 71.6071 19.327 2.15
      vertex 71.6667 17.195 2.15
    endloop
  endfacet
  facet normal -0 0 1
    outer loop
      vertex 71.2273 18.2583 2.15
      vertex 71.6667 17.195 2.15
      vertex 71.6071 19.327 2.15
    endloop
  endfacet
  facet normal -0 0 1
    outer loop
      vertex 70.7445 17.2221 2.15
      vertex 71.6667 17.195 2.15
      vertex 71.2273 18.2583 2.15
    endloop
  endfacet
  facet normal 0 0 1
    outer loop
      vertex 71.6667 17.195 2.15
      vertex 70.7445 17.2221 2.15
      vertex 71.4881 16.7557 2.15
    endloop
  endfacet
  facet normal 0 0 1
    outer loop
      vertex 70.7445 17.2221 2.15
      vertex 71.2273 18.2583 2.15
      vertex 71.2073 18.3268 2.15
    endloop
  endfacet
  facet normal 0 0 1
    outer loop
      vertex 70.7445 17.2221 2.15
      vertex 71.2073 18.3268 2.15
      vertex 71.1636 18.4617 2.15
    endloop
  endfacet
  facet normal -0 0 1
    outer loop
      vertex 70.6523 16.9888 2.15
      vertex 71.4881 16.7557 2.15
      vertex 70.7445 17.2221 2.15
    endloop
  endfacet
  facet normal 0 0 1
    outer loop
      vertex 70.7445 17.2221 2.15
      vertex 71.1636 18.4617 2.15
      vertex 71.0961 18.6631 2.15
    endloop
  endfacet
  facet normal 0 0 1
    outer loop
      vertex 70.7445 17.2221 2.15
      vertex 71.0961 18.6631 2.15
      vertex 71.0049 18.931 2.15
    endloop
  endfacet
  facet normal 0 0 1
    outer loop
      vertex 71.4881 16.7557 2.15
      vertex 70.6523 16.9888 2.15
      vertex 71.3154 16.3765 2.15
    endloop
  endfacet
  facet normal 0 0 1
    outer loop
      vertex 70.7445 17.2221 2.15
      vertex 71.0049 18.931 2.15
      vertex 70.9123 19.2011 2.15
    endloop
  endfacet
  facet normal 0 0 1
    outer loop
      vertex 70.7445 17.2221 2.15
      vertex 70.9123 19.2011 2.15
      vertex 70.8408 19.4091 2.15
    endloop
  endfacet
  facet normal -0 0 1
    outer loop
      vertex 70.3627 16.4026 2.15
      vertex 71.3154 16.3765 2.15
      vertex 70.6523 16.9888 2.15
    endloop
  endfacet
  facet normal 0 0 1
    outer loop
      vertex 70.7445 17.2221 2.15
      vertex 70.8408 19.4091 2.15
      vertex 70.7903 19.555 2.15
    endloop
  endfacet
  facet normal 0 0 1
    outer loop
      vertex 70.7445 17.2221 2.15
      vertex 70.7903 19.555 2.15
      vertex 70.7608 19.6389 2.15
    endloop
  endfacet
  facet normal 0 0 1
    outer loop
      vertex 71.3154 16.3765 2.15
      vertex 70.3627 16.4026 2.15
      vertex 71.149 16.0573 2.15
    endloop
  endfacet
  facet normal 0 0 1
    outer loop
      vertex 71.149 16.0573 2.15
      vertex 70.3627 16.4026 2.15
      vertex 70.9886 15.798 2.15
    endloop
  endfacet
  facet normal 0 0 1
    outer loop
      vertex 70.9886 15.798 2.15
      vertex 70.3627 16.4026 2.15
      vertex 70.827 15.5834 2.15
    endloop
  endfacet
  facet normal -0 0 1
    outer loop
      vertex 70.0257 15.9838 2.15
      vertex 70.827 15.5834 2.15
      vertex 70.3627 16.4026 2.15
    endloop
  endfacet
  facet normal 0 0 1
    outer loop
      vertex 70.827 15.5834 2.15
      vertex 70.0257 15.9838 2.15
      vertex 70.657 15.398 2.15
    endloop
  endfacet
  facet normal 0 0 1
    outer loop
      vertex 70.657 15.398 2.15
      vertex 70.0257 15.9838 2.15
      vertex 70.4785 15.2417 2.15
    endloop
  endfacet
  facet normal 0 0 1
    outer loop
      vertex 70.4785 15.2417 2.15
      vertex 70.0257 15.9838 2.15
      vertex 70.2915 15.1145 2.15
    endloop
  endfacet
  facet normal -0 0 1
    outer loop
      vertex 69.6412 15.7326 2.15
      vertex 70.2915 15.1145 2.15
      vertex 70.0257 15.9838 2.15
    endloop
  endfacet
  facet normal 0 0 1
    outer loop
      vertex 70.2915 15.1145 2.15
      vertex 69.6412 15.7326 2.15
      vertex 70.094 15.016 2.15
    endloop
  endfacet
  facet normal 0 0 1
    outer loop
      vertex 70.094 15.016 2.15
      vertex 69.6412 15.7326 2.15
      vertex 69.884 14.9457 2.15
    endloop
  endfacet
  facet normal 0 0 1
    outer loop
      vertex 69.884 14.9457 2.15
      vertex 69.6412 15.7326 2.15
      vertex 69.6613 14.9035 2.15
    endloop
  endfacet
  facet normal 0 0 1
    outer loop
      vertex 69.6412 15.7326 2.15
      vertex 69.4262 14.8894 2.15
      vertex 69.6613 14.9035 2.15
    endloop
  endfacet
  facet normal -0 0 1
    outer loop
      vertex 69.2092 15.6488 2.15
      vertex 69.4262 14.8894 2.15
      vertex 69.6412 15.7326 2.15
    endloop
  endfacet
  facet normal 0 0 1
    outer loop
      vertex 69.4262 14.8894 2.15
      vertex 69.2092 15.6488 2.15
      vertex 69.2336 14.8931 2.15
    endloop
  endfacet
  facet normal 0 0 1
    outer loop
      vertex 69.0573 14.9043 2.15
      vertex 69.2092 15.6488 2.15
      vertex 69.0871 15.6509 2.15
    endloop
  endfacet
  facet normal 0 0 1
    outer loop
      vertex 69.2092 15.6488 2.15
      vertex 69.0573 14.9043 2.15
      vertex 69.2336 14.8931 2.15
    endloop
  endfacet
  facet normal 0 0 1
    outer loop
      vertex 68.8972 14.923 2.15
      vertex 69.0871 15.6509 2.15
      vertex 68.9705 15.657 2.15
    endloop
  endfacet
  facet normal 0 0 1
    outer loop
      vertex 69.0871 15.6509 2.15
      vertex 68.8972 14.923 2.15
      vertex 69.0573 14.9043 2.15
    endloop
  endfacet
  facet normal 0 0 1
    outer loop
      vertex 68.7535 14.9491 2.15
      vertex 68.9705 15.657 2.15
      vertex 68.8593 15.6672 2.15
    endloop
  endfacet
  facet normal 0 0 1
    outer loop
      vertex 68.7535 14.9491 2.15
      vertex 68.8593 15.6672 2.15
      vertex 68.7535 15.6814 2.15
    endloop
  endfacet
  facet normal 0 0 1
    outer loop
      vertex 68.9705 15.657 2.15
      vertex 68.7535 14.9491 2.15
      vertex 68.8972 14.923 2.15
    endloop
  endfacet
  facet normal 0 0 1
    outer loop
      vertex 45.6124 19.2348 2.15
      vertex 47.9831 23.0648 2.15
      vertex 46.9469 23.0648 2.15
    endloop
  endfacet
  facet normal 0 0 1
    outer loop
      vertex 47.9831 23.0648 2.15
      vertex 45.6124 19.2348 2.15
      vertex 45.7914 17.195 2.15
    endloop
  endfacet
  facet normal -0 0 1
    outer loop
      vertex 45.4009 18.5947 2.15
      vertex 45.7914 17.195 2.15
      vertex 45.6124 19.2348 2.15
    endloop
  endfacet
  facet normal -0 0 1
    outer loop
      vertex 45.211 17.96 2.15
      vertex 45.7914 17.195 2.15
      vertex 45.4009 18.5947 2.15
    endloop
  endfacet
  facet normal 0 0 1
    outer loop
      vertex 44.6359 17.195 2.15
      vertex 45.0736 18.4411 2.15
      vertex 44.9655 18.8158 2.15
    endloop
  endfacet
  facet normal 0 0 1
    outer loop
      vertex 44.6359 17.195 2.15
      vertex 44.9655 18.8158 2.15
      vertex 44.8865 19.0839 2.15
    endloop
  endfacet
  facet normal 0 0 1
    outer loop
      vertex 44.6359 17.195 2.15
      vertex 44.8865 19.0839 2.15
      vertex 44.8366 19.2457 2.15
    endloop
  endfacet
  facet normal 0 0 1
    outer loop
      vertex 45.211 17.96 2.15
      vertex 44.6359 17.195 2.15
      vertex 45.7914 17.195 2.15
    endloop
  endfacet
  facet normal 0 0 1
    outer loop
      vertex 45.0736 18.4411 2.15
      vertex 44.6359 17.195 2.15
      vertex 45.211 17.96 2.15
    endloop
  endfacet
  facet normal -0 0 1
    outer loop
      vertex 42.5039 23.0648 2.15
      vertex 44.8366 19.2457 2.15
      vertex 43.5455 23.0648 2.15
    endloop
  endfacet
  facet normal 0 0 1
    outer loop
      vertex 44.8366 19.2457 2.15
      vertex 42.5039 23.0648 2.15
      vertex 44.6359 17.195 2.15
    endloop
  endfacet
  facet normal -0 0 1
    outer loop
      vertex 40.7984 23.0648 2.15
      vertex 41.775 17.195 2.15
      vertex 41.775 23.0648 2.15
    endloop
  endfacet
  facet normal 0 0 1
    outer loop
      vertex 41.775 17.195 2.15
      vertex 40.7984 23.0648 2.15
      vertex 40.7984 17.195 2.15
    endloop
  endfacet
  facet normal 0 1 -0
    outer loop
      vertex 41.775 25.2457 1.2
      vertex 40.7984 25.2457 2.15
      vertex 41.775 25.2457 2.15
    endloop
  endfacet
  facet normal 0 1 0
    outer loop
      vertex 40.7984 25.2457 2.15
      vertex 41.775 25.2457 1.2
      vertex 40.7984 25.2457 1.2
    endloop
  endfacet
  facet normal -1 0 0
    outer loop
      vertex 40.7984 24.3126 1.2
      vertex 40.7984 25.2457 2.15
      vertex 40.7984 25.2457 1.2
    endloop
  endfacet
  facet normal -1 -0 0
    outer loop
      vertex 40.7984 25.2457 2.15
      vertex 40.7984 24.3126 1.2
      vertex 40.7984 24.3126 2.15
    endloop
  endfacet
  facet normal 0 -1 0
    outer loop
      vertex 40.7984 24.3126 1.2
      vertex 41.775 24.3126 2.15
      vertex 40.7984 24.3126 2.15
    endloop
  endfacet
  facet normal 0 -1 -0
    outer loop
      vertex 41.775 24.3126 2.15
      vertex 40.7984 24.3126 1.2
      vertex 41.775 24.3126 1.2
    endloop
  endfacet
  facet normal 1 -0 0
    outer loop
      vertex 41.775 24.3126 2.15
      vertex 41.775 25.2457 1.2
      vertex 41.775 25.2457 2.15
    endloop
  endfacet
  facet normal 1 0 0
    outer loop
      vertex 41.775 25.2457 1.2
      vertex 41.775 24.3126 2.15
      vertex 41.775 24.3126 1.2
    endloop
  endfacet
  facet normal 0 1 -0
    outer loop
      vertex 64.6844 25.2457 1.2
      vertex 63.7078 25.2457 2.15
      vertex 64.6844 25.2457 2.15
    endloop
  endfacet
  facet normal 0 1 0
    outer loop
      vertex 63.7078 25.2457 2.15
      vertex 64.6844 25.2457 1.2
      vertex 63.7078 25.2457 1.2
    endloop
  endfacet
  facet normal -1 0 0
    outer loop
      vertex 63.7078 24.3126 1.2
      vertex 63.7078 25.2457 2.15
      vertex 63.7078 25.2457 1.2
    endloop
  endfacet
  facet normal -1 -0 0
    outer loop
      vertex 63.7078 25.2457 2.15
      vertex 63.7078 24.3126 1.2
      vertex 63.7078 24.3126 2.15
    endloop
  endfacet
  facet normal 0 -1 0
    outer loop
      vertex 63.7078 24.3126 1.2
      vertex 64.6844 24.3126 2.15
      vertex 63.7078 24.3126 2.15
    endloop
  endfacet
  facet normal 0 -1 -0
    outer loop
      vertex 64.6844 24.3126 2.15
      vertex 63.7078 24.3126 1.2
      vertex 64.6844 24.3126 1.2
    endloop
  endfacet
  facet normal 1 -0 0
    outer loop
      vertex 64.6844 24.3126 2.15
      vertex 64.6844 25.2457 1.2
      vertex 64.6844 25.2457 2.15
    endloop
  endfacet
  facet normal 1 0 0
    outer loop
      vertex 64.6844 25.2457 1.2
      vertex 64.6844 24.3126 2.15
      vertex 64.6844 24.3126 1.2
    endloop
  endfacet
  facet normal 0.149912 -0.988699 0
    outer loop
      vertex 30.6224 17.1087 1.2
      vertex 31.0623 17.1754 2.15
      vertex 30.6224 17.1087 2.15
    endloop
  endfacet
  facet normal 0.149912 -0.988699 0
    outer loop
      vertex 31.0623 17.1754 2.15
      vertex 30.6224 17.1087 1.2
      vertex 31.0623 17.1754 1.2
    endloop
  endfacet
  facet normal 0.262697 -0.964878 0
    outer loop
      vertex 31.0623 17.1754 1.2
      vertex 31.47 17.2864 2.15
      vertex 31.0623 17.1754 2.15
    endloop
  endfacet
  facet normal 0.262697 -0.964878 0
    outer loop
      vertex 31.47 17.2864 2.15
      vertex 31.0623 17.1754 1.2
      vertex 31.47 17.2864 1.2
    endloop
  endfacet
  facet normal 0.382395 -0.923999 0
    outer loop
      vertex 31.47 17.2864 1.2
      vertex 31.8455 17.4418 2.15
      vertex 31.47 17.2864 2.15
    endloop
  endfacet
  facet normal 0.382395 -0.923999 0
    outer loop
      vertex 31.8455 17.4418 2.15
      vertex 31.47 17.2864 1.2
      vertex 31.8455 17.4418 1.2
    endloop
  endfacet
  facet normal 0.503285 -0.864121 0
    outer loop
      vertex 31.8455 17.4418 1.2
      vertex 32.1846 17.6393 2.15
      vertex 31.8455 17.4418 2.15
    endloop
  endfacet
  facet normal 0.503285 -0.864121 0
    outer loop
      vertex 32.1846 17.6393 2.15
      vertex 31.8455 17.4418 1.2
      vertex 32.1846 17.6393 1.2
    endloop
  endfacet
  facet normal 0.622261 -0.78281 0
    outer loop
      vertex 32.1846 17.6393 1.2
      vertex 32.483 17.8765 2.15
      vertex 32.1846 17.6393 2.15
    endloop
  endfacet
  facet normal 0.622261 -0.78281 0
    outer loop
      vertex 32.483 17.8765 2.15
      vertex 32.1846 17.6393 1.2
      vertex 32.483 17.8765 1.2
    endloop
  endfacet
  facet normal 0.73203 -0.681272 0
    outer loop
      vertex 32.483 17.8765 2.15
      vertex 32.7407 18.1534 1.2
      vertex 32.7407 18.1534 2.15
    endloop
  endfacet
  facet normal 0.73203 -0.681272 0
    outer loop
      vertex 32.7407 18.1534 1.2
      vertex 32.483 17.8765 2.15
      vertex 32.483 17.8765 1.2
    endloop
  endfacet
  facet normal 0.824764 -0.565478 0
    outer loop
      vertex 32.7407 18.1534 2.15
      vertex 32.9577 18.4699 1.2
      vertex 32.9577 18.4699 2.15
    endloop
  endfacet
  facet normal 0.824764 -0.565478 0
    outer loop
      vertex 32.9577 18.4699 1.2
      vertex 32.7407 18.1534 2.15
      vertex 32.7407 18.1534 1.2
    endloop
  endfacet
  facet normal 0.898521 -0.438931 0
    outer loop
      vertex 32.9577 18.4699 2.15
      vertex 33.1298 18.8222 1.2
      vertex 33.1298 18.8222 2.15
    endloop
  endfacet
  facet normal 0.898521 -0.438931 0
    outer loop
      vertex 33.1298 18.8222 1.2
      vertex 32.9577 18.4699 2.15
      vertex 32.9577 18.4699 1.2
    endloop
  endfacet
  facet normal 0.952433 -0.304749 0
    outer loop
      vertex 33.1298 18.8222 2.15
      vertex 33.2527 19.2063 1.2
      vertex 33.2527 19.2063 2.15
    endloop
  endfacet
  facet normal 0.952433 -0.304749 0
    outer loop
      vertex 33.2527 19.2063 1.2
      vertex 33.1298 18.8222 2.15
      vertex 33.1298 18.8222 1.2
    endloop
  endfacet
  facet normal 0.984674 -0.174406 0
    outer loop
      vertex 33.2527 19.2063 2.15
      vertex 33.3264 19.6224 1.2
      vertex 33.3264 19.6224 2.15
    endloop
  endfacet
  facet normal 0.984674 -0.174406 0
    outer loop
      vertex 33.3264 19.6224 1.2
      vertex 33.2527 19.2063 2.15
      vertex 33.2527 19.2063 1.2
    endloop
  endfacet
  facet normal 0.998495 -0.0548403 0
    outer loop
      vertex 33.3264 19.6224 2.15
      vertex 33.351 20.0703 1.2
      vertex 33.351 20.0703 2.15
    endloop
  endfacet
  facet normal 0.998495 -0.0548403 0
    outer loop
      vertex 33.351 20.0703 1.2
      vertex 33.3264 19.6224 2.15
      vertex 33.3264 19.6224 1.2
    endloop
  endfacet
  facet normal 1 -0 0
    outer loop
      vertex 33.351 20.0703 2.15
      vertex 33.351 24.8388 1.2
      vertex 33.351 24.8388 2.15
    endloop
  endfacet
  facet normal 1 0 0
    outer loop
      vertex 33.351 24.8388 1.2
      vertex 33.351 20.0703 2.15
      vertex 33.351 20.0703 1.2
    endloop
  endfacet
  facet normal 0 1 -0
    outer loop
      vertex 33.351 24.8388 1.2
      vertex 32.3203 24.8388 2.15
      vertex 33.351 24.8388 2.15
    endloop
  endfacet
  facet normal 0 1 0
    outer loop
      vertex 32.3203 24.8388 2.15
      vertex 33.351 24.8388 1.2
      vertex 32.3203 24.8388 1.2
    endloop
  endfacet
  facet normal -1 0 0
    outer loop
      vertex 32.3203 20.13 1.2
      vertex 32.3203 24.8388 2.15
      vertex 32.3203 24.8388 1.2
    endloop
  endfacet
  facet normal -1 -0 0
    outer loop
      vertex 32.3203 24.8388 2.15
      vertex 32.3203 20.13 1.2
      vertex 32.3203 20.13 2.15
    endloop
  endfacet
  facet normal -0.997521 0.070367 0
    outer loop
      vertex 32.2845 19.6225 1.2
      vertex 32.3203 20.13 2.15
      vertex 32.3203 20.13 1.2
    endloop
  endfacet
  facet normal -0.997521 0.070367 0
    outer loop
      vertex 32.3203 20.13 2.15
      vertex 32.2845 19.6225 1.2
      vertex 32.2845 19.6225 2.15
    endloop
  endfacet
  facet normal -0.971849 0.235606 0
    outer loop
      vertex 32.1772 19.1799 1.2
      vertex 32.2845 19.6225 2.15
      vertex 32.2845 19.6225 1.2
    endloop
  endfacet
  facet normal -0.971849 0.235606 0
    outer loop
      vertex 32.2845 19.6225 2.15
      vertex 32.1772 19.1799 1.2
      vertex 32.1772 19.1799 2.15
    endloop
  endfacet
  facet normal -0.903835 0.427881 0
    outer loop
      vertex 31.9983 18.802 1.2
      vertex 32.1772 19.1799 2.15
      vertex 32.1772 19.1799 1.2
    endloop
  endfacet
  facet normal -0.903835 0.427881 0
    outer loop
      vertex 32.1772 19.1799 2.15
      vertex 31.9983 18.802 1.2
      vertex 31.9983 18.802 2.15
    endloop
  endfacet
  facet normal -0.781063 0.624452 0
    outer loop
      vertex 31.7479 18.4888 1.2
      vertex 31.9983 18.802 2.15
      vertex 31.9983 18.802 1.2
    endloop
  endfacet
  facet normal -0.781063 0.624452 0
    outer loop
      vertex 31.9983 18.802 2.15
      vertex 31.7479 18.4888 1.2
      vertex 31.7479 18.4888 2.15
    endloop
  endfacet
  facet normal -0.615119 0.788434 0
    outer loop
      vertex 31.7479 18.4888 1.2
      vertex 31.4331 18.2432 2.15
      vertex 31.7479 18.4888 2.15
    endloop
  endfacet
  facet normal -0.615119 0.788434 0
    outer loop
      vertex 31.4331 18.2432 2.15
      vertex 31.7479 18.4888 1.2
      vertex 31.4331 18.2432 1.2
    endloop
  endfacet
  facet normal -0.426382 0.904543 0
    outer loop
      vertex 31.4331 18.2432 1.2
      vertex 31.061 18.0678 2.15
      vertex 31.4331 18.2432 2.15
    endloop
  endfacet
  facet normal -0.426382 0.904543 0
    outer loop
      vertex 31.061 18.0678 2.15
      vertex 31.4331 18.2432 1.2
      vertex 31.061 18.0678 1.2
    endloop
  endfacet
  facet normal -0.238169 0.971224 0
    outer loop
      vertex 31.061 18.0678 1.2
      vertex 30.6316 17.9625 2.15
      vertex 31.061 18.0678 2.15
    endloop
  endfacet
  facet normal -0.238169 0.971224 0
    outer loop
      vertex 30.6316 17.9625 2.15
      vertex 31.061 18.0678 1.2
      vertex 30.6316 17.9625 1.2
    endloop
  endfacet
  facet normal -0.0719168 0.997411 0
    outer loop
      vertex 30.6316 17.9625 1.2
      vertex 30.1448 17.9274 2.15
      vertex 30.6316 17.9625 2.15
    endloop
  endfacet
  facet normal -0.0719168 0.997411 0
    outer loop
      vertex 30.1448 17.9274 2.15
      vertex 30.6316 17.9625 1.2
      vertex 30.1448 17.9274 1.2
    endloop
  endfacet
  facet normal 0.0715922 0.997434 -0
    outer loop
      vertex 30.1448 17.9274 1.2
      vertex 29.6725 17.9613 2.15
      vertex 30.1448 17.9274 2.15
    endloop
  endfacet
  facet normal 0.0715922 0.997434 0
    outer loop
      vertex 29.6725 17.9613 2.15
      vertex 30.1448 17.9274 1.2
      vertex 29.6725 17.9613 1.2
    endloop
  endfacet
  facet normal 0.238941 0.971034 -0
    outer loop
      vertex 29.6725 17.9613 1.2
      vertex 29.2592 18.063 2.15
      vertex 29.6725 17.9613 2.15
    endloop
  endfacet
  facet normal 0.238941 0.971034 0
    outer loop
      vertex 29.2592 18.063 2.15
      vertex 29.6725 17.9613 1.2
      vertex 29.2592 18.063 1.2
    endloop
  endfacet
  facet normal 0.431771 0.901983 -0
    outer loop
      vertex 29.2592 18.063 1.2
      vertex 28.9049 18.2326 2.15
      vertex 29.2592 18.063 2.15
    endloop
  endfacet
  facet normal 0.431771 0.901983 0
    outer loop
      vertex 28.9049 18.2326 2.15
      vertex 29.2592 18.063 1.2
      vertex 28.9049 18.2326 1.2
    endloop
  endfacet
  facet normal 0.626271 0.779606 -0
    outer loop
      vertex 28.9049 18.2326 1.2
      vertex 28.6095 18.4699 2.15
      vertex 28.9049 18.2326 2.15
    endloop
  endfacet
  facet normal 0.626271 0.779606 0
    outer loop
      vertex 28.6095 18.4699 2.15
      vertex 28.9049 18.2326 1.2
      vertex 28.6095 18.4699 1.2
    endloop
  endfacet
  facet normal 0.793159 0.609014 0
    outer loop
      vertex 28.6095 18.4699 2.15
      vertex 28.377 18.7727 1.2
      vertex 28.377 18.7727 2.15
    endloop
  endfacet
  facet normal 0.793159 0.609014 0
    outer loop
      vertex 28.377 18.7727 1.2
      vertex 28.6095 18.4699 2.15
      vertex 28.6095 18.4699 1.2
    endloop
  endfacet
  facet normal 0.910435 0.413653 0
    outer loop
      vertex 28.377 18.7727 2.15
      vertex 28.2108 19.1385 1.2
      vertex 28.2108 19.1385 2.15
    endloop
  endfacet
  facet normal 0.910435 0.413653 0
    outer loop
      vertex 28.2108 19.1385 1.2
      vertex 28.377 18.7727 2.15
      vertex 28.377 18.7727 1.2
    endloop
  endfacet
  facet normal 0.97408 0.226203 0
    outer loop
      vertex 28.2108 19.1385 2.15
      vertex 28.1112 19.5674 1.2
      vertex 28.1112 19.5674 2.15
    endloop
  endfacet
  facet normal 0.97408 0.226203 0
    outer loop
      vertex 28.1112 19.5674 1.2
      vertex 28.2108 19.1385 2.15
      vertex 28.2108 19.1385 1.2
    endloop
  endfacet
  facet normal 0.997717 0.0675284 0
    outer loop
      vertex 28.1112 19.5674 2.15
      vertex 28.0779 20.0594 1.2
      vertex 28.0779 20.0594 2.15
    endloop
  endfacet
  facet normal 0.997717 0.0675284 0
    outer loop
      vertex 28.0779 20.0594 1.2
      vertex 28.1112 19.5674 2.15
      vertex 28.1112 19.5674 1.2
    endloop
  endfacet
  facet normal 1 -0 0
    outer loop
      vertex 28.0779 20.0594 2.15
      vertex 28.0779 24.8388 1.2
      vertex 28.0779 24.8388 2.15
    endloop
  endfacet
  facet normal 1 0 0
    outer loop
      vertex 28.0779 24.8388 1.2
      vertex 28.0779 20.0594 2.15
      vertex 28.0779 20.0594 1.2
    endloop
  endfacet
  facet normal 0 1 -0
    outer loop
      vertex 28.0779 24.8388 1.2
      vertex 27.0417 24.8388 2.15
      vertex 28.0779 24.8388 2.15
    endloop
  endfacet
  facet normal 0 1 0
    outer loop
      vertex 27.0417 24.8388 2.15
      vertex 28.0779 24.8388 1.2
      vertex 27.0417 24.8388 1.2
    endloop
  endfacet
  facet normal -1 0 0
    outer loop
      vertex 27.0417 19.9726 1.2
      vertex 27.0417 24.8388 2.15
      vertex 27.0417 24.8388 1.2
    endloop
  endfacet
  facet normal -1 -0 0
    outer loop
      vertex 27.0417 24.8388 2.15
      vertex 27.0417 19.9726 1.2
      vertex 27.0417 19.9726 2.15
    endloop
  endfacet
  facet normal -0.998467 -0.0553555 0
    outer loop
      vertex 27.0658 19.5379 1.2
      vertex 27.0417 19.9726 2.15
      vertex 27.0417 19.9726 1.2
    endloop
  endfacet
  facet normal -0.998467 -0.0553555 0
    outer loop
      vertex 27.0417 19.9726 2.15
      vertex 27.0658 19.5379 1.2
      vertex 27.0658 19.5379 2.15
    endloop
  endfacet
  facet normal -0.984366 -0.176137 0
    outer loop
      vertex 27.138 19.1344 1.2
      vertex 27.0658 19.5379 2.15
      vertex 27.0658 19.5379 1.2
    endloop
  endfacet
  facet normal -0.984366 -0.176137 0
    outer loop
      vertex 27.0658 19.5379 2.15
      vertex 27.138 19.1344 1.2
      vertex 27.138 19.1344 2.15
    endloop
  endfacet
  facet normal -0.951482 -0.307705 0
    outer loop
      vertex 27.2584 18.7621 1.2
      vertex 27.138 19.1344 2.15
      vertex 27.138 19.1344 1.2
    endloop
  endfacet
  facet normal -0.951482 -0.307705 0
    outer loop
      vertex 27.138 19.1344 2.15
      vertex 27.2584 18.7621 1.2
      vertex 27.2584 18.7621 2.15
    endloop
  endfacet
  facet normal -0.896572 -0.442898 0
    outer loop
      vertex 27.4269 18.421 1.2
      vertex 27.2584 18.7621 2.15
      vertex 27.2584 18.7621 1.2
    endloop
  endfacet
  facet normal -0.896572 -0.442898 0
    outer loop
      vertex 27.2584 18.7621 2.15
      vertex 27.4269 18.421 1.2
      vertex 27.4269 18.421 2.15
    endloop
  endfacet
  facet normal -0.821709 -0.569908 0
    outer loop
      vertex 27.6392 18.1149 1.2
      vertex 27.4269 18.421 2.15
      vertex 27.4269 18.421 1.2
    endloop
  endfacet
  facet normal -0.821709 -0.569908 0
    outer loop
      vertex 27.4269 18.421 2.15
      vertex 27.6392 18.1149 1.2
      vertex 27.6392 18.1149 2.15
    endloop
  endfacet
  facet normal -0.72856 -0.684982 0
    outer loop
      vertex 27.8907 17.8474 1.2
      vertex 27.6392 18.1149 2.15
      vertex 27.6392 18.1149 1.2
    endloop
  endfacet
  facet normal -0.72856 -0.684982 0
    outer loop
      vertex 27.6392 18.1149 2.15
      vertex 27.8907 17.8474 1.2
      vertex 27.8907 17.8474 2.15
    endloop
  endfacet
  facet normal -0.618382 -0.785878 0
    outer loop
      vertex 27.8907 17.8474 1.2
      vertex 28.1816 17.6185 2.15
      vertex 27.8907 17.8474 2.15
    endloop
  endfacet
  facet normal -0.618382 -0.785878 -0
    outer loop
      vertex 28.1816 17.6185 2.15
      vertex 27.8907 17.8474 1.2
      vertex 28.1816 17.6185 1.2
    endloop
  endfacet
  facet normal -0.499018 -0.866592 0
    outer loop
      vertex 28.1816 17.6185 1.2
      vertex 28.5119 17.4283 2.15
      vertex 28.1816 17.6185 2.15
    endloop
  endfacet
  facet normal -0.499018 -0.866592 -0
    outer loop
      vertex 28.5119 17.4283 2.15
      vertex 28.1816 17.6185 1.2
      vertex 28.5119 17.4283 1.2
    endloop
  endfacet
  facet normal -0.379206 -0.925312 0
    outer loop
      vertex 28.5119 17.4283 1.2
      vertex 28.8767 17.2788 2.15
      vertex 28.5119 17.4283 2.15
    endloop
  endfacet
  facet normal -0.379206 -0.925312 -0
    outer loop
      vertex 28.8767 17.2788 2.15
      vertex 28.5119 17.4283 1.2
      vertex 28.8767 17.2788 1.2
    endloop
  endfacet
  facet normal -0.261192 -0.965287 0
    outer loop
      vertex 28.8767 17.2788 1.2
      vertex 29.2714 17.172 2.15
      vertex 28.8767 17.2788 2.15
    endloop
  endfacet
  facet normal -0.261192 -0.965287 -0
    outer loop
      vertex 29.2714 17.172 2.15
      vertex 28.8767 17.2788 1.2
      vertex 29.2714 17.172 1.2
    endloop
  endfacet
  facet normal -0.149309 -0.988791 0
    outer loop
      vertex 29.2714 17.172 1.2
      vertex 29.6959 17.1079 2.15
      vertex 29.2714 17.172 2.15
    endloop
  endfacet
  facet normal -0.149309 -0.988791 -0
    outer loop
      vertex 29.6959 17.1079 2.15
      vertex 29.2714 17.172 1.2
      vertex 29.6959 17.1079 1.2
    endloop
  endfacet
  facet normal -0.0470429 -0.998893 0
    outer loop
      vertex 29.6959 17.1079 1.2
      vertex 30.1503 17.0865 2.15
      vertex 29.6959 17.1079 2.15
    endloop
  endfacet
  facet normal -0.0470429 -0.998893 -0
    outer loop
      vertex 30.1503 17.0865 2.15
      vertex 29.6959 17.1079 1.2
      vertex 30.1503 17.0865 1.2
    endloop
  endfacet
  facet normal 0.046972 -0.998896 0
    outer loop
      vertex 30.1503 17.0865 1.2
      vertex 30.6224 17.1087 2.15
      vertex 30.1503 17.0865 2.15
    endloop
  endfacet
  facet normal 0.046972 -0.998896 0
    outer loop
      vertex 30.6224 17.1087 2.15
      vertex 30.1503 17.0865 1.2
      vertex 30.6224 17.1087 1.2
    endloop
  endfacet
  facet normal 0.0982333 -0.995163 0
    outer loop
      vertex 67.6443 17.1163 1.2
      vertex 67.8925 17.1408 2.15
      vertex 67.6443 17.1163 2.15
    endloop
  endfacet
  facet normal 0.0982333 -0.995163 0
    outer loop
      vertex 67.8925 17.1408 2.15
      vertex 67.6443 17.1163 1.2
      vertex 67.8925 17.1408 1.2
    endloop
  endfacet
  facet normal 0.163552 -0.986535 0
    outer loop
      vertex 67.8925 17.1408 1.2
      vertex 68.138 17.1815 2.15
      vertex 67.8925 17.1408 2.15
    endloop
  endfacet
  facet normal 0.163552 -0.986535 0
    outer loop
      vertex 68.138 17.1815 2.15
      vertex 67.8925 17.1408 1.2
      vertex 68.138 17.1815 1.2
    endloop
  endfacet
  facet normal 0.228168 -0.973622 0
    outer loop
      vertex 68.138 17.1815 1.2
      vertex 68.3808 17.2384 2.15
      vertex 68.138 17.1815 2.15
    endloop
  endfacet
  facet normal 0.228168 -0.973622 0
    outer loop
      vertex 68.3808 17.2384 2.15
      vertex 68.138 17.1815 1.2
      vertex 68.3808 17.2384 1.2
    endloop
  endfacet
  facet normal 1 -0 0
    outer loop
      vertex 68.3808 17.2384 2.15
      vertex 68.3808 17.96 1.2
      vertex 68.3808 17.96 2.15
    endloop
  endfacet
  facet normal 1 0 0
    outer loop
      vertex 68.3808 17.96 1.2
      vertex 68.3808 17.2384 2.15
      vertex 68.3808 17.2384 1.2
    endloop
  endfacet
  facet normal -0.188386 0.982095 0
    outer loop
      vertex 68.3808 17.96 1.2
      vertex 68.2072 17.9267 2.15
      vertex 68.3808 17.96 2.15
    endloop
  endfacet
  facet normal -0.188386 0.982095 0
    outer loop
      vertex 68.2072 17.9267 2.15
      vertex 68.3808 17.96 1.2
      vertex 68.2072 17.9267 1.2
    endloop
  endfacet
  facet normal -0.154159 0.988046 0
    outer loop
      vertex 68.2072 17.9267 1.2
      vertex 68.0553 17.903 2.15
      vertex 68.2072 17.9267 2.15
    endloop
  endfacet
  facet normal -0.154159 0.988046 0
    outer loop
      vertex 68.0553 17.903 2.15
      vertex 68.2072 17.9267 1.2
      vertex 68.0553 17.903 1.2
    endloop
  endfacet
  facet normal -0.109175 0.994023 0
    outer loop
      vertex 68.0553 17.903 1.2
      vertex 67.9251 17.8887 2.15
      vertex 68.0553 17.903 2.15
    endloop
  endfacet
  facet normal -0.109175 0.994023 0
    outer loop
      vertex 67.9251 17.8887 2.15
      vertex 68.0553 17.903 1.2
      vertex 67.9251 17.8887 1.2
    endloop
  endfacet
  facet normal -0.0432774 0.999063 0
    outer loop
      vertex 67.9251 17.8887 1.2
      vertex 67.8166 17.884 2.15
      vertex 67.9251 17.8887 2.15
    endloop
  endfacet
  facet normal -0.0432774 0.999063 0
    outer loop
      vertex 67.8166 17.884 2.15
      vertex 67.9251 17.8887 1.2
      vertex 67.8166 17.884 1.2
    endloop
  endfacet
  facet normal 0.0674817 0.997721 -0
    outer loop
      vertex 67.8166 17.884 1.2
      vertex 67.6584 17.8947 2.15
      vertex 67.8166 17.884 2.15
    endloop
  endfacet
  facet normal 0.0674817 0.997721 0
    outer loop
      vertex 67.6584 17.8947 2.15
      vertex 67.8166 17.884 1.2
      vertex 67.6584 17.8947 1.2
    endloop
  endfacet
  facet normal 0.234426 0.972134 -0
    outer loop
      vertex 67.6584 17.8947 1.2
      vertex 67.5257 17.9267 2.15
      vertex 67.6584 17.8947 2.15
    endloop
  endfacet
  facet normal 0.234426 0.972134 0
    outer loop
      vertex 67.5257 17.9267 2.15
      vertex 67.6584 17.8947 1.2
      vertex 67.5257 17.9267 1.2
    endloop
  endfacet
  facet normal 0.445544 0.89526 -0
    outer loop
      vertex 67.5257 17.9267 1.2
      vertex 67.4184 17.9801 2.15
      vertex 67.5257 17.9267 2.15
    endloop
  endfacet
  facet normal 0.445544 0.89526 0
    outer loop
      vertex 67.4184 17.9801 2.15
      vertex 67.5257 17.9267 1.2
      vertex 67.4184 17.9801 1.2
    endloop
  endfacet
  facet normal 0.673884 0.738837 -0
    outer loop
      vertex 67.4184 17.9801 1.2
      vertex 67.3365 18.0548 2.15
      vertex 67.4184 17.9801 2.15
    endloop
  endfacet
  facet normal 0.673884 0.738837 0
    outer loop
      vertex 67.3365 18.0548 2.15
      vertex 67.4184 17.9801 1.2
      vertex 67.3365 18.0548 1.2
    endloop
  endfacet
  facet normal 0.858538 0.51275 0
    outer loop
      vertex 67.3365 18.0548 2.15
      vertex 67.276 18.1561 1.2
      vertex 67.276 18.1561 2.15
    endloop
  endfacet
  facet normal 0.858538 0.51275 0
    outer loop
      vertex 67.276 18.1561 1.2
      vertex 67.3365 18.0548 2.15
      vertex 67.3365 18.0548 1.2
    endloop
  endfacet
  facet normal 0.95067 0.310204 0
    outer loop
      vertex 67.276 18.1561 2.15
      vertex 67.2327 18.2888 1.2
      vertex 67.2327 18.2888 2.15
    endloop
  endfacet
  facet normal 0.95067 0.310204 0
    outer loop
      vertex 67.2327 18.2888 1.2
      vertex 67.276 18.1561 2.15
      vertex 67.276 18.1561 1.2
    endloop
  endfacet
  facet normal 0.987802 0.155716 0
    outer loop
      vertex 67.2327 18.2888 2.15
      vertex 67.2068 18.4531 1.2
      vertex 67.2068 18.4531 2.15
    endloop
  endfacet
  facet normal 0.987802 0.155716 0
    outer loop
      vertex 67.2068 18.4531 1.2
      vertex 67.2327 18.2888 2.15
      vertex 67.2327 18.2888 1.2
    endloop
  endfacet
  facet normal 0.999037 0.0438801 0
    outer loop
      vertex 67.2068 18.4531 2.15
      vertex 67.1982 18.6489 1.2
      vertex 67.1982 18.6489 2.15
    endloop
  endfacet
  facet normal 0.999037 0.0438801 0
    outer loop
      vertex 67.1982 18.6489 1.2
      vertex 67.2068 18.4531 2.15
      vertex 67.2068 18.4531 1.2
    endloop
  endfacet
  facet normal 1 -0 0
    outer loop
      vertex 67.1982 18.6489 2.15
      vertex 67.1982 22.3542 1.2
      vertex 67.1982 22.3542 2.15
    endloop
  endfacet
  facet normal 1 0 0
    outer loop
      vertex 67.1982 22.3542 1.2
      vertex 67.1982 18.6489 2.15
      vertex 67.1982 18.6489 1.2
    endloop
  endfacet
  facet normal 0 -1 0
    outer loop
      vertex 67.1982 22.3542 1.2
      vertex 68.2832 22.3542 2.15
      vertex 67.1982 22.3542 2.15
    endloop
  endfacet
  facet normal 0 -1 -0
    outer loop
      vertex 68.2832 22.3542 2.15
      vertex 67.1982 22.3542 1.2
      vertex 68.2832 22.3542 1.2
    endloop
  endfacet
  facet normal 1 -0 0
    outer loop
      vertex 68.2832 22.3542 2.15
      vertex 68.2832 23.0648 1.2
      vertex 68.2832 23.0648 2.15
    endloop
  endfacet
  facet normal 1 0 0
    outer loop
      vertex 68.2832 23.0648 1.2
      vertex 68.2832 22.3542 2.15
      vertex 68.2832 22.3542 1.2
    endloop
  endfacet
  facet normal 0 1 -0
    outer loop
      vertex 68.2832 23.0648 1.2
      vertex 67.1982 23.0648 2.15
      vertex 68.2832 23.0648 2.15
    endloop
  endfacet
  facet normal 0 1 0
    outer loop
      vertex 67.1982 23.0648 2.15
      vertex 68.2832 23.0648 1.2
      vertex 67.1982 23.0648 1.2
    endloop
  endfacet
  facet normal 1 -0 0
    outer loop
      vertex 67.1982 23.0648 2.15
      vertex 67.1982 24.3777 1.2
      vertex 67.1982 24.3777 2.15
    endloop
  endfacet
  facet normal 1 0 0
    outer loop
      vertex 67.1982 24.3777 1.2
      vertex 67.1982 23.0648 2.15
      vertex 67.1982 23.0648 1.2
    endloop
  endfacet
  facet normal 0 1 -0
    outer loop
      vertex 67.1982 24.3777 1.2
      vertex 66.5472 24.3777 2.15
      vertex 67.1982 24.3777 2.15
    endloop
  endfacet
  facet normal 0 1 0
    outer loop
      vertex 66.5472 24.3777 2.15
      vertex 67.1982 24.3777 1.2
      vertex 66.5472 24.3777 1.2
    endloop
  endfacet
  facet normal -0.976837 0.213983 0
    outer loop
      vertex 66.2596 23.0648 1.2
      vertex 66.5472 24.3777 2.15
      vertex 66.5472 24.3777 1.2
    endloop
  endfacet
  facet normal -0.976837 0.213983 0
    outer loop
      vertex 66.5472 24.3777 2.15
      vertex 66.2596 23.0648 1.2
      vertex 66.2596 23.0648 2.15
    endloop
  endfacet
  facet normal 0 1 -0
    outer loop
      vertex 66.2596 23.0648 1.2
      vertex 65.5435 23.0648 2.15
      vertex 66.2596 23.0648 2.15
    endloop
  endfacet
  facet normal 0 1 0
    outer loop
      vertex 65.5435 23.0648 2.15
      vertex 66.2596 23.0648 1.2
      vertex 65.5435 23.0648 1.2
    endloop
  endfacet
  facet normal -1 0 0
    outer loop
      vertex 65.5435 22.3542 1.2
      vertex 65.5435 23.0648 2.15
      vertex 65.5435 23.0648 1.2
    endloop
  endfacet
  facet normal -1 -0 0
    outer loop
      vertex 65.5435 23.0648 2.15
      vertex 65.5435 22.3542 1.2
      vertex 65.5435 22.3542 2.15
    endloop
  endfacet
  facet normal 0 -1 0
    outer loop
      vertex 65.5435 22.3542 1.2
      vertex 66.2217 22.3542 2.15
      vertex 65.5435 22.3542 2.15
    endloop
  endfacet
  facet normal 0 -1 -0
    outer loop
      vertex 66.2217 22.3542 2.15
      vertex 65.5435 22.3542 1.2
      vertex 66.2217 22.3542 1.2
    endloop
  endfacet
  facet normal -1 0 0
    outer loop
      vertex 66.2217 18.4373 1.2
      vertex 66.2217 22.3542 2.15
      vertex 66.2217 22.3542 1.2
    endloop
  endfacet
  facet normal -1 -0 0
    outer loop
      vertex 66.2217 22.3542 2.15
      vertex 66.2217 18.4373 1.2
      vertex 66.2217 18.4373 2.15
    endloop
  endfacet
  facet normal -0.99217 -0.124896 0
    outer loop
      vertex 66.2949 17.8558 1.2
      vertex 66.2217 18.4373 2.15
      vertex 66.2217 18.4373 1.2
    endloop
  endfacet
  facet normal -0.99217 -0.124896 0
    outer loop
      vertex 66.2217 18.4373 2.15
      vertex 66.2949 17.8558 1.2
      vertex 66.2949 17.8558 2.15
    endloop
  endfacet
  facet normal -0.883933 -0.467614 0
    outer loop
      vertex 66.5146 17.4405 1.2
      vertex 66.2949 17.8558 2.15
      vertex 66.2949 17.8558 1.2
    endloop
  endfacet
  facet normal -0.883933 -0.467614 0
    outer loop
      vertex 66.2949 17.8558 2.15
      vertex 66.5146 17.4405 1.2
      vertex 66.5146 17.4405 2.15
    endloop
  endfacet
  facet normal -0.562594 -0.826733 0
    outer loop
      vertex 66.5146 17.4405 1.2
      vertex 66.8808 17.1913 2.15
      vertex 66.5146 17.4405 2.15
    endloop
  endfacet
  facet normal -0.562594 -0.826733 -0
    outer loop
      vertex 66.8808 17.1913 2.15
      vertex 66.5146 17.4405 1.2
      vertex 66.8808 17.1913 1.2
    endloop
  endfacet
  facet normal -0.160026 -0.987113 0
    outer loop
      vertex 66.8808 17.1913 1.2
      vertex 67.3934 17.1082 2.15
      vertex 66.8808 17.1913 2.15
    endloop
  endfacet
  facet normal -0.160026 -0.987113 -0
    outer loop
      vertex 67.3934 17.1082 2.15
      vertex 66.8808 17.1913 1.2
      vertex 67.3934 17.1082 1.2
    endloop
  endfacet
  facet normal 0.032267 -0.999479 0
    outer loop
      vertex 67.3934 17.1082 1.2
      vertex 67.6443 17.1163 2.15
      vertex 67.3934 17.1082 2.15
    endloop
  endfacet
  facet normal 0.032267 -0.999479 0
    outer loop
      vertex 67.6443 17.1163 2.15
      vertex 67.3934 17.1082 1.2
      vertex 67.6443 17.1163 1.2
    endloop
  endfacet
  facet normal 0.998041 -0.0625623 0
    outer loop
      vertex 35.7675 20.5964 2.15
      vertex 35.7929 21.0016 1.2
      vertex 35.7929 21.0016 2.15
    endloop
  endfacet
  facet normal 0.998041 -0.0625623 0
    outer loop
      vertex 35.7929 21.0016 1.2
      vertex 35.7675 20.5964 2.15
      vertex 35.7675 20.5964 1.2
    endloop
  endfacet
  facet normal 0.978081 -0.208224 0
    outer loop
      vertex 35.7929 21.0016 2.15
      vertex 35.8692 21.36 1.2
      vertex 35.8692 21.36 2.15
    endloop
  endfacet
  facet normal 0.978081 -0.208224 0
    outer loop
      vertex 35.8692 21.36 1.2
      vertex 35.7929 21.0016 2.15
      vertex 35.7929 21.0016 1.2
    endloop
  endfacet
  facet normal 0.925935 -0.377684 0
    outer loop
      vertex 35.8692 21.36 2.15
      vertex 35.9963 21.6716 1.2
      vertex 35.9963 21.6716 2.15
    endloop
  endfacet
  facet normal 0.925935 -0.377684 0
    outer loop
      vertex 35.9963 21.6716 1.2
      vertex 35.8692 21.36 2.15
      vertex 35.8692 21.36 1.2
    endloop
  endfacet
  facet normal 0.829923 -0.557879 0
    outer loop
      vertex 35.9963 21.6716 2.15
      vertex 36.1743 21.9364 1.2
      vertex 36.1743 21.9364 2.15
    endloop
  endfacet
  facet normal 0.829923 -0.557879 0
    outer loop
      vertex 36.1743 21.9364 1.2
      vertex 35.9963 21.6716 2.15
      vertex 35.9963 21.6716 1.2
    endloop
  endfacet
  facet normal 0.689272 -0.724502 0
    outer loop
      vertex 36.1743 21.9364 1.2
      vertex 36.3964 22.1477 2.15
      vertex 36.1743 21.9364 2.15
    endloop
  endfacet
  facet normal 0.689272 -0.724502 0
    outer loop
      vertex 36.3964 22.1477 2.15
      vertex 36.1743 21.9364 1.2
      vertex 36.3964 22.1477 1.2
    endloop
  endfacet
  facet normal 0.502586 -0.864527 0
    outer loop
      vertex 36.3964 22.1477 1.2
      vertex 36.6558 22.2985 2.15
      vertex 36.3964 22.1477 2.15
    endloop
  endfacet
  facet normal 0.502586 -0.864527 0
    outer loop
      vertex 36.6558 22.2985 2.15
      vertex 36.3964 22.1477 1.2
      vertex 36.6558 22.2985 1.2
    endloop
  endfacet
  facet normal 0.292047 -0.956404 0
    outer loop
      vertex 36.6558 22.2985 1.2
      vertex 36.9525 22.3891 2.15
      vertex 36.6558 22.2985 2.15
    endloop
  endfacet
  facet normal 0.292047 -0.956404 0
    outer loop
      vertex 36.9525 22.3891 2.15
      vertex 36.6558 22.2985 1.2
      vertex 36.9525 22.3891 1.2
    endloop
  endfacet
  facet normal 0.0897827 -0.995961 0
    outer loop
      vertex 36.9525 22.3891 1.2
      vertex 37.2864 22.4192 2.15
      vertex 36.9525 22.3891 2.15
    endloop
  endfacet
  facet normal 0.0897827 -0.995961 0
    outer loop
      vertex 37.2864 22.4192 2.15
      vertex 36.9525 22.3891 1.2
      vertex 37.2864 22.4192 1.2
    endloop
  endfacet
  facet normal -0.0387545 -0.999249 0
    outer loop
      vertex 37.2864 22.4192 1.2
      vertex 37.5133 22.4104 2.15
      vertex 37.2864 22.4192 2.15
    endloop
  endfacet
  facet normal -0.0387545 -0.999249 -0
    outer loop
      vertex 37.5133 22.4104 2.15
      vertex 37.2864 22.4192 1.2
      vertex 37.5133 22.4104 1.2
    endloop
  endfacet
  facet normal -0.132427 -0.991193 0
    outer loop
      vertex 37.5133 22.4104 1.2
      vertex 37.7109 22.384 2.15
      vertex 37.5133 22.4104 2.15
    endloop
  endfacet
  facet normal -0.132427 -0.991193 -0
    outer loop
      vertex 37.7109 22.384 2.15
      vertex 37.5133 22.4104 1.2
      vertex 37.7109 22.384 1.2
    endloop
  endfacet
  facet normal -0.253193 -0.967416 0
    outer loop
      vertex 37.7109 22.384 1.2
      vertex 37.8794 22.3399 2.15
      vertex 37.7109 22.384 2.15
    endloop
  endfacet
  facet normal -0.253193 -0.967416 -0
    outer loop
      vertex 37.8794 22.3399 2.15
      vertex 37.7109 22.384 1.2
      vertex 37.8794 22.3399 1.2
    endloop
  endfacet
  facet normal -0.404738 -0.914433 0
    outer loop
      vertex 37.8794 22.3399 1.2
      vertex 38.0188 22.2782 2.15
      vertex 37.8794 22.3399 2.15
    endloop
  endfacet
  facet normal -0.404738 -0.914433 -0
    outer loop
      vertex 38.0188 22.2782 2.15
      vertex 37.8794 22.3399 1.2
      vertex 38.0188 22.2782 1.2
    endloop
  endfacet
  facet normal -0.574831 -0.818272 0
    outer loop
      vertex 38.0188 22.2782 1.2
      vertex 38.1351 22.1965 2.15
      vertex 38.0188 22.2782 2.15
    endloop
  endfacet
  facet normal -0.574831 -0.818272 -0
    outer loop
      vertex 38.1351 22.1965 2.15
      vertex 38.0188 22.2782 1.2
      vertex 38.1351 22.1965 1.2
    endloop
  endfacet
  facet normal -0.723592 -0.690228 0
    outer loop
      vertex 38.2344 22.0924 1.2
      vertex 38.1351 22.1965 2.15
      vertex 38.1351 22.1965 1.2
    endloop
  endfacet
  facet normal -0.723592 -0.690228 0
    outer loop
      vertex 38.1351 22.1965 2.15
      vertex 38.2344 22.0924 1.2
      vertex 38.2344 22.0924 2.15
    endloop
  endfacet
  facet normal -0.837914 -0.545803 0
    outer loop
      vertex 38.3168 21.9659 1.2
      vertex 38.2344 22.0924 2.15
      vertex 38.2344 22.0924 1.2
    endloop
  endfacet
  facet normal -0.837914 -0.545803 0
    outer loop
      vertex 38.2344 22.0924 2.15
      vertex 38.3168 21.9659 1.2
      vertex 38.3168 21.9659 2.15
    endloop
  endfacet
  facet normal -0.915252 -0.402883 0
    outer loop
      vertex 38.3823 21.8171 1.2
      vertex 38.3168 21.9659 2.15
      vertex 38.3168 21.9659 1.2
    endloop
  endfacet
  facet normal -0.915252 -0.402883 0
    outer loop
      vertex 38.3168 21.9659 2.15
      vertex 38.3823 21.8171 1.2
      vertex 38.3823 21.8171 2.15
    endloop
  endfacet
  facet normal -0.962344 -0.271836 0
    outer loop
      vertex 38.4321 21.6408 1.2
      vertex 38.3823 21.8171 2.15
      vertex 38.3823 21.8171 1.2
    endloop
  endfacet
  facet normal -0.962344 -0.271836 0
    outer loop
      vertex 38.3823 21.8171 2.15
      vertex 38.4321 21.6408 1.2
      vertex 38.4321 21.6408 2.15
    endloop
  endfacet
  facet normal -0.985788 -0.167994 0
    outer loop
      vertex 38.4677 21.4319 1.2
      vertex 38.4321 21.6408 2.15
      vertex 38.4321 21.6408 1.2
    endloop
  endfacet
  facet normal -0.985788 -0.167994 0
    outer loop
      vertex 38.4321 21.6408 2.15
      vertex 38.4677 21.4319 1.2
      vertex 38.4677 21.4319 2.15
    endloop
  endfacet
  facet normal -0.996094 -0.0883032 0
    outer loop
      vertex 38.4891 21.1905 1.2
      vertex 38.4677 21.4319 2.15
      vertex 38.4677 21.4319 1.2
    endloop
  endfacet
  facet normal -0.996094 -0.0883032 0
    outer loop
      vertex 38.4677 21.4319 2.15
      vertex 38.4891 21.1905 1.2
      vertex 38.4891 21.1905 2.15
    endloop
  endfacet
  facet normal -0.999664 -0.0259037 0
    outer loop
      vertex 38.4962 20.9165 1.2
      vertex 38.4891 21.1905 2.15
      vertex 38.4891 21.1905 1.2
    endloop
  endfacet
  facet normal -0.999664 -0.0259037 0
    outer loop
      vertex 38.4891 21.1905 2.15
      vertex 38.4962 20.9165 1.2
      vertex 38.4962 20.9165 2.15
    endloop
  endfacet
  facet normal -1 0 0
    outer loop
      vertex 38.4962 17.195 1.2
      vertex 38.4962 20.9165 2.15
      vertex 38.4962 20.9165 1.2
    endloop
  endfacet
  facet normal -1 -0 0
    outer loop
      vertex 38.4962 20.9165 2.15
      vertex 38.4962 17.195 1.2
      vertex 38.4962 17.195 2.15
    endloop
  endfacet
  facet normal 0 -1 0
    outer loop
      vertex 38.4962 17.195 1.2
      vertex 39.4781 17.195 2.15
      vertex 38.4962 17.195 2.15
    endloop
  endfacet
  facet normal 0 -1 -0
    outer loop
      vertex 39.4781 17.195 2.15
      vertex 38.4962 17.195 1.2
      vertex 39.4781 17.195 1.2
    endloop
  endfacet
  facet normal 1 -0 0
    outer loop
      vertex 39.4781 17.195 2.15
      vertex 39.4781 21.1064 1.2
      vertex 39.4781 21.1064 2.15
    endloop
  endfacet
  facet normal 1 0 0
    outer loop
      vertex 39.4781 21.1064 1.2
      vertex 39.4781 17.195 2.15
      vertex 39.4781 17.195 1.2
    endloop
  endfacet
  facet normal 0.998521 0.054373 0
    outer loop
      vertex 39.4781 21.1064 2.15
      vertex 39.4501 21.6206 1.2
      vertex 39.4501 21.6206 2.15
    endloop
  endfacet
  facet normal 0.998521 0.054373 0
    outer loop
      vertex 39.4501 21.6206 1.2
      vertex 39.4781 21.1064 2.15
      vertex 39.4781 21.1064 1.2
    endloop
  endfacet
  facet normal 0.981976 0.189006 0
    outer loop
      vertex 39.4501 21.6206 2.15
      vertex 39.3662 22.0565 1.2
      vertex 39.3662 22.0565 2.15
    endloop
  endfacet
  facet normal 0.981976 0.189006 0
    outer loop
      vertex 39.3662 22.0565 1.2
      vertex 39.4501 21.6206 2.15
      vertex 39.4501 21.6206 1.2
    endloop
  endfacet
  facet normal 0.931235 0.364419 0
    outer loop
      vertex 39.3662 22.0565 2.15
      vertex 39.2263 22.414 1.2
      vertex 39.2263 22.414 2.15
    endloop
  endfacet
  facet normal 0.931235 0.364419 0
    outer loop
      vertex 39.2263 22.414 1.2
      vertex 39.3662 22.0565 2.15
      vertex 39.3662 22.0565 1.2
    endloop
  endfacet
  facet normal 0.818736 0.574171 0
    outer loop
      vertex 39.2263 22.414 2.15
      vertex 39.0305 22.6932 1.2
      vertex 39.0305 22.6932 2.15
    endloop
  endfacet
  facet normal 0.818736 0.574171 0
    outer loop
      vertex 39.0305 22.6932 1.2
      vertex 39.2263 22.414 2.15
      vertex 39.2263 22.414 1.2
    endloop
  endfacet
  facet normal 0.634256 0.773123 -0
    outer loop
      vertex 39.0305 22.6932 1.2
      vertex 38.7744 22.9033 2.15
      vertex 39.0305 22.6932 2.15
    endloop
  endfacet
  facet normal 0.634256 0.773123 0
    outer loop
      vertex 38.7744 22.9033 2.15
      vertex 39.0305 22.6932 1.2
      vertex 38.7744 22.9033 1.2
    endloop
  endfacet
  facet normal 0.423457 0.905916 -0
    outer loop
      vertex 38.7744 22.9033 1.2
      vertex 38.4535 23.0533 2.15
      vertex 38.7744 22.9033 2.15
    endloop
  endfacet
  facet normal 0.423457 0.905916 0
    outer loop
      vertex 38.4535 23.0533 2.15
      vertex 38.7744 22.9033 1.2
      vertex 38.4535 23.0533 1.2
    endloop
  endfacet
  facet normal 0.227238 0.973839 -0
    outer loop
      vertex 38.4535 23.0533 1.2
      vertex 38.0678 23.1433 2.15
      vertex 38.4535 23.0533 2.15
    endloop
  endfacet
  facet normal 0.227238 0.973839 0
    outer loop
      vertex 38.0678 23.1433 2.15
      vertex 38.4535 23.0533 1.2
      vertex 38.0678 23.1433 1.2
    endloop
  endfacet
  facet normal 0.0664602 0.997789 -0
    outer loop
      vertex 38.0678 23.1433 1.2
      vertex 37.6174 23.1733 2.15
      vertex 38.0678 23.1433 2.15
    endloop
  endfacet
  facet normal 0.0664602 0.997789 0
    outer loop
      vertex 37.6174 23.1733 2.15
      vertex 38.0678 23.1433 1.2
      vertex 37.6174 23.1733 1.2
    endloop
  endfacet
  facet normal -0.0501275 0.998743 0
    outer loop
      vertex 37.6174 23.1733 1.2
      vertex 37.3026 23.1575 2.15
      vertex 37.6174 23.1733 2.15
    endloop
  endfacet
  facet normal -0.0501275 0.998743 0
    outer loop
      vertex 37.3026 23.1575 2.15
      vertex 37.6174 23.1733 1.2
      vertex 37.3026 23.1575 1.2
    endloop
  endfacet
  facet normal -0.16201 0.986789 0
    outer loop
      vertex 37.3026 23.1575 1.2
      vertex 37.0145 23.1102 2.15
      vertex 37.3026 23.1575 2.15
    endloop
  endfacet
  facet normal -0.16201 0.986789 0
    outer loop
      vertex 37.0145 23.1102 2.15
      vertex 37.3026 23.1575 1.2
      vertex 37.0145 23.1102 1.2
    endloop
  endfacet
  facet normal -0.288726 0.957412 0
    outer loop
      vertex 37.0145 23.1102 1.2
      vertex 36.7532 23.0314 2.15
      vertex 37.0145 23.1102 2.15
    endloop
  endfacet
  facet normal -0.288726 0.957412 0
    outer loop
      vertex 36.7532 23.0314 2.15
      vertex 37.0145 23.1102 1.2
      vertex 36.7532 23.0314 1.2
    endloop
  endfacet
  facet normal -0.425778 0.904827 0
    outer loop
      vertex 36.7532 23.0314 1.2
      vertex 36.5188 22.9211 2.15
      vertex 36.7532 23.0314 2.15
    endloop
  endfacet
  facet normal -0.425778 0.904827 0
    outer loop
      vertex 36.5188 22.9211 2.15
      vertex 36.7532 23.0314 1.2
      vertex 36.5188 22.9211 1.2
    endloop
  endfacet
  facet normal -0.568951 0.822372 0
    outer loop
      vertex 36.5188 22.9211 1.2
      vertex 36.3043 22.7727 2.15
      vertex 36.5188 22.9211 2.15
    endloop
  endfacet
  facet normal -0.568951 0.822372 0
    outer loop
      vertex 36.3043 22.7727 2.15
      vertex 36.5188 22.9211 1.2
      vertex 36.3043 22.7727 1.2
    endloop
  endfacet
  facet normal -0.691687 0.722197 0
    outer loop
      vertex 36.3043 22.7727 1.2
      vertex 36.1031 22.58 2.15
      vertex 36.3043 22.7727 2.15
    endloop
  endfacet
  facet normal -0.691687 0.722197 0
    outer loop
      vertex 36.1031 22.58 2.15
      vertex 36.3043 22.7727 1.2
      vertex 36.1031 22.58 1.2
    endloop
  endfacet
  facet normal -0.783697 0.621143 0
    outer loop
      vertex 35.9151 22.3428 1.2
      vertex 36.1031 22.58 2.15
      vertex 36.1031 22.58 1.2
    endloop
  endfacet
  facet normal -0.783697 0.621143 0
    outer loop
      vertex 36.1031 22.58 2.15
      vertex 35.9151 22.3428 1.2
      vertex 35.9151 22.3428 2.15
    endloop
  endfacet
  facet normal -0.849757 0.527175 0
    outer loop
      vertex 35.7404 22.0612 1.2
      vertex 35.9151 22.3428 2.15
      vertex 35.9151 22.3428 1.2
    endloop
  endfacet
  facet normal -0.849757 0.527175 0
    outer loop
      vertex 35.9151 22.3428 2.15
      vertex 35.7404 22.0612 1.2
      vertex 35.7404 22.0612 2.15
    endloop
  endfacet
  facet normal 0 1 -0
    outer loop
      vertex 35.7404 22.0612 1.2
      vertex 35.724 22.0612 2.15
      vertex 35.7404 22.0612 2.15
    endloop
  endfacet
  facet normal 0 1 0
    outer loop
      vertex 35.724 22.0612 2.15
      vertex 35.7404 22.0612 1.2
      vertex 35.724 22.0612 1.2
    endloop
  endfacet
  facet normal 0.999653 0.02636 0
    outer loop
      vertex 35.724 22.0612 2.15
      vertex 35.7188 22.2584 1.2
      vertex 35.7188 22.2584 2.15
    endloop
  endfacet
  facet normal 0.999653 0.02636 0
    outer loop
      vertex 35.7188 22.2584 1.2
      vertex 35.724 22.0612 2.15
      vertex 35.724 22.0612 1.2
    endloop
  endfacet
  facet normal 0.999548 0.0300662 0
    outer loop
      vertex 35.7188 22.2584 2.15
      vertex 35.7139 22.4213 1.2
      vertex 35.7139 22.4213 2.15
    endloop
  endfacet
  facet normal 0.999548 0.0300662 0
    outer loop
      vertex 35.7139 22.4213 1.2
      vertex 35.7188 22.2584 2.15
      vertex 35.7188 22.2584 1.2
    endloop
  endfacet
  facet normal 0.999361 0.035747 0
    outer loop
      vertex 35.7139 22.4213 2.15
      vertex 35.7093 22.5499 1.2
      vertex 35.7093 22.5499 2.15
    endloop
  endfacet
  facet normal 0.999361 0.035747 0
    outer loop
      vertex 35.7093 22.5499 1.2
      vertex 35.7139 22.4213 2.15
      vertex 35.7139 22.4213 1.2
    endloop
  endfacet
  facet normal 0.999012 0.0444476 0
    outer loop
      vertex 35.7093 22.5499 2.15
      vertex 35.7051 22.6443 1.2
      vertex 35.7051 22.6443 2.15
    endloop
  endfacet
  facet normal 0.999012 0.0444476 0
    outer loop
      vertex 35.7051 22.6443 1.2
      vertex 35.7093 22.5499 2.15
      vertex 35.7093 22.5499 1.2
    endloop
  endfacet
  facet normal 0.998658 0.0517921 0
    outer loop
      vertex 35.7051 22.6443 2.15
      vertex 35.7012 22.7195 1.2
      vertex 35.7012 22.7195 2.15
    endloop
  endfacet
  facet normal 0.998658 0.0517921 0
    outer loop
      vertex 35.7012 22.7195 1.2
      vertex 35.7051 22.6443 2.15
      vertex 35.7051 22.6443 1.2
    endloop
  endfacet
  facet normal 0.998706 0.0508535 0
    outer loop
      vertex 35.7012 22.7195 2.15
      vertex 35.6976 22.7902 1.2
      vertex 35.6976 22.7902 2.15
    endloop
  endfacet
  facet normal 0.998706 0.0508535 0
    outer loop
      vertex 35.6976 22.7902 1.2
      vertex 35.7012 22.7195 2.15
      vertex 35.7012 22.7195 1.2
    endloop
  endfacet
  facet normal 0.998837 0.0482093 0
    outer loop
      vertex 35.6976 22.7902 2.15
      vertex 35.6944 22.8565 1.2
      vertex 35.6944 22.8565 2.15
    endloop
  endfacet
  facet normal 0.998837 0.0482093 0
    outer loop
      vertex 35.6944 22.8565 1.2
      vertex 35.6976 22.7902 2.15
      vertex 35.6976 22.7902 1.2
    endloop
  endfacet
  facet normal 0.998904 0.0467984 0
    outer loop
      vertex 35.6944 22.8565 2.15
      vertex 35.6915 22.9184 1.2
      vertex 35.6915 22.9184 2.15
    endloop
  endfacet
  facet normal 0.998904 0.0467984 0
    outer loop
      vertex 35.6915 22.9184 1.2
      vertex 35.6944 22.8565 2.15
      vertex 35.6944 22.8565 1.2
    endloop
  endfacet
  facet normal 0.998748 0.05003 0
    outer loop
      vertex 35.6915 22.9184 2.15
      vertex 35.6888 22.9723 1.2
      vertex 35.6888 22.9723 2.15
    endloop
  endfacet
  facet normal 0.998748 0.05003 0
    outer loop
      vertex 35.6888 22.9723 1.2
      vertex 35.6915 22.9184 2.15
      vertex 35.6915 22.9184 1.2
    endloop
  endfacet
  facet normal 0.997969 0.0637002 0
    outer loop
      vertex 35.6888 22.9723 2.15
      vertex 35.6861 23.0146 1.2
      vertex 35.6861 23.0146 2.15
    endloop
  endfacet
  facet normal 0.997969 0.0637002 0
    outer loop
      vertex 35.6861 23.0146 1.2
      vertex 35.6888 22.9723 2.15
      vertex 35.6888 22.9723 1.2
    endloop
  endfacet
  facet normal 0.996204 0.087047 0
    outer loop
      vertex 35.6861 23.0146 2.15
      vertex 35.6834 23.0455 1.2
      vertex 35.6834 23.0455 2.15
    endloop
  endfacet
  facet normal 0.996204 0.087047 0
    outer loop
      vertex 35.6834 23.0455 1.2
      vertex 35.6861 23.0146 2.15
      vertex 35.6861 23.0146 1.2
    endloop
  endfacet
  facet normal 0.990356 0.138547 0
    outer loop
      vertex 35.6834 23.0455 2.15
      vertex 35.6807 23.0648 1.2
      vertex 35.6807 23.0648 2.15
    endloop
  endfacet
  facet normal 0.990356 0.138547 0
    outer loop
      vertex 35.6807 23.0648 1.2
      vertex 35.6834 23.0455 2.15
      vertex 35.6834 23.0455 1.2
    endloop
  endfacet
  facet normal 0 1 -0
    outer loop
      vertex 35.6807 23.0648 1.2
      vertex 34.7584 23.0648 2.15
      vertex 35.6807 23.0648 2.15
    endloop
  endfacet
  facet normal 0 1 0
    outer loop
      vertex 34.7584 23.0648 2.15
      vertex 35.6807 23.0648 1.2
      vertex 34.7584 23.0648 1.2
    endloop
  endfacet
  facet normal -0.996259 -0.0864195 0
    outer loop
      vertex 34.7726 22.9011 1.2
      vertex 34.7584 23.0648 2.15
      vertex 34.7584 23.0648 1.2
    endloop
  endfacet
  facet normal -0.996259 -0.0864195 0
    outer loop
      vertex 34.7584 23.0648 2.15
      vertex 34.7726 22.9011 1.2
      vertex 34.7726 22.9011 2.15
    endloop
  endfacet
  facet normal -0.999252 -0.0386807 0
    outer loop
      vertex 34.7828 22.6376 1.2
      vertex 34.7726 22.9011 2.15
      vertex 34.7726 22.9011 1.2
    endloop
  endfacet
  facet normal -0.999252 -0.0386807 0
    outer loop
      vertex 34.7726 22.9011 2.15
      vertex 34.7828 22.6376 1.2
      vertex 34.7828 22.6376 2.15
    endloop
  endfacet
  facet normal -0.999859 -0.0167974 0
    outer loop
      vertex 34.7889 22.2745 1.2
      vertex 34.7828 22.6376 2.15
      vertex 34.7828 22.6376 1.2
    endloop
  endfacet
  facet normal -0.999859 -0.0167974 0
    outer loop
      vertex 34.7828 22.6376 2.15
      vertex 34.7889 22.2745 1.2
      vertex 34.7889 22.2745 2.15
    endloop
  endfacet
  facet normal -0.999991 -0.00432055 0
    outer loop
      vertex 34.7909 21.8116 1.2
      vertex 34.7889 22.2745 2.15
      vertex 34.7889 22.2745 1.2
    endloop
  endfacet
  facet normal -0.999991 -0.00432055 0
    outer loop
      vertex 34.7889 22.2745 2.15
      vertex 34.7909 21.8116 1.2
      vertex 34.7909 21.8116 2.15
    endloop
  endfacet
  facet normal -1 0 0
    outer loop
      vertex 34.7909 17.195 1.2
      vertex 34.7909 21.8116 2.15
      vertex 34.7909 21.8116 1.2
    endloop
  endfacet
  facet normal -1 -0 0
    outer loop
      vertex 34.7909 21.8116 2.15
      vertex 34.7909 17.195 1.2
      vertex 34.7909 17.195 2.15
    endloop
  endfacet
  facet normal 0 -1 0
    outer loop
      vertex 34.7909 17.195 1.2
      vertex 35.7675 17.195 2.15
      vertex 34.7909 17.195 2.15
    endloop
  endfacet
  facet normal 0 -1 -0
    outer loop
      vertex 35.7675 17.195 2.15
      vertex 34.7909 17.195 1.2
      vertex 35.7675 17.195 1.2
    endloop
  endfacet
  facet normal 1 -0 0
    outer loop
      vertex 35.7675 17.195 2.15
      vertex 35.7675 20.5964 1.2
      vertex 35.7675 20.5964 2.15
    endloop
  endfacet
  facet normal 1 0 0
    outer loop
      vertex 35.7675 20.5964 1.2
      vertex 35.7675 17.195 2.15
      vertex 35.7675 17.195 1.2
    endloop
  endfacet
  facet normal 0.356793 -0.934184 0
    outer loop
      vertex 51.8763 17.1733 1.2
      vertex 52.5581 17.4337 2.15
      vertex 51.8763 17.1733 2.15
    endloop
  endfacet
  facet normal 0.356793 -0.934184 0
    outer loop
      vertex 52.5581 17.4337 2.15
      vertex 51.8763 17.1733 1.2
      vertex 52.5581 17.4337 1.2
    endloop
  endfacet
  facet normal 0.644849 -0.76431 0
    outer loop
      vertex 52.5581 17.4337 1.2
      vertex 53.0725 17.8677 2.15
      vertex 52.5581 17.4337 2.15
    endloop
  endfacet
  facet normal 0.644849 -0.76431 0
    outer loop
      vertex 53.0725 17.8677 2.15
      vertex 52.5581 17.4337 1.2
      vertex 53.0725 17.8677 1.2
    endloop
  endfacet
  facet normal 0.868428 -0.495816 0
    outer loop
      vertex 53.0725 17.8677 2.15
      vertex 53.4194 18.4753 1.2
      vertex 53.4194 18.4753 2.15
    endloop
  endfacet
  facet normal 0.868428 -0.495816 0
    outer loop
      vertex 53.4194 18.4753 1.2
      vertex 53.0725 17.8677 2.15
      vertex 53.0725 17.8677 1.2
    endloop
  endfacet
  facet normal 0.273876 0.961765 -0
    outer loop
      vertex 53.4194 18.4753 1.2
      vertex 52.5622 18.7194 2.15
      vertex 53.4194 18.4753 2.15
    endloop
  endfacet
  facet normal 0.273876 0.961765 0
    outer loop
      vertex 52.5622 18.7194 2.15
      vertex 53.4194 18.4753 1.2
      vertex 52.5622 18.7194 1.2
    endloop
  endfacet
  facet normal -0.913489 0.406864 0
    outer loop
      vertex 52.479 18.5326 1.2
      vertex 52.5622 18.7194 2.15
      vertex 52.5622 18.7194 1.2
    endloop
  endfacet
  facet normal -0.913489 0.406864 0
    outer loop
      vertex 52.5622 18.7194 2.15
      vertex 52.479 18.5326 1.2
      vertex 52.479 18.5326 2.15
    endloop
  endfacet
  facet normal -0.830166 0.557516 0
    outer loop
      vertex 52.3649 18.3627 1.2
      vertex 52.479 18.5326 2.15
      vertex 52.479 18.5326 1.2
    endloop
  endfacet
  facet normal -0.830166 0.557516 0
    outer loop
      vertex 52.479 18.5326 2.15
      vertex 52.3649 18.3627 1.2
      vertex 52.3649 18.3627 2.15
    endloop
  endfacet
  facet normal -0.725603 0.688113 0
    outer loop
      vertex 52.2199 18.2098 1.2
      vertex 52.3649 18.3627 2.15
      vertex 52.3649 18.3627 1.2
    endloop
  endfacet
  facet normal -0.725603 0.688113 0
    outer loop
      vertex 52.3649 18.3627 2.15
      vertex 52.2199 18.2098 1.2
      vertex 52.2199 18.2098 2.15
    endloop
  endfacet
  facet normal -0.611883 0.790948 0
    outer loop
      vertex 52.2199 18.2098 1.2
      vertex 52.0441 18.0738 2.15
      vertex 52.2199 18.2098 2.15
    endloop
  endfacet
  facet normal -0.611883 0.790948 0
    outer loop
      vertex 52.0441 18.0738 2.15
      vertex 52.2199 18.2098 1.2
      vertex 52.0441 18.0738 1.2
    endloop
  endfacet
  facet normal -0.474227 0.880403 0
    outer loop
      vertex 52.0441 18.0738 1.2
      vertex 51.8371 17.9623 2.15
      vertex 52.0441 18.0738 2.15
    endloop
  endfacet
  facet normal -0.474227 0.880403 0
    outer loop
      vertex 51.8371 17.9623 2.15
      vertex 52.0441 18.0738 1.2
      vertex 51.8371 17.9623 1.2
    endloop
  endfacet
  facet normal -0.316943 0.948444 0
    outer loop
      vertex 51.8371 17.9623 1.2
      vertex 51.5986 17.8826 2.15
      vertex 51.8371 17.9623 2.15
    endloop
  endfacet
  facet normal -0.316943 0.948444 0
    outer loop
      vertex 51.5986 17.8826 2.15
      vertex 51.8371 17.9623 1.2
      vertex 51.5986 17.8826 1.2
    endloop
  endfacet
  facet normal -0.174326 0.984688 0
    outer loop
      vertex 51.5986 17.8826 1.2
      vertex 51.3286 17.8348 2.15
      vertex 51.5986 17.8826 2.15
    endloop
  endfacet
  facet normal -0.174326 0.984688 0
    outer loop
      vertex 51.3286 17.8348 2.15
      vertex 51.5986 17.8826 1.2
      vertex 51.3286 17.8348 1.2
    endloop
  endfacet
  facet normal -0.0529759 0.998596 0
    outer loop
      vertex 51.3286 17.8348 1.2
      vertex 51.027 17.8188 2.15
      vertex 51.3286 17.8348 2.15
    endloop
  endfacet
  facet normal -0.0529759 0.998596 0
    outer loop
      vertex 51.027 17.8188 2.15
      vertex 51.3286 17.8348 1.2
      vertex 51.027 17.8188 1.2
    endloop
  endfacet
  facet normal 0.090512 0.995895 -0
    outer loop
      vertex 51.027 17.8188 1.2
      vertex 50.6496 17.8531 2.15
      vertex 51.027 17.8188 2.15
    endloop
  endfacet
  facet normal 0.090512 0.995895 0
    outer loop
      vertex 50.6496 17.8531 2.15
      vertex 51.027 17.8188 1.2
      vertex 50.6496 17.8531 1.2
    endloop
  endfacet
  facet normal 0.29773 0.95465 -0
    outer loop
      vertex 50.6496 17.8531 1.2
      vertex 50.3203 17.9558 2.15
      vertex 50.6496 17.8531 2.15
    endloop
  endfacet
  facet normal 0.29773 0.95465 0
    outer loop
      vertex 50.3203 17.9558 2.15
      vertex 50.6496 17.8531 1.2
      vertex 50.3203 17.9558 1.2
    endloop
  endfacet
  facet normal 0.520381 0.853934 -0
    outer loop
      vertex 50.3203 17.9558 1.2
      vertex 50.0392 18.1271 2.15
      vertex 50.3203 17.9558 2.15
    endloop
  endfacet
  facet normal 0.520381 0.853934 0
    outer loop
      vertex 50.0392 18.1271 2.15
      vertex 50.3203 17.9558 1.2
      vertex 50.0392 18.1271 1.2
    endloop
  endfacet
  facet normal 0.717207 0.69686 0
    outer loop
      vertex 50.0392 18.1271 2.15
      vertex 49.8063 18.3668 1.2
      vertex 49.8063 18.3668 2.15
    endloop
  endfacet
  facet normal 0.717207 0.69686 0
    outer loop
      vertex 49.8063 18.3668 1.2
      vertex 50.0392 18.1271 2.15
      vertex 50.0392 18.1271 1.2
    endloop
  endfacet
  facet normal 0.856093 0.516822 0
    outer loop
      vertex 49.8063 18.3668 2.15
      vertex 49.6235 18.6696 1.2
      vertex 49.6235 18.6696 2.15
    endloop
  endfacet
  facet normal 0.856093 0.516822 0
    outer loop
      vertex 49.6235 18.6696 1.2
      vertex 49.8063 18.3668 2.15
      vertex 49.8063 18.3668 1.2
    endloop
  endfacet
  facet normal 0.940257 0.340465 0
    outer loop
      vertex 49.6235 18.6696 2.15
      vertex 49.493 19.03 1.2
      vertex 49.493 19.03 2.15
    endloop
  endfacet
  facet normal 0.940257 0.340465 0
    outer loop
      vertex 49.493 19.03 1.2
      vertex 49.6235 18.6696 2.15
      vertex 49.6235 18.6696 1.2
    endloop
  endfacet
  facet normal 0.982912 0.184076 0
    outer loop
      vertex 49.493 19.03 2.15
      vertex 49.4147 19.4481 1.2
      vertex 49.4147 19.4481 2.15
    endloop
  endfacet
  facet normal 0.982912 0.184076 0
    outer loop
      vertex 49.4147 19.4481 1.2
      vertex 49.493 19.03 2.15
      vertex 49.493 19.03 1.2
    endloop
  endfacet
  facet normal 0.998498 0.0547841 0
    outer loop
      vertex 49.4147 19.4481 2.15
      vertex 49.3886 19.9238 1.2
      vertex 49.3886 19.9238 2.15
    endloop
  endfacet
  facet normal 0.998498 0.0547841 0
    outer loop
      vertex 49.3886 19.9238 1.2
      vertex 49.4147 19.4481 2.15
      vertex 49.4147 19.4481 1.2
    endloop
  endfacet
  facet normal 0 -1 0
    outer loop
      vertex 49.3886 19.9238 1.2
      vertex 53.5767 19.9238 2.15
      vertex 49.3886 19.9238 2.15
    endloop
  endfacet
  facet normal 0 -1 -0
    outer loop
      vertex 53.5767 19.9238 2.15
      vertex 49.3886 19.9238 1.2
      vertex 53.5767 19.9238 1.2
    endloop
  endfacet
  facet normal 1 -0 0
    outer loop
      vertex 53.5767 19.9238 2.15
      vertex 53.5767 20.054 1.2
      vertex 53.5767 20.054 2.15
    endloop
  endfacet
  facet normal 1 0 0
    outer loop
      vertex 53.5767 20.054 1.2
      vertex 53.5767 19.9238 2.15
      vertex 53.5767 19.9238 1.2
    endloop
  endfacet
  facet normal 0.993053 0.117664 0
    outer loop
      vertex 53.5767 20.054 2.15
      vertex 53.415 21.4187 1.2
      vertex 53.415 21.4187 2.15
    endloop
  endfacet
  facet normal 0.993053 0.117664 0
    outer loop
      vertex 53.415 21.4187 1.2
      vertex 53.5767 20.054 2.15
      vertex 53.5767 20.054 1.2
    endloop
  endfacet
  facet normal 0.895234 0.445597 0
    outer loop
      vertex 53.415 21.4187 2.15
      vertex 52.9298 22.3935 1.2
      vertex 52.9298 22.3935 2.15
    endloop
  endfacet
  facet normal 0.895234 0.445597 0
    outer loop
      vertex 52.9298 22.3935 1.2
      vertex 53.415 21.4187 2.15
      vertex 53.415 21.4187 1.2
    endloop
  endfacet
  facet normal 0.585977 0.810328 -0
    outer loop
      vertex 52.9298 22.3935 1.2
      vertex 52.1211 22.9783 2.15
      vertex 52.9298 22.3935 2.15
    endloop
  endfacet
  facet normal 0.585977 0.810328 0
    outer loop
      vertex 52.1211 22.9783 2.15
      vertex 52.9298 22.3935 1.2
      vertex 52.1211 22.9783 1.2
    endloop
  endfacet
  facet normal 0.169747 0.985488 -0
    outer loop
      vertex 52.1211 22.9783 1.2
      vertex 50.989 23.1733 2.15
      vertex 52.1211 22.9783 2.15
    endloop
  endfacet
  facet normal 0.169747 0.985488 0
    outer loop
      vertex 50.989 23.1733 2.15
      vertex 52.1211 22.9783 1.2
      vertex 50.989 23.1733 1.2
    endloop
  endfacet
  facet normal -0.0811618 0.996701 0
    outer loop
      vertex 50.989 23.1733 1.2
      vertex 50.3934 23.1248 2.15
      vertex 50.989 23.1733 2.15
    endloop
  endfacet
  facet normal -0.0811618 0.996701 0
    outer loop
      vertex 50.3934 23.1248 2.15
      vertex 50.989 23.1733 1.2
      vertex 50.3934 23.1248 1.2
    endloop
  endfacet
  facet normal -0.268043 0.963407 0
    outer loop
      vertex 50.3934 23.1248 1.2
      vertex 49.8708 22.9794 2.15
      vertex 50.3934 23.1248 2.15
    endloop
  endfacet
  facet normal -0.268043 0.963407 0
    outer loop
      vertex 49.8708 22.9794 2.15
      vertex 50.3934 23.1248 1.2
      vertex 49.8708 22.9794 1.2
    endloop
  endfacet
  facet normal -0.474403 0.880308 0
    outer loop
      vertex 49.8708 22.9794 1.2
      vertex 49.421 22.737 2.15
      vertex 49.8708 22.9794 2.15
    endloop
  endfacet
  facet normal -0.474403 0.880308 0
    outer loop
      vertex 49.421 22.737 2.15
      vertex 49.8708 22.9794 1.2
      vertex 49.421 22.737 1.2
    endloop
  endfacet
  facet normal -0.669172 0.743108 0
    outer loop
      vertex 49.421 22.737 1.2
      vertex 49.0441 22.3976 2.15
      vertex 49.421 22.737 2.15
    endloop
  endfacet
  facet normal -0.669172 0.743108 0
    outer loop
      vertex 49.0441 22.3976 2.15
      vertex 49.421 22.737 1.2
      vertex 49.0441 22.3976 1.2
    endloop
  endfacet
  facet normal -0.822192 0.56921 0
    outer loop
      vertex 48.7462 21.9673 1.2
      vertex 49.0441 22.3976 2.15
      vertex 49.0441 22.3976 1.2
    endloop
  endfacet
  facet normal -0.822192 0.56921 0
    outer loop
      vertex 49.0441 22.3976 2.15
      vertex 48.7462 21.9673 1.2
      vertex 48.7462 21.9673 2.15
    endloop
  endfacet
  facet normal -0.924272 0.381733 0
    outer loop
      vertex 48.5335 21.4523 1.2
      vertex 48.7462 21.9673 2.15
      vertex 48.7462 21.9673 1.2
    endloop
  endfacet
  facet normal -0.924272 0.381733 0
    outer loop
      vertex 48.7462 21.9673 2.15
      vertex 48.5335 21.4523 1.2
      vertex 48.5335 21.4523 2.15
    endloop
  endfacet
  facet normal -0.978119 0.208048 0
    outer loop
      vertex 48.4059 20.8524 1.2
      vertex 48.5335 21.4523 2.15
      vertex 48.5335 21.4523 1.2
    endloop
  endfacet
  facet normal -0.978119 0.208048 0
    outer loop
      vertex 48.5335 21.4523 2.15
      vertex 48.4059 20.8524 1.2
      vertex 48.4059 20.8524 2.15
    endloop
  endfacet
  facet normal -0.998069 0.062115 0
    outer loop
      vertex 48.3633 20.1679 1.2
      vertex 48.4059 20.8524 2.15
      vertex 48.4059 20.8524 1.2
    endloop
  endfacet
  facet normal -0.998069 0.062115 0
    outer loop
      vertex 48.4059 20.8524 2.15
      vertex 48.3633 20.1679 1.2
      vertex 48.3633 20.1679 2.15
    endloop
  endfacet
  facet normal -0.998244 -0.0592438 0
    outer loop
      vertex 48.4059 19.4501 1.2
      vertex 48.3633 20.1679 2.15
      vertex 48.3633 20.1679 1.2
    endloop
  endfacet
  facet normal -0.998244 -0.0592438 0
    outer loop
      vertex 48.3633 20.1679 2.15
      vertex 48.4059 19.4501 1.2
      vertex 48.4059 19.4501 2.15
    endloop
  endfacet
  facet normal -0.979695 -0.200496 0
    outer loop
      vertex 48.5335 18.8266 1.2
      vertex 48.4059 19.4501 2.15
      vertex 48.4059 19.4501 1.2
    endloop
  endfacet
  facet normal -0.979695 -0.200496 0
    outer loop
      vertex 48.4059 19.4501 2.15
      vertex 48.5335 18.8266 1.2
      vertex 48.5335 18.8266 2.15
    endloop
  endfacet
  facet normal -0.927883 -0.372871 0
    outer loop
      vertex 48.7462 18.2973 1.2
      vertex 48.5335 18.8266 2.15
      vertex 48.5335 18.8266 1.2
    endloop
  endfacet
  facet normal -0.927883 -0.372871 0
    outer loop
      vertex 48.5335 18.8266 2.15
      vertex 48.7462 18.2973 1.2
      vertex 48.7462 18.2973 2.15
    endloop
  endfacet
  facet normal -0.82507 -0.565031 0
    outer loop
      vertex 49.0441 17.8623 1.2
      vertex 48.7462 18.2973 2.15
      vertex 48.7462 18.2973 1.2
    endloop
  endfacet
  facet normal -0.82507 -0.565031 0
    outer loop
      vertex 48.7462 18.2973 2.15
      vertex 49.0441 17.8623 1.2
      vertex 49.0441 17.8623 2.15
    endloop
  endfacet
  facet normal -0.666824 -0.745216 0
    outer loop
      vertex 49.0441 17.8623 1.2
      vertex 49.4234 17.5229 2.15
      vertex 49.0441 17.8623 2.15
    endloop
  endfacet
  facet normal -0.666824 -0.745216 -0
    outer loop
      vertex 49.4234 17.5229 2.15
      vertex 49.0441 17.8623 1.2
      vertex 49.4234 17.5229 1.2
    endloop
  endfacet
  facet normal -0.46866 -0.883378 0
    outer loop
      vertex 49.4234 17.5229 1.2
      vertex 49.8803 17.2805 2.15
      vertex 49.4234 17.5229 2.15
    endloop
  endfacet
  facet normal -0.46866 -0.883378 -0
    outer loop
      vertex 49.8803 17.2805 2.15
      vertex 49.4234 17.5229 1.2
      vertex 49.8803 17.2805 1.2
    endloop
  endfacet
  facet normal -0.262659 -0.964889 0
    outer loop
      vertex 49.8803 17.2805 1.2
      vertex 50.4148 17.135 2.15
      vertex 49.8803 17.2805 2.15
    endloop
  endfacet
  facet normal -0.262659 -0.964889 -0
    outer loop
      vertex 50.4148 17.135 2.15
      vertex 49.8803 17.2805 1.2
      vertex 50.4148 17.135 1.2
    endloop
  endfacet
  facet normal -0.078975 -0.996877 0
    outer loop
      vertex 50.4148 17.135 1.2
      vertex 51.027 17.0865 2.15
      vertex 50.4148 17.135 2.15
    endloop
  endfacet
  facet normal -0.078975 -0.996877 -0
    outer loop
      vertex 51.027 17.0865 2.15
      vertex 50.4148 17.135 1.2
      vertex 51.027 17.0865 1.2
    endloop
  endfacet
  facet normal 0.101672 -0.994818 0
    outer loop
      vertex 51.027 17.0865 1.2
      vertex 51.8763 17.1733 2.15
      vertex 51.027 17.0865 2.15
    endloop
  endfacet
  facet normal 0.101672 -0.994818 0
    outer loop
      vertex 51.8763 17.1733 2.15
      vertex 51.027 17.0865 1.2
      vertex 51.8763 17.1733 1.2
    endloop
  endfacet
  facet normal 0.994829 -0.10156 0
    outer loop
      vertex 49.3995 20.6724 2.15
      vertex 49.4396 21.0652 1.2
      vertex 49.4396 21.0652 2.15
    endloop
  endfacet
  facet normal 0.994829 -0.10156 0
    outer loop
      vertex 49.4396 21.0652 1.2
      vertex 49.3995 20.6724 2.15
      vertex 49.3995 20.6724 1.2
    endloop
  endfacet
  facet normal 0.96955 -0.244892 0
    outer loop
      vertex 49.4396 21.0652 2.15
      vertex 49.5276 21.4136 1.2
      vertex 49.5276 21.4136 2.15
    endloop
  endfacet
  facet normal 0.96955 -0.244892 0
    outer loop
      vertex 49.5276 21.4136 1.2
      vertex 49.4396 21.0652 2.15
      vertex 49.4396 21.0652 1.2
    endloop
  endfacet
  facet normal 0.912992 -0.407977 0
    outer loop
      vertex 49.5276 21.4136 2.15
      vertex 49.6634 21.7175 1.2
      vertex 49.6634 21.7175 2.15
    endloop
  endfacet
  facet normal 0.912992 -0.407977 0
    outer loop
      vertex 49.6634 21.7175 1.2
      vertex 49.5276 21.4136 2.15
      vertex 49.5276 21.4136 1.2
    endloop
  endfacet
  facet normal 0.816445 -0.577424 0
    outer loop
      vertex 49.6634 21.7175 2.15
      vertex 49.847 21.9771 1.2
      vertex 49.847 21.9771 2.15
    endloop
  endfacet
  facet normal 0.816445 -0.577424 0
    outer loop
      vertex 49.847 21.9771 1.2
      vertex 49.6634 21.7175 2.15
      vertex 49.6634 21.7175 1.2
    endloop
  endfacet
  facet normal 0.676668 -0.736288 0
    outer loop
      vertex 49.847 21.9771 1.2
      vertex 50.073 22.1848 2.15
      vertex 49.847 21.9771 2.15
    endloop
  endfacet
  facet normal 0.676668 -0.736288 0
    outer loop
      vertex 50.073 22.1848 2.15
      vertex 49.847 21.9771 1.2
      vertex 50.073 22.1848 1.2
    endloop
  endfacet
  facet normal 0.491315 -0.870982 0
    outer loop
      vertex 50.073 22.1848 1.2
      vertex 50.3359 22.3331 2.15
      vertex 50.073 22.1848 2.15
    endloop
  endfacet
  facet normal 0.491315 -0.870982 0
    outer loop
      vertex 50.3359 22.3331 2.15
      vertex 50.073 22.1848 1.2
      vertex 50.3359 22.3331 1.2
    endloop
  endfacet
  facet normal 0.284502 -0.958675 0
    outer loop
      vertex 50.3359 22.3331 1.2
      vertex 50.6358 22.4221 2.15
      vertex 50.3359 22.3331 2.15
    endloop
  endfacet
  facet normal 0.284502 -0.958675 0
    outer loop
      vertex 50.6358 22.4221 2.15
      vertex 50.3359 22.3331 1.2
      vertex 50.6358 22.4221 1.2
    endloop
  endfacet
  facet normal 0.0878161 -0.996137 0
    outer loop
      vertex 50.6358 22.4221 1.2
      vertex 50.9727 22.4518 2.15
      vertex 50.6358 22.4221 2.15
    endloop
  endfacet
  facet normal 0.0878161 -0.996137 0
    outer loop
      vertex 50.9727 22.4518 2.15
      vertex 50.6358 22.4221 1.2
      vertex 50.9727 22.4518 1.2
    endloop
  endfacet
  facet normal -0.0769176 -0.997037 0
    outer loop
      vertex 50.9727 22.4518 1.2
      vertex 51.3175 22.4252 2.15
      vertex 50.9727 22.4518 2.15
    endloop
  endfacet
  facet normal -0.0769176 -0.997037 -0
    outer loop
      vertex 51.3175 22.4252 2.15
      vertex 50.9727 22.4518 1.2
      vertex 51.3175 22.4252 1.2
    endloop
  endfacet
  facet normal -0.25569 -0.966759 0
    outer loop
      vertex 51.3175 22.4252 1.2
      vertex 51.6196 22.3453 2.15
      vertex 51.3175 22.4252 2.15
    endloop
  endfacet
  facet normal -0.25569 -0.966759 -0
    outer loop
      vertex 51.6196 22.3453 2.15
      vertex 51.3175 22.4252 1.2
      vertex 51.6196 22.3453 1.2
    endloop
  endfacet
  facet normal -0.456519 -0.889714 0
    outer loop
      vertex 51.6196 22.3453 1.2
      vertex 51.879 22.2122 2.15
      vertex 51.6196 22.3453 2.15
    endloop
  endfacet
  facet normal -0.456519 -0.889714 -0
    outer loop
      vertex 51.879 22.2122 2.15
      vertex 51.6196 22.3453 1.2
      vertex 51.879 22.2122 1.2
    endloop
  endfacet
  facet normal -0.651886 -0.758317 0
    outer loop
      vertex 51.879 22.2122 1.2
      vertex 52.0956 22.026 2.15
      vertex 51.879 22.2122 2.15
    endloop
  endfacet
  facet normal -0.651886 -0.758317 -0
    outer loop
      vertex 52.0956 22.026 2.15
      vertex 51.879 22.2122 1.2
      vertex 52.0956 22.026 1.2
    endloop
  endfacet
  facet normal -0.811371 -0.584532 0
    outer loop
      vertex 52.2716 21.7817 1.2
      vertex 52.0956 22.026 2.15
      vertex 52.0956 22.026 1.2
    endloop
  endfacet
  facet normal -0.811371 -0.584532 0
    outer loop
      vertex 52.0956 22.026 2.15
      vertex 52.2716 21.7817 1.2
      vertex 52.2716 21.7817 2.15
    endloop
  endfacet
  facet normal -0.912865 -0.408262 0
    outer loop
      vertex 52.4089 21.4747 1.2
      vertex 52.2716 21.7817 2.15
      vertex 52.2716 21.7817 1.2
    endloop
  endfacet
  facet normal -0.912865 -0.408262 0
    outer loop
      vertex 52.2716 21.7817 2.15
      vertex 52.4089 21.4747 1.2
      vertex 52.4089 21.4747 2.15
    endloop
  endfacet
  facet normal -0.966179 -0.257874 0
    outer loop
      vertex 52.5076 21.1049 1.2
      vertex 52.4089 21.4747 2.15
      vertex 52.4089 21.4747 1.2
    endloop
  endfacet
  facet normal -0.966179 -0.257874 0
    outer loop
      vertex 52.4089 21.4747 2.15
      vertex 52.5076 21.1049 1.2
      vertex 52.5076 21.1049 2.15
    endloop
  endfacet
  facet normal -0.990514 -0.137412 0
    outer loop
      vertex 52.5676 20.6724 1.2
      vertex 52.5076 21.1049 2.15
      vertex 52.5076 21.1049 1.2
    endloop
  endfacet
  facet normal -0.990514 -0.137412 0
    outer loop
      vertex 52.5076 21.1049 2.15
      vertex 52.5676 20.6724 1.2
      vertex 52.5676 20.6724 2.15
    endloop
  endfacet
  facet normal 0 1 -0
    outer loop
      vertex 52.5676 20.6724 1.2
      vertex 49.3995 20.6724 2.15
      vertex 52.5676 20.6724 2.15
    endloop
  endfacet
  facet normal 0 1 0
    outer loop
      vertex 49.3995 20.6724 2.15
      vertex 52.5676 20.6724 1.2
      vertex 49.3995 20.6724 1.2
    endloop
  endfacet
  facet normal 0.999056 -0.0434467 0
    outer loop
      vertex 55.6728 20.2547 2.15
      vertex 55.6928 20.7146 1.2
      vertex 55.6928 20.7146 2.15
    endloop
  endfacet
  facet normal 0.999056 -0.0434467 0
    outer loop
      vertex 55.6928 20.7146 1.2
      vertex 55.6728 20.2547 2.15
      vertex 55.6728 20.2547 1.2
    endloop
  endfacet
  facet normal 0.989119 -0.147117 0
    outer loop
      vertex 55.6928 20.7146 2.15
      vertex 55.7528 21.118 1.2
      vertex 55.7528 21.118 2.15
    endloop
  endfacet
  facet normal 0.989119 -0.147117 0
    outer loop
      vertex 55.7528 21.118 1.2
      vertex 55.6928 20.7146 2.15
      vertex 55.6928 20.7146 1.2
    endloop
  endfacet
  facet normal 0.960809 -0.27721 0
    outer loop
      vertex 55.7528 21.118 2.15
      vertex 55.8528 21.4646 1.2
      vertex 55.8528 21.4646 2.15
    endloop
  endfacet
  facet normal 0.960809 -0.27721 0
    outer loop
      vertex 55.8528 21.4646 1.2
      vertex 55.7528 21.118 2.15
      vertex 55.7528 21.118 1.2
    endloop
  endfacet
  facet normal 0.90061 -0.434628 0
    outer loop
      vertex 55.8528 21.4646 2.15
      vertex 55.9928 21.7547 1.2
      vertex 55.9928 21.7547 2.15
    endloop
  endfacet
  facet normal 0.90061 -0.434628 0
    outer loop
      vertex 55.9928 21.7547 1.2
      vertex 55.8528 21.4646 2.15
      vertex 55.8528 21.4646 1.2
    endloop
  endfacet
  facet normal 0.789371 -0.613917 0
    outer loop
      vertex 55.9928 21.7547 2.15
      vertex 56.1709 21.9837 1.2
      vertex 56.1709 21.9837 2.15
    endloop
  endfacet
  facet normal 0.789371 -0.613917 0
    outer loop
      vertex 56.1709 21.9837 1.2
      vertex 55.9928 21.7547 2.15
      vertex 55.9928 21.7547 1.2
    endloop
  endfacet
  facet normal 0.607519 -0.794305 0
    outer loop
      vertex 56.1709 21.9837 1.2
      vertex 56.3848 22.1473 2.15
      vertex 56.1709 21.9837 2.15
    endloop
  endfacet
  facet normal 0.607519 -0.794305 0
    outer loop
      vertex 56.3848 22.1473 2.15
      vertex 56.1709 21.9837 1.2
      vertex 56.3848 22.1473 1.2
    endloop
  endfacet
  facet normal 0.365733 -0.93072 0
    outer loop
      vertex 56.3848 22.1473 1.2
      vertex 56.6347 22.2455 2.15
      vertex 56.3848 22.1473 2.15
    endloop
  endfacet
  facet normal 0.365733 -0.93072 0
    outer loop
      vertex 56.6347 22.2455 2.15
      vertex 56.3848 22.1473 1.2
      vertex 56.6347 22.2455 1.2
    endloop
  endfacet
  facet normal 0.113674 -0.993518 0
    outer loop
      vertex 56.6347 22.2455 1.2
      vertex 56.9205 22.2782 2.15
      vertex 56.6347 22.2455 2.15
    endloop
  endfacet
  facet normal 0.113674 -0.993518 0
    outer loop
      vertex 56.9205 22.2782 2.15
      vertex 56.6347 22.2455 1.2
      vertex 56.9205 22.2782 1.2
    endloop
  endfacet
  facet normal -0.0219869 -0.999758 0
    outer loop
      vertex 56.9205 22.2782 1.2
      vertex 57.0751 22.2748 2.15
      vertex 56.9205 22.2782 2.15
    endloop
  endfacet
  facet normal -0.0219869 -0.999758 -0
    outer loop
      vertex 57.0751 22.2748 2.15
      vertex 56.9205 22.2782 1.2
      vertex 57.0751 22.2748 1.2
    endloop
  endfacet
  facet normal -0.0735001 -0.997295 0
    outer loop
      vertex 57.0751 22.2748 1.2
      vertex 57.2135 22.2646 2.15
      vertex 57.0751 22.2748 2.15
    endloop
  endfacet
  facet normal -0.0735001 -0.997295 -0
    outer loop
      vertex 57.2135 22.2646 2.15
      vertex 57.0751 22.2748 1.2
      vertex 57.2135 22.2646 1.2
    endloop
  endfacet
  facet normal -0.137214 -0.990541 0
    outer loop
      vertex 57.2135 22.2646 1.2
      vertex 57.3355 22.2477 2.15
      vertex 57.2135 22.2646 2.15
    endloop
  endfacet
  facet normal -0.137214 -0.990541 -0
    outer loop
      vertex 57.3355 22.2477 2.15
      vertex 57.2135 22.2646 1.2
      vertex 57.3355 22.2477 1.2
    endloop
  endfacet
  facet normal -0.21859 -0.975817 0
    outer loop
      vertex 57.3355 22.2477 1.2
      vertex 57.4413 22.224 2.15
      vertex 57.3355 22.2477 2.15
    endloop
  endfacet
  facet normal -0.21859 -0.975817 -0
    outer loop
      vertex 57.4413 22.224 2.15
      vertex 57.3355 22.2477 1.2
      vertex 57.4413 22.224 1.2
    endloop
  endfacet
  facet normal 1 -0 0
    outer loop
      vertex 57.4413 22.224 2.15
      vertex 57.4413 23.1191 1.2
      vertex 57.4413 23.1191 2.15
    endloop
  endfacet
  facet normal 1 0 0
    outer loop
      vertex 57.4413 23.1191 1.2
      vertex 57.4413 22.224 2.15
      vertex 57.4413 22.224 1.2
    endloop
  endfacet
  facet normal 0.230612 0.973046 -0
    outer loop
      vertex 57.4413 23.1191 1.2
      vertex 57.3413 23.1428 2.15
      vertex 57.4413 23.1191 2.15
    endloop
  endfacet
  facet normal 0.230612 0.973046 0
    outer loop
      vertex 57.3413 23.1428 2.15
      vertex 57.4413 23.1191 1.2
      vertex 57.3413 23.1428 1.2
    endloop
  endfacet
  facet normal 0.168578 0.985688 -0
    outer loop
      vertex 57.3413 23.1428 1.2
      vertex 57.2419 23.1598 2.15
      vertex 57.3413 23.1428 2.15
    endloop
  endfacet
  facet normal 0.168578 0.985688 0
    outer loop
      vertex 57.2419 23.1598 2.15
      vertex 57.3413 23.1428 1.2
      vertex 57.2419 23.1598 1.2
    endloop
  endfacet
  facet normal 0.101799 0.994805 -0
    outer loop
      vertex 57.2419 23.1598 1.2
      vertex 57.1432 23.1699 2.15
      vertex 57.2419 23.1598 2.15
    endloop
  endfacet
  facet normal 0.101799 0.994805 0
    outer loop
      vertex 57.1432 23.1699 2.15
      vertex 57.2419 23.1598 1.2
      vertex 57.1432 23.1699 1.2
    endloop
  endfacet
  facet normal 0.0347084 0.999397 -0
    outer loop
      vertex 57.1432 23.1699 1.2
      vertex 57.0453 23.1733 2.15
      vertex 57.1432 23.1699 2.15
    endloop
  endfacet
  facet normal 0.0347084 0.999397 0
    outer loop
      vertex 57.0453 23.1733 2.15
      vertex 57.1432 23.1699 1.2
      vertex 57.0453 23.1733 1.2
    endloop
  endfacet
  facet normal -0.0661132 0.997812 0
    outer loop
      vertex 57.0453 23.1733 1.2
      vertex 56.7842 23.156 2.15
      vertex 57.0453 23.1733 2.15
    endloop
  endfacet
  facet normal -0.0661132 0.997812 0
    outer loop
      vertex 56.7842 23.156 2.15
      vertex 57.0453 23.1733 1.2
      vertex 56.7842 23.156 1.2
    endloop
  endfacet
  facet normal -0.219805 0.975544 0
    outer loop
      vertex 56.7842 23.156 1.2
      vertex 56.5543 23.1042 2.15
      vertex 56.7842 23.156 2.15
    endloop
  endfacet
  facet normal -0.219805 0.975544 0
    outer loop
      vertex 56.5543 23.1042 2.15
      vertex 56.7842 23.156 1.2
      vertex 56.5543 23.1042 1.2
    endloop
  endfacet
  facet normal -0.399148 0.916887 0
    outer loop
      vertex 56.5543 23.1042 1.2
      vertex 56.3556 23.0177 2.15
      vertex 56.5543 23.1042 2.15
    endloop
  endfacet
  facet normal -0.399148 0.916887 0
    outer loop
      vertex 56.3556 23.0177 2.15
      vertex 56.5543 23.1042 1.2
      vertex 56.3556 23.0177 1.2
    endloop
  endfacet
  facet normal -0.585349 0.810781 0
    outer loop
      vertex 56.3556 23.0177 1.2
      vertex 56.188 22.8967 2.15
      vertex 56.3556 23.0177 2.15
    endloop
  endfacet
  facet normal -0.585349 0.810781 0
    outer loop
      vertex 56.188 22.8967 2.15
      vertex 56.3556 23.0177 1.2
      vertex 56.188 22.8967 1.2
    endloop
  endfacet
  facet normal -0.752078 0.659074 0
    outer loop
      vertex 56.0406 22.7285 1.2
      vertex 56.188 22.8967 2.15
      vertex 56.188 22.8967 1.2
    endloop
  endfacet
  facet normal -0.752078 0.659074 0
    outer loop
      vertex 56.188 22.8967 2.15
      vertex 56.0406 22.7285 1.2
      vertex 56.0406 22.7285 2.15
    endloop
  endfacet
  facet normal -0.854133 0.520054 0
    outer loop
      vertex 55.9019 22.5007 1.2
      vertex 56.0406 22.7285 2.15
      vertex 56.0406 22.7285 1.2
    endloop
  endfacet
  facet normal -0.854133 0.520054 0
    outer loop
      vertex 56.0406 22.7285 2.15
      vertex 55.9019 22.5007 1.2
      vertex 55.9019 22.5007 2.15
    endloop
  endfacet
  facet normal -0.911298 0.411748 0
    outer loop
      vertex 55.772 22.2132 1.2
      vertex 55.9019 22.5007 2.15
      vertex 55.9019 22.5007 1.2
    endloop
  endfacet
  facet normal -0.911298 0.411748 0
    outer loop
      vertex 55.9019 22.5007 2.15
      vertex 55.772 22.2132 1.2
      vertex 55.772 22.2132 2.15
    endloop
  endfacet
  facet normal -0.944298 0.32909 0
    outer loop
      vertex 55.651 21.866 1.2
      vertex 55.772 22.2132 2.15
      vertex 55.772 22.2132 1.2
    endloop
  endfacet
  facet normal -0.944298 0.32909 0
    outer loop
      vertex 55.772 22.2132 2.15
      vertex 55.651 21.866 1.2
      vertex 55.651 21.866 2.15
    endloop
  endfacet
  facet normal 0 1 -0
    outer loop
      vertex 55.651 21.866 1.2
      vertex 55.6293 21.866 2.15
      vertex 55.651 21.866 2.15
    endloop
  endfacet
  facet normal 0 1 0
    outer loop
      vertex 55.6293 21.866 2.15
      vertex 55.651 21.866 1.2
      vertex 55.6293 21.866 1.2
    endloop
  endfacet
  facet normal 0.999838 0.0179731 0
    outer loop
      vertex 55.6293 21.866 2.15
      vertex 55.6266 22.0162 1.2
      vertex 55.6266 22.0162 2.15
    endloop
  endfacet
  facet normal 0.999838 0.0179731 0
    outer loop
      vertex 55.6266 22.0162 1.2
      vertex 55.6293 21.866 2.15
      vertex 55.6293 21.866 1.2
    endloop
  endfacet
  facet normal 0.999475 0.0324089 0
    outer loop
      vertex 55.6266 22.0162 2.15
      vertex 55.6185 22.266 1.2
      vertex 55.6185 22.266 2.15
    endloop
  endfacet
  facet normal 0.999475 0.0324089 0
    outer loop
      vertex 55.6185 22.266 1.2
      vertex 55.6266 22.0162 2.15
      vertex 55.6266 22.0162 1.2
    endloop
  endfacet
  facet normal 0.999244 0.0388722 0
    outer loop
      vertex 55.6185 22.266 2.15
      vertex 55.6049 22.6156 1.2
      vertex 55.6049 22.6156 2.15
    endloop
  endfacet
  facet normal 0.999244 0.0388722 0
    outer loop
      vertex 55.6049 22.6156 1.2
      vertex 55.6185 22.266 2.15
      vertex 55.6185 22.266 1.2
    endloop
  endfacet
  facet normal 0.999116 0.0420376 0
    outer loop
      vertex 55.6049 22.6156 2.15
      vertex 55.586 23.0648 1.2
      vertex 55.586 23.0648 2.15
    endloop
  endfacet
  facet normal 0.999116 0.0420376 0
    outer loop
      vertex 55.586 23.0648 1.2
      vertex 55.6049 22.6156 2.15
      vertex 55.6049 22.6156 1.2
    endloop
  endfacet
  facet normal 0 1 -0
    outer loop
      vertex 55.586 23.0648 1.2
      vertex 54.6637 23.0648 2.15
      vertex 55.586 23.0648 2.15
    endloop
  endfacet
  facet normal 0 1 0
    outer loop
      vertex 54.6637 23.0648 2.15
      vertex 55.586 23.0648 1.2
      vertex 54.6637 23.0648 1.2
    endloop
  endfacet
  facet normal -0.999249 -0.0387581 0
    outer loop
      vertex 54.6779 22.6987 1.2
      vertex 54.6637 23.0648 2.15
      vertex 54.6637 23.0648 1.2
    endloop
  endfacet
  facet normal -0.999249 -0.0387581 0
    outer loop
      vertex 54.6637 23.0648 2.15
      vertex 54.6779 22.6987 1.2
      vertex 54.6779 22.6987 2.15
    endloop
  endfacet
  facet normal -0.999576 -0.0291305 0
    outer loop
      vertex 54.6881 22.3487 1.2
      vertex 54.6779 22.6987 2.15
      vertex 54.6779 22.6987 1.2
    endloop
  endfacet
  facet normal -0.999576 -0.0291305 0
    outer loop
      vertex 54.6779 22.6987 2.15
      vertex 54.6881 22.3487 1.2
      vertex 54.6881 22.3487 2.15
    endloop
  endfacet
  facet normal -0.999833 -0.0182823 0
    outer loop
      vertex 54.6942 22.0151 1.2
      vertex 54.6881 22.3487 2.15
      vertex 54.6881 22.3487 1.2
    endloop
  endfacet
  facet normal -0.999833 -0.0182823 0
    outer loop
      vertex 54.6881 22.3487 2.15
      vertex 54.6942 22.0151 1.2
      vertex 54.6942 22.0151 2.15
    endloop
  endfacet
  facet normal -0.99998 -0.00630107 0
    outer loop
      vertex 54.6962 21.6977 1.2
      vertex 54.6942 22.0151 2.15
      vertex 54.6942 22.0151 1.2
    endloop
  endfacet
  facet normal -0.99998 -0.00630107 0
    outer loop
      vertex 54.6942 22.0151 2.15
      vertex 54.6962 21.6977 1.2
      vertex 54.6962 21.6977 2.15
    endloop
  endfacet
  facet normal -1 0 0
    outer loop
      vertex 54.6962 17.195 1.2
      vertex 54.6962 21.6977 2.15
      vertex 54.6962 21.6977 1.2
    endloop
  endfacet
  facet normal -1 -0 0
    outer loop
      vertex 54.6962 21.6977 2.15
      vertex 54.6962 17.195 1.2
      vertex 54.6962 17.195 2.15
    endloop
  endfacet
  facet normal 0 -1 0
    outer loop
      vertex 54.6962 17.195 1.2
      vertex 55.6728 17.195 2.15
      vertex 54.6962 17.195 2.15
    endloop
  endfacet
  facet normal 0 -1 -0
    outer loop
      vertex 55.6728 17.195 2.15
      vertex 54.6962 17.195 1.2
      vertex 55.6728 17.195 1.2
    endloop
  endfacet
  facet normal 1 -0 0
    outer loop
      vertex 55.6728 17.195 2.15
      vertex 55.6728 20.2547 1.2
      vertex 55.6728 20.2547 2.15
    endloop
  endfacet
  facet normal 1 0 0
    outer loop
      vertex 55.6728 20.2547 1.2
      vertex 55.6728 17.195 2.15
      vertex 55.6728 17.195 1.2
    endloop
  endfacet
  facet normal 0.176711 -0.984263 0
    outer loop
      vertex 60.8442 17.1147 1.2
      vertex 61.3143 17.1991 2.15
      vertex 60.8442 17.1147 2.15
    endloop
  endfacet
  facet normal 0.176711 -0.984263 0
    outer loop
      vertex 61.3143 17.1991 2.15
      vertex 60.8442 17.1147 1.2
      vertex 61.3143 17.1991 1.2
    endloop
  endfacet
  facet normal 0.326441 -0.945218 0
    outer loop
      vertex 61.3143 17.1991 1.2
      vertex 61.7217 17.3398 2.15
      vertex 61.3143 17.1991 2.15
    endloop
  endfacet
  facet normal 0.326441 -0.945218 0
    outer loop
      vertex 61.7217 17.3398 2.15
      vertex 61.3143 17.1991 1.2
      vertex 61.7217 17.3398 1.2
    endloop
  endfacet
  facet normal 0.496193 -0.868212 0
    outer loop
      vertex 61.7217 17.3398 1.2
      vertex 62.0664 17.5368 2.15
      vertex 61.7217 17.3398 2.15
    endloop
  endfacet
  facet normal 0.496193 -0.868212 0
    outer loop
      vertex 62.0664 17.5368 2.15
      vertex 61.7217 17.3398 1.2
      vertex 62.0664 17.5368 1.2
    endloop
  endfacet
  facet normal 0.672256 -0.740319 0
    outer loop
      vertex 62.0664 17.5368 1.2
      vertex 62.3405 17.7857 2.15
      vertex 62.0664 17.5368 2.15
    endloop
  endfacet
  facet normal 0.672256 -0.740319 0
    outer loop
      vertex 62.3405 17.7857 2.15
      vertex 62.0664 17.5368 1.2
      vertex 62.3405 17.7857 1.2
    endloop
  endfacet
  facet normal 0.834296 -0.551317 0
    outer loop
      vertex 62.3405 17.7857 2.15
      vertex 62.5363 18.082 1.2
      vertex 62.5363 18.082 2.15
    endloop
  endfacet
  facet normal 0.834296 -0.551317 0
    outer loop
      vertex 62.5363 18.082 1.2
      vertex 62.3405 17.7857 2.15
      vertex 62.3405 17.7857 1.2
    endloop
  endfacet
  facet normal 0.946262 -0.323402 0
    outer loop
      vertex 62.5363 18.082 2.15
      vertex 62.6538 18.4258 1.2
      vertex 62.6538 18.4258 2.15
    endloop
  endfacet
  facet normal 0.946262 -0.323402 0
    outer loop
      vertex 62.6538 18.4258 1.2
      vertex 62.5363 18.082 2.15
      vertex 62.5363 18.082 1.2
    endloop
  endfacet
  facet normal 0.99502 -0.09968 0
    outer loop
      vertex 62.6538 18.4258 2.15
      vertex 62.693 18.8171 1.2
      vertex 62.693 18.8171 2.15
    endloop
  endfacet
  facet normal 0.99502 -0.09968 0
    outer loop
      vertex 62.693 18.8171 1.2
      vertex 62.6538 18.4258 2.15
      vertex 62.6538 18.4258 1.2
    endloop
  endfacet
  facet normal 0.999137 0.0415289 0
    outer loop
      vertex 62.693 18.8171 2.15
      vertex 62.6862 18.9807 1.2
      vertex 62.6862 18.9807 2.15
    endloop
  endfacet
  facet normal 0.999137 0.0415289 0
    outer loop
      vertex 62.6862 18.9807 1.2
      vertex 62.693 18.8171 2.15
      vertex 62.693 18.8171 1.2
    endloop
  endfacet
  facet normal 0.991467 0.130355 0
    outer loop
      vertex 62.6862 18.9807 2.15
      vertex 62.6659 19.1351 1.2
      vertex 62.6659 19.1351 2.15
    endloop
  endfacet
  facet normal 0.991467 0.130355 0
    outer loop
      vertex 62.6659 19.1351 1.2
      vertex 62.6862 18.9807 2.15
      vertex 62.6862 18.9807 1.2
    endloop
  endfacet
  facet normal 0.973698 0.227844 0
    outer loop
      vertex 62.6659 19.1351 2.15
      vertex 62.6319 19.2804 1.2
      vertex 62.6319 19.2804 2.15
    endloop
  endfacet
  facet normal 0.973698 0.227844 0
    outer loop
      vertex 62.6319 19.2804 1.2
      vertex 62.6659 19.1351 2.15
      vertex 62.6659 19.1351 1.2
    endloop
  endfacet
  facet normal 0.944366 0.328897 0
    outer loop
      vertex 62.6319 19.2804 2.15
      vertex 62.5845 19.4165 1.2
      vertex 62.5845 19.4165 2.15
    endloop
  endfacet
  facet normal 0.944366 0.328897 0
    outer loop
      vertex 62.5845 19.4165 1.2
      vertex 62.6319 19.2804 2.15
      vertex 62.6319 19.2804 1.2
    endloop
  endfacet
  facet normal 0.905348 0.42467 0
    outer loop
      vertex 62.5845 19.4165 2.15
      vertex 62.5246 19.5442 1.2
      vertex 62.5246 19.5442 2.15
    endloop
  endfacet
  facet normal 0.905348 0.42467 0
    outer loop
      vertex 62.5246 19.5442 1.2
      vertex 62.5845 19.4165 2.15
      vertex 62.5845 19.4165 1.2
    endloop
  endfacet
  facet normal 0.860268 0.509842 0
    outer loop
      vertex 62.5246 19.5442 2.15
      vertex 62.4536 19.664 1.2
      vertex 62.4536 19.664 2.15
    endloop
  endfacet
  facet normal 0.860268 0.509842 0
    outer loop
      vertex 62.4536 19.664 1.2
      vertex 62.5246 19.5442 2.15
      vertex 62.5246 19.5442 1.2
    endloop
  endfacet
  facet normal 0.806428 0.591332 0
    outer loop
      vertex 62.4536 19.664 2.15
      vertex 62.3714 19.7761 1.2
      vertex 62.3714 19.7761 2.15
    endloop
  endfacet
  facet normal 0.806428 0.591332 0
    outer loop
      vertex 62.3714 19.7761 1.2
      vertex 62.4536 19.664 2.15
      vertex 62.4536 19.664 1.2
    endloop
  endfacet
  facet normal 0.744961 0.667108 0
    outer loop
      vertex 62.3714 19.7761 2.15
      vertex 62.278 19.8804 1.2
      vertex 62.278 19.8804 2.15
    endloop
  endfacet
  facet normal 0.744961 0.667108 0
    outer loop
      vertex 62.278 19.8804 1.2
      vertex 62.3714 19.7761 2.15
      vertex 62.3714 19.7761 1.2
    endloop
  endfacet
  facet normal 0.672366 0.740219 -0
    outer loop
      vertex 62.278 19.8804 1.2
      vertex 62.17 19.9785 2.15
      vertex 62.278 19.8804 2.15
    endloop
  endfacet
  facet normal 0.672366 0.740219 0
    outer loop
      vertex 62.17 19.9785 2.15
      vertex 62.278 19.8804 1.2
      vertex 62.17 19.9785 1.2
    endloop
  endfacet
  facet normal 0.597144 0.802134 -0
    outer loop
      vertex 62.17 19.9785 1.2
      vertex 62.044 20.0723 2.15
      vertex 62.17 19.9785 2.15
    endloop
  endfacet
  facet normal 0.597144 0.802134 0
    outer loop
      vertex 62.044 20.0723 2.15
      vertex 62.17 19.9785 1.2
      vertex 62.044 20.0723 1.2
    endloop
  endfacet
  facet normal 0.527289 0.849686 -0
    outer loop
      vertex 62.044 20.0723 1.2
      vertex 61.9001 20.1616 2.15
      vertex 62.044 20.0723 2.15
    endloop
  endfacet
  facet normal 0.527289 0.849686 0
    outer loop
      vertex 61.9001 20.1616 2.15
      vertex 62.044 20.0723 1.2
      vertex 61.9001 20.1616 1.2
    endloop
  endfacet
  facet normal 0.464416 0.885617 -0
    outer loop
      vertex 61.9001 20.1616 1.2
      vertex 61.7382 20.2465 2.15
      vertex 61.9001 20.1616 2.15
    endloop
  endfacet
  facet normal 0.464416 0.885617 0
    outer loop
      vertex 61.7382 20.2465 2.15
      vertex 61.9001 20.1616 1.2
      vertex 61.7382 20.2465 1.2
    endloop
  endfacet
  facet normal 0.39291 0.919577 -0
    outer loop
      vertex 61.7382 20.2465 1.2
      vertex 61.5402 20.3311 2.15
      vertex 61.7382 20.2465 2.15
    endloop
  endfacet
  facet normal 0.39291 0.919577 0
    outer loop
      vertex 61.5402 20.3311 2.15
      vertex 61.7382 20.2465 1.2
      vertex 61.5402 20.3311 1.2
    endloop
  endfacet
  facet normal 0.330667 0.943748 -0
    outer loop
      vertex 61.5402 20.3311 1.2
      vertex 61.2879 20.4195 2.15
      vertex 61.5402 20.3311 2.15
    endloop
  endfacet
  facet normal 0.330667 0.943748 0
    outer loop
      vertex 61.2879 20.4195 2.15
      vertex 61.5402 20.3311 1.2
      vertex 61.2879 20.4195 1.2
    endloop
  endfacet
  facet normal 0.287491 0.957783 -0
    outer loop
      vertex 61.2879 20.4195 1.2
      vertex 60.9814 20.5115 2.15
      vertex 61.2879 20.4195 2.15
    endloop
  endfacet
  facet normal 0.287491 0.957783 0
    outer loop
      vertex 60.9814 20.5115 2.15
      vertex 61.2879 20.4195 1.2
      vertex 60.9814 20.5115 1.2
    endloop
  endfacet
  facet normal 0.256695 0.966492 -0
    outer loop
      vertex 60.9814 20.5115 1.2
      vertex 60.6207 20.6073 2.15
      vertex 60.9814 20.5115 2.15
    endloop
  endfacet
  facet normal 0.256695 0.966492 0
    outer loop
      vertex 60.6207 20.6073 2.15
      vertex 60.9814 20.5115 1.2
      vertex 60.6207 20.6073 1.2
    endloop
  endfacet
  facet normal 0.245764 0.96933 -0
    outer loop
      vertex 60.6207 20.6073 1.2
      vertex 60.2464 20.7022 2.15
      vertex 60.6207 20.6073 2.15
    endloop
  endfacet
  facet normal 0.245764 0.96933 0
    outer loop
      vertex 60.2464 20.7022 2.15
      vertex 60.6207 20.6073 1.2
      vertex 60.2464 20.7022 1.2
    endloop
  endfacet
  facet normal 0.266711 0.963776 -0
    outer loop
      vertex 60.2464 20.7022 1.2
      vertex 59.9425 20.7863 2.15
      vertex 60.2464 20.7022 2.15
    endloop
  endfacet
  facet normal 0.266711 0.963776 0
    outer loop
      vertex 59.9425 20.7863 2.15
      vertex 60.2464 20.7022 1.2
      vertex 59.9425 20.7863 1.2
    endloop
  endfacet
  facet normal 0.299742 0.95402 -0
    outer loop
      vertex 59.9425 20.7863 1.2
      vertex 59.7092 20.8596 2.15
      vertex 59.9425 20.7863 2.15
    endloop
  endfacet
  facet normal 0.299742 0.95402 0
    outer loop
      vertex 59.7092 20.8596 2.15
      vertex 59.9425 20.7863 1.2
      vertex 59.7092 20.8596 1.2
    endloop
  endfacet
  facet normal 0.357903 0.933759 -0
    outer loop
      vertex 59.7092 20.8596 1.2
      vertex 59.5464 20.922 2.15
      vertex 59.7092 20.8596 2.15
    endloop
  endfacet
  facet normal 0.357903 0.933759 0
    outer loop
      vertex 59.5464 20.922 2.15
      vertex 59.7092 20.8596 1.2
      vertex 59.5464 20.922 1.2
    endloop
  endfacet
  facet normal 0.448409 0.893829 -0
    outer loop
      vertex 59.5464 20.922 1.2
      vertex 59.4268 20.982 2.15
      vertex 59.5464 20.922 2.15
    endloop
  endfacet
  facet normal 0.448409 0.893829 0
    outer loop
      vertex 59.4268 20.982 2.15
      vertex 59.5464 20.922 1.2
      vertex 59.4268 20.982 1.2
    endloop
  endfacet
  facet normal 0.536036 0.844195 -0
    outer loop
      vertex 59.4268 20.982 1.2
      vertex 59.3227 21.0481 2.15
      vertex 59.4268 20.982 2.15
    endloop
  endfacet
  facet normal 0.536036 0.844195 0
    outer loop
      vertex 59.3227 21.0481 2.15
      vertex 59.4268 20.982 1.2
      vertex 59.3227 21.0481 1.2
    endloop
  endfacet
  facet normal 0.632141 0.774854 -0
    outer loop
      vertex 59.3227 21.0481 1.2
      vertex 59.2342 21.1203 2.15
      vertex 59.3227 21.0481 2.15
    endloop
  endfacet
  facet normal 0.632141 0.774854 0
    outer loop
      vertex 59.2342 21.1203 2.15
      vertex 59.3227 21.0481 1.2
      vertex 59.2342 21.1203 1.2
    endloop
  endfacet
  facet normal 0.731894 0.681419 0
    outer loop
      vertex 59.2342 21.1203 2.15
      vertex 59.1613 21.1986 1.2
      vertex 59.1613 21.1986 2.15
    endloop
  endfacet
  facet normal 0.731894 0.681419 0
    outer loop
      vertex 59.1613 21.1986 1.2
      vertex 59.2342 21.1203 2.15
      vertex 59.2342 21.1203 1.2
    endloop
  endfacet
  facet normal 0.835882 0.548909 0
    outer loop
      vertex 59.1613 21.1986 2.15
      vertex 59.1043 21.2854 1.2
      vertex 59.1043 21.2854 2.15
    endloop
  endfacet
  facet normal 0.835882 0.548909 0
    outer loop
      vertex 59.1043 21.2854 1.2
      vertex 59.1613 21.1986 2.15
      vertex 59.1613 21.1986 1.2
    endloop
  endfacet
  facet normal 0.923105 0.384548 0
    outer loop
      vertex 59.1043 21.2854 2.15
      vertex 59.0636 21.3831 1.2
      vertex 59.0636 21.3831 2.15
    endloop
  endfacet
  facet normal 0.923105 0.384548 0
    outer loop
      vertex 59.0636 21.3831 1.2
      vertex 59.1043 21.2854 2.15
      vertex 59.1043 21.2854 1.2
    endloop
  endfacet
  facet normal 0.975634 0.219405 0
    outer loop
      vertex 59.0636 21.3831 2.15
      vertex 59.0392 21.4916 1.2
      vertex 59.0392 21.4916 2.15
    endloop
  endfacet
  facet normal 0.975634 0.219405 0
    outer loop
      vertex 59.0392 21.4916 1.2
      vertex 59.0636 21.3831 2.15
      vertex 59.0636 21.3831 1.2
    endloop
  endfacet
  facet normal 0.997703 0.0677401 0
    outer loop
      vertex 59.0392 21.4916 2.15
      vertex 59.0311 21.6109 1.2
      vertex 59.0311 21.6109 2.15
    endloop
  endfacet
  facet normal 0.997703 0.0677401 0
    outer loop
      vertex 59.0311 21.6109 1.2
      vertex 59.0392 21.4916 2.15
      vertex 59.0392 21.4916 1.2
    endloop
  endfacet
  facet normal 0.994701 -0.10281 0
    outer loop
      vertex 59.0311 21.6109 2.15
      vertex 59.0508 21.8015 1.2
      vertex 59.0508 21.8015 2.15
    endloop
  endfacet
  facet normal 0.994701 -0.10281 0
    outer loop
      vertex 59.0508 21.8015 1.2
      vertex 59.0311 21.6109 2.15
      vertex 59.0311 21.6109 1.2
    endloop
  endfacet
  facet normal 0.941418 -0.337241 0
    outer loop
      vertex 59.0508 21.8015 2.15
      vertex 59.1098 21.9662 1.2
      vertex 59.1098 21.9662 2.15
    endloop
  endfacet
  facet normal 0.941418 -0.337241 0
    outer loop
      vertex 59.1098 21.9662 1.2
      vertex 59.0508 21.8015 2.15
      vertex 59.0508 21.8015 1.2
    endloop
  endfacet
  facet normal 0.816659 -0.577121 0
    outer loop
      vertex 59.1098 21.9662 2.15
      vertex 59.2081 22.1053 1.2
      vertex 59.2081 22.1053 2.15
    endloop
  endfacet
  facet normal 0.816659 -0.577121 0
    outer loop
      vertex 59.2081 22.1053 1.2
      vertex 59.1098 21.9662 2.15
      vertex 59.1098 21.9662 1.2
    endloop
  endfacet
  facet normal 0.635314 -0.772254 0
    outer loop
      vertex 59.2081 22.1053 1.2
      vertex 59.3457 22.2185 2.15
      vertex 59.2081 22.1053 2.15
    endloop
  endfacet
  facet normal 0.635314 -0.772254 0
    outer loop
      vertex 59.3457 22.2185 2.15
      vertex 59.2081 22.1053 1.2
      vertex 59.3457 22.2185 1.2
    endloop
  endfacet
  facet normal 0.440181 -0.897909 0
    outer loop
      vertex 59.3457 22.2185 1.2
      vertex 59.5248 22.3063 2.15
      vertex 59.3457 22.2185 2.15
    endloop
  endfacet
  facet normal 0.440181 -0.897909 0
    outer loop
      vertex 59.5248 22.3063 2.15
      vertex 59.3457 22.2185 1.2
      vertex 59.5248 22.3063 1.2
    endloop
  endfacet
  facet normal 0.271347 -0.962482 0
    outer loop
      vertex 59.5248 22.3063 1.2
      vertex 59.7472 22.369 2.15
      vertex 59.5248 22.3063 2.15
    endloop
  endfacet
  facet normal 0.271347 -0.962482 0
    outer loop
      vertex 59.7472 22.369 2.15
      vertex 59.5248 22.3063 1.2
      vertex 59.7472 22.369 1.2
    endloop
  endfacet
  facet normal 0.140379 -0.990098 0
    outer loop
      vertex 59.7472 22.369 1.2
      vertex 60.0131 22.4067 2.15
      vertex 59.7472 22.369 2.15
    endloop
  endfacet
  facet normal 0.140379 -0.990098 0
    outer loop
      vertex 60.0131 22.4067 2.15
      vertex 59.7472 22.369 1.2
      vertex 60.0131 22.4067 1.2
    endloop
  endfacet
  facet normal 0.0403939 -0.999184 0
    outer loop
      vertex 60.0131 22.4067 1.2
      vertex 60.3223 22.4192 2.15
      vertex 60.0131 22.4067 2.15
    endloop
  endfacet
  facet normal 0.0403939 -0.999184 0
    outer loop
      vertex 60.3223 22.4192 2.15
      vertex 60.0131 22.4067 1.2
      vertex 60.3223 22.4192 1.2
    endloop
  endfacet
  facet normal -0.0458395 -0.998949 0
    outer loop
      vertex 60.3223 22.4192 1.2
      vertex 60.6056 22.4062 2.15
      vertex 60.3223 22.4192 2.15
    endloop
  endfacet
  facet normal -0.0458395 -0.998949 -0
    outer loop
      vertex 60.6056 22.4062 2.15
      vertex 60.3223 22.4192 1.2
      vertex 60.6056 22.4062 1.2
    endloop
  endfacet
  facet normal -0.153055 -0.988218 0
    outer loop
      vertex 60.6056 22.4062 1.2
      vertex 60.8587 22.367 2.15
      vertex 60.6056 22.4062 2.15
    endloop
  endfacet
  facet normal -0.153055 -0.988218 -0
    outer loop
      vertex 60.8587 22.367 2.15
      vertex 60.6056 22.4062 1.2
      vertex 60.8587 22.367 1.2
    endloop
  endfacet
  facet normal -0.281141 -0.959667 0
    outer loop
      vertex 60.8587 22.367 1.2
      vertex 61.0816 22.3017 2.15
      vertex 60.8587 22.367 2.15
    endloop
  endfacet
  facet normal -0.281141 -0.959667 -0
    outer loop
      vertex 61.0816 22.3017 2.15
      vertex 60.8587 22.367 1.2
      vertex 61.0816 22.3017 1.2
    endloop
  endfacet
  facet normal -0.427986 -0.903786 0
    outer loop
      vertex 61.0816 22.3017 1.2
      vertex 61.2744 22.2104 2.15
      vertex 61.0816 22.3017 2.15
    endloop
  endfacet
  facet normal -0.427986 -0.903786 -0
    outer loop
      vertex 61.2744 22.2104 2.15
      vertex 61.0816 22.3017 1.2
      vertex 61.2744 22.2104 1.2
    endloop
  endfacet
  facet normal -0.585103 -0.810959 0
    outer loop
      vertex 61.2744 22.2104 1.2
      vertex 61.4349 22.0946 2.15
      vertex 61.2744 22.2104 2.15
    endloop
  endfacet
  facet normal -0.585103 -0.810959 -0
    outer loop
      vertex 61.4349 22.0946 2.15
      vertex 61.2744 22.2104 1.2
      vertex 61.4349 22.0946 1.2
    endloop
  endfacet
  facet normal -0.738901 -0.673814 0
    outer loop
      vertex 61.5612 21.9561 1.2
      vertex 61.4349 22.0946 2.15
      vertex 61.4349 22.0946 1.2
    endloop
  endfacet
  facet normal -0.738901 -0.673814 0
    outer loop
      vertex 61.4349 22.0946 2.15
      vertex 61.5612 21.9561 1.2
      vertex 61.5612 21.9561 2.15
    endloop
  endfacet
  facet normal -0.868276 -0.496081 0
    outer loop
      vertex 61.6533 21.7949 1.2
      vertex 61.5612 21.9561 2.15
      vertex 61.5612 21.9561 1.2
    endloop
  endfacet
  facet normal -0.868276 -0.496081 0
    outer loop
      vertex 61.5612 21.9561 2.15
      vertex 61.6533 21.7949 1.2
      vertex 61.6533 21.7949 2.15
    endloop
  endfacet
  facet normal -0.954036 -0.299692 0
    outer loop
      vertex 61.7111 21.6109 1.2
      vertex 61.6533 21.7949 2.15
      vertex 61.6533 21.7949 1.2
    endloop
  endfacet
  facet normal -0.954036 -0.299692 0
    outer loop
      vertex 61.6533 21.7949 2.15
      vertex 61.7111 21.6109 1.2
      vertex 61.7111 21.6109 2.15
    endloop
  endfacet
  facet normal 0.122645 -0.992451 0
    outer loop
      vertex 61.7111 21.6109 1.2
      vertex 62.5899 21.7195 2.15
      vertex 61.7111 21.6109 2.15
    endloop
  endfacet
  facet normal 0.122645 -0.992451 0
    outer loop
      vertex 62.5899 21.7195 2.15
      vertex 61.7111 21.6109 1.2
      vertex 62.5899 21.7195 1.2
    endloop
  endfacet
  facet normal 0.960171 0.279412 0
    outer loop
      vertex 62.5899 21.7195 2.15
      vertex 62.4877 22.0707 1.2
      vertex 62.4877 22.0707 2.15
    endloop
  endfacet
  facet normal 0.960171 0.279412 0
    outer loop
      vertex 62.4877 22.0707 1.2
      vertex 62.5899 21.7195 2.15
      vertex 62.5899 21.7195 1.2
    endloop
  endfacet
  facet normal 0.888543 0.458794 0
    outer loop
      vertex 62.4877 22.0707 2.15
      vertex 62.3329 22.3705 1.2
      vertex 62.3329 22.3705 2.15
    endloop
  endfacet
  facet normal 0.888543 0.458794 0
    outer loop
      vertex 62.3329 22.3705 1.2
      vertex 62.4877 22.0707 2.15
      vertex 62.4877 22.0707 1.2
    endloop
  endfacet
  facet normal 0.767511 0.641036 0
    outer loop
      vertex 62.3329 22.3705 2.15
      vertex 62.1256 22.6187 1.2
      vertex 62.1256 22.6187 2.15
    endloop
  endfacet
  facet normal 0.767511 0.641036 0
    outer loop
      vertex 62.1256 22.6187 1.2
      vertex 62.3329 22.3705 2.15
      vertex 62.3329 22.3705 1.2
    endloop
  endfacet
  facet normal 0.603137 0.797638 -0
    outer loop
      vertex 62.1256 22.6187 1.2
      vertex 61.8656 22.8153 2.15
      vertex 62.1256 22.6187 2.15
    endloop
  endfacet
  facet normal 0.603137 0.797638 0
    outer loop
      vertex 61.8656 22.8153 2.15
      vertex 62.1256 22.6187 1.2
      vertex 61.8656 22.8153 1.2
    endloop
  endfacet
  facet normal 0.433249 0.901274 -0
    outer loop
      vertex 61.8656 22.8153 1.2
      vertex 61.5546 22.9648 2.15
      vertex 61.8656 22.8153 2.15
    endloop
  endfacet
  facet normal 0.433249 0.901274 0
    outer loop
      vertex 61.5546 22.9648 2.15
      vertex 61.8656 22.8153 1.2
      vertex 61.5546 22.9648 1.2
    endloop
  endfacet
  facet normal 0.28369 0.958916 -0
    outer loop
      vertex 61.5546 22.9648 1.2
      vertex 61.1936 23.0716 2.15
      vertex 61.5546 22.9648 2.15
    endloop
  endfacet
  facet normal 0.28369 0.958916 0
    outer loop
      vertex 61.1936 23.0716 2.15
      vertex 61.5546 22.9648 1.2
      vertex 61.1936 23.0716 1.2
    endloop
  endfacet
  facet normal 0.154208 0.988038 -0
    outer loop
      vertex 61.1936 23.0716 1.2
      vertex 60.7829 23.1357 2.15
      vertex 61.1936 23.0716 2.15
    endloop
  endfacet
  facet normal 0.154208 0.988038 0
    outer loop
      vertex 60.7829 23.1357 2.15
      vertex 61.1936 23.0716 1.2
      vertex 60.7829 23.1357 1.2
    endloop
  endfacet
  facet normal 0.0464111 0.998922 -0
    outer loop
      vertex 60.7829 23.1357 1.2
      vertex 60.3223 23.1571 2.15
      vertex 60.7829 23.1357 2.15
    endloop
  endfacet
  facet normal 0.0464111 0.998922 0
    outer loop
      vertex 60.3223 23.1571 2.15
      vertex 60.7829 23.1357 1.2
      vertex 60.3223 23.1571 1.2
    endloop
  endfacet
  facet normal -0.0509818 0.9987 0
    outer loop
      vertex 60.3223 23.1571 1.2
      vertex 59.8071 23.1308 2.15
      vertex 60.3223 23.1571 2.15
    endloop
  endfacet
  facet normal -0.0509818 0.9987 0
    outer loop
      vertex 59.8071 23.1308 2.15
      vertex 60.3223 23.1571 1.2
      vertex 59.8071 23.1308 1.2
    endloop
  endfacet
  facet normal -0.172561 0.984999 0
    outer loop
      vertex 59.8071 23.1308 1.2
      vertex 59.3573 23.052 2.15
      vertex 59.8071 23.1308 2.15
    endloop
  endfacet
  facet normal -0.172561 0.984999 0
    outer loop
      vertex 59.3573 23.052 2.15
      vertex 59.8071 23.1308 1.2
      vertex 59.3573 23.052 1.2
    endloop
  endfacet
  facet normal -0.323751 0.946142 0
    outer loop
      vertex 59.3573 23.052 1.2
      vertex 58.973 22.9205 2.15
      vertex 59.3573 23.052 2.15
    endloop
  endfacet
  facet normal -0.323751 0.946142 0
    outer loop
      vertex 58.973 22.9205 2.15
      vertex 59.3573 23.052 1.2
      vertex 58.973 22.9205 1.2
    endloop
  endfacet
  facet normal -0.499558 0.866281 0
    outer loop
      vertex 58.973 22.9205 1.2
      vertex 58.6541 22.7366 2.15
      vertex 58.973 22.9205 2.15
    endloop
  endfacet
  facet normal -0.499558 0.866281 0
    outer loop
      vertex 58.6541 22.7366 2.15
      vertex 58.973 22.9205 1.2
      vertex 58.6541 22.7366 1.2
    endloop
  endfacet
  facet normal -0.682931 0.730483 0
    outer loop
      vertex 58.6541 22.7366 1.2
      vertex 58.4037 22.5025 2.15
      vertex 58.6541 22.7366 2.15
    endloop
  endfacet
  facet normal -0.682931 0.730483 0
    outer loop
      vertex 58.4037 22.5025 2.15
      vertex 58.6541 22.7366 1.2
      vertex 58.4037 22.5025 1.2
    endloop
  endfacet
  facet normal -0.844327 0.535829 0
    outer loop
      vertex 58.2248 22.2206 1.2
      vertex 58.4037 22.5025 2.15
      vertex 58.4037 22.5025 1.2
    endloop
  endfacet
  facet normal -0.844327 0.535829 0
    outer loop
      vertex 58.4037 22.5025 2.15
      vertex 58.2248 22.2206 1.2
      vertex 58.2248 22.2206 2.15
    endloop
  endfacet
  facet normal -0.950909 0.309471 0
    outer loop
      vertex 58.1175 21.8909 1.2
      vertex 58.2248 22.2206 2.15
      vertex 58.2248 22.2206 1.2
    endloop
  endfacet
  facet normal -0.950909 0.309471 0
    outer loop
      vertex 58.2248 22.2206 2.15
      vertex 58.1175 21.8909 1.2
      vertex 58.1175 21.8909 2.15
    endloop
  endfacet
  facet normal -0.995536 0.0943861 0
    outer loop
      vertex 58.0817 21.5133 1.2
      vertex 58.1175 21.8909 2.15
      vertex 58.1175 21.8909 1.2
    endloop
  endfacet
  facet normal -0.995536 0.0943861 0
    outer loop
      vertex 58.1175 21.8909 2.15
      vertex 58.0817 21.5133 1.2
      vertex 58.0817 21.5133 2.15
    endloop
  endfacet
  facet normal -0.998179 -0.0603216 0
    outer loop
      vertex 58.0943 21.3048 1.2
      vertex 58.0817 21.5133 2.15
      vertex 58.0817 21.5133 1.2
    endloop
  endfacet
  facet normal -0.998179 -0.0603216 0
    outer loop
      vertex 58.0817 21.5133 2.15
      vertex 58.0943 21.3048 1.2
      vertex 58.0943 21.3048 2.15
    endloop
  endfacet
  facet normal -0.981283 -0.192569 0
    outer loop
      vertex 58.1319 21.1132 1.2
      vertex 58.0943 21.3048 2.15
      vertex 58.0943 21.3048 1.2
    endloop
  endfacet
  facet normal -0.981283 -0.192569 0
    outer loop
      vertex 58.0943 21.3048 2.15
      vertex 58.1319 21.1132 1.2
      vertex 58.1319 21.1132 2.15
    endloop
  endfacet
  facet normal -0.941155 -0.337975 0
    outer loop
      vertex 58.1946 20.9386 1.2
      vertex 58.1319 21.1132 2.15
      vertex 58.1319 21.1132 1.2
    endloop
  endfacet
  facet normal -0.941155 -0.337975 0
    outer loop
      vertex 58.1319 21.1132 2.15
      vertex 58.1946 20.9386 1.2
      vertex 58.1946 20.9386 2.15
    endloop
  endfacet
  facet normal -0.873477 -0.486865 0
    outer loop
      vertex 58.2825 20.7809 1.2
      vertex 58.1946 20.9386 2.15
      vertex 58.1946 20.9386 1.2
    endloop
  endfacet
  facet normal -0.873477 -0.486865 0
    outer loop
      vertex 58.1946 20.9386 2.15
      vertex 58.2825 20.7809 1.2
      vertex 58.2825 20.7809 2.15
    endloop
  endfacet
  facet normal -0.793855 -0.608107 0
    outer loop
      vertex 58.3925 20.6373 1.2
      vertex 58.2825 20.7809 2.15
      vertex 58.2825 20.7809 1.2
    endloop
  endfacet
  facet normal -0.793855 -0.608107 0
    outer loop
      vertex 58.2825 20.7809 2.15
      vertex 58.3925 20.6373 1.2
      vertex 58.3925 20.6373 2.15
    endloop
  endfacet
  facet normal -0.715433 -0.698682 0
    outer loop
      vertex 58.5218 20.5049 1.2
      vertex 58.3925 20.6373 2.15
      vertex 58.3925 20.6373 1.2
    endloop
  endfacet
  facet normal -0.715433 -0.698682 0
    outer loop
      vertex 58.3925 20.6373 2.15
      vertex 58.5218 20.5049 1.2
      vertex 58.5218 20.5049 2.15
    endloop
  endfacet
  facet normal -0.631789 -0.77514 0
    outer loop
      vertex 58.5218 20.5049 1.2
      vertex 58.6705 20.3837 2.15
      vertex 58.5218 20.5049 2.15
    endloop
  endfacet
  facet normal -0.631789 -0.77514 -0
    outer loop
      vertex 58.6705 20.3837 2.15
      vertex 58.5218 20.5049 1.2
      vertex 58.6705 20.3837 1.2
    endloop
  endfacet
  facet normal -0.548134 -0.83639 0
    outer loop
      vertex 58.6705 20.3837 1.2
      vertex 58.8385 20.2736 2.15
      vertex 58.6705 20.3837 2.15
    endloop
  endfacet
  facet normal -0.548134 -0.83639 -0
    outer loop
      vertex 58.8385 20.2736 2.15
      vertex 58.6705 20.3837 1.2
      vertex 58.8385 20.2736 1.2
    endloop
  endfacet
  facet normal -0.450129 -0.892963 0
    outer loop
      vertex 58.8385 20.2736 1.2
      vertex 59.0466 20.1687 2.15
      vertex 58.8385 20.2736 2.15
    endloop
  endfacet
  facet normal -0.450129 -0.892963 -0
    outer loop
      vertex 59.0466 20.1687 2.15
      vertex 58.8385 20.2736 1.2
      vertex 59.0466 20.1687 1.2
    endloop
  endfacet
  facet normal -0.36667 -0.930351 0
    outer loop
      vertex 59.0466 20.1687 1.2
      vertex 59.3153 20.0628 2.15
      vertex 59.0466 20.1687 2.15
    endloop
  endfacet
  facet normal -0.36667 -0.930351 -0
    outer loop
      vertex 59.3153 20.0628 2.15
      vertex 59.0466 20.1687 1.2
      vertex 59.3153 20.0628 1.2
    endloop
  endfacet
  facet normal -0.308942 -0.951081 0
    outer loop
      vertex 59.3153 20.0628 1.2
      vertex 59.6447 19.9558 2.15
      vertex 59.3153 20.0628 2.15
    endloop
  endfacet
  facet normal -0.308942 -0.951081 -0
    outer loop
      vertex 59.6447 19.9558 2.15
      vertex 59.3153 20.0628 1.2
      vertex 59.6447 19.9558 1.2
    endloop
  endfacet
  facet normal -0.266816 -0.963748 0
    outer loop
      vertex 59.6447 19.9558 1.2
      vertex 60.0348 19.8478 2.15
      vertex 59.6447 19.9558 2.15
    endloop
  endfacet
  facet normal -0.266816 -0.963748 -0
    outer loop
      vertex 60.0348 19.8478 2.15
      vertex 59.6447 19.9558 1.2
      vertex 60.0348 19.8478 1.2
    endloop
  endfacet
  facet normal -0.254806 -0.966992 0
    outer loop
      vertex 60.0348 19.8478 1.2
      vertex 60.7346 19.6634 2.15
      vertex 60.0348 19.8478 2.15
    endloop
  endfacet
  facet normal -0.254806 -0.966992 -0
    outer loop
      vertex 60.7346 19.6634 2.15
      vertex 60.0348 19.8478 1.2
      vertex 60.7346 19.6634 1.2
    endloop
  endfacet
  facet normal -0.291069 -0.956702 0
    outer loop
      vertex 60.7346 19.6634 1.2
      vertex 60.9821 19.5881 2.15
      vertex 60.7346 19.6634 2.15
    endloop
  endfacet
  facet normal -0.291069 -0.956702 -0
    outer loop
      vertex 60.9821 19.5881 2.15
      vertex 60.7346 19.6634 1.2
      vertex 60.9821 19.5881 1.2
    endloop
  endfacet
  facet normal -0.37268 -0.92796 0
    outer loop
      vertex 60.9821 19.5881 1.2
      vertex 61.193 19.5034 2.15
      vertex 60.9821 19.5881 2.15
    endloop
  endfacet
  facet normal -0.37268 -0.92796 -0
    outer loop
      vertex 61.193 19.5034 2.15
      vertex 60.9821 19.5881 1.2
      vertex 61.193 19.5034 1.2
    endloop
  endfacet
  facet normal -0.475844 -0.87953 0
    outer loop
      vertex 61.193 19.5034 1.2
      vertex 61.3673 19.4091 2.15
      vertex 61.193 19.5034 2.15
    endloop
  endfacet
  facet normal -0.475844 -0.87953 -0
    outer loop
      vertex 61.3673 19.4091 2.15
      vertex 61.193 19.5034 1.2
      vertex 61.3673 19.4091 1.2
    endloop
  endfacet
  facet normal -0.602226 -0.798326 0
    outer loop
      vertex 61.3673 19.4091 1.2
      vertex 61.5049 19.3053 2.15
      vertex 61.3673 19.4091 2.15
    endloop
  endfacet
  facet normal -0.602226 -0.798326 -0
    outer loop
      vertex 61.5049 19.3053 2.15
      vertex 61.3673 19.4091 1.2
      vertex 61.5049 19.3053 1.2
    endloop
  endfacet
  facet normal -0.74469 -0.667411 0
    outer loop
      vertex 61.6094 19.1887 1.2
      vertex 61.5049 19.3053 2.15
      vertex 61.5049 19.3053 1.2
    endloop
  endfacet
  facet normal -0.74469 -0.667411 0
    outer loop
      vertex 61.5049 19.3053 2.15
      vertex 61.6094 19.1887 1.2
      vertex 61.6094 19.1887 2.15
    endloop
  endfacet
  facet normal -0.872013 -0.489482 0
    outer loop
      vertex 61.684 19.0558 1.2
      vertex 61.6094 19.1887 2.15
      vertex 61.6094 19.1887 1.2
    endloop
  endfacet
  facet normal -0.872013 -0.489482 0
    outer loop
      vertex 61.6094 19.1887 2.15
      vertex 61.684 19.0558 1.2
      vertex 61.684 19.0558 2.15
    endloop
  endfacet
  facet normal -0.957932 -0.286994 0
    outer loop
      vertex 61.7287 18.9066 1.2
      vertex 61.684 19.0558 2.15
      vertex 61.684 19.0558 1.2
    endloop
  endfacet
  facet normal -0.957932 -0.286994 0
    outer loop
      vertex 61.684 19.0558 2.15
      vertex 61.7287 18.9066 1.2
      vertex 61.7287 18.9066 2.15
    endloop
  endfacet
  facet normal -0.995913 -0.0903186 0
    outer loop
      vertex 61.7437 18.7412 1.2
      vertex 61.7287 18.9066 2.15
      vertex 61.7287 18.9066 1.2
    endloop
  endfacet
  facet normal -0.995913 -0.0903186 0
    outer loop
      vertex 61.7287 18.9066 2.15
      vertex 61.7437 18.7412 1.2
      vertex 61.7437 18.7412 2.15
    endloop
  endfacet
  facet normal -0.994931 0.100564 0
    outer loop
      vertex 61.7221 18.5275 1.2
      vertex 61.7437 18.7412 2.15
      vertex 61.7437 18.7412 1.2
    endloop
  endfacet
  facet normal -0.994931 0.100564 0
    outer loop
      vertex 61.7437 18.7412 2.15
      vertex 61.7221 18.5275 1.2
      vertex 61.7221 18.5275 2.15
    endloop
  endfacet
  facet normal -0.944152 0.32951 0
    outer loop
      vertex 61.6575 18.3424 1.2
      vertex 61.7221 18.5275 2.15
      vertex 61.7221 18.5275 1.2
    endloop
  endfacet
  facet normal -0.944152 0.32951 0
    outer loop
      vertex 61.7221 18.5275 2.15
      vertex 61.6575 18.3424 1.2
      vertex 61.6575 18.3424 2.15
    endloop
  endfacet
  facet normal -0.824364 0.56606 0
    outer loop
      vertex 61.5499 18.1857 1.2
      vertex 61.6575 18.3424 2.15
      vertex 61.6575 18.3424 1.2
    endloop
  endfacet
  facet normal -0.824364 0.56606 0
    outer loop
      vertex 61.6575 18.3424 2.15
      vertex 61.5499 18.1857 1.2
      vertex 61.5499 18.1857 2.15
    endloop
  endfacet
  facet normal -0.647663 0.761927 0
    outer loop
      vertex 61.5499 18.1857 1.2
      vertex 61.3992 18.0576 2.15
      vertex 61.5499 18.1857 2.15
    endloop
  endfacet
  facet normal -0.647663 0.761927 0
    outer loop
      vertex 61.3992 18.0576 2.15
      vertex 61.5499 18.1857 1.2
      vertex 61.3992 18.0576 1.2
    endloop
  endfacet
  facet normal -0.451192 0.892427 0
    outer loop
      vertex 61.3992 18.0576 1.2
      vertex 61.202 17.9579 2.15
      vertex 61.3992 18.0576 2.15
    endloop
  endfacet
  facet normal -0.451192 0.892427 0
    outer loop
      vertex 61.202 17.9579 2.15
      vertex 61.3992 18.0576 1.2
      vertex 61.202 17.9579 1.2
    endloop
  endfacet
  facet normal -0.276981 0.960875 0
    outer loop
      vertex 61.202 17.9579 1.2
      vertex 60.955 17.8867 2.15
      vertex 61.202 17.9579 2.15
    endloop
  endfacet
  facet normal -0.276981 0.960875 0
    outer loop
      vertex 60.955 17.8867 2.15
      vertex 61.202 17.9579 1.2
      vertex 60.955 17.8867 1.2
    endloop
  endfacet
  facet normal -0.142355 0.989816 0
    outer loop
      vertex 60.955 17.8867 1.2
      vertex 60.6581 17.844 2.15
      vertex 60.955 17.8867 2.15
    endloop
  endfacet
  facet normal -0.142355 0.989816 0
    outer loop
      vertex 60.6581 17.844 2.15
      vertex 60.955 17.8867 1.2
      vertex 60.6581 17.844 1.2
    endloop
  endfacet
  facet normal -0.041211 0.99915 0
    outer loop
      vertex 60.6581 17.844 1.2
      vertex 60.3114 17.8297 2.15
      vertex 60.6581 17.844 2.15
    endloop
  endfacet
  facet normal -0.041211 0.99915 0
    outer loop
      vertex 60.3114 17.8297 2.15
      vertex 60.6581 17.844 1.2
      vertex 60.3114 17.8297 1.2
    endloop
  endfacet
  facet normal 0.0420104 0.999117 -0
    outer loop
      vertex 60.3114 17.8297 1.2
      vertex 59.9832 17.8435 2.15
      vertex 60.3114 17.8297 2.15
    endloop
  endfacet
  facet normal 0.0420104 0.999117 0
    outer loop
      vertex 59.9832 17.8435 2.15
      vertex 60.3114 17.8297 1.2
      vertex 59.9832 17.8435 1.2
    endloop
  endfacet
  facet normal 0.14018 0.990126 -0
    outer loop
      vertex 59.9832 17.8435 1.2
      vertex 59.6929 17.8846 2.15
      vertex 59.9832 17.8435 2.15
    endloop
  endfacet
  facet normal 0.14018 0.990126 0
    outer loop
      vertex 59.6929 17.8846 2.15
      vertex 59.9832 17.8435 1.2
      vertex 59.6929 17.8846 1.2
    endloop
  endfacet
  facet normal 0.262826 0.964843 -0
    outer loop
      vertex 59.6929 17.8846 1.2
      vertex 59.4407 17.9533 2.15
      vertex 59.6929 17.8846 2.15
    endloop
  endfacet
  facet normal 0.262826 0.964843 0
    outer loop
      vertex 59.4407 17.9533 2.15
      vertex 59.6929 17.8846 1.2
      vertex 59.4407 17.9533 1.2
    endloop
  endfacet
  facet normal 0.409178 0.912455 -0
    outer loop
      vertex 59.4407 17.9533 1.2
      vertex 59.2264 18.0494 2.15
      vertex 59.4407 17.9533 2.15
    endloop
  endfacet
  facet normal 0.409178 0.912455 0
    outer loop
      vertex 59.2264 18.0494 2.15
      vertex 59.4407 17.9533 1.2
      vertex 59.2264 18.0494 1.2
    endloop
  endfacet
  facet normal 0.575028 0.818133 -0
    outer loop
      vertex 59.2264 18.0494 1.2
      vertex 59.0477 18.175 2.15
      vertex 59.2264 18.0494 2.15
    endloop
  endfacet
  facet normal 0.575028 0.818133 0
    outer loop
      vertex 59.0477 18.175 2.15
      vertex 59.2264 18.0494 1.2
      vertex 59.0477 18.175 1.2
    endloop
  endfacet
  facet normal 0.734123 0.679017 0
    outer loop
      vertex 59.0477 18.175 2.15
      vertex 58.9023 18.3322 1.2
      vertex 58.9023 18.3322 2.15
    endloop
  endfacet
  facet normal 0.734123 0.679017 0
    outer loop
      vertex 58.9023 18.3322 1.2
      vertex 59.0477 18.175 2.15
      vertex 59.0477 18.175 1.2
    endloop
  endfacet
  facet normal 0.859536 0.511075 0
    outer loop
      vertex 58.9023 18.3322 2.15
      vertex 58.7901 18.5209 1.2
      vertex 58.7901 18.5209 2.15
    endloop
  endfacet
  facet normal 0.859536 0.511075 0
    outer loop
      vertex 58.7901 18.5209 1.2
      vertex 58.9023 18.3322 2.15
      vertex 58.9023 18.3322 1.2
    endloop
  endfacet
  facet normal 0.941306 0.337554 0
    outer loop
      vertex 58.7901 18.5209 2.15
      vertex 58.7111 18.7412 1.2
      vertex 58.7111 18.7412 2.15
    endloop
  endfacet
  facet normal 0.941306 0.337554 0
    outer loop
      vertex 58.7111 18.7412 1.2
      vertex 58.7901 18.5209 2.15
      vertex 58.7901 18.5209 1.2
    endloop
  endfacet
  facet normal -0.191476 0.981497 0
    outer loop
      vertex 58.7111 18.7412 1.2
      vertex 57.8484 18.5729 2.15
      vertex 58.7111 18.7412 2.15
    endloop
  endfacet
  facet normal -0.191476 0.981497 0
    outer loop
      vertex 57.8484 18.5729 2.15
      vertex 58.7111 18.7412 1.2
      vertex 57.8484 18.5729 1.2
    endloop
  endfacet
  facet normal -0.951495 -0.307664 0
    outer loop
      vertex 57.9639 18.2157 1.2
      vertex 57.8484 18.5729 2.15
      vertex 57.8484 18.5729 1.2
    endloop
  endfacet
  facet normal -0.951495 -0.307664 0
    outer loop
      vertex 57.8484 18.5729 2.15
      vertex 57.9639 18.2157 1.2
      vertex 57.9639 18.2157 2.15
    endloop
  endfacet
  facet normal -0.877819 -0.478993 0
    outer loop
      vertex 58.1312 17.9091 1.2
      vertex 57.9639 18.2157 2.15
      vertex 57.9639 18.2157 1.2
    endloop
  endfacet
  facet normal -0.877819 -0.478993 0
    outer loop
      vertex 57.9639 18.2157 2.15
      vertex 58.1312 17.9091 1.2
      vertex 58.1312 17.9091 2.15
    endloop
  endfacet
  facet normal -0.759842 -0.650107 0
    outer loop
      vertex 58.3504 17.6529 1.2
      vertex 58.1312 17.9091 2.15
      vertex 58.1312 17.9091 1.2
    endloop
  endfacet
  facet normal -0.759842 -0.650107 0
    outer loop
      vertex 58.1312 17.9091 2.15
      vertex 58.3504 17.6529 1.2
      vertex 58.3504 17.6529 2.15
    endloop
  endfacet
  facet normal -0.604271 -0.796779 0
    outer loop
      vertex 58.3504 17.6529 1.2
      vertex 58.6215 17.4473 2.15
      vertex 58.3504 17.6529 2.15
    endloop
  endfacet
  facet normal -0.604271 -0.796779 -0
    outer loop
      vertex 58.6215 17.4473 2.15
      vertex 58.3504 17.6529 1.2
      vertex 58.6215 17.4473 1.2
    endloop
  endfacet
  facet normal -0.433329 -0.901236 0
    outer loop
      vertex 58.6215 17.4473 1.2
      vertex 58.9499 17.2894 2.15
      vertex 58.6215 17.4473 2.15
    endloop
  endfacet
  facet normal -0.433329 -0.901236 -0
    outer loop
      vertex 58.9499 17.2894 2.15
      vertex 58.6215 17.4473 1.2
      vertex 58.9499 17.2894 1.2
    endloop
  endfacet
  facet normal -0.276895 -0.9609 0
    outer loop
      vertex 58.9499 17.2894 1.2
      vertex 59.341 17.1767 2.15
      vertex 58.9499 17.2894 2.15
    endloop
  endfacet
  facet normal -0.276895 -0.9609 -0
    outer loop
      vertex 59.341 17.1767 2.15
      vertex 58.9499 17.2894 1.2
      vertex 59.341 17.1767 1.2
    endloop
  endfacet
  facet normal -0.147339 -0.989086 0
    outer loop
      vertex 59.341 17.1767 1.2
      vertex 59.7948 17.1091 2.15
      vertex 59.341 17.1767 2.15
    endloop
  endfacet
  facet normal -0.147339 -0.989086 -0
    outer loop
      vertex 59.7948 17.1091 2.15
      vertex 59.341 17.1767 1.2
      vertex 59.7948 17.1091 1.2
    endloop
  endfacet
  facet normal -0.0437058 -0.999044 0
    outer loop
      vertex 59.7948 17.1091 1.2
      vertex 60.3114 17.0865 2.15
      vertex 59.7948 17.1091 2.15
    endloop
  endfacet
  facet normal -0.0437058 -0.999044 -0
    outer loop
      vertex 60.3114 17.0865 2.15
      vertex 59.7948 17.1091 1.2
      vertex 60.3114 17.0865 1.2
    endloop
  endfacet
  facet normal 0.0528539 -0.998602 0
    outer loop
      vertex 60.3114 17.0865 1.2
      vertex 60.8442 17.1147 2.15
      vertex 60.3114 17.0865 2.15
    endloop
  endfacet
  facet normal 0.0528539 -0.998602 0
    outer loop
      vertex 60.8442 17.1147 2.15
      vertex 60.3114 17.0865 1.2
      vertex 60.8442 17.1147 1.2
    endloop
  endfacet
  facet normal 0.186179 -0.982516 0
    outer loop
      vertex 69.6613 14.9035 1.2
      vertex 69.884 14.9457 2.15
      vertex 69.6613 14.9035 2.15
    endloop
  endfacet
  facet normal 0.186179 -0.982516 0
    outer loop
      vertex 69.884 14.9457 2.15
      vertex 69.6613 14.9035 1.2
      vertex 69.884 14.9457 1.2
    endloop
  endfacet
  facet normal 0.317447 -0.948276 0
    outer loop
      vertex 69.884 14.9457 1.2
      vertex 70.094 15.016 2.15
      vertex 69.884 14.9457 2.15
    endloop
  endfacet
  facet normal 0.317447 -0.948276 0
    outer loop
      vertex 70.094 15.016 2.15
      vertex 69.884 14.9457 1.2
      vertex 70.094 15.016 1.2
    endloop
  endfacet
  facet normal 0.446307 -0.89488 0
    outer loop
      vertex 70.094 15.016 1.2
      vertex 70.2915 15.1145 2.15
      vertex 70.094 15.016 2.15
    endloop
  endfacet
  facet normal 0.446307 -0.89488 0
    outer loop
      vertex 70.2915 15.1145 2.15
      vertex 70.094 15.016 1.2
      vertex 70.2915 15.1145 1.2
    endloop
  endfacet
  facet normal 0.562431 -0.826844 0
    outer loop
      vertex 70.2915 15.1145 1.2
      vertex 70.4785 15.2417 2.15
      vertex 70.2915 15.1145 2.15
    endloop
  endfacet
  facet normal 0.562431 -0.826844 0
    outer loop
      vertex 70.4785 15.2417 2.15
      vertex 70.2915 15.1145 1.2
      vertex 70.4785 15.2417 1.2
    endloop
  endfacet
  facet normal 0.658773 -0.752342 0
    outer loop
      vertex 70.4785 15.2417 1.2
      vertex 70.657 15.398 2.15
      vertex 70.4785 15.2417 2.15
    endloop
  endfacet
  facet normal 0.658773 -0.752342 0
    outer loop
      vertex 70.657 15.398 2.15
      vertex 70.4785 15.2417 1.2
      vertex 70.657 15.398 1.2
    endloop
  endfacet
  facet normal 0.737055 -0.675833 0
    outer loop
      vertex 70.657 15.398 2.15
      vertex 70.827 15.5834 1.2
      vertex 70.827 15.5834 2.15
    endloop
  endfacet
  facet normal 0.737055 -0.675833 0
    outer loop
      vertex 70.827 15.5834 1.2
      vertex 70.657 15.398 2.15
      vertex 70.657 15.398 1.2
    endloop
  endfacet
  facet normal 0.798837 -0.601547 0
    outer loop
      vertex 70.827 15.5834 2.15
      vertex 70.9886 15.798 1.2
      vertex 70.9886 15.798 2.15
    endloop
  endfacet
  facet normal 0.798837 -0.601547 0
    outer loop
      vertex 70.9886 15.798 1.2
      vertex 70.827 15.5834 2.15
      vertex 70.827 15.5834 1.2
    endloop
  endfacet
  facet normal 0.85044 -0.526072 0
    outer loop
      vertex 70.9886 15.798 2.15
      vertex 71.149 16.0573 1.2
      vertex 71.149 16.0573 2.15
    endloop
  endfacet
  facet normal 0.85044 -0.526072 0
    outer loop
      vertex 71.149 16.0573 1.2
      vertex 70.9886 15.798 2.15
      vertex 70.9886 15.798 1.2
    endloop
  endfacet
  facet normal 0.886743 -0.462262 0
    outer loop
      vertex 71.149 16.0573 2.15
      vertex 71.3154 16.3765 1.2
      vertex 71.3154 16.3765 2.15
    endloop
  endfacet
  facet normal 0.886743 -0.462262 0
    outer loop
      vertex 71.3154 16.3765 1.2
      vertex 71.149 16.0573 2.15
      vertex 71.149 16.0573 1.2
    endloop
  endfacet
  facet normal 0.910062 -0.414472 0
    outer loop
      vertex 71.3154 16.3765 2.15
      vertex 71.4881 16.7557 1.2
      vertex 71.4881 16.7557 2.15
    endloop
  endfacet
  facet normal 0.910062 -0.414472 0
    outer loop
      vertex 71.4881 16.7557 1.2
      vertex 71.3154 16.3765 2.15
      vertex 71.3154 16.3765 1.2
    endloop
  endfacet
  facet normal 0.926368 -0.37662 0
    outer loop
      vertex 71.4881 16.7557 2.15
      vertex 71.6667 17.195 1.2
      vertex 71.6667 17.195 2.15
    endloop
  endfacet
  facet normal 0.926368 -0.37662 0
    outer loop
      vertex 71.6667 17.195 1.2
      vertex 71.4881 16.7557 2.15
      vertex 71.4881 16.7557 1.2
    endloop
  endfacet
  facet normal 0.933384 -0.35888 0
    outer loop
      vertex 71.6667 17.195 2.15
      vertex 73.9236 23.0648 1.2
      vertex 73.9236 23.0648 2.15
    endloop
  endfacet
  facet normal 0.933384 -0.35888 0
    outer loop
      vertex 73.9236 23.0648 1.2
      vertex 71.6667 17.195 2.15
      vertex 71.6667 17.195 1.2
    endloop
  endfacet
  facet normal 0 1 -0
    outer loop
      vertex 73.9236 23.0648 1.2
      vertex 72.8927 23.0648 2.15
      vertex 73.9236 23.0648 2.15
    endloop
  endfacet
  facet normal 0 1 0
    outer loop
      vertex 72.8927 23.0648 2.15
      vertex 73.9236 23.0648 1.2
      vertex 72.8927 23.0648 1.2
    endloop
  endfacet
  facet normal -0.94563 0.325245 0
    outer loop
      vertex 71.6071 19.327 1.2
      vertex 72.8927 23.0648 2.15
      vertex 72.8927 23.0648 1.2
    endloop
  endfacet
  facet normal -0.94563 0.325245 0
    outer loop
      vertex 72.8927 23.0648 2.15
      vertex 71.6071 19.327 1.2
      vertex 71.6071 19.327 2.15
    endloop
  endfacet
  facet normal -0.942265 0.334867 0
    outer loop
      vertex 71.2273 18.2583 1.2
      vertex 71.6071 19.327 2.15
      vertex 71.6071 19.327 1.2
    endloop
  endfacet
  facet normal -0.942265 0.334867 0
    outer loop
      vertex 71.6071 19.327 2.15
      vertex 71.2273 18.2583 1.2
      vertex 71.2273 18.2583 2.15
    endloop
  endfacet
  facet normal 0.959921 0.280269 0
    outer loop
      vertex 71.2273 18.2583 2.15
      vertex 71.2073 18.3268 1.2
      vertex 71.2073 18.3268 2.15
    endloop
  endfacet
  facet normal 0.959921 0.280269 0
    outer loop
      vertex 71.2073 18.3268 1.2
      vertex 71.2273 18.2583 2.15
      vertex 71.2273 18.2583 1.2
    endloop
  endfacet
  facet normal 0.951329 0.308177 0
    outer loop
      vertex 71.2073 18.3268 2.15
      vertex 71.1636 18.4617 1.2
      vertex 71.1636 18.4617 2.15
    endloop
  endfacet
  facet normal 0.951329 0.308177 0
    outer loop
      vertex 71.1636 18.4617 1.2
      vertex 71.2073 18.3268 2.15
      vertex 71.2073 18.3268 1.2
    endloop
  endfacet
  facet normal 0.948164 0.317781 0
    outer loop
      vertex 71.1636 18.4617 2.15
      vertex 71.0961 18.6631 1.2
      vertex 71.0961 18.6631 2.15
    endloop
  endfacet
  facet normal 0.948164 0.317781 0
    outer loop
      vertex 71.0961 18.6631 1.2
      vertex 71.1636 18.4617 2.15
      vertex 71.1636 18.4617 1.2
    endloop
  endfacet
  facet normal 0.94665 0.322264 0
    outer loop
      vertex 71.0961 18.6631 2.15
      vertex 71.0049 18.931 1.2
      vertex 71.0049 18.931 2.15
    endloop
  endfacet
  facet normal 0.94665 0.322264 0
    outer loop
      vertex 71.0049 18.931 1.2
      vertex 71.0961 18.6631 2.15
      vertex 71.0961 18.6631 1.2
    endloop
  endfacet
  facet normal 0.945952 0.324306 0
    outer loop
      vertex 71.0049 18.931 2.15
      vertex 70.9123 19.2011 1.2
      vertex 70.9123 19.2011 2.15
    endloop
  endfacet
  facet normal 0.945952 0.324306 0
    outer loop
      vertex 70.9123 19.2011 1.2
      vertex 71.0049 18.931 2.15
      vertex 71.0049 18.931 1.2
    endloop
  endfacet
  facet normal 0.945687 0.32508 0
    outer loop
      vertex 70.9123 19.2011 2.15
      vertex 70.8408 19.4091 1.2
      vertex 70.8408 19.4091 2.15
    endloop
  endfacet
  facet normal 0.945687 0.32508 0
    outer loop
      vertex 70.8408 19.4091 1.2
      vertex 70.9123 19.2011 2.15
      vertex 70.9123 19.2011 1.2
    endloop
  endfacet
  facet normal 0.944994 0.327088 0
    outer loop
      vertex 70.8408 19.4091 2.15
      vertex 70.7903 19.555 1.2
      vertex 70.7903 19.555 2.15
    endloop
  endfacet
  facet normal 0.944994 0.327088 0
    outer loop
      vertex 70.7903 19.555 1.2
      vertex 70.8408 19.4091 2.15
      vertex 70.8408 19.4091 1.2
    endloop
  endfacet
  facet normal 0.943384 0.331702 0
    outer loop
      vertex 70.7903 19.555 2.15
      vertex 70.7608 19.6389 1.2
      vertex 70.7608 19.6389 2.15
    endloop
  endfacet
  facet normal 0.943384 0.331702 0
    outer loop
      vertex 70.7608 19.6389 1.2
      vertex 70.7903 19.555 2.15
      vertex 70.7903 19.555 1.2
    endloop
  endfacet
  facet normal 0.941265 0.337669 0
    outer loop
      vertex 70.7608 19.6389 2.15
      vertex 70.7255 19.7373 1.2
      vertex 70.7255 19.7373 2.15
    endloop
  endfacet
  facet normal 0.941265 0.337669 0
    outer loop
      vertex 70.7255 19.7373 1.2
      vertex 70.7608 19.6389 2.15
      vertex 70.7608 19.6389 1.2
    endloop
  endfacet
  facet normal 0.941333 0.33748 0
    outer loop
      vertex 70.7255 19.7373 2.15
      vertex 70.6956 19.8207 1.2
      vertex 70.6956 19.8207 2.15
    endloop
  endfacet
  facet normal 0.941333 0.33748 0
    outer loop
      vertex 70.6956 19.8207 1.2
      vertex 70.7255 19.7373 2.15
      vertex 70.7255 19.7373 1.2
    endloop
  endfacet
  facet normal 0.934396 0.356235 0
    outer loop
      vertex 70.6956 19.8207 2.15
      vertex 69.4588 23.0648 1.2
      vertex 69.4588 23.0648 2.15
    endloop
  endfacet
  facet normal 0.934396 0.356235 0
    outer loop
      vertex 69.4588 23.0648 1.2
      vertex 70.6956 19.8207 2.15
      vertex 70.6956 19.8207 1.2
    endloop
  endfacet
  facet normal 0 1 -0
    outer loop
      vertex 69.4588 23.0648 1.2
      vertex 68.4171 23.0648 2.15
      vertex 69.4588 23.0648 2.15
    endloop
  endfacet
  facet normal 0 1 0
    outer loop
      vertex 68.4171 23.0648 2.15
      vertex 69.4588 23.0648 1.2
      vertex 68.4171 23.0648 1.2
    endloop
  endfacet
  facet normal -0.929006 -0.370063 0
    outer loop
      vertex 70.7445 17.2221 1.2
      vertex 68.4171 23.0648 2.15
      vertex 68.4171 23.0648 1.2
    endloop
  endfacet
  facet normal -0.929006 -0.370063 0
    outer loop
      vertex 68.4171 23.0648 2.15
      vertex 70.7445 17.2221 1.2
      vertex 70.7445 17.2221 2.15
    endloop
  endfacet
  facet normal -0.930008 0.367539 0
    outer loop
      vertex 70.6523 16.9888 1.2
      vertex 70.7445 17.2221 2.15
      vertex 70.7445 17.2221 1.2
    endloop
  endfacet
  facet normal -0.930008 0.367539 0
    outer loop
      vertex 70.7445 17.2221 2.15
      vertex 70.6523 16.9888 1.2
      vertex 70.6523 16.9888 2.15
    endloop
  endfacet
  facet normal -0.896558 0.442926 0
    outer loop
      vertex 70.3627 16.4026 1.2
      vertex 70.6523 16.9888 2.15
      vertex 70.6523 16.9888 1.2
    endloop
  endfacet
  facet normal -0.896558 0.442926 0
    outer loop
      vertex 70.6523 16.9888 2.15
      vertex 70.3627 16.4026 1.2
      vertex 70.3627 16.4026 2.15
    endloop
  endfacet
  facet normal -0.779087 0.626916 0
    outer loop
      vertex 70.0257 15.9838 1.2
      vertex 70.3627 16.4026 2.15
      vertex 70.3627 16.4026 1.2
    endloop
  endfacet
  facet normal -0.779087 0.626916 0
    outer loop
      vertex 70.3627 16.4026 2.15
      vertex 70.0257 15.9838 1.2
      vertex 70.0257 15.9838 2.15
    endloop
  endfacet
  facet normal -0.546938 0.837173 0
    outer loop
      vertex 70.0257 15.9838 1.2
      vertex 69.6412 15.7326 2.15
      vertex 70.0257 15.9838 2.15
    endloop
  endfacet
  facet normal -0.546938 0.837173 0
    outer loop
      vertex 69.6412 15.7326 2.15
      vertex 70.0257 15.9838 1.2
      vertex 69.6412 15.7326 1.2
    endloop
  endfacet
  facet normal -0.190432 0.9817 0
    outer loop
      vertex 69.6412 15.7326 1.2
      vertex 69.2092 15.6488 2.15
      vertex 69.6412 15.7326 2.15
    endloop
  endfacet
  facet normal -0.190432 0.9817 0
    outer loop
      vertex 69.2092 15.6488 2.15
      vertex 69.6412 15.7326 1.2
      vertex 69.2092 15.6488 1.2
    endloop
  endfacet
  facet normal 0.0171965 0.999852 -0
    outer loop
      vertex 69.2092 15.6488 1.2
      vertex 69.0871 15.6509 2.15
      vertex 69.2092 15.6488 2.15
    endloop
  endfacet
  facet normal 0.0171965 0.999852 0
    outer loop
      vertex 69.0871 15.6509 2.15
      vertex 69.2092 15.6488 1.2
      vertex 69.0871 15.6509 1.2
    endloop
  endfacet
  facet normal 0.0522442 0.998634 -0
    outer loop
      vertex 69.0871 15.6509 1.2
      vertex 68.9705 15.657 2.15
      vertex 69.0871 15.6509 2.15
    endloop
  endfacet
  facet normal 0.0522442 0.998634 0
    outer loop
      vertex 68.9705 15.657 2.15
      vertex 69.0871 15.6509 1.2
      vertex 68.9705 15.657 1.2
    endloop
  endfacet
  facet normal 0.0913432 0.995819 -0
    outer loop
      vertex 68.9705 15.657 1.2
      vertex 68.8593 15.6672 2.15
      vertex 68.9705 15.657 2.15
    endloop
  endfacet
  facet normal 0.0913432 0.995819 0
    outer loop
      vertex 68.8593 15.6672 2.15
      vertex 68.9705 15.657 1.2
      vertex 68.8593 15.6672 1.2
    endloop
  endfacet
  facet normal 0.133023 0.991113 -0
    outer loop
      vertex 68.8593 15.6672 1.2
      vertex 68.7535 15.6814 2.15
      vertex 68.8593 15.6672 2.15
    endloop
  endfacet
  facet normal 0.133023 0.991113 0
    outer loop
      vertex 68.7535 15.6814 2.15
      vertex 68.8593 15.6672 1.2
      vertex 68.7535 15.6814 1.2
    endloop
  endfacet
  facet normal -1 0 0
    outer loop
      vertex 68.7535 14.9491 1.2
      vertex 68.7535 15.6814 2.15
      vertex 68.7535 15.6814 1.2
    endloop
  endfacet
  facet normal -1 -0 0
    outer loop
      vertex 68.7535 15.6814 2.15
      vertex 68.7535 14.9491 1.2
      vertex 68.7535 14.9491 2.15
    endloop
  endfacet
  facet normal -0.178705 -0.983903 0
    outer loop
      vertex 68.7535 14.9491 1.2
      vertex 68.8972 14.923 2.15
      vertex 68.7535 14.9491 2.15
    endloop
  endfacet
  facet normal -0.178705 -0.983903 -0
    outer loop
      vertex 68.8972 14.923 2.15
      vertex 68.7535 14.9491 1.2
      vertex 68.8972 14.923 1.2
    endloop
  endfacet
  facet normal -0.116013 -0.993248 0
    outer loop
      vertex 68.8972 14.923 1.2
      vertex 69.0573 14.9043 2.15
      vertex 68.8972 14.923 2.15
    endloop
  endfacet
  facet normal -0.116013 -0.993248 -0
    outer loop
      vertex 69.0573 14.9043 2.15
      vertex 68.8972 14.923 1.2
      vertex 69.0573 14.9043 1.2
    endloop
  endfacet
  facet normal -0.0634003 -0.997988 0
    outer loop
      vertex 69.0573 14.9043 1.2
      vertex 69.2336 14.8931 2.15
      vertex 69.0573 14.9043 2.15
    endloop
  endfacet
  facet normal -0.0634003 -0.997988 -0
    outer loop
      vertex 69.2336 14.8931 2.15
      vertex 69.0573 14.9043 1.2
      vertex 69.2336 14.8931 1.2
    endloop
  endfacet
  facet normal -0.0192073 -0.999816 0
    outer loop
      vertex 69.2336 14.8931 1.2
      vertex 69.4262 14.8894 2.15
      vertex 69.2336 14.8931 2.15
    endloop
  endfacet
  facet normal -0.0192073 -0.999816 -0
    outer loop
      vertex 69.4262 14.8894 2.15
      vertex 69.2336 14.8931 1.2
      vertex 69.4262 14.8894 1.2
    endloop
  endfacet
  facet normal 0.0598669 -0.998206 0
    outer loop
      vertex 69.4262 14.8894 1.2
      vertex 69.6613 14.9035 2.15
      vertex 69.4262 14.8894 2.15
    endloop
  endfacet
  facet normal 0.0598669 -0.998206 0
    outer loop
      vertex 69.6613 14.9035 2.15
      vertex 69.4262 14.8894 1.2
      vertex 69.6613 14.9035 1.2
    endloop
  endfacet
  facet normal 0 1 -0
    outer loop
      vertex 64.6844 23.0648 1.2
      vertex 63.7078 23.0648 2.15
      vertex 64.6844 23.0648 2.15
    endloop
  endfacet
  facet normal 0 1 0
    outer loop
      vertex 63.7078 23.0648 2.15
      vertex 64.6844 23.0648 1.2
      vertex 63.7078 23.0648 1.2
    endloop
  endfacet
  facet normal -1 0 0
    outer loop
      vertex 63.7078 17.195 1.2
      vertex 63.7078 23.0648 2.15
      vertex 63.7078 23.0648 1.2
    endloop
  endfacet
  facet normal -1 -0 0
    outer loop
      vertex 63.7078 23.0648 2.15
      vertex 63.7078 17.195 1.2
      vertex 63.7078 17.195 2.15
    endloop
  endfacet
  facet normal 0 -1 0
    outer loop
      vertex 63.7078 17.195 1.2
      vertex 64.6844 17.195 2.15
      vertex 63.7078 17.195 2.15
    endloop
  endfacet
  facet normal 0 -1 -0
    outer loop
      vertex 64.6844 17.195 2.15
      vertex 63.7078 17.195 1.2
      vertex 64.6844 17.195 1.2
    endloop
  endfacet
  facet normal 1 -0 0
    outer loop
      vertex 64.6844 17.195 2.15
      vertex 64.6844 23.0648 1.2
      vertex 64.6844 23.0648 2.15
    endloop
  endfacet
  facet normal 1 0 0
    outer loop
      vertex 64.6844 23.0648 1.2
      vertex 64.6844 17.195 2.15
      vertex 64.6844 17.195 1.2
    endloop
  endfacet
  facet normal 0 1 -0
    outer loop
      vertex 47.9831 23.0648 1.2
      vertex 46.9469 23.0648 2.15
      vertex 47.9831 23.0648 2.15
    endloop
  endfacet
  facet normal 0 1 0
    outer loop
      vertex 46.9469 23.0648 2.15
      vertex 47.9831 23.0648 1.2
      vertex 46.9469 23.0648 1.2
    endloop
  endfacet
  facet normal -0.944319 0.329032 0
    outer loop
      vertex 45.6124 19.2348 1.2
      vertex 46.9469 23.0648 2.15
      vertex 46.9469 23.0648 1.2
    endloop
  endfacet
  facet normal -0.944319 0.329032 0
    outer loop
      vertex 46.9469 23.0648 2.15
      vertex 45.6124 19.2348 1.2
      vertex 45.6124 19.2348 2.15
    endloop
  endfacet
  facet normal -0.949511 0.313735 0
    outer loop
      vertex 45.4009 18.5947 1.2
      vertex 45.6124 19.2348 2.15
      vertex 45.6124 19.2348 1.2
    endloop
  endfacet
  facet normal -0.949511 0.313735 0
    outer loop
      vertex 45.6124 19.2348 2.15
      vertex 45.4009 18.5947 1.2
      vertex 45.4009 18.5947 2.15
    endloop
  endfacet
  facet normal -0.958038 0.286642 0
    outer loop
      vertex 45.211 17.96 1.2
      vertex 45.4009 18.5947 2.15
      vertex 45.4009 18.5947 1.2
    endloop
  endfacet
  facet normal -0.958038 0.286642 0
    outer loop
      vertex 45.4009 18.5947 2.15
      vertex 45.211 17.96 1.2
      vertex 45.211 17.96 2.15
    endloop
  endfacet
  facet normal 0.961554 0.274616 0
    outer loop
      vertex 45.211 17.96 2.15
      vertex 45.0736 18.4411 1.2
      vertex 45.0736 18.4411 2.15
    endloop
  endfacet
  facet normal 0.961554 0.274616 0
    outer loop
      vertex 45.0736 18.4411 1.2
      vertex 45.211 17.96 2.15
      vertex 45.211 17.96 1.2
    endloop
  endfacet
  facet normal 0.960814 0.277193 0
    outer loop
      vertex 45.0736 18.4411 2.15
      vertex 44.9655 18.8158 1.2
      vertex 44.9655 18.8158 2.15
    endloop
  endfacet
  facet normal 0.960814 0.277193 0
    outer loop
      vertex 44.9655 18.8158 1.2
      vertex 45.0736 18.4411 2.15
      vertex 45.0736 18.4411 1.2
    endloop
  endfacet
  facet normal 0.959223 0.282651 0
    outer loop
      vertex 44.9655 18.8158 2.15
      vertex 44.8865 19.0839 1.2
      vertex 44.8865 19.0839 2.15
    endloop
  endfacet
  facet normal 0.959223 0.282651 0
    outer loop
      vertex 44.8865 19.0839 1.2
      vertex 44.9655 18.8158 2.15
      vertex 44.9655 18.8158 1.2
    endloop
  endfacet
  facet normal 0.955587 0.294708 0
    outer loop
      vertex 44.8865 19.0839 2.15
      vertex 44.8366 19.2457 1.2
      vertex 44.8366 19.2457 2.15
    endloop
  endfacet
  facet normal 0.955587 0.294708 0
    outer loop
      vertex 44.8366 19.2457 1.2
      vertex 44.8865 19.0839 2.15
      vertex 44.8865 19.0839 1.2
    endloop
  endfacet
  facet normal 0.94733 0.320258 0
    outer loop
      vertex 44.8366 19.2457 2.15
      vertex 43.5455 23.0648 1.2
      vertex 43.5455 23.0648 2.15
    endloop
  endfacet
  facet normal 0.94733 0.320258 0
    outer loop
      vertex 43.5455 23.0648 1.2
      vertex 44.8366 19.2457 2.15
      vertex 44.8366 19.2457 1.2
    endloop
  endfacet
  facet normal 0 1 -0
    outer loop
      vertex 43.5455 23.0648 1.2
      vertex 42.5039 23.0648 2.15
      vertex 43.5455 23.0648 2.15
    endloop
  endfacet
  facet normal 0 1 0
    outer loop
      vertex 42.5039 23.0648 2.15
      vertex 43.5455 23.0648 1.2
      vertex 42.5039 23.0648 1.2
    endloop
  endfacet
  facet normal -0.939921 -0.341393 0
    outer loop
      vertex 44.6359 17.195 1.2
      vertex 42.5039 23.0648 2.15
      vertex 42.5039 23.0648 1.2
    endloop
  endfacet
  facet normal -0.939921 -0.341393 0
    outer loop
      vertex 42.5039 23.0648 2.15
      vertex 44.6359 17.195 1.2
      vertex 44.6359 17.195 2.15
    endloop
  endfacet
  facet normal 0 -1 0
    outer loop
      vertex 44.6359 17.195 1.2
      vertex 45.7914 17.195 2.15
      vertex 44.6359 17.195 2.15
    endloop
  endfacet
  facet normal 0 -1 -0
    outer loop
      vertex 45.7914 17.195 2.15
      vertex 44.6359 17.195 1.2
      vertex 45.7914 17.195 1.2
    endloop
  endfacet
  facet normal 0.936825 -0.349797 0
    outer loop
      vertex 45.7914 17.195 2.15
      vertex 47.9831 23.0648 1.2
      vertex 47.9831 23.0648 2.15
    endloop
  endfacet
  facet normal 0.936825 -0.349797 0
    outer loop
      vertex 47.9831 23.0648 1.2
      vertex 45.7914 17.195 2.15
      vertex 45.7914 17.195 1.2
    endloop
  endfacet
  facet normal 0 1 -0
    outer loop
      vertex 41.775 23.0648 1.2
      vertex 40.7984 23.0648 2.15
      vertex 41.775 23.0648 2.15
    endloop
  endfacet
  facet normal 0 1 0
    outer loop
      vertex 40.7984 23.0648 2.15
      vertex 41.775 23.0648 1.2
      vertex 40.7984 23.0648 1.2
    endloop
  endfacet
  facet normal -1 0 0
    outer loop
      vertex 40.7984 17.195 1.2
      vertex 40.7984 23.0648 2.15
      vertex 40.7984 23.0648 1.2
    endloop
  endfacet
  facet normal -1 -0 0
    outer loop
      vertex 40.7984 23.0648 2.15
      vertex 40.7984 17.195 1.2
      vertex 40.7984 17.195 2.15
    endloop
  endfacet
  facet normal 0 -1 0
    outer loop
      vertex 40.7984 17.195 1.2
      vertex 41.775 17.195 2.15
      vertex 40.7984 17.195 2.15
    endloop
  endfacet
  facet normal 0 -1 -0
    outer loop
      vertex 41.775 17.195 2.15
      vertex 40.7984 17.195 1.2
      vertex 41.775 17.195 1.2
    endloop
  endfacet
  facet normal 1 -0 0
    outer loop
      vertex 41.775 17.195 2.15
      vertex 41.775 23.0648 1.2
      vertex 41.775 23.0648 2.15
    endloop
  endfacet
  facet normal 1 0 0
    outer loop
      vertex 41.775 23.0648 1.2
      vertex 41.775 17.195 2.15
      vertex 41.775 17.195 1.2
    endloop
  endfacet
endsolid OpenSCAD_Model
