solid OpenSCAD_Model
  facet normal -1 0 0
    outer loop
      vertex 33 4.75 1
      vertex 33 36.75 25.5
      vertex 33 36.75 1
    endloop
  endfacet
  facet normal -1 -0 0
    outer loop
      vertex 33 36.75 25.5
      vertex 33 4.75 1
      vertex 33 4.75 25.5
    endloop
  endfacet
  facet normal 0 0 1
    outer loop
      vertex 30 40 1
      vertex 4 40 1
      vertex 30 36.75 1
    endloop
  endfacet
  facet normal -0 0 1
    outer loop
      vertex 30 36.75 1
      vertex 33 4.75 1
      vertex 33 36.75 1
    endloop
  endfacet
  facet normal 0 0 1
    outer loop
      vertex 4 36.75 1
      vertex 30 36.75 1
      vertex 4 40 1
    endloop
  endfacet
  facet normal 0 0 1
    outer loop
      vertex 30 36.75 1
      vertex 4 36.75 1
      vertex 33 4.75 1
    endloop
  endfacet
  facet normal 0 0 1
    outer loop
      vertex 1 4.75 1
      vertex 4 36.75 1
      vertex 1 36.75 1
    endloop
  endfacet
  facet normal 0 0 1
    outer loop
      vertex 4 36.75 1
      vertex 1 4.75 1
      vertex 33 4.75 1
    endloop
  endfacet
  facet normal 1 -0 0
    outer loop
      vertex 1 4.75 25.5
      vertex 1 36.75 1
      vertex 1 36.75 25.5
    endloop
  endfacet
  facet normal 1 0 0
    outer loop
      vertex 1 36.75 1
      vertex 1 4.75 25.5
      vertex 1 4.75 1
    endloop
  endfacet
  facet normal 0 -1 0
    outer loop
      vertex 1 36.75 1
      vertex 4 36.75 25.5
      vertex 1 36.75 25.5
    endloop
  endfacet
  facet normal 0 -1 -0
    outer loop
      vertex 4 36.75 25.5
      vertex 1 36.75 1
      vertex 4 36.75 1
    endloop
  endfacet
  facet normal 0 -1 0
    outer loop
      vertex 30 36.75 1
      vertex 33 36.75 25.5
      vertex 30 36.75 25.5
    endloop
  endfacet
  facet normal 0 -1 -0
    outer loop
      vertex 33 36.75 25.5
      vertex 30 36.75 1
      vertex 33 36.75 1
    endloop
  endfacet
  facet normal 0 1 -0
    outer loop
      vertex 33 4.75 1
      vertex 1 4.75 25.5
      vertex 33 4.75 25.5
    endloop
  endfacet
  facet normal 0 1 0
    outer loop
      vertex 1 4.75 25.5
      vertex 33 4.75 1
      vertex 1 4.75 1
    endloop
  endfacet
  facet normal -1 0 0
    outer loop
      vertex 30 40 1
      vertex 30 38.99 25.5
      vertex 30 40 27
    endloop
  endfacet
  facet normal -1 0 0
    outer loop
      vertex 30 36.75 1
      vertex 30 38.99 25.5
      vertex 30 40 1
    endloop
  endfacet
  facet normal -1 -0 0
    outer loop
      vertex 30 38.99 25.5
      vertex 30 36.75 1
      vertex 30 36.75 25.5
    endloop
  endfacet
  facet normal -1 0 0
    outer loop
      vertex 30 37.5 26.99
      vertex 30 40 27
      vertex 30 38.99 25.5
    endloop
  endfacet
  facet normal -1 -0 0
    outer loop
      vertex 30 40 27
      vertex 30 37.5 26.99
      vertex 30 37.5 27
    endloop
  endfacet
  facet normal 1 0 0
    outer loop
      vertex 4 40 27
      vertex 4 38.99 25.5
      vertex 4 40 1
    endloop
  endfacet
  facet normal 1 0 0
    outer loop
      vertex 4 37.5 26.99
      vertex 4 40 27
      vertex 4 37.5 27
    endloop
  endfacet
  facet normal 1 0 0
    outer loop
      vertex 4 40 27
      vertex 4 37.5 26.99
      vertex 4 38.99 25.5
    endloop
  endfacet
  facet normal 1 0 0
    outer loop
      vertex 4 36.75 1
      vertex 4 38.99 25.5
      vertex 4 36.75 25.5
    endloop
  endfacet
  facet normal 1 0 0
    outer loop
      vertex 4 38.99 25.5
      vertex 4 36.75 1
      vertex 4 40 1
    endloop
  endfacet
  facet normal -1 0 0
    outer loop
      vertex 66 4.75 1
      vertex 66 36.75 25.5
      vertex 66 36.75 1
    endloop
  endfacet
  facet normal -1 -0 0
    outer loop
      vertex 66 36.75 25.5
      vertex 66 4.75 1
      vertex 66 4.75 25.5
    endloop
  endfacet
  facet normal 0 0 1
    outer loop
      vertex 63 40 1
      vertex 37 40 1
      vertex 63 36.75 1
    endloop
  endfacet
  facet normal -0 0 1
    outer loop
      vertex 63 36.75 1
      vertex 66 4.75 1
      vertex 66 36.75 1
    endloop
  endfacet
  facet normal 0 0 1
    outer loop
      vertex 37 36.75 1
      vertex 63 36.75 1
      vertex 37 40 1
    endloop
  endfacet
  facet normal 0 0 1
    outer loop
      vertex 63 36.75 1
      vertex 37 36.75 1
      vertex 66 4.75 1
    endloop
  endfacet
  facet normal 0 0 1
    outer loop
      vertex 34 4.75 1
      vertex 37 36.75 1
      vertex 34 36.75 1
    endloop
  endfacet
  facet normal 0 0 1
    outer loop
      vertex 37 36.75 1
      vertex 34 4.75 1
      vertex 66 4.75 1
    endloop
  endfacet
  facet normal 1 -0 0
    outer loop
      vertex 34 4.75 25.5
      vertex 34 36.75 1
      vertex 34 36.75 25.5
    endloop
  endfacet
  facet normal 1 0 0
    outer loop
      vertex 34 36.75 1
      vertex 34 4.75 25.5
      vertex 34 4.75 1
    endloop
  endfacet
  facet normal 0 -1 0
    outer loop
      vertex 34 36.75 1
      vertex 37 36.75 25.5
      vertex 34 36.75 25.5
    endloop
  endfacet
  facet normal 0 -1 -0
    outer loop
      vertex 37 36.75 25.5
      vertex 34 36.75 1
      vertex 37 36.75 1
    endloop
  endfacet
  facet normal 0 -1 0
    outer loop
      vertex 63 36.75 1
      vertex 66 36.75 25.5
      vertex 63 36.75 25.5
    endloop
  endfacet
  facet normal 0 -1 -0
    outer loop
      vertex 66 36.75 25.5
      vertex 63 36.75 1
      vertex 66 36.75 1
    endloop
  endfacet
  facet normal 0 1 -0
    outer loop
      vertex 66 4.75 1
      vertex 34 4.75 25.5
      vertex 66 4.75 25.5
    endloop
  endfacet
  facet normal 0 1 0
    outer loop
      vertex 34 4.75 25.5
      vertex 66 4.75 1
      vertex 34 4.75 1
    endloop
  endfacet
  facet normal -1 0 0
    outer loop
      vertex 63 40 1
      vertex 63 38.99 25.5
      vertex 63 40 27
    endloop
  endfacet
  facet normal -1 0 0
    outer loop
      vertex 63 36.75 1
      vertex 63 38.99 25.5
      vertex 63 40 1
    endloop
  endfacet
  facet normal -1 -0 0
    outer loop
      vertex 63 38.99 25.5
      vertex 63 36.75 1
      vertex 63 36.75 25.5
    endloop
  endfacet
  facet normal -1 0 0
    outer loop
      vertex 63 37.5 26.99
      vertex 63 40 27
      vertex 63 38.99 25.5
    endloop
  endfacet
  facet normal -1 -0 0
    outer loop
      vertex 63 40 27
      vertex 63 37.5 26.99
      vertex 63 37.5 27
    endloop
  endfacet
  facet normal 1 0 0
    outer loop
      vertex 37 40 27
      vertex 37 38.99 25.5
      vertex 37 40 1
    endloop
  endfacet
  facet normal 1 0 0
    outer loop
      vertex 37 37.5 26.99
      vertex 37 40 27
      vertex 37 37.5 27
    endloop
  endfacet
  facet normal 1 0 0
    outer loop
      vertex 37 40 27
      vertex 37 37.5 26.99
      vertex 37 38.99 25.5
    endloop
  endfacet
  facet normal 1 0 0
    outer loop
      vertex 37 36.75 1
      vertex 37 38.99 25.5
      vertex 37 36.75 25.5
    endloop
  endfacet
  facet normal 1 0 0
    outer loop
      vertex 37 38.99 25.5
      vertex 37 36.75 1
      vertex 37 40 1
    endloop
  endfacet
  facet normal -1 0 0
    outer loop
      vertex 99 4.75 1
      vertex 99 36.75 25.5
      vertex 99 36.75 1
    endloop
  endfacet
  facet normal -1 -0 0
    outer loop
      vertex 99 36.75 25.5
      vertex 99 4.75 1
      vertex 99 4.75 25.5
    endloop
  endfacet
  facet normal 0 0 1
    outer loop
      vertex 96 40 1
      vertex 70 40 1
      vertex 96 36.75 1
    endloop
  endfacet
  facet normal -0 0 1
    outer loop
      vertex 96 36.75 1
      vertex 99 4.75 1
      vertex 99 36.75 1
    endloop
  endfacet
  facet normal 0 0 1
    outer loop
      vertex 70 36.75 1
      vertex 96 36.75 1
      vertex 70 40 1
    endloop
  endfacet
  facet normal 0 0 1
    outer loop
      vertex 96 36.75 1
      vertex 70 36.75 1
      vertex 99 4.75 1
    endloop
  endfacet
  facet normal 0 0 1
    outer loop
      vertex 67 4.75 1
      vertex 70 36.75 1
      vertex 67 36.75 1
    endloop
  endfacet
  facet normal 0 0 1
    outer loop
      vertex 70 36.75 1
      vertex 67 4.75 1
      vertex 99 4.75 1
    endloop
  endfacet
  facet normal 1 -0 0
    outer loop
      vertex 67 4.75 25.5
      vertex 67 36.75 1
      vertex 67 36.75 25.5
    endloop
  endfacet
  facet normal 1 0 0
    outer loop
      vertex 67 36.75 1
      vertex 67 4.75 25.5
      vertex 67 4.75 1
    endloop
  endfacet
  facet normal 0 -1 0
    outer loop
      vertex 67 36.75 1
      vertex 70 36.75 25.5
      vertex 67 36.75 25.5
    endloop
  endfacet
  facet normal 0 -1 -0
    outer loop
      vertex 70 36.75 25.5
      vertex 67 36.75 1
      vertex 70 36.75 1
    endloop
  endfacet
  facet normal 0 -1 0
    outer loop
      vertex 96 36.75 1
      vertex 99 36.75 25.5
      vertex 96 36.75 25.5
    endloop
  endfacet
  facet normal 0 -1 -0
    outer loop
      vertex 99 36.75 25.5
      vertex 96 36.75 1
      vertex 99 36.75 1
    endloop
  endfacet
  facet normal 0 1 -0
    outer loop
      vertex 99 4.75 1
      vertex 67 4.75 25.5
      vertex 99 4.75 25.5
    endloop
  endfacet
  facet normal 0 1 0
    outer loop
      vertex 67 4.75 25.5
      vertex 99 4.75 1
      vertex 67 4.75 1
    endloop
  endfacet
  facet normal -1 0 0
    outer loop
      vertex 96 40 1
      vertex 96 38.99 25.5
      vertex 96 40 27
    endloop
  endfacet
  facet normal -1 0 0
    outer loop
      vertex 96 36.75 1
      vertex 96 38.99 25.5
      vertex 96 40 1
    endloop
  endfacet
  facet normal -1 -0 0
    outer loop
      vertex 96 38.99 25.5
      vertex 96 36.75 1
      vertex 96 36.75 25.5
    endloop
  endfacet
  facet normal -1 0 0
    outer loop
      vertex 96 37.5 26.99
      vertex 96 40 27
      vertex 96 38.99 25.5
    endloop
  endfacet
  facet normal -1 -0 0
    outer loop
      vertex 96 40 27
      vertex 96 37.5 26.99
      vertex 96 37.5 27
    endloop
  endfacet
  facet normal 1 0 0
    outer loop
      vertex 70 40 27
      vertex 70 38.99 25.5
      vertex 70 40 1
    endloop
  endfacet
  facet normal 1 0 0
    outer loop
      vertex 70 37.5 26.99
      vertex 70 40 27
      vertex 70 37.5 27
    endloop
  endfacet
  facet normal 1 0 0
    outer loop
      vertex 70 40 27
      vertex 70 37.5 26.99
      vertex 70 38.99 25.5
    endloop
  endfacet
  facet normal 1 0 0
    outer loop
      vertex 70 36.75 1
      vertex 70 38.99 25.5
      vertex 70 36.75 25.5
    endloop
  endfacet
  facet normal 1 0 0
    outer loop
      vertex 70 38.99 25.5
      vertex 70 36.75 1
      vertex 70 40 1
    endloop
  endfacet
  facet normal 0 0 1
    outer loop
      vertex 4 38.99 25.5
      vertex 1 36.75 25.5
      vertex 4 36.75 25.5
    endloop
  endfacet
  facet normal 0 0 1
    outer loop
      vertex 1 36.75 25.5
      vertex 0 38.99 25.5
      vertex 1 4.75 25.5
    endloop
  endfacet
  facet normal -0 0 1
    outer loop
      vertex 0 38.99 25.5
      vertex 1 36.75 25.5
      vertex 4 38.99 25.5
    endloop
  endfacet
  facet normal 0 0 1
    outer loop
      vertex 37 38.99 25.5
      vertex 34 36.75 25.5
      vertex 37 36.75 25.5
    endloop
  endfacet
  facet normal 0 0 1
    outer loop
      vertex 34 36.75 25.5
      vertex 33 36.75 25.5
      vertex 34 4.75 25.5
    endloop
  endfacet
  facet normal 0 0 1
    outer loop
      vertex 37 38.99 25.5
      vertex 33 36.75 25.5
      vertex 34 36.75 25.5
    endloop
  endfacet
  facet normal -0 0 1
    outer loop
      vertex 30 38.99 25.5
      vertex 33 36.75 25.5
      vertex 37 38.99 25.5
    endloop
  endfacet
  facet normal 0 0 1
    outer loop
      vertex 33 36.75 25.5
      vertex 30 38.99 25.5
      vertex 30 36.75 25.5
    endloop
  endfacet
  facet normal 0 0 1
    outer loop
      vertex 70 38.99 25.5
      vertex 67 36.75 25.5
      vertex 70 36.75 25.5
    endloop
  endfacet
  facet normal 0 0 1
    outer loop
      vertex 67 36.75 25.5
      vertex 66 36.75 25.5
      vertex 67 4.75 25.5
    endloop
  endfacet
  facet normal 0 0 1
    outer loop
      vertex 70 38.99 25.5
      vertex 66 36.75 25.5
      vertex 67 36.75 25.5
    endloop
  endfacet
  facet normal -0 0 1
    outer loop
      vertex 63 38.99 25.5
      vertex 66 36.75 25.5
      vertex 70 38.99 25.5
    endloop
  endfacet
  facet normal 0 0 1
    outer loop
      vertex 66 36.75 25.5
      vertex 63 38.99 25.5
      vertex 63 36.75 25.5
    endloop
  endfacet
  facet normal 0 0 1
    outer loop
      vertex 99 4.75 25.5
      vertex 100 38.99 25.5
      vertex 99 36.75 25.5
    endloop
  endfacet
  facet normal -0 0 1
    outer loop
      vertex 96 38.99 25.5
      vertex 99 36.75 25.5
      vertex 100 38.99 25.5
    endloop
  endfacet
  facet normal 0 0 1
    outer loop
      vertex 99 36.75 25.5
      vertex 96 38.99 25.5
      vertex 96 36.75 25.5
    endloop
  endfacet
  facet normal 0 0 1
    outer loop
      vertex 100 38.99 25.5
      vertex 99 4.75 25.5
      vertex 100 1.01 25.5
    endloop
  endfacet
  facet normal -0 0 1
    outer loop
      vertex 67 4.75 25.5
      vertex 100 1.01 25.5
      vertex 99 4.75 25.5
    endloop
  endfacet
  facet normal 0 0 1
    outer loop
      vertex 66 4.75 25.5
      vertex 67 4.75 25.5
      vertex 66 36.75 25.5
    endloop
  endfacet
  facet normal -0 0 1
    outer loop
      vertex 66 4.75 25.5
      vertex 100 1.01 25.5
      vertex 67 4.75 25.5
    endloop
  endfacet
  facet normal -0 0 1
    outer loop
      vertex 34 4.75 25.5
      vertex 100 1.01 25.5
      vertex 66 4.75 25.5
    endloop
  endfacet
  facet normal 0 0 1
    outer loop
      vertex 33 4.75 25.5
      vertex 34 4.75 25.5
      vertex 33 36.75 25.5
    endloop
  endfacet
  facet normal 0 0 1
    outer loop
      vertex 0 1.01 25.5
      vertex 34 4.75 25.5
      vertex 33 4.75 25.5
    endloop
  endfacet
  facet normal 0 0 1
    outer loop
      vertex 0 1.01 25.5
      vertex 33 4.75 25.5
      vertex 1 4.75 25.5
    endloop
  endfacet
  facet normal 0 0 1
    outer loop
      vertex 34 4.75 25.5
      vertex 0 1.01 25.5
      vertex 100 1.01 25.5
    endloop
  endfacet
  facet normal 0 0 1
    outer loop
      vertex 0 1.01 25.5
      vertex 1 4.75 25.5
      vertex 0 38.99 25.5
    endloop
  endfacet
  facet normal 0 0.707107 -0.707107
    outer loop
      vertex 100 1.01 25.5
      vertex 0 2.5 26.99
      vertex 100 2.5 26.99
    endloop
  endfacet
  facet normal 0 0.707107 -0.707107
    outer loop
      vertex 0 2.5 26.99
      vertex 100 1.01 25.5
      vertex 0 1.01 25.5
    endloop
  endfacet
  facet normal 0 -0.707107 -0.707107
    outer loop
      vertex 0 38.99 25.5
      vertex 4 37.5 26.99
      vertex 0 37.5 26.99
    endloop
  endfacet
  facet normal 0 -0.707107 -0.707107
    outer loop
      vertex 4 37.5 26.99
      vertex 0 38.99 25.5
      vertex 4 38.99 25.5
    endloop
  endfacet
  facet normal 0 -0.707107 -0.707107
    outer loop
      vertex 30 38.99 25.5
      vertex 37 37.5 26.99
      vertex 30 37.5 26.99
    endloop
  endfacet
  facet normal 0 -0.707107 -0.707107
    outer loop
      vertex 37 37.5 26.99
      vertex 30 38.99 25.5
      vertex 37 38.99 25.5
    endloop
  endfacet
  facet normal 0 -0.707107 -0.707107
    outer loop
      vertex 63 38.99 25.5
      vertex 70 37.5 26.99
      vertex 63 37.5 26.99
    endloop
  endfacet
  facet normal 0 -0.707107 -0.707107
    outer loop
      vertex 70 37.5 26.99
      vertex 63 38.99 25.5
      vertex 70 38.99 25.5
    endloop
  endfacet
  facet normal 0 -0.707107 -0.707107
    outer loop
      vertex 96 38.99 25.5
      vertex 100 37.5 26.99
      vertex 96 37.5 26.99
    endloop
  endfacet
  facet normal 0 -0.707107 -0.707107
    outer loop
      vertex 100 37.5 26.99
      vertex 96 38.99 25.5
      vertex 100 38.99 25.5
    endloop
  endfacet
  facet normal 0 -1 0
    outer loop
      vertex 0 37.5 26.99
      vertex 4 37.5 27
      vertex 0 37.5 27
    endloop
  endfacet
  facet normal 0 -1 -0
    outer loop
      vertex 4 37.5 27
      vertex 0 37.5 26.99
      vertex 4 37.5 26.99
    endloop
  endfacet
  facet normal 0 -1 0
    outer loop
      vertex 30 37.5 26.99
      vertex 37 37.5 27
      vertex 30 37.5 27
    endloop
  endfacet
  facet normal 0 -1 -0
    outer loop
      vertex 37 37.5 27
      vertex 30 37.5 26.99
      vertex 37 37.5 26.99
    endloop
  endfacet
  facet normal 0 -1 0
    outer loop
      vertex 63 37.5 26.99
      vertex 70 37.5 27
      vertex 63 37.5 27
    endloop
  endfacet
  facet normal 0 -1 -0
    outer loop
      vertex 70 37.5 27
      vertex 63 37.5 26.99
      vertex 70 37.5 26.99
    endloop
  endfacet
  facet normal 0 -1 0
    outer loop
      vertex 96 37.5 26.99
      vertex 100 37.5 27
      vertex 96 37.5 27
    endloop
  endfacet
  facet normal 0 -1 -0
    outer loop
      vertex 100 37.5 27
      vertex 96 37.5 26.99
      vertex 100 37.5 26.99
    endloop
  endfacet
  facet normal 0 1 -0
    outer loop
      vertex 100 2.5 26.99
      vertex 0 2.5 27
      vertex 100 2.5 27
    endloop
  endfacet
  facet normal 0 1 0
    outer loop
      vertex 0 2.5 27
      vertex 100 2.5 26.99
      vertex 0 2.5 26.99
    endloop
  endfacet
  facet normal 1 -0 0
    outer loop
      vertex 100 0 27
      vertex 100 2.5 26.99
      vertex 100 2.5 27
    endloop
  endfacet
  facet normal 1 0 0
    outer loop
      vertex 100 2.5 26.99
      vertex 100 0 27
      vertex 100 1.01 25.5
    endloop
  endfacet
  facet normal 1 0 0
    outer loop
      vertex 100 40 27
      vertex 100 38.99 25.5
      vertex 100 40 0
    endloop
  endfacet
  facet normal 1 0 0
    outer loop
      vertex 100 37.5 26.99
      vertex 100 40 27
      vertex 100 37.5 27
    endloop
  endfacet
  facet normal 1 0 0
    outer loop
      vertex 100 40 27
      vertex 100 37.5 26.99
      vertex 100 38.99 25.5
    endloop
  endfacet
  facet normal 1 -0 0
    outer loop
      vertex 100 1.01 25.5
      vertex 100 40 0
      vertex 100 38.99 25.5
    endloop
  endfacet
  facet normal 1 0 0
    outer loop
      vertex 100 1.01 25.5
      vertex 100 0 0
      vertex 100 40 0
    endloop
  endfacet
  facet normal 1 0 0
    outer loop
      vertex 100 0 0
      vertex 100 1.01 25.5
      vertex 100 0 27
    endloop
  endfacet
  facet normal -0 0 1
    outer loop
      vertex 0 40 27
      vertex 4 37.5 27
      vertex 4 40 27
    endloop
  endfacet
  facet normal 0 0 1
    outer loop
      vertex 4 37.5 27
      vertex 0 40 27
      vertex 0 37.5 27
    endloop
  endfacet
  facet normal -0 0 1
    outer loop
      vertex 96 40 27
      vertex 100 37.5 27
      vertex 100 40 27
    endloop
  endfacet
  facet normal 0 0 1
    outer loop
      vertex 100 37.5 27
      vertex 96 40 27
      vertex 96 37.5 27
    endloop
  endfacet
  facet normal -0 0 1
    outer loop
      vertex 0 2.5 27
      vertex 100 0 27
      vertex 100 2.5 27
    endloop
  endfacet
  facet normal 0 0 1
    outer loop
      vertex 100 0 27
      vertex 0 2.5 27
      vertex 0 0 27
    endloop
  endfacet
  facet normal -0 0 1
    outer loop
      vertex 30 40 27
      vertex 37 37.5 27
      vertex 37 40 27
    endloop
  endfacet
  facet normal 0 0 1
    outer loop
      vertex 37 37.5 27
      vertex 30 40 27
      vertex 30 37.5 27
    endloop
  endfacet
  facet normal -0 0 1
    outer loop
      vertex 63 40 27
      vertex 70 37.5 27
      vertex 70 40 27
    endloop
  endfacet
  facet normal 0 0 1
    outer loop
      vertex 70 37.5 27
      vertex 63 40 27
      vertex 63 37.5 27
    endloop
  endfacet
  facet normal 0 0 -1
    outer loop
      vertex 0 0 0
      vertex 100 40 0
      vertex 100 0 0
    endloop
  endfacet
  facet normal -0 0 -1
    outer loop
      vertex 100 40 0
      vertex 0 0 0
      vertex 0 40 0
    endloop
  endfacet
  facet normal -1 0 0
    outer loop
      vertex 0 40 0
      vertex 0 38.99 25.5
      vertex 0 40 27
    endloop
  endfacet
  facet normal -1 0 0
    outer loop
      vertex 0 40 0
      vertex 0 1.01 25.5
      vertex 0 38.99 25.5
    endloop
  endfacet
  facet normal -1 0 -0
    outer loop
      vertex 0 1.01 25.5
      vertex 0 40 0
      vertex 0 0 0
    endloop
  endfacet
  facet normal -1 0 0
    outer loop
      vertex 0 37.5 26.99
      vertex 0 40 27
      vertex 0 38.99 25.5
    endloop
  endfacet
  facet normal -1 -0 0
    outer loop
      vertex 0 40 27
      vertex 0 37.5 26.99
      vertex 0 37.5 27
    endloop
  endfacet
  facet normal -1 0 0
    outer loop
      vertex 0 0 27
      vertex 0 2.5 26.99
      vertex 0 1.01 25.5
    endloop
  endfacet
  facet normal -1 0 0
    outer loop
      vertex 0 2.5 26.99
      vertex 0 0 27
      vertex 0 2.5 27
    endloop
  endfacet
  facet normal -1 0 0
    outer loop
      vertex 0 0 27
      vertex 0 1.01 25.5
      vertex 0 0 0
    endloop
  endfacet
  facet normal 0 1 0
    outer loop
      vertex 100 40 27
      vertex 96 40 1
      vertex 96 40 27
    endloop
  endfacet
  facet normal 0 1 0
    outer loop
      vertex 100 40 0
      vertex 70 40 1
      vertex 96 40 1
    endloop
  endfacet
  facet normal 0 1 0
    outer loop
      vertex 70 40 1
      vertex 100 40 0
      vertex 63 40 1
    endloop
  endfacet
  facet normal 0 1 0
    outer loop
      vertex 63 40 1
      vertex 100 40 0
      vertex 37 40 1
    endloop
  endfacet
  facet normal 0 1 0
    outer loop
      vertex 0 40 0
      vertex 37 40 1
      vertex 100 40 0
    endloop
  endfacet
  facet normal 0 1 0
    outer loop
      vertex 37 40 1
      vertex 0 40 0
      vertex 30 40 1
    endloop
  endfacet
  facet normal 0 1 -0
    outer loop
      vertex 100 40 0
      vertex 96 40 1
      vertex 100 40 27
    endloop
  endfacet
  facet normal 0 1 -0
    outer loop
      vertex 70 40 1
      vertex 63 40 27
      vertex 70 40 27
    endloop
  endfacet
  facet normal 0 1 0
    outer loop
      vertex 63 40 27
      vertex 70 40 1
      vertex 63 40 1
    endloop
  endfacet
  facet normal 0 1 -0
    outer loop
      vertex 37 40 1
      vertex 30 40 27
      vertex 37 40 27
    endloop
  endfacet
  facet normal 0 1 0
    outer loop
      vertex 30 40 27
      vertex 37 40 1
      vertex 30 40 1
    endloop
  endfacet
  facet normal 0 1 -0
    outer loop
      vertex 4 40 1
      vertex 0 40 27
      vertex 4 40 27
    endloop
  endfacet
  facet normal 0 1 0
    outer loop
      vertex 4 40 1
      vertex 0 40 0
      vertex 0 40 27
    endloop
  endfacet
  facet normal 0 1 0
    outer loop
      vertex 30 40 1
      vertex 0 40 0
      vertex 4 40 1
    endloop
  endfacet
  facet normal 0 -1 0
    outer loop
      vertex 67.1982 0 12.1489
      vertex 68.2072 0 11.4267
      vertex 68.3808 0 11.46
    endloop
  endfacet
  facet normal 0 -1 0
    outer loop
      vertex 67.2327 0 11.7888
      vertex 67.5257 0 11.4267
      vertex 67.6584 0 11.3947
    endloop
  endfacet
  facet normal 0 -1 0
    outer loop
      vertex 67.2327 0 11.7888
      vertex 68.0553 0 11.403
      vertex 68.2072 0 11.4267
    endloop
  endfacet
  facet normal 0 -1 0
    outer loop
      vertex 67.2327 0 11.7888
      vertex 67.6584 0 11.3947
      vertex 67.8166 0 11.384
    endloop
  endfacet
  facet normal 0 -1 0
    outer loop
      vertex 67.2327 0 11.7888
      vertex 67.9251 0 11.3887
      vertex 68.0553 0 11.403
    endloop
  endfacet
  facet normal 0 -1 0
    outer loop
      vertex 67.2327 0 11.7888
      vertex 67.8166 0 11.384
      vertex 67.9251 0 11.3887
    endloop
  endfacet
  facet normal 0 -1 0
    outer loop
      vertex 51.027 0 11.3188
      vertex 49.493 0 12.53
      vertex 49.6235 0 12.1696
    endloop
  endfacet
  facet normal 0 -1 0
    outer loop
      vertex 49.493 0 12.53
      vertex 51.3286 0 11.3348
      vertex 52.5622 0 12.2194
    endloop
  endfacet
  facet normal 0 -1 0
    outer loop
      vertex 50.6496 0 11.3531
      vertex 49.6235 0 12.1696
      vertex 49.8063 0 11.8668
    endloop
  endfacet
  facet normal -0 -1 0
    outer loop
      vertex 51.5986 0 11.3826
      vertex 52.5622 0 12.2194
      vertex 51.3286 0 11.3348
    endloop
  endfacet
  facet normal -0 -1 0
    outer loop
      vertex 52.0441 0 11.5738
      vertex 52.5622 0 12.2194
      vertex 51.5986 0 11.3826
    endloop
  endfacet
  facet normal 0 -1 0
    outer loop
      vertex 50.6496 0 11.3531
      vertex 49.8063 0 11.8668
      vertex 50.0392 0 11.6271
    endloop
  endfacet
  facet normal 0 -1 0
    outer loop
      vertex 52.5622 0 12.2194
      vertex 52.2199 0 11.7098
      vertex 52.479 0 12.0326
    endloop
  endfacet
  facet normal 0 -1 0
    outer loop
      vertex 52.479 0 12.0326
      vertex 52.2199 0 11.7098
      vertex 52.3649 0 11.8627
    endloop
  endfacet
  facet normal 0 -1 0
    outer loop
      vertex 50.6496 0 11.3531
      vertex 50.0392 0 11.6271
      vertex 50.3203 0 11.4558
    endloop
  endfacet
  facet normal 0 -1 0
    outer loop
      vertex 52.5622 0 12.2194
      vertex 52.0441 0 11.5738
      vertex 52.2199 0 11.7098
    endloop
  endfacet
  facet normal 0 -1 0
    outer loop
      vertex 49.6235 0 12.1696
      vertex 50.6496 0 11.3531
      vertex 51.027 0 11.3188
    endloop
  endfacet
  facet normal 0 -1 0
    outer loop
      vertex 52.0441 0 11.5738
      vertex 51.5986 0 11.3826
      vertex 51.8371 0 11.4623
    endloop
  endfacet
  facet normal 0 -1 0
    outer loop
      vertex 49.493 0 12.53
      vertex 51.027 0 11.3188
      vertex 51.3286 0 11.3348
    endloop
  endfacet
  facet normal 0 -1 0
    outer loop
      vertex 61.3673 0 12.9091
      vertex 61.7437 0 12.2412
      vertex 61.7287 0 12.4066
    endloop
  endfacet
  facet normal -0 -1 0
    outer loop
      vertex 60.6581 0 11.344
      vertex 60.7346 0 13.1634
      vertex 60.3114 0 11.3297
    endloop
  endfacet
  facet normal 0 -1 0
    outer loop
      vertex 59.4407 0 11.4533
      vertex 58.7111 0 12.2412
      vertex 58.7901 0 12.0209
    endloop
  endfacet
  facet normal -0 -1 0
    outer loop
      vertex 60.955 0 11.3867
      vertex 60.7346 0 13.1634
      vertex 60.6581 0 11.344
    endloop
  endfacet
  facet normal 0 -1 0
    outer loop
      vertex 59.2264 0 11.5494
      vertex 58.7901 0 12.0209
      vertex 58.9023 0 11.8322
    endloop
  endfacet
  facet normal -0 -1 0
    outer loop
      vertex 61.202 0 11.4579
      vertex 60.7346 0 13.1634
      vertex 60.955 0 11.3867
    endloop
  endfacet
  facet normal 0 -1 0
    outer loop
      vertex 59.2264 0 11.5494
      vertex 58.9023 0 11.8322
      vertex 59.0477 0 11.675
    endloop
  endfacet
  facet normal 0 -1 0
    outer loop
      vertex 60.7346 0 13.1634
      vertex 61.202 0 11.4579
      vertex 61.7437 0 12.2412
    endloop
  endfacet
  facet normal 0 -1 0
    outer loop
      vertex 58.7901 0 12.0209
      vertex 59.2264 0 11.5494
      vertex 59.4407 0 11.4533
    endloop
  endfacet
  facet normal 0 -1 0
    outer loop
      vertex 61.7437 0 12.2412
      vertex 61.202 0 11.4579
      vertex 61.7221 0 12.0275
    endloop
  endfacet
  facet normal 0 -1 0
    outer loop
      vertex 59.9832 0 11.3435
      vertex 60.0348 0 13.3478
      vertex 59.6929 0 11.3846
    endloop
  endfacet
  facet normal -0 -1 0
    outer loop
      vertex 61.3992 0 11.5576
      vertex 61.7221 0 12.0275
      vertex 61.202 0 11.4579
    endloop
  endfacet
  facet normal 0 -1 -0
    outer loop
      vertex 60.0348 0 13.3478
      vertex 59.9832 0 11.3435
      vertex 60.7346 0 13.1634
    endloop
  endfacet
  facet normal 0 -1 0
    outer loop
      vertex 61.7221 0 12.0275
      vertex 61.3992 0 11.5576
      vertex 61.6575 0 11.8424
    endloop
  endfacet
  facet normal 0 -1 0
    outer loop
      vertex 60.7346 0 13.1634
      vertex 59.9832 0 11.3435
      vertex 60.3114 0 11.3297
    endloop
  endfacet
  facet normal 0 -1 0
    outer loop
      vertex 61.6575 0 11.8424
      vertex 61.3992 0 11.5576
      vertex 61.5499 0 11.6857
    endloop
  endfacet
  facet normal 0 -1 0
    outer loop
      vertex 38.4891 0 14.6905
      vertex 37.2864 0 15.9192
      vertex 36.9525 0 15.8891
    endloop
  endfacet
  facet normal 0 -1 0
    outer loop
      vertex 37.2864 0 15.9192
      vertex 38.4677 0 14.9319
      vertex 37.5133 0 15.9104
    endloop
  endfacet
  facet normal -0 -1 -0
    outer loop
      vertex 38.4321 0 15.1408
      vertex 37.5133 0 15.9104
      vertex 38.4677 0 14.9319
    endloop
  endfacet
  facet normal 0 -1 0
    outer loop
      vertex 38.4891 0 14.6905
      vertex 36.9525 0 15.8891
      vertex 36.6558 0 15.7985
    endloop
  endfacet
  facet normal 0 -1 0
    outer loop
      vertex 37.5133 0 15.9104
      vertex 38.4321 0 15.1408
      vertex 37.7109 0 15.884
    endloop
  endfacet
  facet normal 0 -1 0
    outer loop
      vertex 37.7109 0 15.884
      vertex 38.3823 0 15.3171
      vertex 37.8794 0 15.8399
    endloop
  endfacet
  facet normal 0 -1 0
    outer loop
      vertex 38.4891 0 14.6905
      vertex 36.6558 0 15.7985
      vertex 36.3964 0 15.6477
    endloop
  endfacet
  facet normal -0 -1 -0
    outer loop
      vertex 38.3168 0 15.4659
      vertex 37.8794 0 15.8399
      vertex 38.3823 0 15.3171
    endloop
  endfacet
  facet normal -0 -1 -0
    outer loop
      vertex 38.2344 0 15.5924
      vertex 38.0188 0 15.7782
      vertex 38.3168 0 15.4659
    endloop
  endfacet
  facet normal 0 -1 0
    outer loop
      vertex 38.4891 0 14.6905
      vertex 36.3964 0 15.6477
      vertex 36.1743 0 15.4364
    endloop
  endfacet
  facet normal 0 -1 0
    outer loop
      vertex 38.0188 0 15.7782
      vertex 38.2344 0 15.5924
      vertex 38.1351 0 15.6965
    endloop
  endfacet
  facet normal 0 -1 0
    outer loop
      vertex 38.4891 0 14.6905
      vertex 36.1743 0 15.4364
      vertex 35.9963 0 15.1716
    endloop
  endfacet
  facet normal 0 -1 0
    outer loop
      vertex 37.8794 0 15.8399
      vertex 38.3168 0 15.4659
      vertex 38.0188 0 15.7782
    endloop
  endfacet
  facet normal -0 -1 -0
    outer loop
      vertex 38.3823 0 15.3171
      vertex 37.7109 0 15.884
      vertex 38.4321 0 15.1408
    endloop
  endfacet
  facet normal 0 -1 0
    outer loop
      vertex 38.4891 0 14.6905
      vertex 35.9963 0 15.1716
      vertex 35.8692 0 14.86
    endloop
  endfacet
  facet normal 0 -1 0
    outer loop
      vertex 37.2864 0 15.9192
      vertex 38.4891 0 14.6905
      vertex 38.4677 0 14.9319
    endloop
  endfacet
  facet normal 0 -1 0
    outer loop
      vertex 38.4962 0 14.4165
      vertex 35.8692 0 14.86
      vertex 35.7929 0 14.5016
    endloop
  endfacet
  facet normal 0 -1 0
    outer loop
      vertex 35.8692 0 14.86
      vertex 38.4962 0 14.4165
      vertex 38.4891 0 14.6905
    endloop
  endfacet
  facet normal 0 -1 0
    outer loop
      vertex 35.7675 0 14.0964
      vertex 38.4962 0 14.4165
      vertex 35.7929 0 14.5016
    endloop
  endfacet
  facet normal 0 -1 0
    outer loop
      vertex 38.4962 0 10.695
      vertex 35.7675 0 14.0964
      vertex 35.7675 0 10.695
    endloop
  endfacet
  facet normal 0 -1 0
    outer loop
      vertex 35.7675 0 14.0964
      vertex 38.4962 0 10.695
      vertex 38.4962 0 14.4165
    endloop
  endfacet
  facet normal 0 -1 0
    outer loop
      vertex 52.5622 0 12.2194
      vertex 49.3886 0 13.4238
      vertex 49.4147 0 12.9481
    endloop
  endfacet
  facet normal 0 -1 0
    outer loop
      vertex 59.9425 0 14.2863
      vertex 60.3223 0 15.9192
      vertex 60.0131 0 15.9067
    endloop
  endfacet
  facet normal 0 -1 0
    outer loop
      vertex 59.7092 0 14.3596
      vertex 60.0131 0 15.9067
      vertex 59.7472 0 15.869
    endloop
  endfacet
  facet normal 0 -1 0
    outer loop
      vertex 60.2464 0 14.2022
      vertex 60.3223 0 15.9192
      vertex 59.9425 0 14.2863
    endloop
  endfacet
  facet normal 0 -1 0
    outer loop
      vertex 59.5464 0 14.422
      vertex 59.7472 0 15.869
      vertex 59.5248 0 15.8063
    endloop
  endfacet
  facet normal 0 -1 -0
    outer loop
      vertex 60.3223 0 15.9192
      vertex 60.2464 0 14.2022
      vertex 60.6056 0 15.9062
    endloop
  endfacet
  facet normal 0 -1 0
    outer loop
      vertex 59.3227 0 14.5481
      vertex 59.5248 0 15.8063
      vertex 59.3457 0 15.7185
    endloop
  endfacet
  facet normal 0 -1 -0
    outer loop
      vertex 60.6056 0 15.9062
      vertex 60.2464 0 14.2022
      vertex 60.8587 0 15.867
    endloop
  endfacet
  facet normal 0 -1 0
    outer loop
      vertex 59.0508 0 15.3015
      vertex 59.3457 0 15.7185
      vertex 59.2081 0 15.6053
    endloop
  endfacet
  facet normal 0 -1 0
    outer loop
      vertex 60.6207 0 14.1073
      vertex 60.8587 0 15.867
      vertex 60.2464 0 14.2022
    endloop
  endfacet
  facet normal 0 -1 0
    outer loop
      vertex 59.0508 0 15.3015
      vertex 59.2081 0 15.6053
      vertex 59.1098 0 15.4662
    endloop
  endfacet
  facet normal 0 -1 -0
    outer loop
      vertex 60.8587 0 15.867
      vertex 60.6207 0 14.1073
      vertex 61.0816 0 15.8017
    endloop
  endfacet
  facet normal 0 -1 0
    outer loop
      vertex 59.0311 0 15.1109
      vertex 59.3457 0 15.7185
      vertex 59.0508 0 15.3015
    endloop
  endfacet
  facet normal 0 -1 -0
    outer loop
      vertex 61.0816 0 15.8017
      vertex 60.6207 0 14.1073
      vertex 61.2744 0 15.7104
    endloop
  endfacet
  facet normal 0 -1 0
    outer loop
      vertex 59.3227 0 14.5481
      vertex 59.3457 0 15.7185
      vertex 59.0311 0 15.1109
    endloop
  endfacet
  facet normal 0 -1 -0
    outer loop
      vertex 61.2744 0 15.7104
      vertex 60.6207 0 14.1073
      vertex 61.4349 0 15.5946
    endloop
  endfacet
  facet normal 0 -1 0
    outer loop
      vertex 59.3227 0 14.5481
      vertex 59.0311 0 15.1109
      vertex 59.0392 0 14.9916
    endloop
  endfacet
  facet normal 0 -1 0
    outer loop
      vertex 58.0943 0 14.8048
      vertex 57.0751 0 15.7748
      vertex 56.9205 0 15.7782
    endloop
  endfacet
  facet normal 0 -1 0
    outer loop
      vertex 57.0751 0 15.7748
      vertex 58.0943 0 14.8048
      vertex 57.2135 0 15.7646
    endloop
  endfacet
  facet normal 0 -1 0
    outer loop
      vertex 55.9928 0 15.2547
      vertex 56.9205 0 15.7782
      vertex 56.6347 0 15.7455
    endloop
  endfacet
  facet normal 0 -1 0
    outer loop
      vertex 57.2135 0 15.7646
      vertex 58.0943 0 14.8048
      vertex 57.3355 0 15.7477
    endloop
  endfacet
  facet normal 0 -1 0
    outer loop
      vertex 56.1709 0 15.4837
      vertex 56.6347 0 15.7455
      vertex 56.3848 0 15.6473
    endloop
  endfacet
  facet normal 0 -1 0
    outer loop
      vertex 57.3355 0 15.7477
      vertex 58.0943 0 14.8048
      vertex 57.4413 0 15.724
    endloop
  endfacet
  facet normal 0 -1 0
    outer loop
      vertex 56.6347 0 15.7455
      vertex 56.1709 0 15.4837
      vertex 55.9928 0 15.2547
    endloop
  endfacet
  facet normal 0 -1 0
    outer loop
      vertex 57.4413 0 15.724
      vertex 58.1175 0 15.3909
      vertex 58.2248 0 15.7206
    endloop
  endfacet
  facet normal 0 -1 -0
    outer loop
      vertex 56.9205 0 15.7782
      vertex 55.9928 0 15.2547
      vertex 58.0943 0 14.8048
    endloop
  endfacet
  facet normal 0 -1 0
    outer loop
      vertex 57.4413 0 15.724
      vertex 58.0817 0 15.0133
      vertex 58.1175 0 15.3909
    endloop
  endfacet
  facet normal 0 -1 0
    outer loop
      vertex 58.0943 0 14.8048
      vertex 55.9928 0 15.2547
      vertex 55.8528 0 14.9646
    endloop
  endfacet
  facet normal 0 -1 0
    outer loop
      vertex 57.4413 0 15.724
      vertex 58.0943 0 14.8048
      vertex 58.0817 0 15.0133
    endloop
  endfacet
  facet normal 0 -1 0
    outer loop
      vertex 58.1319 0 14.6132
      vertex 55.8528 0 14.9646
      vertex 55.7528 0 14.618
    endloop
  endfacet
  facet normal 0 -1 0
    outer loop
      vertex 55.8528 0 14.9646
      vertex 58.1319 0 14.6132
      vertex 58.0943 0 14.8048
    endloop
  endfacet
  facet normal 0 -1 0
    outer loop
      vertex 55.6928 0 14.2146
      vertex 58.1319 0 14.6132
      vertex 55.7528 0 14.618
    endloop
  endfacet
  facet normal 0 -1 -0
    outer loop
      vertex 58.1319 0 14.6132
      vertex 55.6928 0 14.2146
      vertex 58.1946 0 14.4386
    endloop
  endfacet
  facet normal 0 -1 0
    outer loop
      vertex 55.6728 0 13.7547
      vertex 58.1946 0 14.4386
      vertex 55.6928 0 14.2146
    endloop
  endfacet
  facet normal 0 -1 -0
    outer loop
      vertex 58.1946 0 14.4386
      vertex 55.6728 0 13.7547
      vertex 58.2825 0 14.2809
    endloop
  endfacet
  facet normal 0 -1 0
    outer loop
      vertex 57.8484 0 12.0729
      vertex 58.2825 0 14.2809
      vertex 55.6728 0 13.7547
    endloop
  endfacet
  facet normal 0 -1 -0
    outer loop
      vertex 58.2825 0 14.2809
      vertex 57.8484 0 12.0729
      vertex 58.3925 0 14.1373
    endloop
  endfacet
  facet normal 0 -1 -0
    outer loop
      vertex 58.3925 0 14.1373
      vertex 57.8484 0 12.0729
      vertex 58.5218 0 14.0049
    endloop
  endfacet
  facet normal 0 -1 -0
    outer loop
      vertex 58.5218 0 14.0049
      vertex 57.8484 0 12.0729
      vertex 58.6705 0 13.8837
    endloop
  endfacet
  facet normal -0 -1 0
    outer loop
      vertex 58.7111 0 12.2412
      vertex 58.6705 0 13.8837
      vertex 57.8484 0 12.0729
    endloop
  endfacet
  facet normal 0 -1 0
    outer loop
      vertex 58.6705 0 13.8837
      vertex 58.7111 0 12.2412
      vertex 58.8385 0 13.7736
    endloop
  endfacet
  facet normal 0 -1 -0
    outer loop
      vertex 58.8385 0 13.7736
      vertex 58.7111 0 12.2412
      vertex 59.0466 0 13.6687
    endloop
  endfacet
  facet normal 0 -1 -0
    outer loop
      vertex 59.0466 0 13.6687
      vertex 58.7111 0 12.2412
      vertex 59.3153 0 13.5628
    endloop
  endfacet
  facet normal 0 -1 -0
    outer loop
      vertex 59.6447 0 13.4558
      vertex 58.7111 0 12.2412
      vertex 60.0348 0 13.3478
    endloop
  endfacet
  facet normal 0 -1 0
    outer loop
      vertex 59.4407 0 11.4533
      vertex 60.0348 0 13.3478
      vertex 58.7111 0 12.2412
    endloop
  endfacet
  facet normal 0 -1 0
    outer loop
      vertex 59.6929 0 11.3846
      vertex 60.0348 0 13.3478
      vertex 59.4407 0 11.4533
    endloop
  endfacet
  facet normal 0 -1 0
    outer loop
      vertex 61.7437 0 12.2412
      vertex 60.9821 0 13.0881
      vertex 60.7346 0 13.1634
    endloop
  endfacet
  facet normal 0 -1 0
    outer loop
      vertex 61.7437 0 12.2412
      vertex 61.193 0 13.0034
      vertex 60.9821 0 13.0881
    endloop
  endfacet
  facet normal 0 -1 0
    outer loop
      vertex 61.7437 0 12.2412
      vertex 61.3673 0 12.9091
      vertex 61.193 0 13.0034
    endloop
  endfacet
  facet normal 0 -1 0
    outer loop
      vertex 61.3673 0 12.9091
      vertex 61.7287 0 12.4066
      vertex 61.5049 0 12.8053
    endloop
  endfacet
  facet normal 0 -1 0
    outer loop
      vertex 61.5049 0 12.8053
      vertex 61.7287 0 12.4066
      vertex 61.6094 0 12.6887
    endloop
  endfacet
  facet normal 0 -1 0
    outer loop
      vertex 61.6094 0 12.6887
      vertex 61.7287 0 12.4066
      vertex 61.684 0 12.5558
    endloop
  endfacet
  facet normal 0 -1 -0
    outer loop
      vertex 59.3153 0 13.5628
      vertex 58.7111 0 12.2412
      vertex 59.6447 0 13.4558
    endloop
  endfacet
  facet normal 0 -1 0
    outer loop
      vertex 55.6728 0 10.695
      vertex 57.8484 0 12.0729
      vertex 55.6728 0 13.7547
    endloop
  endfacet
  facet normal 0 -1 -0
    outer loop
      vertex 57.8484 0 12.0729
      vertex 55.6728 0 10.695
      vertex 57.9639 0 11.7157
    endloop
  endfacet
  facet normal 0 -1 -0
    outer loop
      vertex 57.9639 0 11.7157
      vertex 55.6728 0 10.695
      vertex 58.1312 0 11.4091
    endloop
  endfacet
  facet normal 0 -1 -0
    outer loop
      vertex 58.1312 0 11.4091
      vertex 55.6728 0 10.695
      vertex 58.3504 0 11.1529
    endloop
  endfacet
  facet normal 0 -1 0
    outer loop
      vertex 55.6728 0 10.695
      vertex 58.6215 0 10.9473
      vertex 58.3504 0 11.1529
    endloop
  endfacet
  facet normal 0 -1 0
    outer loop
      vertex 55.6728 0 10.695
      vertex 58.9499 0 10.7894
      vertex 58.6215 0 10.9473
    endloop
  endfacet
  facet normal 0 -1 -0
    outer loop
      vertex 58.9499 0 10.7894
      vertex 55.6728 0 10.695
      vertex 59.341 0 10.6767
    endloop
  endfacet
  facet normal 0 -1 0
    outer loop
      vertex 67.1982 0 15.8542
      vertex 67.1982 0 12.1489
      vertex 68.2832 0 15.8542
    endloop
  endfacet
  facet normal 0 -1 0
    outer loop
      vertex 70.6956 0 13.3207
      vertex 72.8927 0 16.5648
      vertex 69.4588 0 16.5648
    endloop
  endfacet
  facet normal 0 -1 0
    outer loop
      vertex 71.6071 0 12.827
      vertex 70.6956 0 13.3207
      vertex 70.7255 0 13.2373
    endloop
  endfacet
  facet normal 0 -1 0
    outer loop
      vertex 71.6071 0 12.827
      vertex 70.7255 0 13.2373
      vertex 70.7608 0 13.1389
    endloop
  endfacet
  facet normal 0 -1 0
    outer loop
      vertex 71.6071 0 12.827
      vertex 70.7608 0 13.1389
      vertex 70.7903 0 13.055
    endloop
  endfacet
  facet normal 0 -1 0
    outer loop
      vertex 71.6071 0 12.827
      vertex 70.7903 0 13.055
      vertex 70.8408 0 12.9091
    endloop
  endfacet
  facet normal 0 -1 0
    outer loop
      vertex 70.6956 0 13.3207
      vertex 71.6071 0 12.827
      vertex 72.8927 0 16.5648
    endloop
  endfacet
  facet normal 0 -1 0
    outer loop
      vertex 70.9123 0 12.7011
      vertex 71.6071 0 12.827
      vertex 70.8408 0 12.9091
    endloop
  endfacet
  facet normal 0 -1 0
    outer loop
      vertex 71.0049 0 12.431
      vertex 71.6071 0 12.827
      vertex 70.9123 0 12.7011
    endloop
  endfacet
  facet normal 0 -1 0
    outer loop
      vertex 71.0961 0 12.1631
      vertex 71.6071 0 12.827
      vertex 71.0049 0 12.431
    endloop
  endfacet
  facet normal 0 -1 0
    outer loop
      vertex 71.1636 0 11.9617
      vertex 71.6071 0 12.827
      vertex 71.0961 0 12.1631
    endloop
  endfacet
  facet normal 0 -1 0
    outer loop
      vertex 71.2073 0 11.8268
      vertex 71.6071 0 12.827
      vertex 71.1636 0 11.9617
    endloop
  endfacet
  facet normal 0 -1 0
    outer loop
      vertex 71.6071 0 12.827
      vertex 71.2073 0 11.8268
      vertex 71.2273 0 11.7583
    endloop
  endfacet
  facet normal 0 -1 0
    outer loop
      vertex 68.2832 0 15.8542
      vertex 68.4171 0 16.5648
      vertex 68.2832 0 16.5648
    endloop
  endfacet
  facet normal 0 -1 0
    outer loop
      vertex 68.2072 0 11.4267
      vertex 67.1982 0 12.1489
      vertex 67.2068 0 11.9531
    endloop
  endfacet
  facet normal 0 -1 0
    outer loop
      vertex 68.2072 0 11.4267
      vertex 67.2068 0 11.9531
      vertex 67.2327 0 11.7888
    endloop
  endfacet
  facet normal 0 -1 0
    outer loop
      vertex 67.5257 0 11.4267
      vertex 67.276 0 11.6561
      vertex 67.4184 0 11.4801
    endloop
  endfacet
  facet normal 0 -1 0
    outer loop
      vertex 67.4184 0 11.4801
      vertex 67.276 0 11.6561
      vertex 67.3365 0 11.5548
    endloop
  endfacet
  facet normal 0 -1 0
    outer loop
      vertex 67.276 0 11.6561
      vertex 67.5257 0 11.4267
      vertex 67.2327 0 11.7888
    endloop
  endfacet
  facet normal 0 -1 0
    outer loop
      vertex 67.1982 0 12.1489
      vertex 68.3808 0 11.46
      vertex 68.2832 0 15.8542
    endloop
  endfacet
  facet normal 0 -1 0
    outer loop
      vertex 70.7445 0 10.7221
      vertex 68.2832 0 15.8542
      vertex 68.3808 0 11.46
    endloop
  endfacet
  facet normal 0 -1 0
    outer loop
      vertex 70.7445 0 10.7221
      vertex 68.3808 0 11.46
      vertex 68.3808 0 10.7384
    endloop
  endfacet
  facet normal 0 -1 0
    outer loop
      vertex 68.2832 0 15.8542
      vertex 70.7445 0 10.7221
      vertex 68.4171 0 16.5648
    endloop
  endfacet
  facet normal 0 -1 0
    outer loop
      vertex 68.7535 0 9.18141
      vertex 68.3808 0 10.7384
      vertex 68.138 0 10.6815
    endloop
  endfacet
  facet normal 0 -1 0
    outer loop
      vertex 68.7535 0 9.18141
      vertex 68.138 0 10.6815
      vertex 67.8925 0 10.6408
    endloop
  endfacet
  facet normal 0 -1 0
    outer loop
      vertex 68.7535 0 9.18141
      vertex 67.8925 0 10.6408
      vertex 67.6443 0 10.6163
    endloop
  endfacet
  facet normal 0 -1 0
    outer loop
      vertex 68.3808 0 10.7384
      vertex 70.6523 0 10.4888
      vertex 70.7445 0 10.7221
    endloop
  endfacet
  facet normal 0 -1 0
    outer loop
      vertex 68.7535 0 9.18141
      vertex 67.6443 0 10.6163
      vertex 67.3934 0 10.6082
    endloop
  endfacet
  facet normal 0 -1 0
    outer loop
      vertex 66.8808 0 10.6913
      vertex 68.7535 0 8.44908
      vertex 67.3934 0 10.6082
    endloop
  endfacet
  facet normal 0 -1 0
    outer loop
      vertex 64.6844 0 16.5648
      vertex 65.5435 0 15.8542
      vertex 65.5435 0 16.5648
    endloop
  endfacet
  facet normal 0 -1 0
    outer loop
      vertex 65.5435 0 15.8542
      vertex 66.2217 0 11.9373
      vertex 66.2217 0 15.8542
    endloop
  endfacet
  facet normal 0 -1 0
    outer loop
      vertex 64.6844 0 10.695
      vertex 65.5435 0 15.8542
      vertex 64.6844 0 16.5648
    endloop
  endfacet
  facet normal 0 -1 -0
    outer loop
      vertex 65.5435 0 15.8542
      vertex 64.6844 0 10.695
      vertex 66.2217 0 11.9373
    endloop
  endfacet
  facet normal 0 -1 -0
    outer loop
      vertex 66.2217 0 11.9373
      vertex 64.6844 0 10.695
      vertex 66.2949 0 11.3558
    endloop
  endfacet
  facet normal 0 -1 0
    outer loop
      vertex 64.6844 0 10.695
      vertex 66.5146 0 10.9405
      vertex 66.2949 0 11.3558
    endloop
  endfacet
  facet normal 0 -1 -0
    outer loop
      vertex 66.5146 0 10.9405
      vertex 64.6844 0 10.695
      vertex 66.8808 0 10.6913
    endloop
  endfacet
  facet normal 0 -1 0
    outer loop
      vertex 61.8656 0 16.3153
      vertex 63.7078 0 17.8126
      vertex 61.5546 0 16.4648
    endloop
  endfacet
  facet normal 0 -1 -0
    outer loop
      vertex 63.7078 0 17.8126
      vertex 61.8656 0 16.3153
      vertex 63.7078 0 16.5648
    endloop
  endfacet
  facet normal 0 -1 0
    outer loop
      vertex 62.1256 0 16.1187
      vertex 63.7078 0 16.5648
      vertex 61.8656 0 16.3153
    endloop
  endfacet
  facet normal 0 -1 0
    outer loop
      vertex 62.3329 0 15.8705
      vertex 63.7078 0 16.5648
      vertex 62.1256 0 16.1187
    endloop
  endfacet
  facet normal 0 -1 0
    outer loop
      vertex 62.4877 0 15.5707
      vertex 63.7078 0 16.5648
      vertex 62.3329 0 15.8705
    endloop
  endfacet
  facet normal 0 -1 0
    outer loop
      vertex 62.5899 0 15.2195
      vertex 63.7078 0 16.5648
      vertex 62.4877 0 15.5707
    endloop
  endfacet
  facet normal 0 -1 0
    outer loop
      vertex 59.2342 0 14.6203
      vertex 59.0392 0 14.9916
      vertex 59.0636 0 14.8831
    endloop
  endfacet
  facet normal 0 -1 0
    outer loop
      vertex 59.1613 0 14.6986
      vertex 59.0636 0 14.8831
      vertex 59.1043 0 14.7854
    endloop
  endfacet
  facet normal 0 -1 -0
    outer loop
      vertex 61.4349 0 15.5946
      vertex 60.6207 0 14.1073
      vertex 61.5612 0 15.4561
    endloop
  endfacet
  facet normal 0 -1 0
    outer loop
      vertex 59.0636 0 14.8831
      vertex 59.1613 0 14.6986
      vertex 59.2342 0 14.6203
    endloop
  endfacet
  facet normal 0 -1 0
    outer loop
      vertex 59.0392 0 14.9916
      vertex 59.2342 0 14.6203
      vertex 59.3227 0 14.5481
    endloop
  endfacet
  facet normal 0 -1 0
    outer loop
      vertex 59.5248 0 15.8063
      vertex 59.3227 0 14.5481
      vertex 59.4268 0 14.482
    endloop
  endfacet
  facet normal 0 -1 -0
    outer loop
      vertex 59.5248 0 15.8063
      vertex 59.4268 0 14.482
      vertex 59.5464 0 14.422
    endloop
  endfacet
  facet normal 0 -1 0
    outer loop
      vertex 59.7472 0 15.869
      vertex 59.5464 0 14.422
      vertex 59.7092 0 14.3596
    endloop
  endfacet
  facet normal 0 -1 0
    outer loop
      vertex 60.0131 0 15.9067
      vertex 59.7092 0 14.3596
      vertex 59.9425 0 14.2863
    endloop
  endfacet
  facet normal 0 -1 -0
    outer loop
      vertex 61.5612 0 15.4561
      vertex 60.6207 0 14.1073
      vertex 61.6533 0 15.2949
    endloop
  endfacet
  facet normal 0 -1 -0
    outer loop
      vertex 61.6533 0 15.2949
      vertex 60.6207 0 14.1073
      vertex 61.7111 0 15.1109
    endloop
  endfacet
  facet normal 0 -1 0
    outer loop
      vertex 60.9814 0 14.0115
      vertex 61.7111 0 15.1109
      vertex 60.6207 0 14.1073
    endloop
  endfacet
  facet normal 0 -1 0
    outer loop
      vertex 61.2879 0 13.9195
      vertex 61.7111 0 15.1109
      vertex 60.9814 0 14.0115
    endloop
  endfacet
  facet normal 0 -1 0
    outer loop
      vertex 61.5402 0 13.8311
      vertex 61.7111 0 15.1109
      vertex 61.2879 0 13.9195
    endloop
  endfacet
  facet normal 0 -1 0
    outer loop
      vertex 61.7382 0 13.7465
      vertex 61.7111 0 15.1109
      vertex 61.5402 0 13.8311
    endloop
  endfacet
  facet normal 0 -1 0
    outer loop
      vertex 61.9001 0 13.6616
      vertex 61.7111 0 15.1109
      vertex 61.7382 0 13.7465
    endloop
  endfacet
  facet normal 0 -1 0
    outer loop
      vertex 61.7111 0 15.1109
      vertex 61.9001 0 13.6616
      vertex 62.5899 0 15.2195
    endloop
  endfacet
  facet normal 0 -1 0
    outer loop
      vertex 62.044 0 13.5723
      vertex 62.5899 0 15.2195
      vertex 61.9001 0 13.6616
    endloop
  endfacet
  facet normal 0 -1 0
    outer loop
      vertex 62.17 0 13.4785
      vertex 62.5899 0 15.2195
      vertex 62.044 0 13.5723
    endloop
  endfacet
  facet normal 0 -1 0
    outer loop
      vertex 62.278 0 13.3804
      vertex 62.5899 0 15.2195
      vertex 62.17 0 13.4785
    endloop
  endfacet
  facet normal 0 -1 0
    outer loop
      vertex 62.3714 0 13.2761
      vertex 62.5899 0 15.2195
      vertex 62.278 0 13.3804
    endloop
  endfacet
  facet normal 0 -1 0
    outer loop
      vertex 62.4536 0 13.164
      vertex 62.5899 0 15.2195
      vertex 62.3714 0 13.2761
    endloop
  endfacet
  facet normal 0 -1 0
    outer loop
      vertex 62.5246 0 13.0442
      vertex 62.5899 0 15.2195
      vertex 62.4536 0 13.164
    endloop
  endfacet
  facet normal 0 -1 0
    outer loop
      vertex 62.5845 0 12.9165
      vertex 62.5899 0 15.2195
      vertex 62.5246 0 13.0442
    endloop
  endfacet
  facet normal 0 -1 -0
    outer loop
      vertex 62.5899 0 15.2195
      vertex 62.5845 0 12.9165
      vertex 63.7078 0 16.5648
    endloop
  endfacet
  facet normal 0 -1 0
    outer loop
      vertex 62.6319 0 12.7804
      vertex 63.7078 0 16.5648
      vertex 62.5845 0 12.9165
    endloop
  endfacet
  facet normal 0 -1 0
    outer loop
      vertex 62.6659 0 12.6351
      vertex 63.7078 0 16.5648
      vertex 62.6319 0 12.7804
    endloop
  endfacet
  facet normal 0 -1 0
    outer loop
      vertex 63.7078 0 10.695
      vertex 62.6659 0 12.6351
      vertex 62.6862 0 12.4807
    endloop
  endfacet
  facet normal 0 -1 0
    outer loop
      vertex 63.7078 0 10.695
      vertex 62.6862 0 12.4807
      vertex 62.693 0 12.3171
    endloop
  endfacet
  facet normal 0 -1 0
    outer loop
      vertex 63.7078 0 10.695
      vertex 62.693 0 12.3171
      vertex 62.6538 0 11.9258
    endloop
  endfacet
  facet normal 0 -1 0
    outer loop
      vertex 62.6659 0 12.6351
      vertex 63.7078 0 10.695
      vertex 63.7078 0 16.5648
    endloop
  endfacet
  facet normal 0 -1 0
    outer loop
      vertex 62.5363 0 11.582
      vertex 63.7078 0 10.695
      vertex 62.6538 0 11.9258
    endloop
  endfacet
  facet normal 0 -1 0
    outer loop
      vertex 62.3405 0 11.2857
      vertex 63.7078 0 10.695
      vertex 62.5363 0 11.582
    endloop
  endfacet
  facet normal 0 -1 0
    outer loop
      vertex 62.0664 0 11.0368
      vertex 63.7078 0 10.695
      vertex 62.3405 0 11.2857
    endloop
  endfacet
  facet normal 0 -1 0
    outer loop
      vertex 61.7217 0 10.8398
      vertex 63.7078 0 10.695
      vertex 62.0664 0 11.0368
    endloop
  endfacet
  facet normal 0 -1 0
    outer loop
      vertex 61.3143 0 10.6991
      vertex 63.7078 0 10.695
      vertex 61.7217 0 10.8398
    endloop
  endfacet
  facet normal 0 -1 0
    outer loop
      vertex 68.7535 0 8.44908
      vertex 64.6844 0 10.695
      vertex 63.7078 0 10.695
    endloop
  endfacet
  facet normal 0 -1 0
    outer loop
      vertex 60.8442 0 10.6147
      vertex 63.7078 0 10.695
      vertex 61.3143 0 10.6991
    endloop
  endfacet
  facet normal 0 -1 0
    outer loop
      vertex 68.7535 0 8.44908
      vertex 63.7078 0 10.695
      vertex 60.8442 0 10.6147
    endloop
  endfacet
  facet normal 0 -1 0
    outer loop
      vertex 68.7535 0 8.44908
      vertex 66.8808 0 10.6913
      vertex 64.6844 0 10.695
    endloop
  endfacet
  facet normal 0 -1 0
    outer loop
      vertex 68.7535 0 8.44908
      vertex 60.8442 0 10.6147
      vertex 60.3114 0 10.5865
    endloop
  endfacet
  facet normal 0 -1 0
    outer loop
      vertex 44.8366 0 12.7457
      vertex 46.9469 0 16.5648
      vertex 43.5455 0 16.5648
    endloop
  endfacet
  facet normal 0 -1 0
    outer loop
      vertex 44.8366 0 12.7457
      vertex 45.6124 0 12.7348
      vertex 46.9469 0 16.5648
    endloop
  endfacet
  facet normal 0 -1 0
    outer loop
      vertex 44.8865 0 12.5839
      vertex 45.6124 0 12.7348
      vertex 44.8366 0 12.7457
    endloop
  endfacet
  facet normal 0 -1 0
    outer loop
      vertex 44.9655 0 12.3158
      vertex 45.6124 0 12.7348
      vertex 44.8865 0 12.5839
    endloop
  endfacet
  facet normal 0 -1 0
    outer loop
      vertex 44.9655 0 12.3158
      vertex 45.4009 0 12.0947
      vertex 45.6124 0 12.7348
    endloop
  endfacet
  facet normal 0 -1 0
    outer loop
      vertex 45.0736 0 11.9411
      vertex 45.4009 0 12.0947
      vertex 44.9655 0 12.3158
    endloop
  endfacet
  facet normal 0 -1 0
    outer loop
      vertex 45.4009 0 12.0947
      vertex 45.0736 0 11.9411
      vertex 45.211 0 11.46
    endloop
  endfacet
  facet normal 0 -1 0
    outer loop
      vertex 41.775 0 10.695
      vertex 42.5039 0 16.5648
      vertex 41.775 0 16.5648
    endloop
  endfacet
  facet normal 0 -1 -0
    outer loop
      vertex 42.5039 0 16.5648
      vertex 41.775 0 10.695
      vertex 44.6359 0 10.695
    endloop
  endfacet
  facet normal 0 -1 0
    outer loop
      vertex 59.8071 0 16.6308
      vertex 63.7078 0 18.7457
      vertex 57.3413 0 16.6428
    endloop
  endfacet
  facet normal 0 -1 0
    outer loop
      vertex 63.7078 0 18.7457
      vertex 59.8071 0 16.6308
      vertex 60.3223 0 16.6571
    endloop
  endfacet
  facet normal 0 -1 0
    outer loop
      vertex 59.3573 0 16.552
      vertex 57.3413 0 16.6428
      vertex 57.4413 0 16.6191
    endloop
  endfacet
  facet normal 0 -1 0
    outer loop
      vertex 57.3413 0 16.6428
      vertex 59.3573 0 16.552
      vertex 59.8071 0 16.6308
    endloop
  endfacet
  facet normal 0 -1 0
    outer loop
      vertex 57.4413 0 16.6191
      vertex 58.973 0 16.4205
      vertex 59.3573 0 16.552
    endloop
  endfacet
  facet normal 0 -1 0
    outer loop
      vertex 57.4413 0 16.6191
      vertex 58.6541 0 16.2366
      vertex 58.973 0 16.4205
    endloop
  endfacet
  facet normal 0 -1 0
    outer loop
      vertex 57.4413 0 16.6191
      vertex 58.4037 0 16.0025
      vertex 58.6541 0 16.2366
    endloop
  endfacet
  facet normal 0 -1 0
    outer loop
      vertex 57.4413 0 15.724
      vertex 58.4037 0 16.0025
      vertex 57.4413 0 16.6191
    endloop
  endfacet
  facet normal 0 -1 0
    outer loop
      vertex 58.4037 0 16.0025
      vertex 57.4413 0 15.724
      vertex 58.2248 0 15.7206
    endloop
  endfacet
  facet normal 0 -1 0
    outer loop
      vertex 63.7078 0 18.7457
      vertex 56.7842 0 16.656
      vertex 57.0453 0 16.6733
    endloop
  endfacet
  facet normal 0 -1 0
    outer loop
      vertex 63.7078 0 18.7457
      vertex 54.6637 0 16.5648
      vertex 56.7842 0 16.656
    endloop
  endfacet
  facet normal 0 -1 0
    outer loop
      vertex 55.586 0 16.5648
      vertex 56.7842 0 16.656
      vertex 54.6637 0 16.5648
    endloop
  endfacet
  facet normal 0 -1 0
    outer loop
      vertex 52.1211 0 16.4783
      vertex 54.6637 0 16.5648
      vertex 50.989 0 16.6733
    endloop
  endfacet
  facet normal 0 -1 0
    outer loop
      vertex 52.9298 0 15.8935
      vertex 54.6637 0 16.5648
      vertex 52.1211 0 16.4783
    endloop
  endfacet
  facet normal 0 -1 -0
    outer loop
      vertex 54.6637 0 16.5648
      vertex 52.9298 0 15.8935
      vertex 54.6779 0 16.1987
    endloop
  endfacet
  facet normal 0 -1 0
    outer loop
      vertex 52.9298 0 15.8935
      vertex 54.6881 0 15.8487
      vertex 54.6779 0 16.1987
    endloop
  endfacet
  facet normal 0 -1 0
    outer loop
      vertex 53.415 0 14.9187
      vertex 54.6881 0 15.8487
      vertex 52.9298 0 15.8935
    endloop
  endfacet
  facet normal 0 -1 -0
    outer loop
      vertex 54.6881 0 15.8487
      vertex 53.415 0 14.9187
      vertex 54.6942 0 15.5151
    endloop
  endfacet
  facet normal 0 -1 -0
    outer loop
      vertex 54.6942 0 15.5151
      vertex 53.415 0 14.9187
      vertex 54.6962 0 15.1977
    endloop
  endfacet
  facet normal 0 -1 0
    outer loop
      vertex 53.5767 0 13.554
      vertex 54.6962 0 15.1977
      vertex 53.415 0 14.9187
    endloop
  endfacet
  facet normal 0 -1 0
    outer loop
      vertex 53.5767 0 13.4238
      vertex 54.6962 0 15.1977
      vertex 53.5767 0 13.554
    endloop
  endfacet
  facet normal 0 -1 0
    outer loop
      vertex 52.5622 0 12.2194
      vertex 49.4147 0 12.9481
      vertex 49.493 0 12.53
    endloop
  endfacet
  facet normal 0 -1 0
    outer loop
      vertex 49.3886 0 13.4238
      vertex 52.5622 0 12.2194
      vertex 53.5767 0 13.4238
    endloop
  endfacet
  facet normal 0 -1 0
    outer loop
      vertex 53.4194 0 11.9753
      vertex 53.5767 0 13.4238
      vertex 52.5622 0 12.2194
    endloop
  endfacet
  facet normal 0 -1 0
    outer loop
      vertex 54.6962 0 10.695
      vertex 53.5767 0 13.4238
      vertex 53.4194 0 11.9753
    endloop
  endfacet
  facet normal 0 -1 0
    outer loop
      vertex 53.5767 0 13.4238
      vertex 54.6962 0 10.695
      vertex 54.6962 0 15.1977
    endloop
  endfacet
  facet normal 0 -1 0
    outer loop
      vertex 53.0725 0 11.3677
      vertex 54.6962 0 10.695
      vertex 53.4194 0 11.9753
    endloop
  endfacet
  facet normal 0 -1 0
    outer loop
      vertex 52.5581 0 10.9337
      vertex 54.6962 0 10.695
      vertex 53.0725 0 11.3677
    endloop
  endfacet
  facet normal 0 -1 0
    outer loop
      vertex 68.7535 0 8.44908
      vertex 55.6728 0 10.695
      vertex 54.6962 0 10.695
    endloop
  endfacet
  facet normal 0 -1 0
    outer loop
      vertex 51.8763 0 10.6733
      vertex 54.6962 0 10.695
      vertex 52.5581 0 10.9337
    endloop
  endfacet
  facet normal 0 -1 0
    outer loop
      vertex 51.027 0 10.5865
      vertex 54.6962 0 10.695
      vertex 51.8763 0 10.6733
    endloop
  endfacet
  facet normal 0 -1 0
    outer loop
      vertex 55.6728 0 10.695
      vertex 59.7948 0 10.6091
      vertex 59.341 0 10.6767
    endloop
  endfacet
  facet normal 0 -1 0
    outer loop
      vertex 68.7535 0 8.44908
      vertex 54.6962 0 10.695
      vertex 51.027 0 10.5865
    endloop
  endfacet
  facet normal 0 -1 0
    outer loop
      vertex 55.6728 0 10.695
      vertex 68.7535 0 8.44908
      vertex 59.7948 0 10.6091
    endloop
  endfacet
  facet normal 0 -1 0
    outer loop
      vertex 38.7744 0 16.4033
      vertex 40.7984 0 17.8126
      vertex 38.4535 0 16.5533
    endloop
  endfacet
  facet normal 0 -1 0
    outer loop
      vertex 43.5455 0 16.5648
      vertex 41.775 0 17.8126
      vertex 42.5039 0 16.5648
    endloop
  endfacet
  facet normal 0 -1 -0
    outer loop
      vertex 41.775 0 17.8126
      vertex 40.7984 0 16.5648
      vertex 41.775 0 16.5648
    endloop
  endfacet
  facet normal 0 -1 0
    outer loop
      vertex 39.0305 0 16.1932
      vertex 40.7984 0 17.8126
      vertex 38.7744 0 16.4033
    endloop
  endfacet
  facet normal 0 -1 0
    outer loop
      vertex 40.7984 0 17.8126
      vertex 40.7984 0 16.5648
      vertex 41.775 0 17.8126
    endloop
  endfacet
  facet normal 0 -1 -0
    outer loop
      vertex 40.7984 0 17.8126
      vertex 39.0305 0 16.1932
      vertex 40.7984 0 16.5648
    endloop
  endfacet
  facet normal 0 -1 0
    outer loop
      vertex 39.2263 0 15.914
      vertex 40.7984 0 16.5648
      vertex 39.0305 0 16.1932
    endloop
  endfacet
  facet normal 0 -1 0
    outer loop
      vertex 39.3662 0 15.5565
      vertex 40.7984 0 16.5648
      vertex 39.2263 0 15.914
    endloop
  endfacet
  facet normal 0 -1 0
    outer loop
      vertex 39.4501 0 15.1206
      vertex 40.7984 0 16.5648
      vertex 39.3662 0 15.5565
    endloop
  endfacet
  facet normal 0 -1 0
    outer loop
      vertex 39.4781 0 14.6064
      vertex 40.7984 0 16.5648
      vertex 39.4501 0 15.1206
    endloop
  endfacet
  facet normal 0 -1 0
    outer loop
      vertex 40.7984 0 10.695
      vertex 39.4781 0 14.6064
      vertex 39.4781 0 10.695
    endloop
  endfacet
  facet normal 0 -1 0
    outer loop
      vertex 39.4781 0 14.6064
      vertex 40.7984 0 10.695
      vertex 40.7984 0 16.5648
    endloop
  endfacet
  facet normal 0 -1 0
    outer loop
      vertex 64.6844 0 17.8126
      vertex 66.5472 0 17.8777
      vertex 64.6844 0 18.7457
    endloop
  endfacet
  facet normal 0 -1 0
    outer loop
      vertex 57.1432 0 16.6699
      vertex 63.7078 0 18.7457
      vertex 57.0453 0 16.6733
    endloop
  endfacet
  facet normal 0 -1 0
    outer loop
      vertex 57.2419 0 16.6598
      vertex 63.7078 0 18.7457
      vertex 57.1432 0 16.6699
    endloop
  endfacet
  facet normal 0 -1 0
    outer loop
      vertex 57.3413 0 16.6428
      vertex 63.7078 0 18.7457
      vertex 57.2419 0 16.6598
    endloop
  endfacet
  facet normal 0 -1 0
    outer loop
      vertex 61.1936 0 16.5716
      vertex 63.7078 0 18.7457
      vertex 60.7829 0 16.6357
    endloop
  endfacet
  facet normal 0 -1 0
    outer loop
      vertex 60.7829 0 16.6357
      vertex 63.7078 0 18.7457
      vertex 60.3223 0 16.6571
    endloop
  endfacet
  facet normal 0 -1 0
    outer loop
      vertex 61.5546 0 16.4648
      vertex 63.7078 0 18.7457
      vertex 61.1936 0 16.5716
    endloop
  endfacet
  facet normal 0 -1 -0
    outer loop
      vertex 63.7078 0 18.7457
      vertex 61.5546 0 16.4648
      vertex 63.7078 0 17.8126
    endloop
  endfacet
  facet normal 0 -1 0
    outer loop
      vertex 63.7078 0 17.8126
      vertex 63.7078 0 16.5648
      vertex 64.6844 0 17.8126
    endloop
  endfacet
  facet normal 0 -1 0
    outer loop
      vertex 64.6844 0 16.5648
      vertex 64.6844 0 17.8126
      vertex 63.7078 0 16.5648
    endloop
  endfacet
  facet normal 0 -1 0
    outer loop
      vertex 65.5435 0 16.5648
      vertex 64.6844 0 17.8126
      vertex 64.6844 0 16.5648
    endloop
  endfacet
  facet normal 0 -1 0
    outer loop
      vertex 64.6844 0 17.8126
      vertex 65.5435 0 16.5648
      vertex 66.5472 0 17.8777
    endloop
  endfacet
  facet normal 0 -1 0
    outer loop
      vertex 66.5472 0 17.8777
      vertex 65.5435 0 16.5648
      vertex 66.2596 0 16.5648
    endloop
  endfacet
  facet normal 0 -1 0
    outer loop
      vertex 28.0779 0 18.3388
      vertex 32.3203 0 13.63
      vertex 32.3203 0 18.3388
    endloop
  endfacet
  facet normal 0 -1 0
    outer loop
      vertex 28.0779 0 13.5594
      vertex 32.3203 0 13.63
      vertex 28.0779 0 18.3388
    endloop
  endfacet
  facet normal 0 -1 0
    outer loop
      vertex 30.1448 0 11.4274
      vertex 32.3203 0 13.63
      vertex 28.0779 0 13.5594
    endloop
  endfacet
  facet normal 0 -1 0
    outer loop
      vertex 30.1448 0 11.4274
      vertex 28.0779 0 13.5594
      vertex 28.1112 0 13.0674
    endloop
  endfacet
  facet normal 0 -1 0
    outer loop
      vertex 32.3203 0 13.63
      vertex 30.1448 0 11.4274
      vertex 32.2845 0 13.1225
    endloop
  endfacet
  facet normal 0 -1 0
    outer loop
      vertex 29.6725 0 11.4613
      vertex 28.1112 0 13.0674
      vertex 28.2108 0 12.6385
    endloop
  endfacet
  facet normal -0 -1 0
    outer loop
      vertex 30.6316 0 11.4625
      vertex 32.2845 0 13.1225
      vertex 30.1448 0 11.4274
    endloop
  endfacet
  facet normal 0 -1 0
    outer loop
      vertex 29.2592 0 11.563
      vertex 28.2108 0 12.6385
      vertex 28.377 0 12.2727
    endloop
  endfacet
  facet normal 0 -1 0
    outer loop
      vertex 32.2845 0 13.1225
      vertex 30.6316 0 11.4625
      vertex 32.1772 0 12.6799
    endloop
  endfacet
  facet normal 0 -1 0
    outer loop
      vertex 29.2592 0 11.563
      vertex 28.377 0 12.2727
      vertex 28.6095 0 11.9699
    endloop
  endfacet
  facet normal -0 -1 0
    outer loop
      vertex 31.061 0 11.5678
      vertex 32.1772 0 12.6799
      vertex 30.6316 0 11.4625
    endloop
  endfacet
  facet normal 0 -1 0
    outer loop
      vertex 29.2592 0 11.563
      vertex 28.6095 0 11.9699
      vertex 28.9049 0 11.7326
    endloop
  endfacet
  facet normal 0 -1 0
    outer loop
      vertex 32.1772 0 12.6799
      vertex 31.061 0 11.5678
      vertex 31.9983 0 12.302
    endloop
  endfacet
  facet normal 0 -1 0
    outer loop
      vertex 28.2108 0 12.6385
      vertex 29.2592 0 11.563
      vertex 29.6725 0 11.4613
    endloop
  endfacet
  facet normal 0 -1 0
    outer loop
      vertex 31.9983 0 12.302
      vertex 31.061 0 11.5678
      vertex 31.7479 0 11.9888
    endloop
  endfacet
  facet normal 0 -1 0
    outer loop
      vertex 28.1112 0 13.0674
      vertex 29.6725 0 11.4613
      vertex 30.1448 0 11.4274
    endloop
  endfacet
  facet normal 0 -1 0
    outer loop
      vertex 31.7479 0 11.9888
      vertex 31.061 0 11.5678
      vertex 31.4331 0 11.7432
    endloop
  endfacet
  facet normal 0 -1 0
    outer loop
      vertex 50.989 0 16.6733
      vertex 41.775 0 18.7457
      vertex 41.775 0 17.8126
    endloop
  endfacet
  facet normal 0 -1 0
    outer loop
      vertex 41.775 0 18.7457
      vertex 50.989 0 16.6733
      vertex 63.7078 0 18.7457
    endloop
  endfacet
  facet normal 0 -1 0
    outer loop
      vertex 41.775 0 18.7457
      vertex 0 0 27
      vertex 40.7984 0 18.7457
    endloop
  endfacet
  facet normal 0 -1 0
    outer loop
      vertex 28.0779 0 18.3388
      vertex 0 0 27
      vertex 27.0417 0 18.3388
    endloop
  endfacet
  facet normal 0 -1 0
    outer loop
      vertex 0 0 27
      vertex 27.0417 0 13.4726
      vertex 27.0417 0 18.3388
    endloop
  endfacet
  facet normal 0 -1 0
    outer loop
      vertex 0 0 0
      vertex 27.0417 0 13.4726
      vertex 0 0 27
    endloop
  endfacet
  facet normal 0 -1 -0
    outer loop
      vertex 27.0417 0 13.4726
      vertex 0 0 0
      vertex 27.0658 0 13.0379
    endloop
  endfacet
  facet normal 0 -1 -0
    outer loop
      vertex 27.0658 0 13.0379
      vertex 0 0 0
      vertex 27.138 0 12.6344
    endloop
  endfacet
  facet normal 0 -1 -0
    outer loop
      vertex 27.138 0 12.6344
      vertex 0 0 0
      vertex 27.2584 0 12.2621
    endloop
  endfacet
  facet normal 0 -1 -0
    outer loop
      vertex 27.2584 0 12.2621
      vertex 0 0 0
      vertex 27.4269 0 11.921
    endloop
  endfacet
  facet normal 0 -1 -0
    outer loop
      vertex 27.4269 0 11.921
      vertex 0 0 0
      vertex 27.6392 0 11.6149
    endloop
  endfacet
  facet normal 0 -1 -0
    outer loop
      vertex 27.6392 0 11.6149
      vertex 0 0 0
      vertex 27.8907 0 11.3474
    endloop
  endfacet
  facet normal 0 -1 -0
    outer loop
      vertex 27.8907 0 11.3474
      vertex 0 0 0
      vertex 28.1816 0 11.1185
    endloop
  endfacet
  facet normal 0 -1 -0
    outer loop
      vertex 44.6359 0 10.695
      vertex 0 0 0
      vertex 51.027 0 10.5865
    endloop
  endfacet
  facet normal 0 -1 0
    outer loop
      vertex 59.7948 0 10.6091
      vertex 68.7535 0 8.44908
      vertex 60.3114 0 10.5865
    endloop
  endfacet
  facet normal 0 -1 0
    outer loop
      vertex 68.3808 0 10.7384
      vertex 68.7535 0 9.18141
      vertex 68.8593 0 9.16716
    endloop
  endfacet
  facet normal 0 -1 0
    outer loop
      vertex 68.3808 0 10.7384
      vertex 70.3627 0 9.9026
      vertex 70.6523 0 10.4888
    endloop
  endfacet
  facet normal 0 -1 0
    outer loop
      vertex 68.3808 0 10.7384
      vertex 68.8593 0 9.16716
      vertex 68.9705 0 9.15698
    endloop
  endfacet
  facet normal 0 -1 0
    outer loop
      vertex 68.3808 0 10.7384
      vertex 68.9705 0 9.15698
      vertex 69.0871 0 9.15088
    endloop
  endfacet
  facet normal 0 -1 0
    outer loop
      vertex 67.3934 0 10.6082
      vertex 68.7535 0 8.44908
      vertex 68.7535 0 9.18141
    endloop
  endfacet
  facet normal 0 -1 0
    outer loop
      vertex 0 0 0
      vertex 30.1503 0 10.5865
      vertex 29.6959 0 10.6079
    endloop
  endfacet
  facet normal 0 -1 -0
    outer loop
      vertex 51.027 0 10.5865
      vertex 0 0 0
      vertex 68.7535 0 8.44908
    endloop
  endfacet
  facet normal 0 -1 -0
    outer loop
      vertex 68.7535 0 8.44908
      vertex 0 0 0
      vertex 68.8972 0 8.42297
    endloop
  endfacet
  facet normal 0 -1 0
    outer loop
      vertex 100 0 0
      vertex 68.8972 0 8.42297
      vertex 0 0 0
    endloop
  endfacet
  facet normal 0 -1 0
    outer loop
      vertex 69.0573 0 8.40433
      vertex 100 0 0
      vertex 69.2336 0 8.39314
    endloop
  endfacet
  facet normal 0 -1 0
    outer loop
      vertex 68.8972 0 8.42297
      vertex 100 0 0
      vertex 69.0573 0 8.40433
    endloop
  endfacet
  facet normal 0 -1 -0
    outer loop
      vertex 29.2714 0 10.672
      vertex 0 0 0
      vertex 29.6959 0 10.6079
    endloop
  endfacet
  facet normal 0 -1 -0
    outer loop
      vertex 28.8767 0 10.7788
      vertex 0 0 0
      vertex 29.2714 0 10.672
    endloop
  endfacet
  facet normal 0 -1 -0
    outer loop
      vertex 28.5119 0 10.9283
      vertex 0 0 0
      vertex 28.8767 0 10.7788
    endloop
  endfacet
  facet normal 0 -1 -0
    outer loop
      vertex 28.1816 0 11.1185
      vertex 0 0 0
      vertex 28.5119 0 10.9283
    endloop
  endfacet
  facet normal 0 -1 0
    outer loop
      vertex 0 0 27
      vertex 41.775 0 18.7457
      vertex 100 0 27
    endloop
  endfacet
  facet normal 0 -1 0
    outer loop
      vertex 63.7078 0 18.7457
      vertex 100 0 27
      vertex 41.775 0 18.7457
    endloop
  endfacet
  facet normal 0 -1 0
    outer loop
      vertex 64.6844 0 18.7457
      vertex 100 0 27
      vertex 63.7078 0 18.7457
    endloop
  endfacet
  facet normal 0 -1 0
    outer loop
      vertex 67.1982 0 17.8777
      vertex 64.6844 0 18.7457
      vertex 66.5472 0 17.8777
    endloop
  endfacet
  facet normal 0 -1 0
    outer loop
      vertex 64.6844 0 18.7457
      vertex 67.1982 0 17.8777
      vertex 100 0 27
    endloop
  endfacet
  facet normal 0 -1 0
    outer loop
      vertex 68.2832 0 16.5648
      vertex 67.1982 0 17.8777
      vertex 67.1982 0 16.5648
    endloop
  endfacet
  facet normal 0 -1 0
    outer loop
      vertex 68.4171 0 16.5648
      vertex 67.1982 0 17.8777
      vertex 68.2832 0 16.5648
    endloop
  endfacet
  facet normal 0 -1 0
    outer loop
      vertex 69.4588 0 16.5648
      vertex 67.1982 0 17.8777
      vertex 68.4171 0 16.5648
    endloop
  endfacet
  facet normal 0 -1 0
    outer loop
      vertex 72.8927 0 16.5648
      vertex 67.1982 0 17.8777
      vertex 69.4588 0 16.5648
    endloop
  endfacet
  facet normal 0 -1 0
    outer loop
      vertex 73.9236 0 16.5648
      vertex 67.1982 0 17.8777
      vertex 72.8927 0 16.5648
    endloop
  endfacet
  facet normal 0 -1 0
    outer loop
      vertex 67.1982 0 17.8777
      vertex 73.9236 0 16.5648
      vertex 100 0 27
    endloop
  endfacet
  facet normal 0 -1 0
    outer loop
      vertex 100 0 0
      vertex 73.9236 0 16.5648
      vertex 71.6667 0 10.695
    endloop
  endfacet
  facet normal 0 -1 0
    outer loop
      vertex 100 0 0
      vertex 71.6667 0 10.695
      vertex 71.4881 0 10.2557
    endloop
  endfacet
  facet normal 0 -1 0
    outer loop
      vertex 100 0 0
      vertex 71.4881 0 10.2557
      vertex 71.3154 0 9.87648
    endloop
  endfacet
  facet normal 0 -1 0
    outer loop
      vertex 100 0 0
      vertex 71.3154 0 9.87648
      vertex 71.149 0 9.55725
    endloop
  endfacet
  facet normal 0 -1 0
    outer loop
      vertex 100 0 0
      vertex 71.149 0 9.55725
      vertex 70.9886 0 9.29805
    endloop
  endfacet
  facet normal 0 -1 0
    outer loop
      vertex 100 0 0
      vertex 70.9886 0 9.29805
      vertex 70.827 0 9.08344
    endloop
  endfacet
  facet normal 0 -1 0
    outer loop
      vertex 100 0 0
      vertex 70.827 0 9.08344
      vertex 70.657 0 8.89796
    endloop
  endfacet
  facet normal 0 -1 0
    outer loop
      vertex 100 0 0
      vertex 70.657 0 8.89796
      vertex 70.4785 0 8.74167
    endloop
  endfacet
  facet normal 0 -1 0
    outer loop
      vertex 100 0 0
      vertex 70.4785 0 8.74167
      vertex 70.2915 0 8.61453
    endloop
  endfacet
  facet normal 0 -1 0
    outer loop
      vertex 69.2336 0 8.39314
      vertex 100 0 0
      vertex 69.4262 0 8.3894
    endloop
  endfacet
  facet normal 0 -1 0
    outer loop
      vertex 73.9236 0 16.5648
      vertex 100 0 0
      vertex 100 0 27
    endloop
  endfacet
  facet normal 0 -1 0
    outer loop
      vertex 70.094 0 8.51604
      vertex 100 0 0
      vertex 70.2915 0 8.61453
    endloop
  endfacet
  facet normal 0 -1 0
    outer loop
      vertex 69.884 0 8.44569
      vertex 100 0 0
      vertex 70.094 0 8.51604
    endloop
  endfacet
  facet normal 0 -1 0
    outer loop
      vertex 69.6613 0 8.40347
      vertex 100 0 0
      vertex 69.884 0 8.44569
    endloop
  endfacet
  facet normal 0 -1 0
    outer loop
      vertex 69.4262 0 8.3894
      vertex 100 0 0
      vertex 69.6613 0 8.40347
    endloop
  endfacet
  facet normal 0 -1 0
    outer loop
      vertex 32.3203 0 18.3388
      vertex 0 0 27
      vertex 28.0779 0 18.3388
    endloop
  endfacet
  facet normal 0 -1 0
    outer loop
      vertex 0 0 27
      vertex 32.3203 0 18.3388
      vertex 40.7984 0 18.7457
    endloop
  endfacet
  facet normal 0 -1 0
    outer loop
      vertex 33.351 0 18.3388
      vertex 40.7984 0 18.7457
      vertex 32.3203 0 18.3388
    endloop
  endfacet
  facet normal 0 -1 0
    outer loop
      vertex 37.3026 0 16.6575
      vertex 40.7984 0 18.7457
      vertex 33.351 0 18.3388
    endloop
  endfacet
  facet normal 0 -1 0
    outer loop
      vertex 38.4535 0 16.5533
      vertex 40.7984 0 18.7457
      vertex 38.0678 0 16.6433
    endloop
  endfacet
  facet normal 0 -1 -0
    outer loop
      vertex 40.7984 0 18.7457
      vertex 38.4535 0 16.5533
      vertex 40.7984 0 17.8126
    endloop
  endfacet
  facet normal 0 -1 0
    outer loop
      vertex 54.6637 0 16.5648
      vertex 63.7078 0 18.7457
      vertex 50.989 0 16.6733
    endloop
  endfacet
  facet normal 0 -1 0
    outer loop
      vertex 38.0678 0 16.6433
      vertex 40.7984 0 18.7457
      vertex 37.6174 0 16.6733
    endloop
  endfacet
  facet normal 0 -1 0
    outer loop
      vertex 40.7984 0 18.7457
      vertex 37.3026 0 16.6575
      vertex 37.6174 0 16.6733
    endloop
  endfacet
  facet normal 0 -1 0
    outer loop
      vertex 33.351 0 18.3388
      vertex 37.0145 0 16.6102
      vertex 37.3026 0 16.6575
    endloop
  endfacet
  facet normal 0 -1 0
    outer loop
      vertex 35.6807 0 16.5648
      vertex 33.351 0 18.3388
      vertex 34.7584 0 16.5648
    endloop
  endfacet
  facet normal 0 -1 0
    outer loop
      vertex 33.351 0 18.3388
      vertex 34.7726 0 16.4011
      vertex 34.7584 0 16.5648
    endloop
  endfacet
  facet normal 0 -1 0
    outer loop
      vertex 33.351 0 18.3388
      vertex 34.7828 0 16.1376
      vertex 34.7726 0 16.4011
    endloop
  endfacet
  facet normal 0 -1 0
    outer loop
      vertex 33.351 0 13.5703
      vertex 34.7828 0 16.1376
      vertex 33.351 0 18.3388
    endloop
  endfacet
  facet normal 0 -1 -0
    outer loop
      vertex 34.7828 0 16.1376
      vertex 33.351 0 13.5703
      vertex 34.7889 0 15.7745
    endloop
  endfacet
  facet normal 0 -1 -0
    outer loop
      vertex 34.7889 0 15.7745
      vertex 33.351 0 13.5703
      vertex 34.7909 0 15.3116
    endloop
  endfacet
  facet normal 0 -1 0
    outer loop
      vertex 33.3264 0 13.1224
      vertex 34.7909 0 15.3116
      vertex 33.351 0 13.5703
    endloop
  endfacet
  facet normal 0 -1 0
    outer loop
      vertex 34.7909 0 10.695
      vertex 33.3264 0 13.1224
      vertex 33.2527 0 12.7063
    endloop
  endfacet
  facet normal 0 -1 0
    outer loop
      vertex 34.7909 0 10.695
      vertex 33.2527 0 12.7063
      vertex 33.1298 0 12.3222
    endloop
  endfacet
  facet normal 0 -1 0
    outer loop
      vertex 34.7909 0 10.695
      vertex 33.1298 0 12.3222
      vertex 32.9577 0 11.9699
    endloop
  endfacet
  facet normal 0 -1 0
    outer loop
      vertex 33.3264 0 13.1224
      vertex 34.7909 0 10.695
      vertex 34.7909 0 15.3116
    endloop
  endfacet
  facet normal 0 -1 0
    outer loop
      vertex 32.7407 0 11.6534
      vertex 34.7909 0 10.695
      vertex 32.9577 0 11.9699
    endloop
  endfacet
  facet normal 0 -1 0
    outer loop
      vertex 32.483 0 11.3765
      vertex 34.7909 0 10.695
      vertex 32.7407 0 11.6534
    endloop
  endfacet
  facet normal 0 -1 0
    outer loop
      vertex 32.1846 0 11.1393
      vertex 34.7909 0 10.695
      vertex 32.483 0 11.3765
    endloop
  endfacet
  facet normal 0 -1 0
    outer loop
      vertex 31.8455 0 10.9418
      vertex 34.7909 0 10.695
      vertex 32.1846 0 11.1393
    endloop
  endfacet
  facet normal 0 -1 0
    outer loop
      vertex 31.47 0 10.7864
      vertex 34.7909 0 10.695
      vertex 31.8455 0 10.9418
    endloop
  endfacet
  facet normal 0 -1 -0
    outer loop
      vertex 30.6224 0 10.6087
      vertex 0 0 0
      vertex 34.7909 0 10.695
    endloop
  endfacet
  facet normal 0 -1 -0
    outer loop
      vertex 34.7909 0 10.695
      vertex 0 0 0
      vertex 35.7675 0 10.695
    endloop
  endfacet
  facet normal 0 -1 -0
    outer loop
      vertex 35.7675 0 10.695
      vertex 0 0 0
      vertex 38.4962 0 10.695
    endloop
  endfacet
  facet normal 0 -1 -0
    outer loop
      vertex 38.4962 0 10.695
      vertex 0 0 0
      vertex 39.4781 0 10.695
    endloop
  endfacet
  facet normal 0 -1 -0
    outer loop
      vertex 39.4781 0 10.695
      vertex 0 0 0
      vertex 40.7984 0 10.695
    endloop
  endfacet
  facet normal 0 -1 -0
    outer loop
      vertex 40.7984 0 10.695
      vertex 0 0 0
      vertex 41.775 0 10.695
    endloop
  endfacet
  facet normal 0 -1 0
    outer loop
      vertex 30.6224 0 10.6087
      vertex 34.7909 0 10.695
      vertex 31.0623 0 10.6754
    endloop
  endfacet
  facet normal 0 -1 0
    outer loop
      vertex 31.0623 0 10.6754
      vertex 34.7909 0 10.695
      vertex 31.47 0 10.7864
    endloop
  endfacet
  facet normal 0 -1 0
    outer loop
      vertex 33.351 0 18.3388
      vertex 35.6807 0 16.5648
      vertex 37.0145 0 16.6102
    endloop
  endfacet
  facet normal 0 -1 0
    outer loop
      vertex 36.3043 0 16.2727
      vertex 35.6807 0 16.5648
      vertex 35.6834 0 16.5455
    endloop
  endfacet
  facet normal 0 -1 0
    outer loop
      vertex 35.6807 0 16.5648
      vertex 36.7532 0 16.5314
      vertex 37.0145 0 16.6102
    endloop
  endfacet
  facet normal 0 -1 0
    outer loop
      vertex 36.3043 0 16.2727
      vertex 35.6834 0 16.5455
      vertex 35.6861 0 16.5146
    endloop
  endfacet
  facet normal 0 -1 0
    outer loop
      vertex 36.3043 0 16.2727
      vertex 35.6861 0 16.5146
      vertex 35.6888 0 16.4723
    endloop
  endfacet
  facet normal 0 -1 0
    outer loop
      vertex 35.6807 0 16.5648
      vertex 36.5188 0 16.4211
      vertex 36.7532 0 16.5314
    endloop
  endfacet
  facet normal 0 -1 0
    outer loop
      vertex 36.3043 0 16.2727
      vertex 35.6888 0 16.4723
      vertex 35.6915 0 16.4184
    endloop
  endfacet
  facet normal 0 -1 0
    outer loop
      vertex 36.3043 0 16.2727
      vertex 35.6915 0 16.4184
      vertex 35.6944 0 16.3565
    endloop
  endfacet
  facet normal 0 -1 0
    outer loop
      vertex 36.1031 0 16.08
      vertex 35.6944 0 16.3565
      vertex 35.6976 0 16.2902
    endloop
  endfacet
  facet normal 0 -1 0
    outer loop
      vertex 35.6807 0 16.5648
      vertex 36.3043 0 16.2727
      vertex 36.5188 0 16.4211
    endloop
  endfacet
  facet normal 0 -1 0
    outer loop
      vertex 36.1031 0 16.08
      vertex 35.6976 0 16.2902
      vertex 35.7012 0 16.2195
    endloop
  endfacet
  facet normal 0 -1 0
    outer loop
      vertex 36.1031 0 16.08
      vertex 35.7012 0 16.2195
      vertex 35.7051 0 16.1443
    endloop
  endfacet
  facet normal 0 -1 0
    outer loop
      vertex 35.6944 0 16.3565
      vertex 36.1031 0 16.08
      vertex 36.3043 0 16.2727
    endloop
  endfacet
  facet normal 0 -1 0
    outer loop
      vertex 35.7093 0 16.0499
      vertex 36.1031 0 16.08
      vertex 35.7051 0 16.1443
    endloop
  endfacet
  facet normal 0 -1 0
    outer loop
      vertex 35.9151 0 15.8428
      vertex 35.7093 0 16.0499
      vertex 35.7139 0 15.9213
    endloop
  endfacet
  facet normal 0 -1 0
    outer loop
      vertex 35.7093 0 16.0499
      vertex 35.9151 0 15.8428
      vertex 36.1031 0 16.08
    endloop
  endfacet
  facet normal 0 -1 0
    outer loop
      vertex 35.7188 0 15.7584
      vertex 35.9151 0 15.8428
      vertex 35.7139 0 15.9213
    endloop
  endfacet
  facet normal 0 -1 0
    outer loop
      vertex 35.7404 0 15.5612
      vertex 35.7188 0 15.7584
      vertex 35.724 0 15.5612
    endloop
  endfacet
  facet normal 0 -1 0
    outer loop
      vertex 35.7188 0 15.7584
      vertex 35.7404 0 15.5612
      vertex 35.9151 0 15.8428
    endloop
  endfacet
  facet normal 0 -1 0
    outer loop
      vertex 41.775 0 17.8126
      vertex 41.775 0 16.5648
      vertex 42.5039 0 16.5648
    endloop
  endfacet
  facet normal 0 -1 0
    outer loop
      vertex 46.9469 0 16.5648
      vertex 41.775 0 17.8126
      vertex 43.5455 0 16.5648
    endloop
  endfacet
  facet normal 0 -1 0
    outer loop
      vertex 47.9831 0 16.5648
      vertex 41.775 0 17.8126
      vertex 46.9469 0 16.5648
    endloop
  endfacet
  facet normal -0 -1 0
    outer loop
      vertex 50.3934 0 16.6248
      vertex 41.775 0 17.8126
      vertex 47.9831 0 16.5648
    endloop
  endfacet
  facet normal 0 -1 0
    outer loop
      vertex 41.775 0 17.8126
      vertex 50.3934 0 16.6248
      vertex 50.989 0 16.6733
    endloop
  endfacet
  facet normal 0 -1 0
    outer loop
      vertex 47.9831 0 16.5648
      vertex 49.8708 0 16.4794
      vertex 50.3934 0 16.6248
    endloop
  endfacet
  facet normal 0 -1 0
    outer loop
      vertex 47.9831 0 16.5648
      vertex 49.421 0 16.237
      vertex 49.8708 0 16.4794
    endloop
  endfacet
  facet normal 0 -1 0
    outer loop
      vertex 47.9831 0 16.5648
      vertex 49.0441 0 15.8976
      vertex 49.421 0 16.237
    endloop
  endfacet
  facet normal 0 -1 0
    outer loop
      vertex 47.9831 0 16.5648
      vertex 48.7462 0 15.4673
      vertex 49.0441 0 15.8976
    endloop
  endfacet
  facet normal 0 -1 0
    outer loop
      vertex 47.9831 0 16.5648
      vertex 48.5335 0 14.9523
      vertex 48.7462 0 15.4673
    endloop
  endfacet
  facet normal 0 -1 0
    outer loop
      vertex 47.9831 0 16.5648
      vertex 48.4059 0 14.3524
      vertex 48.5335 0 14.9523
    endloop
  endfacet
  facet normal 0 -1 0
    outer loop
      vertex 45.7914 0 10.695
      vertex 48.4059 0 14.3524
      vertex 47.9831 0 16.5648
    endloop
  endfacet
  facet normal 0 -1 0
    outer loop
      vertex 48.4059 0 14.3524
      vertex 45.7914 0 10.695
      vertex 48.3633 0 13.6679
    endloop
  endfacet
  facet normal 0 -1 -0
    outer loop
      vertex 48.3633 0 13.6679
      vertex 45.7914 0 10.695
      vertex 48.4059 0 12.9501
    endloop
  endfacet
  facet normal 0 -1 0
    outer loop
      vertex 45.7914 0 10.695
      vertex 48.5335 0 12.3266
      vertex 48.4059 0 12.9501
    endloop
  endfacet
  facet normal 0 -1 0
    outer loop
      vertex 45.7914 0 10.695
      vertex 48.7462 0 11.7973
      vertex 48.5335 0 12.3266
    endloop
  endfacet
  facet normal 0 -1 0
    outer loop
      vertex 45.7914 0 10.695
      vertex 49.0441 0 11.3623
      vertex 48.7462 0 11.7973
    endloop
  endfacet
  facet normal 0 -1 0
    outer loop
      vertex 45.7914 0 10.695
      vertex 49.4234 0 11.0229
      vertex 49.0441 0 11.3623
    endloop
  endfacet
  facet normal 0 -1 0
    outer loop
      vertex 45.7914 0 10.695
      vertex 49.8803 0 10.7805
      vertex 49.4234 0 11.0229
    endloop
  endfacet
  facet normal 0 -1 0
    outer loop
      vertex 45.7914 0 10.695
      vertex 50.4148 0 10.635
      vertex 49.8803 0 10.7805
    endloop
  endfacet
  facet normal 0 -1 0
    outer loop
      vertex 0 0 0
      vertex 30.6224 0 10.6087
      vertex 30.1503 0 10.5865
    endloop
  endfacet
  facet normal 0 -1 -0
    outer loop
      vertex 41.775 0 10.695
      vertex 0 0 0
      vertex 44.6359 0 10.695
    endloop
  endfacet
  facet normal 0 -1 0
    outer loop
      vertex 44.6359 0 10.695
      vertex 51.027 0 10.5865
      vertex 45.7914 0 10.695
    endloop
  endfacet
  facet normal 0 -1 0
    outer loop
      vertex 45.7914 0 10.695
      vertex 51.027 0 10.5865
      vertex 50.4148 0 10.635
    endloop
  endfacet
  facet normal 0 -1 0
    outer loop
      vertex 56.7842 0 16.656
      vertex 55.586 0 16.5648
      vertex 56.5543 0 16.6042
    endloop
  endfacet
  facet normal 0 -1 0
    outer loop
      vertex 55.586 0 16.5648
      vertex 56.3556 0 16.5177
      vertex 56.5543 0 16.6042
    endloop
  endfacet
  facet normal 0 -1 0
    outer loop
      vertex 55.586 0 16.5648
      vertex 56.188 0 16.3967
      vertex 56.3556 0 16.5177
    endloop
  endfacet
  facet normal 0 -1 0
    outer loop
      vertex 55.586 0 16.5648
      vertex 56.0406 0 16.2285
      vertex 56.188 0 16.3967
    endloop
  endfacet
  facet normal 0 -1 0
    outer loop
      vertex 55.6049 0 16.1156
      vertex 56.0406 0 16.2285
      vertex 55.586 0 16.5648
    endloop
  endfacet
  facet normal 0 -1 0
    outer loop
      vertex 55.6049 0 16.1156
      vertex 55.9019 0 16.0007
      vertex 56.0406 0 16.2285
    endloop
  endfacet
  facet normal 0 -1 0
    outer loop
      vertex 55.6185 0 15.766
      vertex 55.9019 0 16.0007
      vertex 55.6049 0 16.1156
    endloop
  endfacet
  facet normal 0 -1 0
    outer loop
      vertex 55.6185 0 15.766
      vertex 55.772 0 15.7132
      vertex 55.9019 0 16.0007
    endloop
  endfacet
  facet normal 0 -1 0
    outer loop
      vertex 55.6266 0 15.5162
      vertex 55.772 0 15.7132
      vertex 55.6185 0 15.766
    endloop
  endfacet
  facet normal 0 -1 0
    outer loop
      vertex 55.651 0 15.366
      vertex 55.6266 0 15.5162
      vertex 55.6293 0 15.366
    endloop
  endfacet
  facet normal 0 -1 0
    outer loop
      vertex 55.6266 0 15.5162
      vertex 55.651 0 15.366
      vertex 55.772 0 15.7132
    endloop
  endfacet
  facet normal 0 -1 0
    outer loop
      vertex 68.3808 0 10.7384
      vertex 70.0257 0 9.48384
      vertex 70.3627 0 9.9026
    endloop
  endfacet
  facet normal 0 -1 0
    outer loop
      vertex 68.3808 0 10.7384
      vertex 69.0871 0 9.15088
      vertex 69.2092 0 9.14885
    endloop
  endfacet
  facet normal -0 -1 0
    outer loop
      vertex 69.6412 0 9.2326
      vertex 68.3808 0 10.7384
      vertex 69.2092 0 9.14885
    endloop
  endfacet
  facet normal 0 -1 0
    outer loop
      vertex 68.3808 0 10.7384
      vertex 69.6412 0 9.2326
      vertex 70.0257 0 9.48384
    endloop
  endfacet
  facet normal 0 -1 0
    outer loop
      vertex 49.6634 0 15.2175
      vertex 50.9727 0 15.9518
      vertex 50.6358 0 15.9221
    endloop
  endfacet
  facet normal 0 -1 0
    outer loop
      vertex 50.9727 0 15.9518
      vertex 52.4089 0 14.9747
      vertex 51.3175 0 15.9252
    endloop
  endfacet
  facet normal 0 -1 0
    outer loop
      vertex 49.847 0 15.4771
      vertex 50.6358 0 15.9221
      vertex 50.3359 0 15.8331
    endloop
  endfacet
  facet normal -0 -1 -0
    outer loop
      vertex 52.2716 0 15.2817
      vertex 51.3175 0 15.9252
      vertex 52.4089 0 14.9747
    endloop
  endfacet
  facet normal 0 -1 0
    outer loop
      vertex 49.847 0 15.4771
      vertex 50.3359 0 15.8331
      vertex 50.073 0 15.6848
    endloop
  endfacet
  facet normal 0 -1 0
    outer loop
      vertex 51.6196 0 15.8453
      vertex 52.2716 0 15.2817
      vertex 51.879 0 15.7122
    endloop
  endfacet
  facet normal 0 -1 0
    outer loop
      vertex 50.6358 0 15.9221
      vertex 49.847 0 15.4771
      vertex 49.6634 0 15.2175
    endloop
  endfacet
  facet normal 0 -1 0
    outer loop
      vertex 51.879 0 15.7122
      vertex 52.2716 0 15.2817
      vertex 52.0956 0 15.526
    endloop
  endfacet
  facet normal 0 -1 0
    outer loop
      vertex 50.9727 0 15.9518
      vertex 49.6634 0 15.2175
      vertex 49.5276 0 14.9136
    endloop
  endfacet
  facet normal 0 -1 0
    outer loop
      vertex 51.3175 0 15.9252
      vertex 52.2716 0 15.2817
      vertex 51.6196 0 15.8453
    endloop
  endfacet
  facet normal 0 -1 -0
    outer loop
      vertex 50.9727 0 15.9518
      vertex 49.5276 0 14.9136
      vertex 52.4089 0 14.9747
    endloop
  endfacet
  facet normal 0 -1 0
    outer loop
      vertex 49.5276 0 14.9136
      vertex 52.5076 0 14.6049
      vertex 52.4089 0 14.9747
    endloop
  endfacet
  facet normal 0 -1 0
    outer loop
      vertex 49.4396 0 14.5652
      vertex 52.5076 0 14.6049
      vertex 49.5276 0 14.9136
    endloop
  endfacet
  facet normal 0 -1 0
    outer loop
      vertex 49.3995 0 14.1724
      vertex 52.5076 0 14.6049
      vertex 49.4396 0 14.5652
    endloop
  endfacet
  facet normal 0 -1 -0
    outer loop
      vertex 52.5076 0 14.6049
      vertex 49.3995 0 14.1724
      vertex 52.5676 0 14.1724
    endloop
  endfacet
  facet normal 0 -1 0
    outer loop
      vertex 40.7984 -0.95 17.8126
      vertex 41.775 -0.95 18.7457
      vertex 40.7984 -0.95 18.7457
    endloop
  endfacet
  facet normal 0 -1 -0
    outer loop
      vertex 41.775 -0.95 18.7457
      vertex 40.7984 -0.95 17.8126
      vertex 41.775 -0.95 17.8126
    endloop
  endfacet
  facet normal 0 -1 0
    outer loop
      vertex 63.7078 -0.95 17.8126
      vertex 64.6844 -0.95 18.7457
      vertex 63.7078 -0.95 18.7457
    endloop
  endfacet
  facet normal 0 -1 -0
    outer loop
      vertex 64.6844 -0.95 18.7457
      vertex 63.7078 -0.95 17.8126
      vertex 64.6844 -0.95 17.8126
    endloop
  endfacet
  facet normal 0 -1 0
    outer loop
      vertex 27.0417 -0.95 18.3388
      vertex 28.0779 -0.95 13.5594
      vertex 28.0779 -0.95 18.3388
    endloop
  endfacet
  facet normal 0 -1 0
    outer loop
      vertex 27.0417 -0.95 13.4726
      vertex 28.0779 -0.95 13.5594
      vertex 27.0417 -0.95 18.3388
    endloop
  endfacet
  facet normal 0 -1 0
    outer loop
      vertex 27.0658 -0.95 13.0379
      vertex 28.0779 -0.95 13.5594
      vertex 27.0417 -0.95 13.4726
    endloop
  endfacet
  facet normal 0 -1 -0
    outer loop
      vertex 28.0779 -0.95 13.5594
      vertex 27.0658 -0.95 13.0379
      vertex 28.1112 -0.95 13.0674
    endloop
  endfacet
  facet normal 0 -1 0
    outer loop
      vertex 27.138 -0.95 12.6344
      vertex 28.1112 -0.95 13.0674
      vertex 27.0658 -0.95 13.0379
    endloop
  endfacet
  facet normal 0 -1 -0
    outer loop
      vertex 28.1112 -0.95 13.0674
      vertex 27.138 -0.95 12.6344
      vertex 28.2108 -0.95 12.6385
    endloop
  endfacet
  facet normal 0 -1 0
    outer loop
      vertex 27.2584 -0.95 12.2621
      vertex 28.2108 -0.95 12.6385
      vertex 27.138 -0.95 12.6344
    endloop
  endfacet
  facet normal 0 -1 0
    outer loop
      vertex 27.4269 -0.95 11.921
      vertex 28.2108 -0.95 12.6385
      vertex 27.2584 -0.95 12.2621
    endloop
  endfacet
  facet normal 0 -1 -0
    outer loop
      vertex 28.2108 -0.95 12.6385
      vertex 27.4269 -0.95 11.921
      vertex 28.377 -0.95 12.2727
    endloop
  endfacet
  facet normal 0 -1 0
    outer loop
      vertex 27.6392 -0.95 11.6149
      vertex 28.377 -0.95 12.2727
      vertex 27.4269 -0.95 11.921
    endloop
  endfacet
  facet normal 0 -1 -0
    outer loop
      vertex 28.377 -0.95 12.2727
      vertex 27.6392 -0.95 11.6149
      vertex 28.6095 -0.95 11.9699
    endloop
  endfacet
  facet normal 0 -1 0
    outer loop
      vertex 27.8907 -0.95 11.3474
      vertex 28.6095 -0.95 11.9699
      vertex 27.6392 -0.95 11.6149
    endloop
  endfacet
  facet normal 0 -1 0
    outer loop
      vertex 28.1816 -0.95 11.1185
      vertex 28.6095 -0.95 11.9699
      vertex 27.8907 -0.95 11.3474
    endloop
  endfacet
  facet normal 0 -1 -0
    outer loop
      vertex 28.6095 -0.95 11.9699
      vertex 28.1816 -0.95 11.1185
      vertex 28.9049 -0.95 11.7326
    endloop
  endfacet
  facet normal 0 -1 0
    outer loop
      vertex 28.5119 -0.95 10.9283
      vertex 28.9049 -0.95 11.7326
      vertex 28.1816 -0.95 11.1185
    endloop
  endfacet
  facet normal 0 -1 0
    outer loop
      vertex 28.8767 -0.95 10.7788
      vertex 28.9049 -0.95 11.7326
      vertex 28.5119 -0.95 10.9283
    endloop
  endfacet
  facet normal 0 -1 -0
    outer loop
      vertex 28.9049 -0.95 11.7326
      vertex 28.8767 -0.95 10.7788
      vertex 29.2592 -0.95 11.563
    endloop
  endfacet
  facet normal -0 -1 0
    outer loop
      vertex 30.6224 -0.95 10.6087
      vertex 30.1448 -0.95 11.4274
      vertex 30.1503 -0.95 10.5865
    endloop
  endfacet
  facet normal 0 -1 0
    outer loop
      vertex 29.2714 -0.95 10.672
      vertex 29.2592 -0.95 11.563
      vertex 28.8767 -0.95 10.7788
    endloop
  endfacet
  facet normal -0 -1 0
    outer loop
      vertex 31.0623 -0.95 10.6754
      vertex 30.1448 -0.95 11.4274
      vertex 30.6224 -0.95 10.6087
    endloop
  endfacet
  facet normal 0 -1 0
    outer loop
      vertex 29.2592 -0.95 11.563
      vertex 29.2714 -0.95 10.672
      vertex 29.6725 -0.95 11.4613
    endloop
  endfacet
  facet normal -0 -1 0
    outer loop
      vertex 31.8455 -0.95 10.9418
      vertex 30.1448 -0.95 11.4274
      vertex 31.47 -0.95 10.7864
    endloop
  endfacet
  facet normal 0 -1 0
    outer loop
      vertex 29.6959 -0.95 10.6079
      vertex 29.6725 -0.95 11.4613
      vertex 29.2714 -0.95 10.672
    endloop
  endfacet
  facet normal 0 -1 0
    outer loop
      vertex 30.1448 -0.95 11.4274
      vertex 32.1846 -0.95 11.1393
      vertex 32.483 -0.95 11.3765
    endloop
  endfacet
  facet normal 0 -1 0
    outer loop
      vertex 29.6725 -0.95 11.4613
      vertex 29.6959 -0.95 10.6079
      vertex 30.1448 -0.95 11.4274
    endloop
  endfacet
  facet normal -0 -1 0
    outer loop
      vertex 32.1846 -0.95 11.1393
      vertex 30.1448 -0.95 11.4274
      vertex 31.8455 -0.95 10.9418
    endloop
  endfacet
  facet normal 0 -1 -0
    outer loop
      vertex 30.1448 -0.95 11.4274
      vertex 29.6959 -0.95 10.6079
      vertex 30.1503 -0.95 10.5865
    endloop
  endfacet
  facet normal -0 -1 0
    outer loop
      vertex 31.47 -0.95 10.7864
      vertex 30.1448 -0.95 11.4274
      vertex 31.0623 -0.95 10.6754
    endloop
  endfacet
  facet normal 0 -1 0
    outer loop
      vertex 32.3203 -0.95 13.63
      vertex 33.351 -0.95 18.3388
      vertex 32.3203 -0.95 18.3388
    endloop
  endfacet
  facet normal 0 -1 0
    outer loop
      vertex 32.3203 -0.95 13.63
      vertex 33.351 -0.95 13.5703
      vertex 33.351 -0.95 18.3388
    endloop
  endfacet
  facet normal 0 -1 0
    outer loop
      vertex 33.3264 -0.95 13.1224
      vertex 32.3203 -0.95 13.63
      vertex 32.2845 -0.95 13.1225
    endloop
  endfacet
  facet normal 0 -1 0
    outer loop
      vertex 32.3203 -0.95 13.63
      vertex 33.3264 -0.95 13.1224
      vertex 33.351 -0.95 13.5703
    endloop
  endfacet
  facet normal 0 -1 0
    outer loop
      vertex 32.2845 -0.95 13.1225
      vertex 33.2527 -0.95 12.7063
      vertex 33.3264 -0.95 13.1224
    endloop
  endfacet
  facet normal 0 -1 0
    outer loop
      vertex 32.1772 -0.95 12.6799
      vertex 33.2527 -0.95 12.7063
      vertex 32.2845 -0.95 13.1225
    endloop
  endfacet
  facet normal 0 -1 0
    outer loop
      vertex 32.1772 -0.95 12.6799
      vertex 33.1298 -0.95 12.3222
      vertex 33.2527 -0.95 12.7063
    endloop
  endfacet
  facet normal 0 -1 0
    outer loop
      vertex 32.9577 -0.95 11.9699
      vertex 32.1772 -0.95 12.6799
      vertex 31.9983 -0.95 12.302
    endloop
  endfacet
  facet normal 0 -1 0
    outer loop
      vertex 32.483 -0.95 11.3765
      vertex 31.9983 -0.95 12.302
      vertex 31.7479 -0.95 11.9888
    endloop
  endfacet
  facet normal 0 -1 0
    outer loop
      vertex 32.1772 -0.95 12.6799
      vertex 32.9577 -0.95 11.9699
      vertex 33.1298 -0.95 12.3222
    endloop
  endfacet
  facet normal 0 -1 0
    outer loop
      vertex 32.483 -0.95 11.3765
      vertex 31.7479 -0.95 11.9888
      vertex 31.4331 -0.95 11.7432
    endloop
  endfacet
  facet normal 0 -1 0
    outer loop
      vertex 31.9983 -0.95 12.302
      vertex 32.7407 -0.95 11.6534
      vertex 32.9577 -0.95 11.9699
    endloop
  endfacet
  facet normal 0 -1 0
    outer loop
      vertex 32.483 -0.95 11.3765
      vertex 31.4331 -0.95 11.7432
      vertex 31.061 -0.95 11.5678
    endloop
  endfacet
  facet normal 0 -1 0
    outer loop
      vertex 32.483 -0.95 11.3765
      vertex 31.061 -0.95 11.5678
      vertex 30.6316 -0.95 11.4625
    endloop
  endfacet
  facet normal 0 -1 0
    outer loop
      vertex 31.9983 -0.95 12.302
      vertex 32.483 -0.95 11.3765
      vertex 32.7407 -0.95 11.6534
    endloop
  endfacet
  facet normal 0 -1 0
    outer loop
      vertex 32.483 -0.95 11.3765
      vertex 30.6316 -0.95 11.4625
      vertex 30.1448 -0.95 11.4274
    endloop
  endfacet
  facet normal 0 -1 0
    outer loop
      vertex 66.2217 -0.95 15.8542
      vertex 67.1982 -0.95 12.1489
      vertex 67.1982 -0.95 15.8542
    endloop
  endfacet
  facet normal 0 -1 0
    outer loop
      vertex 66.2217 -0.95 11.9373
      vertex 67.1982 -0.95 12.1489
      vertex 66.2217 -0.95 15.8542
    endloop
  endfacet
  facet normal 0 -1 -0
    outer loop
      vertex 67.1982 -0.95 12.1489
      vertex 66.2217 -0.95 11.9373
      vertex 67.2068 -0.95 11.9531
    endloop
  endfacet
  facet normal 0 -1 0
    outer loop
      vertex 66.2217 -0.95 11.9373
      vertex 67.2327 -0.95 11.7888
      vertex 67.2068 -0.95 11.9531
    endloop
  endfacet
  facet normal 0 -1 0
    outer loop
      vertex 66.2949 -0.95 11.3558
      vertex 67.2327 -0.95 11.7888
      vertex 66.2217 -0.95 11.9373
    endloop
  endfacet
  facet normal 0 -1 -0
    outer loop
      vertex 67.2327 -0.95 11.7888
      vertex 66.2949 -0.95 11.3558
      vertex 67.276 -0.95 11.6561
    endloop
  endfacet
  facet normal 0 -1 0
    outer loop
      vertex 66.5146 -0.95 10.9405
      vertex 67.276 -0.95 11.6561
      vertex 66.2949 -0.95 11.3558
    endloop
  endfacet
  facet normal 0 -1 -0
    outer loop
      vertex 67.276 -0.95 11.6561
      vertex 66.5146 -0.95 10.9405
      vertex 67.3365 -0.95 11.5548
    endloop
  endfacet
  facet normal 0 -1 0
    outer loop
      vertex 67.3934 -0.95 10.6082
      vertex 67.4184 -0.95 11.4801
      vertex 66.8808 -0.95 10.6913
    endloop
  endfacet
  facet normal 0 -1 -0
    outer loop
      vertex 67.3365 -0.95 11.5548
      vertex 66.8808 -0.95 10.6913
      vertex 67.4184 -0.95 11.4801
    endloop
  endfacet
  facet normal 0 -1 0
    outer loop
      vertex 66.8808 -0.95 10.6913
      vertex 67.3365 -0.95 11.5548
      vertex 66.5146 -0.95 10.9405
    endloop
  endfacet
  facet normal 0 -1 0
    outer loop
      vertex 66.2217 -0.95 15.8542
      vertex 66.2596 -0.95 16.5648
      vertex 65.5435 -0.95 16.5648
    endloop
  endfacet
  facet normal 0 -1 0
    outer loop
      vertex 67.1982 -0.95 15.8542
      vertex 66.2596 -0.95 16.5648
      vertex 66.2217 -0.95 15.8542
    endloop
  endfacet
  facet normal 0 -1 0
    outer loop
      vertex 66.2217 -0.95 15.8542
      vertex 65.5435 -0.95 16.5648
      vertex 65.5435 -0.95 15.8542
    endloop
  endfacet
  facet normal 0 -1 0
    outer loop
      vertex 66.2596 -0.95 16.5648
      vertex 67.1982 -0.95 15.8542
      vertex 67.1982 -0.95 16.5648
    endloop
  endfacet
  facet normal 0 -1 0
    outer loop
      vertex 67.1982 -0.95 16.5648
      vertex 67.1982 -0.95 15.8542
      vertex 68.2832 -0.95 16.5648
    endloop
  endfacet
  facet normal 0 -1 -0
    outer loop
      vertex 68.2832 -0.95 16.5648
      vertex 67.1982 -0.95 15.8542
      vertex 68.2832 -0.95 15.8542
    endloop
  endfacet
  facet normal 0 -1 0
    outer loop
      vertex 67.1982 -0.95 16.5648
      vertex 66.5472 -0.95 17.8777
      vertex 66.2596 -0.95 16.5648
    endloop
  endfacet
  facet normal 0 -1 0
    outer loop
      vertex 66.5472 -0.95 17.8777
      vertex 67.1982 -0.95 16.5648
      vertex 67.1982 -0.95 17.8777
    endloop
  endfacet
  facet normal 0 -1 -0
    outer loop
      vertex 67.4184 -0.95 11.4801
      vertex 67.3934 -0.95 10.6082
      vertex 67.5257 -0.95 11.4267
    endloop
  endfacet
  facet normal 0 -1 -0
    outer loop
      vertex 67.5257 -0.95 11.4267
      vertex 67.3934 -0.95 10.6082
      vertex 67.6584 -0.95 11.3947
    endloop
  endfacet
  facet normal -0 -1 0
    outer loop
      vertex 67.6443 -0.95 10.6163
      vertex 67.6584 -0.95 11.3947
      vertex 67.3934 -0.95 10.6082
    endloop
  endfacet
  facet normal 0 -1 -0
    outer loop
      vertex 67.6584 -0.95 11.3947
      vertex 67.6443 -0.95 10.6163
      vertex 67.8166 -0.95 11.384
    endloop
  endfacet
  facet normal -0 -1 0
    outer loop
      vertex 67.8925 -0.95 10.6408
      vertex 67.8166 -0.95 11.384
      vertex 67.6443 -0.95 10.6163
    endloop
  endfacet
  facet normal -0 -1 0
    outer loop
      vertex 68.138 -0.95 10.6815
      vertex 67.9251 -0.95 11.3887
      vertex 67.8925 -0.95 10.6408
    endloop
  endfacet
  facet normal 0 -1 0
    outer loop
      vertex 67.8166 -0.95 11.384
      vertex 67.8925 -0.95 10.6408
      vertex 67.9251 -0.95 11.3887
    endloop
  endfacet
  facet normal 0 -1 0
    outer loop
      vertex 68.2072 -0.95 11.4267
      vertex 68.3808 -0.95 10.7384
      vertex 68.3808 -0.95 11.46
    endloop
  endfacet
  facet normal 0 -1 0
    outer loop
      vertex 68.0553 -0.95 11.403
      vertex 68.3808 -0.95 10.7384
      vertex 68.2072 -0.95 11.4267
    endloop
  endfacet
  facet normal -0 -1 0
    outer loop
      vertex 68.3808 -0.95 10.7384
      vertex 68.0553 -0.95 11.403
      vertex 68.138 -0.95 10.6815
    endloop
  endfacet
  facet normal 0 -1 0
    outer loop
      vertex 67.9251 -0.95 11.3887
      vertex 68.138 -0.95 10.6815
      vertex 68.0553 -0.95 11.403
    endloop
  endfacet
  facet normal 0 -1 0
    outer loop
      vertex 34.7726 -0.95 16.4011
      vertex 35.6807 -0.95 16.5648
      vertex 34.7584 -0.95 16.5648
    endloop
  endfacet
  facet normal 0 -1 -0
    outer loop
      vertex 35.6807 -0.95 16.5648
      vertex 34.7726 -0.95 16.4011
      vertex 35.6834 -0.95 16.5455
    endloop
  endfacet
  facet normal 0 -1 -0
    outer loop
      vertex 35.6834 -0.95 16.5455
      vertex 34.7726 -0.95 16.4011
      vertex 35.6861 -0.95 16.5146
    endloop
  endfacet
  facet normal 0 -1 -0
    outer loop
      vertex 35.6861 -0.95 16.5146
      vertex 34.7726 -0.95 16.4011
      vertex 35.6888 -0.95 16.4723
    endloop
  endfacet
  facet normal 0 -1 -0
    outer loop
      vertex 35.6888 -0.95 16.4723
      vertex 34.7726 -0.95 16.4011
      vertex 35.6915 -0.95 16.4184
    endloop
  endfacet
  facet normal 0 -1 0
    outer loop
      vertex 34.7726 -0.95 16.4011
      vertex 35.6944 -0.95 16.3565
      vertex 35.6915 -0.95 16.4184
    endloop
  endfacet
  facet normal 0 -1 0
    outer loop
      vertex 34.7726 -0.95 16.4011
      vertex 35.6976 -0.95 16.2902
      vertex 35.6944 -0.95 16.3565
    endloop
  endfacet
  facet normal 0 -1 0
    outer loop
      vertex 34.7828 -0.95 16.1376
      vertex 35.6976 -0.95 16.2902
      vertex 34.7726 -0.95 16.4011
    endloop
  endfacet
  facet normal 0 -1 -0
    outer loop
      vertex 35.6976 -0.95 16.2902
      vertex 34.7828 -0.95 16.1376
      vertex 35.7012 -0.95 16.2195
    endloop
  endfacet
  facet normal 0 -1 -0
    outer loop
      vertex 35.7012 -0.95 16.2195
      vertex 34.7828 -0.95 16.1376
      vertex 35.7051 -0.95 16.1443
    endloop
  endfacet
  facet normal 0 -1 0
    outer loop
      vertex 34.7828 -0.95 16.1376
      vertex 35.7093 -0.95 16.0499
      vertex 35.7051 -0.95 16.1443
    endloop
  endfacet
  facet normal 0 -1 0
    outer loop
      vertex 34.7828 -0.95 16.1376
      vertex 35.7139 -0.95 15.9213
      vertex 35.7093 -0.95 16.0499
    endloop
  endfacet
  facet normal 0 -1 0
    outer loop
      vertex 34.7889 -0.95 15.7745
      vertex 35.7139 -0.95 15.9213
      vertex 34.7828 -0.95 16.1376
    endloop
  endfacet
  facet normal 0 -1 0
    outer loop
      vertex 34.7889 -0.95 15.7745
      vertex 35.7188 -0.95 15.7584
      vertex 35.7139 -0.95 15.9213
    endloop
  endfacet
  facet normal 0 -1 0
    outer loop
      vertex 34.7889 -0.95 15.7745
      vertex 35.724 -0.95 15.5612
      vertex 35.7188 -0.95 15.7584
    endloop
  endfacet
  facet normal 0 -1 0
    outer loop
      vertex 35.9963 -0.95 15.1716
      vertex 35.7404 -0.95 15.5612
      vertex 35.724 -0.95 15.5612
    endloop
  endfacet
  facet normal 0 -1 0
    outer loop
      vertex 34.7909 -0.95 15.3116
      vertex 35.724 -0.95 15.5612
      vertex 34.7889 -0.95 15.7745
    endloop
  endfacet
  facet normal 0 -1 0
    outer loop
      vertex 35.8692 -0.95 14.86
      vertex 35.724 -0.95 15.5612
      vertex 34.7909 -0.95 15.3116
    endloop
  endfacet
  facet normal 0 -1 0
    outer loop
      vertex 35.7404 -0.95 15.5612
      vertex 35.9963 -0.95 15.1716
      vertex 36.1743 -0.95 15.4364
    endloop
  endfacet
  facet normal 0 -1 0
    outer loop
      vertex 35.724 -0.95 15.5612
      vertex 35.8692 -0.95 14.86
      vertex 35.9963 -0.95 15.1716
    endloop
  endfacet
  facet normal 0 -1 0
    outer loop
      vertex 34.7909 -0.95 15.3116
      vertex 35.7929 -0.95 14.5016
      vertex 35.8692 -0.95 14.86
    endloop
  endfacet
  facet normal 0 -1 0
    outer loop
      vertex 34.7909 -0.95 15.3116
      vertex 35.7675 -0.95 14.0964
      vertex 35.7929 -0.95 14.5016
    endloop
  endfacet
  facet normal 0 -1 0
    outer loop
      vertex 34.7909 -0.95 10.695
      vertex 35.7675 -0.95 14.0964
      vertex 34.7909 -0.95 15.3116
    endloop
  endfacet
  facet normal 0 -1 -0
    outer loop
      vertex 35.7675 -0.95 14.0964
      vertex 34.7909 -0.95 10.695
      vertex 35.7675 -0.95 10.695
    endloop
  endfacet
  facet normal 0 -1 -0
    outer loop
      vertex 37.0145 -0.95 16.6102
      vertex 36.9525 -0.95 15.8891
      vertex 37.2864 -0.95 15.9192
    endloop
  endfacet
  facet normal 0 -1 0
    outer loop
      vertex 36.3964 -0.95 15.6477
      vertex 36.1031 -0.95 16.08
      vertex 35.9151 -0.95 15.8428
    endloop
  endfacet
  facet normal 0 -1 0
    outer loop
      vertex 36.3043 -0.95 16.2727
      vertex 36.6558 -0.95 15.7985
      vertex 36.9525 -0.95 15.8891
    endloop
  endfacet
  facet normal 0 -1 0
    outer loop
      vertex 36.1031 -0.95 16.08
      vertex 36.3964 -0.95 15.6477
      vertex 36.6558 -0.95 15.7985
    endloop
  endfacet
  facet normal 0 -1 0
    outer loop
      vertex 36.1743 -0.95 15.4364
      vertex 35.9151 -0.95 15.8428
      vertex 35.7404 -0.95 15.5612
    endloop
  endfacet
  facet normal 0 -1 0
    outer loop
      vertex 35.9151 -0.95 15.8428
      vertex 36.1743 -0.95 15.4364
      vertex 36.3964 -0.95 15.6477
    endloop
  endfacet
  facet normal 0 -1 0
    outer loop
      vertex 37.5133 -0.95 15.9104
      vertex 37.6174 -0.95 16.6733
      vertex 37.3026 -0.95 16.6575
    endloop
  endfacet
  facet normal 0 -1 0
    outer loop
      vertex 37.2864 -0.95 15.9192
      vertex 37.3026 -0.95 16.6575
      vertex 37.0145 -0.95 16.6102
    endloop
  endfacet
  facet normal 0 -1 -0
    outer loop
      vertex 37.6174 -0.95 16.6733
      vertex 37.5133 -0.95 15.9104
      vertex 37.7109 -0.95 15.884
    endloop
  endfacet
  facet normal 0 -1 0
    outer loop
      vertex 36.9525 -0.95 15.8891
      vertex 37.0145 -0.95 16.6102
      vertex 36.7532 -0.95 16.5314
    endloop
  endfacet
  facet normal 0 -1 0
    outer loop
      vertex 36.9525 -0.95 15.8891
      vertex 36.7532 -0.95 16.5314
      vertex 36.5188 -0.95 16.4211
    endloop
  endfacet
  facet normal 0 -1 0
    outer loop
      vertex 37.6174 -0.95 16.6733
      vertex 37.7109 -0.95 15.884
      vertex 38.0678 -0.95 16.6433
    endloop
  endfacet
  facet normal 0 -1 0
    outer loop
      vertex 36.9525 -0.95 15.8891
      vertex 36.5188 -0.95 16.4211
      vertex 36.3043 -0.95 16.2727
    endloop
  endfacet
  facet normal 0 -1 -0
    outer loop
      vertex 37.3026 -0.95 16.6575
      vertex 37.2864 -0.95 15.9192
      vertex 37.5133 -0.95 15.9104
    endloop
  endfacet
  facet normal 0 -1 0
    outer loop
      vertex 36.6558 -0.95 15.7985
      vertex 36.3043 -0.95 16.2727
      vertex 36.1031 -0.95 16.08
    endloop
  endfacet
  facet normal 0 -1 0
    outer loop
      vertex 37.8794 -0.95 15.8399
      vertex 38.0678 -0.95 16.6433
      vertex 37.7109 -0.95 15.884
    endloop
  endfacet
  facet normal 0 -1 0
    outer loop
      vertex 38.0188 -0.95 15.7782
      vertex 38.0678 -0.95 16.6433
      vertex 37.8794 -0.95 15.8399
    endloop
  endfacet
  facet normal 0 -1 -0
    outer loop
      vertex 38.0678 -0.95 16.6433
      vertex 38.0188 -0.95 15.7782
      vertex 38.4535 -0.95 16.5533
    endloop
  endfacet
  facet normal 0 -1 0
    outer loop
      vertex 38.1351 -0.95 15.6965
      vertex 38.4535 -0.95 16.5533
      vertex 38.0188 -0.95 15.7782
    endloop
  endfacet
  facet normal 0 -1 -0
    outer loop
      vertex 38.4535 -0.95 16.5533
      vertex 38.1351 -0.95 15.6965
      vertex 38.7744 -0.95 16.4033
    endloop
  endfacet
  facet normal 0 -1 0
    outer loop
      vertex 38.2344 -0.95 15.5924
      vertex 38.7744 -0.95 16.4033
      vertex 38.1351 -0.95 15.6965
    endloop
  endfacet
  facet normal 0 -1 -0
    outer loop
      vertex 38.7744 -0.95 16.4033
      vertex 38.2344 -0.95 15.5924
      vertex 39.0305 -0.95 16.1932
    endloop
  endfacet
  facet normal 0 -1 0
    outer loop
      vertex 38.3168 -0.95 15.4659
      vertex 39.0305 -0.95 16.1932
      vertex 38.2344 -0.95 15.5924
    endloop
  endfacet
  facet normal 0 -1 -0
    outer loop
      vertex 39.0305 -0.95 16.1932
      vertex 38.3168 -0.95 15.4659
      vertex 39.2263 -0.95 15.914
    endloop
  endfacet
  facet normal 0 -1 0
    outer loop
      vertex 38.3823 -0.95 15.3171
      vertex 39.2263 -0.95 15.914
      vertex 38.3168 -0.95 15.4659
    endloop
  endfacet
  facet normal 0 -1 -0
    outer loop
      vertex 39.2263 -0.95 15.914
      vertex 38.3823 -0.95 15.3171
      vertex 39.3662 -0.95 15.5565
    endloop
  endfacet
  facet normal 0 -1 0
    outer loop
      vertex 38.4321 -0.95 15.1408
      vertex 39.3662 -0.95 15.5565
      vertex 38.3823 -0.95 15.3171
    endloop
  endfacet
  facet normal 0 -1 0
    outer loop
      vertex 38.4321 -0.95 15.1408
      vertex 39.4501 -0.95 15.1206
      vertex 39.3662 -0.95 15.5565
    endloop
  endfacet
  facet normal 0 -1 0
    outer loop
      vertex 38.4677 -0.95 14.9319
      vertex 39.4501 -0.95 15.1206
      vertex 38.4321 -0.95 15.1408
    endloop
  endfacet
  facet normal 0 -1 0
    outer loop
      vertex 38.4891 -0.95 14.6905
      vertex 39.4501 -0.95 15.1206
      vertex 38.4677 -0.95 14.9319
    endloop
  endfacet
  facet normal 0 -1 0
    outer loop
      vertex 38.4891 -0.95 14.6905
      vertex 39.4781 -0.95 14.6064
      vertex 39.4501 -0.95 15.1206
    endloop
  endfacet
  facet normal 0 -1 0
    outer loop
      vertex 38.4962 -0.95 14.4165
      vertex 39.4781 -0.95 14.6064
      vertex 38.4891 -0.95 14.6905
    endloop
  endfacet
  facet normal 0 -1 0
    outer loop
      vertex 39.4781 -0.95 10.695
      vertex 38.4962 -0.95 14.4165
      vertex 38.4962 -0.95 10.695
    endloop
  endfacet
  facet normal 0 -1 0
    outer loop
      vertex 38.4962 -0.95 14.4165
      vertex 39.4781 -0.95 10.695
      vertex 39.4781 -0.95 14.6064
    endloop
  endfacet
  facet normal 0 -1 0
    outer loop
      vertex 52.5676 -0.95 14.1724
      vertex 53.5767 -0.95 13.4238
      vertex 53.5767 -0.95 13.554
    endloop
  endfacet
  facet normal 0 -1 0
    outer loop
      vertex 52.479 -0.95 12.0326
      vertex 53.4194 -0.95 11.9753
      vertex 52.5622 -0.95 12.2194
    endloop
  endfacet
  facet normal 0 -1 0
    outer loop
      vertex 53.0725 -0.95 11.3677
      vertex 52.479 -0.95 12.0326
      vertex 52.3649 -0.95 11.8627
    endloop
  endfacet
  facet normal 0 -1 0
    outer loop
      vertex 53.0725 -0.95 11.3677
      vertex 52.3649 -0.95 11.8627
      vertex 52.2199 -0.95 11.7098
    endloop
  endfacet
  facet normal 0 -1 0
    outer loop
      vertex 52.5581 -0.95 10.9337
      vertex 52.2199 -0.95 11.7098
      vertex 52.0441 -0.95 11.5738
    endloop
  endfacet
  facet normal 0 -1 0
    outer loop
      vertex 52.5581 -0.95 10.9337
      vertex 52.0441 -0.95 11.5738
      vertex 51.8371 -0.95 11.4623
    endloop
  endfacet
  facet normal 0 -1 0
    outer loop
      vertex 51.8763 -0.95 10.6733
      vertex 51.8371 -0.95 11.4623
      vertex 51.5986 -0.95 11.3826
    endloop
  endfacet
  facet normal 0 -1 0
    outer loop
      vertex 52.479 -0.95 12.0326
      vertex 53.0725 -0.95 11.3677
      vertex 53.4194 -0.95 11.9753
    endloop
  endfacet
  facet normal 0 -1 0
    outer loop
      vertex 51.8763 -0.95 10.6733
      vertex 51.5986 -0.95 11.3826
      vertex 51.3286 -0.95 11.3348
    endloop
  endfacet
  facet normal 0 -1 0
    outer loop
      vertex 51.027 -0.95 10.5865
      vertex 51.3286 -0.95 11.3348
      vertex 51.027 -0.95 11.3188
    endloop
  endfacet
  facet normal 0 -1 0
    outer loop
      vertex 50.3203 -0.95 11.4558
      vertex 50.4148 -0.95 10.635
      vertex 50.6496 -0.95 11.3531
    endloop
  endfacet
  facet normal 0 -1 -0
    outer loop
      vertex 51.3286 -0.95 11.3348
      vertex 51.027 -0.95 10.5865
      vertex 51.8763 -0.95 10.6733
    endloop
  endfacet
  facet normal 0 -1 0
    outer loop
      vertex 51.027 -0.95 10.5865
      vertex 50.6496 -0.95 11.3531
      vertex 50.4148 -0.95 10.635
    endloop
  endfacet
  facet normal 0 -1 0
    outer loop
      vertex 51.8371 -0.95 11.4623
      vertex 51.8763 -0.95 10.6733
      vertex 52.5581 -0.95 10.9337
    endloop
  endfacet
  facet normal 0 -1 0
    outer loop
      vertex 50.6496 -0.95 11.3531
      vertex 51.027 -0.95 10.5865
      vertex 51.027 -0.95 11.3188
    endloop
  endfacet
  facet normal 0 -1 0
    outer loop
      vertex 52.2199 -0.95 11.7098
      vertex 52.5581 -0.95 10.9337
      vertex 53.0725 -0.95 11.3677
    endloop
  endfacet
  facet normal 0 -1 0
    outer loop
      vertex 50.989 -0.95 16.6733
      vertex 50.6358 -0.95 15.9221
      vertex 50.9727 -0.95 15.9518
    endloop
  endfacet
  facet normal 0 -1 0
    outer loop
      vertex 49.847 -0.95 15.4771
      vertex 49.421 -0.95 16.237
      vertex 49.0441 -0.95 15.8976
    endloop
  endfacet
  facet normal 0 -1 0
    outer loop
      vertex 49.8708 -0.95 16.4794
      vertex 50.3359 -0.95 15.8331
      vertex 50.6358 -0.95 15.9221
    endloop
  endfacet
  facet normal 0 -1 0
    outer loop
      vertex 49.8708 -0.95 16.4794
      vertex 50.073 -0.95 15.6848
      vertex 50.3359 -0.95 15.8331
    endloop
  endfacet
  facet normal 0 -1 0
    outer loop
      vertex 49.421 -0.95 16.237
      vertex 49.847 -0.95 15.4771
      vertex 50.073 -0.95 15.6848
    endloop
  endfacet
  facet normal 0 -1 0
    outer loop
      vertex 49.6634 -0.95 15.2175
      vertex 49.0441 -0.95 15.8976
      vertex 48.7462 -0.95 15.4673
    endloop
  endfacet
  facet normal 0 -1 0
    outer loop
      vertex 49.0441 -0.95 15.8976
      vertex 49.6634 -0.95 15.2175
      vertex 49.847 -0.95 15.4771
    endloop
  endfacet
  facet normal 0 -1 0
    outer loop
      vertex 49.5276 -0.95 14.9136
      vertex 48.7462 -0.95 15.4673
      vertex 48.5335 -0.95 14.9523
    endloop
  endfacet
  facet normal 0 -1 0
    outer loop
      vertex 48.7462 -0.95 15.4673
      vertex 49.5276 -0.95 14.9136
      vertex 49.6634 -0.95 15.2175
    endloop
  endfacet
  facet normal 0 -1 0
    outer loop
      vertex 48.5335 -0.95 14.9523
      vertex 49.4396 -0.95 14.5652
      vertex 49.5276 -0.95 14.9136
    endloop
  endfacet
  facet normal 0 -1 0
    outer loop
      vertex 48.4059 -0.95 14.3524
      vertex 49.4396 -0.95 14.5652
      vertex 48.5335 -0.95 14.9523
    endloop
  endfacet
  facet normal 0 -1 0
    outer loop
      vertex 48.4059 -0.95 14.3524
      vertex 49.3995 -0.95 14.1724
      vertex 49.4396 -0.95 14.5652
    endloop
  endfacet
  facet normal 0 -1 0
    outer loop
      vertex 49.3886 -0.95 13.4238
      vertex 49.3995 -0.95 14.1724
      vertex 48.3633 -0.95 13.6679
    endloop
  endfacet
  facet normal 0 -1 0
    outer loop
      vertex 48.3633 -0.95 13.6679
      vertex 49.3995 -0.95 14.1724
      vertex 48.4059 -0.95 14.3524
    endloop
  endfacet
  facet normal 0 -1 0
    outer loop
      vertex 50.6358 -0.95 15.9221
      vertex 50.3934 -0.95 16.6248
      vertex 49.8708 -0.95 16.4794
    endloop
  endfacet
  facet normal 0 -1 0
    outer loop
      vertex 50.6358 -0.95 15.9221
      vertex 50.989 -0.95 16.6733
      vertex 50.3934 -0.95 16.6248
    endloop
  endfacet
  facet normal 0 -1 0
    outer loop
      vertex 50.073 -0.95 15.6848
      vertex 49.8708 -0.95 16.4794
      vertex 49.421 -0.95 16.237
    endloop
  endfacet
  facet normal 0 -1 0
    outer loop
      vertex 51.3175 -0.95 15.9252
      vertex 50.989 -0.95 16.6733
      vertex 50.9727 -0.95 15.9518
    endloop
  endfacet
  facet normal 0 -1 0
    outer loop
      vertex 50.989 -0.95 16.6733
      vertex 51.3175 -0.95 15.9252
      vertex 52.1211 -0.95 16.4783
    endloop
  endfacet
  facet normal 0 -1 0
    outer loop
      vertex 51.6196 -0.95 15.8453
      vertex 52.1211 -0.95 16.4783
      vertex 51.3175 -0.95 15.9252
    endloop
  endfacet
  facet normal 0 -1 0
    outer loop
      vertex 51.879 -0.95 15.7122
      vertex 52.1211 -0.95 16.4783
      vertex 51.6196 -0.95 15.8453
    endloop
  endfacet
  facet normal 0 -1 0
    outer loop
      vertex 52.0956 -0.95 15.526
      vertex 52.1211 -0.95 16.4783
      vertex 51.879 -0.95 15.7122
    endloop
  endfacet
  facet normal 0 -1 -0
    outer loop
      vertex 52.1211 -0.95 16.4783
      vertex 52.0956 -0.95 15.526
      vertex 52.9298 -0.95 15.8935
    endloop
  endfacet
  facet normal 0 -1 0
    outer loop
      vertex 52.2716 -0.95 15.2817
      vertex 52.9298 -0.95 15.8935
      vertex 52.0956 -0.95 15.526
    endloop
  endfacet
  facet normal 0 -1 0
    outer loop
      vertex 52.4089 -0.95 14.9747
      vertex 52.9298 -0.95 15.8935
      vertex 52.2716 -0.95 15.2817
    endloop
  endfacet
  facet normal 0 -1 0
    outer loop
      vertex 52.4089 -0.95 14.9747
      vertex 53.415 -0.95 14.9187
      vertex 52.9298 -0.95 15.8935
    endloop
  endfacet
  facet normal 0 -1 0
    outer loop
      vertex 52.5076 -0.95 14.6049
      vertex 53.415 -0.95 14.9187
      vertex 52.4089 -0.95 14.9747
    endloop
  endfacet
  facet normal 0 -1 0
    outer loop
      vertex 52.5676 -0.95 14.1724
      vertex 53.415 -0.95 14.9187
      vertex 52.5076 -0.95 14.6049
    endloop
  endfacet
  facet normal 0 -1 0
    outer loop
      vertex 52.5676 -0.95 14.1724
      vertex 53.5767 -0.95 13.554
      vertex 53.415 -0.95 14.9187
    endloop
  endfacet
  facet normal 0 -1 -0
    outer loop
      vertex 49.3995 -0.95 14.1724
      vertex 49.3886 -0.95 13.4238
      vertex 52.5676 -0.95 14.1724
    endloop
  endfacet
  facet normal 0 -1 0
    outer loop
      vertex 53.5767 -0.95 13.4238
      vertex 52.5676 -0.95 14.1724
      vertex 49.3886 -0.95 13.4238
    endloop
  endfacet
  facet normal 0 -1 0
    outer loop
      vertex 48.4059 -0.95 12.9501
      vertex 49.3886 -0.95 13.4238
      vertex 48.3633 -0.95 13.6679
    endloop
  endfacet
  facet normal 0 -1 0
    outer loop
      vertex 48.4059 -0.95 12.9501
      vertex 49.4147 -0.95 12.9481
      vertex 49.3886 -0.95 13.4238
    endloop
  endfacet
  facet normal 0 -1 0
    outer loop
      vertex 48.5335 -0.95 12.3266
      vertex 49.4147 -0.95 12.9481
      vertex 48.4059 -0.95 12.9501
    endloop
  endfacet
  facet normal 0 -1 -0
    outer loop
      vertex 49.4147 -0.95 12.9481
      vertex 48.5335 -0.95 12.3266
      vertex 49.493 -0.95 12.53
    endloop
  endfacet
  facet normal 0 -1 0
    outer loop
      vertex 48.7462 -0.95 11.7973
      vertex 49.493 -0.95 12.53
      vertex 48.5335 -0.95 12.3266
    endloop
  endfacet
  facet normal 0 -1 -0
    outer loop
      vertex 49.493 -0.95 12.53
      vertex 48.7462 -0.95 11.7973
      vertex 49.6235 -0.95 12.1696
    endloop
  endfacet
  facet normal 0 -1 0
    outer loop
      vertex 49.0441 -0.95 11.3623
      vertex 49.6235 -0.95 12.1696
      vertex 48.7462 -0.95 11.7973
    endloop
  endfacet
  facet normal 0 -1 -0
    outer loop
      vertex 49.6235 -0.95 12.1696
      vertex 49.0441 -0.95 11.3623
      vertex 49.8063 -0.95 11.8668
    endloop
  endfacet
  facet normal 0 -1 0
    outer loop
      vertex 49.4234 -0.95 11.0229
      vertex 49.8063 -0.95 11.8668
      vertex 49.0441 -0.95 11.3623
    endloop
  endfacet
  facet normal 0 -1 -0
    outer loop
      vertex 49.8063 -0.95 11.8668
      vertex 49.4234 -0.95 11.0229
      vertex 50.0392 -0.95 11.6271
    endloop
  endfacet
  facet normal 0 -1 0
    outer loop
      vertex 49.8803 -0.95 10.7805
      vertex 50.0392 -0.95 11.6271
      vertex 49.4234 -0.95 11.0229
    endloop
  endfacet
  facet normal 0 -1 -0
    outer loop
      vertex 50.0392 -0.95 11.6271
      vertex 49.8803 -0.95 10.7805
      vertex 50.3203 -0.95 11.4558
    endloop
  endfacet
  facet normal 0 -1 0
    outer loop
      vertex 50.4148 -0.95 10.635
      vertex 50.3203 -0.95 11.4558
      vertex 49.8803 -0.95 10.7805
    endloop
  endfacet
  facet normal 0 -1 0
    outer loop
      vertex 54.6779 -0.95 16.1987
      vertex 55.586 -0.95 16.5648
      vertex 54.6637 -0.95 16.5648
    endloop
  endfacet
  facet normal 0 -1 0
    outer loop
      vertex 54.6779 -0.95 16.1987
      vertex 55.6049 -0.95 16.1156
      vertex 55.586 -0.95 16.5648
    endloop
  endfacet
  facet normal 0 -1 0
    outer loop
      vertex 54.6881 -0.95 15.8487
      vertex 55.6049 -0.95 16.1156
      vertex 54.6779 -0.95 16.1987
    endloop
  endfacet
  facet normal 0 -1 0
    outer loop
      vertex 54.6881 -0.95 15.8487
      vertex 55.6185 -0.95 15.766
      vertex 55.6049 -0.95 16.1156
    endloop
  endfacet
  facet normal 0 -1 0
    outer loop
      vertex 54.6942 -0.95 15.5151
      vertex 55.6185 -0.95 15.766
      vertex 54.6881 -0.95 15.8487
    endloop
  endfacet
  facet normal 0 -1 -0
    outer loop
      vertex 55.6185 -0.95 15.766
      vertex 54.6942 -0.95 15.5151
      vertex 55.6266 -0.95 15.5162
    endloop
  endfacet
  facet normal 0 -1 0
    outer loop
      vertex 54.6942 -0.95 15.5151
      vertex 55.6293 -0.95 15.366
      vertex 55.6266 -0.95 15.5162
    endloop
  endfacet
  facet normal 0 -1 0
    outer loop
      vertex 55.8528 -0.95 14.9646
      vertex 55.651 -0.95 15.366
      vertex 55.6293 -0.95 15.366
    endloop
  endfacet
  facet normal 0 -1 0
    outer loop
      vertex 54.6962 -0.95 15.1977
      vertex 55.6293 -0.95 15.366
      vertex 54.6942 -0.95 15.5151
    endloop
  endfacet
  facet normal 0 -1 0
    outer loop
      vertex 55.7528 -0.95 14.618
      vertex 55.6293 -0.95 15.366
      vertex 54.6962 -0.95 15.1977
    endloop
  endfacet
  facet normal 0 -1 0
    outer loop
      vertex 55.651 -0.95 15.366
      vertex 55.8528 -0.95 14.9646
      vertex 55.9928 -0.95 15.2547
    endloop
  endfacet
  facet normal 0 -1 0
    outer loop
      vertex 55.6293 -0.95 15.366
      vertex 55.7528 -0.95 14.618
      vertex 55.8528 -0.95 14.9646
    endloop
  endfacet
  facet normal 0 -1 0
    outer loop
      vertex 54.6962 -0.95 15.1977
      vertex 55.6928 -0.95 14.2146
      vertex 55.7528 -0.95 14.618
    endloop
  endfacet
  facet normal 0 -1 0
    outer loop
      vertex 54.6962 -0.95 15.1977
      vertex 55.6728 -0.95 13.7547
      vertex 55.6928 -0.95 14.2146
    endloop
  endfacet
  facet normal 0 -1 0
    outer loop
      vertex 54.6962 -0.95 10.695
      vertex 55.6728 -0.95 13.7547
      vertex 54.6962 -0.95 15.1977
    endloop
  endfacet
  facet normal 0 -1 -0
    outer loop
      vertex 55.6728 -0.95 13.7547
      vertex 54.6962 -0.95 10.695
      vertex 55.6728 -0.95 10.695
    endloop
  endfacet
  facet normal 0 -1 0
    outer loop
      vertex 56.5543 -0.95 16.6042
      vertex 56.6347 -0.95 15.7455
      vertex 56.9205 -0.95 15.7782
    endloop
  endfacet
  facet normal 0 -1 0
    outer loop
      vertex 56.1709 -0.95 15.4837
      vertex 55.9019 -0.95 16.0007
      vertex 55.772 -0.95 15.7132
    endloop
  endfacet
  facet normal 0 -1 0
    outer loop
      vertex 56.0406 -0.95 16.2285
      vertex 56.3848 -0.95 15.6473
      vertex 56.6347 -0.95 15.7455
    endloop
  endfacet
  facet normal 0 -1 0
    outer loop
      vertex 55.9019 -0.95 16.0007
      vertex 56.1709 -0.95 15.4837
      vertex 56.3848 -0.95 15.6473
    endloop
  endfacet
  facet normal 0 -1 0
    outer loop
      vertex 55.9928 -0.95 15.2547
      vertex 55.772 -0.95 15.7132
      vertex 55.651 -0.95 15.366
    endloop
  endfacet
  facet normal 0 -1 0
    outer loop
      vertex 55.772 -0.95 15.7132
      vertex 55.9928 -0.95 15.2547
      vertex 56.1709 -0.95 15.4837
    endloop
  endfacet
  facet normal 0 -1 0
    outer loop
      vertex 57.0751 -0.95 15.7748
      vertex 57.1432 -0.95 16.6699
      vertex 57.0453 -0.95 16.6733
    endloop
  endfacet
  facet normal 0 -1 0
    outer loop
      vertex 56.9205 -0.95 15.7782
      vertex 57.0453 -0.95 16.6733
      vertex 56.7842 -0.95 16.656
    endloop
  endfacet
  facet normal 0 -1 -0
    outer loop
      vertex 57.1432 -0.95 16.6699
      vertex 57.0751 -0.95 15.7748
      vertex 57.2419 -0.95 16.6598
    endloop
  endfacet
  facet normal 0 -1 0
    outer loop
      vertex 57.2135 -0.95 15.7646
      vertex 57.2419 -0.95 16.6598
      vertex 57.0751 -0.95 15.7748
    endloop
  endfacet
  facet normal 0 -1 0
    outer loop
      vertex 56.9205 -0.95 15.7782
      vertex 56.7842 -0.95 16.656
      vertex 56.5543 -0.95 16.6042
    endloop
  endfacet
  facet normal 0 -1 0
    outer loop
      vertex 56.6347 -0.95 15.7455
      vertex 56.5543 -0.95 16.6042
      vertex 56.3556 -0.95 16.5177
    endloop
  endfacet
  facet normal 0 -1 0
    outer loop
      vertex 56.6347 -0.95 15.7455
      vertex 56.3556 -0.95 16.5177
      vertex 56.188 -0.95 16.3967
    endloop
  endfacet
  facet normal 0 -1 0
    outer loop
      vertex 56.6347 -0.95 15.7455
      vertex 56.188 -0.95 16.3967
      vertex 56.0406 -0.95 16.2285
    endloop
  endfacet
  facet normal 0 -1 0
    outer loop
      vertex 56.3848 -0.95 15.6473
      vertex 56.0406 -0.95 16.2285
      vertex 55.9019 -0.95 16.0007
    endloop
  endfacet
  facet normal 0 -1 -0
    outer loop
      vertex 57.0453 -0.95 16.6733
      vertex 56.9205 -0.95 15.7782
      vertex 57.0751 -0.95 15.7748
    endloop
  endfacet
  facet normal 0 -1 -0
    outer loop
      vertex 57.2419 -0.95 16.6598
      vertex 57.2135 -0.95 15.7646
      vertex 57.3413 -0.95 16.6428
    endloop
  endfacet
  facet normal 0 -1 -0
    outer loop
      vertex 57.3413 -0.95 16.6428
      vertex 57.2135 -0.95 15.7646
      vertex 57.4413 -0.95 16.6191
    endloop
  endfacet
  facet normal 0 -1 0
    outer loop
      vertex 57.3355 -0.95 15.7477
      vertex 57.4413 -0.95 16.6191
      vertex 57.2135 -0.95 15.7646
    endloop
  endfacet
  facet normal 0 -1 -0
    outer loop
      vertex 57.4413 -0.95 16.6191
      vertex 57.3355 -0.95 15.7477
      vertex 57.4413 -0.95 15.724
    endloop
  endfacet
  facet normal 0 -1 0
    outer loop
      vertex 63.7078 -0.95 10.695
      vertex 64.6844 -0.95 16.5648
      vertex 63.7078 -0.95 16.5648
    endloop
  endfacet
  facet normal 0 -1 -0
    outer loop
      vertex 64.6844 -0.95 16.5648
      vertex 63.7078 -0.95 10.695
      vertex 64.6844 -0.95 10.695
    endloop
  endfacet
  facet normal 0 -1 0
    outer loop
      vertex 57.9639 -0.95 11.7157
      vertex 58.7111 -0.95 12.2412
      vertex 57.8484 -0.95 12.0729
    endloop
  endfacet
  facet normal 0 -1 -0
    outer loop
      vertex 58.7111 -0.95 12.2412
      vertex 57.9639 -0.95 11.7157
      vertex 58.7901 -0.95 12.0209
    endloop
  endfacet
  facet normal 0 -1 0
    outer loop
      vertex 58.1312 -0.95 11.4091
      vertex 58.7901 -0.95 12.0209
      vertex 57.9639 -0.95 11.7157
    endloop
  endfacet
  facet normal 0 -1 -0
    outer loop
      vertex 58.7901 -0.95 12.0209
      vertex 58.1312 -0.95 11.4091
      vertex 58.9023 -0.95 11.8322
    endloop
  endfacet
  facet normal 0 -1 0
    outer loop
      vertex 58.3504 -0.95 11.1529
      vertex 58.9023 -0.95 11.8322
      vertex 58.1312 -0.95 11.4091
    endloop
  endfacet
  facet normal 0 -1 -0
    outer loop
      vertex 58.9023 -0.95 11.8322
      vertex 58.3504 -0.95 11.1529
      vertex 59.0477 -0.95 11.675
    endloop
  endfacet
  facet normal 0 -1 0
    outer loop
      vertex 58.6215 -0.95 10.9473
      vertex 59.0477 -0.95 11.675
      vertex 58.3504 -0.95 11.1529
    endloop
  endfacet
  facet normal 0 -1 -0
    outer loop
      vertex 59.0477 -0.95 11.675
      vertex 58.6215 -0.95 10.9473
      vertex 59.2264 -0.95 11.5494
    endloop
  endfacet
  facet normal 0 -1 0
    outer loop
      vertex 58.9499 -0.95 10.7894
      vertex 59.2264 -0.95 11.5494
      vertex 58.6215 -0.95 10.9473
    endloop
  endfacet
  facet normal 0 -1 -0
    outer loop
      vertex 59.2264 -0.95 11.5494
      vertex 58.9499 -0.95 10.7894
      vertex 59.4407 -0.95 11.4533
    endloop
  endfacet
  facet normal 0 -1 0
    outer loop
      vertex 59.341 -0.95 10.6767
      vertex 59.4407 -0.95 11.4533
      vertex 58.9499 -0.95 10.7894
    endloop
  endfacet
  facet normal 0 -1 -0
    outer loop
      vertex 59.4407 -0.95 11.4533
      vertex 59.341 -0.95 10.6767
      vertex 59.6929 -0.95 11.3846
    endloop
  endfacet
  facet normal -0 -1 0
    outer loop
      vertex 60.8442 -0.95 10.6147
      vertex 60.3114 -0.95 11.3297
      vertex 60.3114 -0.95 10.5865
    endloop
  endfacet
  facet normal 0 -1 0
    outer loop
      vertex 59.7948 -0.95 10.6091
      vertex 59.6929 -0.95 11.3846
      vertex 59.341 -0.95 10.6767
    endloop
  endfacet
  facet normal -0 -1 0
    outer loop
      vertex 61.3143 -0.95 10.6991
      vertex 60.3114 -0.95 11.3297
      vertex 60.8442 -0.95 10.6147
    endloop
  endfacet
  facet normal 0 -1 0
    outer loop
      vertex 59.6929 -0.95 11.3846
      vertex 59.7948 -0.95 10.6091
      vertex 59.9832 -0.95 11.3435
    endloop
  endfacet
  facet normal -0 -1 0
    outer loop
      vertex 61.7217 -0.95 10.8398
      vertex 60.3114 -0.95 11.3297
      vertex 61.3143 -0.95 10.6991
    endloop
  endfacet
  facet normal 0 -1 0
    outer loop
      vertex 60.3114 -0.95 10.5865
      vertex 59.9832 -0.95 11.3435
      vertex 59.7948 -0.95 10.6091
    endloop
  endfacet
  facet normal -0 -1 0
    outer loop
      vertex 62.0664 -0.95 11.0368
      vertex 60.3114 -0.95 11.3297
      vertex 61.7217 -0.95 10.8398
    endloop
  endfacet
  facet normal 0 -1 0
    outer loop
      vertex 59.9832 -0.95 11.3435
      vertex 60.3114 -0.95 10.5865
      vertex 60.3114 -0.95 11.3297
    endloop
  endfacet
  facet normal 0 -1 0
    outer loop
      vertex 60.3114 -0.95 11.3297
      vertex 62.0664 -0.95 11.0368
      vertex 62.3405 -0.95 11.2857
    endloop
  endfacet
  facet normal 0 -1 -0
    outer loop
      vertex 60.3223 -0.95 16.6571
      vertex 60.0131 -0.95 15.9067
      vertex 60.3223 -0.95 15.9192
    endloop
  endfacet
  facet normal 0 -1 0
    outer loop
      vertex 58.6541 -0.95 16.2366
      vertex 59.7472 -0.95 15.869
      vertex 60.0131 -0.95 15.9067
    endloop
  endfacet
  facet normal 0 -1 0
    outer loop
      vertex 58.6541 -0.95 16.2366
      vertex 59.5248 -0.95 15.8063
      vertex 59.7472 -0.95 15.869
    endloop
  endfacet
  facet normal 0 -1 0
    outer loop
      vertex 59.1098 -0.95 15.4662
      vertex 58.4037 -0.95 16.0025
      vertex 58.2248 -0.95 15.7206
    endloop
  endfacet
  facet normal 0 -1 0
    outer loop
      vertex 58.6541 -0.95 16.2366
      vertex 59.3457 -0.95 15.7185
      vertex 59.5248 -0.95 15.8063
    endloop
  endfacet
  facet normal 0 -1 0
    outer loop
      vertex 58.6541 -0.95 16.2366
      vertex 59.2081 -0.95 15.6053
      vertex 59.3457 -0.95 15.7185
    endloop
  endfacet
  facet normal 0 -1 0
    outer loop
      vertex 58.4037 -0.95 16.0025
      vertex 59.1098 -0.95 15.4662
      vertex 59.2081 -0.95 15.6053
    endloop
  endfacet
  facet normal 0 -1 0
    outer loop
      vertex 59.0508 -0.95 15.3015
      vertex 58.2248 -0.95 15.7206
      vertex 58.1175 -0.95 15.3909
    endloop
  endfacet
  facet normal 0 -1 0
    outer loop
      vertex 58.2248 -0.95 15.7206
      vertex 59.0508 -0.95 15.3015
      vertex 59.1098 -0.95 15.4662
    endloop
  endfacet
  facet normal 0 -1 0
    outer loop
      vertex 58.1175 -0.95 15.3909
      vertex 59.0311 -0.95 15.1109
      vertex 59.0508 -0.95 15.3015
    endloop
  endfacet
  facet normal 0 -1 0
    outer loop
      vertex 58.0817 -0.95 15.0133
      vertex 59.0311 -0.95 15.1109
      vertex 58.1175 -0.95 15.3909
    endloop
  endfacet
  facet normal 0 -1 0
    outer loop
      vertex 58.0817 -0.95 15.0133
      vertex 59.0392 -0.95 14.9916
      vertex 59.0311 -0.95 15.1109
    endloop
  endfacet
  facet normal 0 -1 0
    outer loop
      vertex 58.0943 -0.95 14.8048
      vertex 59.0392 -0.95 14.9916
      vertex 58.0817 -0.95 15.0133
    endloop
  endfacet
  facet normal 0 -1 -0
    outer loop
      vertex 59.0392 -0.95 14.9916
      vertex 58.0943 -0.95 14.8048
      vertex 59.0636 -0.95 14.8831
    endloop
  endfacet
  facet normal 0 -1 0
    outer loop
      vertex 58.1319 -0.95 14.6132
      vertex 59.0636 -0.95 14.8831
      vertex 58.0943 -0.95 14.8048
    endloop
  endfacet
  facet normal 0 -1 0
    outer loop
      vertex 58.1946 -0.95 14.4386
      vertex 59.0636 -0.95 14.8831
      vertex 58.1319 -0.95 14.6132
    endloop
  endfacet
  facet normal 0 -1 -0
    outer loop
      vertex 59.0636 -0.95 14.8831
      vertex 58.1946 -0.95 14.4386
      vertex 59.1043 -0.95 14.7854
    endloop
  endfacet
  facet normal 0 -1 0
    outer loop
      vertex 58.2825 -0.95 14.2809
      vertex 59.1043 -0.95 14.7854
      vertex 58.1946 -0.95 14.4386
    endloop
  endfacet
  facet normal 0 -1 0
    outer loop
      vertex 58.3925 -0.95 14.1373
      vertex 59.1043 -0.95 14.7854
      vertex 58.2825 -0.95 14.2809
    endloop
  endfacet
  facet normal 0 -1 -0
    outer loop
      vertex 59.1043 -0.95 14.7854
      vertex 58.3925 -0.95 14.1373
      vertex 59.1613 -0.95 14.6986
    endloop
  endfacet
  facet normal 0 -1 0
    outer loop
      vertex 58.5218 -0.95 14.0049
      vertex 59.1613 -0.95 14.6986
      vertex 58.3925 -0.95 14.1373
    endloop
  endfacet
  facet normal 0 -1 -0
    outer loop
      vertex 59.1613 -0.95 14.6986
      vertex 58.5218 -0.95 14.0049
      vertex 59.2342 -0.95 14.6203
    endloop
  endfacet
  facet normal 0 -1 0
    outer loop
      vertex 58.6705 -0.95 13.8837
      vertex 59.2342 -0.95 14.6203
      vertex 58.5218 -0.95 14.0049
    endloop
  endfacet
  facet normal 0 -1 -0
    outer loop
      vertex 59.2342 -0.95 14.6203
      vertex 58.6705 -0.95 13.8837
      vertex 59.3227 -0.95 14.5481
    endloop
  endfacet
  facet normal 0 -1 0
    outer loop
      vertex 58.8385 -0.95 13.7736
      vertex 59.3227 -0.95 14.5481
      vertex 58.6705 -0.95 13.8837
    endloop
  endfacet
  facet normal 0 -1 -0
    outer loop
      vertex 59.3227 -0.95 14.5481
      vertex 58.8385 -0.95 13.7736
      vertex 59.4268 -0.95 14.482
    endloop
  endfacet
  facet normal 0 -1 0
    outer loop
      vertex 59.0466 -0.95 13.6687
      vertex 59.4268 -0.95 14.482
      vertex 58.8385 -0.95 13.7736
    endloop
  endfacet
  facet normal 0 -1 -0
    outer loop
      vertex 59.4268 -0.95 14.482
      vertex 59.0466 -0.95 13.6687
      vertex 59.5464 -0.95 14.422
    endloop
  endfacet
  facet normal 0 -1 0
    outer loop
      vertex 59.3153 -0.95 13.5628
      vertex 59.5464 -0.95 14.422
      vertex 59.0466 -0.95 13.6687
    endloop
  endfacet
  facet normal 0 -1 -0
    outer loop
      vertex 59.5464 -0.95 14.422
      vertex 59.3153 -0.95 13.5628
      vertex 59.7092 -0.95 14.3596
    endloop
  endfacet
  facet normal 0 -1 0
    outer loop
      vertex 60.0348 -0.95 13.3478
      vertex 59.9425 -0.95 14.2863
      vertex 59.6447 -0.95 13.4558
    endloop
  endfacet
  facet normal 0 -1 0
    outer loop
      vertex 59.6447 -0.95 13.4558
      vertex 59.7092 -0.95 14.3596
      vertex 59.3153 -0.95 13.5628
    endloop
  endfacet
  facet normal 0 -1 0
    outer loop
      vertex 59.9425 -0.95 14.2863
      vertex 60.0348 -0.95 13.3478
      vertex 60.2464 -0.95 14.2022
    endloop
  endfacet
  facet normal 0 -1 -0
    outer loop
      vertex 59.7092 -0.95 14.3596
      vertex 59.6447 -0.95 13.4558
      vertex 59.9425 -0.95 14.2863
    endloop
  endfacet
  facet normal 0 -1 -0
    outer loop
      vertex 60.2464 -0.95 14.2022
      vertex 60.0348 -0.95 13.3478
      vertex 60.6207 -0.95 14.1073
    endloop
  endfacet
  facet normal 0 -1 0
    outer loop
      vertex 60.7346 -0.95 13.1634
      vertex 60.6207 -0.95 14.1073
      vertex 60.0348 -0.95 13.3478
    endloop
  endfacet
  facet normal 0 -1 0
    outer loop
      vertex 60.6207 -0.95 14.1073
      vertex 60.7346 -0.95 13.1634
      vertex 60.9814 -0.95 14.0115
    endloop
  endfacet
  facet normal 0 -1 0
    outer loop
      vertex 60.9821 -0.95 13.0881
      vertex 60.9814 -0.95 14.0115
      vertex 60.7346 -0.95 13.1634
    endloop
  endfacet
  facet normal 0 -1 0
    outer loop
      vertex 60.9814 -0.95 14.0115
      vertex 60.9821 -0.95 13.0881
      vertex 61.2879 -0.95 13.9195
    endloop
  endfacet
  facet normal 0 -1 0
    outer loop
      vertex 61.193 -0.95 13.0034
      vertex 61.2879 -0.95 13.9195
      vertex 60.9821 -0.95 13.0881
    endloop
  endfacet
  facet normal 0 -1 -0
    outer loop
      vertex 61.2879 -0.95 13.9195
      vertex 61.193 -0.95 13.0034
      vertex 61.5402 -0.95 13.8311
    endloop
  endfacet
  facet normal 0 -1 -0
    outer loop
      vertex 61.5402 -0.95 13.8311
      vertex 61.193 -0.95 13.0034
      vertex 61.7382 -0.95 13.7465
    endloop
  endfacet
  facet normal 0 -1 0
    outer loop
      vertex 61.3673 -0.95 12.9091
      vertex 61.7382 -0.95 13.7465
      vertex 61.193 -0.95 13.0034
    endloop
  endfacet
  facet normal 0 -1 -0
    outer loop
      vertex 61.7382 -0.95 13.7465
      vertex 61.3673 -0.95 12.9091
      vertex 61.9001 -0.95 13.6616
    endloop
  endfacet
  facet normal 0 -1 0
    outer loop
      vertex 61.5049 -0.95 12.8053
      vertex 61.9001 -0.95 13.6616
      vertex 61.3673 -0.95 12.9091
    endloop
  endfacet
  facet normal 0 -1 -0
    outer loop
      vertex 61.9001 -0.95 13.6616
      vertex 61.5049 -0.95 12.8053
      vertex 62.044 -0.95 13.5723
    endloop
  endfacet
  facet normal 0 -1 -0
    outer loop
      vertex 62.044 -0.95 13.5723
      vertex 61.5049 -0.95 12.8053
      vertex 62.17 -0.95 13.4785
    endloop
  endfacet
  facet normal 0 -1 -0
    outer loop
      vertex 62.17 -0.95 13.4785
      vertex 61.5049 -0.95 12.8053
      vertex 62.278 -0.95 13.3804
    endloop
  endfacet
  facet normal 0 -1 0
    outer loop
      vertex 61.6094 -0.95 12.6887
      vertex 62.278 -0.95 13.3804
      vertex 61.5049 -0.95 12.8053
    endloop
  endfacet
  facet normal 0 -1 -0
    outer loop
      vertex 62.278 -0.95 13.3804
      vertex 61.6094 -0.95 12.6887
      vertex 62.3714 -0.95 13.2761
    endloop
  endfacet
  facet normal 0 -1 -0
    outer loop
      vertex 62.3714 -0.95 13.2761
      vertex 61.6094 -0.95 12.6887
      vertex 62.4536 -0.95 13.164
    endloop
  endfacet
  facet normal 0 -1 -0
    outer loop
      vertex 62.4536 -0.95 13.164
      vertex 61.6094 -0.95 12.6887
      vertex 62.5246 -0.95 13.0442
    endloop
  endfacet
  facet normal 0 -1 0
    outer loop
      vertex 61.684 -0.95 12.5558
      vertex 62.5246 -0.95 13.0442
      vertex 61.6094 -0.95 12.6887
    endloop
  endfacet
  facet normal 0 -1 -0
    outer loop
      vertex 62.5246 -0.95 13.0442
      vertex 61.684 -0.95 12.5558
      vertex 62.5845 -0.95 12.9165
    endloop
  endfacet
  facet normal 0 -1 -0
    outer loop
      vertex 62.5845 -0.95 12.9165
      vertex 61.684 -0.95 12.5558
      vertex 62.6319 -0.95 12.7804
    endloop
  endfacet
  facet normal 0 -1 0
    outer loop
      vertex 61.7287 -0.95 12.4066
      vertex 62.6319 -0.95 12.7804
      vertex 61.684 -0.95 12.5558
    endloop
  endfacet
  facet normal 0 -1 -0
    outer loop
      vertex 62.6319 -0.95 12.7804
      vertex 61.7287 -0.95 12.4066
      vertex 62.6659 -0.95 12.6351
    endloop
  endfacet
  facet normal 0 -1 -0
    outer loop
      vertex 62.6659 -0.95 12.6351
      vertex 61.7287 -0.95 12.4066
      vertex 62.6862 -0.95 12.4807
    endloop
  endfacet
  facet normal 0 -1 0
    outer loop
      vertex 61.7287 -0.95 12.4066
      vertex 62.693 -0.95 12.3171
      vertex 62.6862 -0.95 12.4807
    endloop
  endfacet
  facet normal 0 -1 0
    outer loop
      vertex 61.7437 -0.95 12.2412
      vertex 62.693 -0.95 12.3171
      vertex 61.7287 -0.95 12.4066
    endloop
  endfacet
  facet normal 0 -1 0
    outer loop
      vertex 62.6538 -0.95 11.9258
      vertex 61.7437 -0.95 12.2412
      vertex 61.7221 -0.95 12.0275
    endloop
  endfacet
  facet normal 0 -1 0
    outer loop
      vertex 61.7437 -0.95 12.2412
      vertex 62.6538 -0.95 11.9258
      vertex 62.693 -0.95 12.3171
    endloop
  endfacet
  facet normal 0 -1 0
    outer loop
      vertex 62.5363 -0.95 11.582
      vertex 61.7221 -0.95 12.0275
      vertex 61.6575 -0.95 11.8424
    endloop
  endfacet
  facet normal 0 -1 0
    outer loop
      vertex 62.3405 -0.95 11.2857
      vertex 61.6575 -0.95 11.8424
      vertex 61.5499 -0.95 11.6857
    endloop
  endfacet
  facet normal 0 -1 0
    outer loop
      vertex 61.7221 -0.95 12.0275
      vertex 62.5363 -0.95 11.582
      vertex 62.6538 -0.95 11.9258
    endloop
  endfacet
  facet normal 0 -1 0
    outer loop
      vertex 62.3405 -0.95 11.2857
      vertex 61.5499 -0.95 11.6857
      vertex 61.3992 -0.95 11.5576
    endloop
  endfacet
  facet normal 0 -1 0
    outer loop
      vertex 62.3405 -0.95 11.2857
      vertex 61.3992 -0.95 11.5576
      vertex 61.202 -0.95 11.4579
    endloop
  endfacet
  facet normal 0 -1 0
    outer loop
      vertex 62.3405 -0.95 11.2857
      vertex 61.202 -0.95 11.4579
      vertex 60.955 -0.95 11.3867
    endloop
  endfacet
  facet normal 0 -1 0
    outer loop
      vertex 62.3405 -0.95 11.2857
      vertex 60.955 -0.95 11.3867
      vertex 60.6581 -0.95 11.344
    endloop
  endfacet
  facet normal 0 -1 0
    outer loop
      vertex 61.6575 -0.95 11.8424
      vertex 62.3405 -0.95 11.2857
      vertex 62.5363 -0.95 11.582
    endloop
  endfacet
  facet normal 0 -1 0
    outer loop
      vertex 62.3405 -0.95 11.2857
      vertex 60.6581 -0.95 11.344
      vertex 60.3114 -0.95 11.3297
    endloop
  endfacet
  facet normal 0 -1 0
    outer loop
      vertex 60.0131 -0.95 15.9067
      vertex 60.3223 -0.95 16.6571
      vertex 59.8071 -0.95 16.6308
    endloop
  endfacet
  facet normal 0 -1 0
    outer loop
      vertex 60.6056 -0.95 15.9062
      vertex 60.3223 -0.95 16.6571
      vertex 60.3223 -0.95 15.9192
    endloop
  endfacet
  facet normal 0 -1 0
    outer loop
      vertex 60.0131 -0.95 15.9067
      vertex 59.8071 -0.95 16.6308
      vertex 59.3573 -0.95 16.552
    endloop
  endfacet
  facet normal 0 -1 0
    outer loop
      vertex 60.3223 -0.95 16.6571
      vertex 60.6056 -0.95 15.9062
      vertex 60.7829 -0.95 16.6357
    endloop
  endfacet
  facet normal 0 -1 0
    outer loop
      vertex 60.0131 -0.95 15.9067
      vertex 59.3573 -0.95 16.552
      vertex 58.973 -0.95 16.4205
    endloop
  endfacet
  facet normal 0 -1 0
    outer loop
      vertex 60.8587 -0.95 15.867
      vertex 60.7829 -0.95 16.6357
      vertex 60.6056 -0.95 15.9062
    endloop
  endfacet
  facet normal 0 -1 0
    outer loop
      vertex 60.0131 -0.95 15.9067
      vertex 58.973 -0.95 16.4205
      vertex 58.6541 -0.95 16.2366
    endloop
  endfacet
  facet normal 0 -1 0
    outer loop
      vertex 60.7829 -0.95 16.6357
      vertex 60.8587 -0.95 15.867
      vertex 61.1936 -0.95 16.5716
    endloop
  endfacet
  facet normal 0 -1 0
    outer loop
      vertex 59.2081 -0.95 15.6053
      vertex 58.6541 -0.95 16.2366
      vertex 58.4037 -0.95 16.0025
    endloop
  endfacet
  facet normal 0 -1 0
    outer loop
      vertex 61.0816 -0.95 15.8017
      vertex 61.1936 -0.95 16.5716
      vertex 60.8587 -0.95 15.867
    endloop
  endfacet
  facet normal 0 -1 -0
    outer loop
      vertex 61.1936 -0.95 16.5716
      vertex 61.0816 -0.95 15.8017
      vertex 61.5546 -0.95 16.4648
    endloop
  endfacet
  facet normal 0 -1 0
    outer loop
      vertex 61.2744 -0.95 15.7104
      vertex 61.5546 -0.95 16.4648
      vertex 61.0816 -0.95 15.8017
    endloop
  endfacet
  facet normal 0 -1 -0
    outer loop
      vertex 61.5546 -0.95 16.4648
      vertex 61.2744 -0.95 15.7104
      vertex 61.8656 -0.95 16.3153
    endloop
  endfacet
  facet normal 0 -1 0
    outer loop
      vertex 61.4349 -0.95 15.5946
      vertex 61.8656 -0.95 16.3153
      vertex 61.2744 -0.95 15.7104
    endloop
  endfacet
  facet normal 0 -1 -0
    outer loop
      vertex 61.8656 -0.95 16.3153
      vertex 61.4349 -0.95 15.5946
      vertex 62.1256 -0.95 16.1187
    endloop
  endfacet
  facet normal 0 -1 0
    outer loop
      vertex 61.5612 -0.95 15.4561
      vertex 62.1256 -0.95 16.1187
      vertex 61.4349 -0.95 15.5946
    endloop
  endfacet
  facet normal 0 -1 -0
    outer loop
      vertex 62.1256 -0.95 16.1187
      vertex 61.5612 -0.95 15.4561
      vertex 62.3329 -0.95 15.8705
    endloop
  endfacet
  facet normal 0 -1 0
    outer loop
      vertex 61.6533 -0.95 15.2949
      vertex 62.3329 -0.95 15.8705
      vertex 61.5612 -0.95 15.4561
    endloop
  endfacet
  facet normal 0 -1 -0
    outer loop
      vertex 62.3329 -0.95 15.8705
      vertex 61.6533 -0.95 15.2949
      vertex 62.4877 -0.95 15.5707
    endloop
  endfacet
  facet normal 0 -1 0
    outer loop
      vertex 61.7111 -0.95 15.1109
      vertex 62.4877 -0.95 15.5707
      vertex 61.6533 -0.95 15.2949
    endloop
  endfacet
  facet normal 0 -1 -0
    outer loop
      vertex 62.4877 -0.95 15.5707
      vertex 61.7111 -0.95 15.1109
      vertex 62.5899 -0.95 15.2195
    endloop
  endfacet
  facet normal 0 -1 0
    outer loop
      vertex 68.4171 -0.95 16.5648
      vertex 70.6956 -0.95 13.3207
      vertex 69.4588 -0.95 16.5648
    endloop
  endfacet
  facet normal 0 -1 0
    outer loop
      vertex 70.7445 -0.95 10.7221
      vertex 70.6956 -0.95 13.3207
      vertex 68.4171 -0.95 16.5648
    endloop
  endfacet
  facet normal 0 -1 0
    outer loop
      vertex 70.6956 -0.95 13.3207
      vertex 70.7445 -0.95 10.7221
      vertex 70.7255 -0.95 13.2373
    endloop
  endfacet
  facet normal 0 -1 0
    outer loop
      vertex 70.7255 -0.95 13.2373
      vertex 70.7445 -0.95 10.7221
      vertex 70.7608 -0.95 13.1389
    endloop
  endfacet
  facet normal 0 -1 -0
    outer loop
      vertex 70.7608 -0.95 13.1389
      vertex 70.7445 -0.95 10.7221
      vertex 70.7903 -0.95 13.055
    endloop
  endfacet
  facet normal 0 -1 -0
    outer loop
      vertex 70.7903 -0.95 13.055
      vertex 70.7445 -0.95 10.7221
      vertex 70.8408 -0.95 12.9091
    endloop
  endfacet
  facet normal 0 -1 -0
    outer loop
      vertex 70.8408 -0.95 12.9091
      vertex 70.7445 -0.95 10.7221
      vertex 70.9123 -0.95 12.7011
    endloop
  endfacet
  facet normal 0 -1 -0
    outer loop
      vertex 70.9123 -0.95 12.7011
      vertex 70.7445 -0.95 10.7221
      vertex 71.0049 -0.95 12.431
    endloop
  endfacet
  facet normal 0 -1 -0
    outer loop
      vertex 71.0049 -0.95 12.431
      vertex 70.7445 -0.95 10.7221
      vertex 71.0961 -0.95 12.1631
    endloop
  endfacet
  facet normal 0 -1 -0
    outer loop
      vertex 71.0961 -0.95 12.1631
      vertex 70.7445 -0.95 10.7221
      vertex 71.1636 -0.95 11.9617
    endloop
  endfacet
  facet normal 0 -1 -0
    outer loop
      vertex 71.1636 -0.95 11.9617
      vertex 70.7445 -0.95 10.7221
      vertex 71.2073 -0.95 11.8268
    endloop
  endfacet
  facet normal 0 -1 -0
    outer loop
      vertex 71.2073 -0.95 11.8268
      vertex 70.7445 -0.95 10.7221
      vertex 71.2273 -0.95 11.7583
    endloop
  endfacet
  facet normal 0 -1 0
    outer loop
      vertex 71.6071 -0.95 12.827
      vertex 73.9236 -0.95 16.5648
      vertex 72.8927 -0.95 16.5648
    endloop
  endfacet
  facet normal 0 -1 0
    outer loop
      vertex 71.6667 -0.95 10.695
      vertex 71.6071 -0.95 12.827
      vertex 71.2273 -0.95 11.7583
    endloop
  endfacet
  facet normal 0 -1 0
    outer loop
      vertex 71.6667 -0.95 10.695
      vertex 71.2273 -0.95 11.7583
      vertex 70.7445 -0.95 10.7221
    endloop
  endfacet
  facet normal 0 -1 0
    outer loop
      vertex 71.6071 -0.95 12.827
      vertex 71.6667 -0.95 10.695
      vertex 73.9236 -0.95 16.5648
    endloop
  endfacet
  facet normal 0 -1 0
    outer loop
      vertex 71.4881 -0.95 10.2557
      vertex 70.7445 -0.95 10.7221
      vertex 70.6523 -0.95 10.4888
    endloop
  endfacet
  facet normal 0 -1 0
    outer loop
      vertex 70.7445 -0.95 10.7221
      vertex 71.4881 -0.95 10.2557
      vertex 71.6667 -0.95 10.695
    endloop
  endfacet
  facet normal 0 -1 0
    outer loop
      vertex 71.3154 -0.95 9.87648
      vertex 70.6523 -0.95 10.4888
      vertex 70.3627 -0.95 9.9026
    endloop
  endfacet
  facet normal 0 -1 0
    outer loop
      vertex 70.6523 -0.95 10.4888
      vertex 71.3154 -0.95 9.87648
      vertex 71.4881 -0.95 10.2557
    endloop
  endfacet
  facet normal 0 -1 0
    outer loop
      vertex 70.3627 -0.95 9.9026
      vertex 71.149 -0.95 9.55725
      vertex 71.3154 -0.95 9.87648
    endloop
  endfacet
  facet normal 0 -1 0
    outer loop
      vertex 70.827 -0.95 9.08344
      vertex 70.3627 -0.95 9.9026
      vertex 70.0257 -0.95 9.48384
    endloop
  endfacet
  facet normal 0 -1 0
    outer loop
      vertex 70.3627 -0.95 9.9026
      vertex 70.9886 -0.95 9.29805
      vertex 71.149 -0.95 9.55725
    endloop
  endfacet
  facet normal 0 -1 0
    outer loop
      vertex 70.2915 -0.95 8.61453
      vertex 70.0257 -0.95 9.48384
      vertex 69.6412 -0.95 9.2326
    endloop
  endfacet
  facet normal 0 -1 0
    outer loop
      vertex 69.4262 -0.95 8.3894
      vertex 69.6412 -0.95 9.2326
      vertex 69.2092 -0.95 9.14885
    endloop
  endfacet
  facet normal 0 -1 0
    outer loop
      vertex 70.3627 -0.95 9.9026
      vertex 70.827 -0.95 9.08344
      vertex 70.9886 -0.95 9.29805
    endloop
  endfacet
  facet normal 0 -1 0
    outer loop
      vertex 69.0573 -0.95 8.40433
      vertex 69.2092 -0.95 9.14885
      vertex 69.0871 -0.95 9.15088
    endloop
  endfacet
  facet normal 0 -1 0
    outer loop
      vertex 70.0257 -0.95 9.48384
      vertex 70.657 -0.95 8.89796
      vertex 70.827 -0.95 9.08344
    endloop
  endfacet
  facet normal 0 -1 0
    outer loop
      vertex 68.8972 -0.95 8.42297
      vertex 69.0871 -0.95 9.15088
      vertex 68.9705 -0.95 9.15698
    endloop
  endfacet
  facet normal 0 -1 0
    outer loop
      vertex 68.7535 -0.95 8.44908
      vertex 68.9705 -0.95 9.15698
      vertex 68.8593 -0.95 9.16716
    endloop
  endfacet
  facet normal 0 -1 0
    outer loop
      vertex 68.7535 -0.95 8.44908
      vertex 68.8593 -0.95 9.16716
      vertex 68.7535 -0.95 9.18141
    endloop
  endfacet
  facet normal 0 -1 0
    outer loop
      vertex 70.0257 -0.95 9.48384
      vertex 70.4785 -0.95 8.74167
      vertex 70.657 -0.95 8.89796
    endloop
  endfacet
  facet normal 0 -1 0
    outer loop
      vertex 70.0257 -0.95 9.48384
      vertex 70.2915 -0.95 8.61453
      vertex 70.4785 -0.95 8.74167
    endloop
  endfacet
  facet normal 0 -1 0
    outer loop
      vertex 69.6412 -0.95 9.2326
      vertex 70.094 -0.95 8.51604
      vertex 70.2915 -0.95 8.61453
    endloop
  endfacet
  facet normal 0 -1 0
    outer loop
      vertex 68.9705 -0.95 9.15698
      vertex 68.7535 -0.95 8.44908
      vertex 68.8972 -0.95 8.42297
    endloop
  endfacet
  facet normal 0 -1 -0
    outer loop
      vertex 69.2092 -0.95 9.14885
      vertex 69.0573 -0.95 8.40433
      vertex 69.2336 -0.95 8.39314
    endloop
  endfacet
  facet normal 0 -1 0
    outer loop
      vertex 69.0871 -0.95 9.15088
      vertex 68.8972 -0.95 8.42297
      vertex 69.0573 -0.95 8.40433
    endloop
  endfacet
  facet normal 0 -1 0
    outer loop
      vertex 69.2092 -0.95 9.14885
      vertex 69.2336 -0.95 8.39314
      vertex 69.4262 -0.95 8.3894
    endloop
  endfacet
  facet normal 0 -1 -0
    outer loop
      vertex 69.6412 -0.95 9.2326
      vertex 69.4262 -0.95 8.3894
      vertex 69.6613 -0.95 8.40347
    endloop
  endfacet
  facet normal 0 -1 0
    outer loop
      vertex 69.6412 -0.95 9.2326
      vertex 69.884 -0.95 8.44569
      vertex 70.094 -0.95 8.51604
    endloop
  endfacet
  facet normal 0 -1 0
    outer loop
      vertex 69.6412 -0.95 9.2326
      vertex 69.6613 -0.95 8.40347
      vertex 69.884 -0.95 8.44569
    endloop
  endfacet
  facet normal 0 -1 0
    outer loop
      vertex 42.5039 -0.95 16.5648
      vertex 44.8366 -0.95 12.7457
      vertex 43.5455 -0.95 16.5648
    endloop
  endfacet
  facet normal 0 -1 0
    outer loop
      vertex 44.6359 -0.95 10.695
      vertex 44.8366 -0.95 12.7457
      vertex 42.5039 -0.95 16.5648
    endloop
  endfacet
  facet normal 0 -1 -0
    outer loop
      vertex 44.8366 -0.95 12.7457
      vertex 44.6359 -0.95 10.695
      vertex 44.8865 -0.95 12.5839
    endloop
  endfacet
  facet normal 0 -1 -0
    outer loop
      vertex 44.8865 -0.95 12.5839
      vertex 44.6359 -0.95 10.695
      vertex 44.9655 -0.95 12.3158
    endloop
  endfacet
  facet normal 0 -1 -0
    outer loop
      vertex 44.9655 -0.95 12.3158
      vertex 44.6359 -0.95 10.695
      vertex 45.0736 -0.95 11.9411
    endloop
  endfacet
  facet normal 0 -1 -0
    outer loop
      vertex 45.0736 -0.95 11.9411
      vertex 44.6359 -0.95 10.695
      vertex 45.211 -0.95 11.46
    endloop
  endfacet
  facet normal 0 -1 0
    outer loop
      vertex 45.6124 -0.95 12.7348
      vertex 47.9831 -0.95 16.5648
      vertex 46.9469 -0.95 16.5648
    endloop
  endfacet
  facet normal 0 -1 0
    outer loop
      vertex 45.7914 -0.95 10.695
      vertex 45.6124 -0.95 12.7348
      vertex 45.4009 -0.95 12.0947
    endloop
  endfacet
  facet normal 0 -1 0
    outer loop
      vertex 45.7914 -0.95 10.695
      vertex 45.4009 -0.95 12.0947
      vertex 45.211 -0.95 11.46
    endloop
  endfacet
  facet normal 0 -1 0
    outer loop
      vertex 45.6124 -0.95 12.7348
      vertex 45.7914 -0.95 10.695
      vertex 47.9831 -0.95 16.5648
    endloop
  endfacet
  facet normal 0 -1 0
    outer loop
      vertex 45.7914 -0.95 10.695
      vertex 45.211 -0.95 11.46
      vertex 44.6359 -0.95 10.695
    endloop
  endfacet
  facet normal 0 -1 0
    outer loop
      vertex 40.7984 -0.95 10.695
      vertex 41.775 -0.95 16.5648
      vertex 40.7984 -0.95 16.5648
    endloop
  endfacet
  facet normal 0 -1 -0
    outer loop
      vertex 41.775 -0.95 16.5648
      vertex 40.7984 -0.95 10.695
      vertex 41.775 -0.95 10.695
    endloop
  endfacet
  facet normal -0 0 1
    outer loop
      vertex 40.7984 0 18.7457
      vertex 41.775 -0.95 18.7457
      vertex 41.775 0 18.7457
    endloop
  endfacet
  facet normal 0 0 1
    outer loop
      vertex 41.775 -0.95 18.7457
      vertex 40.7984 0 18.7457
      vertex 40.7984 -0.95 18.7457
    endloop
  endfacet
  facet normal -1 0 0
    outer loop
      vertex 40.7984 -0.95 17.8126
      vertex 40.7984 0 18.7457
      vertex 40.7984 0 17.8126
    endloop
  endfacet
  facet normal -1 -0 0
    outer loop
      vertex 40.7984 0 18.7457
      vertex 40.7984 -0.95 17.8126
      vertex 40.7984 -0.95 18.7457
    endloop
  endfacet
  facet normal 0 0 -1
    outer loop
      vertex 40.7984 -0.95 17.8126
      vertex 41.775 0 17.8126
      vertex 41.775 -0.95 17.8126
    endloop
  endfacet
  facet normal -0 0 -1
    outer loop
      vertex 41.775 0 17.8126
      vertex 40.7984 -0.95 17.8126
      vertex 40.7984 0 17.8126
    endloop
  endfacet
  facet normal 1 -0 0
    outer loop
      vertex 41.775 -0.95 18.7457
      vertex 41.775 0 17.8126
      vertex 41.775 0 18.7457
    endloop
  endfacet
  facet normal 1 0 0
    outer loop
      vertex 41.775 0 17.8126
      vertex 41.775 -0.95 18.7457
      vertex 41.775 -0.95 17.8126
    endloop
  endfacet
  facet normal -0 0 1
    outer loop
      vertex 63.7078 0 18.7457
      vertex 64.6844 -0.95 18.7457
      vertex 64.6844 0 18.7457
    endloop
  endfacet
  facet normal 0 0 1
    outer loop
      vertex 64.6844 -0.95 18.7457
      vertex 63.7078 0 18.7457
      vertex 63.7078 -0.95 18.7457
    endloop
  endfacet
  facet normal -1 0 0
    outer loop
      vertex 63.7078 -0.95 17.8126
      vertex 63.7078 0 18.7457
      vertex 63.7078 0 17.8126
    endloop
  endfacet
  facet normal -1 -0 0
    outer loop
      vertex 63.7078 0 18.7457
      vertex 63.7078 -0.95 17.8126
      vertex 63.7078 -0.95 18.7457
    endloop
  endfacet
  facet normal 0 0 -1
    outer loop
      vertex 63.7078 -0.95 17.8126
      vertex 64.6844 0 17.8126
      vertex 64.6844 -0.95 17.8126
    endloop
  endfacet
  facet normal -0 0 -1
    outer loop
      vertex 64.6844 0 17.8126
      vertex 63.7078 -0.95 17.8126
      vertex 63.7078 0 17.8126
    endloop
  endfacet
  facet normal 1 -0 0
    outer loop
      vertex 64.6844 -0.95 18.7457
      vertex 64.6844 0 17.8126
      vertex 64.6844 0 18.7457
    endloop
  endfacet
  facet normal 1 0 0
    outer loop
      vertex 64.6844 0 17.8126
      vertex 64.6844 -0.95 18.7457
      vertex 64.6844 -0.95 17.8126
    endloop
  endfacet
  facet normal 0.149912 0 -0.988699
    outer loop
      vertex 30.6224 -0.95 10.6087
      vertex 31.0623 0 10.6754
      vertex 31.0623 -0.95 10.6754
    endloop
  endfacet
  facet normal 0.149912 0 -0.988699
    outer loop
      vertex 31.0623 0 10.6754
      vertex 30.6224 -0.95 10.6087
      vertex 30.6224 0 10.6087
    endloop
  endfacet
  facet normal 0.262697 0 -0.964878
    outer loop
      vertex 31.0623 -0.95 10.6754
      vertex 31.47 0 10.7864
      vertex 31.47 -0.95 10.7864
    endloop
  endfacet
  facet normal 0.262697 0 -0.964878
    outer loop
      vertex 31.47 0 10.7864
      vertex 31.0623 -0.95 10.6754
      vertex 31.0623 0 10.6754
    endloop
  endfacet
  facet normal 0.382395 0 -0.923999
    outer loop
      vertex 31.47 -0.95 10.7864
      vertex 31.8455 0 10.9418
      vertex 31.8455 -0.95 10.9418
    endloop
  endfacet
  facet normal 0.382395 0 -0.923999
    outer loop
      vertex 31.8455 0 10.9418
      vertex 31.47 -0.95 10.7864
      vertex 31.47 0 10.7864
    endloop
  endfacet
  facet normal 0.503285 0 -0.864121
    outer loop
      vertex 31.8455 -0.95 10.9418
      vertex 32.1846 0 11.1393
      vertex 32.1846 -0.95 11.1393
    endloop
  endfacet
  facet normal 0.503285 0 -0.864121
    outer loop
      vertex 32.1846 0 11.1393
      vertex 31.8455 -0.95 10.9418
      vertex 31.8455 0 10.9418
    endloop
  endfacet
  facet normal 0.622261 0 -0.78281
    outer loop
      vertex 32.1846 -0.95 11.1393
      vertex 32.483 0 11.3765
      vertex 32.483 -0.95 11.3765
    endloop
  endfacet
  facet normal 0.622261 0 -0.78281
    outer loop
      vertex 32.483 0 11.3765
      vertex 32.1846 -0.95 11.1393
      vertex 32.1846 0 11.1393
    endloop
  endfacet
  facet normal 0.73203 0 -0.681272
    outer loop
      vertex 32.7407 -0.95 11.6534
      vertex 32.483 0 11.3765
      vertex 32.7407 0 11.6534
    endloop
  endfacet
  facet normal 0.73203 0 -0.681272
    outer loop
      vertex 32.483 0 11.3765
      vertex 32.7407 -0.95 11.6534
      vertex 32.483 -0.95 11.3765
    endloop
  endfacet
  facet normal 0.824764 0 -0.565478
    outer loop
      vertex 32.9577 -0.95 11.9699
      vertex 32.7407 0 11.6534
      vertex 32.9577 0 11.9699
    endloop
  endfacet
  facet normal 0.824764 0 -0.565478
    outer loop
      vertex 32.7407 0 11.6534
      vertex 32.9577 -0.95 11.9699
      vertex 32.7407 -0.95 11.6534
    endloop
  endfacet
  facet normal 0.898521 0 -0.438931
    outer loop
      vertex 33.1298 -0.95 12.3222
      vertex 32.9577 0 11.9699
      vertex 33.1298 0 12.3222
    endloop
  endfacet
  facet normal 0.898521 0 -0.438931
    outer loop
      vertex 32.9577 0 11.9699
      vertex 33.1298 -0.95 12.3222
      vertex 32.9577 -0.95 11.9699
    endloop
  endfacet
  facet normal 0.952433 0 -0.304749
    outer loop
      vertex 33.2527 -0.95 12.7063
      vertex 33.1298 0 12.3222
      vertex 33.2527 0 12.7063
    endloop
  endfacet
  facet normal 0.952433 0 -0.304749
    outer loop
      vertex 33.1298 0 12.3222
      vertex 33.2527 -0.95 12.7063
      vertex 33.1298 -0.95 12.3222
    endloop
  endfacet
  facet normal 0.984674 0 -0.174406
    outer loop
      vertex 33.3264 -0.95 13.1224
      vertex 33.2527 0 12.7063
      vertex 33.3264 0 13.1224
    endloop
  endfacet
  facet normal 0.984674 0 -0.174406
    outer loop
      vertex 33.2527 0 12.7063
      vertex 33.3264 -0.95 13.1224
      vertex 33.2527 -0.95 12.7063
    endloop
  endfacet
  facet normal 0.998495 0 -0.0548403
    outer loop
      vertex 33.351 -0.95 13.5703
      vertex 33.3264 0 13.1224
      vertex 33.351 0 13.5703
    endloop
  endfacet
  facet normal 0.998495 0 -0.0548403
    outer loop
      vertex 33.3264 0 13.1224
      vertex 33.351 -0.95 13.5703
      vertex 33.3264 -0.95 13.1224
    endloop
  endfacet
  facet normal 1 -0 0
    outer loop
      vertex 33.351 -0.95 18.3388
      vertex 33.351 0 13.5703
      vertex 33.351 0 18.3388
    endloop
  endfacet
  facet normal 1 0 0
    outer loop
      vertex 33.351 0 13.5703
      vertex 33.351 -0.95 18.3388
      vertex 33.351 -0.95 13.5703
    endloop
  endfacet
  facet normal -0 0 1
    outer loop
      vertex 32.3203 0 18.3388
      vertex 33.351 -0.95 18.3388
      vertex 33.351 0 18.3388
    endloop
  endfacet
  facet normal 0 0 1
    outer loop
      vertex 33.351 -0.95 18.3388
      vertex 32.3203 0 18.3388
      vertex 32.3203 -0.95 18.3388
    endloop
  endfacet
  facet normal -1 0 0
    outer loop
      vertex 32.3203 -0.95 13.63
      vertex 32.3203 0 18.3388
      vertex 32.3203 0 13.63
    endloop
  endfacet
  facet normal -1 -0 0
    outer loop
      vertex 32.3203 0 18.3388
      vertex 32.3203 -0.95 13.63
      vertex 32.3203 -0.95 18.3388
    endloop
  endfacet
  facet normal -0.997521 0 0.070367
    outer loop
      vertex 32.2845 -0.95 13.1225
      vertex 32.3203 0 13.63
      vertex 32.2845 0 13.1225
    endloop
  endfacet
  facet normal -0.997521 0 0.070367
    outer loop
      vertex 32.3203 0 13.63
      vertex 32.2845 -0.95 13.1225
      vertex 32.3203 -0.95 13.63
    endloop
  endfacet
  facet normal -0.971849 0 0.235606
    outer loop
      vertex 32.1772 -0.95 12.6799
      vertex 32.2845 0 13.1225
      vertex 32.1772 0 12.6799
    endloop
  endfacet
  facet normal -0.971849 0 0.235606
    outer loop
      vertex 32.2845 0 13.1225
      vertex 32.1772 -0.95 12.6799
      vertex 32.2845 -0.95 13.1225
    endloop
  endfacet
  facet normal -0.903835 0 0.427881
    outer loop
      vertex 31.9983 -0.95 12.302
      vertex 32.1772 0 12.6799
      vertex 31.9983 0 12.302
    endloop
  endfacet
  facet normal -0.903835 0 0.427881
    outer loop
      vertex 32.1772 0 12.6799
      vertex 31.9983 -0.95 12.302
      vertex 32.1772 -0.95 12.6799
    endloop
  endfacet
  facet normal -0.781063 0 0.624452
    outer loop
      vertex 31.7479 -0.95 11.9888
      vertex 31.9983 0 12.302
      vertex 31.7479 0 11.9888
    endloop
  endfacet
  facet normal -0.781063 0 0.624452
    outer loop
      vertex 31.9983 0 12.302
      vertex 31.7479 -0.95 11.9888
      vertex 31.9983 -0.95 12.302
    endloop
  endfacet
  facet normal -0.615119 0 0.788434
    outer loop
      vertex 31.4331 0 11.7432
      vertex 31.7479 -0.95 11.9888
      vertex 31.7479 0 11.9888
    endloop
  endfacet
  facet normal -0.615119 0 0.788434
    outer loop
      vertex 31.7479 -0.95 11.9888
      vertex 31.4331 0 11.7432
      vertex 31.4331 -0.95 11.7432
    endloop
  endfacet
  facet normal -0.426382 0 0.904543
    outer loop
      vertex 31.061 0 11.5678
      vertex 31.4331 -0.95 11.7432
      vertex 31.4331 0 11.7432
    endloop
  endfacet
  facet normal -0.426382 0 0.904543
    outer loop
      vertex 31.4331 -0.95 11.7432
      vertex 31.061 0 11.5678
      vertex 31.061 -0.95 11.5678
    endloop
  endfacet
  facet normal -0.238169 0 0.971224
    outer loop
      vertex 30.6316 0 11.4625
      vertex 31.061 -0.95 11.5678
      vertex 31.061 0 11.5678
    endloop
  endfacet
  facet normal -0.238169 0 0.971224
    outer loop
      vertex 31.061 -0.95 11.5678
      vertex 30.6316 0 11.4625
      vertex 30.6316 -0.95 11.4625
    endloop
  endfacet
  facet normal -0.0719168 0 0.997411
    outer loop
      vertex 30.1448 0 11.4274
      vertex 30.6316 -0.95 11.4625
      vertex 30.6316 0 11.4625
    endloop
  endfacet
  facet normal -0.0719168 0 0.997411
    outer loop
      vertex 30.6316 -0.95 11.4625
      vertex 30.1448 0 11.4274
      vertex 30.1448 -0.95 11.4274
    endloop
  endfacet
  facet normal 0.0715922 0 0.997434
    outer loop
      vertex 29.6725 0 11.4613
      vertex 30.1448 -0.95 11.4274
      vertex 30.1448 0 11.4274
    endloop
  endfacet
  facet normal 0.0715922 0 0.997434
    outer loop
      vertex 30.1448 -0.95 11.4274
      vertex 29.6725 0 11.4613
      vertex 29.6725 -0.95 11.4613
    endloop
  endfacet
  facet normal 0.238941 0 0.971034
    outer loop
      vertex 29.2592 0 11.563
      vertex 29.6725 -0.95 11.4613
      vertex 29.6725 0 11.4613
    endloop
  endfacet
  facet normal 0.238941 0 0.971034
    outer loop
      vertex 29.6725 -0.95 11.4613
      vertex 29.2592 0 11.563
      vertex 29.2592 -0.95 11.563
    endloop
  endfacet
  facet normal 0.431771 0 0.901983
    outer loop
      vertex 28.9049 0 11.7326
      vertex 29.2592 -0.95 11.563
      vertex 29.2592 0 11.563
    endloop
  endfacet
  facet normal 0.431771 0 0.901983
    outer loop
      vertex 29.2592 -0.95 11.563
      vertex 28.9049 0 11.7326
      vertex 28.9049 -0.95 11.7326
    endloop
  endfacet
  facet normal 0.626271 0 0.779606
    outer loop
      vertex 28.6095 0 11.9699
      vertex 28.9049 -0.95 11.7326
      vertex 28.9049 0 11.7326
    endloop
  endfacet
  facet normal 0.626271 0 0.779606
    outer loop
      vertex 28.9049 -0.95 11.7326
      vertex 28.6095 0 11.9699
      vertex 28.6095 -0.95 11.9699
    endloop
  endfacet
  facet normal 0.793159 -0 0.609014
    outer loop
      vertex 28.377 -0.95 12.2727
      vertex 28.6095 0 11.9699
      vertex 28.377 0 12.2727
    endloop
  endfacet
  facet normal 0.793159 0 0.609014
    outer loop
      vertex 28.6095 0 11.9699
      vertex 28.377 -0.95 12.2727
      vertex 28.6095 -0.95 11.9699
    endloop
  endfacet
  facet normal 0.910435 -0 0.413653
    outer loop
      vertex 28.2108 -0.95 12.6385
      vertex 28.377 0 12.2727
      vertex 28.2108 0 12.6385
    endloop
  endfacet
  facet normal 0.910435 0 0.413653
    outer loop
      vertex 28.377 0 12.2727
      vertex 28.2108 -0.95 12.6385
      vertex 28.377 -0.95 12.2727
    endloop
  endfacet
  facet normal 0.97408 -0 0.226203
    outer loop
      vertex 28.1112 -0.95 13.0674
      vertex 28.2108 0 12.6385
      vertex 28.1112 0 13.0674
    endloop
  endfacet
  facet normal 0.97408 0 0.226203
    outer loop
      vertex 28.2108 0 12.6385
      vertex 28.1112 -0.95 13.0674
      vertex 28.2108 -0.95 12.6385
    endloop
  endfacet
  facet normal 0.997717 -0 0.0675284
    outer loop
      vertex 28.0779 -0.95 13.5594
      vertex 28.1112 0 13.0674
      vertex 28.0779 0 13.5594
    endloop
  endfacet
  facet normal 0.997717 0 0.0675284
    outer loop
      vertex 28.1112 0 13.0674
      vertex 28.0779 -0.95 13.5594
      vertex 28.1112 -0.95 13.0674
    endloop
  endfacet
  facet normal 1 -0 0
    outer loop
      vertex 28.0779 -0.95 18.3388
      vertex 28.0779 0 13.5594
      vertex 28.0779 0 18.3388
    endloop
  endfacet
  facet normal 1 0 0
    outer loop
      vertex 28.0779 0 13.5594
      vertex 28.0779 -0.95 18.3388
      vertex 28.0779 -0.95 13.5594
    endloop
  endfacet
  facet normal -0 0 1
    outer loop
      vertex 27.0417 0 18.3388
      vertex 28.0779 -0.95 18.3388
      vertex 28.0779 0 18.3388
    endloop
  endfacet
  facet normal 0 0 1
    outer loop
      vertex 28.0779 -0.95 18.3388
      vertex 27.0417 0 18.3388
      vertex 27.0417 -0.95 18.3388
    endloop
  endfacet
  facet normal -1 0 0
    outer loop
      vertex 27.0417 -0.95 13.4726
      vertex 27.0417 0 18.3388
      vertex 27.0417 0 13.4726
    endloop
  endfacet
  facet normal -1 -0 0
    outer loop
      vertex 27.0417 0 18.3388
      vertex 27.0417 -0.95 13.4726
      vertex 27.0417 -0.95 18.3388
    endloop
  endfacet
  facet normal -0.998467 0 -0.0553555
    outer loop
      vertex 27.0658 -0.95 13.0379
      vertex 27.0417 0 13.4726
      vertex 27.0658 0 13.0379
    endloop
  endfacet
  facet normal -0.998467 -0 -0.0553555
    outer loop
      vertex 27.0417 0 13.4726
      vertex 27.0658 -0.95 13.0379
      vertex 27.0417 -0.95 13.4726
    endloop
  endfacet
  facet normal -0.984366 0 -0.176137
    outer loop
      vertex 27.138 -0.95 12.6344
      vertex 27.0658 0 13.0379
      vertex 27.138 0 12.6344
    endloop
  endfacet
  facet normal -0.984366 -0 -0.176137
    outer loop
      vertex 27.0658 0 13.0379
      vertex 27.138 -0.95 12.6344
      vertex 27.0658 -0.95 13.0379
    endloop
  endfacet
  facet normal -0.951482 0 -0.307705
    outer loop
      vertex 27.2584 -0.95 12.2621
      vertex 27.138 0 12.6344
      vertex 27.2584 0 12.2621
    endloop
  endfacet
  facet normal -0.951482 -0 -0.307705
    outer loop
      vertex 27.138 0 12.6344
      vertex 27.2584 -0.95 12.2621
      vertex 27.138 -0.95 12.6344
    endloop
  endfacet
  facet normal -0.896572 0 -0.442898
    outer loop
      vertex 27.4269 -0.95 11.921
      vertex 27.2584 0 12.2621
      vertex 27.4269 0 11.921
    endloop
  endfacet
  facet normal -0.896572 -0 -0.442898
    outer loop
      vertex 27.2584 0 12.2621
      vertex 27.4269 -0.95 11.921
      vertex 27.2584 -0.95 12.2621
    endloop
  endfacet
  facet normal -0.821709 0 -0.569908
    outer loop
      vertex 27.6392 -0.95 11.6149
      vertex 27.4269 0 11.921
      vertex 27.6392 0 11.6149
    endloop
  endfacet
  facet normal -0.821709 -0 -0.569908
    outer loop
      vertex 27.4269 0 11.921
      vertex 27.6392 -0.95 11.6149
      vertex 27.4269 -0.95 11.921
    endloop
  endfacet
  facet normal -0.72856 0 -0.684982
    outer loop
      vertex 27.8907 -0.95 11.3474
      vertex 27.6392 0 11.6149
      vertex 27.8907 0 11.3474
    endloop
  endfacet
  facet normal -0.72856 -0 -0.684982
    outer loop
      vertex 27.6392 0 11.6149
      vertex 27.8907 -0.95 11.3474
      vertex 27.6392 -0.95 11.6149
    endloop
  endfacet
  facet normal -0.618382 0 -0.785878
    outer loop
      vertex 27.8907 -0.95 11.3474
      vertex 28.1816 0 11.1185
      vertex 28.1816 -0.95 11.1185
    endloop
  endfacet
  facet normal -0.618382 0 -0.785878
    outer loop
      vertex 28.1816 0 11.1185
      vertex 27.8907 -0.95 11.3474
      vertex 27.8907 0 11.3474
    endloop
  endfacet
  facet normal -0.499018 0 -0.866592
    outer loop
      vertex 28.1816 -0.95 11.1185
      vertex 28.5119 0 10.9283
      vertex 28.5119 -0.95 10.9283
    endloop
  endfacet
  facet normal -0.499018 0 -0.866592
    outer loop
      vertex 28.5119 0 10.9283
      vertex 28.1816 -0.95 11.1185
      vertex 28.1816 0 11.1185
    endloop
  endfacet
  facet normal -0.379206 0 -0.925312
    outer loop
      vertex 28.5119 -0.95 10.9283
      vertex 28.8767 0 10.7788
      vertex 28.8767 -0.95 10.7788
    endloop
  endfacet
  facet normal -0.379206 0 -0.925312
    outer loop
      vertex 28.8767 0 10.7788
      vertex 28.5119 -0.95 10.9283
      vertex 28.5119 0 10.9283
    endloop
  endfacet
  facet normal -0.261192 0 -0.965287
    outer loop
      vertex 28.8767 -0.95 10.7788
      vertex 29.2714 0 10.672
      vertex 29.2714 -0.95 10.672
    endloop
  endfacet
  facet normal -0.261192 0 -0.965287
    outer loop
      vertex 29.2714 0 10.672
      vertex 28.8767 -0.95 10.7788
      vertex 28.8767 0 10.7788
    endloop
  endfacet
  facet normal -0.149309 0 -0.988791
    outer loop
      vertex 29.2714 -0.95 10.672
      vertex 29.6959 0 10.6079
      vertex 29.6959 -0.95 10.6079
    endloop
  endfacet
  facet normal -0.149309 0 -0.988791
    outer loop
      vertex 29.6959 0 10.6079
      vertex 29.2714 -0.95 10.672
      vertex 29.2714 0 10.672
    endloop
  endfacet
  facet normal -0.0470429 0 -0.998893
    outer loop
      vertex 29.6959 -0.95 10.6079
      vertex 30.1503 0 10.5865
      vertex 30.1503 -0.95 10.5865
    endloop
  endfacet
  facet normal -0.0470429 0 -0.998893
    outer loop
      vertex 30.1503 0 10.5865
      vertex 29.6959 -0.95 10.6079
      vertex 29.6959 0 10.6079
    endloop
  endfacet
  facet normal 0.046972 0 -0.998896
    outer loop
      vertex 30.1503 -0.95 10.5865
      vertex 30.6224 0 10.6087
      vertex 30.6224 -0.95 10.6087
    endloop
  endfacet
  facet normal 0.046972 0 -0.998896
    outer loop
      vertex 30.6224 0 10.6087
      vertex 30.1503 -0.95 10.5865
      vertex 30.1503 0 10.5865
    endloop
  endfacet
  facet normal 0.0982333 0 -0.995163
    outer loop
      vertex 67.6443 -0.95 10.6163
      vertex 67.8925 0 10.6408
      vertex 67.8925 -0.95 10.6408
    endloop
  endfacet
  facet normal 0.0982333 0 -0.995163
    outer loop
      vertex 67.8925 0 10.6408
      vertex 67.6443 -0.95 10.6163
      vertex 67.6443 0 10.6163
    endloop
  endfacet
  facet normal 0.163552 0 -0.986535
    outer loop
      vertex 67.8925 -0.95 10.6408
      vertex 68.138 0 10.6815
      vertex 68.138 -0.95 10.6815
    endloop
  endfacet
  facet normal 0.163552 0 -0.986535
    outer loop
      vertex 68.138 0 10.6815
      vertex 67.8925 -0.95 10.6408
      vertex 67.8925 0 10.6408
    endloop
  endfacet
  facet normal 0.228168 0 -0.973622
    outer loop
      vertex 68.138 -0.95 10.6815
      vertex 68.3808 0 10.7384
      vertex 68.3808 -0.95 10.7384
    endloop
  endfacet
  facet normal 0.228168 0 -0.973622
    outer loop
      vertex 68.3808 0 10.7384
      vertex 68.138 -0.95 10.6815
      vertex 68.138 0 10.6815
    endloop
  endfacet
  facet normal 1 -0 0
    outer loop
      vertex 68.3808 -0.95 11.46
      vertex 68.3808 0 10.7384
      vertex 68.3808 0 11.46
    endloop
  endfacet
  facet normal 1 0 0
    outer loop
      vertex 68.3808 0 10.7384
      vertex 68.3808 -0.95 11.46
      vertex 68.3808 -0.95 10.7384
    endloop
  endfacet
  facet normal -0.188386 0 0.982095
    outer loop
      vertex 68.2072 0 11.4267
      vertex 68.3808 -0.95 11.46
      vertex 68.3808 0 11.46
    endloop
  endfacet
  facet normal -0.188386 0 0.982095
    outer loop
      vertex 68.3808 -0.95 11.46
      vertex 68.2072 0 11.4267
      vertex 68.2072 -0.95 11.4267
    endloop
  endfacet
  facet normal -0.154159 0 0.988046
    outer loop
      vertex 68.0553 0 11.403
      vertex 68.2072 -0.95 11.4267
      vertex 68.2072 0 11.4267
    endloop
  endfacet
  facet normal -0.154159 0 0.988046
    outer loop
      vertex 68.2072 -0.95 11.4267
      vertex 68.0553 0 11.403
      vertex 68.0553 -0.95 11.403
    endloop
  endfacet
  facet normal -0.109175 0 0.994023
    outer loop
      vertex 67.9251 0 11.3887
      vertex 68.0553 -0.95 11.403
      vertex 68.0553 0 11.403
    endloop
  endfacet
  facet normal -0.109175 0 0.994023
    outer loop
      vertex 68.0553 -0.95 11.403
      vertex 67.9251 0 11.3887
      vertex 67.9251 -0.95 11.3887
    endloop
  endfacet
  facet normal -0.0432774 0 0.999063
    outer loop
      vertex 67.8166 0 11.384
      vertex 67.9251 -0.95 11.3887
      vertex 67.9251 0 11.3887
    endloop
  endfacet
  facet normal -0.0432774 0 0.999063
    outer loop
      vertex 67.9251 -0.95 11.3887
      vertex 67.8166 0 11.384
      vertex 67.8166 -0.95 11.384
    endloop
  endfacet
  facet normal 0.0674817 0 0.997721
    outer loop
      vertex 67.6584 0 11.3947
      vertex 67.8166 -0.95 11.384
      vertex 67.8166 0 11.384
    endloop
  endfacet
  facet normal 0.0674817 0 0.997721
    outer loop
      vertex 67.8166 -0.95 11.384
      vertex 67.6584 0 11.3947
      vertex 67.6584 -0.95 11.3947
    endloop
  endfacet
  facet normal 0.234426 0 0.972134
    outer loop
      vertex 67.5257 0 11.4267
      vertex 67.6584 -0.95 11.3947
      vertex 67.6584 0 11.3947
    endloop
  endfacet
  facet normal 0.234426 0 0.972134
    outer loop
      vertex 67.6584 -0.95 11.3947
      vertex 67.5257 0 11.4267
      vertex 67.5257 -0.95 11.4267
    endloop
  endfacet
  facet normal 0.445544 0 0.89526
    outer loop
      vertex 67.4184 0 11.4801
      vertex 67.5257 -0.95 11.4267
      vertex 67.5257 0 11.4267
    endloop
  endfacet
  facet normal 0.445544 0 0.89526
    outer loop
      vertex 67.5257 -0.95 11.4267
      vertex 67.4184 0 11.4801
      vertex 67.4184 -0.95 11.4801
    endloop
  endfacet
  facet normal 0.673884 0 0.738837
    outer loop
      vertex 67.3365 0 11.5548
      vertex 67.4184 -0.95 11.4801
      vertex 67.4184 0 11.4801
    endloop
  endfacet
  facet normal 0.673884 0 0.738837
    outer loop
      vertex 67.4184 -0.95 11.4801
      vertex 67.3365 0 11.5548
      vertex 67.3365 -0.95 11.5548
    endloop
  endfacet
  facet normal 0.858538 -0 0.51275
    outer loop
      vertex 67.276 -0.95 11.6561
      vertex 67.3365 0 11.5548
      vertex 67.276 0 11.6561
    endloop
  endfacet
  facet normal 0.858538 0 0.51275
    outer loop
      vertex 67.3365 0 11.5548
      vertex 67.276 -0.95 11.6561
      vertex 67.3365 -0.95 11.5548
    endloop
  endfacet
  facet normal 0.95067 -0 0.310204
    outer loop
      vertex 67.2327 -0.95 11.7888
      vertex 67.276 0 11.6561
      vertex 67.2327 0 11.7888
    endloop
  endfacet
  facet normal 0.95067 0 0.310204
    outer loop
      vertex 67.276 0 11.6561
      vertex 67.2327 -0.95 11.7888
      vertex 67.276 -0.95 11.6561
    endloop
  endfacet
  facet normal 0.987802 -0 0.155716
    outer loop
      vertex 67.2068 -0.95 11.9531
      vertex 67.2327 0 11.7888
      vertex 67.2068 0 11.9531
    endloop
  endfacet
  facet normal 0.987802 0 0.155716
    outer loop
      vertex 67.2327 0 11.7888
      vertex 67.2068 -0.95 11.9531
      vertex 67.2327 -0.95 11.7888
    endloop
  endfacet
  facet normal 0.999037 -0 0.0438801
    outer loop
      vertex 67.1982 -0.95 12.1489
      vertex 67.2068 0 11.9531
      vertex 67.1982 0 12.1489
    endloop
  endfacet
  facet normal 0.999037 0 0.0438801
    outer loop
      vertex 67.2068 0 11.9531
      vertex 67.1982 -0.95 12.1489
      vertex 67.2068 -0.95 11.9531
    endloop
  endfacet
  facet normal 1 -0 0
    outer loop
      vertex 67.1982 -0.95 15.8542
      vertex 67.1982 0 12.1489
      vertex 67.1982 0 15.8542
    endloop
  endfacet
  facet normal 1 0 0
    outer loop
      vertex 67.1982 0 12.1489
      vertex 67.1982 -0.95 15.8542
      vertex 67.1982 -0.95 12.1489
    endloop
  endfacet
  facet normal 0 0 -1
    outer loop
      vertex 67.1982 -0.95 15.8542
      vertex 68.2832 0 15.8542
      vertex 68.2832 -0.95 15.8542
    endloop
  endfacet
  facet normal -0 0 -1
    outer loop
      vertex 68.2832 0 15.8542
      vertex 67.1982 -0.95 15.8542
      vertex 67.1982 0 15.8542
    endloop
  endfacet
  facet normal 1 -0 0
    outer loop
      vertex 68.2832 -0.95 16.5648
      vertex 68.2832 0 15.8542
      vertex 68.2832 0 16.5648
    endloop
  endfacet
  facet normal 1 0 0
    outer loop
      vertex 68.2832 0 15.8542
      vertex 68.2832 -0.95 16.5648
      vertex 68.2832 -0.95 15.8542
    endloop
  endfacet
  facet normal -0 0 1
    outer loop
      vertex 67.1982 0 16.5648
      vertex 68.2832 -0.95 16.5648
      vertex 68.2832 0 16.5648
    endloop
  endfacet
  facet normal 0 0 1
    outer loop
      vertex 68.2832 -0.95 16.5648
      vertex 67.1982 0 16.5648
      vertex 67.1982 -0.95 16.5648
    endloop
  endfacet
  facet normal 1 -0 0
    outer loop
      vertex 67.1982 -0.95 17.8777
      vertex 67.1982 0 16.5648
      vertex 67.1982 0 17.8777
    endloop
  endfacet
  facet normal 1 0 0
    outer loop
      vertex 67.1982 0 16.5648
      vertex 67.1982 -0.95 17.8777
      vertex 67.1982 -0.95 16.5648
    endloop
  endfacet
  facet normal -0 0 1
    outer loop
      vertex 66.5472 0 17.8777
      vertex 67.1982 -0.95 17.8777
      vertex 67.1982 0 17.8777
    endloop
  endfacet
  facet normal 0 0 1
    outer loop
      vertex 67.1982 -0.95 17.8777
      vertex 66.5472 0 17.8777
      vertex 66.5472 -0.95 17.8777
    endloop
  endfacet
  facet normal -0.976837 0 0.213983
    outer loop
      vertex 66.2596 -0.95 16.5648
      vertex 66.5472 0 17.8777
      vertex 66.2596 0 16.5648
    endloop
  endfacet
  facet normal -0.976837 0 0.213983
    outer loop
      vertex 66.5472 0 17.8777
      vertex 66.2596 -0.95 16.5648
      vertex 66.5472 -0.95 17.8777
    endloop
  endfacet
  facet normal -0 0 1
    outer loop
      vertex 65.5435 0 16.5648
      vertex 66.2596 -0.95 16.5648
      vertex 66.2596 0 16.5648
    endloop
  endfacet
  facet normal 0 0 1
    outer loop
      vertex 66.2596 -0.95 16.5648
      vertex 65.5435 0 16.5648
      vertex 65.5435 -0.95 16.5648
    endloop
  endfacet
  facet normal -1 0 0
    outer loop
      vertex 65.5435 -0.95 15.8542
      vertex 65.5435 0 16.5648
      vertex 65.5435 0 15.8542
    endloop
  endfacet
  facet normal -1 -0 0
    outer loop
      vertex 65.5435 0 16.5648
      vertex 65.5435 -0.95 15.8542
      vertex 65.5435 -0.95 16.5648
    endloop
  endfacet
  facet normal 0 0 -1
    outer loop
      vertex 65.5435 -0.95 15.8542
      vertex 66.2217 0 15.8542
      vertex 66.2217 -0.95 15.8542
    endloop
  endfacet
  facet normal -0 0 -1
    outer loop
      vertex 66.2217 0 15.8542
      vertex 65.5435 -0.95 15.8542
      vertex 65.5435 0 15.8542
    endloop
  endfacet
  facet normal -1 0 0
    outer loop
      vertex 66.2217 -0.95 11.9373
      vertex 66.2217 0 15.8542
      vertex 66.2217 0 11.9373
    endloop
  endfacet
  facet normal -1 -0 0
    outer loop
      vertex 66.2217 0 15.8542
      vertex 66.2217 -0.95 11.9373
      vertex 66.2217 -0.95 15.8542
    endloop
  endfacet
  facet normal -0.99217 0 -0.124896
    outer loop
      vertex 66.2949 -0.95 11.3558
      vertex 66.2217 0 11.9373
      vertex 66.2949 0 11.3558
    endloop
  endfacet
  facet normal -0.99217 -0 -0.124896
    outer loop
      vertex 66.2217 0 11.9373
      vertex 66.2949 -0.95 11.3558
      vertex 66.2217 -0.95 11.9373
    endloop
  endfacet
  facet normal -0.883933 0 -0.467614
    outer loop
      vertex 66.5146 -0.95 10.9405
      vertex 66.2949 0 11.3558
      vertex 66.5146 0 10.9405
    endloop
  endfacet
  facet normal -0.883933 -0 -0.467614
    outer loop
      vertex 66.2949 0 11.3558
      vertex 66.5146 -0.95 10.9405
      vertex 66.2949 -0.95 11.3558
    endloop
  endfacet
  facet normal -0.562594 0 -0.826733
    outer loop
      vertex 66.5146 -0.95 10.9405
      vertex 66.8808 0 10.6913
      vertex 66.8808 -0.95 10.6913
    endloop
  endfacet
  facet normal -0.562594 0 -0.826733
    outer loop
      vertex 66.8808 0 10.6913
      vertex 66.5146 -0.95 10.9405
      vertex 66.5146 0 10.9405
    endloop
  endfacet
  facet normal -0.160026 0 -0.987113
    outer loop
      vertex 66.8808 -0.95 10.6913
      vertex 67.3934 0 10.6082
      vertex 67.3934 -0.95 10.6082
    endloop
  endfacet
  facet normal -0.160026 0 -0.987113
    outer loop
      vertex 67.3934 0 10.6082
      vertex 66.8808 -0.95 10.6913
      vertex 66.8808 0 10.6913
    endloop
  endfacet
  facet normal 0.032267 0 -0.999479
    outer loop
      vertex 67.3934 -0.95 10.6082
      vertex 67.6443 0 10.6163
      vertex 67.6443 -0.95 10.6163
    endloop
  endfacet
  facet normal 0.032267 0 -0.999479
    outer loop
      vertex 67.6443 0 10.6163
      vertex 67.3934 -0.95 10.6082
      vertex 67.3934 0 10.6082
    endloop
  endfacet
  facet normal 0.998041 0 -0.0625623
    outer loop
      vertex 35.7929 -0.95 14.5016
      vertex 35.7675 0 14.0964
      vertex 35.7929 0 14.5016
    endloop
  endfacet
  facet normal 0.998041 0 -0.0625623
    outer loop
      vertex 35.7675 0 14.0964
      vertex 35.7929 -0.95 14.5016
      vertex 35.7675 -0.95 14.0964
    endloop
  endfacet
  facet normal 0.978081 0 -0.208224
    outer loop
      vertex 35.8692 -0.95 14.86
      vertex 35.7929 0 14.5016
      vertex 35.8692 0 14.86
    endloop
  endfacet
  facet normal 0.978081 0 -0.208224
    outer loop
      vertex 35.7929 0 14.5016
      vertex 35.8692 -0.95 14.86
      vertex 35.7929 -0.95 14.5016
    endloop
  endfacet
  facet normal 0.925935 0 -0.377684
    outer loop
      vertex 35.9963 -0.95 15.1716
      vertex 35.8692 0 14.86
      vertex 35.9963 0 15.1716
    endloop
  endfacet
  facet normal 0.925935 0 -0.377684
    outer loop
      vertex 35.8692 0 14.86
      vertex 35.9963 -0.95 15.1716
      vertex 35.8692 -0.95 14.86
    endloop
  endfacet
  facet normal 0.829923 0 -0.557879
    outer loop
      vertex 36.1743 -0.95 15.4364
      vertex 35.9963 0 15.1716
      vertex 36.1743 0 15.4364
    endloop
  endfacet
  facet normal 0.829923 0 -0.557879
    outer loop
      vertex 35.9963 0 15.1716
      vertex 36.1743 -0.95 15.4364
      vertex 35.9963 -0.95 15.1716
    endloop
  endfacet
  facet normal 0.689272 0 -0.724502
    outer loop
      vertex 36.1743 -0.95 15.4364
      vertex 36.3964 0 15.6477
      vertex 36.3964 -0.95 15.6477
    endloop
  endfacet
  facet normal 0.689272 0 -0.724502
    outer loop
      vertex 36.3964 0 15.6477
      vertex 36.1743 -0.95 15.4364
      vertex 36.1743 0 15.4364
    endloop
  endfacet
  facet normal 0.502586 0 -0.864527
    outer loop
      vertex 36.3964 -0.95 15.6477
      vertex 36.6558 0 15.7985
      vertex 36.6558 -0.95 15.7985
    endloop
  endfacet
  facet normal 0.502586 0 -0.864527
    outer loop
      vertex 36.6558 0 15.7985
      vertex 36.3964 -0.95 15.6477
      vertex 36.3964 0 15.6477
    endloop
  endfacet
  facet normal 0.292047 0 -0.956404
    outer loop
      vertex 36.6558 -0.95 15.7985
      vertex 36.9525 0 15.8891
      vertex 36.9525 -0.95 15.8891
    endloop
  endfacet
  facet normal 0.292047 0 -0.956404
    outer loop
      vertex 36.9525 0 15.8891
      vertex 36.6558 -0.95 15.7985
      vertex 36.6558 0 15.7985
    endloop
  endfacet
  facet normal 0.0897827 0 -0.995961
    outer loop
      vertex 36.9525 -0.95 15.8891
      vertex 37.2864 0 15.9192
      vertex 37.2864 -0.95 15.9192
    endloop
  endfacet
  facet normal 0.0897827 0 -0.995961
    outer loop
      vertex 37.2864 0 15.9192
      vertex 36.9525 -0.95 15.8891
      vertex 36.9525 0 15.8891
    endloop
  endfacet
  facet normal -0.0387545 0 -0.999249
    outer loop
      vertex 37.2864 -0.95 15.9192
      vertex 37.5133 0 15.9104
      vertex 37.5133 -0.95 15.9104
    endloop
  endfacet
  facet normal -0.0387545 0 -0.999249
    outer loop
      vertex 37.5133 0 15.9104
      vertex 37.2864 -0.95 15.9192
      vertex 37.2864 0 15.9192
    endloop
  endfacet
  facet normal -0.132427 0 -0.991193
    outer loop
      vertex 37.5133 -0.95 15.9104
      vertex 37.7109 0 15.884
      vertex 37.7109 -0.95 15.884
    endloop
  endfacet
  facet normal -0.132427 0 -0.991193
    outer loop
      vertex 37.7109 0 15.884
      vertex 37.5133 -0.95 15.9104
      vertex 37.5133 0 15.9104
    endloop
  endfacet
  facet normal -0.253193 0 -0.967416
    outer loop
      vertex 37.7109 -0.95 15.884
      vertex 37.8794 0 15.8399
      vertex 37.8794 -0.95 15.8399
    endloop
  endfacet
  facet normal -0.253193 0 -0.967416
    outer loop
      vertex 37.8794 0 15.8399
      vertex 37.7109 -0.95 15.884
      vertex 37.7109 0 15.884
    endloop
  endfacet
  facet normal -0.404738 0 -0.914433
    outer loop
      vertex 37.8794 -0.95 15.8399
      vertex 38.0188 0 15.7782
      vertex 38.0188 -0.95 15.7782
    endloop
  endfacet
  facet normal -0.404738 0 -0.914433
    outer loop
      vertex 38.0188 0 15.7782
      vertex 37.8794 -0.95 15.8399
      vertex 37.8794 0 15.8399
    endloop
  endfacet
  facet normal -0.574831 0 -0.818272
    outer loop
      vertex 38.0188 -0.95 15.7782
      vertex 38.1351 0 15.6965
      vertex 38.1351 -0.95 15.6965
    endloop
  endfacet
  facet normal -0.574831 0 -0.818272
    outer loop
      vertex 38.1351 0 15.6965
      vertex 38.0188 -0.95 15.7782
      vertex 38.0188 0 15.7782
    endloop
  endfacet
  facet normal -0.723592 0 -0.690228
    outer loop
      vertex 38.2344 -0.95 15.5924
      vertex 38.1351 0 15.6965
      vertex 38.2344 0 15.5924
    endloop
  endfacet
  facet normal -0.723592 -0 -0.690228
    outer loop
      vertex 38.1351 0 15.6965
      vertex 38.2344 -0.95 15.5924
      vertex 38.1351 -0.95 15.6965
    endloop
  endfacet
  facet normal -0.837914 0 -0.545803
    outer loop
      vertex 38.3168 -0.95 15.4659
      vertex 38.2344 0 15.5924
      vertex 38.3168 0 15.4659
    endloop
  endfacet
  facet normal -0.837914 -0 -0.545803
    outer loop
      vertex 38.2344 0 15.5924
      vertex 38.3168 -0.95 15.4659
      vertex 38.2344 -0.95 15.5924
    endloop
  endfacet
  facet normal -0.915252 0 -0.402883
    outer loop
      vertex 38.3823 -0.95 15.3171
      vertex 38.3168 0 15.4659
      vertex 38.3823 0 15.3171
    endloop
  endfacet
  facet normal -0.915252 -0 -0.402883
    outer loop
      vertex 38.3168 0 15.4659
      vertex 38.3823 -0.95 15.3171
      vertex 38.3168 -0.95 15.4659
    endloop
  endfacet
  facet normal -0.962344 0 -0.271836
    outer loop
      vertex 38.4321 -0.95 15.1408
      vertex 38.3823 0 15.3171
      vertex 38.4321 0 15.1408
    endloop
  endfacet
  facet normal -0.962344 -0 -0.271836
    outer loop
      vertex 38.3823 0 15.3171
      vertex 38.4321 -0.95 15.1408
      vertex 38.3823 -0.95 15.3171
    endloop
  endfacet
  facet normal -0.985788 0 -0.167994
    outer loop
      vertex 38.4677 -0.95 14.9319
      vertex 38.4321 0 15.1408
      vertex 38.4677 0 14.9319
    endloop
  endfacet
  facet normal -0.985788 -0 -0.167994
    outer loop
      vertex 38.4321 0 15.1408
      vertex 38.4677 -0.95 14.9319
      vertex 38.4321 -0.95 15.1408
    endloop
  endfacet
  facet normal -0.996094 0 -0.0883032
    outer loop
      vertex 38.4891 -0.95 14.6905
      vertex 38.4677 0 14.9319
      vertex 38.4891 0 14.6905
    endloop
  endfacet
  facet normal -0.996094 -0 -0.0883032
    outer loop
      vertex 38.4677 0 14.9319
      vertex 38.4891 -0.95 14.6905
      vertex 38.4677 -0.95 14.9319
    endloop
  endfacet
  facet normal -0.999664 0 -0.0259037
    outer loop
      vertex 38.4962 -0.95 14.4165
      vertex 38.4891 0 14.6905
      vertex 38.4962 0 14.4165
    endloop
  endfacet
  facet normal -0.999664 -0 -0.0259037
    outer loop
      vertex 38.4891 0 14.6905
      vertex 38.4962 -0.95 14.4165
      vertex 38.4891 -0.95 14.6905
    endloop
  endfacet
  facet normal -1 0 0
    outer loop
      vertex 38.4962 -0.95 10.695
      vertex 38.4962 0 14.4165
      vertex 38.4962 0 10.695
    endloop
  endfacet
  facet normal -1 -0 0
    outer loop
      vertex 38.4962 0 14.4165
      vertex 38.4962 -0.95 10.695
      vertex 38.4962 -0.95 14.4165
    endloop
  endfacet
  facet normal 0 0 -1
    outer loop
      vertex 38.4962 -0.95 10.695
      vertex 39.4781 0 10.695
      vertex 39.4781 -0.95 10.695
    endloop
  endfacet
  facet normal -0 0 -1
    outer loop
      vertex 39.4781 0 10.695
      vertex 38.4962 -0.95 10.695
      vertex 38.4962 0 10.695
    endloop
  endfacet
  facet normal 1 -0 0
    outer loop
      vertex 39.4781 -0.95 14.6064
      vertex 39.4781 0 10.695
      vertex 39.4781 0 14.6064
    endloop
  endfacet
  facet normal 1 0 0
    outer loop
      vertex 39.4781 0 10.695
      vertex 39.4781 -0.95 14.6064
      vertex 39.4781 -0.95 10.695
    endloop
  endfacet
  facet normal 0.998521 -0 0.054373
    outer loop
      vertex 39.4501 -0.95 15.1206
      vertex 39.4781 0 14.6064
      vertex 39.4501 0 15.1206
    endloop
  endfacet
  facet normal 0.998521 0 0.054373
    outer loop
      vertex 39.4781 0 14.6064
      vertex 39.4501 -0.95 15.1206
      vertex 39.4781 -0.95 14.6064
    endloop
  endfacet
  facet normal 0.981976 -0 0.189006
    outer loop
      vertex 39.3662 -0.95 15.5565
      vertex 39.4501 0 15.1206
      vertex 39.3662 0 15.5565
    endloop
  endfacet
  facet normal 0.981976 0 0.189006
    outer loop
      vertex 39.4501 0 15.1206
      vertex 39.3662 -0.95 15.5565
      vertex 39.4501 -0.95 15.1206
    endloop
  endfacet
  facet normal 0.931235 -0 0.364419
    outer loop
      vertex 39.2263 -0.95 15.914
      vertex 39.3662 0 15.5565
      vertex 39.2263 0 15.914
    endloop
  endfacet
  facet normal 0.931235 0 0.364419
    outer loop
      vertex 39.3662 0 15.5565
      vertex 39.2263 -0.95 15.914
      vertex 39.3662 -0.95 15.5565
    endloop
  endfacet
  facet normal 0.818736 -0 0.574171
    outer loop
      vertex 39.0305 -0.95 16.1932
      vertex 39.2263 0 15.914
      vertex 39.0305 0 16.1932
    endloop
  endfacet
  facet normal 0.818736 0 0.574171
    outer loop
      vertex 39.2263 0 15.914
      vertex 39.0305 -0.95 16.1932
      vertex 39.2263 -0.95 15.914
    endloop
  endfacet
  facet normal 0.634256 0 0.773123
    outer loop
      vertex 38.7744 0 16.4033
      vertex 39.0305 -0.95 16.1932
      vertex 39.0305 0 16.1932
    endloop
  endfacet
  facet normal 0.634256 0 0.773123
    outer loop
      vertex 39.0305 -0.95 16.1932
      vertex 38.7744 0 16.4033
      vertex 38.7744 -0.95 16.4033
    endloop
  endfacet
  facet normal 0.423457 0 0.905916
    outer loop
      vertex 38.4535 0 16.5533
      vertex 38.7744 -0.95 16.4033
      vertex 38.7744 0 16.4033
    endloop
  endfacet
  facet normal 0.423457 0 0.905916
    outer loop
      vertex 38.7744 -0.95 16.4033
      vertex 38.4535 0 16.5533
      vertex 38.4535 -0.95 16.5533
    endloop
  endfacet
  facet normal 0.227238 0 0.973839
    outer loop
      vertex 38.0678 0 16.6433
      vertex 38.4535 -0.95 16.5533
      vertex 38.4535 0 16.5533
    endloop
  endfacet
  facet normal 0.227238 0 0.973839
    outer loop
      vertex 38.4535 -0.95 16.5533
      vertex 38.0678 0 16.6433
      vertex 38.0678 -0.95 16.6433
    endloop
  endfacet
  facet normal 0.0664602 0 0.997789
    outer loop
      vertex 37.6174 0 16.6733
      vertex 38.0678 -0.95 16.6433
      vertex 38.0678 0 16.6433
    endloop
  endfacet
  facet normal 0.0664602 0 0.997789
    outer loop
      vertex 38.0678 -0.95 16.6433
      vertex 37.6174 0 16.6733
      vertex 37.6174 -0.95 16.6733
    endloop
  endfacet
  facet normal -0.0501275 0 0.998743
    outer loop
      vertex 37.3026 0 16.6575
      vertex 37.6174 -0.95 16.6733
      vertex 37.6174 0 16.6733
    endloop
  endfacet
  facet normal -0.0501275 0 0.998743
    outer loop
      vertex 37.6174 -0.95 16.6733
      vertex 37.3026 0 16.6575
      vertex 37.3026 -0.95 16.6575
    endloop
  endfacet
  facet normal -0.16201 0 0.986789
    outer loop
      vertex 37.0145 0 16.6102
      vertex 37.3026 -0.95 16.6575
      vertex 37.3026 0 16.6575
    endloop
  endfacet
  facet normal -0.16201 0 0.986789
    outer loop
      vertex 37.3026 -0.95 16.6575
      vertex 37.0145 0 16.6102
      vertex 37.0145 -0.95 16.6102
    endloop
  endfacet
  facet normal -0.288726 0 0.957412
    outer loop
      vertex 36.7532 0 16.5314
      vertex 37.0145 -0.95 16.6102
      vertex 37.0145 0 16.6102
    endloop
  endfacet
  facet normal -0.288726 0 0.957412
    outer loop
      vertex 37.0145 -0.95 16.6102
      vertex 36.7532 0 16.5314
      vertex 36.7532 -0.95 16.5314
    endloop
  endfacet
  facet normal -0.425778 0 0.904827
    outer loop
      vertex 36.5188 0 16.4211
      vertex 36.7532 -0.95 16.5314
      vertex 36.7532 0 16.5314
    endloop
  endfacet
  facet normal -0.425778 0 0.904827
    outer loop
      vertex 36.7532 -0.95 16.5314
      vertex 36.5188 0 16.4211
      vertex 36.5188 -0.95 16.4211
    endloop
  endfacet
  facet normal -0.568951 0 0.822372
    outer loop
      vertex 36.3043 0 16.2727
      vertex 36.5188 -0.95 16.4211
      vertex 36.5188 0 16.4211
    endloop
  endfacet
  facet normal -0.568951 0 0.822372
    outer loop
      vertex 36.5188 -0.95 16.4211
      vertex 36.3043 0 16.2727
      vertex 36.3043 -0.95 16.2727
    endloop
  endfacet
  facet normal -0.691687 0 0.722197
    outer loop
      vertex 36.1031 0 16.08
      vertex 36.3043 -0.95 16.2727
      vertex 36.3043 0 16.2727
    endloop
  endfacet
  facet normal -0.691687 0 0.722197
    outer loop
      vertex 36.3043 -0.95 16.2727
      vertex 36.1031 0 16.08
      vertex 36.1031 -0.95 16.08
    endloop
  endfacet
  facet normal -0.783697 0 0.621143
    outer loop
      vertex 35.9151 -0.95 15.8428
      vertex 36.1031 0 16.08
      vertex 35.9151 0 15.8428
    endloop
  endfacet
  facet normal -0.783697 0 0.621143
    outer loop
      vertex 36.1031 0 16.08
      vertex 35.9151 -0.95 15.8428
      vertex 36.1031 -0.95 16.08
    endloop
  endfacet
  facet normal -0.849757 0 0.527175
    outer loop
      vertex 35.7404 -0.95 15.5612
      vertex 35.9151 0 15.8428
      vertex 35.7404 0 15.5612
    endloop
  endfacet
  facet normal -0.849757 0 0.527175
    outer loop
      vertex 35.9151 0 15.8428
      vertex 35.7404 -0.95 15.5612
      vertex 35.9151 -0.95 15.8428
    endloop
  endfacet
  facet normal -0 0 1
    outer loop
      vertex 35.724 0 15.5612
      vertex 35.7404 -0.95 15.5612
      vertex 35.7404 0 15.5612
    endloop
  endfacet
  facet normal 0 0 1
    outer loop
      vertex 35.7404 -0.95 15.5612
      vertex 35.724 0 15.5612
      vertex 35.724 -0.95 15.5612
    endloop
  endfacet
  facet normal 0.999653 -0 0.02636
    outer loop
      vertex 35.7188 -0.95 15.7584
      vertex 35.724 0 15.5612
      vertex 35.7188 0 15.7584
    endloop
  endfacet
  facet normal 0.999653 0 0.02636
    outer loop
      vertex 35.724 0 15.5612
      vertex 35.7188 -0.95 15.7584
      vertex 35.724 -0.95 15.5612
    endloop
  endfacet
  facet normal 0.999548 -0 0.0300662
    outer loop
      vertex 35.7139 -0.95 15.9213
      vertex 35.7188 0 15.7584
      vertex 35.7139 0 15.9213
    endloop
  endfacet
  facet normal 0.999548 0 0.0300662
    outer loop
      vertex 35.7188 0 15.7584
      vertex 35.7139 -0.95 15.9213
      vertex 35.7188 -0.95 15.7584
    endloop
  endfacet
  facet normal 0.999361 -0 0.035747
    outer loop
      vertex 35.7093 -0.95 16.0499
      vertex 35.7139 0 15.9213
      vertex 35.7093 0 16.0499
    endloop
  endfacet
  facet normal 0.999361 0 0.035747
    outer loop
      vertex 35.7139 0 15.9213
      vertex 35.7093 -0.95 16.0499
      vertex 35.7139 -0.95 15.9213
    endloop
  endfacet
  facet normal 0.999012 -0 0.0444476
    outer loop
      vertex 35.7051 -0.95 16.1443
      vertex 35.7093 0 16.0499
      vertex 35.7051 0 16.1443
    endloop
  endfacet
  facet normal 0.999012 0 0.0444476
    outer loop
      vertex 35.7093 0 16.0499
      vertex 35.7051 -0.95 16.1443
      vertex 35.7093 -0.95 16.0499
    endloop
  endfacet
  facet normal 0.998658 -0 0.0517921
    outer loop
      vertex 35.7012 -0.95 16.2195
      vertex 35.7051 0 16.1443
      vertex 35.7012 0 16.2195
    endloop
  endfacet
  facet normal 0.998658 0 0.0517921
    outer loop
      vertex 35.7051 0 16.1443
      vertex 35.7012 -0.95 16.2195
      vertex 35.7051 -0.95 16.1443
    endloop
  endfacet
  facet normal 0.998706 -0 0.0508535
    outer loop
      vertex 35.6976 -0.95 16.2902
      vertex 35.7012 0 16.2195
      vertex 35.6976 0 16.2902
    endloop
  endfacet
  facet normal 0.998706 0 0.0508535
    outer loop
      vertex 35.7012 0 16.2195
      vertex 35.6976 -0.95 16.2902
      vertex 35.7012 -0.95 16.2195
    endloop
  endfacet
  facet normal 0.998837 -0 0.0482093
    outer loop
      vertex 35.6944 -0.95 16.3565
      vertex 35.6976 0 16.2902
      vertex 35.6944 0 16.3565
    endloop
  endfacet
  facet normal 0.998837 0 0.0482093
    outer loop
      vertex 35.6976 0 16.2902
      vertex 35.6944 -0.95 16.3565
      vertex 35.6976 -0.95 16.2902
    endloop
  endfacet
  facet normal 0.998904 -0 0.0467984
    outer loop
      vertex 35.6915 -0.95 16.4184
      vertex 35.6944 0 16.3565
      vertex 35.6915 0 16.4184
    endloop
  endfacet
  facet normal 0.998904 0 0.0467984
    outer loop
      vertex 35.6944 0 16.3565
      vertex 35.6915 -0.95 16.4184
      vertex 35.6944 -0.95 16.3565
    endloop
  endfacet
  facet normal 0.998748 -0 0.05003
    outer loop
      vertex 35.6888 -0.95 16.4723
      vertex 35.6915 0 16.4184
      vertex 35.6888 0 16.4723
    endloop
  endfacet
  facet normal 0.998748 0 0.05003
    outer loop
      vertex 35.6915 0 16.4184
      vertex 35.6888 -0.95 16.4723
      vertex 35.6915 -0.95 16.4184
    endloop
  endfacet
  facet normal 0.997969 -0 0.0637002
    outer loop
      vertex 35.6861 -0.95 16.5146
      vertex 35.6888 0 16.4723
      vertex 35.6861 0 16.5146
    endloop
  endfacet
  facet normal 0.997969 0 0.0637002
    outer loop
      vertex 35.6888 0 16.4723
      vertex 35.6861 -0.95 16.5146
      vertex 35.6888 -0.95 16.4723
    endloop
  endfacet
  facet normal 0.996204 -0 0.087047
    outer loop
      vertex 35.6834 -0.95 16.5455
      vertex 35.6861 0 16.5146
      vertex 35.6834 0 16.5455
    endloop
  endfacet
  facet normal 0.996204 0 0.087047
    outer loop
      vertex 35.6861 0 16.5146
      vertex 35.6834 -0.95 16.5455
      vertex 35.6861 -0.95 16.5146
    endloop
  endfacet
  facet normal 0.990356 -0 0.138547
    outer loop
      vertex 35.6807 -0.95 16.5648
      vertex 35.6834 0 16.5455
      vertex 35.6807 0 16.5648
    endloop
  endfacet
  facet normal 0.990356 0 0.138547
    outer loop
      vertex 35.6834 0 16.5455
      vertex 35.6807 -0.95 16.5648
      vertex 35.6834 -0.95 16.5455
    endloop
  endfacet
  facet normal -0 0 1
    outer loop
      vertex 34.7584 0 16.5648
      vertex 35.6807 -0.95 16.5648
      vertex 35.6807 0 16.5648
    endloop
  endfacet
  facet normal 0 0 1
    outer loop
      vertex 35.6807 -0.95 16.5648
      vertex 34.7584 0 16.5648
      vertex 34.7584 -0.95 16.5648
    endloop
  endfacet
  facet normal -0.996259 0 -0.0864195
    outer loop
      vertex 34.7726 -0.95 16.4011
      vertex 34.7584 0 16.5648
      vertex 34.7726 0 16.4011
    endloop
  endfacet
  facet normal -0.996259 -0 -0.0864195
    outer loop
      vertex 34.7584 0 16.5648
      vertex 34.7726 -0.95 16.4011
      vertex 34.7584 -0.95 16.5648
    endloop
  endfacet
  facet normal -0.999252 0 -0.0386807
    outer loop
      vertex 34.7828 -0.95 16.1376
      vertex 34.7726 0 16.4011
      vertex 34.7828 0 16.1376
    endloop
  endfacet
  facet normal -0.999252 -0 -0.0386807
    outer loop
      vertex 34.7726 0 16.4011
      vertex 34.7828 -0.95 16.1376
      vertex 34.7726 -0.95 16.4011
    endloop
  endfacet
  facet normal -0.999859 0 -0.0167974
    outer loop
      vertex 34.7889 -0.95 15.7745
      vertex 34.7828 0 16.1376
      vertex 34.7889 0 15.7745
    endloop
  endfacet
  facet normal -0.999859 -0 -0.0167974
    outer loop
      vertex 34.7828 0 16.1376
      vertex 34.7889 -0.95 15.7745
      vertex 34.7828 -0.95 16.1376
    endloop
  endfacet
  facet normal -0.999991 0 -0.00432055
    outer loop
      vertex 34.7909 -0.95 15.3116
      vertex 34.7889 0 15.7745
      vertex 34.7909 0 15.3116
    endloop
  endfacet
  facet normal -0.999991 -0 -0.00432055
    outer loop
      vertex 34.7889 0 15.7745
      vertex 34.7909 -0.95 15.3116
      vertex 34.7889 -0.95 15.7745
    endloop
  endfacet
  facet normal -1 0 0
    outer loop
      vertex 34.7909 -0.95 10.695
      vertex 34.7909 0 15.3116
      vertex 34.7909 0 10.695
    endloop
  endfacet
  facet normal -1 -0 0
    outer loop
      vertex 34.7909 0 15.3116
      vertex 34.7909 -0.95 10.695
      vertex 34.7909 -0.95 15.3116
    endloop
  endfacet
  facet normal 0 0 -1
    outer loop
      vertex 34.7909 -0.95 10.695
      vertex 35.7675 0 10.695
      vertex 35.7675 -0.95 10.695
    endloop
  endfacet
  facet normal -0 0 -1
    outer loop
      vertex 35.7675 0 10.695
      vertex 34.7909 -0.95 10.695
      vertex 34.7909 0 10.695
    endloop
  endfacet
  facet normal 1 -0 0
    outer loop
      vertex 35.7675 -0.95 14.0964
      vertex 35.7675 0 10.695
      vertex 35.7675 0 14.0964
    endloop
  endfacet
  facet normal 1 0 0
    outer loop
      vertex 35.7675 0 10.695
      vertex 35.7675 -0.95 14.0964
      vertex 35.7675 -0.95 10.695
    endloop
  endfacet
  facet normal 0.356793 0 -0.934184
    outer loop
      vertex 51.8763 -0.95 10.6733
      vertex 52.5581 0 10.9337
      vertex 52.5581 -0.95 10.9337
    endloop
  endfacet
  facet normal 0.356793 0 -0.934184
    outer loop
      vertex 52.5581 0 10.9337
      vertex 51.8763 -0.95 10.6733
      vertex 51.8763 0 10.6733
    endloop
  endfacet
  facet normal 0.644849 0 -0.76431
    outer loop
      vertex 52.5581 -0.95 10.9337
      vertex 53.0725 0 11.3677
      vertex 53.0725 -0.95 11.3677
    endloop
  endfacet
  facet normal 0.644849 0 -0.76431
    outer loop
      vertex 53.0725 0 11.3677
      vertex 52.5581 -0.95 10.9337
      vertex 52.5581 0 10.9337
    endloop
  endfacet
  facet normal 0.868428 0 -0.495816
    outer loop
      vertex 53.4194 -0.95 11.9753
      vertex 53.0725 0 11.3677
      vertex 53.4194 0 11.9753
    endloop
  endfacet
  facet normal 0.868428 0 -0.495816
    outer loop
      vertex 53.0725 0 11.3677
      vertex 53.4194 -0.95 11.9753
      vertex 53.0725 -0.95 11.3677
    endloop
  endfacet
  facet normal 0.273876 0 0.961765
    outer loop
      vertex 52.5622 0 12.2194
      vertex 53.4194 -0.95 11.9753
      vertex 53.4194 0 11.9753
    endloop
  endfacet
  facet normal 0.273876 0 0.961765
    outer loop
      vertex 53.4194 -0.95 11.9753
      vertex 52.5622 0 12.2194
      vertex 52.5622 -0.95 12.2194
    endloop
  endfacet
  facet normal -0.913489 0 0.406864
    outer loop
      vertex 52.479 -0.95 12.0326
      vertex 52.5622 0 12.2194
      vertex 52.479 0 12.0326
    endloop
  endfacet
  facet normal -0.913489 0 0.406864
    outer loop
      vertex 52.5622 0 12.2194
      vertex 52.479 -0.95 12.0326
      vertex 52.5622 -0.95 12.2194
    endloop
  endfacet
  facet normal -0.830166 0 0.557516
    outer loop
      vertex 52.3649 -0.95 11.8627
      vertex 52.479 0 12.0326
      vertex 52.3649 0 11.8627
    endloop
  endfacet
  facet normal -0.830166 0 0.557516
    outer loop
      vertex 52.479 0 12.0326
      vertex 52.3649 -0.95 11.8627
      vertex 52.479 -0.95 12.0326
    endloop
  endfacet
  facet normal -0.725603 0 0.688113
    outer loop
      vertex 52.2199 -0.95 11.7098
      vertex 52.3649 0 11.8627
      vertex 52.2199 0 11.7098
    endloop
  endfacet
  facet normal -0.725603 0 0.688113
    outer loop
      vertex 52.3649 0 11.8627
      vertex 52.2199 -0.95 11.7098
      vertex 52.3649 -0.95 11.8627
    endloop
  endfacet
  facet normal -0.611883 0 0.790948
    outer loop
      vertex 52.0441 0 11.5738
      vertex 52.2199 -0.95 11.7098
      vertex 52.2199 0 11.7098
    endloop
  endfacet
  facet normal -0.611883 0 0.790948
    outer loop
      vertex 52.2199 -0.95 11.7098
      vertex 52.0441 0 11.5738
      vertex 52.0441 -0.95 11.5738
    endloop
  endfacet
  facet normal -0.474227 0 0.880403
    outer loop
      vertex 51.8371 0 11.4623
      vertex 52.0441 -0.95 11.5738
      vertex 52.0441 0 11.5738
    endloop
  endfacet
  facet normal -0.474227 0 0.880403
    outer loop
      vertex 52.0441 -0.95 11.5738
      vertex 51.8371 0 11.4623
      vertex 51.8371 -0.95 11.4623
    endloop
  endfacet
  facet normal -0.316943 0 0.948444
    outer loop
      vertex 51.5986 0 11.3826
      vertex 51.8371 -0.95 11.4623
      vertex 51.8371 0 11.4623
    endloop
  endfacet
  facet normal -0.316943 0 0.948444
    outer loop
      vertex 51.8371 -0.95 11.4623
      vertex 51.5986 0 11.3826
      vertex 51.5986 -0.95 11.3826
    endloop
  endfacet
  facet normal -0.174326 0 0.984688
    outer loop
      vertex 51.3286 0 11.3348
      vertex 51.5986 -0.95 11.3826
      vertex 51.5986 0 11.3826
    endloop
  endfacet
  facet normal -0.174326 0 0.984688
    outer loop
      vertex 51.5986 -0.95 11.3826
      vertex 51.3286 0 11.3348
      vertex 51.3286 -0.95 11.3348
    endloop
  endfacet
  facet normal -0.0529759 0 0.998596
    outer loop
      vertex 51.027 0 11.3188
      vertex 51.3286 -0.95 11.3348
      vertex 51.3286 0 11.3348
    endloop
  endfacet
  facet normal -0.0529759 0 0.998596
    outer loop
      vertex 51.3286 -0.95 11.3348
      vertex 51.027 0 11.3188
      vertex 51.027 -0.95 11.3188
    endloop
  endfacet
  facet normal 0.090512 0 0.995895
    outer loop
      vertex 50.6496 0 11.3531
      vertex 51.027 -0.95 11.3188
      vertex 51.027 0 11.3188
    endloop
  endfacet
  facet normal 0.090512 0 0.995895
    outer loop
      vertex 51.027 -0.95 11.3188
      vertex 50.6496 0 11.3531
      vertex 50.6496 -0.95 11.3531
    endloop
  endfacet
  facet normal 0.29773 0 0.95465
    outer loop
      vertex 50.3203 0 11.4558
      vertex 50.6496 -0.95 11.3531
      vertex 50.6496 0 11.3531
    endloop
  endfacet
  facet normal 0.29773 0 0.95465
    outer loop
      vertex 50.6496 -0.95 11.3531
      vertex 50.3203 0 11.4558
      vertex 50.3203 -0.95 11.4558
    endloop
  endfacet
  facet normal 0.520381 0 0.853934
    outer loop
      vertex 50.0392 0 11.6271
      vertex 50.3203 -0.95 11.4558
      vertex 50.3203 0 11.4558
    endloop
  endfacet
  facet normal 0.520381 0 0.853934
    outer loop
      vertex 50.3203 -0.95 11.4558
      vertex 50.0392 0 11.6271
      vertex 50.0392 -0.95 11.6271
    endloop
  endfacet
  facet normal 0.717207 -0 0.69686
    outer loop
      vertex 49.8063 -0.95 11.8668
      vertex 50.0392 0 11.6271
      vertex 49.8063 0 11.8668
    endloop
  endfacet
  facet normal 0.717207 0 0.69686
    outer loop
      vertex 50.0392 0 11.6271
      vertex 49.8063 -0.95 11.8668
      vertex 50.0392 -0.95 11.6271
    endloop
  endfacet
  facet normal 0.856093 -0 0.516822
    outer loop
      vertex 49.6235 -0.95 12.1696
      vertex 49.8063 0 11.8668
      vertex 49.6235 0 12.1696
    endloop
  endfacet
  facet normal 0.856093 0 0.516822
    outer loop
      vertex 49.8063 0 11.8668
      vertex 49.6235 -0.95 12.1696
      vertex 49.8063 -0.95 11.8668
    endloop
  endfacet
  facet normal 0.940257 -0 0.340465
    outer loop
      vertex 49.493 -0.95 12.53
      vertex 49.6235 0 12.1696
      vertex 49.493 0 12.53
    endloop
  endfacet
  facet normal 0.940257 0 0.340465
    outer loop
      vertex 49.6235 0 12.1696
      vertex 49.493 -0.95 12.53
      vertex 49.6235 -0.95 12.1696
    endloop
  endfacet
  facet normal 0.982912 -0 0.184076
    outer loop
      vertex 49.4147 -0.95 12.9481
      vertex 49.493 0 12.53
      vertex 49.4147 0 12.9481
    endloop
  endfacet
  facet normal 0.982912 0 0.184076
    outer loop
      vertex 49.493 0 12.53
      vertex 49.4147 -0.95 12.9481
      vertex 49.493 -0.95 12.53
    endloop
  endfacet
  facet normal 0.998498 -0 0.0547841
    outer loop
      vertex 49.3886 -0.95 13.4238
      vertex 49.4147 0 12.9481
      vertex 49.3886 0 13.4238
    endloop
  endfacet
  facet normal 0.998498 0 0.0547841
    outer loop
      vertex 49.4147 0 12.9481
      vertex 49.3886 -0.95 13.4238
      vertex 49.4147 -0.95 12.9481
    endloop
  endfacet
  facet normal 0 0 -1
    outer loop
      vertex 49.3886 -0.95 13.4238
      vertex 53.5767 0 13.4238
      vertex 53.5767 -0.95 13.4238
    endloop
  endfacet
  facet normal -0 0 -1
    outer loop
      vertex 53.5767 0 13.4238
      vertex 49.3886 -0.95 13.4238
      vertex 49.3886 0 13.4238
    endloop
  endfacet
  facet normal 1 -0 0
    outer loop
      vertex 53.5767 -0.95 13.554
      vertex 53.5767 0 13.4238
      vertex 53.5767 0 13.554
    endloop
  endfacet
  facet normal 1 0 0
    outer loop
      vertex 53.5767 0 13.4238
      vertex 53.5767 -0.95 13.554
      vertex 53.5767 -0.95 13.4238
    endloop
  endfacet
  facet normal 0.993053 -0 0.117664
    outer loop
      vertex 53.415 -0.95 14.9187
      vertex 53.5767 0 13.554
      vertex 53.415 0 14.9187
    endloop
  endfacet
  facet normal 0.993053 0 0.117664
    outer loop
      vertex 53.5767 0 13.554
      vertex 53.415 -0.95 14.9187
      vertex 53.5767 -0.95 13.554
    endloop
  endfacet
  facet normal 0.895234 -0 0.445597
    outer loop
      vertex 52.9298 -0.95 15.8935
      vertex 53.415 0 14.9187
      vertex 52.9298 0 15.8935
    endloop
  endfacet
  facet normal 0.895234 0 0.445597
    outer loop
      vertex 53.415 0 14.9187
      vertex 52.9298 -0.95 15.8935
      vertex 53.415 -0.95 14.9187
    endloop
  endfacet
  facet normal 0.585977 0 0.810328
    outer loop
      vertex 52.1211 0 16.4783
      vertex 52.9298 -0.95 15.8935
      vertex 52.9298 0 15.8935
    endloop
  endfacet
  facet normal 0.585977 0 0.810328
    outer loop
      vertex 52.9298 -0.95 15.8935
      vertex 52.1211 0 16.4783
      vertex 52.1211 -0.95 16.4783
    endloop
  endfacet
  facet normal 0.169747 0 0.985488
    outer loop
      vertex 50.989 0 16.6733
      vertex 52.1211 -0.95 16.4783
      vertex 52.1211 0 16.4783
    endloop
  endfacet
  facet normal 0.169747 0 0.985488
    outer loop
      vertex 52.1211 -0.95 16.4783
      vertex 50.989 0 16.6733
      vertex 50.989 -0.95 16.6733
    endloop
  endfacet
  facet normal -0.0811618 0 0.996701
    outer loop
      vertex 50.3934 0 16.6248
      vertex 50.989 -0.95 16.6733
      vertex 50.989 0 16.6733
    endloop
  endfacet
  facet normal -0.0811618 0 0.996701
    outer loop
      vertex 50.989 -0.95 16.6733
      vertex 50.3934 0 16.6248
      vertex 50.3934 -0.95 16.6248
    endloop
  endfacet
  facet normal -0.268043 0 0.963407
    outer loop
      vertex 49.8708 0 16.4794
      vertex 50.3934 -0.95 16.6248
      vertex 50.3934 0 16.6248
    endloop
  endfacet
  facet normal -0.268043 0 0.963407
    outer loop
      vertex 50.3934 -0.95 16.6248
      vertex 49.8708 0 16.4794
      vertex 49.8708 -0.95 16.4794
    endloop
  endfacet
  facet normal -0.474403 0 0.880308
    outer loop
      vertex 49.421 0 16.237
      vertex 49.8708 -0.95 16.4794
      vertex 49.8708 0 16.4794
    endloop
  endfacet
  facet normal -0.474403 0 0.880308
    outer loop
      vertex 49.8708 -0.95 16.4794
      vertex 49.421 0 16.237
      vertex 49.421 -0.95 16.237
    endloop
  endfacet
  facet normal -0.669172 0 0.743108
    outer loop
      vertex 49.0441 0 15.8976
      vertex 49.421 -0.95 16.237
      vertex 49.421 0 16.237
    endloop
  endfacet
  facet normal -0.669172 0 0.743108
    outer loop
      vertex 49.421 -0.95 16.237
      vertex 49.0441 0 15.8976
      vertex 49.0441 -0.95 15.8976
    endloop
  endfacet
  facet normal -0.822192 0 0.56921
    outer loop
      vertex 48.7462 -0.95 15.4673
      vertex 49.0441 0 15.8976
      vertex 48.7462 0 15.4673
    endloop
  endfacet
  facet normal -0.822192 0 0.56921
    outer loop
      vertex 49.0441 0 15.8976
      vertex 48.7462 -0.95 15.4673
      vertex 49.0441 -0.95 15.8976
    endloop
  endfacet
  facet normal -0.924272 0 0.381733
    outer loop
      vertex 48.5335 -0.95 14.9523
      vertex 48.7462 0 15.4673
      vertex 48.5335 0 14.9523
    endloop
  endfacet
  facet normal -0.924272 0 0.381733
    outer loop
      vertex 48.7462 0 15.4673
      vertex 48.5335 -0.95 14.9523
      vertex 48.7462 -0.95 15.4673
    endloop
  endfacet
  facet normal -0.978119 0 0.208048
    outer loop
      vertex 48.4059 -0.95 14.3524
      vertex 48.5335 0 14.9523
      vertex 48.4059 0 14.3524
    endloop
  endfacet
  facet normal -0.978119 0 0.208048
    outer loop
      vertex 48.5335 0 14.9523
      vertex 48.4059 -0.95 14.3524
      vertex 48.5335 -0.95 14.9523
    endloop
  endfacet
  facet normal -0.998069 0 0.062115
    outer loop
      vertex 48.3633 -0.95 13.6679
      vertex 48.4059 0 14.3524
      vertex 48.3633 0 13.6679
    endloop
  endfacet
  facet normal -0.998069 0 0.062115
    outer loop
      vertex 48.4059 0 14.3524
      vertex 48.3633 -0.95 13.6679
      vertex 48.4059 -0.95 14.3524
    endloop
  endfacet
  facet normal -0.998244 0 -0.0592438
    outer loop
      vertex 48.4059 -0.95 12.9501
      vertex 48.3633 0 13.6679
      vertex 48.4059 0 12.9501
    endloop
  endfacet
  facet normal -0.998244 -0 -0.0592438
    outer loop
      vertex 48.3633 0 13.6679
      vertex 48.4059 -0.95 12.9501
      vertex 48.3633 -0.95 13.6679
    endloop
  endfacet
  facet normal -0.979695 0 -0.200496
    outer loop
      vertex 48.5335 -0.95 12.3266
      vertex 48.4059 0 12.9501
      vertex 48.5335 0 12.3266
    endloop
  endfacet
  facet normal -0.979695 -0 -0.200496
    outer loop
      vertex 48.4059 0 12.9501
      vertex 48.5335 -0.95 12.3266
      vertex 48.4059 -0.95 12.9501
    endloop
  endfacet
  facet normal -0.927883 0 -0.372871
    outer loop
      vertex 48.7462 -0.95 11.7973
      vertex 48.5335 0 12.3266
      vertex 48.7462 0 11.7973
    endloop
  endfacet
  facet normal -0.927883 -0 -0.372871
    outer loop
      vertex 48.5335 0 12.3266
      vertex 48.7462 -0.95 11.7973
      vertex 48.5335 -0.95 12.3266
    endloop
  endfacet
  facet normal -0.82507 0 -0.565031
    outer loop
      vertex 49.0441 -0.95 11.3623
      vertex 48.7462 0 11.7973
      vertex 49.0441 0 11.3623
    endloop
  endfacet
  facet normal -0.82507 -0 -0.565031
    outer loop
      vertex 48.7462 0 11.7973
      vertex 49.0441 -0.95 11.3623
      vertex 48.7462 -0.95 11.7973
    endloop
  endfacet
  facet normal -0.666824 0 -0.745216
    outer loop
      vertex 49.0441 -0.95 11.3623
      vertex 49.4234 0 11.0229
      vertex 49.4234 -0.95 11.0229
    endloop
  endfacet
  facet normal -0.666824 0 -0.745216
    outer loop
      vertex 49.4234 0 11.0229
      vertex 49.0441 -0.95 11.3623
      vertex 49.0441 0 11.3623
    endloop
  endfacet
  facet normal -0.46866 0 -0.883378
    outer loop
      vertex 49.4234 -0.95 11.0229
      vertex 49.8803 0 10.7805
      vertex 49.8803 -0.95 10.7805
    endloop
  endfacet
  facet normal -0.46866 0 -0.883378
    outer loop
      vertex 49.8803 0 10.7805
      vertex 49.4234 -0.95 11.0229
      vertex 49.4234 0 11.0229
    endloop
  endfacet
  facet normal -0.262659 0 -0.964889
    outer loop
      vertex 49.8803 -0.95 10.7805
      vertex 50.4148 0 10.635
      vertex 50.4148 -0.95 10.635
    endloop
  endfacet
  facet normal -0.262659 0 -0.964889
    outer loop
      vertex 50.4148 0 10.635
      vertex 49.8803 -0.95 10.7805
      vertex 49.8803 0 10.7805
    endloop
  endfacet
  facet normal -0.078975 0 -0.996877
    outer loop
      vertex 50.4148 -0.95 10.635
      vertex 51.027 0 10.5865
      vertex 51.027 -0.95 10.5865
    endloop
  endfacet
  facet normal -0.078975 0 -0.996877
    outer loop
      vertex 51.027 0 10.5865
      vertex 50.4148 -0.95 10.635
      vertex 50.4148 0 10.635
    endloop
  endfacet
  facet normal 0.101672 0 -0.994818
    outer loop
      vertex 51.027 -0.95 10.5865
      vertex 51.8763 0 10.6733
      vertex 51.8763 -0.95 10.6733
    endloop
  endfacet
  facet normal 0.101672 0 -0.994818
    outer loop
      vertex 51.8763 0 10.6733
      vertex 51.027 -0.95 10.5865
      vertex 51.027 0 10.5865
    endloop
  endfacet
  facet normal 0.994829 0 -0.10156
    outer loop
      vertex 49.4396 -0.95 14.5652
      vertex 49.3995 0 14.1724
      vertex 49.4396 0 14.5652
    endloop
  endfacet
  facet normal 0.994829 0 -0.10156
    outer loop
      vertex 49.3995 0 14.1724
      vertex 49.4396 -0.95 14.5652
      vertex 49.3995 -0.95 14.1724
    endloop
  endfacet
  facet normal 0.96955 0 -0.244892
    outer loop
      vertex 49.5276 -0.95 14.9136
      vertex 49.4396 0 14.5652
      vertex 49.5276 0 14.9136
    endloop
  endfacet
  facet normal 0.96955 0 -0.244892
    outer loop
      vertex 49.4396 0 14.5652
      vertex 49.5276 -0.95 14.9136
      vertex 49.4396 -0.95 14.5652
    endloop
  endfacet
  facet normal 0.912992 0 -0.407977
    outer loop
      vertex 49.6634 -0.95 15.2175
      vertex 49.5276 0 14.9136
      vertex 49.6634 0 15.2175
    endloop
  endfacet
  facet normal 0.912992 0 -0.407977
    outer loop
      vertex 49.5276 0 14.9136
      vertex 49.6634 -0.95 15.2175
      vertex 49.5276 -0.95 14.9136
    endloop
  endfacet
  facet normal 0.816445 0 -0.577424
    outer loop
      vertex 49.847 -0.95 15.4771
      vertex 49.6634 0 15.2175
      vertex 49.847 0 15.4771
    endloop
  endfacet
  facet normal 0.816445 0 -0.577424
    outer loop
      vertex 49.6634 0 15.2175
      vertex 49.847 -0.95 15.4771
      vertex 49.6634 -0.95 15.2175
    endloop
  endfacet
  facet normal 0.676668 0 -0.736288
    outer loop
      vertex 49.847 -0.95 15.4771
      vertex 50.073 0 15.6848
      vertex 50.073 -0.95 15.6848
    endloop
  endfacet
  facet normal 0.676668 0 -0.736288
    outer loop
      vertex 50.073 0 15.6848
      vertex 49.847 -0.95 15.4771
      vertex 49.847 0 15.4771
    endloop
  endfacet
  facet normal 0.491315 0 -0.870982
    outer loop
      vertex 50.073 -0.95 15.6848
      vertex 50.3359 0 15.8331
      vertex 50.3359 -0.95 15.8331
    endloop
  endfacet
  facet normal 0.491315 0 -0.870982
    outer loop
      vertex 50.3359 0 15.8331
      vertex 50.073 -0.95 15.6848
      vertex 50.073 0 15.6848
    endloop
  endfacet
  facet normal 0.284502 0 -0.958675
    outer loop
      vertex 50.3359 -0.95 15.8331
      vertex 50.6358 0 15.9221
      vertex 50.6358 -0.95 15.9221
    endloop
  endfacet
  facet normal 0.284502 0 -0.958675
    outer loop
      vertex 50.6358 0 15.9221
      vertex 50.3359 -0.95 15.8331
      vertex 50.3359 0 15.8331
    endloop
  endfacet
  facet normal 0.0878161 0 -0.996137
    outer loop
      vertex 50.6358 -0.95 15.9221
      vertex 50.9727 0 15.9518
      vertex 50.9727 -0.95 15.9518
    endloop
  endfacet
  facet normal 0.0878161 0 -0.996137
    outer loop
      vertex 50.9727 0 15.9518
      vertex 50.6358 -0.95 15.9221
      vertex 50.6358 0 15.9221
    endloop
  endfacet
  facet normal -0.0769176 0 -0.997037
    outer loop
      vertex 50.9727 -0.95 15.9518
      vertex 51.3175 0 15.9252
      vertex 51.3175 -0.95 15.9252
    endloop
  endfacet
  facet normal -0.0769176 0 -0.997037
    outer loop
      vertex 51.3175 0 15.9252
      vertex 50.9727 -0.95 15.9518
      vertex 50.9727 0 15.9518
    endloop
  endfacet
  facet normal -0.25569 0 -0.966759
    outer loop
      vertex 51.3175 -0.95 15.9252
      vertex 51.6196 0 15.8453
      vertex 51.6196 -0.95 15.8453
    endloop
  endfacet
  facet normal -0.25569 0 -0.966759
    outer loop
      vertex 51.6196 0 15.8453
      vertex 51.3175 -0.95 15.9252
      vertex 51.3175 0 15.9252
    endloop
  endfacet
  facet normal -0.456519 0 -0.889714
    outer loop
      vertex 51.6196 -0.95 15.8453
      vertex 51.879 0 15.7122
      vertex 51.879 -0.95 15.7122
    endloop
  endfacet
  facet normal -0.456519 0 -0.889714
    outer loop
      vertex 51.879 0 15.7122
      vertex 51.6196 -0.95 15.8453
      vertex 51.6196 0 15.8453
    endloop
  endfacet
  facet normal -0.651886 0 -0.758317
    outer loop
      vertex 51.879 -0.95 15.7122
      vertex 52.0956 0 15.526
      vertex 52.0956 -0.95 15.526
    endloop
  endfacet
  facet normal -0.651886 0 -0.758317
    outer loop
      vertex 52.0956 0 15.526
      vertex 51.879 -0.95 15.7122
      vertex 51.879 0 15.7122
    endloop
  endfacet
  facet normal -0.811371 0 -0.584532
    outer loop
      vertex 52.2716 -0.95 15.2817
      vertex 52.0956 0 15.526
      vertex 52.2716 0 15.2817
    endloop
  endfacet
  facet normal -0.811371 -0 -0.584532
    outer loop
      vertex 52.0956 0 15.526
      vertex 52.2716 -0.95 15.2817
      vertex 52.0956 -0.95 15.526
    endloop
  endfacet
  facet normal -0.912865 0 -0.408262
    outer loop
      vertex 52.4089 -0.95 14.9747
      vertex 52.2716 0 15.2817
      vertex 52.4089 0 14.9747
    endloop
  endfacet
  facet normal -0.912865 -0 -0.408262
    outer loop
      vertex 52.2716 0 15.2817
      vertex 52.4089 -0.95 14.9747
      vertex 52.2716 -0.95 15.2817
    endloop
  endfacet
  facet normal -0.966179 0 -0.257874
    outer loop
      vertex 52.5076 -0.95 14.6049
      vertex 52.4089 0 14.9747
      vertex 52.5076 0 14.6049
    endloop
  endfacet
  facet normal -0.966179 -0 -0.257874
    outer loop
      vertex 52.4089 0 14.9747
      vertex 52.5076 -0.95 14.6049
      vertex 52.4089 -0.95 14.9747
    endloop
  endfacet
  facet normal -0.990514 0 -0.137412
    outer loop
      vertex 52.5676 -0.95 14.1724
      vertex 52.5076 0 14.6049
      vertex 52.5676 0 14.1724
    endloop
  endfacet
  facet normal -0.990514 -0 -0.137412
    outer loop
      vertex 52.5076 0 14.6049
      vertex 52.5676 -0.95 14.1724
      vertex 52.5076 -0.95 14.6049
    endloop
  endfacet
  facet normal -0 0 1
    outer loop
      vertex 49.3995 0 14.1724
      vertex 52.5676 -0.95 14.1724
      vertex 52.5676 0 14.1724
    endloop
  endfacet
  facet normal 0 0 1
    outer loop
      vertex 52.5676 -0.95 14.1724
      vertex 49.3995 0 14.1724
      vertex 49.3995 -0.95 14.1724
    endloop
  endfacet
  facet normal 0.999056 0 -0.0434467
    outer loop
      vertex 55.6928 -0.95 14.2146
      vertex 55.6728 0 13.7547
      vertex 55.6928 0 14.2146
    endloop
  endfacet
  facet normal 0.999056 0 -0.0434467
    outer loop
      vertex 55.6728 0 13.7547
      vertex 55.6928 -0.95 14.2146
      vertex 55.6728 -0.95 13.7547
    endloop
  endfacet
  facet normal 0.989119 0 -0.147117
    outer loop
      vertex 55.7528 -0.95 14.618
      vertex 55.6928 0 14.2146
      vertex 55.7528 0 14.618
    endloop
  endfacet
  facet normal 0.989119 0 -0.147117
    outer loop
      vertex 55.6928 0 14.2146
      vertex 55.7528 -0.95 14.618
      vertex 55.6928 -0.95 14.2146
    endloop
  endfacet
  facet normal 0.960809 0 -0.27721
    outer loop
      vertex 55.8528 -0.95 14.9646
      vertex 55.7528 0 14.618
      vertex 55.8528 0 14.9646
    endloop
  endfacet
  facet normal 0.960809 0 -0.27721
    outer loop
      vertex 55.7528 0 14.618
      vertex 55.8528 -0.95 14.9646
      vertex 55.7528 -0.95 14.618
    endloop
  endfacet
  facet normal 0.90061 0 -0.434628
    outer loop
      vertex 55.9928 -0.95 15.2547
      vertex 55.8528 0 14.9646
      vertex 55.9928 0 15.2547
    endloop
  endfacet
  facet normal 0.90061 0 -0.434628
    outer loop
      vertex 55.8528 0 14.9646
      vertex 55.9928 -0.95 15.2547
      vertex 55.8528 -0.95 14.9646
    endloop
  endfacet
  facet normal 0.789371 0 -0.613917
    outer loop
      vertex 56.1709 -0.95 15.4837
      vertex 55.9928 0 15.2547
      vertex 56.1709 0 15.4837
    endloop
  endfacet
  facet normal 0.789371 0 -0.613917
    outer loop
      vertex 55.9928 0 15.2547
      vertex 56.1709 -0.95 15.4837
      vertex 55.9928 -0.95 15.2547
    endloop
  endfacet
  facet normal 0.607519 0 -0.794305
    outer loop
      vertex 56.1709 -0.95 15.4837
      vertex 56.3848 0 15.6473
      vertex 56.3848 -0.95 15.6473
    endloop
  endfacet
  facet normal 0.607519 0 -0.794305
    outer loop
      vertex 56.3848 0 15.6473
      vertex 56.1709 -0.95 15.4837
      vertex 56.1709 0 15.4837
    endloop
  endfacet
  facet normal 0.365733 0 -0.93072
    outer loop
      vertex 56.3848 -0.95 15.6473
      vertex 56.6347 0 15.7455
      vertex 56.6347 -0.95 15.7455
    endloop
  endfacet
  facet normal 0.365733 0 -0.93072
    outer loop
      vertex 56.6347 0 15.7455
      vertex 56.3848 -0.95 15.6473
      vertex 56.3848 0 15.6473
    endloop
  endfacet
  facet normal 0.113674 0 -0.993518
    outer loop
      vertex 56.6347 -0.95 15.7455
      vertex 56.9205 0 15.7782
      vertex 56.9205 -0.95 15.7782
    endloop
  endfacet
  facet normal 0.113674 0 -0.993518
    outer loop
      vertex 56.9205 0 15.7782
      vertex 56.6347 -0.95 15.7455
      vertex 56.6347 0 15.7455
    endloop
  endfacet
  facet normal -0.0219869 0 -0.999758
    outer loop
      vertex 56.9205 -0.95 15.7782
      vertex 57.0751 0 15.7748
      vertex 57.0751 -0.95 15.7748
    endloop
  endfacet
  facet normal -0.0219869 0 -0.999758
    outer loop
      vertex 57.0751 0 15.7748
      vertex 56.9205 -0.95 15.7782
      vertex 56.9205 0 15.7782
    endloop
  endfacet
  facet normal -0.0735001 0 -0.997295
    outer loop
      vertex 57.0751 -0.95 15.7748
      vertex 57.2135 0 15.7646
      vertex 57.2135 -0.95 15.7646
    endloop
  endfacet
  facet normal -0.0735001 0 -0.997295
    outer loop
      vertex 57.2135 0 15.7646
      vertex 57.0751 -0.95 15.7748
      vertex 57.0751 0 15.7748
    endloop
  endfacet
  facet normal -0.137214 0 -0.990541
    outer loop
      vertex 57.2135 -0.95 15.7646
      vertex 57.3355 0 15.7477
      vertex 57.3355 -0.95 15.7477
    endloop
  endfacet
  facet normal -0.137214 0 -0.990541
    outer loop
      vertex 57.3355 0 15.7477
      vertex 57.2135 -0.95 15.7646
      vertex 57.2135 0 15.7646
    endloop
  endfacet
  facet normal -0.21859 0 -0.975817
    outer loop
      vertex 57.3355 -0.95 15.7477
      vertex 57.4413 0 15.724
      vertex 57.4413 -0.95 15.724
    endloop
  endfacet
  facet normal -0.21859 0 -0.975817
    outer loop
      vertex 57.4413 0 15.724
      vertex 57.3355 -0.95 15.7477
      vertex 57.3355 0 15.7477
    endloop
  endfacet
  facet normal 1 -0 0
    outer loop
      vertex 57.4413 -0.95 16.6191
      vertex 57.4413 0 15.724
      vertex 57.4413 0 16.6191
    endloop
  endfacet
  facet normal 1 0 0
    outer loop
      vertex 57.4413 0 15.724
      vertex 57.4413 -0.95 16.6191
      vertex 57.4413 -0.95 15.724
    endloop
  endfacet
  facet normal 0.230612 0 0.973046
    outer loop
      vertex 57.3413 0 16.6428
      vertex 57.4413 -0.95 16.6191
      vertex 57.4413 0 16.6191
    endloop
  endfacet
  facet normal 0.230612 0 0.973046
    outer loop
      vertex 57.4413 -0.95 16.6191
      vertex 57.3413 0 16.6428
      vertex 57.3413 -0.95 16.6428
    endloop
  endfacet
  facet normal 0.168578 0 0.985688
    outer loop
      vertex 57.2419 0 16.6598
      vertex 57.3413 -0.95 16.6428
      vertex 57.3413 0 16.6428
    endloop
  endfacet
  facet normal 0.168578 0 0.985688
    outer loop
      vertex 57.3413 -0.95 16.6428
      vertex 57.2419 0 16.6598
      vertex 57.2419 -0.95 16.6598
    endloop
  endfacet
  facet normal 0.101799 0 0.994805
    outer loop
      vertex 57.1432 0 16.6699
      vertex 57.2419 -0.95 16.6598
      vertex 57.2419 0 16.6598
    endloop
  endfacet
  facet normal 0.101799 0 0.994805
    outer loop
      vertex 57.2419 -0.95 16.6598
      vertex 57.1432 0 16.6699
      vertex 57.1432 -0.95 16.6699
    endloop
  endfacet
  facet normal 0.0347084 0 0.999397
    outer loop
      vertex 57.0453 0 16.6733
      vertex 57.1432 -0.95 16.6699
      vertex 57.1432 0 16.6699
    endloop
  endfacet
  facet normal 0.0347084 0 0.999397
    outer loop
      vertex 57.1432 -0.95 16.6699
      vertex 57.0453 0 16.6733
      vertex 57.0453 -0.95 16.6733
    endloop
  endfacet
  facet normal -0.0661132 0 0.997812
    outer loop
      vertex 56.7842 0 16.656
      vertex 57.0453 -0.95 16.6733
      vertex 57.0453 0 16.6733
    endloop
  endfacet
  facet normal -0.0661132 0 0.997812
    outer loop
      vertex 57.0453 -0.95 16.6733
      vertex 56.7842 0 16.656
      vertex 56.7842 -0.95 16.656
    endloop
  endfacet
  facet normal -0.219805 0 0.975544
    outer loop
      vertex 56.5543 0 16.6042
      vertex 56.7842 -0.95 16.656
      vertex 56.7842 0 16.656
    endloop
  endfacet
  facet normal -0.219805 0 0.975544
    outer loop
      vertex 56.7842 -0.95 16.656
      vertex 56.5543 0 16.6042
      vertex 56.5543 -0.95 16.6042
    endloop
  endfacet
  facet normal -0.399148 0 0.916887
    outer loop
      vertex 56.3556 0 16.5177
      vertex 56.5543 -0.95 16.6042
      vertex 56.5543 0 16.6042
    endloop
  endfacet
  facet normal -0.399148 0 0.916887
    outer loop
      vertex 56.5543 -0.95 16.6042
      vertex 56.3556 0 16.5177
      vertex 56.3556 -0.95 16.5177
    endloop
  endfacet
  facet normal -0.585349 0 0.810781
    outer loop
      vertex 56.188 0 16.3967
      vertex 56.3556 -0.95 16.5177
      vertex 56.3556 0 16.5177
    endloop
  endfacet
  facet normal -0.585349 0 0.810781
    outer loop
      vertex 56.3556 -0.95 16.5177
      vertex 56.188 0 16.3967
      vertex 56.188 -0.95 16.3967
    endloop
  endfacet
  facet normal -0.752078 0 0.659074
    outer loop
      vertex 56.0406 -0.95 16.2285
      vertex 56.188 0 16.3967
      vertex 56.0406 0 16.2285
    endloop
  endfacet
  facet normal -0.752078 0 0.659074
    outer loop
      vertex 56.188 0 16.3967
      vertex 56.0406 -0.95 16.2285
      vertex 56.188 -0.95 16.3967
    endloop
  endfacet
  facet normal -0.854133 0 0.520054
    outer loop
      vertex 55.9019 -0.95 16.0007
      vertex 56.0406 0 16.2285
      vertex 55.9019 0 16.0007
    endloop
  endfacet
  facet normal -0.854133 0 0.520054
    outer loop
      vertex 56.0406 0 16.2285
      vertex 55.9019 -0.95 16.0007
      vertex 56.0406 -0.95 16.2285
    endloop
  endfacet
  facet normal -0.911298 0 0.411748
    outer loop
      vertex 55.772 -0.95 15.7132
      vertex 55.9019 0 16.0007
      vertex 55.772 0 15.7132
    endloop
  endfacet
  facet normal -0.911298 0 0.411748
    outer loop
      vertex 55.9019 0 16.0007
      vertex 55.772 -0.95 15.7132
      vertex 55.9019 -0.95 16.0007
    endloop
  endfacet
  facet normal -0.944298 0 0.32909
    outer loop
      vertex 55.651 -0.95 15.366
      vertex 55.772 0 15.7132
      vertex 55.651 0 15.366
    endloop
  endfacet
  facet normal -0.944298 0 0.32909
    outer loop
      vertex 55.772 0 15.7132
      vertex 55.651 -0.95 15.366
      vertex 55.772 -0.95 15.7132
    endloop
  endfacet
  facet normal -0 0 1
    outer loop
      vertex 55.6293 0 15.366
      vertex 55.651 -0.95 15.366
      vertex 55.651 0 15.366
    endloop
  endfacet
  facet normal 0 0 1
    outer loop
      vertex 55.651 -0.95 15.366
      vertex 55.6293 0 15.366
      vertex 55.6293 -0.95 15.366
    endloop
  endfacet
  facet normal 0.999838 -0 0.0179731
    outer loop
      vertex 55.6266 -0.95 15.5162
      vertex 55.6293 0 15.366
      vertex 55.6266 0 15.5162
    endloop
  endfacet
  facet normal 0.999838 0 0.0179731
    outer loop
      vertex 55.6293 0 15.366
      vertex 55.6266 -0.95 15.5162
      vertex 55.6293 -0.95 15.366
    endloop
  endfacet
  facet normal 0.999475 -0 0.0324089
    outer loop
      vertex 55.6185 -0.95 15.766
      vertex 55.6266 0 15.5162
      vertex 55.6185 0 15.766
    endloop
  endfacet
  facet normal 0.999475 0 0.0324089
    outer loop
      vertex 55.6266 0 15.5162
      vertex 55.6185 -0.95 15.766
      vertex 55.6266 -0.95 15.5162
    endloop
  endfacet
  facet normal 0.999244 -0 0.0388722
    outer loop
      vertex 55.6049 -0.95 16.1156
      vertex 55.6185 0 15.766
      vertex 55.6049 0 16.1156
    endloop
  endfacet
  facet normal 0.999244 0 0.0388722
    outer loop
      vertex 55.6185 0 15.766
      vertex 55.6049 -0.95 16.1156
      vertex 55.6185 -0.95 15.766
    endloop
  endfacet
  facet normal 0.999116 -0 0.0420376
    outer loop
      vertex 55.586 -0.95 16.5648
      vertex 55.6049 0 16.1156
      vertex 55.586 0 16.5648
    endloop
  endfacet
  facet normal 0.999116 0 0.0420376
    outer loop
      vertex 55.6049 0 16.1156
      vertex 55.586 -0.95 16.5648
      vertex 55.6049 -0.95 16.1156
    endloop
  endfacet
  facet normal -0 0 1
    outer loop
      vertex 54.6637 0 16.5648
      vertex 55.586 -0.95 16.5648
      vertex 55.586 0 16.5648
    endloop
  endfacet
  facet normal 0 0 1
    outer loop
      vertex 55.586 -0.95 16.5648
      vertex 54.6637 0 16.5648
      vertex 54.6637 -0.95 16.5648
    endloop
  endfacet
  facet normal -0.999249 0 -0.0387581
    outer loop
      vertex 54.6779 -0.95 16.1987
      vertex 54.6637 0 16.5648
      vertex 54.6779 0 16.1987
    endloop
  endfacet
  facet normal -0.999249 -0 -0.0387581
    outer loop
      vertex 54.6637 0 16.5648
      vertex 54.6779 -0.95 16.1987
      vertex 54.6637 -0.95 16.5648
    endloop
  endfacet
  facet normal -0.999576 0 -0.0291305
    outer loop
      vertex 54.6881 -0.95 15.8487
      vertex 54.6779 0 16.1987
      vertex 54.6881 0 15.8487
    endloop
  endfacet
  facet normal -0.999576 -0 -0.0291305
    outer loop
      vertex 54.6779 0 16.1987
      vertex 54.6881 -0.95 15.8487
      vertex 54.6779 -0.95 16.1987
    endloop
  endfacet
  facet normal -0.999833 0 -0.0182823
    outer loop
      vertex 54.6942 -0.95 15.5151
      vertex 54.6881 0 15.8487
      vertex 54.6942 0 15.5151
    endloop
  endfacet
  facet normal -0.999833 -0 -0.0182823
    outer loop
      vertex 54.6881 0 15.8487
      vertex 54.6942 -0.95 15.5151
      vertex 54.6881 -0.95 15.8487
    endloop
  endfacet
  facet normal -0.99998 0 -0.00630107
    outer loop
      vertex 54.6962 -0.95 15.1977
      vertex 54.6942 0 15.5151
      vertex 54.6962 0 15.1977
    endloop
  endfacet
  facet normal -0.99998 -0 -0.00630107
    outer loop
      vertex 54.6942 0 15.5151
      vertex 54.6962 -0.95 15.1977
      vertex 54.6942 -0.95 15.5151
    endloop
  endfacet
  facet normal -1 0 0
    outer loop
      vertex 54.6962 -0.95 10.695
      vertex 54.6962 0 15.1977
      vertex 54.6962 0 10.695
    endloop
  endfacet
  facet normal -1 -0 0
    outer loop
      vertex 54.6962 0 15.1977
      vertex 54.6962 -0.95 10.695
      vertex 54.6962 -0.95 15.1977
    endloop
  endfacet
  facet normal 0 0 -1
    outer loop
      vertex 54.6962 -0.95 10.695
      vertex 55.6728 0 10.695
      vertex 55.6728 -0.95 10.695
    endloop
  endfacet
  facet normal -0 0 -1
    outer loop
      vertex 55.6728 0 10.695
      vertex 54.6962 -0.95 10.695
      vertex 54.6962 0 10.695
    endloop
  endfacet
  facet normal 1 -0 0
    outer loop
      vertex 55.6728 -0.95 13.7547
      vertex 55.6728 0 10.695
      vertex 55.6728 0 13.7547
    endloop
  endfacet
  facet normal 1 0 0
    outer loop
      vertex 55.6728 0 10.695
      vertex 55.6728 -0.95 13.7547
      vertex 55.6728 -0.95 10.695
    endloop
  endfacet
  facet normal 0.176711 0 -0.984263
    outer loop
      vertex 60.8442 -0.95 10.6147
      vertex 61.3143 0 10.6991
      vertex 61.3143 -0.95 10.6991
    endloop
  endfacet
  facet normal 0.176711 0 -0.984263
    outer loop
      vertex 61.3143 0 10.6991
      vertex 60.8442 -0.95 10.6147
      vertex 60.8442 0 10.6147
    endloop
  endfacet
  facet normal 0.326441 0 -0.945218
    outer loop
      vertex 61.3143 -0.95 10.6991
      vertex 61.7217 0 10.8398
      vertex 61.7217 -0.95 10.8398
    endloop
  endfacet
  facet normal 0.326441 0 -0.945218
    outer loop
      vertex 61.7217 0 10.8398
      vertex 61.3143 -0.95 10.6991
      vertex 61.3143 0 10.6991
    endloop
  endfacet
  facet normal 0.496193 0 -0.868212
    outer loop
      vertex 61.7217 -0.95 10.8398
      vertex 62.0664 0 11.0368
      vertex 62.0664 -0.95 11.0368
    endloop
  endfacet
  facet normal 0.496193 0 -0.868212
    outer loop
      vertex 62.0664 0 11.0368
      vertex 61.7217 -0.95 10.8398
      vertex 61.7217 0 10.8398
    endloop
  endfacet
  facet normal 0.672256 0 -0.740319
    outer loop
      vertex 62.0664 -0.95 11.0368
      vertex 62.3405 0 11.2857
      vertex 62.3405 -0.95 11.2857
    endloop
  endfacet
  facet normal 0.672256 0 -0.740319
    outer loop
      vertex 62.3405 0 11.2857
      vertex 62.0664 -0.95 11.0368
      vertex 62.0664 0 11.0368
    endloop
  endfacet
  facet normal 0.834296 0 -0.551317
    outer loop
      vertex 62.5363 -0.95 11.582
      vertex 62.3405 0 11.2857
      vertex 62.5363 0 11.582
    endloop
  endfacet
  facet normal 0.834296 0 -0.551317
    outer loop
      vertex 62.3405 0 11.2857
      vertex 62.5363 -0.95 11.582
      vertex 62.3405 -0.95 11.2857
    endloop
  endfacet
  facet normal 0.946262 0 -0.323402
    outer loop
      vertex 62.6538 -0.95 11.9258
      vertex 62.5363 0 11.582
      vertex 62.6538 0 11.9258
    endloop
  endfacet
  facet normal 0.946262 0 -0.323402
    outer loop
      vertex 62.5363 0 11.582
      vertex 62.6538 -0.95 11.9258
      vertex 62.5363 -0.95 11.582
    endloop
  endfacet
  facet normal 0.99502 0 -0.09968
    outer loop
      vertex 62.693 -0.95 12.3171
      vertex 62.6538 0 11.9258
      vertex 62.693 0 12.3171
    endloop
  endfacet
  facet normal 0.99502 0 -0.09968
    outer loop
      vertex 62.6538 0 11.9258
      vertex 62.693 -0.95 12.3171
      vertex 62.6538 -0.95 11.9258
    endloop
  endfacet
  facet normal 0.999137 -0 0.0415289
    outer loop
      vertex 62.6862 -0.95 12.4807
      vertex 62.693 0 12.3171
      vertex 62.6862 0 12.4807
    endloop
  endfacet
  facet normal 0.999137 0 0.0415289
    outer loop
      vertex 62.693 0 12.3171
      vertex 62.6862 -0.95 12.4807
      vertex 62.693 -0.95 12.3171
    endloop
  endfacet
  facet normal 0.991467 -0 0.130355
    outer loop
      vertex 62.6659 -0.95 12.6351
      vertex 62.6862 0 12.4807
      vertex 62.6659 0 12.6351
    endloop
  endfacet
  facet normal 0.991467 0 0.130355
    outer loop
      vertex 62.6862 0 12.4807
      vertex 62.6659 -0.95 12.6351
      vertex 62.6862 -0.95 12.4807
    endloop
  endfacet
  facet normal 0.973698 -0 0.227844
    outer loop
      vertex 62.6319 -0.95 12.7804
      vertex 62.6659 0 12.6351
      vertex 62.6319 0 12.7804
    endloop
  endfacet
  facet normal 0.973698 0 0.227844
    outer loop
      vertex 62.6659 0 12.6351
      vertex 62.6319 -0.95 12.7804
      vertex 62.6659 -0.95 12.6351
    endloop
  endfacet
  facet normal 0.944366 -0 0.328897
    outer loop
      vertex 62.5845 -0.95 12.9165
      vertex 62.6319 0 12.7804
      vertex 62.5845 0 12.9165
    endloop
  endfacet
  facet normal 0.944366 0 0.328897
    outer loop
      vertex 62.6319 0 12.7804
      vertex 62.5845 -0.95 12.9165
      vertex 62.6319 -0.95 12.7804
    endloop
  endfacet
  facet normal 0.905348 -0 0.42467
    outer loop
      vertex 62.5246 -0.95 13.0442
      vertex 62.5845 0 12.9165
      vertex 62.5246 0 13.0442
    endloop
  endfacet
  facet normal 0.905348 0 0.42467
    outer loop
      vertex 62.5845 0 12.9165
      vertex 62.5246 -0.95 13.0442
      vertex 62.5845 -0.95 12.9165
    endloop
  endfacet
  facet normal 0.860268 -0 0.509842
    outer loop
      vertex 62.4536 -0.95 13.164
      vertex 62.5246 0 13.0442
      vertex 62.4536 0 13.164
    endloop
  endfacet
  facet normal 0.860268 0 0.509842
    outer loop
      vertex 62.5246 0 13.0442
      vertex 62.4536 -0.95 13.164
      vertex 62.5246 -0.95 13.0442
    endloop
  endfacet
  facet normal 0.806428 -0 0.591332
    outer loop
      vertex 62.3714 -0.95 13.2761
      vertex 62.4536 0 13.164
      vertex 62.3714 0 13.2761
    endloop
  endfacet
  facet normal 0.806428 0 0.591332
    outer loop
      vertex 62.4536 0 13.164
      vertex 62.3714 -0.95 13.2761
      vertex 62.4536 -0.95 13.164
    endloop
  endfacet
  facet normal 0.744961 -0 0.667108
    outer loop
      vertex 62.278 -0.95 13.3804
      vertex 62.3714 0 13.2761
      vertex 62.278 0 13.3804
    endloop
  endfacet
  facet normal 0.744961 0 0.667108
    outer loop
      vertex 62.3714 0 13.2761
      vertex 62.278 -0.95 13.3804
      vertex 62.3714 -0.95 13.2761
    endloop
  endfacet
  facet normal 0.672366 0 0.740219
    outer loop
      vertex 62.17 0 13.4785
      vertex 62.278 -0.95 13.3804
      vertex 62.278 0 13.3804
    endloop
  endfacet
  facet normal 0.672366 0 0.740219
    outer loop
      vertex 62.278 -0.95 13.3804
      vertex 62.17 0 13.4785
      vertex 62.17 -0.95 13.4785
    endloop
  endfacet
  facet normal 0.597144 0 0.802134
    outer loop
      vertex 62.044 0 13.5723
      vertex 62.17 -0.95 13.4785
      vertex 62.17 0 13.4785
    endloop
  endfacet
  facet normal 0.597144 0 0.802134
    outer loop
      vertex 62.17 -0.95 13.4785
      vertex 62.044 0 13.5723
      vertex 62.044 -0.95 13.5723
    endloop
  endfacet
  facet normal 0.527289 0 0.849686
    outer loop
      vertex 61.9001 0 13.6616
      vertex 62.044 -0.95 13.5723
      vertex 62.044 0 13.5723
    endloop
  endfacet
  facet normal 0.527289 0 0.849686
    outer loop
      vertex 62.044 -0.95 13.5723
      vertex 61.9001 0 13.6616
      vertex 61.9001 -0.95 13.6616
    endloop
  endfacet
  facet normal 0.464416 0 0.885617
    outer loop
      vertex 61.7382 0 13.7465
      vertex 61.9001 -0.95 13.6616
      vertex 61.9001 0 13.6616
    endloop
  endfacet
  facet normal 0.464416 0 0.885617
    outer loop
      vertex 61.9001 -0.95 13.6616
      vertex 61.7382 0 13.7465
      vertex 61.7382 -0.95 13.7465
    endloop
  endfacet
  facet normal 0.39291 0 0.919577
    outer loop
      vertex 61.5402 0 13.8311
      vertex 61.7382 -0.95 13.7465
      vertex 61.7382 0 13.7465
    endloop
  endfacet
  facet normal 0.39291 0 0.919577
    outer loop
      vertex 61.7382 -0.95 13.7465
      vertex 61.5402 0 13.8311
      vertex 61.5402 -0.95 13.8311
    endloop
  endfacet
  facet normal 0.330667 0 0.943748
    outer loop
      vertex 61.2879 0 13.9195
      vertex 61.5402 -0.95 13.8311
      vertex 61.5402 0 13.8311
    endloop
  endfacet
  facet normal 0.330667 0 0.943748
    outer loop
      vertex 61.5402 -0.95 13.8311
      vertex 61.2879 0 13.9195
      vertex 61.2879 -0.95 13.9195
    endloop
  endfacet
  facet normal 0.287491 0 0.957783
    outer loop
      vertex 60.9814 0 14.0115
      vertex 61.2879 -0.95 13.9195
      vertex 61.2879 0 13.9195
    endloop
  endfacet
  facet normal 0.287491 0 0.957783
    outer loop
      vertex 61.2879 -0.95 13.9195
      vertex 60.9814 0 14.0115
      vertex 60.9814 -0.95 14.0115
    endloop
  endfacet
  facet normal 0.256695 0 0.966492
    outer loop
      vertex 60.6207 0 14.1073
      vertex 60.9814 -0.95 14.0115
      vertex 60.9814 0 14.0115
    endloop
  endfacet
  facet normal 0.256695 0 0.966492
    outer loop
      vertex 60.9814 -0.95 14.0115
      vertex 60.6207 0 14.1073
      vertex 60.6207 -0.95 14.1073
    endloop
  endfacet
  facet normal 0.245764 0 0.96933
    outer loop
      vertex 60.2464 0 14.2022
      vertex 60.6207 -0.95 14.1073
      vertex 60.6207 0 14.1073
    endloop
  endfacet
  facet normal 0.245764 0 0.96933
    outer loop
      vertex 60.6207 -0.95 14.1073
      vertex 60.2464 0 14.2022
      vertex 60.2464 -0.95 14.2022
    endloop
  endfacet
  facet normal 0.266711 0 0.963776
    outer loop
      vertex 59.9425 0 14.2863
      vertex 60.2464 -0.95 14.2022
      vertex 60.2464 0 14.2022
    endloop
  endfacet
  facet normal 0.266711 0 0.963776
    outer loop
      vertex 60.2464 -0.95 14.2022
      vertex 59.9425 0 14.2863
      vertex 59.9425 -0.95 14.2863
    endloop
  endfacet
  facet normal 0.299742 0 0.95402
    outer loop
      vertex 59.7092 0 14.3596
      vertex 59.9425 -0.95 14.2863
      vertex 59.9425 0 14.2863
    endloop
  endfacet
  facet normal 0.299742 0 0.95402
    outer loop
      vertex 59.9425 -0.95 14.2863
      vertex 59.7092 0 14.3596
      vertex 59.7092 -0.95 14.3596
    endloop
  endfacet
  facet normal 0.357903 0 0.933759
    outer loop
      vertex 59.5464 0 14.422
      vertex 59.7092 -0.95 14.3596
      vertex 59.7092 0 14.3596
    endloop
  endfacet
  facet normal 0.357903 0 0.933759
    outer loop
      vertex 59.7092 -0.95 14.3596
      vertex 59.5464 0 14.422
      vertex 59.5464 -0.95 14.422
    endloop
  endfacet
  facet normal 0.448409 0 0.893829
    outer loop
      vertex 59.4268 0 14.482
      vertex 59.5464 -0.95 14.422
      vertex 59.5464 0 14.422
    endloop
  endfacet
  facet normal 0.448409 0 0.893829
    outer loop
      vertex 59.5464 -0.95 14.422
      vertex 59.4268 0 14.482
      vertex 59.4268 -0.95 14.482
    endloop
  endfacet
  facet normal 0.536036 0 0.844195
    outer loop
      vertex 59.3227 0 14.5481
      vertex 59.4268 -0.95 14.482
      vertex 59.4268 0 14.482
    endloop
  endfacet
  facet normal 0.536036 0 0.844195
    outer loop
      vertex 59.4268 -0.95 14.482
      vertex 59.3227 0 14.5481
      vertex 59.3227 -0.95 14.5481
    endloop
  endfacet
  facet normal 0.632141 0 0.774854
    outer loop
      vertex 59.2342 0 14.6203
      vertex 59.3227 -0.95 14.5481
      vertex 59.3227 0 14.5481
    endloop
  endfacet
  facet normal 0.632141 0 0.774854
    outer loop
      vertex 59.3227 -0.95 14.5481
      vertex 59.2342 0 14.6203
      vertex 59.2342 -0.95 14.6203
    endloop
  endfacet
  facet normal 0.731894 -0 0.681419
    outer loop
      vertex 59.1613 -0.95 14.6986
      vertex 59.2342 0 14.6203
      vertex 59.1613 0 14.6986
    endloop
  endfacet
  facet normal 0.731894 0 0.681419
    outer loop
      vertex 59.2342 0 14.6203
      vertex 59.1613 -0.95 14.6986
      vertex 59.2342 -0.95 14.6203
    endloop
  endfacet
  facet normal 0.835882 -0 0.548909
    outer loop
      vertex 59.1043 -0.95 14.7854
      vertex 59.1613 0 14.6986
      vertex 59.1043 0 14.7854
    endloop
  endfacet
  facet normal 0.835882 0 0.548909
    outer loop
      vertex 59.1613 0 14.6986
      vertex 59.1043 -0.95 14.7854
      vertex 59.1613 -0.95 14.6986
    endloop
  endfacet
  facet normal 0.923105 -0 0.384548
    outer loop
      vertex 59.0636 -0.95 14.8831
      vertex 59.1043 0 14.7854
      vertex 59.0636 0 14.8831
    endloop
  endfacet
  facet normal 0.923105 0 0.384548
    outer loop
      vertex 59.1043 0 14.7854
      vertex 59.0636 -0.95 14.8831
      vertex 59.1043 -0.95 14.7854
    endloop
  endfacet
  facet normal 0.975634 -0 0.219405
    outer loop
      vertex 59.0392 -0.95 14.9916
      vertex 59.0636 0 14.8831
      vertex 59.0392 0 14.9916
    endloop
  endfacet
  facet normal 0.975634 0 0.219405
    outer loop
      vertex 59.0636 0 14.8831
      vertex 59.0392 -0.95 14.9916
      vertex 59.0636 -0.95 14.8831
    endloop
  endfacet
  facet normal 0.997703 -0 0.0677401
    outer loop
      vertex 59.0311 -0.95 15.1109
      vertex 59.0392 0 14.9916
      vertex 59.0311 0 15.1109
    endloop
  endfacet
  facet normal 0.997703 0 0.0677401
    outer loop
      vertex 59.0392 0 14.9916
      vertex 59.0311 -0.95 15.1109
      vertex 59.0392 -0.95 14.9916
    endloop
  endfacet
  facet normal 0.994701 0 -0.10281
    outer loop
      vertex 59.0508 -0.95 15.3015
      vertex 59.0311 0 15.1109
      vertex 59.0508 0 15.3015
    endloop
  endfacet
  facet normal 0.994701 0 -0.10281
    outer loop
      vertex 59.0311 0 15.1109
      vertex 59.0508 -0.95 15.3015
      vertex 59.0311 -0.95 15.1109
    endloop
  endfacet
  facet normal 0.941418 0 -0.337241
    outer loop
      vertex 59.1098 -0.95 15.4662
      vertex 59.0508 0 15.3015
      vertex 59.1098 0 15.4662
    endloop
  endfacet
  facet normal 0.941418 0 -0.337241
    outer loop
      vertex 59.0508 0 15.3015
      vertex 59.1098 -0.95 15.4662
      vertex 59.0508 -0.95 15.3015
    endloop
  endfacet
  facet normal 0.816659 0 -0.577121
    outer loop
      vertex 59.2081 -0.95 15.6053
      vertex 59.1098 0 15.4662
      vertex 59.2081 0 15.6053
    endloop
  endfacet
  facet normal 0.816659 0 -0.577121
    outer loop
      vertex 59.1098 0 15.4662
      vertex 59.2081 -0.95 15.6053
      vertex 59.1098 -0.95 15.4662
    endloop
  endfacet
  facet normal 0.635314 0 -0.772254
    outer loop
      vertex 59.2081 -0.95 15.6053
      vertex 59.3457 0 15.7185
      vertex 59.3457 -0.95 15.7185
    endloop
  endfacet
  facet normal 0.635314 0 -0.772254
    outer loop
      vertex 59.3457 0 15.7185
      vertex 59.2081 -0.95 15.6053
      vertex 59.2081 0 15.6053
    endloop
  endfacet
  facet normal 0.440181 0 -0.897909
    outer loop
      vertex 59.3457 -0.95 15.7185
      vertex 59.5248 0 15.8063
      vertex 59.5248 -0.95 15.8063
    endloop
  endfacet
  facet normal 0.440181 0 -0.897909
    outer loop
      vertex 59.5248 0 15.8063
      vertex 59.3457 -0.95 15.7185
      vertex 59.3457 0 15.7185
    endloop
  endfacet
  facet normal 0.271347 0 -0.962482
    outer loop
      vertex 59.5248 -0.95 15.8063
      vertex 59.7472 0 15.869
      vertex 59.7472 -0.95 15.869
    endloop
  endfacet
  facet normal 0.271347 0 -0.962482
    outer loop
      vertex 59.7472 0 15.869
      vertex 59.5248 -0.95 15.8063
      vertex 59.5248 0 15.8063
    endloop
  endfacet
  facet normal 0.140379 0 -0.990098
    outer loop
      vertex 59.7472 -0.95 15.869
      vertex 60.0131 0 15.9067
      vertex 60.0131 -0.95 15.9067
    endloop
  endfacet
  facet normal 0.140379 0 -0.990098
    outer loop
      vertex 60.0131 0 15.9067
      vertex 59.7472 -0.95 15.869
      vertex 59.7472 0 15.869
    endloop
  endfacet
  facet normal 0.0403939 0 -0.999184
    outer loop
      vertex 60.0131 -0.95 15.9067
      vertex 60.3223 0 15.9192
      vertex 60.3223 -0.95 15.9192
    endloop
  endfacet
  facet normal 0.0403939 0 -0.999184
    outer loop
      vertex 60.3223 0 15.9192
      vertex 60.0131 -0.95 15.9067
      vertex 60.0131 0 15.9067
    endloop
  endfacet
  facet normal -0.0458395 0 -0.998949
    outer loop
      vertex 60.3223 -0.95 15.9192
      vertex 60.6056 0 15.9062
      vertex 60.6056 -0.95 15.9062
    endloop
  endfacet
  facet normal -0.0458395 0 -0.998949
    outer loop
      vertex 60.6056 0 15.9062
      vertex 60.3223 -0.95 15.9192
      vertex 60.3223 0 15.9192
    endloop
  endfacet
  facet normal -0.153055 0 -0.988218
    outer loop
      vertex 60.6056 -0.95 15.9062
      vertex 60.8587 0 15.867
      vertex 60.8587 -0.95 15.867
    endloop
  endfacet
  facet normal -0.153055 0 -0.988218
    outer loop
      vertex 60.8587 0 15.867
      vertex 60.6056 -0.95 15.9062
      vertex 60.6056 0 15.9062
    endloop
  endfacet
  facet normal -0.281141 0 -0.959667
    outer loop
      vertex 60.8587 -0.95 15.867
      vertex 61.0816 0 15.8017
      vertex 61.0816 -0.95 15.8017
    endloop
  endfacet
  facet normal -0.281141 0 -0.959667
    outer loop
      vertex 61.0816 0 15.8017
      vertex 60.8587 -0.95 15.867
      vertex 60.8587 0 15.867
    endloop
  endfacet
  facet normal -0.427986 0 -0.903786
    outer loop
      vertex 61.0816 -0.95 15.8017
      vertex 61.2744 0 15.7104
      vertex 61.2744 -0.95 15.7104
    endloop
  endfacet
  facet normal -0.427986 0 -0.903786
    outer loop
      vertex 61.2744 0 15.7104
      vertex 61.0816 -0.95 15.8017
      vertex 61.0816 0 15.8017
    endloop
  endfacet
  facet normal -0.585103 0 -0.810959
    outer loop
      vertex 61.2744 -0.95 15.7104
      vertex 61.4349 0 15.5946
      vertex 61.4349 -0.95 15.5946
    endloop
  endfacet
  facet normal -0.585103 0 -0.810959
    outer loop
      vertex 61.4349 0 15.5946
      vertex 61.2744 -0.95 15.7104
      vertex 61.2744 0 15.7104
    endloop
  endfacet
  facet normal -0.738901 0 -0.673814
    outer loop
      vertex 61.5612 -0.95 15.4561
      vertex 61.4349 0 15.5946
      vertex 61.5612 0 15.4561
    endloop
  endfacet
  facet normal -0.738901 -0 -0.673814
    outer loop
      vertex 61.4349 0 15.5946
      vertex 61.5612 -0.95 15.4561
      vertex 61.4349 -0.95 15.5946
    endloop
  endfacet
  facet normal -0.868276 0 -0.496081
    outer loop
      vertex 61.6533 -0.95 15.2949
      vertex 61.5612 0 15.4561
      vertex 61.6533 0 15.2949
    endloop
  endfacet
  facet normal -0.868276 -0 -0.496081
    outer loop
      vertex 61.5612 0 15.4561
      vertex 61.6533 -0.95 15.2949
      vertex 61.5612 -0.95 15.4561
    endloop
  endfacet
  facet normal -0.954036 0 -0.299692
    outer loop
      vertex 61.7111 -0.95 15.1109
      vertex 61.6533 0 15.2949
      vertex 61.7111 0 15.1109
    endloop
  endfacet
  facet normal -0.954036 -0 -0.299692
    outer loop
      vertex 61.6533 0 15.2949
      vertex 61.7111 -0.95 15.1109
      vertex 61.6533 -0.95 15.2949
    endloop
  endfacet
  facet normal 0.122645 0 -0.992451
    outer loop
      vertex 61.7111 -0.95 15.1109
      vertex 62.5899 0 15.2195
      vertex 62.5899 -0.95 15.2195
    endloop
  endfacet
  facet normal 0.122645 0 -0.992451
    outer loop
      vertex 62.5899 0 15.2195
      vertex 61.7111 -0.95 15.1109
      vertex 61.7111 0 15.1109
    endloop
  endfacet
  facet normal 0.960171 -0 0.279412
    outer loop
      vertex 62.4877 -0.95 15.5707
      vertex 62.5899 0 15.2195
      vertex 62.4877 0 15.5707
    endloop
  endfacet
  facet normal 0.960171 0 0.279412
    outer loop
      vertex 62.5899 0 15.2195
      vertex 62.4877 -0.95 15.5707
      vertex 62.5899 -0.95 15.2195
    endloop
  endfacet
  facet normal 0.888543 -0 0.458794
    outer loop
      vertex 62.3329 -0.95 15.8705
      vertex 62.4877 0 15.5707
      vertex 62.3329 0 15.8705
    endloop
  endfacet
  facet normal 0.888543 0 0.458794
    outer loop
      vertex 62.4877 0 15.5707
      vertex 62.3329 -0.95 15.8705
      vertex 62.4877 -0.95 15.5707
    endloop
  endfacet
  facet normal 0.767511 -0 0.641036
    outer loop
      vertex 62.1256 -0.95 16.1187
      vertex 62.3329 0 15.8705
      vertex 62.1256 0 16.1187
    endloop
  endfacet
  facet normal 0.767511 0 0.641036
    outer loop
      vertex 62.3329 0 15.8705
      vertex 62.1256 -0.95 16.1187
      vertex 62.3329 -0.95 15.8705
    endloop
  endfacet
  facet normal 0.603137 0 0.797638
    outer loop
      vertex 61.8656 0 16.3153
      vertex 62.1256 -0.95 16.1187
      vertex 62.1256 0 16.1187
    endloop
  endfacet
  facet normal 0.603137 0 0.797638
    outer loop
      vertex 62.1256 -0.95 16.1187
      vertex 61.8656 0 16.3153
      vertex 61.8656 -0.95 16.3153
    endloop
  endfacet
  facet normal 0.433249 0 0.901274
    outer loop
      vertex 61.5546 0 16.4648
      vertex 61.8656 -0.95 16.3153
      vertex 61.8656 0 16.3153
    endloop
  endfacet
  facet normal 0.433249 0 0.901274
    outer loop
      vertex 61.8656 -0.95 16.3153
      vertex 61.5546 0 16.4648
      vertex 61.5546 -0.95 16.4648
    endloop
  endfacet
  facet normal 0.28369 0 0.958916
    outer loop
      vertex 61.1936 0 16.5716
      vertex 61.5546 -0.95 16.4648
      vertex 61.5546 0 16.4648
    endloop
  endfacet
  facet normal 0.28369 0 0.958916
    outer loop
      vertex 61.5546 -0.95 16.4648
      vertex 61.1936 0 16.5716
      vertex 61.1936 -0.95 16.5716
    endloop
  endfacet
  facet normal 0.154208 0 0.988038
    outer loop
      vertex 60.7829 0 16.6357
      vertex 61.1936 -0.95 16.5716
      vertex 61.1936 0 16.5716
    endloop
  endfacet
  facet normal 0.154208 0 0.988038
    outer loop
      vertex 61.1936 -0.95 16.5716
      vertex 60.7829 0 16.6357
      vertex 60.7829 -0.95 16.6357
    endloop
  endfacet
  facet normal 0.0464111 0 0.998922
    outer loop
      vertex 60.3223 0 16.6571
      vertex 60.7829 -0.95 16.6357
      vertex 60.7829 0 16.6357
    endloop
  endfacet
  facet normal 0.0464111 0 0.998922
    outer loop
      vertex 60.7829 -0.95 16.6357
      vertex 60.3223 0 16.6571
      vertex 60.3223 -0.95 16.6571
    endloop
  endfacet
  facet normal -0.0509818 0 0.9987
    outer loop
      vertex 59.8071 0 16.6308
      vertex 60.3223 -0.95 16.6571
      vertex 60.3223 0 16.6571
    endloop
  endfacet
  facet normal -0.0509818 0 0.9987
    outer loop
      vertex 60.3223 -0.95 16.6571
      vertex 59.8071 0 16.6308
      vertex 59.8071 -0.95 16.6308
    endloop
  endfacet
  facet normal -0.172561 0 0.984999
    outer loop
      vertex 59.3573 0 16.552
      vertex 59.8071 -0.95 16.6308
      vertex 59.8071 0 16.6308
    endloop
  endfacet
  facet normal -0.172561 0 0.984999
    outer loop
      vertex 59.8071 -0.95 16.6308
      vertex 59.3573 0 16.552
      vertex 59.3573 -0.95 16.552
    endloop
  endfacet
  facet normal -0.323751 0 0.946142
    outer loop
      vertex 58.973 0 16.4205
      vertex 59.3573 -0.95 16.552
      vertex 59.3573 0 16.552
    endloop
  endfacet
  facet normal -0.323751 0 0.946142
    outer loop
      vertex 59.3573 -0.95 16.552
      vertex 58.973 0 16.4205
      vertex 58.973 -0.95 16.4205
    endloop
  endfacet
  facet normal -0.499558 0 0.866281
    outer loop
      vertex 58.6541 0 16.2366
      vertex 58.973 -0.95 16.4205
      vertex 58.973 0 16.4205
    endloop
  endfacet
  facet normal -0.499558 0 0.866281
    outer loop
      vertex 58.973 -0.95 16.4205
      vertex 58.6541 0 16.2366
      vertex 58.6541 -0.95 16.2366
    endloop
  endfacet
  facet normal -0.682931 0 0.730483
    outer loop
      vertex 58.4037 0 16.0025
      vertex 58.6541 -0.95 16.2366
      vertex 58.6541 0 16.2366
    endloop
  endfacet
  facet normal -0.682931 0 0.730483
    outer loop
      vertex 58.6541 -0.95 16.2366
      vertex 58.4037 0 16.0025
      vertex 58.4037 -0.95 16.0025
    endloop
  endfacet
  facet normal -0.844327 0 0.535829
    outer loop
      vertex 58.2248 -0.95 15.7206
      vertex 58.4037 0 16.0025
      vertex 58.2248 0 15.7206
    endloop
  endfacet
  facet normal -0.844327 0 0.535829
    outer loop
      vertex 58.4037 0 16.0025
      vertex 58.2248 -0.95 15.7206
      vertex 58.4037 -0.95 16.0025
    endloop
  endfacet
  facet normal -0.950909 0 0.309471
    outer loop
      vertex 58.1175 -0.95 15.3909
      vertex 58.2248 0 15.7206
      vertex 58.1175 0 15.3909
    endloop
  endfacet
  facet normal -0.950909 0 0.309471
    outer loop
      vertex 58.2248 0 15.7206
      vertex 58.1175 -0.95 15.3909
      vertex 58.2248 -0.95 15.7206
    endloop
  endfacet
  facet normal -0.995536 0 0.0943861
    outer loop
      vertex 58.0817 -0.95 15.0133
      vertex 58.1175 0 15.3909
      vertex 58.0817 0 15.0133
    endloop
  endfacet
  facet normal -0.995536 0 0.0943861
    outer loop
      vertex 58.1175 0 15.3909
      vertex 58.0817 -0.95 15.0133
      vertex 58.1175 -0.95 15.3909
    endloop
  endfacet
  facet normal -0.998179 0 -0.0603216
    outer loop
      vertex 58.0943 -0.95 14.8048
      vertex 58.0817 0 15.0133
      vertex 58.0943 0 14.8048
    endloop
  endfacet
  facet normal -0.998179 -0 -0.0603216
    outer loop
      vertex 58.0817 0 15.0133
      vertex 58.0943 -0.95 14.8048
      vertex 58.0817 -0.95 15.0133
    endloop
  endfacet
  facet normal -0.981283 0 -0.192569
    outer loop
      vertex 58.1319 -0.95 14.6132
      vertex 58.0943 0 14.8048
      vertex 58.1319 0 14.6132
    endloop
  endfacet
  facet normal -0.981283 -0 -0.192569
    outer loop
      vertex 58.0943 0 14.8048
      vertex 58.1319 -0.95 14.6132
      vertex 58.0943 -0.95 14.8048
    endloop
  endfacet
  facet normal -0.941155 0 -0.337975
    outer loop
      vertex 58.1946 -0.95 14.4386
      vertex 58.1319 0 14.6132
      vertex 58.1946 0 14.4386
    endloop
  endfacet
  facet normal -0.941155 -0 -0.337975
    outer loop
      vertex 58.1319 0 14.6132
      vertex 58.1946 -0.95 14.4386
      vertex 58.1319 -0.95 14.6132
    endloop
  endfacet
  facet normal -0.873477 0 -0.486865
    outer loop
      vertex 58.2825 -0.95 14.2809
      vertex 58.1946 0 14.4386
      vertex 58.2825 0 14.2809
    endloop
  endfacet
  facet normal -0.873477 -0 -0.486865
    outer loop
      vertex 58.1946 0 14.4386
      vertex 58.2825 -0.95 14.2809
      vertex 58.1946 -0.95 14.4386
    endloop
  endfacet
  facet normal -0.793855 0 -0.608107
    outer loop
      vertex 58.3925 -0.95 14.1373
      vertex 58.2825 0 14.2809
      vertex 58.3925 0 14.1373
    endloop
  endfacet
  facet normal -0.793855 -0 -0.608107
    outer loop
      vertex 58.2825 0 14.2809
      vertex 58.3925 -0.95 14.1373
      vertex 58.2825 -0.95 14.2809
    endloop
  endfacet
  facet normal -0.715433 0 -0.698682
    outer loop
      vertex 58.5218 -0.95 14.0049
      vertex 58.3925 0 14.1373
      vertex 58.5218 0 14.0049
    endloop
  endfacet
  facet normal -0.715433 -0 -0.698682
    outer loop
      vertex 58.3925 0 14.1373
      vertex 58.5218 -0.95 14.0049
      vertex 58.3925 -0.95 14.1373
    endloop
  endfacet
  facet normal -0.631789 0 -0.77514
    outer loop
      vertex 58.5218 -0.95 14.0049
      vertex 58.6705 0 13.8837
      vertex 58.6705 -0.95 13.8837
    endloop
  endfacet
  facet normal -0.631789 0 -0.77514
    outer loop
      vertex 58.6705 0 13.8837
      vertex 58.5218 -0.95 14.0049
      vertex 58.5218 0 14.0049
    endloop
  endfacet
  facet normal -0.548134 0 -0.83639
    outer loop
      vertex 58.6705 -0.95 13.8837
      vertex 58.8385 0 13.7736
      vertex 58.8385 -0.95 13.7736
    endloop
  endfacet
  facet normal -0.548134 0 -0.83639
    outer loop
      vertex 58.8385 0 13.7736
      vertex 58.6705 -0.95 13.8837
      vertex 58.6705 0 13.8837
    endloop
  endfacet
  facet normal -0.450129 0 -0.892963
    outer loop
      vertex 58.8385 -0.95 13.7736
      vertex 59.0466 0 13.6687
      vertex 59.0466 -0.95 13.6687
    endloop
  endfacet
  facet normal -0.450129 0 -0.892963
    outer loop
      vertex 59.0466 0 13.6687
      vertex 58.8385 -0.95 13.7736
      vertex 58.8385 0 13.7736
    endloop
  endfacet
  facet normal -0.36667 0 -0.930351
    outer loop
      vertex 59.0466 -0.95 13.6687
      vertex 59.3153 0 13.5628
      vertex 59.3153 -0.95 13.5628
    endloop
  endfacet
  facet normal -0.36667 0 -0.930351
    outer loop
      vertex 59.3153 0 13.5628
      vertex 59.0466 -0.95 13.6687
      vertex 59.0466 0 13.6687
    endloop
  endfacet
  facet normal -0.308942 0 -0.951081
    outer loop
      vertex 59.3153 -0.95 13.5628
      vertex 59.6447 0 13.4558
      vertex 59.6447 -0.95 13.4558
    endloop
  endfacet
  facet normal -0.308942 0 -0.951081
    outer loop
      vertex 59.6447 0 13.4558
      vertex 59.3153 -0.95 13.5628
      vertex 59.3153 0 13.5628
    endloop
  endfacet
  facet normal -0.266816 0 -0.963748
    outer loop
      vertex 59.6447 -0.95 13.4558
      vertex 60.0348 0 13.3478
      vertex 60.0348 -0.95 13.3478
    endloop
  endfacet
  facet normal -0.266816 0 -0.963748
    outer loop
      vertex 60.0348 0 13.3478
      vertex 59.6447 -0.95 13.4558
      vertex 59.6447 0 13.4558
    endloop
  endfacet
  facet normal -0.254806 0 -0.966992
    outer loop
      vertex 60.0348 -0.95 13.3478
      vertex 60.7346 0 13.1634
      vertex 60.7346 -0.95 13.1634
    endloop
  endfacet
  facet normal -0.254806 0 -0.966992
    outer loop
      vertex 60.7346 0 13.1634
      vertex 60.0348 -0.95 13.3478
      vertex 60.0348 0 13.3478
    endloop
  endfacet
  facet normal -0.291069 0 -0.956702
    outer loop
      vertex 60.7346 -0.95 13.1634
      vertex 60.9821 0 13.0881
      vertex 60.9821 -0.95 13.0881
    endloop
  endfacet
  facet normal -0.291069 0 -0.956702
    outer loop
      vertex 60.9821 0 13.0881
      vertex 60.7346 -0.95 13.1634
      vertex 60.7346 0 13.1634
    endloop
  endfacet
  facet normal -0.37268 0 -0.92796
    outer loop
      vertex 60.9821 -0.95 13.0881
      vertex 61.193 0 13.0034
      vertex 61.193 -0.95 13.0034
    endloop
  endfacet
  facet normal -0.37268 0 -0.92796
    outer loop
      vertex 61.193 0 13.0034
      vertex 60.9821 -0.95 13.0881
      vertex 60.9821 0 13.0881
    endloop
  endfacet
  facet normal -0.475844 0 -0.87953
    outer loop
      vertex 61.193 -0.95 13.0034
      vertex 61.3673 0 12.9091
      vertex 61.3673 -0.95 12.9091
    endloop
  endfacet
  facet normal -0.475844 0 -0.87953
    outer loop
      vertex 61.3673 0 12.9091
      vertex 61.193 -0.95 13.0034
      vertex 61.193 0 13.0034
    endloop
  endfacet
  facet normal -0.602226 0 -0.798326
    outer loop
      vertex 61.3673 -0.95 12.9091
      vertex 61.5049 0 12.8053
      vertex 61.5049 -0.95 12.8053
    endloop
  endfacet
  facet normal -0.602226 0 -0.798326
    outer loop
      vertex 61.5049 0 12.8053
      vertex 61.3673 -0.95 12.9091
      vertex 61.3673 0 12.9091
    endloop
  endfacet
  facet normal -0.74469 0 -0.667411
    outer loop
      vertex 61.6094 -0.95 12.6887
      vertex 61.5049 0 12.8053
      vertex 61.6094 0 12.6887
    endloop
  endfacet
  facet normal -0.74469 -0 -0.667411
    outer loop
      vertex 61.5049 0 12.8053
      vertex 61.6094 -0.95 12.6887
      vertex 61.5049 -0.95 12.8053
    endloop
  endfacet
  facet normal -0.872013 0 -0.489482
    outer loop
      vertex 61.684 -0.95 12.5558
      vertex 61.6094 0 12.6887
      vertex 61.684 0 12.5558
    endloop
  endfacet
  facet normal -0.872013 -0 -0.489482
    outer loop
      vertex 61.6094 0 12.6887
      vertex 61.684 -0.95 12.5558
      vertex 61.6094 -0.95 12.6887
    endloop
  endfacet
  facet normal -0.957932 0 -0.286994
    outer loop
      vertex 61.7287 -0.95 12.4066
      vertex 61.684 0 12.5558
      vertex 61.7287 0 12.4066
    endloop
  endfacet
  facet normal -0.957932 -0 -0.286994
    outer loop
      vertex 61.684 0 12.5558
      vertex 61.7287 -0.95 12.4066
      vertex 61.684 -0.95 12.5558
    endloop
  endfacet
  facet normal -0.995913 0 -0.0903186
    outer loop
      vertex 61.7437 -0.95 12.2412
      vertex 61.7287 0 12.4066
      vertex 61.7437 0 12.2412
    endloop
  endfacet
  facet normal -0.995913 -0 -0.0903186
    outer loop
      vertex 61.7287 0 12.4066
      vertex 61.7437 -0.95 12.2412
      vertex 61.7287 -0.95 12.4066
    endloop
  endfacet
  facet normal -0.994931 0 0.100564
    outer loop
      vertex 61.7221 -0.95 12.0275
      vertex 61.7437 0 12.2412
      vertex 61.7221 0 12.0275
    endloop
  endfacet
  facet normal -0.994931 0 0.100564
    outer loop
      vertex 61.7437 0 12.2412
      vertex 61.7221 -0.95 12.0275
      vertex 61.7437 -0.95 12.2412
    endloop
  endfacet
  facet normal -0.944152 0 0.32951
    outer loop
      vertex 61.6575 -0.95 11.8424
      vertex 61.7221 0 12.0275
      vertex 61.6575 0 11.8424
    endloop
  endfacet
  facet normal -0.944152 0 0.32951
    outer loop
      vertex 61.7221 0 12.0275
      vertex 61.6575 -0.95 11.8424
      vertex 61.7221 -0.95 12.0275
    endloop
  endfacet
  facet normal -0.824364 0 0.56606
    outer loop
      vertex 61.5499 -0.95 11.6857
      vertex 61.6575 0 11.8424
      vertex 61.5499 0 11.6857
    endloop
  endfacet
  facet normal -0.824364 0 0.56606
    outer loop
      vertex 61.6575 0 11.8424
      vertex 61.5499 -0.95 11.6857
      vertex 61.6575 -0.95 11.8424
    endloop
  endfacet
  facet normal -0.647663 0 0.761927
    outer loop
      vertex 61.3992 0 11.5576
      vertex 61.5499 -0.95 11.6857
      vertex 61.5499 0 11.6857
    endloop
  endfacet
  facet normal -0.647663 0 0.761927
    outer loop
      vertex 61.5499 -0.95 11.6857
      vertex 61.3992 0 11.5576
      vertex 61.3992 -0.95 11.5576
    endloop
  endfacet
  facet normal -0.451192 0 0.892427
    outer loop
      vertex 61.202 0 11.4579
      vertex 61.3992 -0.95 11.5576
      vertex 61.3992 0 11.5576
    endloop
  endfacet
  facet normal -0.451192 0 0.892427
    outer loop
      vertex 61.3992 -0.95 11.5576
      vertex 61.202 0 11.4579
      vertex 61.202 -0.95 11.4579
    endloop
  endfacet
  facet normal -0.276981 0 0.960875
    outer loop
      vertex 60.955 0 11.3867
      vertex 61.202 -0.95 11.4579
      vertex 61.202 0 11.4579
    endloop
  endfacet
  facet normal -0.276981 0 0.960875
    outer loop
      vertex 61.202 -0.95 11.4579
      vertex 60.955 0 11.3867
      vertex 60.955 -0.95 11.3867
    endloop
  endfacet
  facet normal -0.142355 0 0.989816
    outer loop
      vertex 60.6581 0 11.344
      vertex 60.955 -0.95 11.3867
      vertex 60.955 0 11.3867
    endloop
  endfacet
  facet normal -0.142355 0 0.989816
    outer loop
      vertex 60.955 -0.95 11.3867
      vertex 60.6581 0 11.344
      vertex 60.6581 -0.95 11.344
    endloop
  endfacet
  facet normal -0.041211 0 0.99915
    outer loop
      vertex 60.3114 0 11.3297
      vertex 60.6581 -0.95 11.344
      vertex 60.6581 0 11.344
    endloop
  endfacet
  facet normal -0.041211 0 0.99915
    outer loop
      vertex 60.6581 -0.95 11.344
      vertex 60.3114 0 11.3297
      vertex 60.3114 -0.95 11.3297
    endloop
  endfacet
  facet normal 0.0420104 0 0.999117
    outer loop
      vertex 59.9832 0 11.3435
      vertex 60.3114 -0.95 11.3297
      vertex 60.3114 0 11.3297
    endloop
  endfacet
  facet normal 0.0420104 0 0.999117
    outer loop
      vertex 60.3114 -0.95 11.3297
      vertex 59.9832 0 11.3435
      vertex 59.9832 -0.95 11.3435
    endloop
  endfacet
  facet normal 0.14018 0 0.990126
    outer loop
      vertex 59.6929 0 11.3846
      vertex 59.9832 -0.95 11.3435
      vertex 59.9832 0 11.3435
    endloop
  endfacet
  facet normal 0.14018 0 0.990126
    outer loop
      vertex 59.9832 -0.95 11.3435
      vertex 59.6929 0 11.3846
      vertex 59.6929 -0.95 11.3846
    endloop
  endfacet
  facet normal 0.262826 0 0.964843
    outer loop
      vertex 59.4407 0 11.4533
      vertex 59.6929 -0.95 11.3846
      vertex 59.6929 0 11.3846
    endloop
  endfacet
  facet normal 0.262826 0 0.964843
    outer loop
      vertex 59.6929 -0.95 11.3846
      vertex 59.4407 0 11.4533
      vertex 59.4407 -0.95 11.4533
    endloop
  endfacet
  facet normal 0.409178 0 0.912455
    outer loop
      vertex 59.2264 0 11.5494
      vertex 59.4407 -0.95 11.4533
      vertex 59.4407 0 11.4533
    endloop
  endfacet
  facet normal 0.409178 0 0.912455
    outer loop
      vertex 59.4407 -0.95 11.4533
      vertex 59.2264 0 11.5494
      vertex 59.2264 -0.95 11.5494
    endloop
  endfacet
  facet normal 0.575028 0 0.818133
    outer loop
      vertex 59.0477 0 11.675
      vertex 59.2264 -0.95 11.5494
      vertex 59.2264 0 11.5494
    endloop
  endfacet
  facet normal 0.575028 0 0.818133
    outer loop
      vertex 59.2264 -0.95 11.5494
      vertex 59.0477 0 11.675
      vertex 59.0477 -0.95 11.675
    endloop
  endfacet
  facet normal 0.734123 -0 0.679017
    outer loop
      vertex 58.9023 -0.95 11.8322
      vertex 59.0477 0 11.675
      vertex 58.9023 0 11.8322
    endloop
  endfacet
  facet normal 0.734123 0 0.679017
    outer loop
      vertex 59.0477 0 11.675
      vertex 58.9023 -0.95 11.8322
      vertex 59.0477 -0.95 11.675
    endloop
  endfacet
  facet normal 0.859536 -0 0.511075
    outer loop
      vertex 58.7901 -0.95 12.0209
      vertex 58.9023 0 11.8322
      vertex 58.7901 0 12.0209
    endloop
  endfacet
  facet normal 0.859536 0 0.511075
    outer loop
      vertex 58.9023 0 11.8322
      vertex 58.7901 -0.95 12.0209
      vertex 58.9023 -0.95 11.8322
    endloop
  endfacet
  facet normal 0.941306 -0 0.337554
    outer loop
      vertex 58.7111 -0.95 12.2412
      vertex 58.7901 0 12.0209
      vertex 58.7111 0 12.2412
    endloop
  endfacet
  facet normal 0.941306 0 0.337554
    outer loop
      vertex 58.7901 0 12.0209
      vertex 58.7111 -0.95 12.2412
      vertex 58.7901 -0.95 12.0209
    endloop
  endfacet
  facet normal -0.191476 0 0.981497
    outer loop
      vertex 57.8484 0 12.0729
      vertex 58.7111 -0.95 12.2412
      vertex 58.7111 0 12.2412
    endloop
  endfacet
  facet normal -0.191476 0 0.981497
    outer loop
      vertex 58.7111 -0.95 12.2412
      vertex 57.8484 0 12.0729
      vertex 57.8484 -0.95 12.0729
    endloop
  endfacet
  facet normal -0.951495 0 -0.307664
    outer loop
      vertex 57.9639 -0.95 11.7157
      vertex 57.8484 0 12.0729
      vertex 57.9639 0 11.7157
    endloop
  endfacet
  facet normal -0.951495 -0 -0.307664
    outer loop
      vertex 57.8484 0 12.0729
      vertex 57.9639 -0.95 11.7157
      vertex 57.8484 -0.95 12.0729
    endloop
  endfacet
  facet normal -0.877819 0 -0.478993
    outer loop
      vertex 58.1312 -0.95 11.4091
      vertex 57.9639 0 11.7157
      vertex 58.1312 0 11.4091
    endloop
  endfacet
  facet normal -0.877819 -0 -0.478993
    outer loop
      vertex 57.9639 0 11.7157
      vertex 58.1312 -0.95 11.4091
      vertex 57.9639 -0.95 11.7157
    endloop
  endfacet
  facet normal -0.759842 0 -0.650107
    outer loop
      vertex 58.3504 -0.95 11.1529
      vertex 58.1312 0 11.4091
      vertex 58.3504 0 11.1529
    endloop
  endfacet
  facet normal -0.759842 -0 -0.650107
    outer loop
      vertex 58.1312 0 11.4091
      vertex 58.3504 -0.95 11.1529
      vertex 58.1312 -0.95 11.4091
    endloop
  endfacet
  facet normal -0.604271 0 -0.796779
    outer loop
      vertex 58.3504 -0.95 11.1529
      vertex 58.6215 0 10.9473
      vertex 58.6215 -0.95 10.9473
    endloop
  endfacet
  facet normal -0.604271 0 -0.796779
    outer loop
      vertex 58.6215 0 10.9473
      vertex 58.3504 -0.95 11.1529
      vertex 58.3504 0 11.1529
    endloop
  endfacet
  facet normal -0.433329 0 -0.901236
    outer loop
      vertex 58.6215 -0.95 10.9473
      vertex 58.9499 0 10.7894
      vertex 58.9499 -0.95 10.7894
    endloop
  endfacet
  facet normal -0.433329 0 -0.901236
    outer loop
      vertex 58.9499 0 10.7894
      vertex 58.6215 -0.95 10.9473
      vertex 58.6215 0 10.9473
    endloop
  endfacet
  facet normal -0.276895 0 -0.9609
    outer loop
      vertex 58.9499 -0.95 10.7894
      vertex 59.341 0 10.6767
      vertex 59.341 -0.95 10.6767
    endloop
  endfacet
  facet normal -0.276895 0 -0.9609
    outer loop
      vertex 59.341 0 10.6767
      vertex 58.9499 -0.95 10.7894
      vertex 58.9499 0 10.7894
    endloop
  endfacet
  facet normal -0.147339 0 -0.989086
    outer loop
      vertex 59.341 -0.95 10.6767
      vertex 59.7948 0 10.6091
      vertex 59.7948 -0.95 10.6091
    endloop
  endfacet
  facet normal -0.147339 0 -0.989086
    outer loop
      vertex 59.7948 0 10.6091
      vertex 59.341 -0.95 10.6767
      vertex 59.341 0 10.6767
    endloop
  endfacet
  facet normal -0.0437058 0 -0.999044
    outer loop
      vertex 59.7948 -0.95 10.6091
      vertex 60.3114 0 10.5865
      vertex 60.3114 -0.95 10.5865
    endloop
  endfacet
  facet normal -0.0437058 0 -0.999044
    outer loop
      vertex 60.3114 0 10.5865
      vertex 59.7948 -0.95 10.6091
      vertex 59.7948 0 10.6091
    endloop
  endfacet
  facet normal 0.0528539 0 -0.998602
    outer loop
      vertex 60.3114 -0.95 10.5865
      vertex 60.8442 0 10.6147
      vertex 60.8442 -0.95 10.6147
    endloop
  endfacet
  facet normal 0.0528539 0 -0.998602
    outer loop
      vertex 60.8442 0 10.6147
      vertex 60.3114 -0.95 10.5865
      vertex 60.3114 0 10.5865
    endloop
  endfacet
  facet normal 0.186265 0 -0.9825
    outer loop
      vertex 69.6613 -0.95 8.40347
      vertex 69.884 0 8.44569
      vertex 69.884 -0.95 8.44569
    endloop
  endfacet
  facet normal 0.186265 0 -0.9825
    outer loop
      vertex 69.884 0 8.44569
      vertex 69.6613 -0.95 8.40347
      vertex 69.6613 0 8.40347
    endloop
  endfacet
  facet normal 0.31765 0 -0.948208
    outer loop
      vertex 69.884 -0.95 8.44569
      vertex 70.094 0 8.51604
      vertex 70.094 -0.95 8.51604
    endloop
  endfacet
  facet normal 0.31765 0 -0.948208
    outer loop
      vertex 70.094 0 8.51604
      vertex 69.884 -0.95 8.44569
      vertex 69.884 0 8.44569
    endloop
  endfacet
  facet normal 0.446271 0 -0.894898
    outer loop
      vertex 70.094 -0.95 8.51604
      vertex 70.2915 0 8.61453
      vertex 70.2915 -0.95 8.61453
    endloop
  endfacet
  facet normal 0.446271 0 -0.894898
    outer loop
      vertex 70.2915 0 8.61453
      vertex 70.094 -0.95 8.51604
      vertex 70.094 0 8.51604
    endloop
  endfacet
  facet normal 0.56225 0 -0.826968
    outer loop
      vertex 70.2915 -0.95 8.61453
      vertex 70.4785 0 8.74167
      vertex 70.4785 -0.95 8.74167
    endloop
  endfacet
  facet normal 0.56225 0 -0.826968
    outer loop
      vertex 70.4785 0 8.74167
      vertex 70.2915 -0.95 8.61453
      vertex 70.2915 0 8.61453
    endloop
  endfacet
  facet normal 0.658749 0 -0.752363
    outer loop
      vertex 70.4785 -0.95 8.74167
      vertex 70.657 0 8.89796
      vertex 70.657 -0.95 8.89796
    endloop
  endfacet
  facet normal 0.658749 0 -0.752363
    outer loop
      vertex 70.657 0 8.89796
      vertex 70.4785 -0.95 8.74167
      vertex 70.4785 0 8.74167
    endloop
  endfacet
  facet normal 0.7372 0 -0.675674
    outer loop
      vertex 70.827 -0.95 9.08344
      vertex 70.657 0 8.89796
      vertex 70.827 0 9.08344
    endloop
  endfacet
  facet normal 0.7372 0 -0.675674
    outer loop
      vertex 70.657 0 8.89796
      vertex 70.827 -0.95 9.08344
      vertex 70.657 -0.95 8.89796
    endloop
  endfacet
  facet normal 0.798851 0 -0.60153
    outer loop
      vertex 70.9886 -0.95 9.29805
      vertex 70.827 0 9.08344
      vertex 70.9886 0 9.29805
    endloop
  endfacet
  facet normal 0.798851 0 -0.60153
    outer loop
      vertex 70.827 0 9.08344
      vertex 70.9886 -0.95 9.29805
      vertex 70.827 -0.95 9.08344
    endloop
  endfacet
  facet normal 0.850349 0 -0.526219
    outer loop
      vertex 71.149 -0.95 9.55725
      vertex 70.9886 0 9.29805
      vertex 71.149 0 9.55725
    endloop
  endfacet
  facet normal 0.850349 0 -0.526219
    outer loop
      vertex 70.9886 0 9.29805
      vertex 71.149 -0.95 9.55725
      vertex 70.9886 -0.95 9.29805
    endloop
  endfacet
  facet normal 0.886761 0 -0.462228
    outer loop
      vertex 71.3154 -0.95 9.87648
      vertex 71.149 0 9.55725
      vertex 71.3154 0 9.87648
    endloop
  endfacet
  facet normal 0.886761 0 -0.462228
    outer loop
      vertex 71.149 0 9.55725
      vertex 71.3154 -0.95 9.87648
      vertex 71.149 -0.95 9.55725
    endloop
  endfacet
  facet normal 0.91007 0 -0.414454
    outer loop
      vertex 71.4881 -0.95 10.2557
      vertex 71.3154 0 9.87648
      vertex 71.4881 0 10.2557
    endloop
  endfacet
  facet normal 0.91007 0 -0.414454
    outer loop
      vertex 71.3154 0 9.87648
      vertex 71.4881 -0.95 10.2557
      vertex 71.3154 -0.95 9.87648
    endloop
  endfacet
  facet normal 0.926368 0 -0.37662
    outer loop
      vertex 71.6667 -0.95 10.695
      vertex 71.4881 0 10.2557
      vertex 71.6667 0 10.695
    endloop
  endfacet
  facet normal 0.926368 0 -0.37662
    outer loop
      vertex 71.4881 0 10.2557
      vertex 71.6667 -0.95 10.695
      vertex 71.4881 -0.95 10.2557
    endloop
  endfacet
  facet normal 0.933384 0 -0.35888
    outer loop
      vertex 73.9236 -0.95 16.5648
      vertex 71.6667 0 10.695
      vertex 73.9236 0 16.5648
    endloop
  endfacet
  facet normal 0.933384 0 -0.35888
    outer loop
      vertex 71.6667 0 10.695
      vertex 73.9236 -0.95 16.5648
      vertex 71.6667 -0.95 10.695
    endloop
  endfacet
  facet normal -0 0 1
    outer loop
      vertex 72.8927 0 16.5648
      vertex 73.9236 -0.95 16.5648
      vertex 73.9236 0 16.5648
    endloop
  endfacet
  facet normal 0 0 1
    outer loop
      vertex 73.9236 -0.95 16.5648
      vertex 72.8927 0 16.5648
      vertex 72.8927 -0.95 16.5648
    endloop
  endfacet
  facet normal -0.94563 0 0.325245
    outer loop
      vertex 71.6071 -0.95 12.827
      vertex 72.8927 0 16.5648
      vertex 71.6071 0 12.827
    endloop
  endfacet
  facet normal -0.94563 0 0.325245
    outer loop
      vertex 72.8927 0 16.5648
      vertex 71.6071 -0.95 12.827
      vertex 72.8927 -0.95 16.5648
    endloop
  endfacet
  facet normal -0.942265 0 0.334867
    outer loop
      vertex 71.2273 -0.95 11.7583
      vertex 71.6071 0 12.827
      vertex 71.2273 0 11.7583
    endloop
  endfacet
  facet normal -0.942265 0 0.334867
    outer loop
      vertex 71.6071 0 12.827
      vertex 71.2273 -0.95 11.7583
      vertex 71.6071 -0.95 12.827
    endloop
  endfacet
  facet normal 0.959921 -0 0.280269
    outer loop
      vertex 71.2073 -0.95 11.8268
      vertex 71.2273 0 11.7583
      vertex 71.2073 0 11.8268
    endloop
  endfacet
  facet normal 0.959921 0 0.280269
    outer loop
      vertex 71.2273 0 11.7583
      vertex 71.2073 -0.95 11.8268
      vertex 71.2273 -0.95 11.7583
    endloop
  endfacet
  facet normal 0.951329 -0 0.308177
    outer loop
      vertex 71.1636 -0.95 11.9617
      vertex 71.2073 0 11.8268
      vertex 71.1636 0 11.9617
    endloop
  endfacet
  facet normal 0.951329 0 0.308177
    outer loop
      vertex 71.2073 0 11.8268
      vertex 71.1636 -0.95 11.9617
      vertex 71.2073 -0.95 11.8268
    endloop
  endfacet
  facet normal 0.948164 -0 0.317781
    outer loop
      vertex 71.0961 -0.95 12.1631
      vertex 71.1636 0 11.9617
      vertex 71.0961 0 12.1631
    endloop
  endfacet
  facet normal 0.948164 0 0.317781
    outer loop
      vertex 71.1636 0 11.9617
      vertex 71.0961 -0.95 12.1631
      vertex 71.1636 -0.95 11.9617
    endloop
  endfacet
  facet normal 0.94665 -0 0.322264
    outer loop
      vertex 71.0049 -0.95 12.431
      vertex 71.0961 0 12.1631
      vertex 71.0049 0 12.431
    endloop
  endfacet
  facet normal 0.94665 0 0.322264
    outer loop
      vertex 71.0961 0 12.1631
      vertex 71.0049 -0.95 12.431
      vertex 71.0961 -0.95 12.1631
    endloop
  endfacet
  facet normal 0.945952 -0 0.324306
    outer loop
      vertex 70.9123 -0.95 12.7011
      vertex 71.0049 0 12.431
      vertex 70.9123 0 12.7011
    endloop
  endfacet
  facet normal 0.945952 0 0.324306
    outer loop
      vertex 71.0049 0 12.431
      vertex 70.9123 -0.95 12.7011
      vertex 71.0049 -0.95 12.431
    endloop
  endfacet
  facet normal 0.945687 -0 0.32508
    outer loop
      vertex 70.8408 -0.95 12.9091
      vertex 70.9123 0 12.7011
      vertex 70.8408 0 12.9091
    endloop
  endfacet
  facet normal 0.945687 0 0.32508
    outer loop
      vertex 70.9123 0 12.7011
      vertex 70.8408 -0.95 12.9091
      vertex 70.9123 -0.95 12.7011
    endloop
  endfacet
  facet normal 0.944994 -0 0.327088
    outer loop
      vertex 70.7903 -0.95 13.055
      vertex 70.8408 0 12.9091
      vertex 70.7903 0 13.055
    endloop
  endfacet
  facet normal 0.944994 0 0.327088
    outer loop
      vertex 70.8408 0 12.9091
      vertex 70.7903 -0.95 13.055
      vertex 70.8408 -0.95 12.9091
    endloop
  endfacet
  facet normal 0.943384 -0 0.331702
    outer loop
      vertex 70.7608 -0.95 13.1389
      vertex 70.7903 0 13.055
      vertex 70.7608 0 13.1389
    endloop
  endfacet
  facet normal 0.943384 0 0.331702
    outer loop
      vertex 70.7903 0 13.055
      vertex 70.7608 -0.95 13.1389
      vertex 70.7903 -0.95 13.055
    endloop
  endfacet
  facet normal 0.941265 -0 0.337669
    outer loop
      vertex 70.7255 -0.95 13.2373
      vertex 70.7608 0 13.1389
      vertex 70.7255 0 13.2373
    endloop
  endfacet
  facet normal 0.941265 0 0.337669
    outer loop
      vertex 70.7608 0 13.1389
      vertex 70.7255 -0.95 13.2373
      vertex 70.7608 -0.95 13.1389
    endloop
  endfacet
  facet normal 0.941333 -0 0.33748
    outer loop
      vertex 70.6956 -0.95 13.3207
      vertex 70.7255 0 13.2373
      vertex 70.6956 0 13.3207
    endloop
  endfacet
  facet normal 0.941333 0 0.33748
    outer loop
      vertex 70.7255 0 13.2373
      vertex 70.6956 -0.95 13.3207
      vertex 70.7255 -0.95 13.2373
    endloop
  endfacet
  facet normal 0.934396 -0 0.356235
    outer loop
      vertex 69.4588 -0.95 16.5648
      vertex 70.6956 0 13.3207
      vertex 69.4588 0 16.5648
    endloop
  endfacet
  facet normal 0.934396 0 0.356235
    outer loop
      vertex 70.6956 0 13.3207
      vertex 69.4588 -0.95 16.5648
      vertex 70.6956 -0.95 13.3207
    endloop
  endfacet
  facet normal -0 0 1
    outer loop
      vertex 68.4171 0 16.5648
      vertex 69.4588 -0.95 16.5648
      vertex 69.4588 0 16.5648
    endloop
  endfacet
  facet normal 0 0 1
    outer loop
      vertex 69.4588 -0.95 16.5648
      vertex 68.4171 0 16.5648
      vertex 68.4171 -0.95 16.5648
    endloop
  endfacet
  facet normal -0.929006 0 -0.370063
    outer loop
      vertex 70.7445 -0.95 10.7221
      vertex 68.4171 0 16.5648
      vertex 70.7445 0 10.7221
    endloop
  endfacet
  facet normal -0.929006 -0 -0.370063
    outer loop
      vertex 68.4171 0 16.5648
      vertex 70.7445 -0.95 10.7221
      vertex 68.4171 -0.95 16.5648
    endloop
  endfacet
  facet normal -0.930008 0 0.367539
    outer loop
      vertex 70.6523 -0.95 10.4888
      vertex 70.7445 0 10.7221
      vertex 70.6523 0 10.4888
    endloop
  endfacet
  facet normal -0.930008 0 0.367539
    outer loop
      vertex 70.7445 0 10.7221
      vertex 70.6523 -0.95 10.4888
      vertex 70.7445 -0.95 10.7221
    endloop
  endfacet
  facet normal -0.896558 0 0.442926
    outer loop
      vertex 70.3627 -0.95 9.9026
      vertex 70.6523 0 10.4888
      vertex 70.3627 0 9.9026
    endloop
  endfacet
  facet normal -0.896558 0 0.442926
    outer loop
      vertex 70.6523 0 10.4888
      vertex 70.3627 -0.95 9.9026
      vertex 70.6523 -0.95 10.4888
    endloop
  endfacet
  facet normal -0.779058 0 0.626952
    outer loop
      vertex 70.0257 -0.95 9.48384
      vertex 70.3627 0 9.9026
      vertex 70.0257 0 9.48384
    endloop
  endfacet
  facet normal -0.779058 0 0.626952
    outer loop
      vertex 70.3627 0 9.9026
      vertex 70.0257 -0.95 9.48384
      vertex 70.3627 -0.95 9.9026
    endloop
  endfacet
  facet normal -0.546999 0 0.837133
    outer loop
      vertex 69.6412 0 9.2326
      vertex 70.0257 -0.95 9.48384
      vertex 70.0257 0 9.48384
    endloop
  endfacet
  facet normal -0.546999 0 0.837133
    outer loop
      vertex 70.0257 -0.95 9.48384
      vertex 69.6412 0 9.2326
      vertex 69.6412 -0.95 9.2326
    endloop
  endfacet
  facet normal -0.190322 0 0.981722
    outer loop
      vertex 69.2092 0 9.14885
      vertex 69.6412 -0.95 9.2326
      vertex 69.6412 0 9.2326
    endloop
  endfacet
  facet normal -0.190322 0 0.981722
    outer loop
      vertex 69.6412 -0.95 9.2326
      vertex 69.2092 0 9.14885
      vertex 69.2092 -0.95 9.14885
    endloop
  endfacet
  facet normal 0.0166234 0 0.999862
    outer loop
      vertex 69.0871 0 9.15088
      vertex 69.2092 -0.95 9.14885
      vertex 69.2092 0 9.14885
    endloop
  endfacet
  facet normal 0.0166234 0 0.999862
    outer loop
      vertex 69.2092 -0.95 9.14885
      vertex 69.0871 0 9.15088
      vertex 69.0871 -0.95 9.15088
    endloop
  endfacet
  facet normal 0.0522442 0 0.998634
    outer loop
      vertex 68.9705 0 9.15698
      vertex 69.0871 -0.95 9.15088
      vertex 69.0871 0 9.15088
    endloop
  endfacet
  facet normal 0.0522442 0 0.998634
    outer loop
      vertex 69.0871 -0.95 9.15088
      vertex 68.9705 0 9.15698
      vertex 68.9705 -0.95 9.15698
    endloop
  endfacet
  facet normal 0.0911655 0 0.995836
    outer loop
      vertex 68.8593 0 9.16716
      vertex 68.9705 -0.95 9.15698
      vertex 68.9705 0 9.15698
    endloop
  endfacet
  facet normal 0.0911655 0 0.995836
    outer loop
      vertex 68.9705 -0.95 9.15698
      vertex 68.8593 0 9.16716
      vertex 68.8593 -0.95 9.16716
    endloop
  endfacet
  facet normal 0.133483 0 0.991051
    outer loop
      vertex 68.7535 0 9.18141
      vertex 68.8593 -0.95 9.16716
      vertex 68.8593 0 9.16716
    endloop
  endfacet
  facet normal 0.133483 0 0.991051
    outer loop
      vertex 68.8593 -0.95 9.16716
      vertex 68.7535 0 9.18141
      vertex 68.7535 -0.95 9.18141
    endloop
  endfacet
  facet normal -1 0 0
    outer loop
      vertex 68.7535 -0.95 8.44908
      vertex 68.7535 0 9.18141
      vertex 68.7535 0 8.44908
    endloop
  endfacet
  facet normal -1 -0 0
    outer loop
      vertex 68.7535 0 9.18141
      vertex 68.7535 -0.95 8.44908
      vertex 68.7535 -0.95 9.18141
    endloop
  endfacet
  facet normal -0.178771 0 -0.983891
    outer loop
      vertex 68.7535 -0.95 8.44908
      vertex 68.8972 0 8.42297
      vertex 68.8972 -0.95 8.42297
    endloop
  endfacet
  facet normal -0.178771 0 -0.983891
    outer loop
      vertex 68.8972 0 8.42297
      vertex 68.7535 -0.95 8.44908
      vertex 68.7535 0 8.44908
    endloop
  endfacet
  facet normal -0.115646 0 -0.99329
    outer loop
      vertex 68.8972 -0.95 8.42297
      vertex 69.0573 0 8.40433
      vertex 69.0573 -0.95 8.40433
    endloop
  endfacet
  facet normal -0.115646 0 -0.99329
    outer loop
      vertex 69.0573 0 8.40433
      vertex 68.8972 -0.95 8.42297
      vertex 68.8972 0 8.42297
    endloop
  endfacet
  facet normal -0.0633439 0 -0.997992
    outer loop
      vertex 69.0573 -0.95 8.40433
      vertex 69.2336 0 8.39314
      vertex 69.2336 -0.95 8.39314
    endloop
  endfacet
  facet normal -0.0633439 0 -0.997992
    outer loop
      vertex 69.2336 0 8.39314
      vertex 69.0573 -0.95 8.40433
      vertex 69.0573 0 8.40433
    endloop
  endfacet
  facet normal -0.0194148 0 -0.999812
    outer loop
      vertex 69.2336 -0.95 8.39314
      vertex 69.4262 0 8.3894
      vertex 69.4262 -0.95 8.3894
    endloop
  endfacet
  facet normal -0.0194148 0 -0.999812
    outer loop
      vertex 69.4262 0 8.3894
      vertex 69.2336 -0.95 8.39314
      vertex 69.2336 0 8.39314
    endloop
  endfacet
  facet normal 0.05974 0 -0.998214
    outer loop
      vertex 69.4262 -0.95 8.3894
      vertex 69.6613 0 8.40347
      vertex 69.6613 -0.95 8.40347
    endloop
  endfacet
  facet normal 0.05974 0 -0.998214
    outer loop
      vertex 69.6613 0 8.40347
      vertex 69.4262 -0.95 8.3894
      vertex 69.4262 0 8.3894
    endloop
  endfacet
  facet normal -0 0 1
    outer loop
      vertex 63.7078 0 16.5648
      vertex 64.6844 -0.95 16.5648
      vertex 64.6844 0 16.5648
    endloop
  endfacet
  facet normal 0 0 1
    outer loop
      vertex 64.6844 -0.95 16.5648
      vertex 63.7078 0 16.5648
      vertex 63.7078 -0.95 16.5648
    endloop
  endfacet
  facet normal -1 0 0
    outer loop
      vertex 63.7078 -0.95 10.695
      vertex 63.7078 0 16.5648
      vertex 63.7078 0 10.695
    endloop
  endfacet
  facet normal -1 -0 0
    outer loop
      vertex 63.7078 0 16.5648
      vertex 63.7078 -0.95 10.695
      vertex 63.7078 -0.95 16.5648
    endloop
  endfacet
  facet normal 0 0 -1
    outer loop
      vertex 63.7078 -0.95 10.695
      vertex 64.6844 0 10.695
      vertex 64.6844 -0.95 10.695
    endloop
  endfacet
  facet normal -0 0 -1
    outer loop
      vertex 64.6844 0 10.695
      vertex 63.7078 -0.95 10.695
      vertex 63.7078 0 10.695
    endloop
  endfacet
  facet normal 1 -0 0
    outer loop
      vertex 64.6844 -0.95 16.5648
      vertex 64.6844 0 10.695
      vertex 64.6844 0 16.5648
    endloop
  endfacet
  facet normal 1 0 0
    outer loop
      vertex 64.6844 0 10.695
      vertex 64.6844 -0.95 16.5648
      vertex 64.6844 -0.95 10.695
    endloop
  endfacet
  facet normal -0 0 1
    outer loop
      vertex 46.9469 0 16.5648
      vertex 47.9831 -0.95 16.5648
      vertex 47.9831 0 16.5648
    endloop
  endfacet
  facet normal 0 0 1
    outer loop
      vertex 47.9831 -0.95 16.5648
      vertex 46.9469 0 16.5648
      vertex 46.9469 -0.95 16.5648
    endloop
  endfacet
  facet normal -0.944319 0 0.329032
    outer loop
      vertex 45.6124 -0.95 12.7348
      vertex 46.9469 0 16.5648
      vertex 45.6124 0 12.7348
    endloop
  endfacet
  facet normal -0.944319 0 0.329032
    outer loop
      vertex 46.9469 0 16.5648
      vertex 45.6124 -0.95 12.7348
      vertex 46.9469 -0.95 16.5648
    endloop
  endfacet
  facet normal -0.949511 0 0.313735
    outer loop
      vertex 45.4009 -0.95 12.0947
      vertex 45.6124 0 12.7348
      vertex 45.4009 0 12.0947
    endloop
  endfacet
  facet normal -0.949511 0 0.313735
    outer loop
      vertex 45.6124 0 12.7348
      vertex 45.4009 -0.95 12.0947
      vertex 45.6124 -0.95 12.7348
    endloop
  endfacet
  facet normal -0.958038 0 0.286642
    outer loop
      vertex 45.211 -0.95 11.46
      vertex 45.4009 0 12.0947
      vertex 45.211 0 11.46
    endloop
  endfacet
  facet normal -0.958038 0 0.286642
    outer loop
      vertex 45.4009 0 12.0947
      vertex 45.211 -0.95 11.46
      vertex 45.4009 -0.95 12.0947
    endloop
  endfacet
  facet normal 0.961554 -0 0.274616
    outer loop
      vertex 45.0736 -0.95 11.9411
      vertex 45.211 0 11.46
      vertex 45.0736 0 11.9411
    endloop
  endfacet
  facet normal 0.961554 0 0.274616
    outer loop
      vertex 45.211 0 11.46
      vertex 45.0736 -0.95 11.9411
      vertex 45.211 -0.95 11.46
    endloop
  endfacet
  facet normal 0.960814 -0 0.277193
    outer loop
      vertex 44.9655 -0.95 12.3158
      vertex 45.0736 0 11.9411
      vertex 44.9655 0 12.3158
    endloop
  endfacet
  facet normal 0.960814 0 0.277193
    outer loop
      vertex 45.0736 0 11.9411
      vertex 44.9655 -0.95 12.3158
      vertex 45.0736 -0.95 11.9411
    endloop
  endfacet
  facet normal 0.959223 -0 0.282651
    outer loop
      vertex 44.8865 -0.95 12.5839
      vertex 44.9655 0 12.3158
      vertex 44.8865 0 12.5839
    endloop
  endfacet
  facet normal 0.959223 0 0.282651
    outer loop
      vertex 44.9655 0 12.3158
      vertex 44.8865 -0.95 12.5839
      vertex 44.9655 -0.95 12.3158
    endloop
  endfacet
  facet normal 0.955587 -0 0.294708
    outer loop
      vertex 44.8366 -0.95 12.7457
      vertex 44.8865 0 12.5839
      vertex 44.8366 0 12.7457
    endloop
  endfacet
  facet normal 0.955587 0 0.294708
    outer loop
      vertex 44.8865 0 12.5839
      vertex 44.8366 -0.95 12.7457
      vertex 44.8865 -0.95 12.5839
    endloop
  endfacet
  facet normal 0.94733 -0 0.320258
    outer loop
      vertex 43.5455 -0.95 16.5648
      vertex 44.8366 0 12.7457
      vertex 43.5455 0 16.5648
    endloop
  endfacet
  facet normal 0.94733 0 0.320258
    outer loop
      vertex 44.8366 0 12.7457
      vertex 43.5455 -0.95 16.5648
      vertex 44.8366 -0.95 12.7457
    endloop
  endfacet
  facet normal -0 0 1
    outer loop
      vertex 42.5039 0 16.5648
      vertex 43.5455 -0.95 16.5648
      vertex 43.5455 0 16.5648
    endloop
  endfacet
  facet normal 0 0 1
    outer loop
      vertex 43.5455 -0.95 16.5648
      vertex 42.5039 0 16.5648
      vertex 42.5039 -0.95 16.5648
    endloop
  endfacet
  facet normal -0.939921 0 -0.341393
    outer loop
      vertex 44.6359 -0.95 10.695
      vertex 42.5039 0 16.5648
      vertex 44.6359 0 10.695
    endloop
  endfacet
  facet normal -0.939921 -0 -0.341393
    outer loop
      vertex 42.5039 0 16.5648
      vertex 44.6359 -0.95 10.695
      vertex 42.5039 -0.95 16.5648
    endloop
  endfacet
  facet normal 0 0 -1
    outer loop
      vertex 44.6359 -0.95 10.695
      vertex 45.7914 0 10.695
      vertex 45.7914 -0.95 10.695
    endloop
  endfacet
  facet normal -0 0 -1
    outer loop
      vertex 45.7914 0 10.695
      vertex 44.6359 -0.95 10.695
      vertex 44.6359 0 10.695
    endloop
  endfacet
  facet normal 0.936825 0 -0.349797
    outer loop
      vertex 47.9831 -0.95 16.5648
      vertex 45.7914 0 10.695
      vertex 47.9831 0 16.5648
    endloop
  endfacet
  facet normal 0.936825 0 -0.349797
    outer loop
      vertex 45.7914 0 10.695
      vertex 47.9831 -0.95 16.5648
      vertex 45.7914 -0.95 10.695
    endloop
  endfacet
  facet normal -0 0 1
    outer loop
      vertex 40.7984 0 16.5648
      vertex 41.775 -0.95 16.5648
      vertex 41.775 0 16.5648
    endloop
  endfacet
  facet normal 0 0 1
    outer loop
      vertex 41.775 -0.95 16.5648
      vertex 40.7984 0 16.5648
      vertex 40.7984 -0.95 16.5648
    endloop
  endfacet
  facet normal -1 0 0
    outer loop
      vertex 40.7984 -0.95 10.695
      vertex 40.7984 0 16.5648
      vertex 40.7984 0 10.695
    endloop
  endfacet
  facet normal -1 -0 0
    outer loop
      vertex 40.7984 0 16.5648
      vertex 40.7984 -0.95 10.695
      vertex 40.7984 -0.95 16.5648
    endloop
  endfacet
  facet normal 0 0 -1
    outer loop
      vertex 40.7984 -0.95 10.695
      vertex 41.775 0 10.695
      vertex 41.775 -0.95 10.695
    endloop
  endfacet
  facet normal -0 0 -1
    outer loop
      vertex 41.775 0 10.695
      vertex 40.7984 -0.95 10.695
      vertex 40.7984 0 10.695
    endloop
  endfacet
  facet normal 1 -0 0
    outer loop
      vertex 41.775 -0.95 16.5648
      vertex 41.775 0 10.695
      vertex 41.775 0 16.5648
    endloop
  endfacet
  facet normal 1 0 0
    outer loop
      vertex 41.775 0 10.695
      vertex 41.775 -0.95 16.5648
      vertex 41.775 -0.95 10.695
    endloop
  endfacet
endsolid OpenSCAD_Model
