solid OpenSCAD_Model
  facet normal -1 0 0
    outer loop
      vertex 33 21.5 1
      vertex 33 53.5 26
      vertex 33 53.5 1
    endloop
  endfacet
  facet normal -1 -0 0
    outer loop
      vertex 33 53.5 26
      vertex 33 21.5 1
      vertex 33 21.5 26
    endloop
  endfacet
  facet normal 0 0 1
    outer loop
      vertex 30 58 1
      vertex 4 58 1
      vertex 30 53.5 1
    endloop
  endfacet
  facet normal -0 0 1
    outer loop
      vertex 30 53.5 1
      vertex 33 21.5 1
      vertex 33 53.5 1
    endloop
  endfacet
  facet normal 0 0 1
    outer loop
      vertex 4 53.5 1
      vertex 30 53.5 1
      vertex 4 58 1
    endloop
  endfacet
  facet normal 0 0 1
    outer loop
      vertex 30 53.5 1
      vertex 4 53.5 1
      vertex 33 21.5 1
    endloop
  endfacet
  facet normal 0 0 1
    outer loop
      vertex 1 21.5 1
      vertex 4 53.5 1
      vertex 1 53.5 1
    endloop
  endfacet
  facet normal 0 0 1
    outer loop
      vertex 4 53.5 1
      vertex 1 21.5 1
      vertex 33 21.5 1
    endloop
  endfacet
  facet normal 1 -0 0
    outer loop
      vertex 1 21.5 39
      vertex 1 53.5 1
      vertex 1 53.5 39
    endloop
  endfacet
  facet normal 1 0 0
    outer loop
      vertex 1 53.5 1
      vertex 1 21.5 39
      vertex 1 21.5 1
    endloop
  endfacet
  facet normal 0 -1 0
    outer loop
      vertex 1 53.5 1
      vertex 4 53.5 39
      vertex 1 53.5 39
    endloop
  endfacet
  facet normal 0 -1 -0
    outer loop
      vertex 4 53.5 39
      vertex 1 53.5 1
      vertex 4 53.5 1
    endloop
  endfacet
  facet normal 0 -1 0
    outer loop
      vertex 30 53.5 39
      vertex 33 53.5 26
      vertex 37 53.5 39
    endloop
  endfacet
  facet normal 0 -1 0
    outer loop
      vertex 30 53.5 1
      vertex 33 53.5 26
      vertex 30 53.5 39
    endloop
  endfacet
  facet normal 0 -1 -0
    outer loop
      vertex 33 53.5 26
      vertex 30 53.5 1
      vertex 33 53.5 1
    endloop
  endfacet
  facet normal 0 -1 0
    outer loop
      vertex 34 53.5 26
      vertex 37 53.5 39
      vertex 33 53.5 26
    endloop
  endfacet
  facet normal 0 -1 0
    outer loop
      vertex 37 53.5 1
      vertex 34 53.5 26
      vertex 34 53.5 1
    endloop
  endfacet
  facet normal 0 -1 0
    outer loop
      vertex 34 53.5 26
      vertex 37 53.5 1
      vertex 37 53.5 39
    endloop
  endfacet
  facet normal 0 -1 0
    outer loop
      vertex 63 53.5 39
      vertex 66 53.5 26
      vertex 70 53.5 39
    endloop
  endfacet
  facet normal 0 -1 0
    outer loop
      vertex 63 53.5 1
      vertex 66 53.5 26
      vertex 63 53.5 39
    endloop
  endfacet
  facet normal 0 -1 -0
    outer loop
      vertex 66 53.5 26
      vertex 63 53.5 1
      vertex 66 53.5 1
    endloop
  endfacet
  facet normal 0 -1 0
    outer loop
      vertex 67 53.5 26
      vertex 70 53.5 39
      vertex 66 53.5 26
    endloop
  endfacet
  facet normal 0 -1 0
    outer loop
      vertex 70 53.5 1
      vertex 67 53.5 26
      vertex 67 53.5 1
    endloop
  endfacet
  facet normal 0 -1 0
    outer loop
      vertex 67 53.5 26
      vertex 70 53.5 1
      vertex 70 53.5 39
    endloop
  endfacet
  facet normal 0 1 0
    outer loop
      vertex 33 21.5 26
      vertex 33 21.5 1
      vertex 15 21.5 26
    endloop
  endfacet
  facet normal 0 1 -0
    outer loop
      vertex 15 21.5 26
      vertex 1 21.5 39
      vertex 15 21.5 39
    endloop
  endfacet
  facet normal 0 1 0
    outer loop
      vertex 1 21.5 1
      vertex 15 21.5 26
      vertex 33 21.5 1
    endloop
  endfacet
  facet normal 0 1 0
    outer loop
      vertex 15 21.5 26
      vertex 1 21.5 1
      vertex 1 21.5 39
    endloop
  endfacet
  facet normal -1 0 0
    outer loop
      vertex 30 58 1
      vertex 30 56.99 39
      vertex 30 58 40.5
    endloop
  endfacet
  facet normal -1 0 0
    outer loop
      vertex 30 53.5 1
      vertex 30 56.99 39
      vertex 30 58 1
    endloop
  endfacet
  facet normal -1 -0 0
    outer loop
      vertex 30 56.99 39
      vertex 30 53.5 1
      vertex 30 53.5 39
    endloop
  endfacet
  facet normal -1 0 0
    outer loop
      vertex 30 55.5 40.49
      vertex 30 58 40.5
      vertex 30 56.99 39
    endloop
  endfacet
  facet normal -1 -0 0
    outer loop
      vertex 30 58 40.5
      vertex 30 55.5 40.49
      vertex 30 55.5 40.5
    endloop
  endfacet
  facet normal 1 0 0
    outer loop
      vertex 4 58 40.5
      vertex 4 56.99 39
      vertex 4 58 1
    endloop
  endfacet
  facet normal 1 0 0
    outer loop
      vertex 4 55.5 40.49
      vertex 4 58 40.5
      vertex 4 55.5 40.5
    endloop
  endfacet
  facet normal 1 0 0
    outer loop
      vertex 4 58 40.5
      vertex 4 55.5 40.49
      vertex 4 56.99 39
    endloop
  endfacet
  facet normal 1 0 0
    outer loop
      vertex 4 53.5 1
      vertex 4 56.99 39
      vertex 4 53.5 39
    endloop
  endfacet
  facet normal 1 0 0
    outer loop
      vertex 4 56.99 39
      vertex 4 53.5 1
      vertex 4 58 1
    endloop
  endfacet
  facet normal -1 0 0
    outer loop
      vertex 66 21.5 1
      vertex 66 53.5 26
      vertex 66 53.5 1
    endloop
  endfacet
  facet normal -1 -0 0
    outer loop
      vertex 66 53.5 26
      vertex 66 21.5 1
      vertex 66 21.5 26
    endloop
  endfacet
  facet normal 0 0 1
    outer loop
      vertex 63 58 1
      vertex 37 58 1
      vertex 63 53.5 1
    endloop
  endfacet
  facet normal -0 0 1
    outer loop
      vertex 63 53.5 1
      vertex 66 21.5 1
      vertex 66 53.5 1
    endloop
  endfacet
  facet normal 0 0 1
    outer loop
      vertex 37 53.5 1
      vertex 63 53.5 1
      vertex 37 58 1
    endloop
  endfacet
  facet normal 0 0 1
    outer loop
      vertex 63 53.5 1
      vertex 37 53.5 1
      vertex 66 21.5 1
    endloop
  endfacet
  facet normal 0 0 1
    outer loop
      vertex 34 21.5 1
      vertex 37 53.5 1
      vertex 34 53.5 1
    endloop
  endfacet
  facet normal 0 0 1
    outer loop
      vertex 37 53.5 1
      vertex 34 21.5 1
      vertex 66 21.5 1
    endloop
  endfacet
  facet normal 1 -0 0
    outer loop
      vertex 34 21.5 26
      vertex 34 53.5 1
      vertex 34 53.5 26
    endloop
  endfacet
  facet normal 1 0 0
    outer loop
      vertex 34 53.5 1
      vertex 34 21.5 26
      vertex 34 21.5 1
    endloop
  endfacet
  facet normal 0 1 -0
    outer loop
      vertex 66 21.5 1
      vertex 34 21.5 26
      vertex 66 21.5 26
    endloop
  endfacet
  facet normal 0 1 0
    outer loop
      vertex 34 21.5 26
      vertex 66 21.5 1
      vertex 34 21.5 1
    endloop
  endfacet
  facet normal -1 0 0
    outer loop
      vertex 63 58 1
      vertex 63 56.99 39
      vertex 63 58 40.5
    endloop
  endfacet
  facet normal -1 0 0
    outer loop
      vertex 63 53.5 1
      vertex 63 56.99 39
      vertex 63 58 1
    endloop
  endfacet
  facet normal -1 -0 0
    outer loop
      vertex 63 56.99 39
      vertex 63 53.5 1
      vertex 63 53.5 39
    endloop
  endfacet
  facet normal -1 0 0
    outer loop
      vertex 63 55.5 40.49
      vertex 63 58 40.5
      vertex 63 56.99 39
    endloop
  endfacet
  facet normal -1 -0 0
    outer loop
      vertex 63 58 40.5
      vertex 63 55.5 40.49
      vertex 63 55.5 40.5
    endloop
  endfacet
  facet normal 1 0 0
    outer loop
      vertex 37 58 40.5
      vertex 37 56.99 39
      vertex 37 58 1
    endloop
  endfacet
  facet normal 1 0 0
    outer loop
      vertex 37 55.5 40.49
      vertex 37 58 40.5
      vertex 37 55.5 40.5
    endloop
  endfacet
  facet normal 1 0 0
    outer loop
      vertex 37 58 40.5
      vertex 37 55.5 40.49
      vertex 37 56.99 39
    endloop
  endfacet
  facet normal 1 0 0
    outer loop
      vertex 37 53.5 1
      vertex 37 56.99 39
      vertex 37 53.5 39
    endloop
  endfacet
  facet normal 1 0 0
    outer loop
      vertex 37 56.99 39
      vertex 37 53.5 1
      vertex 37 58 1
    endloop
  endfacet
  facet normal -1 0 0
    outer loop
      vertex 99 21.5 1
      vertex 99 53.5 39
      vertex 99 53.5 1
    endloop
  endfacet
  facet normal -1 -0 0
    outer loop
      vertex 99 53.5 39
      vertex 99 21.5 1
      vertex 99 21.5 39
    endloop
  endfacet
  facet normal 0 0 1
    outer loop
      vertex 96 58 1
      vertex 70 58 1
      vertex 96 53.5 1
    endloop
  endfacet
  facet normal -0 0 1
    outer loop
      vertex 96 53.5 1
      vertex 99 21.5 1
      vertex 99 53.5 1
    endloop
  endfacet
  facet normal 0 0 1
    outer loop
      vertex 70 53.5 1
      vertex 96 53.5 1
      vertex 70 58 1
    endloop
  endfacet
  facet normal 0 0 1
    outer loop
      vertex 96 53.5 1
      vertex 70 53.5 1
      vertex 99 21.5 1
    endloop
  endfacet
  facet normal 0 0 1
    outer loop
      vertex 67 21.5 1
      vertex 70 53.5 1
      vertex 67 53.5 1
    endloop
  endfacet
  facet normal 0 0 1
    outer loop
      vertex 70 53.5 1
      vertex 67 21.5 1
      vertex 99 21.5 1
    endloop
  endfacet
  facet normal 1 -0 0
    outer loop
      vertex 67 21.5 26
      vertex 67 53.5 1
      vertex 67 53.5 26
    endloop
  endfacet
  facet normal 1 0 0
    outer loop
      vertex 67 53.5 1
      vertex 67 21.5 26
      vertex 67 21.5 1
    endloop
  endfacet
  facet normal 0 -1 0
    outer loop
      vertex 96 53.5 1
      vertex 99 53.5 39
      vertex 96 53.5 39
    endloop
  endfacet
  facet normal 0 -1 -0
    outer loop
      vertex 99 53.5 39
      vertex 96 53.5 1
      vertex 99 53.5 1
    endloop
  endfacet
  facet normal 0 1 0
    outer loop
      vertex 99 21.5 39
      vertex 87 21.5 26
      vertex 87 21.5 39
    endloop
  endfacet
  facet normal 0 1 -0
    outer loop
      vertex 99 21.5 1
      vertex 87 21.5 26
      vertex 99 21.5 39
    endloop
  endfacet
  facet normal 0 1 0
    outer loop
      vertex 67 21.5 1
      vertex 87 21.5 26
      vertex 99 21.5 1
    endloop
  endfacet
  facet normal 0 1 0
    outer loop
      vertex 87 21.5 26
      vertex 67 21.5 1
      vertex 67 21.5 26
    endloop
  endfacet
  facet normal -1 0 0
    outer loop
      vertex 96 58 1
      vertex 96 56.99 39
      vertex 96 58 40.5
    endloop
  endfacet
  facet normal -1 0 0
    outer loop
      vertex 96 53.5 1
      vertex 96 56.99 39
      vertex 96 58 1
    endloop
  endfacet
  facet normal -1 -0 0
    outer loop
      vertex 96 56.99 39
      vertex 96 53.5 1
      vertex 96 53.5 39
    endloop
  endfacet
  facet normal -1 0 0
    outer loop
      vertex 96 55.5 40.49
      vertex 96 58 40.5
      vertex 96 56.99 39
    endloop
  endfacet
  facet normal -1 -0 0
    outer loop
      vertex 96 58 40.5
      vertex 96 55.5 40.49
      vertex 96 55.5 40.5
    endloop
  endfacet
  facet normal 1 0 0
    outer loop
      vertex 70 58 40.5
      vertex 70 56.99 39
      vertex 70 58 1
    endloop
  endfacet
  facet normal 1 0 0
    outer loop
      vertex 70 55.5 40.49
      vertex 70 58 40.5
      vertex 70 55.5 40.5
    endloop
  endfacet
  facet normal 1 0 0
    outer loop
      vertex 70 58 40.5
      vertex 70 55.5 40.49
      vertex 70 56.99 39
    endloop
  endfacet
  facet normal 1 0 0
    outer loop
      vertex 70 53.5 1
      vertex 70 56.99 39
      vertex 70 53.5 39
    endloop
  endfacet
  facet normal 1 0 0
    outer loop
      vertex 70 56.99 39
      vertex 70 53.5 1
      vertex 70 58 1
    endloop
  endfacet
  facet normal 0 0.707107 -0.707107
    outer loop
      vertex 100 1.01 39
      vertex 0 2.5 40.49
      vertex 100 2.5 40.49
    endloop
  endfacet
  facet normal 0 0.707107 -0.707107
    outer loop
      vertex 0 2.5 40.49
      vertex 100 1.01 39
      vertex 0 1.01 39
    endloop
  endfacet
  facet normal 0 0 1
    outer loop
      vertex 4 56.99 39
      vertex 1 53.5 39
      vertex 4 53.5 39
    endloop
  endfacet
  facet normal 0 0 1
    outer loop
      vertex 1 53.5 39
      vertex 0 56.99 39
      vertex 1 21.5 39
    endloop
  endfacet
  facet normal -0 0 1
    outer loop
      vertex 0 56.99 39
      vertex 1 53.5 39
      vertex 4 56.99 39
    endloop
  endfacet
  facet normal 0 0 1
    outer loop
      vertex 15 21.5 39
      vertex 1 21.5 39
      vertex 15 6.5 39
    endloop
  endfacet
  facet normal 0 0 1
    outer loop
      vertex 99 21.5 39
      vertex 100 56.99 39
      vertex 99 53.5 39
    endloop
  endfacet
  facet normal -0 0 1
    outer loop
      vertex 96 56.99 39
      vertex 99 53.5 39
      vertex 100 56.99 39
    endloop
  endfacet
  facet normal 0 0 1
    outer loop
      vertex 99 53.5 39
      vertex 96 56.99 39
      vertex 96 53.5 39
    endloop
  endfacet
  facet normal 0 0 1
    outer loop
      vertex 100 56.99 39
      vertex 99 21.5 39
      vertex 100 1.01 39
    endloop
  endfacet
  facet normal 0 0 1
    outer loop
      vertex 87 6.5 39
      vertex 99 21.5 39
      vertex 87 21.5 39
    endloop
  endfacet
  facet normal 0 0 1
    outer loop
      vertex 99 21.5 39
      vertex 87 6.5 39
      vertex 100 1.01 39
    endloop
  endfacet
  facet normal -0 0 1
    outer loop
      vertex 15 6.5 39
      vertex 100 1.01 39
      vertex 87 6.5 39
    endloop
  endfacet
  facet normal 0 0 1
    outer loop
      vertex 15 6.5 39
      vertex 0 1.01 39
      vertex 100 1.01 39
    endloop
  endfacet
  facet normal 0 0 1
    outer loop
      vertex 1 21.5 39
      vertex 0 1.01 39
      vertex 15 6.5 39
    endloop
  endfacet
  facet normal 0 0 1
    outer loop
      vertex 0 1.01 39
      vertex 1 21.5 39
      vertex 0 56.99 39
    endloop
  endfacet
  facet normal -0 0 1
    outer loop
      vertex 30 56.99 39
      vertex 37 53.5 39
      vertex 37 56.99 39
    endloop
  endfacet
  facet normal 0 0 1
    outer loop
      vertex 37 53.5 39
      vertex 30 56.99 39
      vertex 30 53.5 39
    endloop
  endfacet
  facet normal -0 0 1
    outer loop
      vertex 63 56.99 39
      vertex 70 53.5 39
      vertex 70 56.99 39
    endloop
  endfacet
  facet normal 0 0 1
    outer loop
      vertex 70 53.5 39
      vertex 63 56.99 39
      vertex 63 53.5 39
    endloop
  endfacet
  facet normal 0 -0.707107 -0.707107
    outer loop
      vertex 0 56.99 39
      vertex 4 55.5 40.49
      vertex 0 55.5 40.49
    endloop
  endfacet
  facet normal 0 -0.707107 -0.707107
    outer loop
      vertex 4 55.5 40.49
      vertex 0 56.99 39
      vertex 4 56.99 39
    endloop
  endfacet
  facet normal 0 -0.707107 -0.707107
    outer loop
      vertex 30 56.99 39
      vertex 37 55.5 40.49
      vertex 30 55.5 40.49
    endloop
  endfacet
  facet normal 0 -0.707107 -0.707107
    outer loop
      vertex 37 55.5 40.49
      vertex 30 56.99 39
      vertex 37 56.99 39
    endloop
  endfacet
  facet normal 0 -0.707107 -0.707107
    outer loop
      vertex 63 56.99 39
      vertex 70 55.5 40.49
      vertex 63 55.5 40.49
    endloop
  endfacet
  facet normal 0 -0.707107 -0.707107
    outer loop
      vertex 70 55.5 40.49
      vertex 63 56.99 39
      vertex 70 56.99 39
    endloop
  endfacet
  facet normal 0 -0.707107 -0.707107
    outer loop
      vertex 96 56.99 39
      vertex 100 55.5 40.49
      vertex 96 55.5 40.49
    endloop
  endfacet
  facet normal 0 -0.707107 -0.707107
    outer loop
      vertex 100 55.5 40.49
      vertex 96 56.99 39
      vertex 100 56.99 39
    endloop
  endfacet
  facet normal 0 -1 0
    outer loop
      vertex 0 55.5 40.49
      vertex 4 55.5 40.5
      vertex 0 55.5 40.5
    endloop
  endfacet
  facet normal 0 -1 -0
    outer loop
      vertex 4 55.5 40.5
      vertex 0 55.5 40.49
      vertex 4 55.5 40.49
    endloop
  endfacet
  facet normal 0 -1 0
    outer loop
      vertex 30 55.5 40.49
      vertex 37 55.5 40.5
      vertex 30 55.5 40.5
    endloop
  endfacet
  facet normal 0 -1 -0
    outer loop
      vertex 37 55.5 40.5
      vertex 30 55.5 40.49
      vertex 37 55.5 40.49
    endloop
  endfacet
  facet normal 0 -1 0
    outer loop
      vertex 63 55.5 40.49
      vertex 70 55.5 40.5
      vertex 63 55.5 40.5
    endloop
  endfacet
  facet normal 0 -1 -0
    outer loop
      vertex 70 55.5 40.5
      vertex 63 55.5 40.49
      vertex 70 55.5 40.49
    endloop
  endfacet
  facet normal 0 -1 0
    outer loop
      vertex 96 55.5 40.49
      vertex 100 55.5 40.5
      vertex 96 55.5 40.5
    endloop
  endfacet
  facet normal 0 -1 -0
    outer loop
      vertex 100 55.5 40.5
      vertex 96 55.5 40.49
      vertex 100 55.5 40.49
    endloop
  endfacet
  facet normal 0 1 -0
    outer loop
      vertex 100 2.5 40.49
      vertex 0 2.5 40.5
      vertex 100 2.5 40.5
    endloop
  endfacet
  facet normal 0 1 0
    outer loop
      vertex 0 2.5 40.5
      vertex 100 2.5 40.49
      vertex 0 2.5 40.49
    endloop
  endfacet
  facet normal 1 -0 0
    outer loop
      vertex 100 0 40.5
      vertex 100 2.5 40.49
      vertex 100 2.5 40.5
    endloop
  endfacet
  facet normal 1 0 0
    outer loop
      vertex 100 2.5 40.49
      vertex 100 0 40.5
      vertex 100 1.01 39
    endloop
  endfacet
  facet normal 1 0 0
    outer loop
      vertex 100 58 40.5
      vertex 100 56.99 39
      vertex 100 58 0
    endloop
  endfacet
  facet normal 1 0 0
    outer loop
      vertex 100 55.5 40.49
      vertex 100 58 40.5
      vertex 100 55.5 40.5
    endloop
  endfacet
  facet normal 1 0 0
    outer loop
      vertex 100 58 40.5
      vertex 100 55.5 40.49
      vertex 100 56.99 39
    endloop
  endfacet
  facet normal 1 -0 0
    outer loop
      vertex 100 1.01 39
      vertex 100 58 0
      vertex 100 56.99 39
    endloop
  endfacet
  facet normal 1 0 0
    outer loop
      vertex 100 1.01 39
      vertex 100 0 0
      vertex 100 58 0
    endloop
  endfacet
  facet normal 1 0 0
    outer loop
      vertex 100 0 0
      vertex 100 1.01 39
      vertex 100 0 40.5
    endloop
  endfacet
  facet normal -0 0 1
    outer loop
      vertex 0 58 40.5
      vertex 4 55.5 40.5
      vertex 4 58 40.5
    endloop
  endfacet
  facet normal 0 0 1
    outer loop
      vertex 4 55.5 40.5
      vertex 0 58 40.5
      vertex 0 55.5 40.5
    endloop
  endfacet
  facet normal -0 0 1
    outer loop
      vertex 96 58 40.5
      vertex 100 55.5 40.5
      vertex 100 58 40.5
    endloop
  endfacet
  facet normal 0 0 1
    outer loop
      vertex 100 55.5 40.5
      vertex 96 58 40.5
      vertex 96 55.5 40.5
    endloop
  endfacet
  facet normal -0 0 1
    outer loop
      vertex 0 2.5 40.5
      vertex 100 0 40.5
      vertex 100 2.5 40.5
    endloop
  endfacet
  facet normal 0 0 1
    outer loop
      vertex 100 0 40.5
      vertex 0 2.5 40.5
      vertex 0 0 40.5
    endloop
  endfacet
  facet normal -0 0 1
    outer loop
      vertex 30 58 40.5
      vertex 37 55.5 40.5
      vertex 37 58 40.5
    endloop
  endfacet
  facet normal 0 0 1
    outer loop
      vertex 37 55.5 40.5
      vertex 30 58 40.5
      vertex 30 55.5 40.5
    endloop
  endfacet
  facet normal -0 0 1
    outer loop
      vertex 63 58 40.5
      vertex 70 55.5 40.5
      vertex 70 58 40.5
    endloop
  endfacet
  facet normal 0 0 1
    outer loop
      vertex 70 55.5 40.5
      vertex 63 58 40.5
      vertex 63 55.5 40.5
    endloop
  endfacet
  facet normal 0 0 -1
    outer loop
      vertex 0 0 0
      vertex 100 58 0
      vertex 100 0 0
    endloop
  endfacet
  facet normal -0 0 -1
    outer loop
      vertex 100 58 0
      vertex 0 0 0
      vertex 0 58 0
    endloop
  endfacet
  facet normal -1 0 0
    outer loop
      vertex 0 58 0
      vertex 0 56.99 39
      vertex 0 58 40.5
    endloop
  endfacet
  facet normal -1 0 0
    outer loop
      vertex 0 58 0
      vertex 0 1.01 39
      vertex 0 56.99 39
    endloop
  endfacet
  facet normal -1 0 -0
    outer loop
      vertex 0 1.01 39
      vertex 0 58 0
      vertex 0 0 0
    endloop
  endfacet
  facet normal -1 0 0
    outer loop
      vertex 0 55.5 40.49
      vertex 0 58 40.5
      vertex 0 56.99 39
    endloop
  endfacet
  facet normal -1 -0 0
    outer loop
      vertex 0 58 40.5
      vertex 0 55.5 40.49
      vertex 0 55.5 40.5
    endloop
  endfacet
  facet normal -1 0 0
    outer loop
      vertex 0 0 40.5
      vertex 0 2.5 40.49
      vertex 0 1.01 39
    endloop
  endfacet
  facet normal -1 0 0
    outer loop
      vertex 0 2.5 40.49
      vertex 0 0 40.5
      vertex 0 2.5 40.5
    endloop
  endfacet
  facet normal -1 0 0
    outer loop
      vertex 0 0 40.5
      vertex 0 1.01 39
      vertex 0 0 0
    endloop
  endfacet
  facet normal 0 1 0
    outer loop
      vertex 100 58 40.5
      vertex 96 58 1
      vertex 96 58 40.5
    endloop
  endfacet
  facet normal 0 1 0
    outer loop
      vertex 100 58 0
      vertex 70 58 1
      vertex 96 58 1
    endloop
  endfacet
  facet normal 0 1 0
    outer loop
      vertex 70 58 1
      vertex 100 58 0
      vertex 63 58 1
    endloop
  endfacet
  facet normal 0 1 0
    outer loop
      vertex 63 58 1
      vertex 100 58 0
      vertex 37 58 1
    endloop
  endfacet
  facet normal 0 1 0
    outer loop
      vertex 0 58 0
      vertex 37 58 1
      vertex 100 58 0
    endloop
  endfacet
  facet normal 0 1 0
    outer loop
      vertex 37 58 1
      vertex 0 58 0
      vertex 30 58 1
    endloop
  endfacet
  facet normal 0 1 -0
    outer loop
      vertex 100 58 0
      vertex 96 58 1
      vertex 100 58 40.5
    endloop
  endfacet
  facet normal 0 1 -0
    outer loop
      vertex 70 58 1
      vertex 63 58 40.5
      vertex 70 58 40.5
    endloop
  endfacet
  facet normal 0 1 0
    outer loop
      vertex 63 58 40.5
      vertex 70 58 1
      vertex 63 58 1
    endloop
  endfacet
  facet normal 0 1 -0
    outer loop
      vertex 37 58 1
      vertex 30 58 40.5
      vertex 37 58 40.5
    endloop
  endfacet
  facet normal 0 1 0
    outer loop
      vertex 30 58 40.5
      vertex 37 58 1
      vertex 30 58 1
    endloop
  endfacet
  facet normal 0 1 -0
    outer loop
      vertex 4 58 1
      vertex 0 58 40.5
      vertex 4 58 40.5
    endloop
  endfacet
  facet normal 0 1 0
    outer loop
      vertex 4 58 1
      vertex 0 58 0
      vertex 0 58 40.5
    endloop
  endfacet
  facet normal 0 1 0
    outer loop
      vertex 30 58 1
      vertex 0 58 0
      vertex 4 58 1
    endloop
  endfacet
  facet normal 0 -1 0
    outer loop
      vertex 26.4108 0 17.3761
      vertex 26.4323 0 17.179
      vertex 26.427 0 17.3761
    endloop
  endfacet
  facet normal 0 -1 0
    outer loop
      vertex 26.236 0 17.0945
      vertex 26.4323 0 17.179
      vertex 26.4108 0 17.3761
    endloop
  endfacet
  facet normal 0 -1 0
    outer loop
      vertex 26.236 0 17.0945
      vertex 26.4372 0 17.016
      vertex 26.4323 0 17.179
    endloop
  endfacet
  facet normal 0 -1 0
    outer loop
      vertex 26.236 0 17.0945
      vertex 26.4418 0 16.8873
      vertex 26.4372 0 17.016
    endloop
  endfacet
  facet normal 0 -1 0
    outer loop
      vertex 26.048 0 16.8573
      vertex 26.4418 0 16.8873
      vertex 26.236 0 17.0945
    endloop
  endfacet
  facet normal 0 -1 0
    outer loop
      vertex 26.048 0 16.8573
      vertex 26.446 0 16.7929
      vertex 26.4418 0 16.8873
    endloop
  endfacet
  facet normal 0 -1 0
    outer loop
      vertex 26.048 0 16.8573
      vertex 26.4499 0 16.7178
      vertex 26.446 0 16.7929
    endloop
  endfacet
  facet normal 0 -1 0
    outer loop
      vertex 26.4567 0 16.5809
      vertex 26.048 0 16.8573
      vertex 25.8468 0 16.6646
    endloop
  endfacet
  facet normal 0 -1 0
    outer loop
      vertex 26.048 0 16.8573
      vertex 26.4535 0 16.6471
      vertex 26.4499 0 16.7178
    endloop
  endfacet
  facet normal 0 -1 0
    outer loop
      vertex 26.048 0 16.8573
      vertex 26.4567 0 16.5809
      vertex 26.4535 0 16.6471
    endloop
  endfacet
  facet normal 0 -1 0
    outer loop
      vertex 25.8468 0 16.6646
      vertex 26.4596 0 16.519
      vertex 26.4567 0 16.5809
    endloop
  endfacet
  facet normal 0 -1 0
    outer loop
      vertex 26.4705 0 16.3725
      vertex 25.8468 0 16.6646
      vertex 25.6323 0 16.5163
    endloop
  endfacet
  facet normal 0 -1 0
    outer loop
      vertex 25.8468 0 16.6646
      vertex 26.4623 0 16.4651
      vertex 26.4596 0 16.519
    endloop
  endfacet
  facet normal 0 -1 0
    outer loop
      vertex 25.8468 0 16.6646
      vertex 26.465 0 16.4227
      vertex 26.4623 0 16.4651
    endloop
  endfacet
  facet normal 0 -1 0
    outer loop
      vertex 26.4705 0 16.3725
      vertex 25.6323 0 16.5163
      vertex 25.3978 0 16.4059
    endloop
  endfacet
  facet normal 0 -1 0
    outer loop
      vertex 25.8468 0 16.6646
      vertex 26.4677 0 16.3918
      vertex 26.465 0 16.4227
    endloop
  endfacet
  facet normal 0 -1 0
    outer loop
      vertex 25.8468 0 16.6646
      vertex 26.4705 0 16.3725
      vertex 26.4677 0 16.3918
    endloop
  endfacet
  facet normal 0 -1 0
    outer loop
      vertex 24.8485 0 16.2798
      vertex 26.4705 0 16.3725
      vertex 25.1366 0 16.3271
    endloop
  endfacet
  facet normal 0 -1 0
    outer loop
      vertex 25.1366 0 16.3271
      vertex 26.4705 0 16.3725
      vertex 25.3978 0 16.4059
    endloop
  endfacet
  facet normal 0 -1 0
    outer loop
      vertex 35.2342 0 17.8264
      vertex 36.2433 0 17.1042
      vertex 36.4169 0 17.1375
    endloop
  endfacet
  facet normal 0 -1 0
    outer loop
      vertex 35.2688 0 17.4663
      vertex 35.5617 0 17.1042
      vertex 35.6945 0 17.0721
    endloop
  endfacet
  facet normal 0 -1 0
    outer loop
      vertex 35.2688 0 17.4663
      vertex 36.0914 0 17.0805
      vertex 36.2433 0 17.1042
    endloop
  endfacet
  facet normal 0 -1 0
    outer loop
      vertex 35.2688 0 17.4663
      vertex 35.6945 0 17.0721
      vertex 35.8527 0 17.0615
    endloop
  endfacet
  facet normal 0 -1 0
    outer loop
      vertex 35.2688 0 17.4663
      vertex 35.9612 0 17.0662
      vertex 36.0914 0 17.0805
    endloop
  endfacet
  facet normal 0 -1 0
    outer loop
      vertex 35.2688 0 17.4663
      vertex 35.8527 0 17.0615
      vertex 35.9612 0 17.0662
    endloop
  endfacet
  facet normal 0 -1 0
    outer loop
      vertex 82.387 0 16.9964
      vertex 80.853 0 18.2075
      vertex 80.9836 0 17.8471
    endloop
  endfacet
  facet normal 0 -1 0
    outer loop
      vertex 80.853 0 18.2075
      vertex 82.6886 0 17.0123
      vertex 83.9223 0 17.8969
    endloop
  endfacet
  facet normal 0 -1 0
    outer loop
      vertex 82.0096 0 17.0306
      vertex 80.9836 0 17.8471
      vertex 81.1663 0 17.5443
    endloop
  endfacet
  facet normal -0 -1 0
    outer loop
      vertex 82.9586 0 17.0601
      vertex 83.9223 0 17.8969
      vertex 82.6886 0 17.0123
    endloop
  endfacet
  facet normal -0 -1 0
    outer loop
      vertex 83.4041 0 17.2513
      vertex 83.9223 0 17.8969
      vertex 82.9586 0 17.0601
    endloop
  endfacet
  facet normal 0 -1 0
    outer loop
      vertex 82.0096 0 17.0306
      vertex 81.1663 0 17.5443
      vertex 81.3992 0 17.3046
    endloop
  endfacet
  facet normal 0 -1 0
    outer loop
      vertex 83.9223 0 17.8969
      vertex 83.5799 0 17.3873
      vertex 83.839 0 17.7101
    endloop
  endfacet
  facet normal 0 -1 0
    outer loop
      vertex 83.839 0 17.7101
      vertex 83.5799 0 17.3873
      vertex 83.7249 0 17.5402
    endloop
  endfacet
  facet normal 0 -1 0
    outer loop
      vertex 82.0096 0 17.0306
      vertex 81.3992 0 17.3046
      vertex 81.6803 0 17.1333
    endloop
  endfacet
  facet normal 0 -1 0
    outer loop
      vertex 83.9223 0 17.8969
      vertex 83.4041 0 17.2513
      vertex 83.5799 0 17.3873
    endloop
  endfacet
  facet normal 0 -1 0
    outer loop
      vertex 80.9836 0 17.8471
      vertex 82.0096 0 17.0306
      vertex 82.387 0 16.9964
    endloop
  endfacet
  facet normal 0 -1 0
    outer loop
      vertex 83.4041 0 17.2513
      vertex 82.9586 0 17.0601
      vertex 83.1971 0 17.1398
    endloop
  endfacet
  facet normal 0 -1 0
    outer loop
      vertex 80.853 0 18.2075
      vertex 82.387 0 16.9964
      vertex 82.6886 0 17.0123
    endloop
  endfacet
  facet normal 0 -1 0
    outer loop
      vertex 29.6854 0 17.9186
      vertex 32.2609 0 18.1844
      vertex 29.5701 0 18.3147
    endloop
  endfacet
  facet normal 0 -1 0
    outer loop
      vertex 30.9589 0 17.0343
      vertex 32.2609 0 18.1844
      vertex 29.6854 0 17.9186
    endloop
  endfacet
  facet normal 0 -1 0
    outer loop
      vertex 32.2609 0 18.1844
      vertex 30.9589 0 17.0343
      vertex 32.2034 0 17.9105
    endloop
  endfacet
  facet normal 0 -1 0
    outer loop
      vertex 30.9589 0 17.0343
      vertex 29.6854 0 17.9186
      vertex 29.8467 0 17.5985
    endloop
  endfacet
  facet normal -0 -1 0
    outer loop
      vertex 31.2086 0 17.052
      vertex 32.2034 0 17.9105
      vertex 30.9589 0 17.0343
    endloop
  endfacet
  facet normal 0 -1 0
    outer loop
      vertex 30.6107 0 17.0696
      vertex 29.8467 0 17.5985
      vertex 30.0546 0 17.3517
    endloop
  endfacet
  facet normal -0 -1 0
    outer loop
      vertex 31.437 0 17.1049
      vertex 32.2034 0 17.9105
      vertex 31.2086 0 17.052
    endloop
  endfacet
  facet normal 0 -1 0
    outer loop
      vertex 32.2034 0 17.9105
      vertex 31.437 0 17.1049
      vertex 32.1124 0 17.6745
    endloop
  endfacet
  facet normal 0 -1 0
    outer loop
      vertex 30.6107 0 17.0696
      vertex 30.0546 0 17.3517
      vertex 30.3093 0 17.1754
    endloop
  endfacet
  facet normal -0 -1 0
    outer loop
      vertex 31.644 0 17.193
      vertex 32.1124 0 17.6745
      vertex 31.437 0 17.1049
    endloop
  endfacet
  facet normal 0 -1 0
    outer loop
      vertex 29.8467 0 17.5985
      vertex 30.6107 0 17.0696
      vertex 30.9589 0 17.0343
    endloop
  endfacet
  facet normal 0 -1 0
    outer loop
      vertex 31.9878 0 17.4765
      vertex 31.644 0 17.193
      vertex 31.8296 0 17.3164
    endloop
  endfacet
  facet normal 0 -1 0
    outer loop
      vertex 32.1124 0 17.6745
      vertex 31.644 0 17.193
      vertex 31.9878 0 17.4765
    endloop
  endfacet
  facet normal 0 -1 0
    outer loop
      vertex 77.6539 0 18.5866
      vertex 78.0303 0 17.9187
      vertex 78.0154 0 18.0841
    endloop
  endfacet
  facet normal -0 -1 0
    outer loop
      vertex 76.9448 0 17.0215
      vertex 77.0213 0 18.8409
      vertex 76.5981 0 17.0072
    endloop
  endfacet
  facet normal 0 -1 0
    outer loop
      vertex 75.7274 0 17.1308
      vertex 74.9978 0 17.9187
      vertex 75.0768 0 17.6984
    endloop
  endfacet
  facet normal -0 -1 0
    outer loop
      vertex 77.2417 0 17.0642
      vertex 77.0213 0 18.8409
      vertex 76.9448 0 17.0215
    endloop
  endfacet
  facet normal 0 -1 0
    outer loop
      vertex 75.513 0 17.2269
      vertex 75.0768 0 17.6984
      vertex 75.1889 0 17.5097
    endloop
  endfacet
  facet normal -0 -1 0
    outer loop
      vertex 77.4887 0 17.1354
      vertex 77.0213 0 18.8409
      vertex 77.2417 0 17.0642
    endloop
  endfacet
  facet normal 0 -1 0
    outer loop
      vertex 75.513 0 17.2269
      vertex 75.1889 0 17.5097
      vertex 75.3344 0 17.3526
    endloop
  endfacet
  facet normal 0 -1 0
    outer loop
      vertex 77.0213 0 18.8409
      vertex 77.4887 0 17.1354
      vertex 78.0303 0 17.9187
    endloop
  endfacet
  facet normal 0 -1 0
    outer loop
      vertex 75.0768 0 17.6984
      vertex 75.513 0 17.2269
      vertex 75.7274 0 17.1308
    endloop
  endfacet
  facet normal 0 -1 0
    outer loop
      vertex 78.0303 0 17.9187
      vertex 77.4887 0 17.1354
      vertex 78.0088 0 17.705
    endloop
  endfacet
  facet normal 0 -1 0
    outer loop
      vertex 76.2699 0 17.021
      vertex 76.3215 0 19.0253
      vertex 75.9796 0 17.0621
    endloop
  endfacet
  facet normal -0 -1 0
    outer loop
      vertex 77.6859 0 17.2351
      vertex 78.0088 0 17.705
      vertex 77.4887 0 17.1354
    endloop
  endfacet
  facet normal 0 -1 -0
    outer loop
      vertex 76.3215 0 19.0253
      vertex 76.2699 0 17.021
      vertex 77.0213 0 18.8409
    endloop
  endfacet
  facet normal 0 -1 0
    outer loop
      vertex 78.0088 0 17.705
      vertex 77.6859 0 17.2351
      vertex 77.9442 0 17.5199
    endloop
  endfacet
  facet normal 0 -1 0
    outer loop
      vertex 77.0213 0 18.8409
      vertex 76.2699 0 17.021
      vertex 76.5981 0 17.0072
    endloop
  endfacet
  facet normal 0 -1 0
    outer loop
      vertex 77.9442 0 17.5199
      vertex 77.6859 0 17.2351
      vertex 77.8366 0 17.3632
    endloop
  endfacet
  facet normal 0 -1 0
    outer loop
      vertex 15.8099 0 16.3725
      vertex 20.1716 0 18.6076
      vertex 16.6888 0 18.6076
    endloop
  endfacet
  facet normal 0 -1 -0
    outer loop
      vertex 20.1716 0 18.6076
      vertex 15.8099 0 16.3725
      vertex 21.045 0 16.3725
    endloop
  endfacet
  facet normal 0 -1 0
    outer loop
      vertex 29.6732 0 20.7687
      vertex 30.9481 0 21.5859
      vertex 30.587 0 21.5537
    endloop
  endfacet
  facet normal 0 -1 0
    outer loop
      vertex 30.9481 0 21.5859
      vertex 32.2121 0 20.5227
      vertex 31.2166 0 21.568
    endloop
  endfacet
  facet normal 0 -1 0
    outer loop
      vertex 29.6732 0 20.7687
      vertex 30.587 0 21.5537
      vertex 30.2794 0 21.4571
    endloop
  endfacet
  facet normal -0 -1 -0
    outer loop
      vertex 32.1596 0 20.7542
      vertex 31.2166 0 21.568
      vertex 32.2121 0 20.5227
    endloop
  endfacet
  facet normal 0 -1 0
    outer loop
      vertex 31.2166 0 21.568
      vertex 32.0779 0 20.9607
      vertex 31.4526 0 21.5141
    endloop
  endfacet
  facet normal 0 -1 0
    outer loop
      vertex 29.8251 0 21.0705
      vertex 30.2794 0 21.4571
      vertex 30.0255 0 21.296
    endloop
  endfacet
  facet normal -0 -1 -0
    outer loop
      vertex 31.967 0 21.1421
      vertex 31.4526 0 21.5141
      vertex 32.0779 0 20.9607
    endloop
  endfacet
  facet normal 0 -1 0
    outer loop
      vertex 30.2794 0 21.4571
      vertex 29.8251 0 21.0705
      vertex 29.6732 0 20.7687
    endloop
  endfacet
  facet normal 0 -1 0
    outer loop
      vertex 31.656 0 21.4242
      vertex 31.967 0 21.1421
      vertex 31.8269 0 21.2984
    endloop
  endfacet
  facet normal 0 -1 -0
    outer loop
      vertex 30.9481 0 21.5859
      vertex 29.6732 0 20.7687
      vertex 32.2121 0 20.5227
    endloop
  endfacet
  facet normal 0 -1 0
    outer loop
      vertex 31.4526 0 21.5141
      vertex 31.967 0 21.1421
      vertex 31.656 0 21.4242
    endloop
  endfacet
  facet normal -0 -1 -0
    outer loop
      vertex 32.0779 0 20.9607
      vertex 31.2166 0 21.568
      vertex 32.1596 0 20.7542
    endloop
  endfacet
  facet normal -0 -1 0
    outer loop
      vertex 32.2121 0 20.5227
      vertex 29.6732 0 20.7687
      vertex 29.5647 0 20.3788
    endloop
  endfacet
  facet normal 0 -1 0
    outer loop
      vertex 72.2507 0 17.3761
      vertex 72.2722 0 17.179
      vertex 72.2669 0 17.3761
    endloop
  endfacet
  facet normal 0 -1 0
    outer loop
      vertex 72.0759 0 17.0945
      vertex 72.2722 0 17.179
      vertex 72.2507 0 17.3761
    endloop
  endfacet
  facet normal 0 -1 0
    outer loop
      vertex 72.0759 0 17.0945
      vertex 72.2771 0 17.016
      vertex 72.2722 0 17.179
    endloop
  endfacet
  facet normal 0 -1 0
    outer loop
      vertex 72.0759 0 17.0945
      vertex 72.2817 0 16.8873
      vertex 72.2771 0 17.016
    endloop
  endfacet
  facet normal 0 -1 0
    outer loop
      vertex 71.8879 0 16.8573
      vertex 72.2817 0 16.8873
      vertex 72.0759 0 17.0945
    endloop
  endfacet
  facet normal 0 -1 0
    outer loop
      vertex 71.8879 0 16.8573
      vertex 72.2859 0 16.7929
      vertex 72.2817 0 16.8873
    endloop
  endfacet
  facet normal 0 -1 0
    outer loop
      vertex 71.8879 0 16.8573
      vertex 72.2898 0 16.7178
      vertex 72.2859 0 16.7929
    endloop
  endfacet
  facet normal 0 -1 0
    outer loop
      vertex 72.2966 0 16.5809
      vertex 71.8879 0 16.8573
      vertex 71.6867 0 16.6646
    endloop
  endfacet
  facet normal 0 -1 0
    outer loop
      vertex 71.8879 0 16.8573
      vertex 72.2934 0 16.6471
      vertex 72.2898 0 16.7178
    endloop
  endfacet
  facet normal 0 -1 0
    outer loop
      vertex 71.8879 0 16.8573
      vertex 72.2966 0 16.5809
      vertex 72.2934 0 16.6471
    endloop
  endfacet
  facet normal 0 -1 0
    outer loop
      vertex 71.6867 0 16.6646
      vertex 72.2995 0 16.519
      vertex 72.2966 0 16.5809
    endloop
  endfacet
  facet normal 0 -1 0
    outer loop
      vertex 72.3104 0 16.3725
      vertex 71.6867 0 16.6646
      vertex 71.4722 0 16.5163
    endloop
  endfacet
  facet normal 0 -1 0
    outer loop
      vertex 71.6867 0 16.6646
      vertex 72.3022 0 16.4651
      vertex 72.2995 0 16.519
    endloop
  endfacet
  facet normal 0 -1 0
    outer loop
      vertex 71.6867 0 16.6646
      vertex 72.3049 0 16.4227
      vertex 72.3022 0 16.4651
    endloop
  endfacet
  facet normal 0 -1 0
    outer loop
      vertex 72.3104 0 16.3725
      vertex 71.4722 0 16.5163
      vertex 71.2377 0 16.4059
    endloop
  endfacet
  facet normal 0 -1 0
    outer loop
      vertex 71.6867 0 16.6646
      vertex 72.3076 0 16.3918
      vertex 72.3049 0 16.4227
    endloop
  endfacet
  facet normal 0 -1 0
    outer loop
      vertex 71.6867 0 16.6646
      vertex 72.3104 0 16.3725
      vertex 72.3076 0 16.3918
    endloop
  endfacet
  facet normal 0 -1 0
    outer loop
      vertex 70.6884 0 16.2798
      vertex 73.2326 0 16.3725
      vertex 72.3104 0 16.3725
    endloop
  endfacet
  facet normal 0 -1 0
    outer loop
      vertex 70.9765 0 16.3271
      vertex 72.3104 0 16.3725
      vertex 71.2377 0 16.4059
    endloop
  endfacet
  facet normal 0 -1 0
    outer loop
      vertex 70.6884 0 16.2798
      vertex 72.3104 0 16.3725
      vertex 70.9765 0 16.3271
    endloop
  endfacet
  facet normal 0 -1 0
    outer loop
      vertex 73.2326 0 16.3725
      vertex 76.0815 0 16.2866
      vertex 75.6277 0 16.3542
    endloop
  endfacet
  facet normal 0 -1 -0
    outer loop
      vertex 73.2326 0 16.3725
      vertex 70.6884 0 16.2798
      vertex 100 0 0
    endloop
  endfacet
  facet normal 0 -1 0
    outer loop
      vertex 100 0 0
      vertex 70.6884 0 16.2798
      vertex 70.3736 0 16.264
    endloop
  endfacet
  facet normal 0 -1 0
    outer loop
      vertex 73.2326 0 16.3725
      vertex 100 0 0
      vertex 76.0815 0 16.2866
    endloop
  endfacet
  facet normal 0 -1 0
    outer loop
      vertex 49.3399 0 20.368
      vertex 48.1373 0 21.5967
      vertex 47.8033 0 21.5666
    endloop
  endfacet
  facet normal 0 -1 0
    outer loop
      vertex 48.1373 0 21.5967
      vertex 49.3185 0 20.6094
      vertex 48.3641 0 21.5879
    endloop
  endfacet
  facet normal -0 -1 -0
    outer loop
      vertex 49.2829 0 20.8183
      vertex 48.3641 0 21.5879
      vertex 49.3185 0 20.6094
    endloop
  endfacet
  facet normal 0 -1 0
    outer loop
      vertex 49.3399 0 20.368
      vertex 47.8033 0 21.5666
      vertex 47.5066 0 21.476
    endloop
  endfacet
  facet normal 0 -1 0
    outer loop
      vertex 48.3641 0 21.5879
      vertex 49.2829 0 20.8183
      vertex 48.5617 0 21.5615
    endloop
  endfacet
  facet normal 0 -1 0
    outer loop
      vertex 48.5617 0 21.5615
      vertex 49.2331 0 20.9946
      vertex 48.7302 0 21.5174
    endloop
  endfacet
  facet normal 0 -1 0
    outer loop
      vertex 49.3399 0 20.368
      vertex 47.5066 0 21.476
      vertex 47.2473 0 21.3252
    endloop
  endfacet
  facet normal -0 -1 -0
    outer loop
      vertex 49.1676 0 21.1434
      vertex 48.7302 0 21.5174
      vertex 49.2331 0 20.9946
    endloop
  endfacet
  facet normal -0 -1 -0
    outer loop
      vertex 49.0853 0 21.2699
      vertex 48.8696 0 21.4557
      vertex 49.1676 0 21.1434
    endloop
  endfacet
  facet normal 0 -1 0
    outer loop
      vertex 49.3399 0 20.368
      vertex 47.2473 0 21.3252
      vertex 47.0252 0 21.1139
    endloop
  endfacet
  facet normal 0 -1 0
    outer loop
      vertex 48.8696 0 21.4557
      vertex 49.0853 0 21.2699
      vertex 48.9859 0 21.374
    endloop
  endfacet
  facet normal 0 -1 0
    outer loop
      vertex 49.3399 0 20.368
      vertex 47.0252 0 21.1139
      vertex 46.8472 0 20.8491
    endloop
  endfacet
  facet normal 0 -1 0
    outer loop
      vertex 48.7302 0 21.5174
      vertex 49.1676 0 21.1434
      vertex 48.8696 0 21.4557
    endloop
  endfacet
  facet normal -0 -1 -0
    outer loop
      vertex 49.2331 0 20.9946
      vertex 48.5617 0 21.5615
      vertex 49.2829 0 20.8183
    endloop
  endfacet
  facet normal 0 -1 0
    outer loop
      vertex 49.3399 0 20.368
      vertex 46.8472 0 20.8491
      vertex 46.72 0 20.5375
    endloop
  endfacet
  facet normal 0 -1 0
    outer loop
      vertex 48.1373 0 21.5967
      vertex 49.3399 0 20.368
      vertex 49.3185 0 20.6094
    endloop
  endfacet
  facet normal 0 -1 0
    outer loop
      vertex 49.347 0 20.094
      vertex 46.72 0 20.5375
      vertex 46.6437 0 20.1792
    endloop
  endfacet
  facet normal 0 -1 0
    outer loop
      vertex 46.72 0 20.5375
      vertex 49.347 0 20.094
      vertex 49.3399 0 20.368
    endloop
  endfacet
  facet normal 0 -1 0
    outer loop
      vertex 46.6183 0 19.7739
      vertex 49.347 0 20.094
      vertex 46.6437 0 20.1792
    endloop
  endfacet
  facet normal 0 -1 0
    outer loop
      vertex 49.347 0 16.3725
      vertex 46.6183 0 19.7739
      vertex 46.6183 0 16.3725
    endloop
  endfacet
  facet normal 0 -1 0
    outer loop
      vertex 46.6183 0 19.7739
      vertex 49.347 0 16.3725
      vertex 49.347 0 20.094
    endloop
  endfacet
  facet normal 0 -1 0
    outer loop
      vertex 55.8683 0 16.3725
      vertex 60.0021 0 19.9151
      vertex 55.8683 0 19.9151
    endloop
  endfacet
  facet normal 0 -1 -0
    outer loop
      vertex 60.0021 0 19.9151
      vertex 55.8683 0 16.3725
      vertex 60.0021 0 16.3725
    endloop
  endfacet
  facet normal 0 -1 0
    outer loop
      vertex 35.2342 0 21.5317
      vertex 35.2342 0 17.8264
      vertex 36.3193 0 21.5317
    endloop
  endfacet
  facet normal 0 -1 0
    outer loop
      vertex 69.4948 0 22.2423
      vertex 72.2236 0 18.8409
      vertex 72.2236 0 22.2423
    endloop
  endfacet
  facet normal 0 -1 0
    outer loop
      vertex 69.4948 0 18.5208
      vertex 72.2236 0 18.8409
      vertex 69.4948 0 22.2423
    endloop
  endfacet
  facet normal 0 -1 0
    outer loop
      vertex 69.4948 0 18.5208
      vertex 72.1981 0 18.4357
      vertex 72.2236 0 18.8409
    endloop
  endfacet
  facet normal 0 -1 0
    outer loop
      vertex 72.1218 0 18.0773
      vertex 69.4948 0 18.5208
      vertex 69.5019 0 18.2469
    endloop
  endfacet
  facet normal 0 -1 0
    outer loop
      vertex 69.4948 0 18.5208
      vertex 72.1218 0 18.0773
      vertex 72.1981 0 18.4357
    endloop
  endfacet
  facet normal 0 -1 0
    outer loop
      vertex 70.7045 0 17.0181
      vertex 69.5019 0 18.2469
      vertex 69.5232 0 18.0054
    endloop
  endfacet
  facet normal 0 -1 0
    outer loop
      vertex 70.4777 0 17.0269
      vertex 69.5232 0 18.0054
      vertex 69.5588 0 17.7966
    endloop
  endfacet
  facet normal 0 -1 0
    outer loop
      vertex 69.5019 0 18.2469
      vertex 71.9947 0 17.7657
      vertex 72.1218 0 18.0773
    endloop
  endfacet
  facet normal 0 -1 0
    outer loop
      vertex 70.28 0 17.0534
      vertex 69.5588 0 17.7966
      vertex 69.6087 0 17.6203
    endloop
  endfacet
  facet normal 0 -1 0
    outer loop
      vertex 69.5019 0 18.2469
      vertex 71.0385 0 17.0483
      vertex 71.8167 0 17.5009
    endloop
  endfacet
  facet normal 0 -1 0
    outer loop
      vertex 70.28 0 17.0534
      vertex 69.6087 0 17.6203
      vertex 69.6741 0 17.4714
    endloop
  endfacet
  facet normal 0 -1 0
    outer loop
      vertex 70.1115 0 17.0974
      vertex 69.6741 0 17.4714
      vertex 69.7565 0 17.3449
    endloop
  endfacet
  facet normal 0 -1 0
    outer loop
      vertex 69.5019 0 18.2469
      vertex 70.7045 0 17.0181
      vertex 71.0385 0 17.0483
    endloop
  endfacet
  facet normal 0 -1 0
    outer loop
      vertex 70.1115 0 17.0974
      vertex 69.7565 0 17.3449
      vertex 69.8558 0 17.2409
    endloop
  endfacet
  facet normal 0 -1 0
    outer loop
      vertex 70.1115 0 17.0974
      vertex 69.8558 0 17.2409
      vertex 69.9721 0 17.1591
    endloop
  endfacet
  facet normal 0 -1 0
    outer loop
      vertex 69.5019 0 18.2469
      vertex 71.8167 0 17.5009
      vertex 71.9947 0 17.7657
    endloop
  endfacet
  facet normal 0 -1 0
    outer loop
      vertex 69.6741 0 17.4714
      vertex 70.1115 0 17.0974
      vertex 70.28 0 17.0534
    endloop
  endfacet
  facet normal 0 -1 0
    outer loop
      vertex 69.5588 0 17.7966
      vertex 70.28 0 17.0534
      vertex 70.4777 0 17.0269
    endloop
  endfacet
  facet normal 0 -1 0
    outer loop
      vertex 69.5232 0 18.0054
      vertex 70.4777 0 17.0269
      vertex 70.7045 0 17.0181
    endloop
  endfacet
  facet normal 0 -1 0
    outer loop
      vertex 71.8167 0 17.5009
      vertex 71.0385 0 17.0483
      vertex 71.5946 0 17.2897
    endloop
  endfacet
  facet normal 0 -1 0
    outer loop
      vertex 71.5946 0 17.2897
      vertex 71.0385 0 17.0483
      vertex 71.3352 0 17.1388
    endloop
  endfacet
  facet normal 0 -1 0
    outer loop
      vertex 66.0221 0 22.1657
      vertex 68.5128 0 22.2423
      vertex 65.4827 0 22.3045
    endloop
  endfacet
  facet normal 0 -1 0
    outer loop
      vertex 66.4727 0 21.9343
      vertex 68.5128 0 22.2423
      vertex 66.0221 0 22.1657
    endloop
  endfacet
  facet normal 0 -1 0
    outer loop
      vertex 66.8345 0 21.6103
      vertex 68.5128 0 22.2423
      vertex 66.4727 0 21.9343
    endloop
  endfacet
  facet normal 0 -1 0
    outer loop
      vertex 67.1122 0 21.1891
      vertex 68.5128 0 22.2423
      vertex 66.8345 0 21.6103
    endloop
  endfacet
  facet normal 0 -1 0
    outer loop
      vertex 67.3106 0 20.6657
      vertex 68.5128 0 22.2423
      vertex 67.1122 0 21.1891
    endloop
  endfacet
  facet normal 0 -1 0
    outer loop
      vertex 67.4296 0 20.0403
      vertex 68.5128 0 22.2423
      vertex 67.3106 0 20.6657
    endloop
  endfacet
  facet normal 0 -1 0
    outer loop
      vertex 68.5128 0 18.3309
      vertex 67.4296 0 20.0403
      vertex 67.4693 0 19.3128
    endloop
  endfacet
  facet normal 0 -1 0
    outer loop
      vertex 68.5128 0 18.3309
      vertex 67.4693 0 19.3128
      vertex 67.4269 0 18.5917
    endloop
  endfacet
  facet normal 0 -1 0
    outer loop
      vertex 67.4296 0 20.0403
      vertex 68.5128 0 18.3309
      vertex 68.5128 0 22.2423
    endloop
  endfacet
  facet normal 0 -1 0
    outer loop
      vertex 67.2997 0 17.9688
      vertex 68.5128 0 18.3309
      vertex 67.4269 0 18.5917
    endloop
  endfacet
  facet normal 0 -1 0
    outer loop
      vertex 67.2997 0 17.9688
      vertex 68.5408 0 17.8167
      vertex 68.5128 0 18.3309
    endloop
  endfacet
  facet normal 0 -1 0
    outer loop
      vertex 68.6247 0 17.3809
      vertex 67.2997 0 17.9688
      vertex 67.0878 0 17.4443
    endloop
  endfacet
  facet normal 0 -1 0
    outer loop
      vertex 67.2997 0 17.9688
      vertex 68.6247 0 17.3809
      vertex 68.5408 0 17.8167
    endloop
  endfacet
  facet normal 0 -1 0
    outer loop
      vertex 67.0878 0 17.4443
      vertex 68.7646 0 17.0233
      vertex 68.6247 0 17.3809
    endloop
  endfacet
  facet normal 0 -1 0
    outer loop
      vertex 66.7911 0 17.0181
      vertex 68.7646 0 17.0233
      vertex 67.0878 0 17.4443
    endloop
  endfacet
  facet normal 0 -1 0
    outer loop
      vertex 66.7911 0 17.0181
      vertex 68.9604 0 16.7441
      vertex 68.7646 0 17.0233
    endloop
  endfacet
  facet normal 0 -1 0
    outer loop
      vertex 66.4137 0 16.6882
      vertex 68.9604 0 16.7441
      vertex 66.7911 0 17.0181
    endloop
  endfacet
  facet normal 0 -1 0
    outer loop
      vertex 66.4137 0 16.6882
      vertex 69.2165 0 16.5341
      vertex 68.9604 0 16.7441
    endloop
  endfacet
  facet normal 0 -1 0
    outer loop
      vertex 65.9597 0 16.4525
      vertex 69.2165 0 16.5341
      vertex 66.4137 0 16.6882
    endloop
  endfacet
  facet normal 0 -1 0
    outer loop
      vertex 65.9597 0 16.4525
      vertex 69.5375 0 16.384
      vertex 69.2165 0 16.5341
    endloop
  endfacet
  facet normal 0 -1 0
    outer loop
      vertex 65.4291 0 16.3112
      vertex 69.5375 0 16.384
      vertex 65.9597 0 16.4525
    endloop
  endfacet
  facet normal 0 -1 0
    outer loop
      vertex 65.4291 0 16.3112
      vertex 69.9232 0 16.294
      vertex 69.5375 0 16.384
    endloop
  endfacet
  facet normal 0 -1 0
    outer loop
      vertex 64.8218 0 16.264
      vertex 69.9232 0 16.294
      vertex 65.4291 0 16.3112
    endloop
  endfacet
  facet normal 0 -1 -0
    outer loop
      vertex 69.9232 0 16.294
      vertex 64.8218 0 16.264
      vertex 70.3736 0 16.264
    endloop
  endfacet
  facet normal 0 -1 0
    outer loop
      vertex 36.3193 0 21.5317
      vertex 37.1693 0 22.2423
      vertex 36.3193 0 22.2423
    endloop
  endfacet
  facet normal 0 -1 0
    outer loop
      vertex 36.4169 0 17.1375
      vertex 36.3193 0 21.5317
      vertex 35.2342 0 17.8264
    endloop
  endfacet
  facet normal 0 -1 0
    outer loop
      vertex 36.2433 0 17.1042
      vertex 35.2342 0 17.8264
      vertex 35.2429 0 17.6306
    endloop
  endfacet
  facet normal 0 -1 0
    outer loop
      vertex 36.2433 0 17.1042
      vertex 35.2429 0 17.6306
      vertex 35.2688 0 17.4663
    endloop
  endfacet
  facet normal 0 -1 0
    outer loop
      vertex 35.5617 0 17.1042
      vertex 35.312 0 17.3336
      vertex 35.4544 0 17.1576
    endloop
  endfacet
  facet normal 0 -1 0
    outer loop
      vertex 35.4544 0 17.1576
      vertex 35.312 0 17.3336
      vertex 35.3725 0 17.2323
    endloop
  endfacet
  facet normal 0 -1 0
    outer loop
      vertex 35.312 0 17.3336
      vertex 35.5617 0 17.1042
      vertex 35.2688 0 17.4663
    endloop
  endfacet
  facet normal 0 -1 0
    outer loop
      vertex 36.3193 0 21.5317
      vertex 36.4169 0 17.1375
      vertex 37.1693 0 22.2423
    endloop
  endfacet
  facet normal 0 -1 0
    outer loop
      vertex 37.1693 0 16.3725
      vertex 36.4169 0 17.1375
      vertex 36.4169 0 16.416
    endloop
  endfacet
  facet normal 0 -1 0
    outer loop
      vertex 36.4169 0 17.1375
      vertex 37.1693 0 16.3725
      vertex 37.1693 0 22.2423
    endloop
  endfacet
  facet normal 0 -1 0
    outer loop
      vertex 35.9286 0 16.3183
      vertex 37.1693 0 16.3725
      vertex 36.1741 0 16.359
    endloop
  endfacet
  facet normal 0 -1 0
    outer loop
      vertex 36.1741 0 16.359
      vertex 37.1693 0 16.3725
      vertex 36.4169 0 16.416
    endloop
  endfacet
  facet normal 0 -1 0
    outer loop
      vertex 34.5833 0 23.5552
      vertex 31.7991 0 22.2342
      vertex 33.5796 0 22.2423
    endloop
  endfacet
  facet normal 0 -1 0
    outer loop
      vertex 32.1536 0 22.0884
      vertex 33.5796 0 22.2423
      vertex 31.7991 0 22.2342
    endloop
  endfacet
  facet normal 0 -1 0
    outer loop
      vertex 32.4698 0 21.8842
      vertex 33.5796 0 22.2423
      vertex 32.1536 0 22.0884
    endloop
  endfacet
  facet normal 0 -1 0
    outer loop
      vertex 32.7392 0 21.629
      vertex 33.5796 0 22.2423
      vertex 32.4698 0 21.8842
    endloop
  endfacet
  facet normal 0 -1 0
    outer loop
      vertex 32.7392 0 21.629
      vertex 33.5796 0 21.5317
      vertex 33.5796 0 22.2423
    endloop
  endfacet
  facet normal 0 -1 0
    outer loop
      vertex 32.9533 0 21.3296
      vertex 33.5796 0 21.5317
      vertex 32.7392 0 21.629
    endloop
  endfacet
  facet normal 0 -1 0
    outer loop
      vertex 33.1121 0 20.9861
      vertex 33.5796 0 21.5317
      vertex 32.9533 0 21.3296
    endloop
  endfacet
  facet normal 0 -1 0
    outer loop
      vertex 33.2157 0 20.5986
      vertex 33.5796 0 21.5317
      vertex 33.1121 0 20.9861
    endloop
  endfacet
  facet normal 0 -1 -0
    outer loop
      vertex 33.5796 0 21.5317
      vertex 33.2157 0 20.5986
      vertex 34.2577 0 21.5317
    endloop
  endfacet
  facet normal 0 -1 0
    outer loop
      vertex 29.4996 0 19.9008
      vertex 32.2121 0 20.5227
      vertex 29.5647 0 20.3788
    endloop
  endfacet
  facet normal 0 -1 0
    outer loop
      vertex 29.4779 0 19.3346
      vertex 32.2121 0 20.5227
      vertex 29.4996 0 19.9008
    endloop
  endfacet
  facet normal 0 -1 -0
    outer loop
      vertex 32.2121 0 20.5227
      vertex 29.4779 0 19.3346
      vertex 32.2609 0 18.1844
    endloop
  endfacet
  facet normal 0 -1 0
    outer loop
      vertex 32.2609 0 18.1844
      vertex 29.4779 0 19.3346
      vertex 29.5009 0 18.7866
    endloop
  endfacet
  facet normal 0 -1 0
    outer loop
      vertex 32.2609 0 18.1844
      vertex 29.5009 0 18.7866
      vertex 29.5701 0 18.3147
    endloop
  endfacet
  facet normal 0 -1 0
    outer loop
      vertex 32.2121 0 20.5227
      vertex 32.2609 0 18.1844
      vertex 33.2157 0 20.5986
    endloop
  endfacet
  facet normal 0 -1 0
    outer loop
      vertex 33.2483 0 18.1194
      vertex 33.2157 0 20.5986
      vertex 32.2609 0 18.1844
    endloop
  endfacet
  facet normal 0 -1 0
    outer loop
      vertex 34.2577 0 17.6148
      vertex 33.2157 0 20.5986
      vertex 33.2483 0 18.1194
    endloop
  endfacet
  facet normal 0 -1 0
    outer loop
      vertex 34.2577 0 17.6148
      vertex 33.2483 0 18.1194
      vertex 33.1604 0 17.7176
    endloop
  endfacet
  facet normal 0 -1 0
    outer loop
      vertex 33.2157 0 20.5986
      vertex 34.2577 0 17.6148
      vertex 34.2577 0 21.5317
    endloop
  endfacet
  facet normal 0 -1 0
    outer loop
      vertex 33.0109 0 17.3585
      vertex 34.2577 0 17.6148
      vertex 33.1604 0 17.7176
    endloop
  endfacet
  facet normal 0 -1 0
    outer loop
      vertex 34.331 0 17.0333
      vertex 33.0109 0 17.3585
      vertex 32.7997 0 17.0421
    endloop
  endfacet
  facet normal 0 -1 0
    outer loop
      vertex 33.0109 0 17.3585
      vertex 34.331 0 17.0333
      vertex 34.2577 0 17.6148
    endloop
  endfacet
  facet normal 0 -1 0
    outer loop
      vertex 34.5507 0 16.618
      vertex 32.7997 0 17.0421
      vertex 32.5267 0 16.7685
    endloop
  endfacet
  facet normal 0 -1 0
    outer loop
      vertex 32.7997 0 17.0421
      vertex 34.5507 0 16.618
      vertex 34.331 0 17.0333
    endloop
  endfacet
  facet normal 0 -1 0
    outer loop
      vertex 32.2026 0 16.5478
      vertex 34.5507 0 16.618
      vertex 32.5267 0 16.7685
    endloop
  endfacet
  facet normal 0 -1 0
    outer loop
      vertex 34.9169 0 16.3688
      vertex 32.2026 0 16.5478
      vertex 31.8378 0 16.3902
    endloop
  endfacet
  facet normal 0 -1 0
    outer loop
      vertex 32.2026 0 16.5478
      vertex 34.9169 0 16.3688
      vertex 34.5507 0 16.618
    endloop
  endfacet
  facet normal 0 -1 0
    outer loop
      vertex 31.4322 0 16.2956
      vertex 34.9169 0 16.3688
      vertex 31.8378 0 16.3902
    endloop
  endfacet
  facet normal 0 -1 0
    outer loop
      vertex 31.4322 0 16.2956
      vertex 35.4295 0 16.2857
      vertex 34.9169 0 16.3688
    endloop
  endfacet
  facet normal -0 -1 0
    outer loop
      vertex 35.4295 0 16.2857
      vertex 31.4322 0 16.2956
      vertex 30.986 0 16.264
    endloop
  endfacet
  facet normal 0 -1 0
    outer loop
      vertex 23.6549 0 22.2423
      vertex 26.3837 0 18.8409
      vertex 26.3837 0 22.2423
    endloop
  endfacet
  facet normal 0 -1 0
    outer loop
      vertex 23.6549 0 18.5208
      vertex 26.3837 0 18.8409
      vertex 23.6549 0 22.2423
    endloop
  endfacet
  facet normal 0 -1 0
    outer loop
      vertex 23.6549 0 18.5208
      vertex 26.3582 0 18.4357
      vertex 26.3837 0 18.8409
    endloop
  endfacet
  facet normal 0 -1 0
    outer loop
      vertex 26.2819 0 18.0773
      vertex 23.6549 0 18.5208
      vertex 23.662 0 18.2469
    endloop
  endfacet
  facet normal 0 -1 0
    outer loop
      vertex 23.6549 0 18.5208
      vertex 26.2819 0 18.0773
      vertex 26.3582 0 18.4357
    endloop
  endfacet
  facet normal 0 -1 0
    outer loop
      vertex 24.8646 0 17.0181
      vertex 23.662 0 18.2469
      vertex 23.6833 0 18.0054
    endloop
  endfacet
  facet normal 0 -1 0
    outer loop
      vertex 24.6378 0 17.0269
      vertex 23.6833 0 18.0054
      vertex 23.7189 0 17.7966
    endloop
  endfacet
  facet normal 0 -1 0
    outer loop
      vertex 23.662 0 18.2469
      vertex 26.1548 0 17.7657
      vertex 26.2819 0 18.0773
    endloop
  endfacet
  facet normal 0 -1 0
    outer loop
      vertex 24.4401 0 17.0534
      vertex 23.7189 0 17.7966
      vertex 23.7688 0 17.6203
    endloop
  endfacet
  facet normal 0 -1 0
    outer loop
      vertex 23.662 0 18.2469
      vertex 25.1986 0 17.0483
      vertex 25.9768 0 17.5009
    endloop
  endfacet
  facet normal 0 -1 0
    outer loop
      vertex 24.4401 0 17.0534
      vertex 23.7688 0 17.6203
      vertex 23.8342 0 17.4714
    endloop
  endfacet
  facet normal 0 -1 0
    outer loop
      vertex 24.2716 0 17.0974
      vertex 23.8342 0 17.4714
      vertex 23.9166 0 17.3449
    endloop
  endfacet
  facet normal 0 -1 0
    outer loop
      vertex 23.662 0 18.2469
      vertex 24.8646 0 17.0181
      vertex 25.1986 0 17.0483
    endloop
  endfacet
  facet normal 0 -1 0
    outer loop
      vertex 24.2716 0 17.0974
      vertex 23.9166 0 17.3449
      vertex 24.0159 0 17.2409
    endloop
  endfacet
  facet normal 0 -1 0
    outer loop
      vertex 24.2716 0 17.0974
      vertex 24.0159 0 17.2409
      vertex 24.1322 0 17.1591
    endloop
  endfacet
  facet normal 0 -1 0
    outer loop
      vertex 23.662 0 18.2469
      vertex 25.9768 0 17.5009
      vertex 26.1548 0 17.7657
    endloop
  endfacet
  facet normal 0 -1 0
    outer loop
      vertex 23.8342 0 17.4714
      vertex 24.2716 0 17.0974
      vertex 24.4401 0 17.0534
    endloop
  endfacet
  facet normal 0 -1 0
    outer loop
      vertex 23.7189 0 17.7966
      vertex 24.4401 0 17.0534
      vertex 24.6378 0 17.0269
    endloop
  endfacet
  facet normal 0 -1 0
    outer loop
      vertex 23.6833 0 18.0054
      vertex 24.6378 0 17.0269
      vertex 24.8646 0 17.0181
    endloop
  endfacet
  facet normal 0 -1 0
    outer loop
      vertex 25.9768 0 17.5009
      vertex 25.1986 0 17.0483
      vertex 25.7547 0 17.2897
    endloop
  endfacet
  facet normal 0 -1 0
    outer loop
      vertex 25.7547 0 17.2897
      vertex 25.1986 0 17.0483
      vertex 25.4953 0 17.1388
    endloop
  endfacet
  facet normal 0 -1 0
    outer loop
      vertex 77.0696 0 22.3132
      vertex 100 0 40.5
      vertex 76.609 0 22.3346
    endloop
  endfacet
  facet normal 0 -1 0
    outer loop
      vertex 72.2236 0 22.2423
      vertex 61.0383 0 24.0163
      vertex 69.4948 0 22.2423
    endloop
  endfacet
  facet normal 0 -1 0
    outer loop
      vertex 61.0383 0 24.0163
      vertex 65.4827 0 22.3045
      vertex 68.5128 0 22.2423
    endloop
  endfacet
  facet normal 0 -1 0
    outer loop
      vertex 61.0383 0 24.0163
      vertex 68.5128 0 22.2423
      vertex 69.4948 0 22.2423
    endloop
  endfacet
  facet normal 0 -1 0
    outer loop
      vertex 73.2 0 22.2423
      vertex 61.0383 0 24.0163
      vertex 72.2236 0 22.2423
    endloop
  endfacet
  facet normal 0 -1 0
    outer loop
      vertex 61.0383 0 24.0163
      vertex 76.0938 0 22.3083
      vertex 76.609 0 22.3346
    endloop
  endfacet
  facet normal 0 -1 0
    outer loop
      vertex 61.0383 0 24.0163
      vertex 73.2 0 22.2423
      vertex 76.0938 0 22.3083
    endloop
  endfacet
  facet normal 0 -1 0
    outer loop
      vertex 73.2 0 22.2423
      vertex 75.644 0 22.2294
      vertex 76.0938 0 22.3083
    endloop
  endfacet
  facet normal 0 -1 0
    outer loop
      vertex 73.2 0 22.2423
      vertex 75.2596 0 22.0981
      vertex 75.644 0 22.2294
    endloop
  endfacet
  facet normal 0 -1 0
    outer loop
      vertex 73.2 0 22.2423
      vertex 74.9407 0 21.9141
      vertex 75.2596 0 22.0981
    endloop
  endfacet
  facet normal 0 -1 0
    outer loop
      vertex 73.2 0 22.2423
      vertex 74.6903 0 21.68
      vertex 74.9407 0 21.9141
    endloop
  endfacet
  facet normal 0 -1 0
    outer loop
      vertex 73.2 0 22.2423
      vertex 74.5115 0 21.3981
      vertex 74.6903 0 21.68
    endloop
  endfacet
  facet normal 0 -1 0
    outer loop
      vertex 73.2 0 22.2423
      vertex 74.4042 0 21.0683
      vertex 74.5115 0 21.3981
    endloop
  endfacet
  facet normal 0 -1 0
    outer loop
      vertex 73.2 0 22.2423
      vertex 74.3684 0 20.6908
      vertex 74.4042 0 21.0683
    endloop
  endfacet
  facet normal 0 -1 0
    outer loop
      vertex 73.2 0 22.2423
      vertex 74.381 0 20.4823
      vertex 74.3684 0 20.6908
    endloop
  endfacet
  facet normal 0 -1 0
    outer loop
      vertex 73.2 0 17.6257
      vertex 74.381 0 20.4823
      vertex 73.2 0 22.2423
    endloop
  endfacet
  facet normal 0 -1 -0
    outer loop
      vertex 74.381 0 20.4823
      vertex 73.2 0 17.6257
      vertex 74.4186 0 20.2907
    endloop
  endfacet
  facet normal 0 -1 -0
    outer loop
      vertex 74.4186 0 20.2907
      vertex 73.2 0 17.6257
      vertex 74.4813 0 20.1161
    endloop
  endfacet
  facet normal 0 -1 0
    outer loop
      vertex 75.7274 0 17.1308
      vertex 76.3215 0 19.0253
      vertex 74.9978 0 17.9187
    endloop
  endfacet
  facet normal 0 -1 0
    outer loop
      vertex 75.9796 0 17.0621
      vertex 76.3215 0 19.0253
      vertex 75.7274 0 17.1308
    endloop
  endfacet
  facet normal 0 -1 0
    outer loop
      vertex 74.9978 0 17.9187
      vertex 76.3215 0 19.0253
      vertex 75.9314 0 19.1333
    endloop
  endfacet
  facet normal 0 -1 0
    outer loop
      vertex 78.0303 0 17.9187
      vertex 77.2688 0 18.7656
      vertex 77.0213 0 18.8409
    endloop
  endfacet
  facet normal 0 -1 0
    outer loop
      vertex 78.0303 0 17.9187
      vertex 77.4797 0 18.6809
      vertex 77.2688 0 18.7656
    endloop
  endfacet
  facet normal 0 -1 0
    outer loop
      vertex 74.9978 0 17.9187
      vertex 75.9314 0 19.1333
      vertex 75.6019 0 19.2403
    endloop
  endfacet
  facet normal 0 -1 0
    outer loop
      vertex 78.0303 0 17.9187
      vertex 77.6539 0 18.5866
      vertex 77.4797 0 18.6809
    endloop
  endfacet
  facet normal 0 -1 0
    outer loop
      vertex 77.6539 0 18.5866
      vertex 78.0154 0 18.0841
      vertex 77.7916 0 18.4828
    endloop
  endfacet
  facet normal 0 -1 0
    outer loop
      vertex 74.9978 0 17.9187
      vertex 75.6019 0 19.2403
      vertex 75.3332 0 19.3462
    endloop
  endfacet
  facet normal 0 -1 0
    outer loop
      vertex 77.7916 0 18.4828
      vertex 78.0154 0 18.0841
      vertex 77.8961 0 18.3662
    endloop
  endfacet
  facet normal 0 -1 0
    outer loop
      vertex 77.8961 0 18.3662
      vertex 78.0154 0 18.0841
      vertex 77.9707 0 18.2333
    endloop
  endfacet
  facet normal 0 -1 -0
    outer loop
      vertex 75.1252 0 19.4511
      vertex 74.9978 0 17.9187
      vertex 75.3332 0 19.3462
    endloop
  endfacet
  facet normal 0 -1 0
    outer loop
      vertex 74.9572 0 19.5612
      vertex 74.9978 0 17.9187
      vertex 75.1252 0 19.4511
    endloop
  endfacet
  facet normal 0 -1 0
    outer loop
      vertex 74.1351 0 17.7504
      vertex 74.9572 0 19.5612
      vertex 74.8085 0 19.6824
    endloop
  endfacet
  facet normal 0 -1 0
    outer loop
      vertex 74.1351 0 17.7504
      vertex 74.8085 0 19.6824
      vertex 74.6792 0 19.8148
    endloop
  endfacet
  facet normal 0 -1 0
    outer loop
      vertex 74.1351 0 17.7504
      vertex 74.6792 0 19.8148
      vertex 74.5691 0 19.9584
    endloop
  endfacet
  facet normal 0 -1 -0
    outer loop
      vertex 74.4813 0 20.1161
      vertex 73.2 0 17.6257
      vertex 74.5691 0 19.9584
    endloop
  endfacet
  facet normal 0 -1 -0
    outer loop
      vertex 74.9572 0 19.5612
      vertex 74.1351 0 17.7504
      vertex 74.9978 0 17.9187
    endloop
  endfacet
  facet normal 0 -1 0
    outer loop
      vertex 74.5691 0 19.9584
      vertex 73.2 0 17.6257
      vertex 74.1351 0 17.7504
    endloop
  endfacet
  facet normal 0 -1 0
    outer loop
      vertex 73.2 0 17.6257
      vertex 74.2506 0 17.3932
      vertex 74.1351 0 17.7504
    endloop
  endfacet
  facet normal 0 -1 0
    outer loop
      vertex 73.2021 0 17.1629
      vertex 74.2506 0 17.3932
      vertex 73.2 0 17.6257
    endloop
  endfacet
  facet normal 0 -1 0
    outer loop
      vertex 73.2082 0 16.7997
      vertex 74.2506 0 17.3932
      vertex 73.2021 0 17.1629
    endloop
  endfacet
  facet normal 0 -1 -0
    outer loop
      vertex 74.2506 0 17.3932
      vertex 73.2082 0 16.7997
      vertex 74.4179 0 17.0866
    endloop
  endfacet
  facet normal 0 -1 0
    outer loop
      vertex 73.2184 0 16.5363
      vertex 74.4179 0 17.0866
      vertex 73.2082 0 16.7997
    endloop
  endfacet
  facet normal 0 -1 0
    outer loop
      vertex 73.2326 0 16.3725
      vertex 74.4179 0 17.0866
      vertex 73.2184 0 16.5363
    endloop
  endfacet
  facet normal 0 -1 -0
    outer loop
      vertex 74.4179 0 17.0866
      vertex 73.2326 0 16.3725
      vertex 74.6371 0 16.8304
    endloop
  endfacet
  facet normal 0 -1 -0
    outer loop
      vertex 74.6371 0 16.8304
      vertex 73.2326 0 16.3725
      vertex 74.9082 0 16.6247
    endloop
  endfacet
  facet normal 0 -1 -0
    outer loop
      vertex 74.9082 0 16.6247
      vertex 73.2326 0 16.3725
      vertex 75.2366 0 16.4669
    endloop
  endfacet
  facet normal 0 -1 -0
    outer loop
      vertex 75.2366 0 16.4669
      vertex 73.2326 0 16.3725
      vertex 75.6277 0 16.3542
    endloop
  endfacet
  facet normal 0 -1 0
    outer loop
      vertex 61.0383 0 24.0163
      vertex 63.7033 0 22.1609
      vertex 64.8544 0 22.3508
    endloop
  endfacet
  facet normal 0 -1 0
    outer loop
      vertex 61.0383 0 24.0163
      vertex 62.8811 0 21.5913
      vertex 63.7033 0 22.1609
    endloop
  endfacet
  facet normal 0 -1 0
    outer loop
      vertex 61.0383 0 24.0163
      vertex 62.3877 0 20.6419
      vertex 62.8811 0 21.5913
    endloop
  endfacet
  facet normal 0 -1 0
    outer loop
      vertex 61.0383 0 24.0163
      vertex 62.2233 0 19.3128
      vertex 62.3877 0 20.6419
    endloop
  endfacet
  facet normal 0 -1 0
    outer loop
      vertex 61.0383 0 16.3725
      vertex 62.2233 0 19.3128
      vertex 61.0383 0 24.0163
    endloop
  endfacet
  facet normal 0 -1 -0
    outer loop
      vertex 62.2233 0 19.3128
      vertex 61.0383 0 16.3725
      vertex 62.2643 0 18.6159
    endloop
  endfacet
  facet normal 0 -1 -0
    outer loop
      vertex 62.2643 0 18.6159
      vertex 61.0383 0 16.3725
      vertex 62.3874 0 18.0061
    endloop
  endfacet
  facet normal 0 -1 0
    outer loop
      vertex 61.0383 0 16.3725
      vertex 62.5925 0 17.4835
      vertex 62.3874 0 18.0061
    endloop
  endfacet
  facet normal 0 -1 0
    outer loop
      vertex 61.0383 0 16.3725
      vertex 62.8797 0 17.0479
      vertex 62.5925 0 17.4835
    endloop
  endfacet
  facet normal 0 -1 0
    outer loop
      vertex 61.0383 0 16.3725
      vertex 63.2472 0 16.705
      vertex 62.8797 0 17.0479
    endloop
  endfacet
  facet normal 0 -1 0
    outer loop
      vertex 61.0383 0 16.3725
      vertex 63.6935 0 16.46
      vertex 63.2472 0 16.705
    endloop
  endfacet
  facet normal 0 -1 -0
    outer loop
      vertex 63.6935 0 16.46
      vertex 61.0383 0 16.3725
      vertex 64.2183 0 16.313
    endloop
  endfacet
  facet normal 0 -1 0
    outer loop
      vertex 54.8321 0 24.0163
      vertex 48.1534 0 22.3351
      vertex 48.4682 0 22.3508
    endloop
  endfacet
  facet normal 0 -1 0
    outer loop
      vertex 38.1459 0 24.4232
      vertex 42.5627 0 22.3045
      vertex 45.6093 0 22.2423
    endloop
  endfacet
  facet normal 0 -1 0
    outer loop
      vertex 46.5315 0 22.2423
      vertex 38.1459 0 24.4232
      vertex 45.6093 0 22.2423
    endloop
  endfacet
  facet normal 0 -1 0
    outer loop
      vertex 38.1459 0 24.4232
      vertex 46.5315 0 22.2423
      vertex 48.1534 0 22.3351
    endloop
  endfacet
  facet normal 0 -1 0
    outer loop
      vertex 43.1022 0 22.1657
      vertex 45.6093 0 22.2423
      vertex 42.5627 0 22.3045
    endloop
  endfacet
  facet normal 0 -1 0
    outer loop
      vertex 43.5528 0 21.9343
      vertex 45.6093 0 22.2423
      vertex 43.1022 0 22.1657
    endloop
  endfacet
  facet normal 0 -1 0
    outer loop
      vertex 43.9146 0 21.6103
      vertex 45.6093 0 22.2423
      vertex 43.5528 0 21.9343
    endloop
  endfacet
  facet normal 0 -1 -0
    outer loop
      vertex 45.6093 0 22.2423
      vertex 43.9146 0 21.6103
      vertex 45.6235 0 22.0786
    endloop
  endfacet
  facet normal 0 -1 -0
    outer loop
      vertex 45.6235 0 22.0786
      vertex 43.9146 0 21.6103
      vertex 45.6336 0 21.8151
    endloop
  endfacet
  facet normal 0 -1 0
    outer loop
      vertex 44.1923 0 21.1891
      vertex 45.6336 0 21.8151
      vertex 43.9146 0 21.6103
    endloop
  endfacet
  facet normal 0 -1 -0
    outer loop
      vertex 45.6336 0 21.8151
      vertex 44.1923 0 21.1891
      vertex 45.6397 0 21.452
    endloop
  endfacet
  facet normal 0 -1 0
    outer loop
      vertex 44.1923 0 21.1891
      vertex 45.6417 0 20.9891
      vertex 45.6397 0 21.452
    endloop
  endfacet
  facet normal 0 -1 0
    outer loop
      vertex 44.3907 0 20.6657
      vertex 45.6417 0 20.9891
      vertex 44.1923 0 21.1891
    endloop
  endfacet
  facet normal 0 -1 0
    outer loop
      vertex 44.5097 0 20.0403
      vertex 45.6417 0 20.9891
      vertex 44.3907 0 20.6657
    endloop
  endfacet
  facet normal 0 -1 0
    outer loop
      vertex 44.5494 0 19.3128
      vertex 45.6417 0 20.9891
      vertex 44.5097 0 20.0403
    endloop
  endfacet
  facet normal 0 -1 0
    outer loop
      vertex 44.507 0 18.5917
      vertex 45.6417 0 20.9891
      vertex 44.5494 0 19.3128
    endloop
  endfacet
  facet normal 0 -1 0
    outer loop
      vertex 45.6417 0 16.3725
      vertex 44.507 0 18.5917
      vertex 44.3798 0 17.9688
    endloop
  endfacet
  facet normal 0 -1 0
    outer loop
      vertex 45.6417 0 16.3725
      vertex 44.3798 0 17.9688
      vertex 44.1679 0 17.4443
    endloop
  endfacet
  facet normal 0 -1 0
    outer loop
      vertex 44.507 0 18.5917
      vertex 45.6417 0 16.3725
      vertex 45.6417 0 20.9891
    endloop
  endfacet
  facet normal 0 -1 0
    outer loop
      vertex 43.8712 0 17.0181
      vertex 45.6417 0 16.3725
      vertex 44.1679 0 17.4443
    endloop
  endfacet
  facet normal 0 -1 0
    outer loop
      vertex 43.4938 0 16.6882
      vertex 45.6417 0 16.3725
      vertex 43.8712 0 17.0181
    endloop
  endfacet
  facet normal 0 -1 0
    outer loop
      vertex 43.0398 0 16.4525
      vertex 45.6417 0 16.3725
      vertex 43.4938 0 16.6882
    endloop
  endfacet
  facet normal 0 -1 0
    outer loop
      vertex 0 0 0
      vertex 46.6183 0 16.3725
      vertex 45.6417 0 16.3725
    endloop
  endfacet
  facet normal 0 -1 -0
    outer loop
      vertex 46.6183 0 16.3725
      vertex 0 0 0
      vertex 49.347 0 16.3725
    endloop
  endfacet
  facet normal 0 -1 -0
    outer loop
      vertex 49.347 0 16.3725
      vertex 0 0 0
      vertex 50.3289 0 16.3725
    endloop
  endfacet
  facet normal 0 -1 0
    outer loop
      vertex 50.3289 0 16.3725
      vertex 100 0 0
      vertex 54.8321 0 16.3725
    endloop
  endfacet
  facet normal 0 -1 0
    outer loop
      vertex 54.8321 0 16.3725
      vertex 100 0 0
      vertex 55.8683 0 16.3725
    endloop
  endfacet
  facet normal 0 -1 0
    outer loop
      vertex 55.8683 0 16.3725
      vertex 100 0 0
      vertex 60.0021 0 16.3725
    endloop
  endfacet
  facet normal 0 -1 0
    outer loop
      vertex 60.0021 0 16.3725
      vertex 100 0 0
      vertex 61.0383 0 16.3725
    endloop
  endfacet
  facet normal 0 -1 0
    outer loop
      vertex 42.5092 0 16.3112
      vertex 45.6417 0 16.3725
      vertex 43.0398 0 16.4525
    endloop
  endfacet
  facet normal 0 -1 0
    outer loop
      vertex 41.9019 0 16.264
      vertex 45.6417 0 16.3725
      vertex 42.5092 0 16.3112
    endloop
  endfacet
  facet normal 0 -1 0
    outer loop
      vertex 45.6417 0 16.3725
      vertex 41.9019 0 16.264
      vertex 0 0 0
    endloop
  endfacet
  facet normal -0 -1 -0
    outer loop
      vertex 64.8218 0 16.264
      vertex 61.0383 0 16.3725
      vertex 100 0 0
    endloop
  endfacet
  facet normal 0 -1 0
    outer loop
      vertex 27.3601 0 22.2423
      vertex 34.5833 0 23.5552
      vertex 19.0324 0 24.0163
    endloop
  endfacet
  facet normal 0 -1 0
    outer loop
      vertex 34.5833 0 23.5552
      vertex 30.4029 0 22.3022
      vertex 30.9752 0 22.3508
    endloop
  endfacet
  facet normal 0 -1 0
    outer loop
      vertex 23.6549 0 22.2423
      vertex 19.0324 0 24.0163
      vertex 22.6729 0 22.2423
    endloop
  endfacet
  facet normal 0 -1 0
    outer loop
      vertex 19.0324 0 24.0163
      vertex 22.6729 0 18.3309
      vertex 22.6729 0 22.2423
    endloop
  endfacet
  facet normal 0 -1 0
    outer loop
      vertex 22.103 0 16.3725
      vertex 22.6729 0 18.3309
      vertex 19.0324 0 24.0163
    endloop
  endfacet
  facet normal 0 -1 -0
    outer loop
      vertex 22.6729 0 18.3309
      vertex 22.103 0 16.3725
      vertex 22.7009 0 17.8167
    endloop
  endfacet
  facet normal 0 -1 -0
    outer loop
      vertex 22.7009 0 17.8167
      vertex 22.103 0 16.3725
      vertex 22.7848 0 17.3809
    endloop
  endfacet
  facet normal 0 -1 -0
    outer loop
      vertex 22.7848 0 17.3809
      vertex 22.103 0 16.3725
      vertex 22.9247 0 17.0233
    endloop
  endfacet
  facet normal 0 -1 0
    outer loop
      vertex 22.103 0 16.3725
      vertex 23.1205 0 16.7441
      vertex 22.9247 0 17.0233
    endloop
  endfacet
  facet normal 0 -1 0
    outer loop
      vertex 22.103 0 16.3725
      vertex 23.3766 0 16.5341
      vertex 23.1205 0 16.7441
    endloop
  endfacet
  facet normal 0 -1 0
    outer loop
      vertex 22.103 0 16.3725
      vertex 23.6976 0 16.384
      vertex 23.3766 0 16.5341
    endloop
  endfacet
  facet normal 0 -1 -0
    outer loop
      vertex 23.6976 0 16.384
      vertex 22.103 0 16.3725
      vertex 24.0833 0 16.294
    endloop
  endfacet
  facet normal 0 -1 0
    outer loop
      vertex 55.8683 0 20.7831
      vertex 60.0021 0 24.0163
      vertex 55.8683 0 24.0163
    endloop
  endfacet
  facet normal 0 -1 -0
    outer loop
      vertex 60.0021 0 24.0163
      vertex 55.8683 0 20.7831
      vertex 60.0021 0 20.7831
    endloop
  endfacet
  facet normal 0 -1 0
    outer loop
      vertex 40.7834 0 22.1609
      vertex 38.1459 0 24.4232
      vertex 38.1459 0 23.4901
    endloop
  endfacet
  facet normal 0 -1 0
    outer loop
      vertex 42.5627 0 22.3045
      vertex 38.1459 0 24.4232
      vertex 41.9345 0 22.3508
    endloop
  endfacet
  facet normal 0 -1 0
    outer loop
      vertex 48.1534 0 22.3351
      vertex 54.8321 0 24.0163
      vertex 38.1459 0 24.4232
    endloop
  endfacet
  facet normal 0 -1 0
    outer loop
      vertex 48.9186 0 22.3208
      vertex 54.8321 0 24.0163
      vertex 48.4682 0 22.3508
    endloop
  endfacet
  facet normal 0 -1 0
    outer loop
      vertex 49.3043 0 22.2308
      vertex 54.8321 0 24.0163
      vertex 48.9186 0 22.3208
    endloop
  endfacet
  facet normal 0 -1 0
    outer loop
      vertex 49.6252 0 22.0808
      vertex 54.8321 0 24.0163
      vertex 49.3043 0 22.2308
    endloop
  endfacet
  facet normal 0 -1 0
    outer loop
      vertex 49.8813 0 21.8707
      vertex 54.8321 0 24.0163
      vertex 49.6252 0 22.0808
    endloop
  endfacet
  facet normal 0 -1 0
    outer loop
      vertex 50.0771 0 21.5915
      vertex 54.8321 0 24.0163
      vertex 49.8813 0 21.8707
    endloop
  endfacet
  facet normal 0 -1 0
    outer loop
      vertex 50.217 0 21.234
      vertex 54.8321 0 24.0163
      vertex 50.0771 0 21.5915
    endloop
  endfacet
  facet normal 0 -1 0
    outer loop
      vertex 50.3009 0 20.7981
      vertex 54.8321 0 24.0163
      vertex 50.217 0 21.234
    endloop
  endfacet
  facet normal 0 -1 0
    outer loop
      vertex 50.3289 0 20.2839
      vertex 54.8321 0 24.0163
      vertex 50.3009 0 20.7981
    endloop
  endfacet
  facet normal 0 -1 0
    outer loop
      vertex 54.8321 0 16.3725
      vertex 50.3289 0 20.2839
      vertex 50.3289 0 16.3725
    endloop
  endfacet
  facet normal 0 -1 0
    outer loop
      vertex 50.3289 0 20.2839
      vertex 54.8321 0 16.3725
      vertex 54.8321 0 24.0163
    endloop
  endfacet
  facet normal 0 -1 0
    outer loop
      vertex 38.1459 0 24.4232
      vertex 0 0 40.5
      vertex 37.1693 0 24.4232
    endloop
  endfacet
  facet normal 0 -1 0
    outer loop
      vertex 19.0324 0 24.0163
      vertex 0 0 40.5
      vertex 17.8551 0 24.0163
    endloop
  endfacet
  facet normal 0 -1 0
    outer loop
      vertex 0 0 40.5
      vertex 14.7357 0 16.3725
      vertex 17.8551 0 24.0163
    endloop
  endfacet
  facet normal 0 -1 0
    outer loop
      vertex 0 0 0
      vertex 15.8099 0 16.3725
      vertex 14.7357 0 16.3725
    endloop
  endfacet
  facet normal 0 -1 -0
    outer loop
      vertex 15.8099 0 16.3725
      vertex 0 0 0
      vertex 21.045 0 16.3725
    endloop
  endfacet
  facet normal 0 -1 -0
    outer loop
      vertex 21.045 0 16.3725
      vertex 0 0 0
      vertex 22.103 0 16.3725
    endloop
  endfacet
  facet normal 0 -1 -0
    outer loop
      vertex 22.103 0 16.3725
      vertex 0 0 0
      vertex 24.0833 0 16.294
    endloop
  endfacet
  facet normal 0 -1 -0
    outer loop
      vertex 27.3927 0 16.3725
      vertex 0 0 0
      vertex 30.986 0 16.264
    endloop
  endfacet
  facet normal 0 -1 -0
    outer loop
      vertex 30.986 0 16.264
      vertex 0 0 0
      vertex 41.9019 0 16.264
    endloop
  endfacet
  facet normal 0 -1 -0
    outer loop
      vertex 50.3289 0 16.3725
      vertex 0 0 0
      vertex 100 0 0
    endloop
  endfacet
  facet normal 0 -1 0
    outer loop
      vertex 61.0383 0 16.3725
      vertex 64.8218 0 16.264
      vertex 64.2183 0 16.313
    endloop
  endfacet
  facet normal 0 -1 0
    outer loop
      vertex 76.0815 0 16.2866
      vertex 100 0 0
      vertex 76.5981 0 16.264
    endloop
  endfacet
  facet normal 0 -1 0
    outer loop
      vertex 64.8218 0 16.264
      vertex 100 0 0
      vertex 70.3736 0 16.264
    endloop
  endfacet
  facet normal 0 -1 -0
    outer loop
      vertex 24.0833 0 16.294
      vertex 0 0 0
      vertex 24.5337 0 16.264
    endloop
  endfacet
  facet normal 0 -1 0
    outer loop
      vertex 0 0 0
      vertex 14.7357 0 16.3725
      vertex 0 0 40.5
    endloop
  endfacet
  facet normal 0 -1 0
    outer loop
      vertex 54.8321 0 24.0163
      vertex 0 0 40.5
      vertex 38.1459 0 24.4232
    endloop
  endfacet
  facet normal 0 -1 0
    outer loop
      vertex 0 0 40.5
      vertex 54.8321 0 24.0163
      vertex 100 0 40.5
    endloop
  endfacet
  facet normal 0 -1 0
    outer loop
      vertex 55.8683 0 24.0163
      vertex 100 0 40.5
      vertex 54.8321 0 24.0163
    endloop
  endfacet
  facet normal 0 -1 0
    outer loop
      vertex 60.0021 0 24.0163
      vertex 100 0 40.5
      vertex 55.8683 0 24.0163
    endloop
  endfacet
  facet normal 0 -1 0
    outer loop
      vertex 61.0383 0 24.0163
      vertex 100 0 40.5
      vertex 60.0021 0 24.0163
    endloop
  endfacet
  facet normal 0 -1 0
    outer loop
      vertex 65.4827 0 22.3045
      vertex 61.0383 0 24.0163
      vertex 64.8544 0 22.3508
    endloop
  endfacet
  facet normal 0 -1 0
    outer loop
      vertex 76.609 0 22.3346
      vertex 100 0 40.5
      vertex 61.0383 0 24.0163
    endloop
  endfacet
  facet normal 0 -1 0
    outer loop
      vertex 83.4811 0 22.1559
      vertex 100 0 40.5
      vertex 82.349 0 22.3508
    endloop
  endfacet
  facet normal 0 -1 0
    outer loop
      vertex 84.2898 0 21.571
      vertex 100 0 40.5
      vertex 83.4811 0 22.1559
    endloop
  endfacet
  facet normal 0 -1 0
    outer loop
      vertex 84.775 0 20.5962
      vertex 100 0 40.5
      vertex 84.2898 0 21.571
    endloop
  endfacet
  facet normal 0 -1 0
    outer loop
      vertex 84.9368 0 19.2315
      vertex 100 0 40.5
      vertex 84.775 0 20.5962
    endloop
  endfacet
  facet normal 0 -1 0
    outer loop
      vertex 100 0 0
      vertex 84.9368 0 19.2315
      vertex 84.9368 0 19.1013
    endloop
  endfacet
  facet normal 0 -1 0
    outer loop
      vertex 83.9223 0 17.8969
      vertex 80.7747 0 18.6256
      vertex 80.853 0 18.2075
    endloop
  endfacet
  facet normal 0 -1 0
    outer loop
      vertex 80.7747 0 18.6256
      vertex 83.9223 0 17.8969
      vertex 84.9368 0 19.1013
    endloop
  endfacet
  facet normal 0 -1 0
    outer loop
      vertex 84.7794 0 17.6528
      vertex 84.9368 0 19.1013
      vertex 83.9223 0 17.8969
    endloop
  endfacet
  facet normal 0 -1 0
    outer loop
      vertex 100 0 0
      vertex 84.9368 0 19.1013
      vertex 84.7794 0 17.6528
    endloop
  endfacet
  facet normal 0 -1 0
    outer loop
      vertex 100 0 0
      vertex 84.7794 0 17.6528
      vertex 84.4325 0 17.0452
    endloop
  endfacet
  facet normal 0 -1 0
    outer loop
      vertex 76.5981 0 16.264
      vertex 100 0 0
      vertex 82.387 0 16.264
    endloop
  endfacet
  facet normal 0 -1 0
    outer loop
      vertex 84.9368 0 19.2315
      vertex 100 0 0
      vertex 100 0 40.5
    endloop
  endfacet
  facet normal 0 -1 0
    outer loop
      vertex 83.9182 0 16.6112
      vertex 100 0 0
      vertex 84.4325 0 17.0452
    endloop
  endfacet
  facet normal 0 -1 0
    outer loop
      vertex 83.2363 0 16.3508
      vertex 100 0 0
      vertex 83.9182 0 16.6112
    endloop
  endfacet
  facet normal 0 -1 0
    outer loop
      vertex 82.387 0 16.264
      vertex 100 0 0
      vertex 83.2363 0 16.3508
    endloop
  endfacet
  facet normal 0 -1 0
    outer loop
      vertex 0 0 40.5
      vertex 19.0324 0 24.0163
      vertex 37.1693 0 24.4232
    endloop
  endfacet
  facet normal 0 -1 0
    outer loop
      vertex 34.5833 0 23.5552
      vertex 37.1693 0 24.4232
      vertex 19.0324 0 24.0163
    endloop
  endfacet
  facet normal 0 -1 0
    outer loop
      vertex 35.2342 0 23.5552
      vertex 37.1693 0 24.4232
      vertex 34.5833 0 23.5552
    endloop
  endfacet
  facet normal 0 -1 0
    outer loop
      vertex 35.2342 0 23.5552
      vertex 37.1693 0 23.4901
      vertex 37.1693 0 24.4232
    endloop
  endfacet
  facet normal 0 -1 0
    outer loop
      vertex 38.1459 0 22.2423
      vertex 38.1459 0 23.4901
      vertex 37.1693 0 23.4901
    endloop
  endfacet
  facet normal 0 -1 0
    outer loop
      vertex 36.3193 0 22.2423
      vertex 37.1693 0 23.4901
      vertex 35.2342 0 23.5552
    endloop
  endfacet
  facet normal 0 -1 0
    outer loop
      vertex 36.3193 0 22.2423
      vertex 35.2342 0 23.5552
      vertex 35.2342 0 22.2423
    endloop
  endfacet
  facet normal 0 -1 -0
    outer loop
      vertex 37.1693 0 23.4901
      vertex 36.3193 0 22.2423
      vertex 37.1693 0 22.2423
    endloop
  endfacet
  facet normal 0 -1 0
    outer loop
      vertex 37.1693 0 23.4901
      vertex 37.1693 0 22.2423
      vertex 38.1459 0 22.2423
    endloop
  endfacet
  facet normal 0 -1 0
    outer loop
      vertex 39.9612 0 21.5913
      vertex 38.1459 0 23.4901
      vertex 38.1459 0 22.2423
    endloop
  endfacet
  facet normal 0 -1 0
    outer loop
      vertex 38.1459 0 24.4232
      vertex 40.7834 0 22.1609
      vertex 41.9345 0 22.3508
    endloop
  endfacet
  facet normal 0 -1 0
    outer loop
      vertex 38.1459 0 23.4901
      vertex 39.9612 0 21.5913
      vertex 40.7834 0 22.1609
    endloop
  endfacet
  facet normal 0 -1 0
    outer loop
      vertex 38.1459 0 22.2423
      vertex 39.4678 0 20.6419
      vertex 39.9612 0 21.5913
    endloop
  endfacet
  facet normal 0 -1 0
    outer loop
      vertex 38.1459 0 22.2423
      vertex 39.3034 0 19.3128
      vertex 39.4678 0 20.6419
    endloop
  endfacet
  facet normal 0 -1 0
    outer loop
      vertex 38.1459 0 16.3725
      vertex 39.3034 0 19.3128
      vertex 38.1459 0 22.2423
    endloop
  endfacet
  facet normal 0 -1 -0
    outer loop
      vertex 39.3034 0 19.3128
      vertex 38.1459 0 16.3725
      vertex 39.3444 0 18.6159
    endloop
  endfacet
  facet normal 0 -1 -0
    outer loop
      vertex 39.3444 0 18.6159
      vertex 38.1459 0 16.3725
      vertex 39.4675 0 18.0061
    endloop
  endfacet
  facet normal 0 -1 0
    outer loop
      vertex 38.1459 0 16.3725
      vertex 39.6726 0 17.4835
      vertex 39.4675 0 18.0061
    endloop
  endfacet
  facet normal 0 -1 0
    outer loop
      vertex 38.1459 0 16.3725
      vertex 39.9598 0 17.0479
      vertex 39.6726 0 17.4835
    endloop
  endfacet
  facet normal 0 -1 0
    outer loop
      vertex 38.1459 0 16.3725
      vertex 40.3273 0 16.705
      vertex 39.9598 0 17.0479
    endloop
  endfacet
  facet normal 0 -1 0
    outer loop
      vertex 38.1459 0 16.3725
      vertex 40.7735 0 16.46
      vertex 40.3273 0 16.705
    endloop
  endfacet
  facet normal 0 -1 0
    outer loop
      vertex 35.6804 0 16.2939
      vertex 37.1693 0 16.3725
      vertex 35.9286 0 16.3183
    endloop
  endfacet
  facet normal 0 -1 0
    outer loop
      vertex 38.1459 0 16.3725
      vertex 41.2984 0 16.313
      vertex 40.7735 0 16.46
    endloop
  endfacet
  facet normal 0 -1 -0
    outer loop
      vertex 37.1693 0 16.3725
      vertex 35.6804 0 16.2939
      vertex 38.1459 0 16.3725
    endloop
  endfacet
  facet normal 0 -1 0
    outer loop
      vertex 41.9019 0 16.264
      vertex 38.1459 0 16.3725
      vertex 35.6804 0 16.2939
    endloop
  endfacet
  facet normal 0 -1 0
    outer loop
      vertex 41.9019 0 16.264
      vertex 35.6804 0 16.2939
      vertex 35.4295 0 16.2857
    endloop
  endfacet
  facet normal 0 -1 0
    outer loop
      vertex 41.9019 0 16.264
      vertex 35.4295 0 16.2857
      vertex 30.986 0 16.264
    endloop
  endfacet
  facet normal 0 -1 0
    outer loop
      vertex 38.1459 0 16.3725
      vertex 41.9019 0 16.264
      vertex 41.2984 0 16.313
    endloop
  endfacet
  facet normal 0 -1 0
    outer loop
      vertex 31.4063 0 22.3217
      vertex 34.5833 0 23.5552
      vertex 30.9752 0 22.3508
    endloop
  endfacet
  facet normal 0 -1 0
    outer loop
      vertex 31.7991 0 22.2342
      vertex 34.5833 0 23.5552
      vertex 31.4063 0 22.3217
    endloop
  endfacet
  facet normal 0 -1 0
    outer loop
      vertex 34.5833 0 23.5552
      vertex 33.5796 0 22.2423
      vertex 34.2957 0 22.2423
    endloop
  endfacet
  facet normal 0 -1 0
    outer loop
      vertex 81.7534 0 22.3023
      vertex 100 0 40.5
      vertex 77.0696 0 22.3132
    endloop
  endfacet
  facet normal 0 -1 0
    outer loop
      vertex 100 0 40.5
      vertex 81.7534 0 22.3023
      vertex 82.349 0 22.3508
    endloop
  endfacet
  facet normal 0 -1 0
    outer loop
      vertex 77.4803 0 22.2491
      vertex 81.7534 0 22.3023
      vertex 77.0696 0 22.3132
    endloop
  endfacet
  facet normal 0 -1 0
    outer loop
      vertex 77.4803 0 22.2491
      vertex 81.2308 0 22.1569
      vertex 81.7534 0 22.3023
    endloop
  endfacet
  facet normal 0 -1 0
    outer loop
      vertex 77.8412 0 22.1423
      vertex 81.2308 0 22.1569
      vertex 77.4803 0 22.2491
    endloop
  endfacet
  facet normal 0 -1 0
    outer loop
      vertex 78.1523 0 21.9928
      vertex 81.2308 0 22.1569
      vertex 77.8412 0 22.1423
    endloop
  endfacet
  facet normal 0 -1 0
    outer loop
      vertex 78.1523 0 21.9928
      vertex 80.781 0 21.9144
      vertex 81.2308 0 22.1569
    endloop
  endfacet
  facet normal 0 -1 0
    outer loop
      vertex 78.4122 0 21.7962
      vertex 80.781 0 21.9144
      vertex 78.1523 0 21.9928
    endloop
  endfacet
  facet normal 0 -1 0
    outer loop
      vertex 78.4122 0 21.7962
      vertex 80.4041 0 21.5751
      vertex 80.781 0 21.9144
    endloop
  endfacet
  facet normal 0 -1 0
    outer loop
      vertex 78.6196 0 21.548
      vertex 80.4041 0 21.5751
      vertex 78.4122 0 21.7962
    endloop
  endfacet
  facet normal 0 -1 0
    outer loop
      vertex 80.1063 0 21.1448
      vertex 78.6196 0 21.548
      vertex 78.7744 0 21.2482
    endloop
  endfacet
  facet normal 0 -1 0
    outer loop
      vertex 78.6196 0 21.548
      vertex 80.1063 0 21.1448
      vertex 80.4041 0 21.5751
    endloop
  endfacet
  facet normal 0 -1 0
    outer loop
      vertex 78.8766 0 20.897
      vertex 80.1063 0 21.1448
      vertex 78.7744 0 21.2482
    endloop
  endfacet
  facet normal 0 -1 0
    outer loop
      vertex 78.8766 0 20.897
      vertex 79.8935 0 20.6297
      vertex 80.1063 0 21.1448
    endloop
  endfacet
  facet normal 0 -1 0
    outer loop
      vertex 78.1868 0 19.3391
      vertex 78.8766 0 20.897
      vertex 77.9978 0 20.7884
    endloop
  endfacet
  facet normal 0 -1 0
    outer loop
      vertex 76.9074 0 19.7848
      vertex 77.1454 0 21.5445
      vertex 76.533 0 19.8798
    endloop
  endfacet
  facet normal 0 -1 0
    outer loop
      vertex 75.5208 0 20.2978
      vertex 75.3259 0 20.6691
      vertex 75.3503 0 20.5606
    endloop
  endfacet
  facet normal 0 -1 0
    outer loop
      vertex 75.4479 0 20.3761
      vertex 75.3503 0 20.5606
      vertex 75.391 0 20.4629
    endloop
  endfacet
  facet normal 0 -1 0
    outer loop
      vertex 75.3503 0 20.5606
      vertex 75.4479 0 20.3761
      vertex 75.5208 0 20.2978
    endloop
  endfacet
  facet normal 0 -1 0
    outer loop
      vertex 75.3259 0 20.6691
      vertex 75.5208 0 20.2978
      vertex 75.6093 0 20.2256
    endloop
  endfacet
  facet normal 0 -1 0
    outer loop
      vertex 75.3259 0 20.6691
      vertex 75.6093 0 20.2256
      vertex 75.7134 0 20.1595
    endloop
  endfacet
  facet normal 0 -1 0
    outer loop
      vertex 75.3259 0 20.6691
      vertex 75.7134 0 20.1595
      vertex 75.8331 0 20.0995
    endloop
  endfacet
  facet normal 0 -1 0
    outer loop
      vertex 75.3259 0 20.6691
      vertex 75.8331 0 20.0995
      vertex 75.9959 0 20.0371
    endloop
  endfacet
  facet normal 0 -1 0
    outer loop
      vertex 75.3259 0 20.6691
      vertex 75.9959 0 20.0371
      vertex 76.2292 0 19.9639
    endloop
  endfacet
  facet normal 0 -1 -0
    outer loop
      vertex 77.1454 0 21.5445
      vertex 76.9074 0 19.7848
      vertex 77.3683 0 21.4792
    endloop
  endfacet
  facet normal 0 -1 -0
    outer loop
      vertex 77.3683 0 21.4792
      vertex 76.9074 0 19.7848
      vertex 77.9978 0 20.7884
    endloop
  endfacet
  facet normal 0 -1 0
    outer loop
      vertex 77.2681 0 19.689
      vertex 77.9978 0 20.7884
      vertex 76.9074 0 19.7848
    endloop
  endfacet
  facet normal 0 -1 0
    outer loop
      vertex 77.5746 0 19.597
      vertex 77.9978 0 20.7884
      vertex 77.2681 0 19.689
    endloop
  endfacet
  facet normal 0 -1 0
    outer loop
      vertex 77.8269 0 19.5087
      vertex 77.9978 0 20.7884
      vertex 77.5746 0 19.597
    endloop
  endfacet
  facet normal 0 -1 0
    outer loop
      vertex 78.0249 0 19.424
      vertex 77.9978 0 20.7884
      vertex 77.8269 0 19.5087
    endloop
  endfacet
  facet normal 0 -1 0
    outer loop
      vertex 78.1868 0 19.3391
      vertex 77.9978 0 20.7884
      vertex 78.0249 0 19.424
    endloop
  endfacet
  facet normal 0 -1 0
    outer loop
      vertex 78.8766 0 20.897
      vertex 79.7659 0 20.03
      vertex 79.8935 0 20.6297
    endloop
  endfacet
  facet normal 0 -1 0
    outer loop
      vertex 78.3307 0 19.2498
      vertex 78.8766 0 20.897
      vertex 78.1868 0 19.3391
    endloop
  endfacet
  facet normal 0 -1 -0
    outer loop
      vertex 78.8766 0 20.897
      vertex 78.3307 0 19.2498
      vertex 79.7659 0 20.03
    endloop
  endfacet
  facet normal 0 -1 0
    outer loop
      vertex 78.4567 0 19.156
      vertex 79.7659 0 20.03
      vertex 78.3307 0 19.2498
    endloop
  endfacet
  facet normal 0 -1 0
    outer loop
      vertex 79.7659 0 20.03
      vertex 78.4567 0 19.156
      vertex 79.7233 0 19.3454
    endloop
  endfacet
  facet normal 0 -1 0
    outer loop
      vertex 78.5647 0 19.0579
      vertex 79.7233 0 19.3454
      vertex 78.4567 0 19.156
    endloop
  endfacet
  facet normal 0 -1 0
    outer loop
      vertex 78.6581 0 18.9536
      vertex 79.7233 0 19.3454
      vertex 78.5647 0 19.0579
    endloop
  endfacet
  facet normal 0 -1 0
    outer loop
      vertex 78.7403 0 18.8416
      vertex 79.7233 0 19.3454
      vertex 78.6581 0 18.9536
    endloop
  endfacet
  facet normal 0 -1 0
    outer loop
      vertex 78.8113 0 18.7217
      vertex 79.7233 0 19.3454
      vertex 78.7403 0 18.8416
    endloop
  endfacet
  facet normal 0 -1 0
    outer loop
      vertex 78.8113 0 18.7217
      vertex 79.7659 0 18.6276
      vertex 79.7233 0 19.3454
    endloop
  endfacet
  facet normal 0 -1 0
    outer loop
      vertex 78.8711 0 18.594
      vertex 79.7659 0 18.6276
      vertex 78.8113 0 18.7217
    endloop
  endfacet
  facet normal 0 -1 0
    outer loop
      vertex 78.9186 0 18.4579
      vertex 79.7659 0 18.6276
      vertex 78.8711 0 18.594
    endloop
  endfacet
  facet normal 0 -1 0
    outer loop
      vertex 78.9525 0 18.3126
      vertex 79.7659 0 18.6276
      vertex 78.9186 0 18.4579
    endloop
  endfacet
  facet normal 0 -1 0
    outer loop
      vertex 78.9729 0 18.1582
      vertex 79.7659 0 18.6276
      vertex 78.9525 0 18.3126
    endloop
  endfacet
  facet normal 0 -1 0
    outer loop
      vertex 78.9729 0 18.1582
      vertex 79.8935 0 18.0041
      vertex 79.7659 0 18.6276
    endloop
  endfacet
  facet normal 0 -1 0
    outer loop
      vertex 78.9797 0 17.9946
      vertex 79.8935 0 18.0041
      vertex 78.9729 0 18.1582
    endloop
  endfacet
  facet normal 0 -1 0
    outer loop
      vertex 78.9405 0 17.6033
      vertex 79.8935 0 18.0041
      vertex 78.9797 0 17.9946
    endloop
  endfacet
  facet normal 0 -1 0
    outer loop
      vertex 78.9405 0 17.6033
      vertex 80.1063 0 17.4748
      vertex 79.8935 0 18.0041
    endloop
  endfacet
  facet normal 0 -1 0
    outer loop
      vertex 78.823 0 17.2595
      vertex 80.1063 0 17.4748
      vertex 78.9405 0 17.6033
    endloop
  endfacet
  facet normal 0 -1 0
    outer loop
      vertex 78.823 0 17.2595
      vertex 80.4041 0 17.0398
      vertex 80.1063 0 17.4748
    endloop
  endfacet
  facet normal 0 -1 0
    outer loop
      vertex 78.6272 0 16.9632
      vertex 80.4041 0 17.0398
      vertex 78.823 0 17.2595
    endloop
  endfacet
  facet normal 0 -1 0
    outer loop
      vertex 80.7834 0 16.7004
      vertex 78.6272 0 16.9632
      vertex 78.353 0 16.7143
    endloop
  endfacet
  facet normal 0 -1 0
    outer loop
      vertex 78.6272 0 16.9632
      vertex 80.7834 0 16.7004
      vertex 80.4041 0 17.0398
    endloop
  endfacet
  facet normal 0 -1 0
    outer loop
      vertex 78.0084 0 16.5173
      vertex 80.7834 0 16.7004
      vertex 78.353 0 16.7143
    endloop
  endfacet
  facet normal 0 -1 0
    outer loop
      vertex 78.0084 0 16.5173
      vertex 81.2403 0 16.458
      vertex 80.7834 0 16.7004
    endloop
  endfacet
  facet normal 0 -1 0
    outer loop
      vertex 77.601 0 16.3766
      vertex 81.2403 0 16.458
      vertex 78.0084 0 16.5173
    endloop
  endfacet
  facet normal 0 -1 0
    outer loop
      vertex 77.601 0 16.3766
      vertex 81.7748 0 16.3125
      vertex 81.2403 0 16.458
    endloop
  endfacet
  facet normal 0 -1 0
    outer loop
      vertex 77.1309 0 16.2922
      vertex 81.7748 0 16.3125
      vertex 77.601 0 16.3766
    endloop
  endfacet
  facet normal 0 -1 0
    outer loop
      vertex 82.387 0 16.264
      vertex 77.1309 0 16.2922
      vertex 76.5981 0 16.264
    endloop
  endfacet
  facet normal 0 -1 0
    outer loop
      vertex 77.1309 0 16.2922
      vertex 82.387 0 16.264
      vertex 81.7748 0 16.3125
    endloop
  endfacet
  facet normal 0 -1 0
    outer loop
      vertex 26.3837 0 22.2423
      vertex 19.0324 0 24.0163
      vertex 23.6549 0 22.2423
    endloop
  endfacet
  facet normal 0 -1 0
    outer loop
      vertex 27.3601 0 22.2423
      vertex 19.0324 0 24.0163
      vertex 26.3837 0 22.2423
    endloop
  endfacet
  facet normal 0 -1 0
    outer loop
      vertex 34.5833 0 23.5552
      vertex 27.3601 0 22.2423
      vertex 30.4029 0 22.3022
    endloop
  endfacet
  facet normal 0 -1 0
    outer loop
      vertex 27.3601 0 22.2423
      vertex 29.9011 0 22.1562
      vertex 30.4029 0 22.3022
    endloop
  endfacet
  facet normal 0 -1 0
    outer loop
      vertex 27.3601 0 22.2423
      vertex 29.4698 0 21.9129
      vertex 29.9011 0 22.1562
    endloop
  endfacet
  facet normal 0 -1 0
    outer loop
      vertex 27.3601 0 22.2423
      vertex 29.109 0 21.5723
      vertex 29.4698 0 21.9129
    endloop
  endfacet
  facet normal 0 -1 0
    outer loop
      vertex 27.3601 0 22.2423
      vertex 28.8242 0 21.1392
      vertex 29.109 0 21.5723
    endloop
  endfacet
  facet normal 0 -1 0
    outer loop
      vertex 27.3601 0 22.2423
      vertex 28.6208 0 20.6182
      vertex 28.8242 0 21.1392
    endloop
  endfacet
  facet normal 0 -1 0
    outer loop
      vertex 27.3601 0 22.2423
      vertex 28.4987 0 20.0094
      vertex 28.6208 0 20.6182
    endloop
  endfacet
  facet normal 0 -1 0
    outer loop
      vertex 27.3601 0 17.6257
      vertex 28.4987 0 20.0094
      vertex 27.3601 0 22.2423
    endloop
  endfacet
  facet normal 0 -1 0
    outer loop
      vertex 28.4987 0 20.0094
      vertex 27.3601 0 17.6257
      vertex 28.458 0 19.3128
    endloop
  endfacet
  facet normal 0 -1 -0
    outer loop
      vertex 28.458 0 19.3128
      vertex 27.3601 0 17.6257
      vertex 28.4985 0 18.6115
    endloop
  endfacet
  facet normal 0 -1 -0
    outer loop
      vertex 28.4985 0 18.6115
      vertex 27.3601 0 17.6257
      vertex 28.6201 0 17.9993
    endloop
  endfacet
  facet normal 0 -1 0
    outer loop
      vertex 27.3601 0 17.6257
      vertex 28.8227 0 17.4763
      vertex 28.6201 0 17.9993
    endloop
  endfacet
  facet normal 0 -1 0
    outer loop
      vertex 27.3622 0 17.1629
      vertex 28.8227 0 17.4763
      vertex 27.3601 0 17.6257
    endloop
  endfacet
  facet normal 0 -1 0
    outer loop
      vertex 27.3683 0 16.7997
      vertex 28.8227 0 17.4763
      vertex 27.3622 0 17.1629
    endloop
  endfacet
  facet normal 0 -1 -0
    outer loop
      vertex 28.8227 0 17.4763
      vertex 27.3683 0 16.7997
      vertex 29.1063 0 17.0425
    endloop
  endfacet
  facet normal 0 -1 0
    outer loop
      vertex 27.3784 0 16.5363
      vertex 29.1063 0 17.0425
      vertex 27.3683 0 16.7997
    endloop
  endfacet
  facet normal 0 -1 0
    outer loop
      vertex 27.3927 0 16.3725
      vertex 29.1063 0 17.0425
      vertex 27.3784 0 16.5363
    endloop
  endfacet
  facet normal 0 -1 -0
    outer loop
      vertex 29.1063 0 17.0425
      vertex 27.3927 0 16.3725
      vertex 29.4669 0 16.7019
    endloop
  endfacet
  facet normal 0 -1 -0
    outer loop
      vertex 29.4669 0 16.7019
      vertex 27.3927 0 16.3725
      vertex 29.9004 0 16.4586
    endloop
  endfacet
  facet normal 0 -1 0
    outer loop
      vertex 27.3927 0 16.3725
      vertex 30.4068 0 16.3127
      vertex 29.9004 0 16.4586
    endloop
  endfacet
  facet normal 0 -1 -0
    outer loop
      vertex 26.4705 0 16.3725
      vertex 24.8485 0 16.2798
      vertex 27.3927 0 16.3725
    endloop
  endfacet
  facet normal 0 -1 0
    outer loop
      vertex 0 0 0
      vertex 27.3927 0 16.3725
      vertex 24.8485 0 16.2798
    endloop
  endfacet
  facet normal 0 -1 0
    outer loop
      vertex 0 0 0
      vertex 24.8485 0 16.2798
      vertex 24.5337 0 16.264
    endloop
  endfacet
  facet normal 0 -1 0
    outer loop
      vertex 27.3927 0 16.3725
      vertex 30.986 0 16.264
      vertex 30.4068 0 16.3127
    endloop
  endfacet
  facet normal 0 -1 0
    outer loop
      vertex 48.1534 0 22.3351
      vertex 46.5315 0 22.2423
      vertex 47.8653 0 22.2878
    endloop
  endfacet
  facet normal 0 -1 0
    outer loop
      vertex 47.1552 0 21.9502
      vertex 46.5315 0 22.2423
      vertex 46.5342 0 22.223
    endloop
  endfacet
  facet normal 0 -1 0
    outer loop
      vertex 46.5315 0 22.2423
      vertex 47.604 0 22.2089
      vertex 47.8653 0 22.2878
    endloop
  endfacet
  facet normal 0 -1 0
    outer loop
      vertex 47.1552 0 21.9502
      vertex 46.5342 0 22.223
      vertex 46.5369 0 22.1922
    endloop
  endfacet
  facet normal 0 -1 0
    outer loop
      vertex 47.1552 0 21.9502
      vertex 46.5369 0 22.1922
      vertex 46.5396 0 22.1498
    endloop
  endfacet
  facet normal 0 -1 0
    outer loop
      vertex 46.5315 0 22.2423
      vertex 47.3696 0 22.0986
      vertex 47.604 0 22.2089
    endloop
  endfacet
  facet normal 0 -1 0
    outer loop
      vertex 47.1552 0 21.9502
      vertex 46.5396 0 22.1498
      vertex 46.5423 0 22.0959
    endloop
  endfacet
  facet normal 0 -1 0
    outer loop
      vertex 47.1552 0 21.9502
      vertex 46.5423 0 22.0959
      vertex 46.5452 0 22.034
    endloop
  endfacet
  facet normal 0 -1 0
    outer loop
      vertex 46.9539 0 21.7575
      vertex 46.5452 0 22.034
      vertex 46.5484 0 21.9677
    endloop
  endfacet
  facet normal 0 -1 0
    outer loop
      vertex 46.5315 0 22.2423
      vertex 47.1552 0 21.9502
      vertex 47.3696 0 22.0986
    endloop
  endfacet
  facet normal 0 -1 0
    outer loop
      vertex 46.9539 0 21.7575
      vertex 46.5484 0 21.9677
      vertex 46.552 0 21.897
    endloop
  endfacet
  facet normal 0 -1 0
    outer loop
      vertex 46.9539 0 21.7575
      vertex 46.552 0 21.897
      vertex 46.5559 0 21.8219
    endloop
  endfacet
  facet normal 0 -1 0
    outer loop
      vertex 46.5452 0 22.034
      vertex 46.9539 0 21.7575
      vertex 47.1552 0 21.9502
    endloop
  endfacet
  facet normal 0 -1 0
    outer loop
      vertex 46.5601 0 21.7274
      vertex 46.9539 0 21.7575
      vertex 46.5559 0 21.8219
    endloop
  endfacet
  facet normal 0 -1 0
    outer loop
      vertex 46.7659 0 21.5203
      vertex 46.5601 0 21.7274
      vertex 46.5647 0 21.5988
    endloop
  endfacet
  facet normal 0 -1 0
    outer loop
      vertex 46.5601 0 21.7274
      vertex 46.7659 0 21.5203
      vertex 46.9539 0 21.7575
    endloop
  endfacet
  facet normal 0 -1 0
    outer loop
      vertex 46.5696 0 21.4359
      vertex 46.7659 0 21.5203
      vertex 46.5647 0 21.5988
    endloop
  endfacet
  facet normal 0 -1 0
    outer loop
      vertex 46.5912 0 21.2387
      vertex 46.5696 0 21.4359
      vertex 46.5749 0 21.2387
    endloop
  endfacet
  facet normal 0 -1 0
    outer loop
      vertex 46.5696 0 21.4359
      vertex 46.5912 0 21.2387
      vertex 46.7659 0 21.5203
    endloop
  endfacet
  facet normal 0 -1 0
    outer loop
      vertex 76.0339 0 21.5466
      vertex 76.2292 0 19.9639
      vertex 76.2997 0 21.5842
    endloop
  endfacet
  facet normal 0 -1 0
    outer loop
      vertex 75.8115 0 21.4838
      vertex 76.2292 0 19.9639
      vertex 76.0339 0 21.5466
    endloop
  endfacet
  facet normal 0 -1 -0
    outer loop
      vertex 76.2997 0 21.5842
      vertex 76.2292 0 19.9639
      vertex 76.609 0 21.5967
    endloop
  endfacet
  facet normal 0 -1 0
    outer loop
      vertex 76.2292 0 19.9639
      vertex 75.8115 0 21.4838
      vertex 75.3259 0 20.6691
    endloop
  endfacet
  facet normal 0 -1 0
    outer loop
      vertex 76.533 0 19.8798
      vertex 76.609 0 21.5967
      vertex 76.2292 0 19.9639
    endloop
  endfacet
  facet normal 0 -1 0
    outer loop
      vertex 75.3178 0 20.7884
      vertex 75.8115 0 21.4838
      vertex 75.6324 0 21.396
    endloop
  endfacet
  facet normal 0 -1 -0
    outer loop
      vertex 76.609 0 21.5967
      vertex 76.533 0 19.8798
      vertex 76.8922 0 21.5837
    endloop
  endfacet
  facet normal 0 -1 0
    outer loop
      vertex 75.3374 0 20.979
      vertex 75.6324 0 21.396
      vertex 75.4948 0 21.2828
    endloop
  endfacet
  facet normal 0 -1 -0
    outer loop
      vertex 76.8922 0 21.5837
      vertex 76.533 0 19.8798
      vertex 77.1454 0 21.5445
    endloop
  endfacet
  facet normal 0 -1 0
    outer loop
      vertex 75.3374 0 20.979
      vertex 75.4948 0 21.2828
      vertex 75.3964 0 21.1438
    endloop
  endfacet
  facet normal 0 -1 0
    outer loop
      vertex 77.3683 0 21.4792
      vertex 77.9978 0 20.7884
      vertex 77.5611 0 21.3878
    endloop
  endfacet
  facet normal 0 -1 0
    outer loop
      vertex 75.6324 0 21.396
      vertex 75.3374 0 20.979
      vertex 75.3178 0 20.7884
    endloop
  endfacet
  facet normal 0 -1 0
    outer loop
      vertex 77.5611 0 21.3878
      vertex 77.9978 0 20.7884
      vertex 77.7216 0 21.2721
    endloop
  endfacet
  facet normal 0 -1 0
    outer loop
      vertex 75.8115 0 21.4838
      vertex 75.3178 0 20.7884
      vertex 75.3259 0 20.6691
    endloop
  endfacet
  facet normal 0 -1 0
    outer loop
      vertex 77.7216 0 21.2721
      vertex 77.9978 0 20.7884
      vertex 77.8479 0 21.1336
    endloop
  endfacet
  facet normal 0 -1 0
    outer loop
      vertex 77.8479 0 21.1336
      vertex 77.9978 0 20.7884
      vertex 77.94 0 20.9724
    endloop
  endfacet
  facet normal 0 -1 0
    outer loop
      vertex 80.7486 0 19.1013
      vertex 80.7747 0 18.6256
      vertex 84.9368 0 19.1013
    endloop
  endfacet
  facet normal 0 -1 0
    outer loop
      vertex 40.5438 0 20.7475
      vertex 41.9507 0 21.6293
      vertex 41.5518 0 21.5942
    endloop
  endfacet
  facet normal 0 -1 0
    outer loop
      vertex 41.9507 0 21.6293
      vertex 43.3211 0 20.7618
      vertex 42.3459 0 21.5949
    endloop
  endfacet
  facet normal 0 -1 0
    outer loop
      vertex 40.5438 0 20.7475
      vertex 41.5518 0 21.5942
      vertex 41.2123 0 21.4889
    endloop
  endfacet
  facet normal 0 -1 0
    outer loop
      vertex 42.3459 0 21.5949
      vertex 43.3211 0 20.7618
      vertex 42.6797 0 21.4916
    endloop
  endfacet
  facet normal 0 -1 0
    outer loop
      vertex 40.7111 0 21.0678
      vertex 41.2123 0 21.4889
      vertex 40.932 0 21.3134
    endloop
  endfacet
  facet normal -0 -1 -0
    outer loop
      vertex 43.1632 0 21.0787
      vertex 42.6797 0 21.4916
      vertex 43.3211 0 20.7618
    endloop
  endfacet
  facet normal 0 -1 0
    outer loop
      vertex 41.2123 0 21.4889
      vertex 40.7111 0 21.0678
      vertex 40.5438 0 20.7475
    endloop
  endfacet
  facet normal 0 -1 0
    outer loop
      vertex 42.6797 0 21.4916
      vertex 43.1632 0 21.0787
      vertex 42.9521 0 21.3196
    endloop
  endfacet
  facet normal 0 -1 -0
    outer loop
      vertex 41.9507 0 21.6293
      vertex 40.5438 0 20.7475
      vertex 43.4338 0 20.3619
    endloop
  endfacet
  facet normal 0 -1 0
    outer loop
      vertex 41.9507 0 21.6293
      vertex 43.4338 0 20.3619
      vertex 43.3211 0 20.7618
    endloop
  endfacet
  facet normal 0 -1 0
    outer loop
      vertex 40.4243 0 20.3483
      vertex 43.4338 0 20.3619
      vertex 40.5438 0 20.7475
    endloop
  endfacet
  facet normal 0 -1 0
    outer loop
      vertex 40.4243 0 20.3483
      vertex 43.5014 0 19.8789
      vertex 43.4338 0 20.3619
    endloop
  endfacet
  facet normal 0 -1 0
    outer loop
      vertex 40.3526 0 19.8701
      vertex 43.5014 0 19.8789
      vertex 40.4243 0 20.3483
    endloop
  endfacet
  facet normal 0 -1 0
    outer loop
      vertex 40.3286 0 19.3128
      vertex 43.5014 0 19.8789
      vertex 40.3526 0 19.8701
    endloop
  endfacet
  facet normal 0 -1 0
    outer loop
      vertex 40.3286 0 19.3128
      vertex 43.524 0 19.3128
      vertex 43.5014 0 19.8789
    endloop
  endfacet
  facet normal 0 -1 0
    outer loop
      vertex 40.3522 0 18.7685
      vertex 43.524 0 19.3128
      vertex 40.3286 0 19.3128
    endloop
  endfacet
  facet normal 0 -1 0
    outer loop
      vertex 40.3522 0 18.7685
      vertex 43.5004 0 18.7531
      vertex 43.524 0 19.3128
    endloop
  endfacet
  facet normal 0 -1 0
    outer loop
      vertex 40.4229 0 18.2964
      vertex 43.5004 0 18.7531
      vertex 40.3522 0 18.7685
    endloop
  endfacet
  facet normal 0 -1 0
    outer loop
      vertex 40.4229 0 18.2964
      vertex 43.4297 0 18.2726
      vertex 43.5004 0 18.7531
    endloop
  endfacet
  facet normal 0 -1 0
    outer loop
      vertex 40.5407 0 17.8965
      vertex 43.4297 0 18.2726
      vertex 40.4229 0 18.2964
    endloop
  endfacet
  facet normal 0 -1 0
    outer loop
      vertex 40.5407 0 17.8965
      vertex 43.3119 0 17.8715
      vertex 43.4297 0 18.2726
    endloop
  endfacet
  facet normal 0 -1 0
    outer loop
      vertex 41.5138 0 17.022
      vertex 40.5407 0 17.8965
      vertex 40.7057 0 17.5687
    endloop
  endfacet
  facet normal 0 -1 0
    outer loop
      vertex 40.5407 0 17.8965
      vertex 41.891 0 16.9855
      vertex 43.3119 0 17.8715
    endloop
  endfacet
  facet normal 0 -1 0
    outer loop
      vertex 41.5138 0 17.022
      vertex 40.7057 0 17.5687
      vertex 40.9212 0 17.3136
    endloop
  endfacet
  facet normal -0 -1 0
    outer loop
      vertex 42.2991 0 17.0208
      vertex 43.3119 0 17.8715
      vertex 41.891 0 16.9855
    endloop
  endfacet
  facet normal 0 -1 0
    outer loop
      vertex 41.5138 0 17.022
      vertex 40.9212 0 17.3136
      vertex 41.1906 0 17.1313
    endloop
  endfacet
  facet normal 0 -1 0
    outer loop
      vertex 43.3119 0 17.8715
      vertex 42.2991 0 17.0208
      vertex 43.147 0 17.5497
    endloop
  endfacet
  facet normal 0 -1 0
    outer loop
      vertex 40.5407 0 17.8965
      vertex 41.5138 0 17.022
      vertex 41.891 0 16.9855
    endloop
  endfacet
  facet normal -0 -1 0
    outer loop
      vertex 42.6445 0 17.1266
      vertex 43.147 0 17.5497
      vertex 42.2991 0 17.0208
    endloop
  endfacet
  facet normal 0 -1 0
    outer loop
      vertex 43.147 0 17.5497
      vertex 42.6445 0 17.1266
      vertex 42.9271 0 17.3029
    endloop
  endfacet
  facet normal 0 -1 0
    outer loop
      vertex 63.4637 0 20.7475
      vertex 64.8706 0 21.6293
      vertex 64.4717 0 21.5942
    endloop
  endfacet
  facet normal 0 -1 0
    outer loop
      vertex 64.8706 0 21.6293
      vertex 66.241 0 20.7618
      vertex 65.2658 0 21.5949
    endloop
  endfacet
  facet normal 0 -1 0
    outer loop
      vertex 63.4637 0 20.7475
      vertex 64.4717 0 21.5942
      vertex 64.1322 0 21.4889
    endloop
  endfacet
  facet normal 0 -1 0
    outer loop
      vertex 65.2658 0 21.5949
      vertex 66.241 0 20.7618
      vertex 65.5996 0 21.4916
    endloop
  endfacet
  facet normal 0 -1 0
    outer loop
      vertex 63.631 0 21.0678
      vertex 64.1322 0 21.4889
      vertex 63.8519 0 21.3134
    endloop
  endfacet
  facet normal -0 -1 -0
    outer loop
      vertex 66.0831 0 21.0787
      vertex 65.5996 0 21.4916
      vertex 66.241 0 20.7618
    endloop
  endfacet
  facet normal 0 -1 0
    outer loop
      vertex 64.1322 0 21.4889
      vertex 63.631 0 21.0678
      vertex 63.4637 0 20.7475
    endloop
  endfacet
  facet normal 0 -1 0
    outer loop
      vertex 65.5996 0 21.4916
      vertex 66.0831 0 21.0787
      vertex 65.8721 0 21.3196
    endloop
  endfacet
  facet normal 0 -1 -0
    outer loop
      vertex 64.8706 0 21.6293
      vertex 63.4637 0 20.7475
      vertex 66.3537 0 20.3619
    endloop
  endfacet
  facet normal 0 -1 0
    outer loop
      vertex 64.8706 0 21.6293
      vertex 66.3537 0 20.3619
      vertex 66.241 0 20.7618
    endloop
  endfacet
  facet normal 0 -1 0
    outer loop
      vertex 63.3442 0 20.3483
      vertex 66.3537 0 20.3619
      vertex 63.4637 0 20.7475
    endloop
  endfacet
  facet normal 0 -1 0
    outer loop
      vertex 63.3442 0 20.3483
      vertex 66.4214 0 19.8789
      vertex 66.3537 0 20.3619
    endloop
  endfacet
  facet normal 0 -1 0
    outer loop
      vertex 63.2725 0 19.8701
      vertex 66.4214 0 19.8789
      vertex 63.3442 0 20.3483
    endloop
  endfacet
  facet normal 0 -1 0
    outer loop
      vertex 63.2486 0 19.3128
      vertex 66.4214 0 19.8789
      vertex 63.2725 0 19.8701
    endloop
  endfacet
  facet normal 0 -1 0
    outer loop
      vertex 63.2486 0 19.3128
      vertex 66.4439 0 19.3128
      vertex 66.4214 0 19.8789
    endloop
  endfacet
  facet normal 0 -1 0
    outer loop
      vertex 63.2721 0 18.7685
      vertex 66.4439 0 19.3128
      vertex 63.2486 0 19.3128
    endloop
  endfacet
  facet normal 0 -1 0
    outer loop
      vertex 63.2721 0 18.7685
      vertex 66.4203 0 18.7531
      vertex 66.4439 0 19.3128
    endloop
  endfacet
  facet normal 0 -1 0
    outer loop
      vertex 63.3428 0 18.2964
      vertex 66.4203 0 18.7531
      vertex 63.2721 0 18.7685
    endloop
  endfacet
  facet normal 0 -1 0
    outer loop
      vertex 63.3428 0 18.2964
      vertex 66.3497 0 18.2726
      vertex 66.4203 0 18.7531
    endloop
  endfacet
  facet normal 0 -1 0
    outer loop
      vertex 63.4606 0 17.8965
      vertex 66.3497 0 18.2726
      vertex 63.3428 0 18.2964
    endloop
  endfacet
  facet normal 0 -1 0
    outer loop
      vertex 63.4606 0 17.8965
      vertex 66.2318 0 17.8715
      vertex 66.3497 0 18.2726
    endloop
  endfacet
  facet normal 0 -1 0
    outer loop
      vertex 64.4337 0 17.022
      vertex 63.4606 0 17.8965
      vertex 63.6256 0 17.5687
    endloop
  endfacet
  facet normal 0 -1 0
    outer loop
      vertex 63.4606 0 17.8965
      vertex 64.8109 0 16.9855
      vertex 66.2318 0 17.8715
    endloop
  endfacet
  facet normal 0 -1 0
    outer loop
      vertex 64.4337 0 17.022
      vertex 63.6256 0 17.5687
      vertex 63.8411 0 17.3136
    endloop
  endfacet
  facet normal -0 -1 0
    outer loop
      vertex 65.219 0 17.0208
      vertex 66.2318 0 17.8715
      vertex 64.8109 0 16.9855
    endloop
  endfacet
  facet normal 0 -1 0
    outer loop
      vertex 64.4337 0 17.022
      vertex 63.8411 0 17.3136
      vertex 64.1105 0 17.1313
    endloop
  endfacet
  facet normal 0 -1 0
    outer loop
      vertex 66.2318 0 17.8715
      vertex 65.219 0 17.0208
      vertex 66.0669 0 17.5497
    endloop
  endfacet
  facet normal 0 -1 0
    outer loop
      vertex 63.4606 0 17.8965
      vertex 64.4337 0 17.022
      vertex 64.8109 0 16.9855
    endloop
  endfacet
  facet normal -0 -1 0
    outer loop
      vertex 65.5644 0 17.1266
      vertex 66.0669 0 17.5497
      vertex 65.219 0 17.0208
    endloop
  endfacet
  facet normal 0 -1 0
    outer loop
      vertex 66.0669 0 17.5497
      vertex 65.5644 0 17.1266
      vertex 65.847 0 17.3029
    endloop
  endfacet
  facet normal 0 -1 0
    outer loop
      vertex 18.5767 0 22.7848
      vertex 18.3813 0 23.0832
      vertex 18.3054 0 22.8421
    endloop
  endfacet
  facet normal 0 -1 0
    outer loop
      vertex 18.3813 0 23.0832
      vertex 18.5767 0 22.7848
      vertex 18.4302 0 23.2351
    endloop
  endfacet
  facet normal 0 -1 0
    outer loop
      vertex 18.2132 0 22.5692
      vertex 18.5767 0 22.7848
      vertex 18.3054 0 22.8421
    endloop
  endfacet
  facet normal 0 -1 0
    outer loop
      vertex 18.2132 0 22.5692
      vertex 18.6526 0 22.5549
      vertex 18.5767 0 22.7848
    endloop
  endfacet
  facet normal 0 -1 0
    outer loop
      vertex 18.2132 0 22.5692
      vertex 18.7286 0 22.3373
      vertex 18.6526 0 22.5549
    endloop
  endfacet
  facet normal 0 -1 0
    outer loop
      vertex 18.1047 0 22.2644
      vertex 18.7286 0 22.3373
      vertex 18.2132 0 22.5692
    endloop
  endfacet
  facet normal 0 -1 0
    outer loop
      vertex 18.1047 0 22.2644
      vertex 18.8045 0 22.1318
      vertex 18.7286 0 22.3373
    endloop
  endfacet
  facet normal 0 -1 0
    outer loop
      vertex 17.9799 0 21.9277
      vertex 18.8045 0 22.1318
      vertex 18.1047 0 22.2644
    endloop
  endfacet
  facet normal 0 -1 -0
    outer loop
      vertex 18.8045 0 22.1318
      vertex 17.9799 0 21.9277
      vertex 18.8805 0 21.9386
    endloop
  endfacet
  facet normal 0 -1 0
    outer loop
      vertex 19.8624 0 19.416
      vertex 17.9799 0 21.9277
      vertex 17.0034 0 19.416
    endloop
  endfacet
  facet normal 0 -1 0
    outer loop
      vertex 17.9799 0 21.9277
      vertex 19.8624 0 19.416
      vertex 18.8805 0 21.9386
    endloop
  endfacet
  facet normal 0 -1 0
    outer loop
      vertex 81.0234 0 20.895
      vertex 82.3328 0 21.6293
      vertex 81.9959 0 21.5996
    endloop
  endfacet
  facet normal 0 -1 0
    outer loop
      vertex 82.3328 0 21.6293
      vertex 83.769 0 20.6521
      vertex 82.6776 0 21.6027
    endloop
  endfacet
  facet normal 0 -1 0
    outer loop
      vertex 81.207 0 21.1546
      vertex 81.9959 0 21.5996
      vertex 81.696 0 21.5106
    endloop
  endfacet
  facet normal -0 -1 -0
    outer loop
      vertex 83.6316 0 20.9592
      vertex 82.6776 0 21.6027
      vertex 83.769 0 20.6521
    endloop
  endfacet
  facet normal 0 -1 0
    outer loop
      vertex 81.207 0 21.1546
      vertex 81.696 0 21.5106
      vertex 81.433 0 21.3623
    endloop
  endfacet
  facet normal 0 -1 0
    outer loop
      vertex 82.9796 0 21.5228
      vertex 83.6316 0 20.9592
      vertex 83.239 0 21.3898
    endloop
  endfacet
  facet normal 0 -1 0
    outer loop
      vertex 81.9959 0 21.5996
      vertex 81.207 0 21.1546
      vertex 81.0234 0 20.895
    endloop
  endfacet
  facet normal 0 -1 0
    outer loop
      vertex 83.239 0 21.3898
      vertex 83.6316 0 20.9592
      vertex 83.4556 0 21.2034
    endloop
  endfacet
  facet normal 0 -1 0
    outer loop
      vertex 82.3328 0 21.6293
      vertex 81.0234 0 20.895
      vertex 80.8876 0 20.5911
    endloop
  endfacet
  facet normal 0 -1 0
    outer loop
      vertex 82.6776 0 21.6027
      vertex 83.6316 0 20.9592
      vertex 82.9796 0 21.5228
    endloop
  endfacet
  facet normal 0 -1 -0
    outer loop
      vertex 82.3328 0 21.6293
      vertex 80.8876 0 20.5911
      vertex 83.769 0 20.6521
    endloop
  endfacet
  facet normal 0 -1 0
    outer loop
      vertex 80.8876 0 20.5911
      vertex 83.8676 0 20.2824
      vertex 83.769 0 20.6521
    endloop
  endfacet
  facet normal 0 -1 0
    outer loop
      vertex 80.7997 0 20.2427
      vertex 83.8676 0 20.2824
      vertex 80.8876 0 20.5911
    endloop
  endfacet
  facet normal 0 -1 0
    outer loop
      vertex 80.7595 0 19.8499
      vertex 83.8676 0 20.2824
      vertex 80.7997 0 20.2427
    endloop
  endfacet
  facet normal 0 -1 -0
    outer loop
      vertex 83.8676 0 20.2824
      vertex 80.7595 0 19.8499
      vertex 83.9276 0 19.8499
    endloop
  endfacet
  facet normal -1 0 0
    outer loop
      vertex 87 6.5 26
      vertex 87 21.5 39
      vertex 87 21.5 26
    endloop
  endfacet
  facet normal -1 -0 0
    outer loop
      vertex 87 21.5 39
      vertex 87 6.5 26
      vertex 87 6.5 39
    endloop
  endfacet
  facet normal 0 0 1
    outer loop
      vertex 34 53.5 26
      vertex 33 53.5 26
      vertex 34 21.5 26
    endloop
  endfacet
  facet normal 0 0 1
    outer loop
      vertex 67 53.5 26
      vertex 66 53.5 26
      vertex 67 21.5 26
    endloop
  endfacet
  facet normal -0 0 1
    outer loop
      vertex 67 21.5 26
      vertex 87 6.5 26
      vertex 87 21.5 26
    endloop
  endfacet
  facet normal 0 0 1
    outer loop
      vertex 66 21.5 26
      vertex 67 21.5 26
      vertex 66 53.5 26
    endloop
  endfacet
  facet normal -0 0 1
    outer loop
      vertex 66 21.5 26
      vertex 87 6.5 26
      vertex 67 21.5 26
    endloop
  endfacet
  facet normal 0 0 1
    outer loop
      vertex 15 6.5 26
      vertex 66 21.5 26
      vertex 34 21.5 26
    endloop
  endfacet
  facet normal 0 0 1
    outer loop
      vertex 33 21.5 26
      vertex 34 21.5 26
      vertex 33 53.5 26
    endloop
  endfacet
  facet normal 0 0 1
    outer loop
      vertex 15 6.5 26
      vertex 34 21.5 26
      vertex 33 21.5 26
    endloop
  endfacet
  facet normal 0 0 1
    outer loop
      vertex 15 6.5 26
      vertex 33 21.5 26
      vertex 15 21.5 26
    endloop
  endfacet
  facet normal 0 0 1
    outer loop
      vertex 66 21.5 26
      vertex 15 6.5 26
      vertex 87 6.5 26
    endloop
  endfacet
  facet normal 1 -0 0
    outer loop
      vertex 15 6.5 39
      vertex 15 21.5 26
      vertex 15 21.5 39
    endloop
  endfacet
  facet normal 1 0 0
    outer loop
      vertex 15 21.5 26
      vertex 15 6.5 39
      vertex 15 6.5 26
    endloop
  endfacet
  facet normal 0 1 -0
    outer loop
      vertex 87 6.5 26
      vertex 15 6.5 39
      vertex 87 6.5 39
    endloop
  endfacet
  facet normal 0 1 0
    outer loop
      vertex 15 6.5 39
      vertex 87 6.5 26
      vertex 15 6.5 26
    endloop
  endfacet
  facet normal 0 -1 0
    outer loop
      vertex 37.1693 -0.95 23.4901
      vertex 38.1459 -0.95 24.4232
      vertex 37.1693 -0.95 24.4232
    endloop
  endfacet
  facet normal 0 -1 -0
    outer loop
      vertex 38.1459 -0.95 24.4232
      vertex 37.1693 -0.95 23.4901
      vertex 38.1459 -0.95 23.4901
    endloop
  endfacet
  facet normal 0 -1 0
    outer loop
      vertex 17.8551 -0.95 24.0163
      vertex 18.4302 -0.95 23.2351
      vertex 19.0324 -0.95 24.0163
    endloop
  endfacet
  facet normal 0 -1 0
    outer loop
      vertex 17.8551 -0.95 24.0163
      vertex 18.3813 -0.95 23.0832
      vertex 18.4302 -0.95 23.2351
    endloop
  endfacet
  facet normal 0 -1 0
    outer loop
      vertex 17.8551 -0.95 24.0163
      vertex 18.3054 -0.95 22.8421
      vertex 18.3813 -0.95 23.0832
    endloop
  endfacet
  facet normal 0 -1 0
    outer loop
      vertex 17.8551 -0.95 24.0163
      vertex 18.2132 -0.95 22.5692
      vertex 18.3054 -0.95 22.8421
    endloop
  endfacet
  facet normal 0 -1 0
    outer loop
      vertex 17.8551 -0.95 24.0163
      vertex 18.1047 -0.95 22.2644
      vertex 18.2132 -0.95 22.5692
    endloop
  endfacet
  facet normal 0 -1 0
    outer loop
      vertex 17.8551 -0.95 24.0163
      vertex 17.9799 -0.95 21.9277
      vertex 18.1047 -0.95 22.2644
    endloop
  endfacet
  facet normal 0 -1 -0
    outer loop
      vertex 17.8551 -0.95 24.0163
      vertex 17.0034 -0.95 19.416
      vertex 17.9799 -0.95 21.9277
    endloop
  endfacet
  facet normal 0 -1 -0
    outer loop
      vertex 17.0034 -0.95 19.416
      vertex 16.6888 -0.95 18.6076
      vertex 19.8624 -0.95 19.416
    endloop
  endfacet
  facet normal 0 -1 0
    outer loop
      vertex 14.7357 -0.95 16.3725
      vertex 17.0034 -0.95 19.416
      vertex 17.8551 -0.95 24.0163
    endloop
  endfacet
  facet normal 0 -1 0
    outer loop
      vertex 17.0034 -0.95 19.416
      vertex 14.7357 -0.95 16.3725
      vertex 16.6888 -0.95 18.6076
    endloop
  endfacet
  facet normal 0 -1 0
    outer loop
      vertex 16.6888 -0.95 18.6076
      vertex 14.7357 -0.95 16.3725
      vertex 15.8099 -0.95 16.3725
    endloop
  endfacet
  facet normal 0 -1 0
    outer loop
      vertex 18.5767 -0.95 22.7848
      vertex 19.0324 -0.95 24.0163
      vertex 18.4302 -0.95 23.2351
    endloop
  endfacet
  facet normal 0 -1 0
    outer loop
      vertex 18.6526 -0.95 22.5549
      vertex 19.0324 -0.95 24.0163
      vertex 18.5767 -0.95 22.7848
    endloop
  endfacet
  facet normal 0 -1 0
    outer loop
      vertex 18.7286 -0.95 22.3373
      vertex 19.0324 -0.95 24.0163
      vertex 18.6526 -0.95 22.5549
    endloop
  endfacet
  facet normal 0 -1 0
    outer loop
      vertex 18.8045 -0.95 22.1318
      vertex 19.0324 -0.95 24.0163
      vertex 18.7286 -0.95 22.3373
    endloop
  endfacet
  facet normal 0 -1 0
    outer loop
      vertex 18.8805 -0.95 21.9386
      vertex 19.0324 -0.95 24.0163
      vertex 18.8045 -0.95 22.1318
    endloop
  endfacet
  facet normal 0 -1 0
    outer loop
      vertex 19.8624 -0.95 19.416
      vertex 19.0324 -0.95 24.0163
      vertex 18.8805 -0.95 21.9386
    endloop
  endfacet
  facet normal 0 -1 0
    outer loop
      vertex 20.1716 -0.95 18.6076
      vertex 19.8624 -0.95 19.416
      vertex 16.6888 -0.95 18.6076
    endloop
  endfacet
  facet normal 0 -1 0
    outer loop
      vertex 22.103 -0.95 16.3725
      vertex 19.8624 -0.95 19.416
      vertex 20.1716 -0.95 18.6076
    endloop
  endfacet
  facet normal 0 -1 0
    outer loop
      vertex 22.103 -0.95 16.3725
      vertex 20.1716 -0.95 18.6076
      vertex 21.045 -0.95 16.3725
    endloop
  endfacet
  facet normal 0 -1 0
    outer loop
      vertex 19.8624 -0.95 19.416
      vertex 22.103 -0.95 16.3725
      vertex 19.0324 -0.95 24.0163
    endloop
  endfacet
  facet normal 0 -1 0
    outer loop
      vertex 54.8321 -0.95 24.0163
      vertex 55.8683 -0.95 20.7831
      vertex 55.8683 -0.95 24.0163
    endloop
  endfacet
  facet normal 0 -1 0
    outer loop
      vertex 55.8683 -0.95 20.7831
      vertex 55.8683 -0.95 19.9151
      vertex 60.0021 -0.95 20.7831
    endloop
  endfacet
  facet normal 0 -1 0
    outer loop
      vertex 54.8321 -0.95 24.0163
      vertex 55.8683 -0.95 19.9151
      vertex 55.8683 -0.95 20.7831
    endloop
  endfacet
  facet normal 0 -1 0
    outer loop
      vertex 54.8321 -0.95 16.3725
      vertex 55.8683 -0.95 19.9151
      vertex 54.8321 -0.95 24.0163
    endloop
  endfacet
  facet normal 0 -1 -0
    outer loop
      vertex 55.8683 -0.95 19.9151
      vertex 54.8321 -0.95 16.3725
      vertex 55.8683 -0.95 16.3725
    endloop
  endfacet
  facet normal 0 -1 0
    outer loop
      vertex 60.0021 -0.95 20.7831
      vertex 61.0383 -0.95 24.0163
      vertex 60.0021 -0.95 24.0163
    endloop
  endfacet
  facet normal 0 -1 0
    outer loop
      vertex 60.0021 -0.95 19.9151
      vertex 60.0021 -0.95 20.7831
      vertex 55.8683 -0.95 19.9151
    endloop
  endfacet
  facet normal 0 -1 0
    outer loop
      vertex 60.0021 -0.95 19.9151
      vertex 61.0383 -0.95 24.0163
      vertex 60.0021 -0.95 20.7831
    endloop
  endfacet
  facet normal 0 -1 0
    outer loop
      vertex 61.0383 -0.95 16.3725
      vertex 60.0021 -0.95 19.9151
      vertex 60.0021 -0.95 16.3725
    endloop
  endfacet
  facet normal 0 -1 0
    outer loop
      vertex 60.0021 -0.95 19.9151
      vertex 61.0383 -0.95 16.3725
      vertex 61.0383 -0.95 24.0163
    endloop
  endfacet
  facet normal 0 -1 0
    outer loop
      vertex 34.2577 -0.95 21.5317
      vertex 35.2342 -0.95 17.8264
      vertex 35.2342 -0.95 21.5317
    endloop
  endfacet
  facet normal 0 -1 0
    outer loop
      vertex 34.2577 -0.95 17.6148
      vertex 35.2342 -0.95 17.8264
      vertex 34.2577 -0.95 21.5317
    endloop
  endfacet
  facet normal 0 -1 -0
    outer loop
      vertex 35.2342 -0.95 17.8264
      vertex 34.2577 -0.95 17.6148
      vertex 35.2429 -0.95 17.6306
    endloop
  endfacet
  facet normal 0 -1 0
    outer loop
      vertex 34.2577 -0.95 17.6148
      vertex 35.2688 -0.95 17.4663
      vertex 35.2429 -0.95 17.6306
    endloop
  endfacet
  facet normal 0 -1 0
    outer loop
      vertex 34.331 -0.95 17.0333
      vertex 35.2688 -0.95 17.4663
      vertex 34.2577 -0.95 17.6148
    endloop
  endfacet
  facet normal 0 -1 -0
    outer loop
      vertex 35.2688 -0.95 17.4663
      vertex 34.331 -0.95 17.0333
      vertex 35.312 -0.95 17.3336
    endloop
  endfacet
  facet normal 0 -1 0
    outer loop
      vertex 34.5507 -0.95 16.618
      vertex 35.312 -0.95 17.3336
      vertex 34.331 -0.95 17.0333
    endloop
  endfacet
  facet normal 0 -1 -0
    outer loop
      vertex 35.312 -0.95 17.3336
      vertex 34.5507 -0.95 16.618
      vertex 35.3725 -0.95 17.2323
    endloop
  endfacet
  facet normal 0 -1 0
    outer loop
      vertex 35.4295 -0.95 16.2857
      vertex 35.4544 -0.95 17.1576
      vertex 34.9169 -0.95 16.3688
    endloop
  endfacet
  facet normal 0 -1 -0
    outer loop
      vertex 35.3725 -0.95 17.2323
      vertex 34.9169 -0.95 16.3688
      vertex 35.4544 -0.95 17.1576
    endloop
  endfacet
  facet normal 0 -1 0
    outer loop
      vertex 34.9169 -0.95 16.3688
      vertex 35.3725 -0.95 17.2323
      vertex 34.5507 -0.95 16.618
    endloop
  endfacet
  facet normal 0 -1 0
    outer loop
      vertex 34.2577 -0.95 21.5317
      vertex 34.2957 -0.95 22.2423
      vertex 33.5796 -0.95 22.2423
    endloop
  endfacet
  facet normal 0 -1 0
    outer loop
      vertex 35.2342 -0.95 21.5317
      vertex 34.2957 -0.95 22.2423
      vertex 34.2577 -0.95 21.5317
    endloop
  endfacet
  facet normal 0 -1 0
    outer loop
      vertex 34.2577 -0.95 21.5317
      vertex 33.5796 -0.95 22.2423
      vertex 33.5796 -0.95 21.5317
    endloop
  endfacet
  facet normal 0 -1 0
    outer loop
      vertex 34.2957 -0.95 22.2423
      vertex 35.2342 -0.95 21.5317
      vertex 35.2342 -0.95 22.2423
    endloop
  endfacet
  facet normal 0 -1 0
    outer loop
      vertex 35.2342 -0.95 22.2423
      vertex 35.2342 -0.95 21.5317
      vertex 36.3193 -0.95 22.2423
    endloop
  endfacet
  facet normal 0 -1 -0
    outer loop
      vertex 36.3193 -0.95 22.2423
      vertex 35.2342 -0.95 21.5317
      vertex 36.3193 -0.95 21.5317
    endloop
  endfacet
  facet normal 0 -1 0
    outer loop
      vertex 35.2342 -0.95 22.2423
      vertex 34.5833 -0.95 23.5552
      vertex 34.2957 -0.95 22.2423
    endloop
  endfacet
  facet normal 0 -1 0
    outer loop
      vertex 34.5833 -0.95 23.5552
      vertex 35.2342 -0.95 22.2423
      vertex 35.2342 -0.95 23.5552
    endloop
  endfacet
  facet normal 0 -1 -0
    outer loop
      vertex 35.4544 -0.95 17.1576
      vertex 35.4295 -0.95 16.2857
      vertex 35.5617 -0.95 17.1042
    endloop
  endfacet
  facet normal 0 -1 -0
    outer loop
      vertex 35.5617 -0.95 17.1042
      vertex 35.4295 -0.95 16.2857
      vertex 35.6945 -0.95 17.0721
    endloop
  endfacet
  facet normal -0 -1 0
    outer loop
      vertex 35.6804 -0.95 16.2939
      vertex 35.6945 -0.95 17.0721
      vertex 35.4295 -0.95 16.2857
    endloop
  endfacet
  facet normal 0 -1 -0
    outer loop
      vertex 35.6945 -0.95 17.0721
      vertex 35.6804 -0.95 16.2939
      vertex 35.8527 -0.95 17.0615
    endloop
  endfacet
  facet normal -0 -1 0
    outer loop
      vertex 35.9286 -0.95 16.3183
      vertex 35.8527 -0.95 17.0615
      vertex 35.6804 -0.95 16.2939
    endloop
  endfacet
  facet normal -0 -1 0
    outer loop
      vertex 36.1741 -0.95 16.359
      vertex 35.9612 -0.95 17.0662
      vertex 35.9286 -0.95 16.3183
    endloop
  endfacet
  facet normal 0 -1 0
    outer loop
      vertex 35.8527 -0.95 17.0615
      vertex 35.9286 -0.95 16.3183
      vertex 35.9612 -0.95 17.0662
    endloop
  endfacet
  facet normal 0 -1 0
    outer loop
      vertex 36.2433 -0.95 17.1042
      vertex 36.4169 -0.95 16.416
      vertex 36.4169 -0.95 17.1375
    endloop
  endfacet
  facet normal 0 -1 0
    outer loop
      vertex 36.0914 -0.95 17.0805
      vertex 36.4169 -0.95 16.416
      vertex 36.2433 -0.95 17.1042
    endloop
  endfacet
  facet normal -0 -1 0
    outer loop
      vertex 36.4169 -0.95 16.416
      vertex 36.0914 -0.95 17.0805
      vertex 36.1741 -0.95 16.359
    endloop
  endfacet
  facet normal 0 -1 0
    outer loop
      vertex 35.9612 -0.95 17.0662
      vertex 36.1741 -0.95 16.359
      vertex 36.0914 -0.95 17.0805
    endloop
  endfacet
  facet normal 0 -1 0
    outer loop
      vertex 83.9276 -0.95 19.8499
      vertex 84.9368 -0.95 19.1013
      vertex 84.9368 -0.95 19.2315
    endloop
  endfacet
  facet normal 0 -1 0
    outer loop
      vertex 83.839 -0.95 17.7101
      vertex 84.7794 -0.95 17.6528
      vertex 83.9223 -0.95 17.8969
    endloop
  endfacet
  facet normal 0 -1 0
    outer loop
      vertex 84.4325 -0.95 17.0452
      vertex 83.839 -0.95 17.7101
      vertex 83.7249 -0.95 17.5402
    endloop
  endfacet
  facet normal 0 -1 0
    outer loop
      vertex 84.4325 -0.95 17.0452
      vertex 83.7249 -0.95 17.5402
      vertex 83.5799 -0.95 17.3873
    endloop
  endfacet
  facet normal 0 -1 0
    outer loop
      vertex 83.9182 -0.95 16.6112
      vertex 83.5799 -0.95 17.3873
      vertex 83.4041 -0.95 17.2513
    endloop
  endfacet
  facet normal 0 -1 0
    outer loop
      vertex 83.9182 -0.95 16.6112
      vertex 83.4041 -0.95 17.2513
      vertex 83.1971 -0.95 17.1398
    endloop
  endfacet
  facet normal 0 -1 0
    outer loop
      vertex 83.2363 -0.95 16.3508
      vertex 83.1971 -0.95 17.1398
      vertex 82.9586 -0.95 17.0601
    endloop
  endfacet
  facet normal 0 -1 0
    outer loop
      vertex 83.839 -0.95 17.7101
      vertex 84.4325 -0.95 17.0452
      vertex 84.7794 -0.95 17.6528
    endloop
  endfacet
  facet normal 0 -1 0
    outer loop
      vertex 83.2363 -0.95 16.3508
      vertex 82.9586 -0.95 17.0601
      vertex 82.6886 -0.95 17.0123
    endloop
  endfacet
  facet normal 0 -1 0
    outer loop
      vertex 82.387 -0.95 16.264
      vertex 82.6886 -0.95 17.0123
      vertex 82.387 -0.95 16.9964
    endloop
  endfacet
  facet normal 0 -1 0
    outer loop
      vertex 81.6803 -0.95 17.1333
      vertex 81.7748 -0.95 16.3125
      vertex 82.0096 -0.95 17.0306
    endloop
  endfacet
  facet normal 0 -1 -0
    outer loop
      vertex 82.6886 -0.95 17.0123
      vertex 82.387 -0.95 16.264
      vertex 83.2363 -0.95 16.3508
    endloop
  endfacet
  facet normal 0 -1 0
    outer loop
      vertex 82.387 -0.95 16.264
      vertex 82.0096 -0.95 17.0306
      vertex 81.7748 -0.95 16.3125
    endloop
  endfacet
  facet normal 0 -1 0
    outer loop
      vertex 83.1971 -0.95 17.1398
      vertex 83.2363 -0.95 16.3508
      vertex 83.9182 -0.95 16.6112
    endloop
  endfacet
  facet normal 0 -1 0
    outer loop
      vertex 82.0096 -0.95 17.0306
      vertex 82.387 -0.95 16.264
      vertex 82.387 -0.95 16.9964
    endloop
  endfacet
  facet normal 0 -1 0
    outer loop
      vertex 83.5799 -0.95 17.3873
      vertex 83.9182 -0.95 16.6112
      vertex 84.4325 -0.95 17.0452
    endloop
  endfacet
  facet normal 0 -1 0
    outer loop
      vertex 82.349 -0.95 22.3508
      vertex 81.9959 -0.95 21.5996
      vertex 82.3328 -0.95 21.6293
    endloop
  endfacet
  facet normal 0 -1 0
    outer loop
      vertex 81.207 -0.95 21.1546
      vertex 80.781 -0.95 21.9144
      vertex 80.4041 -0.95 21.5751
    endloop
  endfacet
  facet normal 0 -1 0
    outer loop
      vertex 81.2308 -0.95 22.1569
      vertex 81.696 -0.95 21.5106
      vertex 81.9959 -0.95 21.5996
    endloop
  endfacet
  facet normal 0 -1 0
    outer loop
      vertex 81.2308 -0.95 22.1569
      vertex 81.433 -0.95 21.3623
      vertex 81.696 -0.95 21.5106
    endloop
  endfacet
  facet normal 0 -1 0
    outer loop
      vertex 80.781 -0.95 21.9144
      vertex 81.207 -0.95 21.1546
      vertex 81.433 -0.95 21.3623
    endloop
  endfacet
  facet normal 0 -1 0
    outer loop
      vertex 81.0234 -0.95 20.895
      vertex 80.4041 -0.95 21.5751
      vertex 80.1063 -0.95 21.1448
    endloop
  endfacet
  facet normal 0 -1 0
    outer loop
      vertex 80.4041 -0.95 21.5751
      vertex 81.0234 -0.95 20.895
      vertex 81.207 -0.95 21.1546
    endloop
  endfacet
  facet normal 0 -1 0
    outer loop
      vertex 80.8876 -0.95 20.5911
      vertex 80.1063 -0.95 21.1448
      vertex 79.8935 -0.95 20.6297
    endloop
  endfacet
  facet normal 0 -1 0
    outer loop
      vertex 80.1063 -0.95 21.1448
      vertex 80.8876 -0.95 20.5911
      vertex 81.0234 -0.95 20.895
    endloop
  endfacet
  facet normal 0 -1 0
    outer loop
      vertex 79.8935 -0.95 20.6297
      vertex 80.7997 -0.95 20.2427
      vertex 80.8876 -0.95 20.5911
    endloop
  endfacet
  facet normal 0 -1 0
    outer loop
      vertex 79.7659 -0.95 20.03
      vertex 80.7997 -0.95 20.2427
      vertex 79.8935 -0.95 20.6297
    endloop
  endfacet
  facet normal 0 -1 0
    outer loop
      vertex 79.7659 -0.95 20.03
      vertex 80.7595 -0.95 19.8499
      vertex 80.7997 -0.95 20.2427
    endloop
  endfacet
  facet normal 0 -1 0
    outer loop
      vertex 80.7486 -0.95 19.1013
      vertex 80.7595 -0.95 19.8499
      vertex 79.7233 -0.95 19.3454
    endloop
  endfacet
  facet normal 0 -1 0
    outer loop
      vertex 79.7233 -0.95 19.3454
      vertex 80.7595 -0.95 19.8499
      vertex 79.7659 -0.95 20.03
    endloop
  endfacet
  facet normal 0 -1 0
    outer loop
      vertex 81.9959 -0.95 21.5996
      vertex 81.7534 -0.95 22.3023
      vertex 81.2308 -0.95 22.1569
    endloop
  endfacet
  facet normal 0 -1 0
    outer loop
      vertex 81.9959 -0.95 21.5996
      vertex 82.349 -0.95 22.3508
      vertex 81.7534 -0.95 22.3023
    endloop
  endfacet
  facet normal 0 -1 0
    outer loop
      vertex 81.433 -0.95 21.3623
      vertex 81.2308 -0.95 22.1569
      vertex 80.781 -0.95 21.9144
    endloop
  endfacet
  facet normal 0 -1 0
    outer loop
      vertex 82.6776 -0.95 21.6027
      vertex 82.349 -0.95 22.3508
      vertex 82.3328 -0.95 21.6293
    endloop
  endfacet
  facet normal 0 -1 0
    outer loop
      vertex 82.349 -0.95 22.3508
      vertex 82.6776 -0.95 21.6027
      vertex 83.4811 -0.95 22.1559
    endloop
  endfacet
  facet normal 0 -1 0
    outer loop
      vertex 82.9796 -0.95 21.5228
      vertex 83.4811 -0.95 22.1559
      vertex 82.6776 -0.95 21.6027
    endloop
  endfacet
  facet normal 0 -1 0
    outer loop
      vertex 83.239 -0.95 21.3898
      vertex 83.4811 -0.95 22.1559
      vertex 82.9796 -0.95 21.5228
    endloop
  endfacet
  facet normal 0 -1 0
    outer loop
      vertex 83.4556 -0.95 21.2034
      vertex 83.4811 -0.95 22.1559
      vertex 83.239 -0.95 21.3898
    endloop
  endfacet
  facet normal 0 -1 -0
    outer loop
      vertex 83.4811 -0.95 22.1559
      vertex 83.4556 -0.95 21.2034
      vertex 84.2898 -0.95 21.571
    endloop
  endfacet
  facet normal 0 -1 0
    outer loop
      vertex 83.6316 -0.95 20.9592
      vertex 84.2898 -0.95 21.571
      vertex 83.4556 -0.95 21.2034
    endloop
  endfacet
  facet normal 0 -1 0
    outer loop
      vertex 83.769 -0.95 20.6521
      vertex 84.2898 -0.95 21.571
      vertex 83.6316 -0.95 20.9592
    endloop
  endfacet
  facet normal 0 -1 0
    outer loop
      vertex 83.769 -0.95 20.6521
      vertex 84.775 -0.95 20.5962
      vertex 84.2898 -0.95 21.571
    endloop
  endfacet
  facet normal 0 -1 0
    outer loop
      vertex 83.8676 -0.95 20.2824
      vertex 84.775 -0.95 20.5962
      vertex 83.769 -0.95 20.6521
    endloop
  endfacet
  facet normal 0 -1 0
    outer loop
      vertex 83.9276 -0.95 19.8499
      vertex 84.775 -0.95 20.5962
      vertex 83.8676 -0.95 20.2824
    endloop
  endfacet
  facet normal 0 -1 0
    outer loop
      vertex 83.9276 -0.95 19.8499
      vertex 84.9368 -0.95 19.2315
      vertex 84.775 -0.95 20.5962
    endloop
  endfacet
  facet normal 0 -1 -0
    outer loop
      vertex 80.7595 -0.95 19.8499
      vertex 80.7486 -0.95 19.1013
      vertex 83.9276 -0.95 19.8499
    endloop
  endfacet
  facet normal 0 -1 0
    outer loop
      vertex 84.9368 -0.95 19.1013
      vertex 83.9276 -0.95 19.8499
      vertex 80.7486 -0.95 19.1013
    endloop
  endfacet
  facet normal 0 -1 0
    outer loop
      vertex 79.7659 -0.95 18.6276
      vertex 80.7486 -0.95 19.1013
      vertex 79.7233 -0.95 19.3454
    endloop
  endfacet
  facet normal 0 -1 0
    outer loop
      vertex 79.7659 -0.95 18.6276
      vertex 80.7747 -0.95 18.6256
      vertex 80.7486 -0.95 19.1013
    endloop
  endfacet
  facet normal 0 -1 0
    outer loop
      vertex 79.8935 -0.95 18.0041
      vertex 80.7747 -0.95 18.6256
      vertex 79.7659 -0.95 18.6276
    endloop
  endfacet
  facet normal 0 -1 -0
    outer loop
      vertex 80.7747 -0.95 18.6256
      vertex 79.8935 -0.95 18.0041
      vertex 80.853 -0.95 18.2075
    endloop
  endfacet
  facet normal 0 -1 0
    outer loop
      vertex 80.1063 -0.95 17.4748
      vertex 80.853 -0.95 18.2075
      vertex 79.8935 -0.95 18.0041
    endloop
  endfacet
  facet normal 0 -1 -0
    outer loop
      vertex 80.853 -0.95 18.2075
      vertex 80.1063 -0.95 17.4748
      vertex 80.9836 -0.95 17.8471
    endloop
  endfacet
  facet normal 0 -1 0
    outer loop
      vertex 80.4041 -0.95 17.0398
      vertex 80.9836 -0.95 17.8471
      vertex 80.1063 -0.95 17.4748
    endloop
  endfacet
  facet normal 0 -1 -0
    outer loop
      vertex 80.9836 -0.95 17.8471
      vertex 80.4041 -0.95 17.0398
      vertex 81.1663 -0.95 17.5443
    endloop
  endfacet
  facet normal 0 -1 0
    outer loop
      vertex 80.7834 -0.95 16.7004
      vertex 81.1663 -0.95 17.5443
      vertex 80.4041 -0.95 17.0398
    endloop
  endfacet
  facet normal 0 -1 -0
    outer loop
      vertex 81.1663 -0.95 17.5443
      vertex 80.7834 -0.95 16.7004
      vertex 81.3992 -0.95 17.3046
    endloop
  endfacet
  facet normal 0 -1 0
    outer loop
      vertex 81.2403 -0.95 16.458
      vertex 81.3992 -0.95 17.3046
      vertex 80.7834 -0.95 16.7004
    endloop
  endfacet
  facet normal 0 -1 -0
    outer loop
      vertex 81.3992 -0.95 17.3046
      vertex 81.2403 -0.95 16.458
      vertex 81.6803 -0.95 17.1333
    endloop
  endfacet
  facet normal 0 -1 0
    outer loop
      vertex 81.7748 -0.95 16.3125
      vertex 81.6803 -0.95 17.1333
      vertex 81.2403 -0.95 16.458
    endloop
  endfacet
  facet normal 0 -1 0
    outer loop
      vertex 30.587 -0.95 21.5537
      vertex 30.9752 -0.95 22.3508
      vertex 30.4029 -0.95 22.3022
    endloop
  endfacet
  facet normal 0 -1 0
    outer loop
      vertex 31.2166 -0.95 21.568
      vertex 30.9752 -0.95 22.3508
      vertex 30.9481 -0.95 21.5859
    endloop
  endfacet
  facet normal 0 -1 0
    outer loop
      vertex 30.2794 -0.95 21.4571
      vertex 30.4029 -0.95 22.3022
      vertex 29.9011 -0.95 22.1562
    endloop
  endfacet
  facet normal 0 -1 0
    outer loop
      vertex 30.9752 -0.95 22.3508
      vertex 31.2166 -0.95 21.568
      vertex 31.4063 -0.95 22.3217
    endloop
  endfacet
  facet normal 0 -1 0
    outer loop
      vertex 30.0255 -0.95 21.296
      vertex 29.9011 -0.95 22.1562
      vertex 29.4698 -0.95 21.9129
    endloop
  endfacet
  facet normal 0 -1 0
    outer loop
      vertex 31.4526 -0.95 21.5141
      vertex 31.4063 -0.95 22.3217
      vertex 31.2166 -0.95 21.568
    endloop
  endfacet
  facet normal 0 -1 0
    outer loop
      vertex 31.4063 -0.95 22.3217
      vertex 31.4526 -0.95 21.5141
      vertex 31.7991 -0.95 22.2342
    endloop
  endfacet
  facet normal 0 -1 0
    outer loop
      vertex 31.656 -0.95 21.4242
      vertex 31.7991 -0.95 22.2342
      vertex 31.4526 -0.95 21.5141
    endloop
  endfacet
  facet normal 0 -1 0
    outer loop
      vertex 29.8251 -0.95 21.0705
      vertex 29.4698 -0.95 21.9129
      vertex 29.109 -0.95 21.5723
    endloop
  endfacet
  facet normal 0 -1 0
    outer loop
      vertex 30.9752 -0.95 22.3508
      vertex 30.587 -0.95 21.5537
      vertex 30.9481 -0.95 21.5859
    endloop
  endfacet
  facet normal 0 -1 -0
    outer loop
      vertex 30.4029 -0.95 22.3022
      vertex 30.2794 -0.95 21.4571
      vertex 30.587 -0.95 21.5537
    endloop
  endfacet
  facet normal 0 -1 0
    outer loop
      vertex 29.9011 -0.95 22.1562
      vertex 30.0255 -0.95 21.296
      vertex 30.2794 -0.95 21.4571
    endloop
  endfacet
  facet normal 0 -1 0
    outer loop
      vertex 29.6732 -0.95 20.7687
      vertex 29.109 -0.95 21.5723
      vertex 28.8242 -0.95 21.1392
    endloop
  endfacet
  facet normal 0 -1 0
    outer loop
      vertex 29.4698 -0.95 21.9129
      vertex 29.8251 -0.95 21.0705
      vertex 30.0255 -0.95 21.296
    endloop
  endfacet
  facet normal 0 -1 0
    outer loop
      vertex 29.109 -0.95 21.5723
      vertex 29.6732 -0.95 20.7687
      vertex 29.8251 -0.95 21.0705
    endloop
  endfacet
  facet normal 0 -1 0
    outer loop
      vertex 28.6208 -0.95 20.6182
      vertex 29.6732 -0.95 20.7687
      vertex 28.8242 -0.95 21.1392
    endloop
  endfacet
  facet normal 0 -1 0
    outer loop
      vertex 28.6208 -0.95 20.6182
      vertex 29.5647 -0.95 20.3788
      vertex 29.6732 -0.95 20.7687
    endloop
  endfacet
  facet normal 0 -1 0
    outer loop
      vertex 28.4987 -0.95 20.0094
      vertex 29.5647 -0.95 20.3788
      vertex 28.6208 -0.95 20.6182
    endloop
  endfacet
  facet normal 0 -1 0
    outer loop
      vertex 28.4987 -0.95 20.0094
      vertex 29.4996 -0.95 19.9008
      vertex 29.5647 -0.95 20.3788
    endloop
  endfacet
  facet normal 0 -1 0
    outer loop
      vertex 28.4987 -0.95 20.0094
      vertex 29.4779 -0.95 19.3346
      vertex 29.4996 -0.95 19.9008
    endloop
  endfacet
  facet normal 0 -1 0
    outer loop
      vertex 28.458 -0.95 19.3128
      vertex 29.4779 -0.95 19.3346
      vertex 28.4987 -0.95 20.0094
    endloop
  endfacet
  facet normal 0 -1 0
    outer loop
      vertex 28.458 -0.95 19.3128
      vertex 29.5009 -0.95 18.7866
      vertex 29.4779 -0.95 19.3346
    endloop
  endfacet
  facet normal 0 -1 0
    outer loop
      vertex 28.4985 -0.95 18.6115
      vertex 29.5009 -0.95 18.7866
      vertex 28.458 -0.95 19.3128
    endloop
  endfacet
  facet normal 0 -1 0
    outer loop
      vertex 28.4985 -0.95 18.6115
      vertex 29.5701 -0.95 18.3147
      vertex 29.5009 -0.95 18.7866
    endloop
  endfacet
  facet normal 0 -1 0
    outer loop
      vertex 28.6201 -0.95 17.9993
      vertex 29.5701 -0.95 18.3147
      vertex 28.4985 -0.95 18.6115
    endloop
  endfacet
  facet normal 0 -1 0
    outer loop
      vertex 28.6201 -0.95 17.9993
      vertex 29.6854 -0.95 17.9186
      vertex 29.5701 -0.95 18.3147
    endloop
  endfacet
  facet normal 0 -1 0
    outer loop
      vertex 28.8227 -0.95 17.4763
      vertex 29.6854 -0.95 17.9186
      vertex 28.6201 -0.95 17.9993
    endloop
  endfacet
  facet normal 0 -1 -0
    outer loop
      vertex 29.6854 -0.95 17.9186
      vertex 28.8227 -0.95 17.4763
      vertex 29.8467 -0.95 17.5985
    endloop
  endfacet
  facet normal 0 -1 0
    outer loop
      vertex 29.1063 -0.95 17.0425
      vertex 29.8467 -0.95 17.5985
      vertex 28.8227 -0.95 17.4763
    endloop
  endfacet
  facet normal 0 -1 0
    outer loop
      vertex 29.4669 -0.95 16.7019
      vertex 29.8467 -0.95 17.5985
      vertex 29.1063 -0.95 17.0425
    endloop
  endfacet
  facet normal 0 -1 -0
    outer loop
      vertex 29.8467 -0.95 17.5985
      vertex 29.4669 -0.95 16.7019
      vertex 30.0546 -0.95 17.3517
    endloop
  endfacet
  facet normal 0 -1 0
    outer loop
      vertex 29.9004 -0.95 16.4586
      vertex 30.0546 -0.95 17.3517
      vertex 29.4669 -0.95 16.7019
    endloop
  endfacet
  facet normal 0 -1 -0
    outer loop
      vertex 30.0546 -0.95 17.3517
      vertex 29.9004 -0.95 16.4586
      vertex 30.3093 -0.95 17.1754
    endloop
  endfacet
  facet normal 0 -1 0
    outer loop
      vertex 30.4068 -0.95 16.3127
      vertex 30.3093 -0.95 17.1754
      vertex 29.9004 -0.95 16.4586
    endloop
  endfacet
  facet normal 0 -1 0
    outer loop
      vertex 30.3093 -0.95 17.1754
      vertex 30.4068 -0.95 16.3127
      vertex 30.6107 -0.95 17.0696
    endloop
  endfacet
  facet normal -0 -1 0
    outer loop
      vertex 31.4322 -0.95 16.2956
      vertex 30.9589 -0.95 17.0343
      vertex 30.986 -0.95 16.264
    endloop
  endfacet
  facet normal 0 -1 0
    outer loop
      vertex 30.986 -0.95 16.264
      vertex 30.6107 -0.95 17.0696
      vertex 30.4068 -0.95 16.3127
    endloop
  endfacet
  facet normal -0 -1 0
    outer loop
      vertex 31.8378 -0.95 16.3902
      vertex 30.9589 -0.95 17.0343
      vertex 31.4322 -0.95 16.2956
    endloop
  endfacet
  facet normal 0 -1 0
    outer loop
      vertex 30.6107 -0.95 17.0696
      vertex 30.986 -0.95 16.264
      vertex 30.9589 -0.95 17.0343
    endloop
  endfacet
  facet normal -0 -1 0
    outer loop
      vertex 32.2026 -0.95 16.5478
      vertex 30.9589 -0.95 17.0343
      vertex 31.8378 -0.95 16.3902
    endloop
  endfacet
  facet normal 0 -1 0
    outer loop
      vertex 30.9589 -0.95 17.0343
      vertex 32.2026 -0.95 16.5478
      vertex 32.5267 -0.95 16.7685
    endloop
  endfacet
  facet normal 0 -1 -0
    outer loop
      vertex 31.7991 -0.95 22.2342
      vertex 31.656 -0.95 21.4242
      vertex 32.1536 -0.95 22.0884
    endloop
  endfacet
  facet normal 0 -1 0
    outer loop
      vertex 31.8269 -0.95 21.2984
      vertex 32.1536 -0.95 22.0884
      vertex 31.656 -0.95 21.4242
    endloop
  endfacet
  facet normal 0 -1 -0
    outer loop
      vertex 32.1536 -0.95 22.0884
      vertex 31.8269 -0.95 21.2984
      vertex 32.4698 -0.95 21.8842
    endloop
  endfacet
  facet normal 0 -1 0
    outer loop
      vertex 31.967 -0.95 21.1421
      vertex 32.4698 -0.95 21.8842
      vertex 31.8269 -0.95 21.2984
    endloop
  endfacet
  facet normal 0 -1 -0
    outer loop
      vertex 32.4698 -0.95 21.8842
      vertex 31.967 -0.95 21.1421
      vertex 32.7392 -0.95 21.629
    endloop
  endfacet
  facet normal 0 -1 0
    outer loop
      vertex 32.0779 -0.95 20.9607
      vertex 32.7392 -0.95 21.629
      vertex 31.967 -0.95 21.1421
    endloop
  endfacet
  facet normal 0 -1 -0
    outer loop
      vertex 32.7392 -0.95 21.629
      vertex 32.0779 -0.95 20.9607
      vertex 32.9533 -0.95 21.3296
    endloop
  endfacet
  facet normal 0 -1 0
    outer loop
      vertex 32.1596 -0.95 20.7542
      vertex 32.9533 -0.95 21.3296
      vertex 32.0779 -0.95 20.9607
    endloop
  endfacet
  facet normal 0 -1 -0
    outer loop
      vertex 32.9533 -0.95 21.3296
      vertex 32.1596 -0.95 20.7542
      vertex 33.1121 -0.95 20.9861
    endloop
  endfacet
  facet normal 0 -1 0
    outer loop
      vertex 32.2121 -0.95 20.5227
      vertex 33.1121 -0.95 20.9861
      vertex 32.1596 -0.95 20.7542
    endloop
  endfacet
  facet normal 0 -1 -0
    outer loop
      vertex 33.1121 -0.95 20.9861
      vertex 32.2121 -0.95 20.5227
      vertex 33.2157 -0.95 20.5986
    endloop
  endfacet
  facet normal 0 -1 0
    outer loop
      vertex 33.1604 -0.95 17.7176
      vertex 32.2609 -0.95 18.1844
      vertex 32.2034 -0.95 17.9105
    endloop
  endfacet
  facet normal 0 -1 0
    outer loop
      vertex 32.2609 -0.95 18.1844
      vertex 33.1604 -0.95 17.7176
      vertex 33.2483 -0.95 18.1194
    endloop
  endfacet
  facet normal 0 -1 0
    outer loop
      vertex 33.0109 -0.95 17.3585
      vertex 32.2034 -0.95 17.9105
      vertex 32.1124 -0.95 17.6745
    endloop
  endfacet
  facet normal 0 -1 0
    outer loop
      vertex 32.7997 -0.95 17.0421
      vertex 32.1124 -0.95 17.6745
      vertex 31.9878 -0.95 17.4765
    endloop
  endfacet
  facet normal 0 -1 0
    outer loop
      vertex 32.2034 -0.95 17.9105
      vertex 33.0109 -0.95 17.3585
      vertex 33.1604 -0.95 17.7176
    endloop
  endfacet
  facet normal 0 -1 0
    outer loop
      vertex 32.5267 -0.95 16.7685
      vertex 31.9878 -0.95 17.4765
      vertex 31.8296 -0.95 17.3164
    endloop
  endfacet
  facet normal 0 -1 0
    outer loop
      vertex 32.5267 -0.95 16.7685
      vertex 31.8296 -0.95 17.3164
      vertex 31.644 -0.95 17.193
    endloop
  endfacet
  facet normal 0 -1 0
    outer loop
      vertex 32.5267 -0.95 16.7685
      vertex 31.644 -0.95 17.193
      vertex 31.437 -0.95 17.1049
    endloop
  endfacet
  facet normal 0 -1 0
    outer loop
      vertex 32.5267 -0.95 16.7685
      vertex 31.437 -0.95 17.1049
      vertex 31.2086 -0.95 17.052
    endloop
  endfacet
  facet normal 0 -1 0
    outer loop
      vertex 32.1124 -0.95 17.6745
      vertex 32.7997 -0.95 17.0421
      vertex 33.0109 -0.95 17.3585
    endloop
  endfacet
  facet normal 0 -1 0
    outer loop
      vertex 32.5267 -0.95 16.7685
      vertex 31.2086 -0.95 17.052
      vertex 30.9589 -0.95 17.0343
    endloop
  endfacet
  facet normal 0 -1 0
    outer loop
      vertex 31.9878 -0.95 17.4765
      vertex 32.5267 -0.95 16.7685
      vertex 32.7997 -0.95 17.0421
    endloop
  endfacet
  facet normal 0 -1 0
    outer loop
      vertex 65.2658 -0.95 21.5949
      vertex 65.4827 -0.95 22.3045
      vertex 64.8544 -0.95 22.3508
    endloop
  endfacet
  facet normal 0 -1 0
    outer loop
      vertex 64.4717 -0.95 21.5942
      vertex 64.8544 -0.95 22.3508
      vertex 63.7033 -0.95 22.1609
    endloop
  endfacet
  facet normal 0 -1 0
    outer loop
      vertex 65.2658 -0.95 21.5949
      vertex 64.8544 -0.95 22.3508
      vertex 64.8706 -0.95 21.6293
    endloop
  endfacet
  facet normal 0 -1 0
    outer loop
      vertex 65.5996 -0.95 21.4916
      vertex 65.4827 -0.95 22.3045
      vertex 65.2658 -0.95 21.5949
    endloop
  endfacet
  facet normal 0 -1 -0
    outer loop
      vertex 64.8544 -0.95 22.3508
      vertex 64.4717 -0.95 21.5942
      vertex 64.8706 -0.95 21.6293
    endloop
  endfacet
  facet normal 0 -1 0
    outer loop
      vertex 63.8519 -0.95 21.3134
      vertex 63.7033 -0.95 22.1609
      vertex 62.8811 -0.95 21.5913
    endloop
  endfacet
  facet normal 0 -1 0
    outer loop
      vertex 63.7033 -0.95 22.1609
      vertex 64.1322 -0.95 21.4889
      vertex 64.4717 -0.95 21.5942
    endloop
  endfacet
  facet normal 0 -1 0
    outer loop
      vertex 63.7033 -0.95 22.1609
      vertex 63.8519 -0.95 21.3134
      vertex 64.1322 -0.95 21.4889
    endloop
  endfacet
  facet normal 0 -1 0
    outer loop
      vertex 62.8811 -0.95 21.5913
      vertex 63.631 -0.95 21.0678
      vertex 63.8519 -0.95 21.3134
    endloop
  endfacet
  facet normal 0 -1 0
    outer loop
      vertex 62.8811 -0.95 21.5913
      vertex 63.4637 -0.95 20.7475
      vertex 63.631 -0.95 21.0678
    endloop
  endfacet
  facet normal 0 -1 0
    outer loop
      vertex 62.3877 -0.95 20.6419
      vertex 63.4637 -0.95 20.7475
      vertex 62.8811 -0.95 21.5913
    endloop
  endfacet
  facet normal 0 -1 0
    outer loop
      vertex 62.3877 -0.95 20.6419
      vertex 63.3442 -0.95 20.3483
      vertex 63.4637 -0.95 20.7475
    endloop
  endfacet
  facet normal 0 -1 0
    outer loop
      vertex 62.3877 -0.95 20.6419
      vertex 63.2725 -0.95 19.8701
      vertex 63.3442 -0.95 20.3483
    endloop
  endfacet
  facet normal 0 -1 0
    outer loop
      vertex 62.2233 -0.95 19.3128
      vertex 63.2725 -0.95 19.8701
      vertex 62.3877 -0.95 20.6419
    endloop
  endfacet
  facet normal 0 -1 0
    outer loop
      vertex 62.2233 -0.95 19.3128
      vertex 63.2486 -0.95 19.3128
      vertex 63.2725 -0.95 19.8701
    endloop
  endfacet
  facet normal 0 -1 0
    outer loop
      vertex 62.2233 -0.95 19.3128
      vertex 63.2721 -0.95 18.7685
      vertex 63.2486 -0.95 19.3128
    endloop
  endfacet
  facet normal 0 -1 0
    outer loop
      vertex 62.2643 -0.95 18.6159
      vertex 63.2721 -0.95 18.7685
      vertex 62.2233 -0.95 19.3128
    endloop
  endfacet
  facet normal 0 -1 0
    outer loop
      vertex 62.2643 -0.95 18.6159
      vertex 63.3428 -0.95 18.2964
      vertex 63.2721 -0.95 18.7685
    endloop
  endfacet
  facet normal 0 -1 0
    outer loop
      vertex 62.3874 -0.95 18.0061
      vertex 63.3428 -0.95 18.2964
      vertex 62.2643 -0.95 18.6159
    endloop
  endfacet
  facet normal 0 -1 0
    outer loop
      vertex 62.3874 -0.95 18.0061
      vertex 63.4606 -0.95 17.8965
      vertex 63.3428 -0.95 18.2964
    endloop
  endfacet
  facet normal 0 -1 0
    outer loop
      vertex 62.5925 -0.95 17.4835
      vertex 63.4606 -0.95 17.8965
      vertex 62.3874 -0.95 18.0061
    endloop
  endfacet
  facet normal 0 -1 -0
    outer loop
      vertex 63.4606 -0.95 17.8965
      vertex 62.5925 -0.95 17.4835
      vertex 63.6256 -0.95 17.5687
    endloop
  endfacet
  facet normal 0 -1 0
    outer loop
      vertex 62.8797 -0.95 17.0479
      vertex 63.6256 -0.95 17.5687
      vertex 62.5925 -0.95 17.4835
    endloop
  endfacet
  facet normal 0 -1 0
    outer loop
      vertex 63.2472 -0.95 16.705
      vertex 63.6256 -0.95 17.5687
      vertex 62.8797 -0.95 17.0479
    endloop
  endfacet
  facet normal 0 -1 -0
    outer loop
      vertex 63.6256 -0.95 17.5687
      vertex 63.2472 -0.95 16.705
      vertex 63.8411 -0.95 17.3136
    endloop
  endfacet
  facet normal 0 -1 0
    outer loop
      vertex 63.6935 -0.95 16.46
      vertex 63.8411 -0.95 17.3136
      vertex 63.2472 -0.95 16.705
    endloop
  endfacet
  facet normal 0 -1 -0
    outer loop
      vertex 63.8411 -0.95 17.3136
      vertex 63.6935 -0.95 16.46
      vertex 64.1105 -0.95 17.1313
    endloop
  endfacet
  facet normal 0 -1 0
    outer loop
      vertex 64.2183 -0.95 16.313
      vertex 64.1105 -0.95 17.1313
      vertex 63.6935 -0.95 16.46
    endloop
  endfacet
  facet normal 0 -1 0
    outer loop
      vertex 65.4827 -0.95 22.3045
      vertex 65.5996 -0.95 21.4916
      vertex 66.0221 -0.95 22.1657
    endloop
  endfacet
  facet normal 0 -1 0
    outer loop
      vertex 65.8721 -0.95 21.3196
      vertex 66.0221 -0.95 22.1657
      vertex 65.5996 -0.95 21.4916
    endloop
  endfacet
  facet normal 0 -1 -0
    outer loop
      vertex 66.0221 -0.95 22.1657
      vertex 65.8721 -0.95 21.3196
      vertex 66.4727 -0.95 21.9343
    endloop
  endfacet
  facet normal 0 -1 0
    outer loop
      vertex 66.0831 -0.95 21.0787
      vertex 66.4727 -0.95 21.9343
      vertex 65.8721 -0.95 21.3196
    endloop
  endfacet
  facet normal 0 -1 -0
    outer loop
      vertex 66.4727 -0.95 21.9343
      vertex 66.0831 -0.95 21.0787
      vertex 66.8345 -0.95 21.6103
    endloop
  endfacet
  facet normal 0 -1 -0
    outer loop
      vertex 66.8345 -0.95 21.6103
      vertex 66.0831 -0.95 21.0787
      vertex 67.1122 -0.95 21.1891
    endloop
  endfacet
  facet normal 0 -1 0
    outer loop
      vertex 66.241 -0.95 20.7618
      vertex 67.1122 -0.95 21.1891
      vertex 66.0831 -0.95 21.0787
    endloop
  endfacet
  facet normal 0 -1 0
    outer loop
      vertex 66.241 -0.95 20.7618
      vertex 67.3106 -0.95 20.6657
      vertex 67.1122 -0.95 21.1891
    endloop
  endfacet
  facet normal 0 -1 0
    outer loop
      vertex 66.3537 -0.95 20.3619
      vertex 67.3106 -0.95 20.6657
      vertex 66.241 -0.95 20.7618
    endloop
  endfacet
  facet normal 0 -1 0
    outer loop
      vertex 66.3537 -0.95 20.3619
      vertex 67.4296 -0.95 20.0403
      vertex 67.3106 -0.95 20.6657
    endloop
  endfacet
  facet normal 0 -1 0
    outer loop
      vertex 66.4214 -0.95 19.8789
      vertex 67.4296 -0.95 20.0403
      vertex 66.3537 -0.95 20.3619
    endloop
  endfacet
  facet normal 0 -1 0
    outer loop
      vertex 67.4693 -0.95 19.3128
      vertex 66.4214 -0.95 19.8789
      vertex 66.4439 -0.95 19.3128
    endloop
  endfacet
  facet normal 0 -1 0
    outer loop
      vertex 66.4214 -0.95 19.8789
      vertex 67.4693 -0.95 19.3128
      vertex 67.4296 -0.95 20.0403
    endloop
  endfacet
  facet normal 0 -1 0
    outer loop
      vertex 66.4203 -0.95 18.7531
      vertex 67.4693 -0.95 19.3128
      vertex 66.4439 -0.95 19.3128
    endloop
  endfacet
  facet normal 0 -1 0
    outer loop
      vertex 66.4203 -0.95 18.7531
      vertex 67.4269 -0.95 18.5917
      vertex 67.4693 -0.95 19.3128
    endloop
  endfacet
  facet normal 0 -1 0
    outer loop
      vertex 66.3497 -0.95 18.2726
      vertex 67.4269 -0.95 18.5917
      vertex 66.4203 -0.95 18.7531
    endloop
  endfacet
  facet normal 0 -1 0
    outer loop
      vertex 66.3497 -0.95 18.2726
      vertex 67.2997 -0.95 17.9688
      vertex 67.4269 -0.95 18.5917
    endloop
  endfacet
  facet normal 0 -1 0
    outer loop
      vertex 66.2318 -0.95 17.8715
      vertex 67.2997 -0.95 17.9688
      vertex 66.3497 -0.95 18.2726
    endloop
  endfacet
  facet normal 0 -1 0
    outer loop
      vertex 67.0878 -0.95 17.4443
      vertex 66.2318 -0.95 17.8715
      vertex 66.0669 -0.95 17.5497
    endloop
  endfacet
  facet normal 0 -1 0
    outer loop
      vertex 66.2318 -0.95 17.8715
      vertex 67.0878 -0.95 17.4443
      vertex 67.2997 -0.95 17.9688
    endloop
  endfacet
  facet normal 0 -1 0
    outer loop
      vertex 66.4137 -0.95 16.6882
      vertex 66.0669 -0.95 17.5497
      vertex 65.847 -0.95 17.3029
    endloop
  endfacet
  facet normal 0 -1 0
    outer loop
      vertex 65.9597 -0.95 16.4525
      vertex 65.847 -0.95 17.3029
      vertex 65.5644 -0.95 17.1266
    endloop
  endfacet
  facet normal 0 -1 0
    outer loop
      vertex 65.4291 -0.95 16.3112
      vertex 65.5644 -0.95 17.1266
      vertex 65.219 -0.95 17.0208
    endloop
  endfacet
  facet normal 0 -1 0
    outer loop
      vertex 66.0669 -0.95 17.5497
      vertex 66.7911 -0.95 17.0181
      vertex 67.0878 -0.95 17.4443
    endloop
  endfacet
  facet normal 0 -1 0
    outer loop
      vertex 64.8218 -0.95 16.264
      vertex 65.219 -0.95 17.0208
      vertex 64.8109 -0.95 16.9855
    endloop
  endfacet
  facet normal 0 -1 0
    outer loop
      vertex 64.1105 -0.95 17.1313
      vertex 64.2183 -0.95 16.313
      vertex 64.4337 -0.95 17.022
    endloop
  endfacet
  facet normal 0 -1 -0
    outer loop
      vertex 65.219 -0.95 17.0208
      vertex 64.8218 -0.95 16.264
      vertex 65.4291 -0.95 16.3112
    endloop
  endfacet
  facet normal 0 -1 0
    outer loop
      vertex 64.8218 -0.95 16.264
      vertex 64.4337 -0.95 17.022
      vertex 64.2183 -0.95 16.313
    endloop
  endfacet
  facet normal 0 -1 -0
    outer loop
      vertex 65.5644 -0.95 17.1266
      vertex 65.4291 -0.95 16.3112
      vertex 65.9597 -0.95 16.4525
    endloop
  endfacet
  facet normal 0 -1 0
    outer loop
      vertex 64.4337 -0.95 17.022
      vertex 64.8218 -0.95 16.264
      vertex 64.8109 -0.95 16.9855
    endloop
  endfacet
  facet normal 0 -1 0
    outer loop
      vertex 65.847 -0.95 17.3029
      vertex 65.9597 -0.95 16.4525
      vertex 66.4137 -0.95 16.6882
    endloop
  endfacet
  facet normal 0 -1 0
    outer loop
      vertex 66.0669 -0.95 17.5497
      vertex 66.4137 -0.95 16.6882
      vertex 66.7911 -0.95 17.0181
    endloop
  endfacet
  facet normal 0 -1 0
    outer loop
      vertex 37.1693 -0.95 16.3725
      vertex 38.1459 -0.95 22.2423
      vertex 37.1693 -0.95 22.2423
    endloop
  endfacet
  facet normal 0 -1 -0
    outer loop
      vertex 38.1459 -0.95 22.2423
      vertex 37.1693 -0.95 16.3725
      vertex 38.1459 -0.95 16.3725
    endloop
  endfacet
  facet normal 0 -1 0
    outer loop
      vertex 42.3459 -0.95 21.5949
      vertex 42.5627 -0.95 22.3045
      vertex 41.9345 -0.95 22.3508
    endloop
  endfacet
  facet normal 0 -1 0
    outer loop
      vertex 41.5518 -0.95 21.5942
      vertex 41.9345 -0.95 22.3508
      vertex 40.7834 -0.95 22.1609
    endloop
  endfacet
  facet normal 0 -1 0
    outer loop
      vertex 42.3459 -0.95 21.5949
      vertex 41.9345 -0.95 22.3508
      vertex 41.9507 -0.95 21.6293
    endloop
  endfacet
  facet normal 0 -1 0
    outer loop
      vertex 42.6797 -0.95 21.4916
      vertex 42.5627 -0.95 22.3045
      vertex 42.3459 -0.95 21.5949
    endloop
  endfacet
  facet normal 0 -1 -0
    outer loop
      vertex 41.9345 -0.95 22.3508
      vertex 41.5518 -0.95 21.5942
      vertex 41.9507 -0.95 21.6293
    endloop
  endfacet
  facet normal 0 -1 0
    outer loop
      vertex 40.932 -0.95 21.3134
      vertex 40.7834 -0.95 22.1609
      vertex 39.9612 -0.95 21.5913
    endloop
  endfacet
  facet normal 0 -1 0
    outer loop
      vertex 40.7834 -0.95 22.1609
      vertex 41.2123 -0.95 21.4889
      vertex 41.5518 -0.95 21.5942
    endloop
  endfacet
  facet normal 0 -1 0
    outer loop
      vertex 40.7834 -0.95 22.1609
      vertex 40.932 -0.95 21.3134
      vertex 41.2123 -0.95 21.4889
    endloop
  endfacet
  facet normal 0 -1 0
    outer loop
      vertex 39.9612 -0.95 21.5913
      vertex 40.7111 -0.95 21.0678
      vertex 40.932 -0.95 21.3134
    endloop
  endfacet
  facet normal 0 -1 0
    outer loop
      vertex 39.9612 -0.95 21.5913
      vertex 40.5438 -0.95 20.7475
      vertex 40.7111 -0.95 21.0678
    endloop
  endfacet
  facet normal 0 -1 0
    outer loop
      vertex 39.4678 -0.95 20.6419
      vertex 40.5438 -0.95 20.7475
      vertex 39.9612 -0.95 21.5913
    endloop
  endfacet
  facet normal 0 -1 0
    outer loop
      vertex 39.4678 -0.95 20.6419
      vertex 40.4243 -0.95 20.3483
      vertex 40.5438 -0.95 20.7475
    endloop
  endfacet
  facet normal 0 -1 0
    outer loop
      vertex 39.4678 -0.95 20.6419
      vertex 40.3526 -0.95 19.8701
      vertex 40.4243 -0.95 20.3483
    endloop
  endfacet
  facet normal 0 -1 0
    outer loop
      vertex 39.3034 -0.95 19.3128
      vertex 40.3526 -0.95 19.8701
      vertex 39.4678 -0.95 20.6419
    endloop
  endfacet
  facet normal 0 -1 0
    outer loop
      vertex 39.3034 -0.95 19.3128
      vertex 40.3286 -0.95 19.3128
      vertex 40.3526 -0.95 19.8701
    endloop
  endfacet
  facet normal 0 -1 0
    outer loop
      vertex 39.3034 -0.95 19.3128
      vertex 40.3522 -0.95 18.7685
      vertex 40.3286 -0.95 19.3128
    endloop
  endfacet
  facet normal 0 -1 0
    outer loop
      vertex 39.3444 -0.95 18.6159
      vertex 40.3522 -0.95 18.7685
      vertex 39.3034 -0.95 19.3128
    endloop
  endfacet
  facet normal 0 -1 0
    outer loop
      vertex 39.3444 -0.95 18.6159
      vertex 40.4229 -0.95 18.2964
      vertex 40.3522 -0.95 18.7685
    endloop
  endfacet
  facet normal 0 -1 0
    outer loop
      vertex 39.4675 -0.95 18.0061
      vertex 40.4229 -0.95 18.2964
      vertex 39.3444 -0.95 18.6159
    endloop
  endfacet
  facet normal 0 -1 0
    outer loop
      vertex 39.4675 -0.95 18.0061
      vertex 40.5407 -0.95 17.8965
      vertex 40.4229 -0.95 18.2964
    endloop
  endfacet
  facet normal 0 -1 0
    outer loop
      vertex 39.6726 -0.95 17.4835
      vertex 40.5407 -0.95 17.8965
      vertex 39.4675 -0.95 18.0061
    endloop
  endfacet
  facet normal 0 -1 -0
    outer loop
      vertex 40.5407 -0.95 17.8965
      vertex 39.6726 -0.95 17.4835
      vertex 40.7057 -0.95 17.5687
    endloop
  endfacet
  facet normal 0 -1 0
    outer loop
      vertex 39.9598 -0.95 17.0479
      vertex 40.7057 -0.95 17.5687
      vertex 39.6726 -0.95 17.4835
    endloop
  endfacet
  facet normal 0 -1 0
    outer loop
      vertex 40.3273 -0.95 16.705
      vertex 40.7057 -0.95 17.5687
      vertex 39.9598 -0.95 17.0479
    endloop
  endfacet
  facet normal 0 -1 -0
    outer loop
      vertex 40.7057 -0.95 17.5687
      vertex 40.3273 -0.95 16.705
      vertex 40.9212 -0.95 17.3136
    endloop
  endfacet
  facet normal 0 -1 0
    outer loop
      vertex 40.7735 -0.95 16.46
      vertex 40.9212 -0.95 17.3136
      vertex 40.3273 -0.95 16.705
    endloop
  endfacet
  facet normal 0 -1 -0
    outer loop
      vertex 40.9212 -0.95 17.3136
      vertex 40.7735 -0.95 16.46
      vertex 41.1906 -0.95 17.1313
    endloop
  endfacet
  facet normal 0 -1 0
    outer loop
      vertex 41.2984 -0.95 16.313
      vertex 41.1906 -0.95 17.1313
      vertex 40.7735 -0.95 16.46
    endloop
  endfacet
  facet normal 0 -1 0
    outer loop
      vertex 42.5627 -0.95 22.3045
      vertex 42.6797 -0.95 21.4916
      vertex 43.1022 -0.95 22.1657
    endloop
  endfacet
  facet normal 0 -1 0
    outer loop
      vertex 42.9521 -0.95 21.3196
      vertex 43.1022 -0.95 22.1657
      vertex 42.6797 -0.95 21.4916
    endloop
  endfacet
  facet normal 0 -1 -0
    outer loop
      vertex 43.1022 -0.95 22.1657
      vertex 42.9521 -0.95 21.3196
      vertex 43.5528 -0.95 21.9343
    endloop
  endfacet
  facet normal 0 -1 0
    outer loop
      vertex 43.1632 -0.95 21.0787
      vertex 43.5528 -0.95 21.9343
      vertex 42.9521 -0.95 21.3196
    endloop
  endfacet
  facet normal 0 -1 -0
    outer loop
      vertex 43.5528 -0.95 21.9343
      vertex 43.1632 -0.95 21.0787
      vertex 43.9146 -0.95 21.6103
    endloop
  endfacet
  facet normal 0 -1 -0
    outer loop
      vertex 43.9146 -0.95 21.6103
      vertex 43.1632 -0.95 21.0787
      vertex 44.1923 -0.95 21.1891
    endloop
  endfacet
  facet normal 0 -1 0
    outer loop
      vertex 43.3211 -0.95 20.7618
      vertex 44.1923 -0.95 21.1891
      vertex 43.1632 -0.95 21.0787
    endloop
  endfacet
  facet normal 0 -1 0
    outer loop
      vertex 43.3211 -0.95 20.7618
      vertex 44.3907 -0.95 20.6657
      vertex 44.1923 -0.95 21.1891
    endloop
  endfacet
  facet normal 0 -1 0
    outer loop
      vertex 43.4338 -0.95 20.3619
      vertex 44.3907 -0.95 20.6657
      vertex 43.3211 -0.95 20.7618
    endloop
  endfacet
  facet normal 0 -1 0
    outer loop
      vertex 43.4338 -0.95 20.3619
      vertex 44.5097 -0.95 20.0403
      vertex 44.3907 -0.95 20.6657
    endloop
  endfacet
  facet normal 0 -1 0
    outer loop
      vertex 43.5014 -0.95 19.8789
      vertex 44.5097 -0.95 20.0403
      vertex 43.4338 -0.95 20.3619
    endloop
  endfacet
  facet normal 0 -1 0
    outer loop
      vertex 44.5494 -0.95 19.3128
      vertex 43.5014 -0.95 19.8789
      vertex 43.524 -0.95 19.3128
    endloop
  endfacet
  facet normal 0 -1 0
    outer loop
      vertex 43.5014 -0.95 19.8789
      vertex 44.5494 -0.95 19.3128
      vertex 44.5097 -0.95 20.0403
    endloop
  endfacet
  facet normal 0 -1 0
    outer loop
      vertex 43.5004 -0.95 18.7531
      vertex 44.5494 -0.95 19.3128
      vertex 43.524 -0.95 19.3128
    endloop
  endfacet
  facet normal 0 -1 0
    outer loop
      vertex 43.5004 -0.95 18.7531
      vertex 44.507 -0.95 18.5917
      vertex 44.5494 -0.95 19.3128
    endloop
  endfacet
  facet normal 0 -1 0
    outer loop
      vertex 43.4297 -0.95 18.2726
      vertex 44.507 -0.95 18.5917
      vertex 43.5004 -0.95 18.7531
    endloop
  endfacet
  facet normal 0 -1 0
    outer loop
      vertex 43.4297 -0.95 18.2726
      vertex 44.3798 -0.95 17.9688
      vertex 44.507 -0.95 18.5917
    endloop
  endfacet
  facet normal 0 -1 0
    outer loop
      vertex 43.3119 -0.95 17.8715
      vertex 44.3798 -0.95 17.9688
      vertex 43.4297 -0.95 18.2726
    endloop
  endfacet
  facet normal 0 -1 0
    outer loop
      vertex 44.1679 -0.95 17.4443
      vertex 43.3119 -0.95 17.8715
      vertex 43.147 -0.95 17.5497
    endloop
  endfacet
  facet normal 0 -1 0
    outer loop
      vertex 43.3119 -0.95 17.8715
      vertex 44.1679 -0.95 17.4443
      vertex 44.3798 -0.95 17.9688
    endloop
  endfacet
  facet normal 0 -1 0
    outer loop
      vertex 43.4938 -0.95 16.6882
      vertex 43.147 -0.95 17.5497
      vertex 42.9271 -0.95 17.3029
    endloop
  endfacet
  facet normal 0 -1 0
    outer loop
      vertex 43.0398 -0.95 16.4525
      vertex 42.9271 -0.95 17.3029
      vertex 42.6445 -0.95 17.1266
    endloop
  endfacet
  facet normal 0 -1 0
    outer loop
      vertex 42.5092 -0.95 16.3112
      vertex 42.6445 -0.95 17.1266
      vertex 42.2991 -0.95 17.0208
    endloop
  endfacet
  facet normal 0 -1 0
    outer loop
      vertex 43.147 -0.95 17.5497
      vertex 43.8712 -0.95 17.0181
      vertex 44.1679 -0.95 17.4443
    endloop
  endfacet
  facet normal 0 -1 0
    outer loop
      vertex 41.9019 -0.95 16.264
      vertex 42.2991 -0.95 17.0208
      vertex 41.891 -0.95 16.9855
    endloop
  endfacet
  facet normal 0 -1 0
    outer loop
      vertex 41.1906 -0.95 17.1313
      vertex 41.2984 -0.95 16.313
      vertex 41.5138 -0.95 17.022
    endloop
  endfacet
  facet normal 0 -1 -0
    outer loop
      vertex 42.2991 -0.95 17.0208
      vertex 41.9019 -0.95 16.264
      vertex 42.5092 -0.95 16.3112
    endloop
  endfacet
  facet normal 0 -1 0
    outer loop
      vertex 41.9019 -0.95 16.264
      vertex 41.5138 -0.95 17.022
      vertex 41.2984 -0.95 16.313
    endloop
  endfacet
  facet normal 0 -1 -0
    outer loop
      vertex 42.6445 -0.95 17.1266
      vertex 42.5092 -0.95 16.3112
      vertex 43.0398 -0.95 16.4525
    endloop
  endfacet
  facet normal 0 -1 0
    outer loop
      vertex 41.5138 -0.95 17.022
      vertex 41.9019 -0.95 16.264
      vertex 41.891 -0.95 16.9855
    endloop
  endfacet
  facet normal 0 -1 0
    outer loop
      vertex 42.9271 -0.95 17.3029
      vertex 43.0398 -0.95 16.4525
      vertex 43.4938 -0.95 16.6882
    endloop
  endfacet
  facet normal 0 -1 0
    outer loop
      vertex 43.147 -0.95 17.5497
      vertex 43.4938 -0.95 16.6882
      vertex 43.8712 -0.95 17.0181
    endloop
  endfacet
  facet normal 0 -1 0
    outer loop
      vertex 45.6235 -0.95 22.0786
      vertex 46.5315 -0.95 22.2423
      vertex 45.6093 -0.95 22.2423
    endloop
  endfacet
  facet normal 0 -1 -0
    outer loop
      vertex 46.5315 -0.95 22.2423
      vertex 45.6235 -0.95 22.0786
      vertex 46.5342 -0.95 22.223
    endloop
  endfacet
  facet normal 0 -1 -0
    outer loop
      vertex 46.5342 -0.95 22.223
      vertex 45.6235 -0.95 22.0786
      vertex 46.5369 -0.95 22.1922
    endloop
  endfacet
  facet normal 0 -1 -0
    outer loop
      vertex 46.5369 -0.95 22.1922
      vertex 45.6235 -0.95 22.0786
      vertex 46.5396 -0.95 22.1498
    endloop
  endfacet
  facet normal 0 -1 -0
    outer loop
      vertex 46.5396 -0.95 22.1498
      vertex 45.6235 -0.95 22.0786
      vertex 46.5423 -0.95 22.0959
    endloop
  endfacet
  facet normal 0 -1 0
    outer loop
      vertex 45.6235 -0.95 22.0786
      vertex 46.5452 -0.95 22.034
      vertex 46.5423 -0.95 22.0959
    endloop
  endfacet
  facet normal 0 -1 0
    outer loop
      vertex 45.6235 -0.95 22.0786
      vertex 46.5484 -0.95 21.9677
      vertex 46.5452 -0.95 22.034
    endloop
  endfacet
  facet normal 0 -1 0
    outer loop
      vertex 45.6336 -0.95 21.8151
      vertex 46.5484 -0.95 21.9677
      vertex 45.6235 -0.95 22.0786
    endloop
  endfacet
  facet normal 0 -1 -0
    outer loop
      vertex 46.5484 -0.95 21.9677
      vertex 45.6336 -0.95 21.8151
      vertex 46.552 -0.95 21.897
    endloop
  endfacet
  facet normal 0 -1 -0
    outer loop
      vertex 46.552 -0.95 21.897
      vertex 45.6336 -0.95 21.8151
      vertex 46.5559 -0.95 21.8219
    endloop
  endfacet
  facet normal 0 -1 0
    outer loop
      vertex 45.6336 -0.95 21.8151
      vertex 46.5601 -0.95 21.7274
      vertex 46.5559 -0.95 21.8219
    endloop
  endfacet
  facet normal 0 -1 0
    outer loop
      vertex 45.6336 -0.95 21.8151
      vertex 46.5647 -0.95 21.5988
      vertex 46.5601 -0.95 21.7274
    endloop
  endfacet
  facet normal 0 -1 0
    outer loop
      vertex 45.6397 -0.95 21.452
      vertex 46.5647 -0.95 21.5988
      vertex 45.6336 -0.95 21.8151
    endloop
  endfacet
  facet normal 0 -1 0
    outer loop
      vertex 45.6397 -0.95 21.452
      vertex 46.5696 -0.95 21.4359
      vertex 46.5647 -0.95 21.5988
    endloop
  endfacet
  facet normal 0 -1 0
    outer loop
      vertex 45.6397 -0.95 21.452
      vertex 46.5749 -0.95 21.2387
      vertex 46.5696 -0.95 21.4359
    endloop
  endfacet
  facet normal 0 -1 0
    outer loop
      vertex 46.8472 -0.95 20.8491
      vertex 46.5912 -0.95 21.2387
      vertex 46.5749 -0.95 21.2387
    endloop
  endfacet
  facet normal 0 -1 0
    outer loop
      vertex 45.6417 -0.95 20.9891
      vertex 46.5749 -0.95 21.2387
      vertex 45.6397 -0.95 21.452
    endloop
  endfacet
  facet normal 0 -1 0
    outer loop
      vertex 46.72 -0.95 20.5375
      vertex 46.5749 -0.95 21.2387
      vertex 45.6417 -0.95 20.9891
    endloop
  endfacet
  facet normal 0 -1 0
    outer loop
      vertex 46.5912 -0.95 21.2387
      vertex 46.8472 -0.95 20.8491
      vertex 47.0252 -0.95 21.1139
    endloop
  endfacet
  facet normal 0 -1 0
    outer loop
      vertex 46.5749 -0.95 21.2387
      vertex 46.72 -0.95 20.5375
      vertex 46.8472 -0.95 20.8491
    endloop
  endfacet
  facet normal 0 -1 0
    outer loop
      vertex 45.6417 -0.95 20.9891
      vertex 46.6437 -0.95 20.1792
      vertex 46.72 -0.95 20.5375
    endloop
  endfacet
  facet normal 0 -1 0
    outer loop
      vertex 45.6417 -0.95 20.9891
      vertex 46.6183 -0.95 19.7739
      vertex 46.6437 -0.95 20.1792
    endloop
  endfacet
  facet normal 0 -1 0
    outer loop
      vertex 45.6417 -0.95 16.3725
      vertex 46.6183 -0.95 19.7739
      vertex 45.6417 -0.95 20.9891
    endloop
  endfacet
  facet normal 0 -1 -0
    outer loop
      vertex 46.6183 -0.95 19.7739
      vertex 45.6417 -0.95 16.3725
      vertex 46.6183 -0.95 16.3725
    endloop
  endfacet
  facet normal 0 -1 -0
    outer loop
      vertex 47.8653 -0.95 22.2878
      vertex 47.8033 -0.95 21.5666
      vertex 48.1373 -0.95 21.5967
    endloop
  endfacet
  facet normal 0 -1 0
    outer loop
      vertex 47.2473 -0.95 21.3252
      vertex 46.9539 -0.95 21.7575
      vertex 46.7659 -0.95 21.5203
    endloop
  endfacet
  facet normal 0 -1 0
    outer loop
      vertex 47.1552 -0.95 21.9502
      vertex 47.5066 -0.95 21.476
      vertex 47.8033 -0.95 21.5666
    endloop
  endfacet
  facet normal 0 -1 0
    outer loop
      vertex 46.9539 -0.95 21.7575
      vertex 47.2473 -0.95 21.3252
      vertex 47.5066 -0.95 21.476
    endloop
  endfacet
  facet normal 0 -1 0
    outer loop
      vertex 47.0252 -0.95 21.1139
      vertex 46.7659 -0.95 21.5203
      vertex 46.5912 -0.95 21.2387
    endloop
  endfacet
  facet normal 0 -1 0
    outer loop
      vertex 46.7659 -0.95 21.5203
      vertex 47.0252 -0.95 21.1139
      vertex 47.2473 -0.95 21.3252
    endloop
  endfacet
  facet normal 0 -1 0
    outer loop
      vertex 48.3641 -0.95 21.5879
      vertex 48.4682 -0.95 22.3508
      vertex 48.1534 -0.95 22.3351
    endloop
  endfacet
  facet normal 0 -1 0
    outer loop
      vertex 48.1373 -0.95 21.5967
      vertex 48.1534 -0.95 22.3351
      vertex 47.8653 -0.95 22.2878
    endloop
  endfacet
  facet normal 0 -1 -0
    outer loop
      vertex 48.4682 -0.95 22.3508
      vertex 48.3641 -0.95 21.5879
      vertex 48.5617 -0.95 21.5615
    endloop
  endfacet
  facet normal 0 -1 0
    outer loop
      vertex 47.8033 -0.95 21.5666
      vertex 47.8653 -0.95 22.2878
      vertex 47.604 -0.95 22.2089
    endloop
  endfacet
  facet normal 0 -1 0
    outer loop
      vertex 47.8033 -0.95 21.5666
      vertex 47.604 -0.95 22.2089
      vertex 47.3696 -0.95 22.0986
    endloop
  endfacet
  facet normal 0 -1 0
    outer loop
      vertex 48.4682 -0.95 22.3508
      vertex 48.5617 -0.95 21.5615
      vertex 48.9186 -0.95 22.3208
    endloop
  endfacet
  facet normal 0 -1 0
    outer loop
      vertex 47.8033 -0.95 21.5666
      vertex 47.3696 -0.95 22.0986
      vertex 47.1552 -0.95 21.9502
    endloop
  endfacet
  facet normal 0 -1 -0
    outer loop
      vertex 48.1534 -0.95 22.3351
      vertex 48.1373 -0.95 21.5967
      vertex 48.3641 -0.95 21.5879
    endloop
  endfacet
  facet normal 0 -1 0
    outer loop
      vertex 47.5066 -0.95 21.476
      vertex 47.1552 -0.95 21.9502
      vertex 46.9539 -0.95 21.7575
    endloop
  endfacet
  facet normal 0 -1 0
    outer loop
      vertex 48.7302 -0.95 21.5174
      vertex 48.9186 -0.95 22.3208
      vertex 48.5617 -0.95 21.5615
    endloop
  endfacet
  facet normal 0 -1 0
    outer loop
      vertex 48.8696 -0.95 21.4557
      vertex 48.9186 -0.95 22.3208
      vertex 48.7302 -0.95 21.5174
    endloop
  endfacet
  facet normal 0 -1 -0
    outer loop
      vertex 48.9186 -0.95 22.3208
      vertex 48.8696 -0.95 21.4557
      vertex 49.3043 -0.95 22.2308
    endloop
  endfacet
  facet normal 0 -1 0
    outer loop
      vertex 48.9859 -0.95 21.374
      vertex 49.3043 -0.95 22.2308
      vertex 48.8696 -0.95 21.4557
    endloop
  endfacet
  facet normal 0 -1 -0
    outer loop
      vertex 49.3043 -0.95 22.2308
      vertex 48.9859 -0.95 21.374
      vertex 49.6252 -0.95 22.0808
    endloop
  endfacet
  facet normal 0 -1 0
    outer loop
      vertex 49.0853 -0.95 21.2699
      vertex 49.6252 -0.95 22.0808
      vertex 48.9859 -0.95 21.374
    endloop
  endfacet
  facet normal 0 -1 -0
    outer loop
      vertex 49.6252 -0.95 22.0808
      vertex 49.0853 -0.95 21.2699
      vertex 49.8813 -0.95 21.8707
    endloop
  endfacet
  facet normal 0 -1 0
    outer loop
      vertex 49.1676 -0.95 21.1434
      vertex 49.8813 -0.95 21.8707
      vertex 49.0853 -0.95 21.2699
    endloop
  endfacet
  facet normal 0 -1 -0
    outer loop
      vertex 49.8813 -0.95 21.8707
      vertex 49.1676 -0.95 21.1434
      vertex 50.0771 -0.95 21.5915
    endloop
  endfacet
  facet normal 0 -1 0
    outer loop
      vertex 49.2331 -0.95 20.9946
      vertex 50.0771 -0.95 21.5915
      vertex 49.1676 -0.95 21.1434
    endloop
  endfacet
  facet normal 0 -1 -0
    outer loop
      vertex 50.0771 -0.95 21.5915
      vertex 49.2331 -0.95 20.9946
      vertex 50.217 -0.95 21.234
    endloop
  endfacet
  facet normal 0 -1 0
    outer loop
      vertex 49.2829 -0.95 20.8183
      vertex 50.217 -0.95 21.234
      vertex 49.2331 -0.95 20.9946
    endloop
  endfacet
  facet normal 0 -1 0
    outer loop
      vertex 49.2829 -0.95 20.8183
      vertex 50.3009 -0.95 20.7981
      vertex 50.217 -0.95 21.234
    endloop
  endfacet
  facet normal 0 -1 0
    outer loop
      vertex 49.3185 -0.95 20.6094
      vertex 50.3009 -0.95 20.7981
      vertex 49.2829 -0.95 20.8183
    endloop
  endfacet
  facet normal 0 -1 0
    outer loop
      vertex 49.3399 -0.95 20.368
      vertex 50.3009 -0.95 20.7981
      vertex 49.3185 -0.95 20.6094
    endloop
  endfacet
  facet normal 0 -1 0
    outer loop
      vertex 49.3399 -0.95 20.368
      vertex 50.3289 -0.95 20.2839
      vertex 50.3009 -0.95 20.7981
    endloop
  endfacet
  facet normal 0 -1 0
    outer loop
      vertex 49.347 -0.95 20.094
      vertex 50.3289 -0.95 20.2839
      vertex 49.3399 -0.95 20.368
    endloop
  endfacet
  facet normal 0 -1 0
    outer loop
      vertex 50.3289 -0.95 16.3725
      vertex 49.347 -0.95 20.094
      vertex 49.347 -0.95 16.3725
    endloop
  endfacet
  facet normal 0 -1 0
    outer loop
      vertex 49.347 -0.95 20.094
      vertex 50.3289 -0.95 16.3725
      vertex 50.3289 -0.95 20.2839
    endloop
  endfacet
  facet normal 0 -1 0
    outer loop
      vertex 74.2506 -0.95 17.3932
      vertex 74.9978 -0.95 17.9187
      vertex 74.1351 -0.95 17.7504
    endloop
  endfacet
  facet normal 0 -1 -0
    outer loop
      vertex 74.9978 -0.95 17.9187
      vertex 74.2506 -0.95 17.3932
      vertex 75.0768 -0.95 17.6984
    endloop
  endfacet
  facet normal 0 -1 0
    outer loop
      vertex 74.4179 -0.95 17.0866
      vertex 75.0768 -0.95 17.6984
      vertex 74.2506 -0.95 17.3932
    endloop
  endfacet
  facet normal 0 -1 -0
    outer loop
      vertex 75.0768 -0.95 17.6984
      vertex 74.4179 -0.95 17.0866
      vertex 75.1889 -0.95 17.5097
    endloop
  endfacet
  facet normal 0 -1 0
    outer loop
      vertex 74.6371 -0.95 16.8304
      vertex 75.1889 -0.95 17.5097
      vertex 74.4179 -0.95 17.0866
    endloop
  endfacet
  facet normal 0 -1 -0
    outer loop
      vertex 75.1889 -0.95 17.5097
      vertex 74.6371 -0.95 16.8304
      vertex 75.3344 -0.95 17.3526
    endloop
  endfacet
  facet normal 0 -1 0
    outer loop
      vertex 74.9082 -0.95 16.6247
      vertex 75.3344 -0.95 17.3526
      vertex 74.6371 -0.95 16.8304
    endloop
  endfacet
  facet normal 0 -1 -0
    outer loop
      vertex 75.3344 -0.95 17.3526
      vertex 74.9082 -0.95 16.6247
      vertex 75.513 -0.95 17.2269
    endloop
  endfacet
  facet normal 0 -1 0
    outer loop
      vertex 75.2366 -0.95 16.4669
      vertex 75.513 -0.95 17.2269
      vertex 74.9082 -0.95 16.6247
    endloop
  endfacet
  facet normal 0 -1 -0
    outer loop
      vertex 75.513 -0.95 17.2269
      vertex 75.2366 -0.95 16.4669
      vertex 75.7274 -0.95 17.1308
    endloop
  endfacet
  facet normal 0 -1 0
    outer loop
      vertex 75.6277 -0.95 16.3542
      vertex 75.7274 -0.95 17.1308
      vertex 75.2366 -0.95 16.4669
    endloop
  endfacet
  facet normal 0 -1 -0
    outer loop
      vertex 75.7274 -0.95 17.1308
      vertex 75.6277 -0.95 16.3542
      vertex 75.9796 -0.95 17.0621
    endloop
  endfacet
  facet normal -0 -1 0
    outer loop
      vertex 77.1309 -0.95 16.2922
      vertex 76.5981 -0.95 17.0072
      vertex 76.5981 -0.95 16.264
    endloop
  endfacet
  facet normal 0 -1 0
    outer loop
      vertex 76.0815 -0.95 16.2866
      vertex 75.9796 -0.95 17.0621
      vertex 75.6277 -0.95 16.3542
    endloop
  endfacet
  facet normal -0 -1 0
    outer loop
      vertex 77.601 -0.95 16.3766
      vertex 76.5981 -0.95 17.0072
      vertex 77.1309 -0.95 16.2922
    endloop
  endfacet
  facet normal 0 -1 0
    outer loop
      vertex 75.9796 -0.95 17.0621
      vertex 76.0815 -0.95 16.2866
      vertex 76.2699 -0.95 17.021
    endloop
  endfacet
  facet normal -0 -1 0
    outer loop
      vertex 78.0084 -0.95 16.5173
      vertex 76.5981 -0.95 17.0072
      vertex 77.601 -0.95 16.3766
    endloop
  endfacet
  facet normal 0 -1 0
    outer loop
      vertex 76.5981 -0.95 16.264
      vertex 76.2699 -0.95 17.021
      vertex 76.0815 -0.95 16.2866
    endloop
  endfacet
  facet normal -0 -1 0
    outer loop
      vertex 78.353 -0.95 16.7143
      vertex 76.5981 -0.95 17.0072
      vertex 78.0084 -0.95 16.5173
    endloop
  endfacet
  facet normal 0 -1 0
    outer loop
      vertex 76.2699 -0.95 17.021
      vertex 76.5981 -0.95 16.264
      vertex 76.5981 -0.95 17.0072
    endloop
  endfacet
  facet normal 0 -1 0
    outer loop
      vertex 76.5981 -0.95 17.0072
      vertex 78.353 -0.95 16.7143
      vertex 78.6272 -0.95 16.9632
    endloop
  endfacet
  facet normal 0 -1 -0
    outer loop
      vertex 76.609 -0.95 22.3346
      vertex 76.2997 -0.95 21.5842
      vertex 76.609 -0.95 21.5967
    endloop
  endfacet
  facet normal 0 -1 0
    outer loop
      vertex 74.9407 -0.95 21.9141
      vertex 76.0339 -0.95 21.5466
      vertex 76.2997 -0.95 21.5842
    endloop
  endfacet
  facet normal 0 -1 0
    outer loop
      vertex 74.9407 -0.95 21.9141
      vertex 75.8115 -0.95 21.4838
      vertex 76.0339 -0.95 21.5466
    endloop
  endfacet
  facet normal 0 -1 0
    outer loop
      vertex 75.3964 -0.95 21.1438
      vertex 74.6903 -0.95 21.68
      vertex 74.5115 -0.95 21.3981
    endloop
  endfacet
  facet normal 0 -1 0
    outer loop
      vertex 74.9407 -0.95 21.9141
      vertex 75.6324 -0.95 21.396
      vertex 75.8115 -0.95 21.4838
    endloop
  endfacet
  facet normal 0 -1 0
    outer loop
      vertex 74.9407 -0.95 21.9141
      vertex 75.4948 -0.95 21.2828
      vertex 75.6324 -0.95 21.396
    endloop
  endfacet
  facet normal 0 -1 0
    outer loop
      vertex 74.6903 -0.95 21.68
      vertex 75.3964 -0.95 21.1438
      vertex 75.4948 -0.95 21.2828
    endloop
  endfacet
  facet normal 0 -1 0
    outer loop
      vertex 75.3374 -0.95 20.979
      vertex 74.5115 -0.95 21.3981
      vertex 74.4042 -0.95 21.0683
    endloop
  endfacet
  facet normal 0 -1 0
    outer loop
      vertex 74.5115 -0.95 21.3981
      vertex 75.3374 -0.95 20.979
      vertex 75.3964 -0.95 21.1438
    endloop
  endfacet
  facet normal 0 -1 0
    outer loop
      vertex 74.4042 -0.95 21.0683
      vertex 75.3178 -0.95 20.7884
      vertex 75.3374 -0.95 20.979
    endloop
  endfacet
  facet normal 0 -1 0
    outer loop
      vertex 74.3684 -0.95 20.6908
      vertex 75.3178 -0.95 20.7884
      vertex 74.4042 -0.95 21.0683
    endloop
  endfacet
  facet normal 0 -1 0
    outer loop
      vertex 74.3684 -0.95 20.6908
      vertex 75.3259 -0.95 20.6691
      vertex 75.3178 -0.95 20.7884
    endloop
  endfacet
  facet normal 0 -1 0
    outer loop
      vertex 74.381 -0.95 20.4823
      vertex 75.3259 -0.95 20.6691
      vertex 74.3684 -0.95 20.6908
    endloop
  endfacet
  facet normal 0 -1 -0
    outer loop
      vertex 75.3259 -0.95 20.6691
      vertex 74.381 -0.95 20.4823
      vertex 75.3503 -0.95 20.5606
    endloop
  endfacet
  facet normal 0 -1 0
    outer loop
      vertex 74.4186 -0.95 20.2907
      vertex 75.3503 -0.95 20.5606
      vertex 74.381 -0.95 20.4823
    endloop
  endfacet
  facet normal 0 -1 0
    outer loop
      vertex 74.4813 -0.95 20.1161
      vertex 75.3503 -0.95 20.5606
      vertex 74.4186 -0.95 20.2907
    endloop
  endfacet
  facet normal 0 -1 -0
    outer loop
      vertex 75.3503 -0.95 20.5606
      vertex 74.4813 -0.95 20.1161
      vertex 75.391 -0.95 20.4629
    endloop
  endfacet
  facet normal 0 -1 0
    outer loop
      vertex 74.5691 -0.95 19.9584
      vertex 75.391 -0.95 20.4629
      vertex 74.4813 -0.95 20.1161
    endloop
  endfacet
  facet normal 0 -1 0
    outer loop
      vertex 74.6792 -0.95 19.8148
      vertex 75.391 -0.95 20.4629
      vertex 74.5691 -0.95 19.9584
    endloop
  endfacet
  facet normal 0 -1 -0
    outer loop
      vertex 75.391 -0.95 20.4629
      vertex 74.6792 -0.95 19.8148
      vertex 75.4479 -0.95 20.3761
    endloop
  endfacet
  facet normal 0 -1 0
    outer loop
      vertex 74.8085 -0.95 19.6824
      vertex 75.4479 -0.95 20.3761
      vertex 74.6792 -0.95 19.8148
    endloop
  endfacet
  facet normal 0 -1 -0
    outer loop
      vertex 75.4479 -0.95 20.3761
      vertex 74.8085 -0.95 19.6824
      vertex 75.5208 -0.95 20.2978
    endloop
  endfacet
  facet normal 0 -1 0
    outer loop
      vertex 74.9572 -0.95 19.5612
      vertex 75.5208 -0.95 20.2978
      vertex 74.8085 -0.95 19.6824
    endloop
  endfacet
  facet normal 0 -1 -0
    outer loop
      vertex 75.5208 -0.95 20.2978
      vertex 74.9572 -0.95 19.5612
      vertex 75.6093 -0.95 20.2256
    endloop
  endfacet
  facet normal 0 -1 0
    outer loop
      vertex 75.1252 -0.95 19.4511
      vertex 75.6093 -0.95 20.2256
      vertex 74.9572 -0.95 19.5612
    endloop
  endfacet
  facet normal 0 -1 -0
    outer loop
      vertex 75.6093 -0.95 20.2256
      vertex 75.1252 -0.95 19.4511
      vertex 75.7134 -0.95 20.1595
    endloop
  endfacet
  facet normal 0 -1 0
    outer loop
      vertex 75.3332 -0.95 19.3462
      vertex 75.7134 -0.95 20.1595
      vertex 75.1252 -0.95 19.4511
    endloop
  endfacet
  facet normal 0 -1 -0
    outer loop
      vertex 75.7134 -0.95 20.1595
      vertex 75.3332 -0.95 19.3462
      vertex 75.8331 -0.95 20.0995
    endloop
  endfacet
  facet normal 0 -1 0
    outer loop
      vertex 75.6019 -0.95 19.2403
      vertex 75.8331 -0.95 20.0995
      vertex 75.3332 -0.95 19.3462
    endloop
  endfacet
  facet normal 0 -1 -0
    outer loop
      vertex 75.8331 -0.95 20.0995
      vertex 75.6019 -0.95 19.2403
      vertex 75.9959 -0.95 20.0371
    endloop
  endfacet
  facet normal 0 -1 0
    outer loop
      vertex 76.3215 -0.95 19.0253
      vertex 76.2292 -0.95 19.9639
      vertex 75.9314 -0.95 19.1333
    endloop
  endfacet
  facet normal 0 -1 0
    outer loop
      vertex 75.9314 -0.95 19.1333
      vertex 75.9959 -0.95 20.0371
      vertex 75.6019 -0.95 19.2403
    endloop
  endfacet
  facet normal 0 -1 0
    outer loop
      vertex 76.2292 -0.95 19.9639
      vertex 76.3215 -0.95 19.0253
      vertex 76.533 -0.95 19.8798
    endloop
  endfacet
  facet normal 0 -1 -0
    outer loop
      vertex 75.9959 -0.95 20.0371
      vertex 75.9314 -0.95 19.1333
      vertex 76.2292 -0.95 19.9639
    endloop
  endfacet
  facet normal 0 -1 -0
    outer loop
      vertex 76.533 -0.95 19.8798
      vertex 76.3215 -0.95 19.0253
      vertex 76.9074 -0.95 19.7848
    endloop
  endfacet
  facet normal 0 -1 0
    outer loop
      vertex 77.0213 -0.95 18.8409
      vertex 76.9074 -0.95 19.7848
      vertex 76.3215 -0.95 19.0253
    endloop
  endfacet
  facet normal 0 -1 0
    outer loop
      vertex 76.9074 -0.95 19.7848
      vertex 77.0213 -0.95 18.8409
      vertex 77.2681 -0.95 19.689
    endloop
  endfacet
  facet normal 0 -1 0
    outer loop
      vertex 77.2688 -0.95 18.7656
      vertex 77.2681 -0.95 19.689
      vertex 77.0213 -0.95 18.8409
    endloop
  endfacet
  facet normal 0 -1 0
    outer loop
      vertex 77.2681 -0.95 19.689
      vertex 77.2688 -0.95 18.7656
      vertex 77.5746 -0.95 19.597
    endloop
  endfacet
  facet normal 0 -1 0
    outer loop
      vertex 77.4797 -0.95 18.6809
      vertex 77.5746 -0.95 19.597
      vertex 77.2688 -0.95 18.7656
    endloop
  endfacet
  facet normal 0 -1 -0
    outer loop
      vertex 77.5746 -0.95 19.597
      vertex 77.4797 -0.95 18.6809
      vertex 77.8269 -0.95 19.5087
    endloop
  endfacet
  facet normal 0 -1 -0
    outer loop
      vertex 77.8269 -0.95 19.5087
      vertex 77.4797 -0.95 18.6809
      vertex 78.0249 -0.95 19.424
    endloop
  endfacet
  facet normal 0 -1 0
    outer loop
      vertex 77.6539 -0.95 18.5866
      vertex 78.0249 -0.95 19.424
      vertex 77.4797 -0.95 18.6809
    endloop
  endfacet
  facet normal 0 -1 -0
    outer loop
      vertex 78.0249 -0.95 19.424
      vertex 77.6539 -0.95 18.5866
      vertex 78.1868 -0.95 19.3391
    endloop
  endfacet
  facet normal 0 -1 0
    outer loop
      vertex 77.7916 -0.95 18.4828
      vertex 78.1868 -0.95 19.3391
      vertex 77.6539 -0.95 18.5866
    endloop
  endfacet
  facet normal 0 -1 -0
    outer loop
      vertex 78.1868 -0.95 19.3391
      vertex 77.7916 -0.95 18.4828
      vertex 78.3307 -0.95 19.2498
    endloop
  endfacet
  facet normal 0 -1 -0
    outer loop
      vertex 78.3307 -0.95 19.2498
      vertex 77.7916 -0.95 18.4828
      vertex 78.4567 -0.95 19.156
    endloop
  endfacet
  facet normal 0 -1 -0
    outer loop
      vertex 78.4567 -0.95 19.156
      vertex 77.7916 -0.95 18.4828
      vertex 78.5647 -0.95 19.0579
    endloop
  endfacet
  facet normal 0 -1 0
    outer loop
      vertex 77.8961 -0.95 18.3662
      vertex 78.5647 -0.95 19.0579
      vertex 77.7916 -0.95 18.4828
    endloop
  endfacet
  facet normal 0 -1 -0
    outer loop
      vertex 78.5647 -0.95 19.0579
      vertex 77.8961 -0.95 18.3662
      vertex 78.6581 -0.95 18.9536
    endloop
  endfacet
  facet normal 0 -1 -0
    outer loop
      vertex 78.6581 -0.95 18.9536
      vertex 77.8961 -0.95 18.3662
      vertex 78.7403 -0.95 18.8416
    endloop
  endfacet
  facet normal 0 -1 -0
    outer loop
      vertex 78.7403 -0.95 18.8416
      vertex 77.8961 -0.95 18.3662
      vertex 78.8113 -0.95 18.7217
    endloop
  endfacet
  facet normal 0 -1 0
    outer loop
      vertex 77.9707 -0.95 18.2333
      vertex 78.8113 -0.95 18.7217
      vertex 77.8961 -0.95 18.3662
    endloop
  endfacet
  facet normal 0 -1 -0
    outer loop
      vertex 78.8113 -0.95 18.7217
      vertex 77.9707 -0.95 18.2333
      vertex 78.8711 -0.95 18.594
    endloop
  endfacet
  facet normal 0 -1 -0
    outer loop
      vertex 78.8711 -0.95 18.594
      vertex 77.9707 -0.95 18.2333
      vertex 78.9186 -0.95 18.4579
    endloop
  endfacet
  facet normal 0 -1 0
    outer loop
      vertex 78.0154 -0.95 18.0841
      vertex 78.9186 -0.95 18.4579
      vertex 77.9707 -0.95 18.2333
    endloop
  endfacet
  facet normal 0 -1 -0
    outer loop
      vertex 78.9186 -0.95 18.4579
      vertex 78.0154 -0.95 18.0841
      vertex 78.9525 -0.95 18.3126
    endloop
  endfacet
  facet normal 0 -1 -0
    outer loop
      vertex 78.9525 -0.95 18.3126
      vertex 78.0154 -0.95 18.0841
      vertex 78.9729 -0.95 18.1582
    endloop
  endfacet
  facet normal 0 -1 0
    outer loop
      vertex 78.0154 -0.95 18.0841
      vertex 78.9797 -0.95 17.9946
      vertex 78.9729 -0.95 18.1582
    endloop
  endfacet
  facet normal 0 -1 0
    outer loop
      vertex 78.0303 -0.95 17.9187
      vertex 78.9797 -0.95 17.9946
      vertex 78.0154 -0.95 18.0841
    endloop
  endfacet
  facet normal 0 -1 0
    outer loop
      vertex 78.9405 -0.95 17.6033
      vertex 78.0303 -0.95 17.9187
      vertex 78.0088 -0.95 17.705
    endloop
  endfacet
  facet normal 0 -1 0
    outer loop
      vertex 78.0303 -0.95 17.9187
      vertex 78.9405 -0.95 17.6033
      vertex 78.9797 -0.95 17.9946
    endloop
  endfacet
  facet normal 0 -1 0
    outer loop
      vertex 78.823 -0.95 17.2595
      vertex 78.0088 -0.95 17.705
      vertex 77.9442 -0.95 17.5199
    endloop
  endfacet
  facet normal 0 -1 0
    outer loop
      vertex 78.6272 -0.95 16.9632
      vertex 77.9442 -0.95 17.5199
      vertex 77.8366 -0.95 17.3632
    endloop
  endfacet
  facet normal 0 -1 0
    outer loop
      vertex 78.0088 -0.95 17.705
      vertex 78.823 -0.95 17.2595
      vertex 78.9405 -0.95 17.6033
    endloop
  endfacet
  facet normal 0 -1 0
    outer loop
      vertex 78.6272 -0.95 16.9632
      vertex 77.8366 -0.95 17.3632
      vertex 77.6859 -0.95 17.2351
    endloop
  endfacet
  facet normal 0 -1 0
    outer loop
      vertex 78.6272 -0.95 16.9632
      vertex 77.6859 -0.95 17.2351
      vertex 77.4887 -0.95 17.1354
    endloop
  endfacet
  facet normal 0 -1 0
    outer loop
      vertex 78.6272 -0.95 16.9632
      vertex 77.4887 -0.95 17.1354
      vertex 77.2417 -0.95 17.0642
    endloop
  endfacet
  facet normal 0 -1 0
    outer loop
      vertex 78.6272 -0.95 16.9632
      vertex 77.2417 -0.95 17.0642
      vertex 76.9448 -0.95 17.0215
    endloop
  endfacet
  facet normal 0 -1 0
    outer loop
      vertex 77.9442 -0.95 17.5199
      vertex 78.6272 -0.95 16.9632
      vertex 78.823 -0.95 17.2595
    endloop
  endfacet
  facet normal 0 -1 0
    outer loop
      vertex 78.6272 -0.95 16.9632
      vertex 76.9448 -0.95 17.0215
      vertex 76.5981 -0.95 17.0072
    endloop
  endfacet
  facet normal 0 -1 0
    outer loop
      vertex 76.2997 -0.95 21.5842
      vertex 76.609 -0.95 22.3346
      vertex 76.0938 -0.95 22.3083
    endloop
  endfacet
  facet normal 0 -1 0
    outer loop
      vertex 76.8922 -0.95 21.5837
      vertex 76.609 -0.95 22.3346
      vertex 76.609 -0.95 21.5967
    endloop
  endfacet
  facet normal 0 -1 0
    outer loop
      vertex 76.2997 -0.95 21.5842
      vertex 76.0938 -0.95 22.3083
      vertex 75.644 -0.95 22.2294
    endloop
  endfacet
  facet normal 0 -1 0
    outer loop
      vertex 76.609 -0.95 22.3346
      vertex 76.8922 -0.95 21.5837
      vertex 77.0696 -0.95 22.3132
    endloop
  endfacet
  facet normal 0 -1 0
    outer loop
      vertex 76.2997 -0.95 21.5842
      vertex 75.644 -0.95 22.2294
      vertex 75.2596 -0.95 22.0981
    endloop
  endfacet
  facet normal 0 -1 0
    outer loop
      vertex 77.1454 -0.95 21.5445
      vertex 77.0696 -0.95 22.3132
      vertex 76.8922 -0.95 21.5837
    endloop
  endfacet
  facet normal 0 -1 0
    outer loop
      vertex 76.2997 -0.95 21.5842
      vertex 75.2596 -0.95 22.0981
      vertex 74.9407 -0.95 21.9141
    endloop
  endfacet
  facet normal 0 -1 0
    outer loop
      vertex 77.0696 -0.95 22.3132
      vertex 77.1454 -0.95 21.5445
      vertex 77.4803 -0.95 22.2491
    endloop
  endfacet
  facet normal 0 -1 0
    outer loop
      vertex 75.4948 -0.95 21.2828
      vertex 74.9407 -0.95 21.9141
      vertex 74.6903 -0.95 21.68
    endloop
  endfacet
  facet normal 0 -1 0
    outer loop
      vertex 77.3683 -0.95 21.4792
      vertex 77.4803 -0.95 22.2491
      vertex 77.1454 -0.95 21.5445
    endloop
  endfacet
  facet normal 0 -1 -0
    outer loop
      vertex 77.4803 -0.95 22.2491
      vertex 77.3683 -0.95 21.4792
      vertex 77.8412 -0.95 22.1423
    endloop
  endfacet
  facet normal 0 -1 0
    outer loop
      vertex 77.5611 -0.95 21.3878
      vertex 77.8412 -0.95 22.1423
      vertex 77.3683 -0.95 21.4792
    endloop
  endfacet
  facet normal 0 -1 -0
    outer loop
      vertex 77.8412 -0.95 22.1423
      vertex 77.5611 -0.95 21.3878
      vertex 78.1523 -0.95 21.9928
    endloop
  endfacet
  facet normal 0 -1 0
    outer loop
      vertex 77.7216 -0.95 21.2721
      vertex 78.1523 -0.95 21.9928
      vertex 77.5611 -0.95 21.3878
    endloop
  endfacet
  facet normal 0 -1 -0
    outer loop
      vertex 78.1523 -0.95 21.9928
      vertex 77.7216 -0.95 21.2721
      vertex 78.4122 -0.95 21.7962
    endloop
  endfacet
  facet normal 0 -1 0
    outer loop
      vertex 77.8479 -0.95 21.1336
      vertex 78.4122 -0.95 21.7962
      vertex 77.7216 -0.95 21.2721
    endloop
  endfacet
  facet normal 0 -1 -0
    outer loop
      vertex 78.4122 -0.95 21.7962
      vertex 77.8479 -0.95 21.1336
      vertex 78.6196 -0.95 21.548
    endloop
  endfacet
  facet normal 0 -1 0
    outer loop
      vertex 77.94 -0.95 20.9724
      vertex 78.6196 -0.95 21.548
      vertex 77.8479 -0.95 21.1336
    endloop
  endfacet
  facet normal 0 -1 -0
    outer loop
      vertex 78.6196 -0.95 21.548
      vertex 77.94 -0.95 20.9724
      vertex 78.7744 -0.95 21.2482
    endloop
  endfacet
  facet normal 0 -1 0
    outer loop
      vertex 77.9978 -0.95 20.7884
      vertex 78.7744 -0.95 21.2482
      vertex 77.94 -0.95 20.9724
    endloop
  endfacet
  facet normal 0 -1 -0
    outer loop
      vertex 78.7744 -0.95 21.2482
      vertex 77.9978 -0.95 20.7884
      vertex 78.8766 -0.95 20.897
    endloop
  endfacet
  facet normal 0 -1 0
    outer loop
      vertex 68.5128 -0.95 22.2423
      vertex 69.4948 -0.95 18.5208
      vertex 69.4948 -0.95 22.2423
    endloop
  endfacet
  facet normal 0 -1 0
    outer loop
      vertex 68.5128 -0.95 18.3309
      vertex 69.4948 -0.95 18.5208
      vertex 68.5128 -0.95 22.2423
    endloop
  endfacet
  facet normal 0 -1 0
    outer loop
      vertex 68.5128 -0.95 18.3309
      vertex 69.5019 -0.95 18.2469
      vertex 69.4948 -0.95 18.5208
    endloop
  endfacet
  facet normal 0 -1 0
    outer loop
      vertex 68.5408 -0.95 17.8167
      vertex 69.5019 -0.95 18.2469
      vertex 68.5128 -0.95 18.3309
    endloop
  endfacet
  facet normal 0 -1 -0
    outer loop
      vertex 69.5019 -0.95 18.2469
      vertex 68.5408 -0.95 17.8167
      vertex 69.5232 -0.95 18.0054
    endloop
  endfacet
  facet normal 0 -1 0
    outer loop
      vertex 68.5408 -0.95 17.8167
      vertex 69.5588 -0.95 17.7966
      vertex 69.5232 -0.95 18.0054
    endloop
  endfacet
  facet normal 0 -1 0
    outer loop
      vertex 68.6247 -0.95 17.3809
      vertex 69.5588 -0.95 17.7966
      vertex 68.5408 -0.95 17.8167
    endloop
  endfacet
  facet normal 0 -1 -0
    outer loop
      vertex 69.5588 -0.95 17.7966
      vertex 68.6247 -0.95 17.3809
      vertex 69.6087 -0.95 17.6203
    endloop
  endfacet
  facet normal 0 -1 0
    outer loop
      vertex 68.7646 -0.95 17.0233
      vertex 69.6087 -0.95 17.6203
      vertex 68.6247 -0.95 17.3809
    endloop
  endfacet
  facet normal 0 -1 -0
    outer loop
      vertex 69.6087 -0.95 17.6203
      vertex 68.7646 -0.95 17.0233
      vertex 69.6741 -0.95 17.4714
    endloop
  endfacet
  facet normal 0 -1 0
    outer loop
      vertex 68.9604 -0.95 16.7441
      vertex 69.6741 -0.95 17.4714
      vertex 68.7646 -0.95 17.0233
    endloop
  endfacet
  facet normal 0 -1 -0
    outer loop
      vertex 69.6741 -0.95 17.4714
      vertex 68.9604 -0.95 16.7441
      vertex 69.7565 -0.95 17.3449
    endloop
  endfacet
  facet normal 0 -1 0
    outer loop
      vertex 69.2165 -0.95 16.5341
      vertex 69.7565 -0.95 17.3449
      vertex 68.9604 -0.95 16.7441
    endloop
  endfacet
  facet normal 0 -1 -0
    outer loop
      vertex 69.7565 -0.95 17.3449
      vertex 69.2165 -0.95 16.5341
      vertex 69.8558 -0.95 17.2409
    endloop
  endfacet
  facet normal 0 -1 0
    outer loop
      vertex 69.5375 -0.95 16.384
      vertex 69.8558 -0.95 17.2409
      vertex 69.2165 -0.95 16.5341
    endloop
  endfacet
  facet normal 0 -1 -0
    outer loop
      vertex 69.8558 -0.95 17.2409
      vertex 69.5375 -0.95 16.384
      vertex 69.9721 -0.95 17.1591
    endloop
  endfacet
  facet normal 0 -1 0
    outer loop
      vertex 69.9232 -0.95 16.294
      vertex 69.9721 -0.95 17.1591
      vertex 69.5375 -0.95 16.384
    endloop
  endfacet
  facet normal 0 -1 -0
    outer loop
      vertex 69.9721 -0.95 17.1591
      vertex 69.9232 -0.95 16.294
      vertex 70.1115 -0.95 17.0974
    endloop
  endfacet
  facet normal 0 -1 -0
    outer loop
      vertex 70.1115 -0.95 17.0974
      vertex 69.9232 -0.95 16.294
      vertex 70.28 -0.95 17.0534
    endloop
  endfacet
  facet normal 0 -1 0
    outer loop
      vertex 70.4777 -0.95 17.0269
      vertex 70.6884 -0.95 16.2798
      vertex 70.7045 -0.95 17.0181
    endloop
  endfacet
  facet normal 0 -1 0
    outer loop
      vertex 70.3736 -0.95 16.264
      vertex 70.28 -0.95 17.0534
      vertex 69.9232 -0.95 16.294
    endloop
  endfacet
  facet normal -0 -1 0
    outer loop
      vertex 70.9765 -0.95 16.3271
      vertex 70.7045 -0.95 17.0181
      vertex 70.6884 -0.95 16.2798
    endloop
  endfacet
  facet normal -0 -1 0
    outer loop
      vertex 71.2377 -0.95 16.4059
      vertex 70.7045 -0.95 17.0181
      vertex 70.9765 -0.95 16.3271
    endloop
  endfacet
  facet normal 0 -1 0
    outer loop
      vertex 70.28 -0.95 17.0534
      vertex 70.3736 -0.95 16.264
      vertex 70.4777 -0.95 17.0269
    endloop
  endfacet
  facet normal 0 -1 0
    outer loop
      vertex 70.7045 -0.95 17.0181
      vertex 71.6867 -0.95 16.6646
      vertex 71.8879 -0.95 16.8573
    endloop
  endfacet
  facet normal -0 -1 0
    outer loop
      vertex 70.6884 -0.95 16.2798
      vertex 70.4777 -0.95 17.0269
      vertex 70.3736 -0.95 16.264
    endloop
  endfacet
  facet normal -0 -1 0
    outer loop
      vertex 71.4722 -0.95 16.5163
      vertex 70.7045 -0.95 17.0181
      vertex 71.2377 -0.95 16.4059
    endloop
  endfacet
  facet normal 0 -1 0
    outer loop
      vertex 70.7045 -0.95 17.0181
      vertex 71.4722 -0.95 16.5163
      vertex 71.6867 -0.95 16.6646
    endloop
  endfacet
  facet normal 0 -1 0
    outer loop
      vertex 72.0759 -0.95 17.0945
      vertex 71.8167 -0.95 17.5009
      vertex 71.5946 -0.95 17.2897
    endloop
  endfacet
  facet normal 0 -1 0
    outer loop
      vertex 71.8879 -0.95 16.8573
      vertex 71.5946 -0.95 17.2897
      vertex 71.3352 -0.95 17.1388
    endloop
  endfacet
  facet normal 0 -1 0
    outer loop
      vertex 71.8167 -0.95 17.5009
      vertex 72.0759 -0.95 17.0945
      vertex 72.2507 -0.95 17.3761
    endloop
  endfacet
  facet normal 0 -1 0
    outer loop
      vertex 71.8879 -0.95 16.8573
      vertex 71.3352 -0.95 17.1388
      vertex 71.0385 -0.95 17.0483
    endloop
  endfacet
  facet normal 0 -1 0
    outer loop
      vertex 71.8879 -0.95 16.8573
      vertex 71.0385 -0.95 17.0483
      vertex 70.7045 -0.95 17.0181
    endloop
  endfacet
  facet normal 0 -1 0
    outer loop
      vertex 71.5946 -0.95 17.2897
      vertex 71.8879 -0.95 16.8573
      vertex 72.0759 -0.95 17.0945
    endloop
  endfacet
  facet normal 0 -1 0
    outer loop
      vertex 72.2236 -0.95 18.8409
      vertex 73.2 -0.95 22.2423
      vertex 72.2236 -0.95 22.2423
    endloop
  endfacet
  facet normal 0 -1 0
    outer loop
      vertex 73.2 -0.95 17.6257
      vertex 72.2236 -0.95 18.8409
      vertex 72.1981 -0.95 18.4357
    endloop
  endfacet
  facet normal 0 -1 0
    outer loop
      vertex 73.2 -0.95 17.6257
      vertex 72.1981 -0.95 18.4357
      vertex 72.1218 -0.95 18.0773
    endloop
  endfacet
  facet normal 0 -1 0
    outer loop
      vertex 72.2236 -0.95 18.8409
      vertex 73.2 -0.95 17.6257
      vertex 73.2 -0.95 22.2423
    endloop
  endfacet
  facet normal 0 -1 0
    outer loop
      vertex 72.2669 -0.95 17.3761
      vertex 72.1218 -0.95 18.0773
      vertex 71.9947 -0.95 17.7657
    endloop
  endfacet
  facet normal 0 -1 0
    outer loop
      vertex 72.2507 -0.95 17.3761
      vertex 71.9947 -0.95 17.7657
      vertex 71.8167 -0.95 17.5009
    endloop
  endfacet
  facet normal 0 -1 0
    outer loop
      vertex 71.9947 -0.95 17.7657
      vertex 72.2507 -0.95 17.3761
      vertex 72.2669 -0.95 17.3761
    endloop
  endfacet
  facet normal 0 -1 0
    outer loop
      vertex 72.1218 -0.95 18.0773
      vertex 72.2669 -0.95 17.3761
      vertex 73.2 -0.95 17.6257
    endloop
  endfacet
  facet normal 0 -1 0
    outer loop
      vertex 73.2021 -0.95 17.1629
      vertex 72.2669 -0.95 17.3761
      vertex 72.2722 -0.95 17.179
    endloop
  endfacet
  facet normal 0 -1 0
    outer loop
      vertex 72.2669 -0.95 17.3761
      vertex 73.2021 -0.95 17.1629
      vertex 73.2 -0.95 17.6257
    endloop
  endfacet
  facet normal 0 -1 0
    outer loop
      vertex 72.2771 -0.95 17.016
      vertex 73.2021 -0.95 17.1629
      vertex 72.2722 -0.95 17.179
    endloop
  endfacet
  facet normal 0 -1 0
    outer loop
      vertex 73.2082 -0.95 16.7997
      vertex 72.2771 -0.95 17.016
      vertex 72.2817 -0.95 16.8873
    endloop
  endfacet
  facet normal 0 -1 0
    outer loop
      vertex 72.2771 -0.95 17.016
      vertex 73.2082 -0.95 16.7997
      vertex 73.2021 -0.95 17.1629
    endloop
  endfacet
  facet normal 0 -1 0
    outer loop
      vertex 72.2859 -0.95 16.7929
      vertex 73.2082 -0.95 16.7997
      vertex 72.2817 -0.95 16.8873
    endloop
  endfacet
  facet normal 0 -1 0
    outer loop
      vertex 72.2898 -0.95 16.7178
      vertex 73.2082 -0.95 16.7997
      vertex 72.2859 -0.95 16.7929
    endloop
  endfacet
  facet normal 0 -1 0
    outer loop
      vertex 72.2934 -0.95 16.6471
      vertex 73.2082 -0.95 16.7997
      vertex 72.2898 -0.95 16.7178
    endloop
  endfacet
  facet normal 0 -1 0
    outer loop
      vertex 73.2184 -0.95 16.5363
      vertex 72.2934 -0.95 16.6471
      vertex 72.2966 -0.95 16.5809
    endloop
  endfacet
  facet normal 0 -1 0
    outer loop
      vertex 72.2934 -0.95 16.6471
      vertex 73.2184 -0.95 16.5363
      vertex 73.2082 -0.95 16.7997
    endloop
  endfacet
  facet normal 0 -1 0
    outer loop
      vertex 72.2995 -0.95 16.519
      vertex 73.2184 -0.95 16.5363
      vertex 72.2966 -0.95 16.5809
    endloop
  endfacet
  facet normal 0 -1 0
    outer loop
      vertex 72.3022 -0.95 16.4651
      vertex 73.2184 -0.95 16.5363
      vertex 72.2995 -0.95 16.519
    endloop
  endfacet
  facet normal 0 -1 0
    outer loop
      vertex 72.3049 -0.95 16.4227
      vertex 73.2184 -0.95 16.5363
      vertex 72.3022 -0.95 16.4651
    endloop
  endfacet
  facet normal 0 -1 0
    outer loop
      vertex 72.3076 -0.95 16.3918
      vertex 73.2184 -0.95 16.5363
      vertex 72.3049 -0.95 16.4227
    endloop
  endfacet
  facet normal 0 -1 0
    outer loop
      vertex 72.3104 -0.95 16.3725
      vertex 73.2184 -0.95 16.5363
      vertex 72.3076 -0.95 16.3918
    endloop
  endfacet
  facet normal 0 -1 -0
    outer loop
      vertex 73.2184 -0.95 16.5363
      vertex 72.3104 -0.95 16.3725
      vertex 73.2326 -0.95 16.3725
    endloop
  endfacet
  facet normal 0 -1 0
    outer loop
      vertex 22.6729 -0.95 22.2423
      vertex 23.6549 -0.95 18.5208
      vertex 23.6549 -0.95 22.2423
    endloop
  endfacet
  facet normal 0 -1 0
    outer loop
      vertex 22.6729 -0.95 18.3309
      vertex 23.6549 -0.95 18.5208
      vertex 22.6729 -0.95 22.2423
    endloop
  endfacet
  facet normal 0 -1 0
    outer loop
      vertex 22.6729 -0.95 18.3309
      vertex 23.662 -0.95 18.2469
      vertex 23.6549 -0.95 18.5208
    endloop
  endfacet
  facet normal 0 -1 0
    outer loop
      vertex 22.7009 -0.95 17.8167
      vertex 23.662 -0.95 18.2469
      vertex 22.6729 -0.95 18.3309
    endloop
  endfacet
  facet normal 0 -1 -0
    outer loop
      vertex 23.662 -0.95 18.2469
      vertex 22.7009 -0.95 17.8167
      vertex 23.6833 -0.95 18.0054
    endloop
  endfacet
  facet normal 0 -1 0
    outer loop
      vertex 22.7009 -0.95 17.8167
      vertex 23.7189 -0.95 17.7966
      vertex 23.6833 -0.95 18.0054
    endloop
  endfacet
  facet normal 0 -1 0
    outer loop
      vertex 22.7848 -0.95 17.3809
      vertex 23.7189 -0.95 17.7966
      vertex 22.7009 -0.95 17.8167
    endloop
  endfacet
  facet normal 0 -1 -0
    outer loop
      vertex 23.7189 -0.95 17.7966
      vertex 22.7848 -0.95 17.3809
      vertex 23.7688 -0.95 17.6203
    endloop
  endfacet
  facet normal 0 -1 0
    outer loop
      vertex 22.9247 -0.95 17.0233
      vertex 23.7688 -0.95 17.6203
      vertex 22.7848 -0.95 17.3809
    endloop
  endfacet
  facet normal 0 -1 -0
    outer loop
      vertex 23.7688 -0.95 17.6203
      vertex 22.9247 -0.95 17.0233
      vertex 23.8342 -0.95 17.4714
    endloop
  endfacet
  facet normal 0 -1 0
    outer loop
      vertex 23.1205 -0.95 16.7441
      vertex 23.8342 -0.95 17.4714
      vertex 22.9247 -0.95 17.0233
    endloop
  endfacet
  facet normal 0 -1 -0
    outer loop
      vertex 23.8342 -0.95 17.4714
      vertex 23.1205 -0.95 16.7441
      vertex 23.9166 -0.95 17.3449
    endloop
  endfacet
  facet normal 0 -1 0
    outer loop
      vertex 23.3766 -0.95 16.5341
      vertex 23.9166 -0.95 17.3449
      vertex 23.1205 -0.95 16.7441
    endloop
  endfacet
  facet normal 0 -1 -0
    outer loop
      vertex 23.9166 -0.95 17.3449
      vertex 23.3766 -0.95 16.5341
      vertex 24.0159 -0.95 17.2409
    endloop
  endfacet
  facet normal 0 -1 0
    outer loop
      vertex 23.6976 -0.95 16.384
      vertex 24.0159 -0.95 17.2409
      vertex 23.3766 -0.95 16.5341
    endloop
  endfacet
  facet normal 0 -1 -0
    outer loop
      vertex 24.0159 -0.95 17.2409
      vertex 23.6976 -0.95 16.384
      vertex 24.1322 -0.95 17.1591
    endloop
  endfacet
  facet normal 0 -1 0
    outer loop
      vertex 24.0833 -0.95 16.294
      vertex 24.1322 -0.95 17.1591
      vertex 23.6976 -0.95 16.384
    endloop
  endfacet
  facet normal 0 -1 -0
    outer loop
      vertex 24.1322 -0.95 17.1591
      vertex 24.0833 -0.95 16.294
      vertex 24.2716 -0.95 17.0974
    endloop
  endfacet
  facet normal 0 -1 -0
    outer loop
      vertex 24.2716 -0.95 17.0974
      vertex 24.0833 -0.95 16.294
      vertex 24.4401 -0.95 17.0534
    endloop
  endfacet
  facet normal 0 -1 0
    outer loop
      vertex 24.6378 -0.95 17.0269
      vertex 24.8485 -0.95 16.2798
      vertex 24.8646 -0.95 17.0181
    endloop
  endfacet
  facet normal 0 -1 0
    outer loop
      vertex 24.5337 -0.95 16.264
      vertex 24.4401 -0.95 17.0534
      vertex 24.0833 -0.95 16.294
    endloop
  endfacet
  facet normal -0 -1 0
    outer loop
      vertex 25.1366 -0.95 16.3271
      vertex 24.8646 -0.95 17.0181
      vertex 24.8485 -0.95 16.2798
    endloop
  endfacet
  facet normal -0 -1 0
    outer loop
      vertex 25.3978 -0.95 16.4059
      vertex 24.8646 -0.95 17.0181
      vertex 25.1366 -0.95 16.3271
    endloop
  endfacet
  facet normal 0 -1 0
    outer loop
      vertex 24.4401 -0.95 17.0534
      vertex 24.5337 -0.95 16.264
      vertex 24.6378 -0.95 17.0269
    endloop
  endfacet
  facet normal 0 -1 0
    outer loop
      vertex 24.8646 -0.95 17.0181
      vertex 25.8468 -0.95 16.6646
      vertex 26.048 -0.95 16.8573
    endloop
  endfacet
  facet normal -0 -1 0
    outer loop
      vertex 24.8485 -0.95 16.2798
      vertex 24.6378 -0.95 17.0269
      vertex 24.5337 -0.95 16.264
    endloop
  endfacet
  facet normal -0 -1 0
    outer loop
      vertex 25.6323 -0.95 16.5163
      vertex 24.8646 -0.95 17.0181
      vertex 25.3978 -0.95 16.4059
    endloop
  endfacet
  facet normal 0 -1 0
    outer loop
      vertex 24.8646 -0.95 17.0181
      vertex 25.6323 -0.95 16.5163
      vertex 25.8468 -0.95 16.6646
    endloop
  endfacet
  facet normal 0 -1 0
    outer loop
      vertex 26.236 -0.95 17.0945
      vertex 25.9768 -0.95 17.5009
      vertex 25.7547 -0.95 17.2897
    endloop
  endfacet
  facet normal 0 -1 0
    outer loop
      vertex 26.048 -0.95 16.8573
      vertex 25.7547 -0.95 17.2897
      vertex 25.4953 -0.95 17.1388
    endloop
  endfacet
  facet normal 0 -1 0
    outer loop
      vertex 25.9768 -0.95 17.5009
      vertex 26.236 -0.95 17.0945
      vertex 26.4108 -0.95 17.3761
    endloop
  endfacet
  facet normal 0 -1 0
    outer loop
      vertex 26.048 -0.95 16.8573
      vertex 25.4953 -0.95 17.1388
      vertex 25.1986 -0.95 17.0483
    endloop
  endfacet
  facet normal 0 -1 0
    outer loop
      vertex 26.048 -0.95 16.8573
      vertex 25.1986 -0.95 17.0483
      vertex 24.8646 -0.95 17.0181
    endloop
  endfacet
  facet normal 0 -1 0
    outer loop
      vertex 25.7547 -0.95 17.2897
      vertex 26.048 -0.95 16.8573
      vertex 26.236 -0.95 17.0945
    endloop
  endfacet
  facet normal 0 -1 0
    outer loop
      vertex 26.3837 -0.95 18.8409
      vertex 27.3601 -0.95 22.2423
      vertex 26.3837 -0.95 22.2423
    endloop
  endfacet
  facet normal 0 -1 0
    outer loop
      vertex 27.3601 -0.95 17.6257
      vertex 26.3837 -0.95 18.8409
      vertex 26.3582 -0.95 18.4357
    endloop
  endfacet
  facet normal 0 -1 0
    outer loop
      vertex 27.3601 -0.95 17.6257
      vertex 26.3582 -0.95 18.4357
      vertex 26.2819 -0.95 18.0773
    endloop
  endfacet
  facet normal 0 -1 0
    outer loop
      vertex 26.3837 -0.95 18.8409
      vertex 27.3601 -0.95 17.6257
      vertex 27.3601 -0.95 22.2423
    endloop
  endfacet
  facet normal 0 -1 0
    outer loop
      vertex 26.427 -0.95 17.3761
      vertex 26.2819 -0.95 18.0773
      vertex 26.1548 -0.95 17.7657
    endloop
  endfacet
  facet normal 0 -1 0
    outer loop
      vertex 26.4108 -0.95 17.3761
      vertex 26.1548 -0.95 17.7657
      vertex 25.9768 -0.95 17.5009
    endloop
  endfacet
  facet normal 0 -1 0
    outer loop
      vertex 26.1548 -0.95 17.7657
      vertex 26.4108 -0.95 17.3761
      vertex 26.427 -0.95 17.3761
    endloop
  endfacet
  facet normal 0 -1 0
    outer loop
      vertex 26.2819 -0.95 18.0773
      vertex 26.427 -0.95 17.3761
      vertex 27.3601 -0.95 17.6257
    endloop
  endfacet
  facet normal 0 -1 0
    outer loop
      vertex 27.3622 -0.95 17.1629
      vertex 26.427 -0.95 17.3761
      vertex 26.4323 -0.95 17.179
    endloop
  endfacet
  facet normal 0 -1 0
    outer loop
      vertex 26.427 -0.95 17.3761
      vertex 27.3622 -0.95 17.1629
      vertex 27.3601 -0.95 17.6257
    endloop
  endfacet
  facet normal 0 -1 0
    outer loop
      vertex 26.4372 -0.95 17.016
      vertex 27.3622 -0.95 17.1629
      vertex 26.4323 -0.95 17.179
    endloop
  endfacet
  facet normal 0 -1 0
    outer loop
      vertex 27.3683 -0.95 16.7997
      vertex 26.4372 -0.95 17.016
      vertex 26.4418 -0.95 16.8873
    endloop
  endfacet
  facet normal 0 -1 0
    outer loop
      vertex 26.4372 -0.95 17.016
      vertex 27.3683 -0.95 16.7997
      vertex 27.3622 -0.95 17.1629
    endloop
  endfacet
  facet normal 0 -1 0
    outer loop
      vertex 26.446 -0.95 16.7929
      vertex 27.3683 -0.95 16.7997
      vertex 26.4418 -0.95 16.8873
    endloop
  endfacet
  facet normal 0 -1 0
    outer loop
      vertex 26.4499 -0.95 16.7178
      vertex 27.3683 -0.95 16.7997
      vertex 26.446 -0.95 16.7929
    endloop
  endfacet
  facet normal 0 -1 0
    outer loop
      vertex 26.4535 -0.95 16.6471
      vertex 27.3683 -0.95 16.7997
      vertex 26.4499 -0.95 16.7178
    endloop
  endfacet
  facet normal 0 -1 0
    outer loop
      vertex 27.3784 -0.95 16.5363
      vertex 26.4535 -0.95 16.6471
      vertex 26.4567 -0.95 16.5809
    endloop
  endfacet
  facet normal 0 -1 0
    outer loop
      vertex 26.4535 -0.95 16.6471
      vertex 27.3784 -0.95 16.5363
      vertex 27.3683 -0.95 16.7997
    endloop
  endfacet
  facet normal 0 -1 0
    outer loop
      vertex 26.4596 -0.95 16.519
      vertex 27.3784 -0.95 16.5363
      vertex 26.4567 -0.95 16.5809
    endloop
  endfacet
  facet normal 0 -1 0
    outer loop
      vertex 26.4623 -0.95 16.4651
      vertex 27.3784 -0.95 16.5363
      vertex 26.4596 -0.95 16.519
    endloop
  endfacet
  facet normal 0 -1 0
    outer loop
      vertex 26.465 -0.95 16.4227
      vertex 27.3784 -0.95 16.5363
      vertex 26.4623 -0.95 16.4651
    endloop
  endfacet
  facet normal 0 -1 0
    outer loop
      vertex 26.4677 -0.95 16.3918
      vertex 27.3784 -0.95 16.5363
      vertex 26.465 -0.95 16.4227
    endloop
  endfacet
  facet normal 0 -1 0
    outer loop
      vertex 26.4705 -0.95 16.3725
      vertex 27.3784 -0.95 16.5363
      vertex 26.4677 -0.95 16.3918
    endloop
  endfacet
  facet normal 0 -1 -0
    outer loop
      vertex 27.3784 -0.95 16.5363
      vertex 26.4705 -0.95 16.3725
      vertex 27.3927 -0.95 16.3725
    endloop
  endfacet
  facet normal -0 0 1
    outer loop
      vertex 37.1693 0 24.4232
      vertex 38.1459 -0.95 24.4232
      vertex 38.1459 0 24.4232
    endloop
  endfacet
  facet normal 0 0 1
    outer loop
      vertex 38.1459 -0.95 24.4232
      vertex 37.1693 0 24.4232
      vertex 37.1693 -0.95 24.4232
    endloop
  endfacet
  facet normal -1 0 0
    outer loop
      vertex 37.1693 -0.95 23.4901
      vertex 37.1693 0 24.4232
      vertex 37.1693 0 23.4901
    endloop
  endfacet
  facet normal -1 -0 0
    outer loop
      vertex 37.1693 0 24.4232
      vertex 37.1693 -0.95 23.4901
      vertex 37.1693 -0.95 24.4232
    endloop
  endfacet
  facet normal 0 0 -1
    outer loop
      vertex 37.1693 -0.95 23.4901
      vertex 38.1459 0 23.4901
      vertex 38.1459 -0.95 23.4901
    endloop
  endfacet
  facet normal -0 0 -1
    outer loop
      vertex 38.1459 0 23.4901
      vertex 37.1693 -0.95 23.4901
      vertex 37.1693 0 23.4901
    endloop
  endfacet
  facet normal 1 -0 0
    outer loop
      vertex 38.1459 -0.95 24.4232
      vertex 38.1459 0 23.4901
      vertex 38.1459 0 24.4232
    endloop
  endfacet
  facet normal 1 0 0
    outer loop
      vertex 38.1459 0 23.4901
      vertex 38.1459 -0.95 24.4232
      vertex 38.1459 -0.95 23.4901
    endloop
  endfacet
  facet normal 0 0 -1
    outer loop
      vertex 16.6888 -0.95 18.6076
      vertex 20.1716 0 18.6076
      vertex 20.1716 -0.95 18.6076
    endloop
  endfacet
  facet normal -0 0 -1
    outer loop
      vertex 20.1716 0 18.6076
      vertex 16.6888 -0.95 18.6076
      vertex 16.6888 0 18.6076
    endloop
  endfacet
  facet normal -0.931413 0 -0.363964
    outer loop
      vertex 21.045 -0.95 16.3725
      vertex 20.1716 0 18.6076
      vertex 21.045 0 16.3725
    endloop
  endfacet
  facet normal -0.931413 -0 -0.363964
    outer loop
      vertex 20.1716 0 18.6076
      vertex 21.045 -0.95 16.3725
      vertex 20.1716 -0.95 18.6076
    endloop
  endfacet
  facet normal 0 0 -1
    outer loop
      vertex 21.045 -0.95 16.3725
      vertex 22.103 0 16.3725
      vertex 22.103 -0.95 16.3725
    endloop
  endfacet
  facet normal -0 0 -1
    outer loop
      vertex 22.103 0 16.3725
      vertex 21.045 -0.95 16.3725
      vertex 21.045 0 16.3725
    endloop
  endfacet
  facet normal 0.927928 -0 0.372759
    outer loop
      vertex 19.0324 -0.95 24.0163
      vertex 22.103 0 16.3725
      vertex 19.0324 0 24.0163
    endloop
  endfacet
  facet normal 0.927928 0 0.372759
    outer loop
      vertex 22.103 0 16.3725
      vertex 19.0324 -0.95 24.0163
      vertex 22.103 -0.95 16.3725
    endloop
  endfacet
  facet normal -0 0 1
    outer loop
      vertex 17.8551 0 24.0163
      vertex 19.0324 -0.95 24.0163
      vertex 19.0324 0 24.0163
    endloop
  endfacet
  facet normal 0 0 1
    outer loop
      vertex 19.0324 -0.95 24.0163
      vertex 17.8551 0 24.0163
      vertex 17.8551 -0.95 24.0163
    endloop
  endfacet
  facet normal -0.92587 0 0.377843
    outer loop
      vertex 14.7357 -0.95 16.3725
      vertex 17.8551 0 24.0163
      vertex 14.7357 0 16.3725
    endloop
  endfacet
  facet normal -0.92587 0 0.377843
    outer loop
      vertex 17.8551 0 24.0163
      vertex 14.7357 -0.95 16.3725
      vertex 17.8551 -0.95 24.0163
    endloop
  endfacet
  facet normal 0 0 -1
    outer loop
      vertex 14.7357 -0.95 16.3725
      vertex 15.8099 0 16.3725
      vertex 15.8099 -0.95 16.3725
    endloop
  endfacet
  facet normal -0 0 -1
    outer loop
      vertex 15.8099 0 16.3725
      vertex 14.7357 -0.95 16.3725
      vertex 14.7357 0 16.3725
    endloop
  endfacet
  facet normal 0.930635 0 -0.36595
    outer loop
      vertex 16.6888 -0.95 18.6076
      vertex 15.8099 0 16.3725
      vertex 16.6888 0 18.6076
    endloop
  endfacet
  facet normal 0.930635 0 -0.36595
    outer loop
      vertex 15.8099 0 16.3725
      vertex 16.6888 -0.95 18.6076
      vertex 15.8099 -0.95 16.3725
    endloop
  endfacet
  facet normal 0.932039 0 -0.362359
    outer loop
      vertex 17.9799 -0.95 21.9277
      vertex 17.0034 0 19.416
      vertex 17.9799 0 21.9277
    endloop
  endfacet
  facet normal 0.932039 0 -0.362359
    outer loop
      vertex 17.0034 0 19.416
      vertex 17.9799 -0.95 21.9277
      vertex 17.0034 -0.95 19.416
    endloop
  endfacet
  facet normal 0.937661 0 -0.34755
    outer loop
      vertex 18.1047 -0.95 22.2644
      vertex 17.9799 0 21.9277
      vertex 18.1047 0 22.2644
    endloop
  endfacet
  facet normal 0.937661 0 -0.34755
    outer loop
      vertex 17.9799 0 21.9277
      vertex 18.1047 -0.95 22.2644
      vertex 17.9799 -0.95 21.9277
    endloop
  endfacet
  facet normal 0.942091 0 -0.335357
    outer loop
      vertex 18.2132 -0.95 22.5692
      vertex 18.1047 0 22.2644
      vertex 18.2132 0 22.5692
    endloop
  endfacet
  facet normal 0.942091 0 -0.335357
    outer loop
      vertex 18.1047 0 22.2644
      vertex 18.2132 -0.95 22.5692
      vertex 18.1047 -0.95 22.2644
    endloop
  endfacet
  facet normal 0.947391 0 -0.320079
    outer loop
      vertex 18.3054 -0.95 22.8421
      vertex 18.2132 0 22.5692
      vertex 18.3054 0 22.8421
    endloop
  endfacet
  facet normal 0.947391 0 -0.320079
    outer loop
      vertex 18.2132 0 22.5692
      vertex 18.3054 -0.95 22.8421
      vertex 18.2132 -0.95 22.5692
    endloop
  endfacet
  facet normal 0.953851 0 -0.300279
    outer loop
      vertex 18.3813 -0.95 23.0832
      vertex 18.3054 0 22.8421
      vertex 18.3813 0 23.0832
    endloop
  endfacet
  facet normal 0.953851 0 -0.300279
    outer loop
      vertex 18.3054 0 22.8421
      vertex 18.3813 -0.95 23.0832
      vertex 18.3054 -0.95 22.8421
    endloop
  endfacet
  facet normal 0.951892 0 -0.306435
    outer loop
      vertex 18.4302 -0.95 23.2351
      vertex 18.3813 0 23.0832
      vertex 18.4302 0 23.2351
    endloop
  endfacet
  facet normal 0.951892 0 -0.306435
    outer loop
      vertex 18.3813 0 23.0832
      vertex 18.4302 -0.95 23.2351
      vertex 18.3813 -0.95 23.0832
    endloop
  endfacet
  facet normal -0.950939 0 -0.309377
    outer loop
      vertex 18.5767 -0.95 22.7848
      vertex 18.4302 0 23.2351
      vertex 18.5767 0 22.7848
    endloop
  endfacet
  facet normal -0.950939 -0 -0.309377
    outer loop
      vertex 18.4302 0 23.2351
      vertex 18.5767 -0.95 22.7848
      vertex 18.4302 -0.95 23.2351
    endloop
  endfacet
  facet normal -0.949588 0 -0.3135
    outer loop
      vertex 18.6526 -0.95 22.5549
      vertex 18.5767 0 22.7848
      vertex 18.6526 0 22.5549
    endloop
  endfacet
  facet normal -0.949588 -0 -0.3135
    outer loop
      vertex 18.5767 0 22.7848
      vertex 18.6526 -0.95 22.5549
      vertex 18.5767 -0.95 22.7848
    endloop
  endfacet
  facet normal -0.944075 0 -0.329732
    outer loop
      vertex 18.7286 -0.95 22.3373
      vertex 18.6526 0 22.5549
      vertex 18.7286 0 22.3373
    endloop
  endfacet
  facet normal -0.944075 -0 -0.329732
    outer loop
      vertex 18.6526 0 22.5549
      vertex 18.7286 -0.95 22.3373
      vertex 18.6526 -0.95 22.5549
    endloop
  endfacet
  facet normal -0.938062 0 -0.346467
    outer loop
      vertex 18.8045 -0.95 22.1318
      vertex 18.7286 0 22.3373
      vertex 18.8045 0 22.1318
    endloop
  endfacet
  facet normal -0.938062 -0 -0.346467
    outer loop
      vertex 18.7286 0 22.3373
      vertex 18.8045 -0.95 22.1318
      vertex 18.7286 -0.95 22.3373
    endloop
  endfacet
  facet normal -0.930587 0 -0.36607
    outer loop
      vertex 18.8805 -0.95 21.9386
      vertex 18.8045 0 22.1318
      vertex 18.8805 0 21.9386
    endloop
  endfacet
  facet normal -0.930587 -0 -0.36607
    outer loop
      vertex 18.8045 0 22.1318
      vertex 18.8805 -0.95 21.9386
      vertex 18.8045 -0.95 22.1318
    endloop
  endfacet
  facet normal -0.931894 0 -0.362731
    outer loop
      vertex 19.8624 -0.95 19.416
      vertex 18.8805 0 21.9386
      vertex 19.8624 0 19.416
    endloop
  endfacet
  facet normal -0.931894 -0 -0.362731
    outer loop
      vertex 18.8805 0 21.9386
      vertex 19.8624 -0.95 19.416
      vertex 18.8805 -0.95 21.9386
    endloop
  endfacet
  facet normal -0 0 1
    outer loop
      vertex 17.0034 0 19.416
      vertex 19.8624 -0.95 19.416
      vertex 19.8624 0 19.416
    endloop
  endfacet
  facet normal 0 0 1
    outer loop
      vertex 19.8624 -0.95 19.416
      vertex 17.0034 0 19.416
      vertex 17.0034 -0.95 19.416
    endloop
  endfacet
  facet normal 0 0 -1
    outer loop
      vertex 55.8683 -0.95 19.9151
      vertex 60.0021 0 19.9151
      vertex 60.0021 -0.95 19.9151
    endloop
  endfacet
  facet normal -0 0 -1
    outer loop
      vertex 60.0021 0 19.9151
      vertex 55.8683 -0.95 19.9151
      vertex 55.8683 0 19.9151
    endloop
  endfacet
  facet normal -1 0 0
    outer loop
      vertex 60.0021 -0.95 16.3725
      vertex 60.0021 0 19.9151
      vertex 60.0021 0 16.3725
    endloop
  endfacet
  facet normal -1 -0 0
    outer loop
      vertex 60.0021 0 19.9151
      vertex 60.0021 -0.95 16.3725
      vertex 60.0021 -0.95 19.9151
    endloop
  endfacet
  facet normal 0 0 -1
    outer loop
      vertex 60.0021 -0.95 16.3725
      vertex 61.0383 0 16.3725
      vertex 61.0383 -0.95 16.3725
    endloop
  endfacet
  facet normal -0 0 -1
    outer loop
      vertex 61.0383 0 16.3725
      vertex 60.0021 -0.95 16.3725
      vertex 60.0021 0 16.3725
    endloop
  endfacet
  facet normal 1 -0 0
    outer loop
      vertex 61.0383 -0.95 24.0163
      vertex 61.0383 0 16.3725
      vertex 61.0383 0 24.0163
    endloop
  endfacet
  facet normal 1 0 0
    outer loop
      vertex 61.0383 0 16.3725
      vertex 61.0383 -0.95 24.0163
      vertex 61.0383 -0.95 16.3725
    endloop
  endfacet
  facet normal -0 0 1
    outer loop
      vertex 60.0021 0 24.0163
      vertex 61.0383 -0.95 24.0163
      vertex 61.0383 0 24.0163
    endloop
  endfacet
  facet normal 0 0 1
    outer loop
      vertex 61.0383 -0.95 24.0163
      vertex 60.0021 0 24.0163
      vertex 60.0021 -0.95 24.0163
    endloop
  endfacet
  facet normal -1 0 0
    outer loop
      vertex 60.0021 -0.95 20.7831
      vertex 60.0021 0 24.0163
      vertex 60.0021 0 20.7831
    endloop
  endfacet
  facet normal -1 -0 0
    outer loop
      vertex 60.0021 0 24.0163
      vertex 60.0021 -0.95 20.7831
      vertex 60.0021 -0.95 24.0163
    endloop
  endfacet
  facet normal -0 0 1
    outer loop
      vertex 55.8683 0 20.7831
      vertex 60.0021 -0.95 20.7831
      vertex 60.0021 0 20.7831
    endloop
  endfacet
  facet normal 0 0 1
    outer loop
      vertex 60.0021 -0.95 20.7831
      vertex 55.8683 0 20.7831
      vertex 55.8683 -0.95 20.7831
    endloop
  endfacet
  facet normal 1 -0 0
    outer loop
      vertex 55.8683 -0.95 24.0163
      vertex 55.8683 0 20.7831
      vertex 55.8683 0 24.0163
    endloop
  endfacet
  facet normal 1 0 0
    outer loop
      vertex 55.8683 0 20.7831
      vertex 55.8683 -0.95 24.0163
      vertex 55.8683 -0.95 20.7831
    endloop
  endfacet
  facet normal -0 0 1
    outer loop
      vertex 54.8321 0 24.0163
      vertex 55.8683 -0.95 24.0163
      vertex 55.8683 0 24.0163
    endloop
  endfacet
  facet normal 0 0 1
    outer loop
      vertex 55.8683 -0.95 24.0163
      vertex 54.8321 0 24.0163
      vertex 54.8321 -0.95 24.0163
    endloop
  endfacet
  facet normal -1 0 0
    outer loop
      vertex 54.8321 -0.95 16.3725
      vertex 54.8321 0 24.0163
      vertex 54.8321 0 16.3725
    endloop
  endfacet
  facet normal -1 -0 0
    outer loop
      vertex 54.8321 0 24.0163
      vertex 54.8321 -0.95 16.3725
      vertex 54.8321 -0.95 24.0163
    endloop
  endfacet
  facet normal 0 0 -1
    outer loop
      vertex 54.8321 -0.95 16.3725
      vertex 55.8683 0 16.3725
      vertex 55.8683 -0.95 16.3725
    endloop
  endfacet
  facet normal -0 0 -1
    outer loop
      vertex 55.8683 0 16.3725
      vertex 54.8321 -0.95 16.3725
      vertex 54.8321 0 16.3725
    endloop
  endfacet
  facet normal 1 -0 0
    outer loop
      vertex 55.8683 -0.95 19.9151
      vertex 55.8683 0 16.3725
      vertex 55.8683 0 19.9151
    endloop
  endfacet
  facet normal 1 0 0
    outer loop
      vertex 55.8683 0 16.3725
      vertex 55.8683 -0.95 19.9151
      vertex 55.8683 -0.95 16.3725
    endloop
  endfacet
  facet normal 0.0978362 0 -0.995203
    outer loop
      vertex 35.6804 -0.95 16.2939
      vertex 35.9286 0 16.3183
      vertex 35.9286 -0.95 16.3183
    endloop
  endfacet
  facet normal 0.0978362 0 -0.995203
    outer loop
      vertex 35.9286 0 16.3183
      vertex 35.6804 -0.95 16.2939
      vertex 35.6804 0 16.2939
    endloop
  endfacet
  facet normal 0.163552 0 -0.986535
    outer loop
      vertex 35.9286 -0.95 16.3183
      vertex 36.1741 0 16.359
      vertex 36.1741 -0.95 16.359
    endloop
  endfacet
  facet normal 0.163552 0 -0.986535
    outer loop
      vertex 36.1741 0 16.359
      vertex 35.9286 -0.95 16.3183
      vertex 35.9286 0 16.3183
    endloop
  endfacet
  facet normal 0.228548 0 -0.973533
    outer loop
      vertex 36.1741 -0.95 16.359
      vertex 36.4169 0 16.416
      vertex 36.4169 -0.95 16.416
    endloop
  endfacet
  facet normal 0.228548 0 -0.973533
    outer loop
      vertex 36.4169 0 16.416
      vertex 36.1741 -0.95 16.359
      vertex 36.1741 0 16.359
    endloop
  endfacet
  facet normal 1 -0 0
    outer loop
      vertex 36.4169 -0.95 17.1375
      vertex 36.4169 0 16.416
      vertex 36.4169 0 17.1375
    endloop
  endfacet
  facet normal 1 0 0
    outer loop
      vertex 36.4169 0 16.416
      vertex 36.4169 -0.95 17.1375
      vertex 36.4169 -0.95 16.416
    endloop
  endfacet
  facet normal -0.188386 0 0.982095
    outer loop
      vertex 36.2433 0 17.1042
      vertex 36.4169 -0.95 17.1375
      vertex 36.4169 0 17.1375
    endloop
  endfacet
  facet normal -0.188386 0 0.982095
    outer loop
      vertex 36.4169 -0.95 17.1375
      vertex 36.2433 0 17.1042
      vertex 36.2433 -0.95 17.1042
    endloop
  endfacet
  facet normal -0.154159 0 0.988046
    outer loop
      vertex 36.0914 0 17.0805
      vertex 36.2433 -0.95 17.1042
      vertex 36.2433 0 17.1042
    endloop
  endfacet
  facet normal -0.154159 0 0.988046
    outer loop
      vertex 36.2433 -0.95 17.1042
      vertex 36.0914 0 17.0805
      vertex 36.0914 -0.95 17.0805
    endloop
  endfacet
  facet normal -0.109175 0 0.994023
    outer loop
      vertex 35.9612 0 17.0662
      vertex 36.0914 -0.95 17.0805
      vertex 36.0914 0 17.0805
    endloop
  endfacet
  facet normal -0.109175 0 0.994023
    outer loop
      vertex 36.0914 -0.95 17.0805
      vertex 35.9612 0 17.0662
      vertex 35.9612 -0.95 17.0662
    endloop
  endfacet
  facet normal -0.0432774 0 0.999063
    outer loop
      vertex 35.8527 0 17.0615
      vertex 35.9612 -0.95 17.0662
      vertex 35.9612 0 17.0662
    endloop
  endfacet
  facet normal -0.0432774 0 0.999063
    outer loop
      vertex 35.9612 -0.95 17.0662
      vertex 35.8527 0 17.0615
      vertex 35.8527 -0.95 17.0615
    endloop
  endfacet
  facet normal 0.0668539 0 0.997763
    outer loop
      vertex 35.6945 0 17.0721
      vertex 35.8527 -0.95 17.0615
      vertex 35.8527 0 17.0615
    endloop
  endfacet
  facet normal 0.0668539 0 0.997763
    outer loop
      vertex 35.8527 -0.95 17.0615
      vertex 35.6945 0 17.0721
      vertex 35.6945 -0.95 17.0721
    endloop
  endfacet
  facet normal 0.234951 0 0.972007
    outer loop
      vertex 35.5617 0 17.1042
      vertex 35.6945 -0.95 17.0721
      vertex 35.6945 0 17.0721
    endloop
  endfacet
  facet normal 0.234951 0 0.972007
    outer loop
      vertex 35.6945 -0.95 17.0721
      vertex 35.5617 0 17.1042
      vertex 35.5617 -0.95 17.1042
    endloop
  endfacet
  facet normal 0.445544 0 0.89526
    outer loop
      vertex 35.4544 0 17.1576
      vertex 35.5617 -0.95 17.1042
      vertex 35.5617 0 17.1042
    endloop
  endfacet
  facet normal 0.445544 0 0.89526
    outer loop
      vertex 35.5617 -0.95 17.1042
      vertex 35.4544 0 17.1576
      vertex 35.4544 -0.95 17.1576
    endloop
  endfacet
  facet normal 0.673884 0 0.738837
    outer loop
      vertex 35.3725 0 17.2323
      vertex 35.4544 -0.95 17.1576
      vertex 35.4544 0 17.1576
    endloop
  endfacet
  facet normal 0.673884 0 0.738837
    outer loop
      vertex 35.4544 -0.95 17.1576
      vertex 35.3725 0 17.2323
      vertex 35.3725 -0.95 17.2323
    endloop
  endfacet
  facet normal 0.858538 -0 0.51275
    outer loop
      vertex 35.312 -0.95 17.3336
      vertex 35.3725 0 17.2323
      vertex 35.312 0 17.3336
    endloop
  endfacet
  facet normal 0.858538 0 0.51275
    outer loop
      vertex 35.3725 0 17.2323
      vertex 35.312 -0.95 17.3336
      vertex 35.3725 -0.95 17.2323
    endloop
  endfacet
  facet normal 0.950881 -0 0.309556
    outer loop
      vertex 35.2688 -0.95 17.4663
      vertex 35.312 0 17.3336
      vertex 35.2688 0 17.4663
    endloop
  endfacet
  facet normal 0.950881 0 0.309556
    outer loop
      vertex 35.312 0 17.3336
      vertex 35.2688 -0.95 17.4663
      vertex 35.312 -0.95 17.3336
    endloop
  endfacet
  facet normal 0.987802 -0 0.155716
    outer loop
      vertex 35.2429 -0.95 17.6306
      vertex 35.2688 0 17.4663
      vertex 35.2429 0 17.6306
    endloop
  endfacet
  facet normal 0.987802 0 0.155716
    outer loop
      vertex 35.2688 0 17.4663
      vertex 35.2429 -0.95 17.6306
      vertex 35.2688 -0.95 17.4663
    endloop
  endfacet
  facet normal 0.999014 -0 0.0443893
    outer loop
      vertex 35.2342 -0.95 17.8264
      vertex 35.2429 0 17.6306
      vertex 35.2342 0 17.8264
    endloop
  endfacet
  facet normal 0.999014 0 0.0443893
    outer loop
      vertex 35.2429 0 17.6306
      vertex 35.2342 -0.95 17.8264
      vertex 35.2429 -0.95 17.6306
    endloop
  endfacet
  facet normal 1 -0 0
    outer loop
      vertex 35.2342 -0.95 21.5317
      vertex 35.2342 0 17.8264
      vertex 35.2342 0 21.5317
    endloop
  endfacet
  facet normal 1 0 0
    outer loop
      vertex 35.2342 0 17.8264
      vertex 35.2342 -0.95 21.5317
      vertex 35.2342 -0.95 17.8264
    endloop
  endfacet
  facet normal 0 0 -1
    outer loop
      vertex 35.2342 -0.95 21.5317
      vertex 36.3193 0 21.5317
      vertex 36.3193 -0.95 21.5317
    endloop
  endfacet
  facet normal -0 0 -1
    outer loop
      vertex 36.3193 0 21.5317
      vertex 35.2342 -0.95 21.5317
      vertex 35.2342 0 21.5317
    endloop
  endfacet
  facet normal 1 -0 0
    outer loop
      vertex 36.3193 -0.95 22.2423
      vertex 36.3193 0 21.5317
      vertex 36.3193 0 22.2423
    endloop
  endfacet
  facet normal 1 0 0
    outer loop
      vertex 36.3193 0 21.5317
      vertex 36.3193 -0.95 22.2423
      vertex 36.3193 -0.95 21.5317
    endloop
  endfacet
  facet normal -0 0 1
    outer loop
      vertex 35.2342 0 22.2423
      vertex 36.3193 -0.95 22.2423
      vertex 36.3193 0 22.2423
    endloop
  endfacet
  facet normal 0 0 1
    outer loop
      vertex 36.3193 -0.95 22.2423
      vertex 35.2342 0 22.2423
      vertex 35.2342 -0.95 22.2423
    endloop
  endfacet
  facet normal 1 -0 0
    outer loop
      vertex 35.2342 -0.95 23.5552
      vertex 35.2342 0 22.2423
      vertex 35.2342 0 23.5552
    endloop
  endfacet
  facet normal 1 0 0
    outer loop
      vertex 35.2342 0 22.2423
      vertex 35.2342 -0.95 23.5552
      vertex 35.2342 -0.95 22.2423
    endloop
  endfacet
  facet normal -0 0 1
    outer loop
      vertex 34.5833 0 23.5552
      vertex 35.2342 -0.95 23.5552
      vertex 35.2342 0 23.5552
    endloop
  endfacet
  facet normal 0 0 1
    outer loop
      vertex 35.2342 -0.95 23.5552
      vertex 34.5833 0 23.5552
      vertex 34.5833 -0.95 23.5552
    endloop
  endfacet
  facet normal -0.976837 0 0.213983
    outer loop
      vertex 34.2957 -0.95 22.2423
      vertex 34.5833 0 23.5552
      vertex 34.2957 0 22.2423
    endloop
  endfacet
  facet normal -0.976837 0 0.213983
    outer loop
      vertex 34.5833 0 23.5552
      vertex 34.2957 -0.95 22.2423
      vertex 34.5833 -0.95 23.5552
    endloop
  endfacet
  facet normal -0 0 1
    outer loop
      vertex 33.5796 0 22.2423
      vertex 34.2957 -0.95 22.2423
      vertex 34.2957 0 22.2423
    endloop
  endfacet
  facet normal 0 0 1
    outer loop
      vertex 34.2957 -0.95 22.2423
      vertex 33.5796 0 22.2423
      vertex 33.5796 -0.95 22.2423
    endloop
  endfacet
  facet normal -1 0 0
    outer loop
      vertex 33.5796 -0.95 21.5317
      vertex 33.5796 0 22.2423
      vertex 33.5796 0 21.5317
    endloop
  endfacet
  facet normal -1 -0 0
    outer loop
      vertex 33.5796 0 22.2423
      vertex 33.5796 -0.95 21.5317
      vertex 33.5796 -0.95 22.2423
    endloop
  endfacet
  facet normal 0 0 -1
    outer loop
      vertex 33.5796 -0.95 21.5317
      vertex 34.2577 0 21.5317
      vertex 34.2577 -0.95 21.5317
    endloop
  endfacet
  facet normal -0 0 -1
    outer loop
      vertex 34.2577 0 21.5317
      vertex 33.5796 -0.95 21.5317
      vertex 33.5796 0 21.5317
    endloop
  endfacet
  facet normal -1 0 0
    outer loop
      vertex 34.2577 -0.95 17.6148
      vertex 34.2577 0 21.5317
      vertex 34.2577 0 17.6148
    endloop
  endfacet
  facet normal -1 -0 0
    outer loop
      vertex 34.2577 0 21.5317
      vertex 34.2577 -0.95 17.6148
      vertex 34.2577 -0.95 21.5317
    endloop
  endfacet
  facet normal -0.992149 0 -0.125064
    outer loop
      vertex 34.331 -0.95 17.0333
      vertex 34.2577 0 17.6148
      vertex 34.331 0 17.0333
    endloop
  endfacet
  facet normal -0.992149 -0 -0.125064
    outer loop
      vertex 34.2577 0 17.6148
      vertex 34.331 -0.95 17.0333
      vertex 34.2577 -0.95 17.6148
    endloop
  endfacet
  facet normal -0.883933 0 -0.467614
    outer loop
      vertex 34.5507 -0.95 16.618
      vertex 34.331 0 17.0333
      vertex 34.5507 0 16.618
    endloop
  endfacet
  facet normal -0.883933 -0 -0.467614
    outer loop
      vertex 34.331 0 17.0333
      vertex 34.5507 -0.95 16.618
      vertex 34.331 -0.95 17.0333
    endloop
  endfacet
  facet normal -0.562594 0 -0.826733
    outer loop
      vertex 34.5507 -0.95 16.618
      vertex 34.9169 0 16.3688
      vertex 34.9169 -0.95 16.3688
    endloop
  endfacet
  facet normal -0.562594 0 -0.826733
    outer loop
      vertex 34.9169 0 16.3688
      vertex 34.5507 -0.95 16.618
      vertex 34.5507 0 16.618
    endloop
  endfacet
  facet normal -0.160026 0 -0.987113
    outer loop
      vertex 34.9169 -0.95 16.3688
      vertex 35.4295 0 16.2857
      vertex 35.4295 -0.95 16.2857
    endloop
  endfacet
  facet normal -0.160026 0 -0.987113
    outer loop
      vertex 35.4295 0 16.2857
      vertex 34.9169 -0.95 16.3688
      vertex 34.9169 0 16.3688
    endloop
  endfacet
  facet normal 0.0326649 0 -0.999466
    outer loop
      vertex 35.4295 -0.95 16.2857
      vertex 35.6804 0 16.2939
      vertex 35.6804 -0.95 16.2939
    endloop
  endfacet
  facet normal 0.0326649 0 -0.999466
    outer loop
      vertex 35.6804 0 16.2939
      vertex 35.4295 -0.95 16.2857
      vertex 35.4295 0 16.2857
    endloop
  endfacet
  facet normal 0.356747 0 -0.934201
    outer loop
      vertex 83.2363 -0.95 16.3508
      vertex 83.9182 0 16.6112
      vertex 83.9182 -0.95 16.6112
    endloop
  endfacet
  facet normal 0.356747 0 -0.934201
    outer loop
      vertex 83.9182 0 16.6112
      vertex 83.2363 -0.95 16.3508
      vertex 83.2363 0 16.3508
    endloop
  endfacet
  facet normal 0.644922 0 -0.764248
    outer loop
      vertex 83.9182 -0.95 16.6112
      vertex 84.4325 0 17.0452
      vertex 84.4325 -0.95 17.0452
    endloop
  endfacet
  facet normal 0.644922 0 -0.764248
    outer loop
      vertex 84.4325 0 17.0452
      vertex 83.9182 -0.95 16.6112
      vertex 83.9182 0 16.6112
    endloop
  endfacet
  facet normal 0.868428 0 -0.495816
    outer loop
      vertex 84.7794 -0.95 17.6528
      vertex 84.4325 0 17.0452
      vertex 84.7794 0 17.6528
    endloop
  endfacet
  facet normal 0.868428 0 -0.495816
    outer loop
      vertex 84.4325 0 17.0452
      vertex 84.7794 -0.95 17.6528
      vertex 84.4325 -0.95 17.0452
    endloop
  endfacet
  facet normal 0.273906 0 0.961756
    outer loop
      vertex 83.9223 0 17.8969
      vertex 84.7794 -0.95 17.6528
      vertex 84.7794 0 17.6528
    endloop
  endfacet
  facet normal 0.273906 0 0.961756
    outer loop
      vertex 84.7794 -0.95 17.6528
      vertex 83.9223 0 17.8969
      vertex 83.9223 -0.95 17.8969
    endloop
  endfacet
  facet normal -0.913307 0 0.407272
    outer loop
      vertex 83.839 -0.95 17.7101
      vertex 83.9223 0 17.8969
      vertex 83.839 0 17.7101
    endloop
  endfacet
  facet normal -0.913307 0 0.407272
    outer loop
      vertex 83.9223 0 17.8969
      vertex 83.839 -0.95 17.7101
      vertex 83.9223 -0.95 17.8969
    endloop
  endfacet
  facet normal -0.830166 0 0.557516
    outer loop
      vertex 83.7249 -0.95 17.5402
      vertex 83.839 0 17.7101
      vertex 83.7249 0 17.5402
    endloop
  endfacet
  facet normal -0.830166 0 0.557516
    outer loop
      vertex 83.839 0 17.7101
      vertex 83.7249 -0.95 17.5402
      vertex 83.839 -0.95 17.7101
    endloop
  endfacet
  facet normal -0.725603 0 0.688113
    outer loop
      vertex 83.5799 -0.95 17.3873
      vertex 83.7249 0 17.5402
      vertex 83.5799 0 17.3873
    endloop
  endfacet
  facet normal -0.725603 0 0.688113
    outer loop
      vertex 83.7249 0 17.5402
      vertex 83.5799 -0.95 17.3873
      vertex 83.7249 -0.95 17.5402
    endloop
  endfacet
  facet normal -0.611883 0 0.790948
    outer loop
      vertex 83.4041 0 17.2513
      vertex 83.5799 -0.95 17.3873
      vertex 83.5799 0 17.3873
    endloop
  endfacet
  facet normal -0.611883 0 0.790948
    outer loop
      vertex 83.5799 -0.95 17.3873
      vertex 83.4041 0 17.2513
      vertex 83.4041 -0.95 17.2513
    endloop
  endfacet
  facet normal -0.474227 0 0.880403
    outer loop
      vertex 83.1971 0 17.1398
      vertex 83.4041 -0.95 17.2513
      vertex 83.4041 0 17.2513
    endloop
  endfacet
  facet normal -0.474227 0 0.880403
    outer loop
      vertex 83.4041 -0.95 17.2513
      vertex 83.1971 0 17.1398
      vertex 83.1971 -0.95 17.1398
    endloop
  endfacet
  facet normal -0.316943 0 0.948444
    outer loop
      vertex 82.9586 0 17.0601
      vertex 83.1971 -0.95 17.1398
      vertex 83.1971 0 17.1398
    endloop
  endfacet
  facet normal -0.316943 0 0.948444
    outer loop
      vertex 83.1971 -0.95 17.1398
      vertex 82.9586 0 17.0601
      vertex 82.9586 -0.95 17.0601
    endloop
  endfacet
  facet normal -0.174326 0 0.984688
    outer loop
      vertex 82.6886 0 17.0123
      vertex 82.9586 -0.95 17.0601
      vertex 82.9586 0 17.0601
    endloop
  endfacet
  facet normal -0.174326 0 0.984688
    outer loop
      vertex 82.9586 -0.95 17.0601
      vertex 82.6886 0 17.0123
      vertex 82.6886 -0.95 17.0123
    endloop
  endfacet
  facet normal -0.0526457 0 0.998613
    outer loop
      vertex 82.387 0 16.9964
      vertex 82.6886 -0.95 17.0123
      vertex 82.6886 0 17.0123
    endloop
  endfacet
  facet normal -0.0526457 0 0.998613
    outer loop
      vertex 82.6886 -0.95 17.0123
      vertex 82.387 0 16.9964
      vertex 82.387 -0.95 16.9964
    endloop
  endfacet
  facet normal 0.0902502 0 0.995919
    outer loop
      vertex 82.0096 0 17.0306
      vertex 82.387 -0.95 16.9964
      vertex 82.387 0 16.9964
    endloop
  endfacet
  facet normal 0.0902502 0 0.995919
    outer loop
      vertex 82.387 -0.95 16.9964
      vertex 82.0096 0 17.0306
      vertex 82.0096 -0.95 17.0306
    endloop
  endfacet
  facet normal 0.29773 0 0.95465
    outer loop
      vertex 81.6803 0 17.1333
      vertex 82.0096 -0.95 17.0306
      vertex 82.0096 0 17.0306
    endloop
  endfacet
  facet normal 0.29773 0 0.95465
    outer loop
      vertex 82.0096 -0.95 17.0306
      vertex 81.6803 0 17.1333
      vertex 81.6803 -0.95 17.1333
    endloop
  endfacet
  facet normal 0.520381 0 0.853934
    outer loop
      vertex 81.3992 0 17.3046
      vertex 81.6803 -0.95 17.1333
      vertex 81.6803 0 17.1333
    endloop
  endfacet
  facet normal 0.520381 0 0.853934
    outer loop
      vertex 81.6803 -0.95 17.1333
      vertex 81.3992 0 17.3046
      vertex 81.3992 -0.95 17.3046
    endloop
  endfacet
  facet normal 0.717207 -0 0.69686
    outer loop
      vertex 81.1663 -0.95 17.5443
      vertex 81.3992 0 17.3046
      vertex 81.1663 0 17.5443
    endloop
  endfacet
  facet normal 0.717207 0 0.69686
    outer loop
      vertex 81.3992 0 17.3046
      vertex 81.1663 -0.95 17.5443
      vertex 81.3992 -0.95 17.3046
    endloop
  endfacet
  facet normal 0.856218 -0 0.516615
    outer loop
      vertex 80.9836 -0.95 17.8471
      vertex 81.1663 0 17.5443
      vertex 80.9836 0 17.8471
    endloop
  endfacet
  facet normal 0.856218 0 0.516615
    outer loop
      vertex 81.1663 0 17.5443
      vertex 80.9836 -0.95 17.8471
      vertex 81.1663 -0.95 17.5443
    endloop
  endfacet
  facet normal 0.940174 -0 0.340696
    outer loop
      vertex 80.853 -0.95 18.2075
      vertex 80.9836 0 17.8471
      vertex 80.853 0 18.2075
    endloop
  endfacet
  facet normal 0.940174 0 0.340696
    outer loop
      vertex 80.9836 0 17.8471
      vertex 80.853 -0.95 18.2075
      vertex 80.9836 -0.95 17.8471
    endloop
  endfacet
  facet normal 0.982912 -0 0.184076
    outer loop
      vertex 80.7747 -0.95 18.6256
      vertex 80.853 0 18.2075
      vertex 80.7747 0 18.6256
    endloop
  endfacet
  facet normal 0.982912 0 0.184076
    outer loop
      vertex 80.853 0 18.2075
      vertex 80.7747 -0.95 18.6256
      vertex 80.853 -0.95 18.2075
    endloop
  endfacet
  facet normal 0.998498 -0 0.0547841
    outer loop
      vertex 80.7486 -0.95 19.1013
      vertex 80.7747 0 18.6256
      vertex 80.7486 0 19.1013
    endloop
  endfacet
  facet normal 0.998498 0 0.0547841
    outer loop
      vertex 80.7747 0 18.6256
      vertex 80.7486 -0.95 19.1013
      vertex 80.7747 -0.95 18.6256
    endloop
  endfacet
  facet normal 0 0 -1
    outer loop
      vertex 80.7486 -0.95 19.1013
      vertex 84.9368 0 19.1013
      vertex 84.9368 -0.95 19.1013
    endloop
  endfacet
  facet normal -0 0 -1
    outer loop
      vertex 84.9368 0 19.1013
      vertex 80.7486 -0.95 19.1013
      vertex 80.7486 0 19.1013
    endloop
  endfacet
  facet normal 1 -0 0
    outer loop
      vertex 84.9368 -0.95 19.2315
      vertex 84.9368 0 19.1013
      vertex 84.9368 0 19.2315
    endloop
  endfacet
  facet normal 1 0 0
    outer loop
      vertex 84.9368 0 19.1013
      vertex 84.9368 -0.95 19.2315
      vertex 84.9368 -0.95 19.1013
    endloop
  endfacet
  facet normal 0.993045 -0 0.117736
    outer loop
      vertex 84.775 -0.95 20.5962
      vertex 84.9368 0 19.2315
      vertex 84.775 0 20.5962
    endloop
  endfacet
  facet normal 0.993045 0 0.117736
    outer loop
      vertex 84.9368 0 19.2315
      vertex 84.775 -0.95 20.5962
      vertex 84.9368 -0.95 19.2315
    endloop
  endfacet
  facet normal 0.895234 -0 0.445597
    outer loop
      vertex 84.2898 -0.95 21.571
      vertex 84.775 0 20.5962
      vertex 84.2898 0 21.571
    endloop
  endfacet
  facet normal 0.895234 0 0.445597
    outer loop
      vertex 84.775 0 20.5962
      vertex 84.2898 -0.95 21.571
      vertex 84.775 -0.95 20.5962
    endloop
  endfacet
  facet normal 0.586043 0 0.81028
    outer loop
      vertex 83.4811 0 22.1559
      vertex 84.2898 -0.95 21.571
      vertex 84.2898 0 21.571
    endloop
  endfacet
  facet normal 0.586043 0 0.81028
    outer loop
      vertex 84.2898 -0.95 21.571
      vertex 83.4811 0 22.1559
      vertex 83.4811 -0.95 22.1559
    endloop
  endfacet
  facet normal 0.169662 0 0.985502
    outer loop
      vertex 82.349 0 22.3508
      vertex 83.4811 -0.95 22.1559
      vertex 83.4811 0 22.1559
    endloop
  endfacet
  facet normal 0.169662 0 0.985502
    outer loop
      vertex 83.4811 -0.95 22.1559
      vertex 82.349 0 22.3508
      vertex 82.349 -0.95 22.3508
    endloop
  endfacet
  facet normal -0.0811618 0 0.996701
    outer loop
      vertex 81.7534 0 22.3023
      vertex 82.349 -0.95 22.3508
      vertex 82.349 0 22.3508
    endloop
  endfacet
  facet normal -0.0811618 0 0.996701
    outer loop
      vertex 82.349 -0.95 22.3508
      vertex 81.7534 0 22.3023
      vertex 81.7534 -0.95 22.3023
    endloop
  endfacet
  facet normal -0.268043 0 0.963407
    outer loop
      vertex 81.2308 0 22.1569
      vertex 81.7534 -0.95 22.3023
      vertex 81.7534 0 22.3023
    endloop
  endfacet
  facet normal -0.268043 0 0.963407
    outer loop
      vertex 81.7534 -0.95 22.3023
      vertex 81.2308 0 22.1569
      vertex 81.2308 -0.95 22.1569
    endloop
  endfacet
  facet normal -0.474555 0 0.880226
    outer loop
      vertex 80.781 0 21.9144
      vertex 81.2308 -0.95 22.1569
      vertex 81.2308 0 22.1569
    endloop
  endfacet
  facet normal -0.474555 0 0.880226
    outer loop
      vertex 81.2308 -0.95 22.1569
      vertex 80.781 0 21.9144
      vertex 80.781 -0.95 21.9144
    endloop
  endfacet
  facet normal -0.669063 0 0.743206
    outer loop
      vertex 80.4041 0 21.5751
      vertex 80.781 -0.95 21.9144
      vertex 80.781 0 21.9144
    endloop
  endfacet
  facet normal -0.669063 0 0.743206
    outer loop
      vertex 80.781 -0.95 21.9144
      vertex 80.4041 0 21.5751
      vertex 80.4041 -0.95 21.5751
    endloop
  endfacet
  facet normal -0.822282 0 0.569081
    outer loop
      vertex 80.1063 -0.95 21.1448
      vertex 80.4041 0 21.5751
      vertex 80.1063 0 21.1448
    endloop
  endfacet
  facet normal -0.822282 0 0.569081
    outer loop
      vertex 80.4041 0 21.5751
      vertex 80.1063 -0.95 21.1448
      vertex 80.4041 -0.95 21.5751
    endloop
  endfacet
  facet normal -0.924235 0 0.381823
    outer loop
      vertex 79.8935 -0.95 20.6297
      vertex 80.1063 0 21.1448
      vertex 79.8935 0 20.6297
    endloop
  endfacet
  facet normal -0.924235 0 0.381823
    outer loop
      vertex 80.1063 0 21.1448
      vertex 79.8935 -0.95 20.6297
      vertex 80.1063 -0.95 21.1448
    endloop
  endfacet
  facet normal -0.978105 0 0.208114
    outer loop
      vertex 79.7659 -0.95 20.03
      vertex 79.8935 0 20.6297
      vertex 79.7659 0 20.03
    endloop
  endfacet
  facet normal -0.978105 0 0.208114
    outer loop
      vertex 79.8935 0 20.6297
      vertex 79.7659 -0.95 20.03
      vertex 79.8935 -0.95 20.6297
    endloop
  endfacet
  facet normal -0.99807 0 0.062106
    outer loop
      vertex 79.7233 -0.95 19.3454
      vertex 79.7659 0 20.03
      vertex 79.7233 0 19.3454
    endloop
  endfacet
  facet normal -0.99807 0 0.062106
    outer loop
      vertex 79.7659 0 20.03
      vertex 79.7233 -0.95 19.3454
      vertex 79.7659 -0.95 20.03
    endloop
  endfacet
  facet normal -0.998244 0 -0.0592438
    outer loop
      vertex 79.7659 -0.95 18.6276
      vertex 79.7233 0 19.3454
      vertex 79.7659 0 18.6276
    endloop
  endfacet
  facet normal -0.998244 -0 -0.0592438
    outer loop
      vertex 79.7233 0 19.3454
      vertex 79.7659 -0.95 18.6276
      vertex 79.7233 -0.95 19.3454
    endloop
  endfacet
  facet normal -0.979695 0 -0.200496
    outer loop
      vertex 79.8935 -0.95 18.0041
      vertex 79.7659 0 18.6276
      vertex 79.8935 0 18.0041
    endloop
  endfacet
  facet normal -0.979695 -0 -0.200496
    outer loop
      vertex 79.7659 0 18.6276
      vertex 79.8935 -0.95 18.0041
      vertex 79.7659 -0.95 18.6276
    endloop
  endfacet
  facet normal -0.927822 0 -0.373022
    outer loop
      vertex 80.1063 -0.95 17.4748
      vertex 79.8935 0 18.0041
      vertex 80.1063 0 17.4748
    endloop
  endfacet
  facet normal -0.927822 -0 -0.373022
    outer loop
      vertex 79.8935 0 18.0041
      vertex 80.1063 -0.95 17.4748
      vertex 79.8935 -0.95 18.0041
    endloop
  endfacet
  facet normal -0.825158 0 -0.564902
    outer loop
      vertex 80.4041 -0.95 17.0398
      vertex 80.1063 0 17.4748
      vertex 80.4041 0 17.0398
    endloop
  endfacet
  facet normal -0.825158 -0 -0.564902
    outer loop
      vertex 80.1063 0 17.4748
      vertex 80.4041 -0.95 17.0398
      vertex 80.1063 -0.95 17.4748
    endloop
  endfacet
  facet normal -0.666824 0 -0.745216
    outer loop
      vertex 80.4041 -0.95 17.0398
      vertex 80.7834 0 16.7004
      vertex 80.7834 -0.95 16.7004
    endloop
  endfacet
  facet normal -0.666824 0 -0.745216
    outer loop
      vertex 80.7834 0 16.7004
      vertex 80.4041 -0.95 17.0398
      vertex 80.4041 0 17.0398
    endloop
  endfacet
  facet normal -0.46866 0 -0.883378
    outer loop
      vertex 80.7834 -0.95 16.7004
      vertex 81.2403 0 16.458
      vertex 81.2403 -0.95 16.458
    endloop
  endfacet
  facet normal -0.46866 0 -0.883378
    outer loop
      vertex 81.2403 0 16.458
      vertex 80.7834 -0.95 16.7004
      vertex 80.7834 0 16.7004
    endloop
  endfacet
  facet normal -0.262659 0 -0.964889
    outer loop
      vertex 81.2403 -0.95 16.458
      vertex 81.7748 0 16.3125
      vertex 81.7748 -0.95 16.3125
    endloop
  endfacet
  facet normal -0.262659 0 -0.964889
    outer loop
      vertex 81.7748 0 16.3125
      vertex 81.2403 -0.95 16.458
      vertex 81.2403 0 16.458
    endloop
  endfacet
  facet normal -0.078975 0 -0.996877
    outer loop
      vertex 81.7748 -0.95 16.3125
      vertex 82.387 0 16.264
      vertex 82.387 -0.95 16.264
    endloop
  endfacet
  facet normal -0.078975 0 -0.996877
    outer loop
      vertex 82.387 0 16.264
      vertex 81.7748 -0.95 16.3125
      vertex 81.7748 0 16.3125
    endloop
  endfacet
  facet normal 0.101672 0 -0.994818
    outer loop
      vertex 82.387 -0.95 16.264
      vertex 83.2363 0 16.3508
      vertex 83.2363 -0.95 16.3508
    endloop
  endfacet
  facet normal 0.101672 0 -0.994818
    outer loop
      vertex 83.2363 0 16.3508
      vertex 82.387 -0.95 16.264
      vertex 82.387 0 16.264
    endloop
  endfacet
  facet normal 0.994804 0 -0.10181
    outer loop
      vertex 80.7997 -0.95 20.2427
      vertex 80.7595 0 19.8499
      vertex 80.7997 0 20.2427
    endloop
  endfacet
  facet normal 0.994804 0 -0.10181
    outer loop
      vertex 80.7595 0 19.8499
      vertex 80.7997 -0.95 20.2427
      vertex 80.7595 -0.95 19.8499
    endloop
  endfacet
  facet normal 0.969616 0 -0.244631
    outer loop
      vertex 80.8876 -0.95 20.5911
      vertex 80.7997 0 20.2427
      vertex 80.8876 0 20.5911
    endloop
  endfacet
  facet normal 0.969616 0 -0.244631
    outer loop
      vertex 80.7997 0 20.2427
      vertex 80.8876 -0.95 20.5911
      vertex 80.7997 -0.95 20.2427
    endloop
  endfacet
  facet normal 0.912992 0 -0.407977
    outer loop
      vertex 81.0234 -0.95 20.895
      vertex 80.8876 0 20.5911
      vertex 81.0234 0 20.895
    endloop
  endfacet
  facet normal 0.912992 0 -0.407977
    outer loop
      vertex 80.8876 0 20.5911
      vertex 81.0234 -0.95 20.895
      vertex 80.8876 -0.95 20.5911
    endloop
  endfacet
  facet normal 0.816445 0 -0.577424
    outer loop
      vertex 81.207 -0.95 21.1546
      vertex 81.0234 0 20.895
      vertex 81.207 0 21.1546
    endloop
  endfacet
  facet normal 0.816445 0 -0.577424
    outer loop
      vertex 81.0234 0 20.895
      vertex 81.207 -0.95 21.1546
      vertex 81.0234 -0.95 20.895
    endloop
  endfacet
  facet normal 0.676668 0 -0.736288
    outer loop
      vertex 81.207 -0.95 21.1546
      vertex 81.433 0 21.3623
      vertex 81.433 -0.95 21.3623
    endloop
  endfacet
  facet normal 0.676668 0 -0.736288
    outer loop
      vertex 81.433 0 21.3623
      vertex 81.207 -0.95 21.1546
      vertex 81.207 0 21.1546
    endloop
  endfacet
  facet normal 0.491173 0 -0.871062
    outer loop
      vertex 81.433 -0.95 21.3623
      vertex 81.696 0 21.5106
      vertex 81.696 -0.95 21.5106
    endloop
  endfacet
  facet normal 0.491173 0 -0.871062
    outer loop
      vertex 81.696 0 21.5106
      vertex 81.433 -0.95 21.3623
      vertex 81.433 0 21.3623
    endloop
  endfacet
  facet normal 0.284502 0 -0.958675
    outer loop
      vertex 81.696 -0.95 21.5106
      vertex 81.9959 0 21.5996
      vertex 81.9959 -0.95 21.5996
    endloop
  endfacet
  facet normal 0.284502 0 -0.958675
    outer loop
      vertex 81.9959 0 21.5996
      vertex 81.696 -0.95 21.5106
      vertex 81.696 0 21.5106
    endloop
  endfacet
  facet normal 0.0878161 0 -0.996137
    outer loop
      vertex 81.9959 -0.95 21.5996
      vertex 82.3328 0 21.6293
      vertex 82.3328 -0.95 21.6293
    endloop
  endfacet
  facet normal 0.0878161 0 -0.996137
    outer loop
      vertex 82.3328 0 21.6293
      vertex 81.9959 -0.95 21.5996
      vertex 81.9959 0 21.5996
    endloop
  endfacet
  facet normal -0.0769176 0 -0.997037
    outer loop
      vertex 82.3328 -0.95 21.6293
      vertex 82.6776 0 21.6027
      vertex 82.6776 -0.95 21.6027
    endloop
  endfacet
  facet normal -0.0769176 0 -0.997037
    outer loop
      vertex 82.6776 0 21.6027
      vertex 82.3328 -0.95 21.6293
      vertex 82.3328 0 21.6293
    endloop
  endfacet
  facet normal -0.255769 0 -0.966738
    outer loop
      vertex 82.6776 -0.95 21.6027
      vertex 82.9796 0 21.5228
      vertex 82.9796 -0.95 21.5228
    endloop
  endfacet
  facet normal -0.255769 0 -0.966738
    outer loop
      vertex 82.9796 0 21.5228
      vertex 82.6776 -0.95 21.6027
      vertex 82.6776 0 21.6027
    endloop
  endfacet
  facet normal -0.456247 0 -0.889853
    outer loop
      vertex 82.9796 -0.95 21.5228
      vertex 83.239 0 21.3898
      vertex 83.239 -0.95 21.3898
    endloop
  endfacet
  facet normal -0.456247 0 -0.889853
    outer loop
      vertex 83.239 0 21.3898
      vertex 82.9796 -0.95 21.5228
      vertex 82.9796 0 21.5228
    endloop
  endfacet
  facet normal -0.652289 0 -0.757971
    outer loop
      vertex 83.239 -0.95 21.3898
      vertex 83.4556 0 21.2034
      vertex 83.4556 -0.95 21.2034
    endloop
  endfacet
  facet normal -0.652289 0 -0.757971
    outer loop
      vertex 83.4556 0 21.2034
      vertex 83.239 -0.95 21.3898
      vertex 83.239 0 21.3898
    endloop
  endfacet
  facet normal -0.811257 0 -0.58469
    outer loop
      vertex 83.6316 -0.95 20.9592
      vertex 83.4556 0 21.2034
      vertex 83.6316 0 20.9592
    endloop
  endfacet
  facet normal -0.811257 -0 -0.58469
    outer loop
      vertex 83.4556 0 21.2034
      vertex 83.6316 -0.95 20.9592
      vertex 83.4556 -0.95 21.2034
    endloop
  endfacet
  facet normal -0.912804 0 -0.408399
    outer loop
      vertex 83.769 -0.95 20.6521
      vertex 83.6316 0 20.9592
      vertex 83.769 0 20.6521
    endloop
  endfacet
  facet normal -0.912804 -0 -0.408399
    outer loop
      vertex 83.6316 0 20.9592
      vertex 83.769 -0.95 20.6521
      vertex 83.6316 -0.95 20.9592
    endloop
  endfacet
  facet normal -0.966226 0 -0.257695
    outer loop
      vertex 83.8676 -0.95 20.2824
      vertex 83.769 0 20.6521
      vertex 83.8676 0 20.2824
    endloop
  endfacet
  facet normal -0.966226 -0 -0.257695
    outer loop
      vertex 83.769 0 20.6521
      vertex 83.8676 -0.95 20.2824
      vertex 83.769 -0.95 20.6521
    endloop
  endfacet
  facet normal -0.990514 0 -0.137412
    outer loop
      vertex 83.9276 -0.95 19.8499
      vertex 83.8676 0 20.2824
      vertex 83.9276 0 19.8499
    endloop
  endfacet
  facet normal -0.990514 -0 -0.137412
    outer loop
      vertex 83.8676 0 20.2824
      vertex 83.9276 -0.95 19.8499
      vertex 83.8676 -0.95 20.2824
    endloop
  endfacet
  facet normal -0 0 1
    outer loop
      vertex 80.7595 0 19.8499
      vertex 83.9276 -0.95 19.8499
      vertex 83.9276 0 19.8499
    endloop
  endfacet
  facet normal 0 0 1
    outer loop
      vertex 83.9276 -0.95 19.8499
      vertex 80.7595 0 19.8499
      vertex 80.7595 -0.95 19.8499
    endloop
  endfacet
  facet normal 0.227139 0 -0.973862
    outer loop
      vertex 31.4322 -0.95 16.2956
      vertex 31.8378 0 16.3902
      vertex 31.8378 -0.95 16.3902
    endloop
  endfacet
  facet normal 0.227139 0 -0.973862
    outer loop
      vertex 31.8378 0 16.3902
      vertex 31.4322 -0.95 16.2956
      vertex 31.4322 0 16.2956
    endloop
  endfacet
  facet normal 0.39659 0 -0.917996
    outer loop
      vertex 31.8378 -0.95 16.3902
      vertex 32.2026 0 16.5478
      vertex 32.2026 -0.95 16.5478
    endloop
  endfacet
  facet normal 0.39659 0 -0.917996
    outer loop
      vertex 32.2026 0 16.5478
      vertex 31.8378 -0.95 16.3902
      vertex 31.8378 0 16.3902
    endloop
  endfacet
  facet normal 0.562854 0 -0.826556
    outer loop
      vertex 32.2026 -0.95 16.5478
      vertex 32.5267 0 16.7685
      vertex 32.5267 -0.95 16.7685
    endloop
  endfacet
  facet normal 0.562854 0 -0.826556
    outer loop
      vertex 32.5267 0 16.7685
      vertex 32.2026 -0.95 16.5478
      vertex 32.2026 0 16.5478
    endloop
  endfacet
  facet normal 0.707883 0 -0.70633
    outer loop
      vertex 32.7997 -0.95 17.0421
      vertex 32.5267 0 16.7685
      vertex 32.7997 0 17.0421
    endloop
  endfacet
  facet normal 0.707883 0 -0.70633
    outer loop
      vertex 32.5267 0 16.7685
      vertex 32.7997 -0.95 17.0421
      vertex 32.5267 -0.95 16.7685
    endloop
  endfacet
  facet normal 0.831727 0 -0.555185
    outer loop
      vertex 33.0109 -0.95 17.3585
      vertex 32.7997 0 17.0421
      vertex 33.0109 0 17.3585
    endloop
  endfacet
  facet normal 0.831727 0 -0.555185
    outer loop
      vertex 32.7997 0 17.0421
      vertex 33.0109 -0.95 17.3585
      vertex 32.7997 -0.95 17.0421
    endloop
  endfacet
  facet normal 0.923191 0 -0.384342
    outer loop
      vertex 33.1604 -0.95 17.7176
      vertex 33.0109 0 17.3585
      vertex 33.1604 0 17.7176
    endloop
  endfacet
  facet normal 0.923191 0 -0.384342
    outer loop
      vertex 33.0109 0 17.3585
      vertex 33.1604 -0.95 17.7176
      vertex 33.0109 -0.95 17.3585
    endloop
  endfacet
  facet normal 0.976897 0 -0.213711
    outer loop
      vertex 33.2483 -0.95 18.1194
      vertex 33.1604 0 17.7176
      vertex 33.2483 0 18.1194
    endloop
  endfacet
  facet normal 0.976897 0 -0.213711
    outer loop
      vertex 33.1604 0 17.7176
      vertex 33.2483 -0.95 18.1194
      vertex 33.1604 -0.95 17.7176
    endloop
  endfacet
  facet normal 0.0656873 0 0.99784
    outer loop
      vertex 32.2609 0 18.1844
      vertex 33.2483 -0.95 18.1194
      vertex 33.2483 0 18.1194
    endloop
  endfacet
  facet normal 0.0656873 0 0.99784
    outer loop
      vertex 33.2483 -0.95 18.1194
      vertex 32.2609 0 18.1844
      vertex 32.2609 -0.95 18.1844
    endloop
  endfacet
  facet normal -0.978667 0 0.205452
    outer loop
      vertex 32.2034 -0.95 17.9105
      vertex 32.2609 0 18.1844
      vertex 32.2034 0 17.9105
    endloop
  endfacet
  facet normal -0.978667 0 0.205452
    outer loop
      vertex 32.2609 0 18.1844
      vertex 32.2034 -0.95 17.9105
      vertex 32.2609 -0.95 18.1844
    endloop
  endfacet
  facet normal -0.93304 0 0.359774
    outer loop
      vertex 32.1124 -0.95 17.6745
      vertex 32.2034 0 17.9105
      vertex 32.1124 0 17.6745
    endloop
  endfacet
  facet normal -0.93304 0 0.359774
    outer loop
      vertex 32.2034 0 17.9105
      vertex 32.1124 -0.95 17.6745
      vertex 32.2034 -0.95 17.9105
    endloop
  endfacet
  facet normal -0.846361 0 0.532609
    outer loop
      vertex 31.9878 -0.95 17.4765
      vertex 32.1124 0 17.6745
      vertex 31.9878 0 17.4765
    endloop
  endfacet
  facet normal -0.846361 0 0.532609
    outer loop
      vertex 32.1124 0 17.6745
      vertex 31.9878 -0.95 17.4765
      vertex 32.1124 -0.95 17.6745
    endloop
  endfacet
  facet normal -0.711315 0 0.702873
    outer loop
      vertex 31.8296 -0.95 17.3164
      vertex 31.9878 0 17.4765
      vertex 31.8296 0 17.3164
    endloop
  endfacet
  facet normal -0.711315 0 0.702873
    outer loop
      vertex 31.9878 0 17.4765
      vertex 31.8296 -0.95 17.3164
      vertex 31.9878 -0.95 17.4765
    endloop
  endfacet
  facet normal -0.553664 0 0.83274
    outer loop
      vertex 31.644 0 17.193
      vertex 31.8296 -0.95 17.3164
      vertex 31.8296 0 17.3164
    endloop
  endfacet
  facet normal -0.553664 0 0.83274
    outer loop
      vertex 31.8296 -0.95 17.3164
      vertex 31.644 0 17.193
      vertex 31.644 -0.95 17.193
    endloop
  endfacet
  facet normal -0.391611 0 0.920131
    outer loop
      vertex 31.437 0 17.1049
      vertex 31.644 -0.95 17.193
      vertex 31.644 0 17.193
    endloop
  endfacet
  facet normal -0.391611 0 0.920131
    outer loop
      vertex 31.644 -0.95 17.193
      vertex 31.437 0 17.1049
      vertex 31.437 -0.95 17.1049
    endloop
  endfacet
  facet normal -0.225638 0 0.974211
    outer loop
      vertex 31.2086 0 17.052
      vertex 31.437 -0.95 17.1049
      vertex 31.437 0 17.1049
    endloop
  endfacet
  facet normal -0.225638 0 0.974211
    outer loop
      vertex 31.437 -0.95 17.1049
      vertex 31.2086 0 17.052
      vertex 31.2086 -0.95 17.052
    endloop
  endfacet
  facet normal -0.0707076 0 0.997497
    outer loop
      vertex 30.9589 0 17.0343
      vertex 31.2086 -0.95 17.052
      vertex 31.2086 0 17.052
    endloop
  endfacet
  facet normal -0.0707076 0 0.997497
    outer loop
      vertex 31.2086 -0.95 17.052
      vertex 30.9589 0 17.0343
      vertex 30.9589 -0.95 17.0343
    endloop
  endfacet
  facet normal 0.100862 0 0.9949
    outer loop
      vertex 30.6107 0 17.0696
      vertex 30.9589 -0.95 17.0343
      vertex 30.9589 0 17.0343
    endloop
  endfacet
  facet normal 0.100862 0 0.9949
    outer loop
      vertex 30.9589 -0.95 17.0343
      vertex 30.6107 0 17.0696
      vertex 30.6107 -0.95 17.0696
    endloop
  endfacet
  facet normal 0.331215 0 0.943555
    outer loop
      vertex 30.3093 0 17.1754
      vertex 30.6107 -0.95 17.0696
      vertex 30.6107 0 17.0696
    endloop
  endfacet
  facet normal 0.331215 0 0.943555
    outer loop
      vertex 30.6107 -0.95 17.0696
      vertex 30.3093 0 17.1754
      vertex 30.3093 -0.95 17.1754
    endloop
  endfacet
  facet normal 0.569143 0 0.822239
    outer loop
      vertex 30.0546 0 17.3517
      vertex 30.3093 -0.95 17.1754
      vertex 30.3093 0 17.1754
    endloop
  endfacet
  facet normal 0.569143 0 0.822239
    outer loop
      vertex 30.3093 -0.95 17.1754
      vertex 30.0546 0 17.3517
      vertex 30.0546 -0.95 17.3517
    endloop
  endfacet
  facet normal 0.764807 -0 0.64426
    outer loop
      vertex 29.8467 -0.95 17.5985
      vertex 30.0546 0 17.3517
      vertex 29.8467 0 17.5985
    endloop
  endfacet
  facet normal 0.764807 0 0.64426
    outer loop
      vertex 30.0546 0 17.3517
      vertex 29.8467 -0.95 17.5985
      vertex 30.0546 -0.95 17.3517
    endloop
  endfacet
  facet normal 0.893028 -0 0.450001
    outer loop
      vertex 29.6854 -0.95 17.9186
      vertex 29.8467 0 17.5985
      vertex 29.6854 0 17.9186
    endloop
  endfacet
  facet normal 0.893028 0 0.450001
    outer loop
      vertex 29.8467 0 17.5985
      vertex 29.6854 -0.95 17.9186
      vertex 29.8467 -0.95 17.5985
    endloop
  endfacet
  facet normal 0.960149 -0 0.279488
    outer loop
      vertex 29.5701 -0.95 18.3147
      vertex 29.6854 0 17.9186
      vertex 29.5701 0 18.3147
    endloop
  endfacet
  facet normal 0.960149 0 0.279488
    outer loop
      vertex 29.6854 0 17.9186
      vertex 29.5701 -0.95 18.3147
      vertex 29.6854 -0.95 17.9186
    endloop
  endfacet
  facet normal 0.989419 -0 0.14509
    outer loop
      vertex 29.5009 -0.95 18.7866
      vertex 29.5701 0 18.3147
      vertex 29.5009 0 18.7866
    endloop
  endfacet
  facet normal 0.989419 0 0.14509
    outer loop
      vertex 29.5701 0 18.3147
      vertex 29.5009 -0.95 18.7866
      vertex 29.5701 -0.95 18.3147
    endloop
  endfacet
  facet normal 0.99912 -0 0.0419339
    outer loop
      vertex 29.4779 -0.95 19.3346
      vertex 29.5009 0 18.7866
      vertex 29.4779 0 19.3346
    endloop
  endfacet
  facet normal 0.99912 0 0.0419339
    outer loop
      vertex 29.5009 0 18.7866
      vertex 29.4779 -0.95 19.3346
      vertex 29.5009 -0.95 18.7866
    endloop
  endfacet
  facet normal 0.999266 0 -0.0382976
    outer loop
      vertex 29.4996 -0.95 19.9008
      vertex 29.4779 0 19.3346
      vertex 29.4996 0 19.9008
    endloop
  endfacet
  facet normal 0.999266 0 -0.0382976
    outer loop
      vertex 29.4779 0 19.3346
      vertex 29.4996 -0.95 19.9008
      vertex 29.4779 -0.95 19.3346
    endloop
  endfacet
  facet normal 0.990853 0 -0.134947
    outer loop
      vertex 29.5647 -0.95 20.3788
      vertex 29.4996 0 19.9008
      vertex 29.5647 0 20.3788
    endloop
  endfacet
  facet normal 0.990853 0 -0.134947
    outer loop
      vertex 29.4996 0 19.9008
      vertex 29.5647 -0.95 20.3788
      vertex 29.4996 -0.95 19.9008
    endloop
  endfacet
  facet normal 0.963394 0 -0.26809
    outer loop
      vertex 29.6732 -0.95 20.7687
      vertex 29.5647 0 20.3788
      vertex 29.6732 0 20.7687
    endloop
  endfacet
  facet normal 0.963394 0 -0.26809
    outer loop
      vertex 29.5647 0 20.3788
      vertex 29.6732 -0.95 20.7687
      vertex 29.5647 -0.95 20.3788
    endloop
  endfacet
  facet normal 0.89324 0 -0.44958
    outer loop
      vertex 29.8251 -0.95 21.0705
      vertex 29.6732 0 20.7687
      vertex 29.8251 0 21.0705
    endloop
  endfacet
  facet normal 0.89324 0 -0.44958
    outer loop
      vertex 29.6732 0 20.7687
      vertex 29.8251 -0.95 21.0705
      vertex 29.6732 -0.95 20.7687
    endloop
  endfacet
  facet normal 0.747482 0 -0.664282
    outer loop
      vertex 30.0255 -0.95 21.296
      vertex 29.8251 0 21.0705
      vertex 30.0255 0 21.296
    endloop
  endfacet
  facet normal 0.747482 0 -0.664282
    outer loop
      vertex 29.8251 0 21.0705
      vertex 30.0255 -0.95 21.296
      vertex 29.8251 -0.95 21.0705
    endloop
  endfacet
  facet normal 0.535756 0 -0.844373
    outer loop
      vertex 30.0255 -0.95 21.296
      vertex 30.2794 0 21.4571
      vertex 30.2794 -0.95 21.4571
    endloop
  endfacet
  facet normal 0.535756 0 -0.844373
    outer loop
      vertex 30.2794 0 21.4571
      vertex 30.0255 -0.95 21.296
      vertex 30.0255 0 21.296
    endloop
  endfacet
  facet normal 0.299617 0 -0.95406
    outer loop
      vertex 30.2794 -0.95 21.4571
      vertex 30.587 0 21.5537
      vertex 30.587 -0.95 21.5537
    endloop
  endfacet
  facet normal 0.299617 0 -0.95406
    outer loop
      vertex 30.587 0 21.5537
      vertex 30.2794 -0.95 21.4571
      vertex 30.2794 0 21.4571
    endloop
  endfacet
  facet normal 0.0888195 0 -0.996048
    outer loop
      vertex 30.587 -0.95 21.5537
      vertex 30.9481 0 21.5859
      vertex 30.9481 -0.95 21.5859
    endloop
  endfacet
  facet normal 0.0888195 0 -0.996048
    outer loop
      vertex 30.9481 0 21.5859
      vertex 30.587 -0.95 21.5537
      vertex 30.587 0 21.5537
    endloop
  endfacet
  facet normal -0.066519 0 -0.997785
    outer loop
      vertex 30.9481 -0.95 21.5859
      vertex 31.2166 0 21.568
      vertex 31.2166 -0.95 21.568
    endloop
  endfacet
  facet normal -0.066519 0 -0.997785
    outer loop
      vertex 31.2166 0 21.568
      vertex 30.9481 -0.95 21.5859
      vertex 30.9481 0 21.5859
    endloop
  endfacet
  facet normal -0.222657 0 -0.974897
    outer loop
      vertex 31.2166 -0.95 21.568
      vertex 31.4526 0 21.5141
      vertex 31.4526 -0.95 21.5141
    endloop
  endfacet
  facet normal -0.222657 0 -0.974897
    outer loop
      vertex 31.4526 0 21.5141
      vertex 31.2166 -0.95 21.568
      vertex 31.2166 0 21.568
    endloop
  endfacet
  facet normal -0.40426 0 -0.914644
    outer loop
      vertex 31.4526 -0.95 21.5141
      vertex 31.656 0 21.4242
      vertex 31.656 -0.95 21.4242
    endloop
  endfacet
  facet normal -0.40426 0 -0.914644
    outer loop
      vertex 31.656 0 21.4242
      vertex 31.4526 -0.95 21.5141
      vertex 31.4526 0 21.5141
    endloop
  endfacet
  facet normal -0.592813 0 -0.80534
    outer loop
      vertex 31.656 -0.95 21.4242
      vertex 31.8269 0 21.2984
      vertex 31.8269 -0.95 21.2984
    endloop
  endfacet
  facet normal -0.592813 0 -0.80534
    outer loop
      vertex 31.8269 0 21.2984
      vertex 31.656 -0.95 21.4242
      vertex 31.656 0 21.4242
    endloop
  endfacet
  facet normal -0.744643 0 -0.667463
    outer loop
      vertex 31.967 -0.95 21.1421
      vertex 31.8269 0 21.2984
      vertex 31.967 0 21.1421
    endloop
  endfacet
  facet normal -0.744643 -0 -0.667463
    outer loop
      vertex 31.8269 0 21.2984
      vertex 31.967 -0.95 21.1421
      vertex 31.8269 -0.95 21.2984
    endloop
  endfacet
  facet normal -0.853189 0 -0.521602
    outer loop
      vertex 32.0779 -0.95 20.9607
      vertex 31.967 0 21.1421
      vertex 32.0779 0 20.9607
    endloop
  endfacet
  facet normal -0.853189 -0 -0.521602
    outer loop
      vertex 31.967 0 21.1421
      vertex 32.0779 -0.95 20.9607
      vertex 31.967 -0.95 21.1421
    endloop
  endfacet
  facet normal -0.929868 0 -0.367894
    outer loop
      vertex 32.1596 -0.95 20.7542
      vertex 32.0779 0 20.9607
      vertex 32.1596 0 20.7542
    endloop
  endfacet
  facet normal -0.929868 -0 -0.367894
    outer loop
      vertex 32.0779 0 20.9607
      vertex 32.1596 -0.95 20.7542
      vertex 32.0779 -0.95 20.9607
    endloop
  endfacet
  facet normal -0.975236 0 -0.221166
    outer loop
      vertex 32.2121 -0.95 20.5227
      vertex 32.1596 0 20.7542
      vertex 32.2121 0 20.5227
    endloop
  endfacet
  facet normal -0.975236 -0 -0.221166
    outer loop
      vertex 32.1596 0 20.7542
      vertex 32.2121 -0.95 20.5227
      vertex 32.1596 -0.95 20.7542
    endloop
  endfacet
  facet normal 0.0754124 0 -0.997152
    outer loop
      vertex 32.2121 -0.95 20.5227
      vertex 33.2157 0 20.5986
      vertex 33.2157 -0.95 20.5986
    endloop
  endfacet
  facet normal 0.0754124 0 -0.997152
    outer loop
      vertex 33.2157 0 20.5986
      vertex 32.2121 -0.95 20.5227
      vertex 32.2121 0 20.5227
    endloop
  endfacet
  facet normal 0.966069 -0 0.258283
    outer loop
      vertex 33.1121 -0.95 20.9861
      vertex 33.2157 0 20.5986
      vertex 33.1121 0 20.9861
    endloop
  endfacet
  facet normal 0.966069 0 0.258283
    outer loop
      vertex 33.2157 0 20.5986
      vertex 33.1121 -0.95 20.9861
      vertex 33.2157 -0.95 20.5986
    endloop
  endfacet
  facet normal 0.907696 -0 0.419628
    outer loop
      vertex 32.9533 -0.95 21.3296
      vertex 33.1121 0 20.9861
      vertex 32.9533 0 21.3296
    endloop
  endfacet
  facet normal 0.907696 0 0.419628
    outer loop
      vertex 33.1121 0 20.9861
      vertex 32.9533 -0.95 21.3296
      vertex 33.1121 -0.95 20.9861
    endloop
  endfacet
  facet normal 0.813421 -0 0.581675
    outer loop
      vertex 32.7392 -0.95 21.629
      vertex 32.9533 0 21.3296
      vertex 32.7392 0 21.629
    endloop
  endfacet
  facet normal 0.813421 0 0.581675
    outer loop
      vertex 32.9533 0 21.3296
      vertex 32.7392 -0.95 21.629
      vertex 32.9533 -0.95 21.3296
    endloop
  endfacet
  facet normal 0.687715 0 0.725981
    outer loop
      vertex 32.4698 0 21.8842
      vertex 32.7392 -0.95 21.629
      vertex 32.7392 0 21.629
    endloop
  endfacet
  facet normal 0.687715 0 0.725981
    outer loop
      vertex 32.7392 -0.95 21.629
      vertex 32.4698 0 21.8842
      vertex 32.4698 -0.95 21.8842
    endloop
  endfacet
  facet normal 0.542502 0 0.840055
    outer loop
      vertex 32.1536 0 22.0884
      vertex 32.4698 -0.95 21.8842
      vertex 32.4698 0 21.8842
    endloop
  endfacet
  facet normal 0.542502 0 0.840055
    outer loop
      vertex 32.4698 -0.95 21.8842
      vertex 32.1536 0 22.0884
      vertex 32.1536 -0.95 22.0884
    endloop
  endfacet
  facet normal 0.380369 0 0.924835
    outer loop
      vertex 31.7991 0 22.2342
      vertex 32.1536 -0.95 22.0884
      vertex 32.1536 0 22.0884
    endloop
  endfacet
  facet normal 0.380369 0 0.924835
    outer loop
      vertex 32.1536 -0.95 22.0884
      vertex 31.7991 0 22.2342
      vertex 31.7991 -0.95 22.2342
    endloop
  endfacet
  facet normal 0.21743 0 0.976076
    outer loop
      vertex 31.4063 0 22.3217
      vertex 31.7991 -0.95 22.2342
      vertex 31.7991 0 22.2342
    endloop
  endfacet
  facet normal 0.21743 0 0.976076
    outer loop
      vertex 31.7991 -0.95 22.2342
      vertex 31.4063 0 22.3217
      vertex 31.4063 -0.95 22.3217
    endloop
  endfacet
  facet normal 0.0673485 0 0.99773
    outer loop
      vertex 30.9752 0 22.3508
      vertex 31.4063 -0.95 22.3217
      vertex 31.4063 0 22.3217
    endloop
  endfacet
  facet normal 0.0673485 0 0.99773
    outer loop
      vertex 31.4063 -0.95 22.3217
      vertex 30.9752 0 22.3508
      vertex 30.9752 -0.95 22.3508
    endloop
  endfacet
  facet normal -0.0846159 0 0.996414
    outer loop
      vertex 30.4029 0 22.3022
      vertex 30.9752 -0.95 22.3508
      vertex 30.9752 0 22.3508
    endloop
  endfacet
  facet normal -0.0846159 0 0.996414
    outer loop
      vertex 30.9752 -0.95 22.3508
      vertex 30.4029 0 22.3022
      vertex 30.4029 -0.95 22.3022
    endloop
  endfacet
  facet normal -0.279368 0 0.960184
    outer loop
      vertex 29.9011 0 22.1562
      vertex 30.4029 -0.95 22.3022
      vertex 30.4029 0 22.3022
    endloop
  endfacet
  facet normal -0.279368 0 0.960184
    outer loop
      vertex 30.4029 -0.95 22.3022
      vertex 29.9011 0 22.1562
      vertex 29.9011 -0.95 22.1562
    endloop
  endfacet
  facet normal -0.491325 0 0.870976
    outer loop
      vertex 29.4698 0 21.9129
      vertex 29.9011 -0.95 22.1562
      vertex 29.9011 0 22.1562
    endloop
  endfacet
  facet normal -0.491325 0 0.870976
    outer loop
      vertex 29.9011 -0.95 22.1562
      vertex 29.4698 0 21.9129
      vertex 29.4698 -0.95 21.9129
    endloop
  endfacet
  facet normal -0.686458 0 0.72717
    outer loop
      vertex 29.109 0 21.5723
      vertex 29.4698 -0.95 21.9129
      vertex 29.4698 0 21.9129
    endloop
  endfacet
  facet normal -0.686458 0 0.72717
    outer loop
      vertex 29.4698 -0.95 21.9129
      vertex 29.109 0 21.5723
      vertex 29.109 -0.95 21.5723
    endloop
  endfacet
  facet normal -0.835536 0 0.549436
    outer loop
      vertex 28.8242 -0.95 21.1392
      vertex 29.109 0 21.5723
      vertex 28.8242 0 21.1392
    endloop
  endfacet
  facet normal -0.835536 0 0.549436
    outer loop
      vertex 29.109 0 21.5723
      vertex 28.8242 -0.95 21.1392
      vertex 29.109 -0.95 21.5723
    endloop
  endfacet
  facet normal -0.931527 0 0.363671
    outer loop
      vertex 28.6208 -0.95 20.6182
      vertex 28.8242 0 21.1392
      vertex 28.6208 0 20.6182
    endloop
  endfacet
  facet normal -0.931527 0 0.363671
    outer loop
      vertex 28.8242 0 21.1392
      vertex 28.6208 -0.95 20.6182
      vertex 28.8242 -0.95 21.1392
    endloop
  endfacet
  facet normal -0.980475 0 0.196643
    outer loop
      vertex 28.4987 -0.95 20.0094
      vertex 28.6208 0 20.6182
      vertex 28.4987 0 20.0094
    endloop
  endfacet
  facet normal -0.980475 0 0.196643
    outer loop
      vertex 28.6208 0 20.6182
      vertex 28.4987 -0.95 20.0094
      vertex 28.6208 -0.95 20.6182
    endloop
  endfacet
  facet normal -0.998298 0 0.0583272
    outer loop
      vertex 28.458 -0.95 19.3128
      vertex 28.4987 0 20.0094
      vertex 28.458 0 19.3128
    endloop
  endfacet
  facet normal -0.998298 0 0.0583272
    outer loop
      vertex 28.4987 0 20.0094
      vertex 28.458 -0.95 19.3128
      vertex 28.4987 -0.95 20.0094
    endloop
  endfacet
  facet normal -0.998337 0 -0.0576538
    outer loop
      vertex 28.4985 -0.95 18.6115
      vertex 28.458 0 19.3128
      vertex 28.4985 0 18.6115
    endloop
  endfacet
  facet normal -0.998337 -0 -0.0576538
    outer loop
      vertex 28.458 0 19.3128
      vertex 28.4985 -0.95 18.6115
      vertex 28.458 -0.95 19.3128
    endloop
  endfacet
  facet normal -0.980839 0 -0.194822
    outer loop
      vertex 28.6201 -0.95 17.9993
      vertex 28.4985 0 18.6115
      vertex 28.6201 0 17.9993
    endloop
  endfacet
  facet normal -0.980839 -0 -0.194822
    outer loop
      vertex 28.4985 0 18.6115
      vertex 28.6201 -0.95 17.9993
      vertex 28.4985 -0.95 18.6115
    endloop
  endfacet
  facet normal -0.932479 0 -0.361224
    outer loop
      vertex 28.8227 -0.95 17.4763
      vertex 28.6201 0 17.9993
      vertex 28.8227 0 17.4763
    endloop
  endfacet
  facet normal -0.932479 -0 -0.361224
    outer loop
      vertex 28.6201 0 17.9993
      vertex 28.8227 -0.95 17.4763
      vertex 28.6201 -0.95 17.9993
    endloop
  endfacet
  facet normal -0.837004 0 -0.547197
    outer loop
      vertex 29.1063 -0.95 17.0425
      vertex 28.8227 0 17.4763
      vertex 29.1063 0 17.0425
    endloop
  endfacet
  facet normal -0.837004 -0 -0.547197
    outer loop
      vertex 28.8227 0 17.4763
      vertex 29.1063 -0.95 17.0425
      vertex 28.8227 -0.95 17.4763
    endloop
  endfacet
  facet normal -0.686659 0 -0.72698
    outer loop
      vertex 29.1063 -0.95 17.0425
      vertex 29.4669 0 16.7019
      vertex 29.4669 -0.95 16.7019
    endloop
  endfacet
  facet normal -0.686659 0 -0.72698
    outer loop
      vertex 29.4669 0 16.7019
      vertex 29.1063 -0.95 17.0425
      vertex 29.1063 0 17.0425
    endloop
  endfacet
  facet normal -0.48943 0 -0.872043
    outer loop
      vertex 29.4669 -0.95 16.7019
      vertex 29.9004 0 16.4586
      vertex 29.9004 -0.95 16.4586
    endloop
  endfacet
  facet normal -0.48943 0 -0.872043
    outer loop
      vertex 29.9004 0 16.4586
      vertex 29.4669 -0.95 16.7019
      vertex 29.4669 0 16.7019
    endloop
  endfacet
  facet normal -0.276851 0 -0.960913
    outer loop
      vertex 29.9004 -0.95 16.4586
      vertex 30.4068 0 16.3127
      vertex 30.4068 -0.95 16.3127
    endloop
  endfacet
  facet normal -0.276851 0 -0.960913
    outer loop
      vertex 30.4068 0 16.3127
      vertex 29.9004 -0.95 16.4586
      vertex 29.9004 0 16.4586
    endloop
  endfacet
  facet normal -0.0837858 0 -0.996484
    outer loop
      vertex 30.4068 -0.95 16.3127
      vertex 30.986 0 16.264
      vertex 30.986 -0.95 16.264
    endloop
  endfacet
  facet normal -0.0837858 0 -0.996484
    outer loop
      vertex 30.986 0 16.264
      vertex 30.4068 -0.95 16.3127
      vertex 30.4068 0 16.3127
    endloop
  endfacet
  facet normal 0.0706433 0 -0.997502
    outer loop
      vertex 30.986 -0.95 16.264
      vertex 31.4322 0 16.2956
      vertex 31.4322 -0.95 16.2956
    endloop
  endfacet
  facet normal 0.0706433 0 -0.997502
    outer loop
      vertex 31.4322 0 16.2956
      vertex 30.986 -0.95 16.264
      vertex 30.986 0 16.264
    endloop
  endfacet
  facet normal 0.257334 0 -0.966323
    outer loop
      vertex 65.4291 -0.95 16.3112
      vertex 65.9597 0 16.4525
      vertex 65.9597 -0.95 16.4525
    endloop
  endfacet
  facet normal 0.257334 0 -0.966323
    outer loop
      vertex 65.9597 0 16.4525
      vertex 65.4291 -0.95 16.3112
      vertex 65.4291 0 16.3112
    endloop
  endfacet
  facet normal 0.460768 0 -0.887521
    outer loop
      vertex 65.9597 -0.95 16.4525
      vertex 66.4137 0 16.6882
      vertex 66.4137 -0.95 16.6882
    endloop
  endfacet
  facet normal 0.460768 0 -0.887521
    outer loop
      vertex 66.4137 0 16.6882
      vertex 65.9597 -0.95 16.4525
      vertex 65.9597 0 16.4525
    endloop
  endfacet
  facet normal 0.658137 0 -0.752898
    outer loop
      vertex 66.4137 -0.95 16.6882
      vertex 66.7911 0 17.0181
      vertex 66.7911 -0.95 17.0181
    endloop
  endfacet
  facet normal 0.658137 0 -0.752898
    outer loop
      vertex 66.7911 0 17.0181
      vertex 66.4137 -0.95 16.6882
      vertex 66.4137 0 16.6882
    endloop
  endfacet
  facet normal 0.820713 0 -0.571341
    outer loop
      vertex 67.0878 -0.95 17.4443
      vertex 66.7911 0 17.0181
      vertex 67.0878 0 17.4443
    endloop
  endfacet
  facet normal 0.820713 0 -0.571341
    outer loop
      vertex 66.7911 0 17.0181
      vertex 67.0878 -0.95 17.4443
      vertex 66.7911 -0.95 17.0181
    endloop
  endfacet
  facet normal 0.927191 0 -0.374589
    outer loop
      vertex 67.2997 -0.95 17.9688
      vertex 67.0878 0 17.4443
      vertex 67.2997 0 17.9688
    endloop
  endfacet
  facet normal 0.927191 0 -0.374589
    outer loop
      vertex 67.0878 0 17.4443
      vertex 67.2997 -0.95 17.9688
      vertex 67.0878 -0.95 17.4443
    endloop
  endfacet
  facet normal 0.97978 0 -0.200077
    outer loop
      vertex 67.4269 -0.95 18.5917
      vertex 67.2997 0 17.9688
      vertex 67.4269 0 18.5917
    endloop
  endfacet
  facet normal 0.97978 0 -0.200077
    outer loop
      vertex 67.2997 0 17.9688
      vertex 67.4269 -0.95 18.5917
      vertex 67.2997 -0.95 17.9688
    endloop
  endfacet
  facet normal 0.998276 0 -0.0586977
    outer loop
      vertex 67.4693 -0.95 19.3128
      vertex 67.4269 0 18.5917
      vertex 67.4693 0 19.3128
    endloop
  endfacet
  facet normal 0.998276 0 -0.0586977
    outer loop
      vertex 67.4269 0 18.5917
      vertex 67.4693 -0.95 19.3128
      vertex 67.4269 -0.95 18.5917
    endloop
  endfacet
  facet normal 0.998514 -0 0.0544894
    outer loop
      vertex 67.4296 -0.95 20.0403
      vertex 67.4693 0 19.3128
      vertex 67.4296 0 20.0403
    endloop
  endfacet
  facet normal 0.998514 0 0.0544894
    outer loop
      vertex 67.4693 0 19.3128
      vertex 67.4296 -0.95 20.0403
      vertex 67.4693 -0.95 19.3128
    endloop
  endfacet
  facet normal 0.982374 -0 0.186924
    outer loop
      vertex 67.3106 -0.95 20.6657
      vertex 67.4296 0 20.0403
      vertex 67.3106 0 20.6657
    endloop
  endfacet
  facet normal 0.982374 0 0.186924
    outer loop
      vertex 67.4296 0 20.0403
      vertex 67.3106 -0.95 20.6657
      vertex 67.4296 -0.95 20.0403
    endloop
  endfacet
  facet normal 0.935075 -0 0.35445
    outer loop
      vertex 67.1122 -0.95 21.1891
      vertex 67.3106 0 20.6657
      vertex 67.1122 0 21.1891
    endloop
  endfacet
  facet normal 0.935075 0 0.35445
    outer loop
      vertex 67.3106 0 20.6657
      vertex 67.1122 -0.95 21.1891
      vertex 67.3106 -0.95 20.6657
    endloop
  endfacet
  facet normal 0.834875 -0 0.550439
    outer loop
      vertex 66.8345 -0.95 21.6103
      vertex 67.1122 0 21.1891
      vertex 66.8345 0 21.6103
    endloop
  endfacet
  facet normal 0.834875 0 0.550439
    outer loop
      vertex 67.1122 0 21.1891
      vertex 66.8345 -0.95 21.6103
      vertex 67.1122 -0.95 21.1891
    endloop
  endfacet
  facet normal 0.66712 0 0.74495
    outer loop
      vertex 66.4727 0 21.9343
      vertex 66.8345 -0.95 21.6103
      vertex 66.8345 0 21.6103
    endloop
  endfacet
  facet normal 0.66712 0 0.74495
    outer loop
      vertex 66.8345 -0.95 21.6103
      vertex 66.4727 0 21.9343
      vertex 66.4727 -0.95 21.9343
    endloop
  endfacet
  facet normal 0.456822 0 0.889558
    outer loop
      vertex 66.0221 0 22.1657
      vertex 66.4727 -0.95 21.9343
      vertex 66.4727 0 21.9343
    endloop
  endfacet
  facet normal 0.456822 0 0.889558
    outer loop
      vertex 66.4727 -0.95 21.9343
      vertex 66.0221 0 22.1657
      vertex 66.0221 -0.95 22.1657
    endloop
  endfacet
  facet normal 0.249205 0 0.968451
    outer loop
      vertex 65.4827 0 22.3045
      vertex 66.0221 -0.95 22.1657
      vertex 66.0221 0 22.1657
    endloop
  endfacet
  facet normal 0.249205 0 0.968451
    outer loop
      vertex 66.0221 -0.95 22.1657
      vertex 65.4827 0 22.3045
      vertex 65.4827 -0.95 22.3045
    endloop
  endfacet
  facet normal 0.0734916 0 0.997296
    outer loop
      vertex 64.8544 0 22.3508
      vertex 65.4827 -0.95 22.3045
      vertex 65.4827 0 22.3045
    endloop
  endfacet
  facet normal 0.0734916 0 0.997296
    outer loop
      vertex 65.4827 -0.95 22.3045
      vertex 64.8544 0 22.3508
      vertex 64.8544 -0.95 22.3508
    endloop
  endfacet
  facet normal -0.162772 0 0.986664
    outer loop
      vertex 63.7033 0 22.1609
      vertex 64.8544 -0.95 22.3508
      vertex 64.8544 0 22.3508
    endloop
  endfacet
  facet normal -0.162772 0 0.986664
    outer loop
      vertex 64.8544 -0.95 22.3508
      vertex 63.7033 0 22.1609
      vertex 63.7033 -0.95 22.1609
    endloop
  endfacet
  facet normal -0.56947 0 0.822012
    outer loop
      vertex 62.8811 0 21.5913
      vertex 63.7033 -0.95 22.1609
      vertex 63.7033 0 22.1609
    endloop
  endfacet
  facet normal -0.56947 0 0.822012
    outer loop
      vertex 63.7033 -0.95 22.1609
      vertex 62.8811 0 21.5913
      vertex 62.8811 -0.95 21.5913
    endloop
  endfacet
  facet normal -0.887327 0 0.461141
    outer loop
      vertex 62.3877 -0.95 20.6419
      vertex 62.8811 0 21.5913
      vertex 62.3877 0 20.6419
    endloop
  endfacet
  facet normal -0.887327 0 0.461141
    outer loop
      vertex 62.8811 0 21.5913
      vertex 62.3877 -0.95 20.6419
      vertex 62.8811 -0.95 21.5913
    endloop
  endfacet
  facet normal -0.992437 0 0.122757
    outer loop
      vertex 62.2233 -0.95 19.3128
      vertex 62.3877 0 20.6419
      vertex 62.2233 0 19.3128
    endloop
  endfacet
  facet normal -0.992437 0 0.122757
    outer loop
      vertex 62.3877 0 20.6419
      vertex 62.2233 -0.95 19.3128
      vertex 62.3877 -0.95 20.6419
    endloop
  endfacet
  facet normal -0.998274 0 -0.0587304
    outer loop
      vertex 62.2643 -0.95 18.6159
      vertex 62.2233 0 19.3128
      vertex 62.2643 0 18.6159
    endloop
  endfacet
  facet normal -0.998274 -0 -0.0587304
    outer loop
      vertex 62.2233 0 19.3128
      vertex 62.2643 -0.95 18.6159
      vertex 62.2233 -0.95 19.3128
    endloop
  endfacet
  facet normal -0.980227 0 -0.197878
    outer loop
      vertex 62.3874 -0.95 18.0061
      vertex 62.2643 0 18.6159
      vertex 62.3874 0 18.0061
    endloop
  endfacet
  facet normal -0.980227 -0 -0.197878
    outer loop
      vertex 62.2643 0 18.6159
      vertex 62.3874 -0.95 18.0061
      vertex 62.2643 -0.95 18.6159
    endloop
  endfacet
  facet normal -0.930877 0 -0.365333
    outer loop
      vertex 62.5925 -0.95 17.4835
      vertex 62.3874 0 18.0061
      vertex 62.5925 0 17.4835
    endloop
  endfacet
  facet normal -0.930877 -0 -0.365333
    outer loop
      vertex 62.3874 0 18.0061
      vertex 62.5925 -0.95 17.4835
      vertex 62.3874 -0.95 18.0061
    endloop
  endfacet
  facet normal -0.83487 0 -0.550447
    outer loop
      vertex 62.8797 -0.95 17.0479
      vertex 62.5925 0 17.4835
      vertex 62.8797 0 17.0479
    endloop
  endfacet
  facet normal -0.83487 -0 -0.550447
    outer loop
      vertex 62.5925 0 17.4835
      vertex 62.8797 -0.95 17.0479
      vertex 62.5925 -0.95 17.4835
    endloop
  endfacet
  facet normal -0.682212 0 -0.731155
    outer loop
      vertex 62.8797 -0.95 17.0479
      vertex 63.2472 0 16.705
      vertex 63.2472 -0.95 16.705
    endloop
  endfacet
  facet normal -0.682212 0 -0.731155
    outer loop
      vertex 63.2472 0 16.705
      vertex 62.8797 -0.95 17.0479
      vertex 62.8797 0 17.0479
    endloop
  endfacet
  facet normal -0.481217 0 -0.876601
    outer loop
      vertex 63.2472 -0.95 16.705
      vertex 63.6935 0 16.46
      vertex 63.6935 -0.95 16.46
    endloop
  endfacet
  facet normal -0.481217 0 -0.876601
    outer loop
      vertex 63.6935 0 16.46
      vertex 63.2472 -0.95 16.705
      vertex 63.2472 0 16.705
    endloop
  endfacet
  facet normal -0.269725 0 -0.962937
    outer loop
      vertex 63.6935 -0.95 16.46
      vertex 64.2183 0 16.313
      vertex 64.2183 -0.95 16.313
    endloop
  endfacet
  facet normal -0.269725 0 -0.962937
    outer loop
      vertex 64.2183 0 16.313
      vertex 63.6935 -0.95 16.46
      vertex 63.6935 0 16.46
    endloop
  endfacet
  facet normal -0.0809267 0 -0.99672
    outer loop
      vertex 64.2183 -0.95 16.313
      vertex 64.8218 0 16.264
      vertex 64.8218 -0.95 16.264
    endloop
  endfacet
  facet normal -0.0809267 0 -0.99672
    outer loop
      vertex 64.8218 0 16.264
      vertex 64.2183 -0.95 16.313
      vertex 64.2183 0 16.313
    endloop
  endfacet
  facet normal 0.0774874 0 -0.996993
    outer loop
      vertex 64.8218 -0.95 16.264
      vertex 65.4291 0 16.3112
      vertex 65.4291 -0.95 16.3112
    endloop
  endfacet
  facet normal 0.0774874 0 -0.996993
    outer loop
      vertex 65.4291 0 16.3112
      vertex 64.8218 -0.95 16.264
      vertex 64.8218 0 16.264
    endloop
  endfacet
  facet normal 0.320357 0 0.947297
    outer loop
      vertex 64.1105 0 17.1313
      vertex 64.4337 -0.95 17.022
      vertex 64.4337 0 17.022
    endloop
  endfacet
  facet normal 0.320357 0 0.947297
    outer loop
      vertex 64.4337 -0.95 17.022
      vertex 64.1105 0 17.1313
      vertex 64.1105 -0.95 17.1313
    endloop
  endfacet
  facet normal 0.560433 0 0.828199
    outer loop
      vertex 63.8411 0 17.3136
      vertex 64.1105 -0.95 17.1313
      vertex 64.1105 0 17.1313
    endloop
  endfacet
  facet normal 0.560433 0 0.828199
    outer loop
      vertex 64.1105 -0.95 17.1313
      vertex 63.8411 0 17.3136
      vertex 63.8411 -0.95 17.3136
    endloop
  endfacet
  facet normal 0.763909 -0 0.645325
    outer loop
      vertex 63.6256 -0.95 17.5687
      vertex 63.8411 0 17.3136
      vertex 63.6256 0 17.5687
    endloop
  endfacet
  facet normal 0.763909 0 0.645325
    outer loop
      vertex 63.8411 0 17.3136
      vertex 63.6256 -0.95 17.5687
      vertex 63.8411 -0.95 17.3136
    endloop
  endfacet
  facet normal 0.893225 -0 0.44961
    outer loop
      vertex 63.4606 -0.95 17.8965
      vertex 63.6256 0 17.5687
      vertex 63.4606 0 17.8965
    endloop
  endfacet
  facet normal 0.893225 0 0.44961
    outer loop
      vertex 63.6256 0 17.5687
      vertex 63.4606 -0.95 17.8965
      vertex 63.6256 -0.95 17.5687
    endloop
  endfacet
  facet normal 0.959247 -0 0.282569
    outer loop
      vertex 63.3428 -0.95 18.2964
      vertex 63.4606 0 17.8965
      vertex 63.3428 0 18.2964
    endloop
  endfacet
  facet normal 0.959247 0 0.282569
    outer loop
      vertex 63.4606 0 17.8965
      vertex 63.3428 -0.95 18.2964
      vertex 63.4606 -0.95 17.8965
    endloop
  endfacet
  facet normal 0.988972 -0 0.148105
    outer loop
      vertex 63.2721 -0.95 18.7685
      vertex 63.3428 0 18.2964
      vertex 63.2721 0 18.7685
    endloop
  endfacet
  facet normal 0.988972 0 0.148105
    outer loop
      vertex 63.3428 0 18.2964
      vertex 63.2721 -0.95 18.7685
      vertex 63.3428 -0.95 18.2964
    endloop
  endfacet
  facet normal 0.999069 -0 0.0431345
    outer loop
      vertex 63.2486 -0.95 19.3128
      vertex 63.2721 0 18.7685
      vertex 63.2486 0 19.3128
    endloop
  endfacet
  facet normal 0.999069 0 0.0431345
    outer loop
      vertex 63.2721 0 18.7685
      vertex 63.2486 -0.95 19.3128
      vertex 63.2721 -0.95 18.7685
    endloop
  endfacet
  facet normal 0.999082 0 -0.042846
    outer loop
      vertex 63.2725 -0.95 19.8701
      vertex 63.2486 0 19.3128
      vertex 63.2725 0 19.8701
    endloop
  endfacet
  facet normal 0.999082 0 -0.042846
    outer loop
      vertex 63.2486 0 19.3128
      vertex 63.2725 -0.95 19.8701
      vertex 63.2486 -0.95 19.3128
    endloop
  endfacet
  facet normal 0.988945 0 -0.14828
    outer loop
      vertex 63.3442 -0.95 20.3483
      vertex 63.2725 0 19.8701
      vertex 63.3442 0 20.3483
    endloop
  endfacet
  facet normal 0.988945 0 -0.14828
    outer loop
      vertex 63.2725 0 19.8701
      vertex 63.3442 -0.95 20.3483
      vertex 63.2725 -0.95 19.8701
    endloop
  endfacet
  facet normal 0.957998 0 -0.286775
    outer loop
      vertex 63.4637 -0.95 20.7475
      vertex 63.3442 0 20.3483
      vertex 63.4637 0 20.7475
    endloop
  endfacet
  facet normal 0.957998 0 -0.286775
    outer loop
      vertex 63.3442 0 20.3483
      vertex 63.4637 -0.95 20.7475
      vertex 63.3442 -0.95 20.3483
    endloop
  endfacet
  facet normal 0.886373 0 -0.462973
    outer loop
      vertex 63.631 -0.95 21.0678
      vertex 63.4637 0 20.7475
      vertex 63.631 0 21.0678
    endloop
  endfacet
  facet normal 0.886373 0 -0.462973
    outer loop
      vertex 63.4637 0 20.7475
      vertex 63.631 -0.95 21.0678
      vertex 63.4637 -0.95 20.7475
    endloop
  endfacet
  facet normal 0.743505 0 -0.668731
    outer loop
      vertex 63.8519 -0.95 21.3134
      vertex 63.631 0 21.0678
      vertex 63.8519 0 21.3134
    endloop
  endfacet
  facet normal 0.743505 0 -0.668731
    outer loop
      vertex 63.631 0 21.0678
      vertex 63.8519 -0.95 21.3134
      vertex 63.631 -0.95 21.0678
    endloop
  endfacet
  facet normal 0.530678 0 -0.847573
    outer loop
      vertex 63.8519 -0.95 21.3134
      vertex 64.1322 0 21.4889
      vertex 64.1322 -0.95 21.4889
    endloop
  endfacet
  facet normal 0.530678 0 -0.847573
    outer loop
      vertex 64.1322 0 21.4889
      vertex 63.8519 -0.95 21.3134
      vertex 63.8519 0 21.3134
    endloop
  endfacet
  facet normal 0.29624 0 -0.955114
    outer loop
      vertex 64.1322 -0.95 21.4889
      vertex 64.4717 0 21.5942
      vertex 64.4717 -0.95 21.5942
    endloop
  endfacet
  facet normal 0.29624 0 -0.955114
    outer loop
      vertex 64.4717 0 21.5942
      vertex 64.1322 -0.95 21.4889
      vertex 64.1322 0 21.4889
    endloop
  endfacet
  facet normal 0.0876533 0 -0.996151
    outer loop
      vertex 64.4717 -0.95 21.5942
      vertex 64.8706 0 21.6293
      vertex 64.8706 -0.95 21.6293
    endloop
  endfacet
  facet normal 0.0876533 0 -0.996151
    outer loop
      vertex 64.8706 0 21.6293
      vertex 64.4717 -0.95 21.5942
      vertex 64.4717 0 21.5942
    endloop
  endfacet
  facet normal -0.0867166 0 -0.996233
    outer loop
      vertex 64.8706 -0.95 21.6293
      vertex 65.2658 0 21.5949
      vertex 65.2658 -0.95 21.5949
    endloop
  endfacet
  facet normal -0.0867166 0 -0.996233
    outer loop
      vertex 65.2658 0 21.5949
      vertex 64.8706 -0.95 21.6293
      vertex 64.8706 0 21.6293
    endloop
  endfacet
  facet normal -0.295634 0 -0.955301
    outer loop
      vertex 65.2658 -0.95 21.5949
      vertex 65.5996 0 21.4916
      vertex 65.5996 -0.95 21.4916
    endloop
  endfacet
  facet normal -0.295634 0 -0.955301
    outer loop
      vertex 65.5996 0 21.4916
      vertex 65.2658 -0.95 21.5949
      vertex 65.2658 0 21.5949
    endloop
  endfacet
  facet normal -0.533759 0 -0.845636
    outer loop
      vertex 65.5996 -0.95 21.4916
      vertex 65.8721 0 21.3196
      vertex 65.8721 -0.95 21.3196
    endloop
  endfacet
  facet normal -0.533759 0 -0.845636
    outer loop
      vertex 65.8721 0 21.3196
      vertex 65.5996 -0.95 21.4916
      vertex 65.5996 0 21.4916
    endloop
  endfacet
  facet normal -0.752248 0 -0.65888
    outer loop
      vertex 66.0831 -0.95 21.0787
      vertex 65.8721 0 21.3196
      vertex 66.0831 0 21.0787
    endloop
  endfacet
  facet normal -0.752248 -0 -0.65888
    outer loop
      vertex 65.8721 0 21.3196
      vertex 66.0831 -0.95 21.0787
      vertex 65.8721 -0.95 21.3196
    endloop
  endfacet
  facet normal -0.895048 0 -0.44597
    outer loop
      vertex 66.241 -0.95 20.7618
      vertex 66.0831 0 21.0787
      vertex 66.241 0 20.7618
    endloop
  endfacet
  facet normal -0.895048 -0 -0.44597
    outer loop
      vertex 66.0831 0 21.0787
      vertex 66.241 -0.95 20.7618
      vertex 66.0831 -0.95 21.0787
    endloop
  endfacet
  facet normal -0.962508 0 -0.271254
    outer loop
      vertex 66.3537 -0.95 20.3619
      vertex 66.241 0 20.7618
      vertex 66.3537 0 20.3619
    endloop
  endfacet
  facet normal -0.962508 -0 -0.271254
    outer loop
      vertex 66.241 0 20.7618
      vertex 66.3537 -0.95 20.3619
      vertex 66.241 -0.95 20.7618
    endloop
  endfacet
  facet normal -0.990319 0 -0.138809
    outer loop
      vertex 66.4214 -0.95 19.8789
      vertex 66.3537 0 20.3619
      vertex 66.4214 0 19.8789
    endloop
  endfacet
  facet normal -0.990319 -0 -0.138809
    outer loop
      vertex 66.3537 0 20.3619
      vertex 66.4214 -0.95 19.8789
      vertex 66.3537 -0.95 20.3619
    endloop
  endfacet
  facet normal -0.999211 0 -0.0397143
    outer loop
      vertex 66.4439 -0.95 19.3128
      vertex 66.4214 0 19.8789
      vertex 66.4439 0 19.3128
    endloop
  endfacet
  facet normal -0.999211 -0 -0.0397143
    outer loop
      vertex 66.4214 0 19.8789
      vertex 66.4439 -0.95 19.3128
      vertex 66.4214 -0.95 19.8789
    endloop
  endfacet
  facet normal -0.999112 0 0.042128
    outer loop
      vertex 66.4203 -0.95 18.7531
      vertex 66.4439 0 19.3128
      vertex 66.4203 0 18.7531
    endloop
  endfacet
  facet normal -0.999112 0 0.042128
    outer loop
      vertex 66.4439 0 19.3128
      vertex 66.4203 -0.95 18.7531
      vertex 66.4439 -0.95 19.3128
    endloop
  endfacet
  facet normal -0.989377 0 0.14537
    outer loop
      vertex 66.3497 -0.95 18.2726
      vertex 66.4203 0 18.7531
      vertex 66.3497 0 18.2726
    endloop
  endfacet
  facet normal -0.989377 0 0.14537
    outer loop
      vertex 66.4203 0 18.7531
      vertex 66.3497 -0.95 18.2726
      vertex 66.4203 -0.95 18.7531
    endloop
  endfacet
  facet normal -0.959411 0 0.282011
    outer loop
      vertex 66.2318 -0.95 17.8715
      vertex 66.3497 0 18.2726
      vertex 66.2318 0 17.8715
    endloop
  endfacet
  facet normal -0.959411 0 0.282011
    outer loop
      vertex 66.3497 0 18.2726
      vertex 66.2318 -0.95 17.8715
      vertex 66.3497 -0.95 18.2726
    endloop
  endfacet
  facet normal -0.889959 0 0.456042
    outer loop
      vertex 66.0669 -0.95 17.5497
      vertex 66.2318 0 17.8715
      vertex 66.0669 0 17.5497
    endloop
  endfacet
  facet normal -0.889959 0 0.456042
    outer loop
      vertex 66.2318 0 17.8715
      vertex 66.0669 -0.95 17.5497
      vertex 66.2318 -0.95 17.8715
    endloop
  endfacet
  facet normal -0.746624 0 0.665246
    outer loop
      vertex 65.847 -0.95 17.3029
      vertex 66.0669 0 17.5497
      vertex 65.847 0 17.3029
    endloop
  endfacet
  facet normal -0.746624 0 0.665246
    outer loop
      vertex 66.0669 0 17.5497
      vertex 65.847 -0.95 17.3029
      vertex 66.0669 -0.95 17.5497
    endloop
  endfacet
  facet normal -0.529297 0 0.848437
    outer loop
      vertex 65.5644 0 17.1266
      vertex 65.847 -0.95 17.3029
      vertex 65.847 0 17.3029
    endloop
  endfacet
  facet normal -0.529297 0 0.848437
    outer loop
      vertex 65.847 -0.95 17.3029
      vertex 65.5644 0 17.1266
      vertex 65.5644 -0.95 17.1266
    endloop
  endfacet
  facet normal -0.29288 0 0.956149
    outer loop
      vertex 65.219 0 17.0208
      vertex 65.5644 -0.95 17.1266
      vertex 65.5644 0 17.1266
    endloop
  endfacet
  facet normal -0.29288 0 0.956149
    outer loop
      vertex 65.5644 -0.95 17.1266
      vertex 65.219 0 17.0208
      vertex 65.219 -0.95 17.0208
    endloop
  endfacet
  facet normal -0.0861766 0 0.99628
    outer loop
      vertex 64.8109 0 16.9855
      vertex 65.219 -0.95 17.0208
      vertex 65.219 0 17.0208
    endloop
  endfacet
  facet normal -0.0861766 0 0.99628
    outer loop
      vertex 65.219 -0.95 17.0208
      vertex 64.8109 0 16.9855
      vertex 64.8109 -0.95 16.9855
    endloop
  endfacet
  facet normal 0.0963158 0 0.995351
    outer loop
      vertex 64.4337 0 17.022
      vertex 64.8109 -0.95 16.9855
      vertex 64.8109 0 16.9855
    endloop
  endfacet
  facet normal 0.0963158 0 0.995351
    outer loop
      vertex 64.8109 -0.95 16.9855
      vertex 64.4337 0 17.022
      vertex 64.4337 -0.95 17.022
    endloop
  endfacet
  facet normal 0.257334 0 -0.966323
    outer loop
      vertex 42.5092 -0.95 16.3112
      vertex 43.0398 0 16.4525
      vertex 43.0398 -0.95 16.4525
    endloop
  endfacet
  facet normal 0.257334 0 -0.966323
    outer loop
      vertex 43.0398 0 16.4525
      vertex 42.5092 -0.95 16.3112
      vertex 42.5092 0 16.3112
    endloop
  endfacet
  facet normal 0.460768 0 -0.887521
    outer loop
      vertex 43.0398 -0.95 16.4525
      vertex 43.4938 0 16.6882
      vertex 43.4938 -0.95 16.6882
    endloop
  endfacet
  facet normal 0.460768 0 -0.887521
    outer loop
      vertex 43.4938 0 16.6882
      vertex 43.0398 -0.95 16.4525
      vertex 43.0398 0 16.4525
    endloop
  endfacet
  facet normal 0.658137 0 -0.752898
    outer loop
      vertex 43.4938 -0.95 16.6882
      vertex 43.8712 0 17.0181
      vertex 43.8712 -0.95 17.0181
    endloop
  endfacet
  facet normal 0.658137 0 -0.752898
    outer loop
      vertex 43.8712 0 17.0181
      vertex 43.4938 -0.95 16.6882
      vertex 43.4938 0 16.6882
    endloop
  endfacet
  facet normal 0.820713 0 -0.571341
    outer loop
      vertex 44.1679 -0.95 17.4443
      vertex 43.8712 0 17.0181
      vertex 44.1679 0 17.4443
    endloop
  endfacet
  facet normal 0.820713 0 -0.571341
    outer loop
      vertex 43.8712 0 17.0181
      vertex 44.1679 -0.95 17.4443
      vertex 43.8712 -0.95 17.0181
    endloop
  endfacet
  facet normal 0.927191 0 -0.374589
    outer loop
      vertex 44.3798 -0.95 17.9688
      vertex 44.1679 0 17.4443
      vertex 44.3798 0 17.9688
    endloop
  endfacet
  facet normal 0.927191 0 -0.374589
    outer loop
      vertex 44.1679 0 17.4443
      vertex 44.3798 -0.95 17.9688
      vertex 44.1679 -0.95 17.4443
    endloop
  endfacet
  facet normal 0.97978 0 -0.200077
    outer loop
      vertex 44.507 -0.95 18.5917
      vertex 44.3798 0 17.9688
      vertex 44.507 0 18.5917
    endloop
  endfacet
  facet normal 0.97978 0 -0.200077
    outer loop
      vertex 44.3798 0 17.9688
      vertex 44.507 -0.95 18.5917
      vertex 44.3798 -0.95 17.9688
    endloop
  endfacet
  facet normal 0.998276 0 -0.0586977
    outer loop
      vertex 44.5494 -0.95 19.3128
      vertex 44.507 0 18.5917
      vertex 44.5494 0 19.3128
    endloop
  endfacet
  facet normal 0.998276 0 -0.0586977
    outer loop
      vertex 44.507 0 18.5917
      vertex 44.5494 -0.95 19.3128
      vertex 44.507 -0.95 18.5917
    endloop
  endfacet
  facet normal 0.998514 -0 0.0544894
    outer loop
      vertex 44.5097 -0.95 20.0403
      vertex 44.5494 0 19.3128
      vertex 44.5097 0 20.0403
    endloop
  endfacet
  facet normal 0.998514 0 0.0544894
    outer loop
      vertex 44.5494 0 19.3128
      vertex 44.5097 -0.95 20.0403
      vertex 44.5494 -0.95 19.3128
    endloop
  endfacet
  facet normal 0.982374 -0 0.186924
    outer loop
      vertex 44.3907 -0.95 20.6657
      vertex 44.5097 0 20.0403
      vertex 44.3907 0 20.6657
    endloop
  endfacet
  facet normal 0.982374 0 0.186924
    outer loop
      vertex 44.5097 0 20.0403
      vertex 44.3907 -0.95 20.6657
      vertex 44.5097 -0.95 20.0403
    endloop
  endfacet
  facet normal 0.935075 -0 0.35445
    outer loop
      vertex 44.1923 -0.95 21.1891
      vertex 44.3907 0 20.6657
      vertex 44.1923 0 21.1891
    endloop
  endfacet
  facet normal 0.935075 0 0.35445
    outer loop
      vertex 44.3907 0 20.6657
      vertex 44.1923 -0.95 21.1891
      vertex 44.3907 -0.95 20.6657
    endloop
  endfacet
  facet normal 0.834875 -0 0.550439
    outer loop
      vertex 43.9146 -0.95 21.6103
      vertex 44.1923 0 21.1891
      vertex 43.9146 0 21.6103
    endloop
  endfacet
  facet normal 0.834875 0 0.550439
    outer loop
      vertex 44.1923 0 21.1891
      vertex 43.9146 -0.95 21.6103
      vertex 44.1923 -0.95 21.1891
    endloop
  endfacet
  facet normal 0.66712 0 0.74495
    outer loop
      vertex 43.5528 0 21.9343
      vertex 43.9146 -0.95 21.6103
      vertex 43.9146 0 21.6103
    endloop
  endfacet
  facet normal 0.66712 0 0.74495
    outer loop
      vertex 43.9146 -0.95 21.6103
      vertex 43.5528 0 21.9343
      vertex 43.5528 -0.95 21.9343
    endloop
  endfacet
  facet normal 0.456822 0 0.889558
    outer loop
      vertex 43.1022 0 22.1657
      vertex 43.5528 -0.95 21.9343
      vertex 43.5528 0 21.9343
    endloop
  endfacet
  facet normal 0.456822 0 0.889558
    outer loop
      vertex 43.5528 -0.95 21.9343
      vertex 43.1022 0 22.1657
      vertex 43.1022 -0.95 22.1657
    endloop
  endfacet
  facet normal 0.249161 0 0.968462
    outer loop
      vertex 42.5627 0 22.3045
      vertex 43.1022 -0.95 22.1657
      vertex 43.1022 0 22.1657
    endloop
  endfacet
  facet normal 0.249161 0 0.968462
    outer loop
      vertex 43.1022 -0.95 22.1657
      vertex 42.5627 0 22.3045
      vertex 42.5627 -0.95 22.3045
    endloop
  endfacet
  facet normal 0.0735033 0 0.997295
    outer loop
      vertex 41.9345 0 22.3508
      vertex 42.5627 -0.95 22.3045
      vertex 42.5627 0 22.3045
    endloop
  endfacet
  facet normal 0.0735033 0 0.997295
    outer loop
      vertex 42.5627 -0.95 22.3045
      vertex 41.9345 0 22.3508
      vertex 41.9345 -0.95 22.3508
    endloop
  endfacet
  facet normal -0.162772 0 0.986664
    outer loop
      vertex 40.7834 0 22.1609
      vertex 41.9345 -0.95 22.3508
      vertex 41.9345 0 22.3508
    endloop
  endfacet
  facet normal -0.162772 0 0.986664
    outer loop
      vertex 41.9345 -0.95 22.3508
      vertex 40.7834 0 22.1609
      vertex 40.7834 -0.95 22.1609
    endloop
  endfacet
  facet normal -0.56947 0 0.822012
    outer loop
      vertex 39.9612 0 21.5913
      vertex 40.7834 -0.95 22.1609
      vertex 40.7834 0 22.1609
    endloop
  endfacet
  facet normal -0.56947 0 0.822012
    outer loop
      vertex 40.7834 -0.95 22.1609
      vertex 39.9612 0 21.5913
      vertex 39.9612 -0.95 21.5913
    endloop
  endfacet
  facet normal -0.887327 0 0.461141
    outer loop
      vertex 39.4678 -0.95 20.6419
      vertex 39.9612 0 21.5913
      vertex 39.4678 0 20.6419
    endloop
  endfacet
  facet normal -0.887327 0 0.461141
    outer loop
      vertex 39.9612 0 21.5913
      vertex 39.4678 -0.95 20.6419
      vertex 39.9612 -0.95 21.5913
    endloop
  endfacet
  facet normal -0.992437 0 0.122757
    outer loop
      vertex 39.3034 -0.95 19.3128
      vertex 39.4678 0 20.6419
      vertex 39.3034 0 19.3128
    endloop
  endfacet
  facet normal -0.992437 0 0.122757
    outer loop
      vertex 39.4678 0 20.6419
      vertex 39.3034 -0.95 19.3128
      vertex 39.4678 -0.95 20.6419
    endloop
  endfacet
  facet normal -0.998274 0 -0.0587304
    outer loop
      vertex 39.3444 -0.95 18.6159
      vertex 39.3034 0 19.3128
      vertex 39.3444 0 18.6159
    endloop
  endfacet
  facet normal -0.998274 -0 -0.0587304
    outer loop
      vertex 39.3034 0 19.3128
      vertex 39.3444 -0.95 18.6159
      vertex 39.3034 -0.95 19.3128
    endloop
  endfacet
  facet normal -0.980227 0 -0.197878
    outer loop
      vertex 39.4675 -0.95 18.0061
      vertex 39.3444 0 18.6159
      vertex 39.4675 0 18.0061
    endloop
  endfacet
  facet normal -0.980227 -0 -0.197878
    outer loop
      vertex 39.3444 0 18.6159
      vertex 39.4675 -0.95 18.0061
      vertex 39.3444 -0.95 18.6159
    endloop
  endfacet
  facet normal -0.930877 0 -0.365333
    outer loop
      vertex 39.6726 -0.95 17.4835
      vertex 39.4675 0 18.0061
      vertex 39.6726 0 17.4835
    endloop
  endfacet
  facet normal -0.930877 -0 -0.365333
    outer loop
      vertex 39.4675 0 18.0061
      vertex 39.6726 -0.95 17.4835
      vertex 39.4675 -0.95 18.0061
    endloop
  endfacet
  facet normal -0.83487 0 -0.550447
    outer loop
      vertex 39.9598 -0.95 17.0479
      vertex 39.6726 0 17.4835
      vertex 39.9598 0 17.0479
    endloop
  endfacet
  facet normal -0.83487 -0 -0.550447
    outer loop
      vertex 39.6726 0 17.4835
      vertex 39.9598 -0.95 17.0479
      vertex 39.6726 -0.95 17.4835
    endloop
  endfacet
  facet normal -0.682212 0 -0.731155
    outer loop
      vertex 39.9598 -0.95 17.0479
      vertex 40.3273 0 16.705
      vertex 40.3273 -0.95 16.705
    endloop
  endfacet
  facet normal -0.682212 0 -0.731155
    outer loop
      vertex 40.3273 0 16.705
      vertex 39.9598 -0.95 17.0479
      vertex 39.9598 0 17.0479
    endloop
  endfacet
  facet normal -0.4813 0 -0.876556
    outer loop
      vertex 40.3273 -0.95 16.705
      vertex 40.7735 0 16.46
      vertex 40.7735 -0.95 16.46
    endloop
  endfacet
  facet normal -0.4813 0 -0.876556
    outer loop
      vertex 40.7735 0 16.46
      vertex 40.3273 -0.95 16.705
      vertex 40.3273 0 16.705
    endloop
  endfacet
  facet normal -0.269678 0 -0.962951
    outer loop
      vertex 40.7735 -0.95 16.46
      vertex 41.2984 0 16.313
      vertex 41.2984 -0.95 16.313
    endloop
  endfacet
  facet normal -0.269678 0 -0.962951
    outer loop
      vertex 41.2984 0 16.313
      vertex 40.7735 -0.95 16.46
      vertex 40.7735 0 16.46
    endloop
  endfacet
  facet normal -0.0809267 0 -0.99672
    outer loop
      vertex 41.2984 -0.95 16.313
      vertex 41.9019 0 16.264
      vertex 41.9019 -0.95 16.264
    endloop
  endfacet
  facet normal -0.0809267 0 -0.99672
    outer loop
      vertex 41.9019 0 16.264
      vertex 41.2984 -0.95 16.313
      vertex 41.2984 0 16.313
    endloop
  endfacet
  facet normal 0.0774874 0 -0.996993
    outer loop
      vertex 41.9019 -0.95 16.264
      vertex 42.5092 0 16.3112
      vertex 42.5092 -0.95 16.3112
    endloop
  endfacet
  facet normal 0.0774874 0 -0.996993
    outer loop
      vertex 42.5092 0 16.3112
      vertex 41.9019 -0.95 16.264
      vertex 41.9019 0 16.264
    endloop
  endfacet
  facet normal 0.320357 0 0.947297
    outer loop
      vertex 41.1906 0 17.1313
      vertex 41.5138 -0.95 17.022
      vertex 41.5138 0 17.022
    endloop
  endfacet
  facet normal 0.320357 0 0.947297
    outer loop
      vertex 41.5138 -0.95 17.022
      vertex 41.1906 0 17.1313
      vertex 41.1906 -0.95 17.1313
    endloop
  endfacet
  facet normal 0.560433 0 0.828199
    outer loop
      vertex 40.9212 0 17.3136
      vertex 41.1906 -0.95 17.1313
      vertex 41.1906 0 17.1313
    endloop
  endfacet
  facet normal 0.560433 0 0.828199
    outer loop
      vertex 41.1906 -0.95 17.1313
      vertex 40.9212 0 17.3136
      vertex 40.9212 -0.95 17.3136
    endloop
  endfacet
  facet normal 0.763909 -0 0.645325
    outer loop
      vertex 40.7057 -0.95 17.5687
      vertex 40.9212 0 17.3136
      vertex 40.7057 0 17.5687
    endloop
  endfacet
  facet normal 0.763909 0 0.645325
    outer loop
      vertex 40.9212 0 17.3136
      vertex 40.7057 -0.95 17.5687
      vertex 40.9212 -0.95 17.3136
    endloop
  endfacet
  facet normal 0.893225 -0 0.44961
    outer loop
      vertex 40.5407 -0.95 17.8965
      vertex 40.7057 0 17.5687
      vertex 40.5407 0 17.8965
    endloop
  endfacet
  facet normal 0.893225 0 0.44961
    outer loop
      vertex 40.7057 0 17.5687
      vertex 40.5407 -0.95 17.8965
      vertex 40.7057 -0.95 17.5687
    endloop
  endfacet
  facet normal 0.959247 -0 0.282569
    outer loop
      vertex 40.4229 -0.95 18.2964
      vertex 40.5407 0 17.8965
      vertex 40.4229 0 18.2964
    endloop
  endfacet
  facet normal 0.959247 0 0.282569
    outer loop
      vertex 40.5407 0 17.8965
      vertex 40.4229 -0.95 18.2964
      vertex 40.5407 -0.95 17.8965
    endloop
  endfacet
  facet normal 0.988972 -0 0.148105
    outer loop
      vertex 40.3522 -0.95 18.7685
      vertex 40.4229 0 18.2964
      vertex 40.3522 0 18.7685
    endloop
  endfacet
  facet normal 0.988972 0 0.148105
    outer loop
      vertex 40.4229 0 18.2964
      vertex 40.3522 -0.95 18.7685
      vertex 40.4229 -0.95 18.2964
    endloop
  endfacet
  facet normal 0.999061 -0 0.0433177
    outer loop
      vertex 40.3286 -0.95 19.3128
      vertex 40.3522 0 18.7685
      vertex 40.3286 0 19.3128
    endloop
  endfacet
  facet normal 0.999061 0 0.0433177
    outer loop
      vertex 40.3522 0 18.7685
      vertex 40.3286 -0.95 19.3128
      vertex 40.3522 -0.95 18.7685
    endloop
  endfacet
  facet normal 0.999074 0 -0.0430249
    outer loop
      vertex 40.3526 -0.95 19.8701
      vertex 40.3286 0 19.3128
      vertex 40.3526 0 19.8701
    endloop
  endfacet
  facet normal 0.999074 0 -0.0430249
    outer loop
      vertex 40.3286 0 19.3128
      vertex 40.3526 -0.95 19.8701
      vertex 40.3286 -0.95 19.3128
    endloop
  endfacet
  facet normal 0.988945 0 -0.14828
    outer loop
      vertex 40.4243 -0.95 20.3483
      vertex 40.3526 0 19.8701
      vertex 40.4243 0 20.3483
    endloop
  endfacet
  facet normal 0.988945 0 -0.14828
    outer loop
      vertex 40.3526 0 19.8701
      vertex 40.4243 -0.95 20.3483
      vertex 40.3526 -0.95 19.8701
    endloop
  endfacet
  facet normal 0.957998 0 -0.286775
    outer loop
      vertex 40.5438 -0.95 20.7475
      vertex 40.4243 0 20.3483
      vertex 40.5438 0 20.7475
    endloop
  endfacet
  facet normal 0.957998 0 -0.286775
    outer loop
      vertex 40.4243 0 20.3483
      vertex 40.5438 -0.95 20.7475
      vertex 40.4243 -0.95 20.3483
    endloop
  endfacet
  facet normal 0.886373 0 -0.462973
    outer loop
      vertex 40.7111 -0.95 21.0678
      vertex 40.5438 0 20.7475
      vertex 40.7111 0 21.0678
    endloop
  endfacet
  facet normal 0.886373 0 -0.462973
    outer loop
      vertex 40.5438 0 20.7475
      vertex 40.7111 -0.95 21.0678
      vertex 40.5438 -0.95 20.7475
    endloop
  endfacet
  facet normal 0.743505 0 -0.668731
    outer loop
      vertex 40.932 -0.95 21.3134
      vertex 40.7111 0 21.0678
      vertex 40.932 0 21.3134
    endloop
  endfacet
  facet normal 0.743505 0 -0.668731
    outer loop
      vertex 40.7111 0 21.0678
      vertex 40.932 -0.95 21.3134
      vertex 40.7111 -0.95 21.0678
    endloop
  endfacet
  facet normal 0.530678 0 -0.847573
    outer loop
      vertex 40.932 -0.95 21.3134
      vertex 41.2123 0 21.4889
      vertex 41.2123 -0.95 21.4889
    endloop
  endfacet
  facet normal 0.530678 0 -0.847573
    outer loop
      vertex 41.2123 0 21.4889
      vertex 40.932 -0.95 21.3134
      vertex 40.932 0 21.3134
    endloop
  endfacet
  facet normal 0.29624 0 -0.955114
    outer loop
      vertex 41.2123 -0.95 21.4889
      vertex 41.5518 0 21.5942
      vertex 41.5518 -0.95 21.5942
    endloop
  endfacet
  facet normal 0.29624 0 -0.955114
    outer loop
      vertex 41.5518 0 21.5942
      vertex 41.2123 -0.95 21.4889
      vertex 41.2123 0 21.4889
    endloop
  endfacet
  facet normal 0.0876533 0 -0.996151
    outer loop
      vertex 41.5518 -0.95 21.5942
      vertex 41.9507 0 21.6293
      vertex 41.9507 -0.95 21.6293
    endloop
  endfacet
  facet normal 0.0876533 0 -0.996151
    outer loop
      vertex 41.9507 0 21.6293
      vertex 41.5518 -0.95 21.5942
      vertex 41.5518 0 21.5942
    endloop
  endfacet
  facet normal -0.0867166 0 -0.996233
    outer loop
      vertex 41.9507 -0.95 21.6293
      vertex 42.3459 0 21.5949
      vertex 42.3459 -0.95 21.5949
    endloop
  endfacet
  facet normal -0.0867166 0 -0.996233
    outer loop
      vertex 42.3459 0 21.5949
      vertex 41.9507 -0.95 21.6293
      vertex 41.9507 0 21.6293
    endloop
  endfacet
  facet normal -0.295634 0 -0.955301
    outer loop
      vertex 42.3459 -0.95 21.5949
      vertex 42.6797 0 21.4916
      vertex 42.6797 -0.95 21.4916
    endloop
  endfacet
  facet normal -0.295634 0 -0.955301
    outer loop
      vertex 42.6797 0 21.4916
      vertex 42.3459 -0.95 21.5949
      vertex 42.3459 0 21.5949
    endloop
  endfacet
  facet normal -0.5339 0 -0.845548
    outer loop
      vertex 42.6797 -0.95 21.4916
      vertex 42.9521 0 21.3196
      vertex 42.9521 -0.95 21.3196
    endloop
  endfacet
  facet normal -0.5339 0 -0.845548
    outer loop
      vertex 42.9521 0 21.3196
      vertex 42.6797 -0.95 21.4916
      vertex 42.6797 0 21.4916
    endloop
  endfacet
  facet normal -0.752093 0 -0.659057
    outer loop
      vertex 43.1632 -0.95 21.0787
      vertex 42.9521 0 21.3196
      vertex 43.1632 0 21.0787
    endloop
  endfacet
  facet normal -0.752093 -0 -0.659057
    outer loop
      vertex 42.9521 0 21.3196
      vertex 43.1632 -0.95 21.0787
      vertex 42.9521 -0.95 21.3196
    endloop
  endfacet
  facet normal -0.895048 0 -0.44597
    outer loop
      vertex 43.3211 -0.95 20.7618
      vertex 43.1632 0 21.0787
      vertex 43.3211 0 20.7618
    endloop
  endfacet
  facet normal -0.895048 -0 -0.44597
    outer loop
      vertex 43.1632 0 21.0787
      vertex 43.3211 -0.95 20.7618
      vertex 43.1632 -0.95 21.0787
    endloop
  endfacet
  facet normal -0.962508 0 -0.271254
    outer loop
      vertex 43.4338 -0.95 20.3619
      vertex 43.3211 0 20.7618
      vertex 43.4338 0 20.3619
    endloop
  endfacet
  facet normal -0.962508 -0 -0.271254
    outer loop
      vertex 43.3211 0 20.7618
      vertex 43.4338 -0.95 20.3619
      vertex 43.3211 -0.95 20.7618
    endloop
  endfacet
  facet normal -0.990347 0 -0.138608
    outer loop
      vertex 43.5014 -0.95 19.8789
      vertex 43.4338 0 20.3619
      vertex 43.5014 0 19.8789
    endloop
  endfacet
  facet normal -0.990347 -0 -0.138608
    outer loop
      vertex 43.4338 0 20.3619
      vertex 43.5014 -0.95 19.8789
      vertex 43.4338 -0.95 20.3619
    endloop
  endfacet
  facet normal -0.999204 0 -0.0398905
    outer loop
      vertex 43.524 -0.95 19.3128
      vertex 43.5014 0 19.8789
      vertex 43.524 0 19.3128
    endloop
  endfacet
  facet normal -0.999204 -0 -0.0398905
    outer loop
      vertex 43.5014 0 19.8789
      vertex 43.524 -0.95 19.3128
      vertex 43.5014 -0.95 19.8789
    endloop
  endfacet
  facet normal -0.999112 0 0.042128
    outer loop
      vertex 43.5004 -0.95 18.7531
      vertex 43.524 0 19.3128
      vertex 43.5004 0 18.7531
    endloop
  endfacet
  facet normal -0.999112 0 0.042128
    outer loop
      vertex 43.524 0 19.3128
      vertex 43.5004 -0.95 18.7531
      vertex 43.524 -0.95 19.3128
    endloop
  endfacet
  facet normal -0.989348 0 0.145571
    outer loop
      vertex 43.4297 -0.95 18.2726
      vertex 43.5004 0 18.7531
      vertex 43.4297 0 18.2726
    endloop
  endfacet
  facet normal -0.989348 0 0.145571
    outer loop
      vertex 43.5004 0 18.7531
      vertex 43.4297 -0.95 18.2726
      vertex 43.5004 -0.95 18.7531
    endloop
  endfacet
  facet normal -0.959476 0 0.281791
    outer loop
      vertex 43.3119 -0.95 17.8715
      vertex 43.4297 0 18.2726
      vertex 43.3119 0 17.8715
    endloop
  endfacet
  facet normal -0.959476 0 0.281791
    outer loop
      vertex 43.4297 0 18.2726
      vertex 43.3119 -0.95 17.8715
      vertex 43.4297 -0.95 18.2726
    endloop
  endfacet
  facet normal -0.889959 0 0.456042
    outer loop
      vertex 43.147 -0.95 17.5497
      vertex 43.3119 0 17.8715
      vertex 43.147 0 17.5497
    endloop
  endfacet
  facet normal -0.889959 0 0.456042
    outer loop
      vertex 43.3119 0 17.8715
      vertex 43.147 -0.95 17.5497
      vertex 43.3119 -0.95 17.8715
    endloop
  endfacet
  facet normal -0.746624 0 0.665246
    outer loop
      vertex 42.9271 -0.95 17.3029
      vertex 43.147 0 17.5497
      vertex 42.9271 0 17.3029
    endloop
  endfacet
  facet normal -0.746624 0 0.665246
    outer loop
      vertex 43.147 0 17.5497
      vertex 42.9271 -0.95 17.3029
      vertex 43.147 -0.95 17.5497
    endloop
  endfacet
  facet normal -0.529297 0 0.848437
    outer loop
      vertex 42.6445 0 17.1266
      vertex 42.9271 -0.95 17.3029
      vertex 42.9271 0 17.3029
    endloop
  endfacet
  facet normal -0.529297 0 0.848437
    outer loop
      vertex 42.9271 -0.95 17.3029
      vertex 42.6445 0 17.1266
      vertex 42.6445 -0.95 17.1266
    endloop
  endfacet
  facet normal -0.29288 0 0.956149
    outer loop
      vertex 42.2991 0 17.0208
      vertex 42.6445 -0.95 17.1266
      vertex 42.6445 0 17.1266
    endloop
  endfacet
  facet normal -0.29288 0 0.956149
    outer loop
      vertex 42.6445 -0.95 17.1266
      vertex 42.2991 0 17.0208
      vertex 42.2991 -0.95 17.0208
    endloop
  endfacet
  facet normal -0.0861766 0 0.99628
    outer loop
      vertex 41.891 0 16.9855
      vertex 42.2991 -0.95 17.0208
      vertex 42.2991 0 17.0208
    endloop
  endfacet
  facet normal -0.0861766 0 0.99628
    outer loop
      vertex 42.2991 -0.95 17.0208
      vertex 41.891 0 16.9855
      vertex 41.891 -0.95 16.9855
    endloop
  endfacet
  facet normal 0.0963158 0 0.995351
    outer loop
      vertex 41.5138 0 17.022
      vertex 41.891 -0.95 16.9855
      vertex 41.891 0 16.9855
    endloop
  endfacet
  facet normal 0.0963158 0 0.995351
    outer loop
      vertex 41.891 -0.95 16.9855
      vertex 41.5138 0 17.022
      vertex 41.5138 -0.95 17.022
    endloop
  endfacet
  facet normal 0.998042 0 -0.0625469
    outer loop
      vertex 46.6437 -0.95 20.1792
      vertex 46.6183 0 19.7739
      vertex 46.6437 0 20.1792
    endloop
  endfacet
  facet normal 0.998042 0 -0.0625469
    outer loop
      vertex 46.6183 0 19.7739
      vertex 46.6437 -0.95 20.1792
      vertex 46.6183 -0.95 19.7739
    endloop
  endfacet
  facet normal 0.978069 0 -0.20828
    outer loop
      vertex 46.72 -0.95 20.5375
      vertex 46.6437 0 20.1792
      vertex 46.72 0 20.5375
    endloop
  endfacet
  facet normal 0.978069 0 -0.20828
    outer loop
      vertex 46.6437 0 20.1792
      vertex 46.72 -0.95 20.5375
      vertex 46.6437 -0.95 20.1792
    endloop
  endfacet
  facet normal 0.925831 0 -0.377939
    outer loop
      vertex 46.8472 -0.95 20.8491
      vertex 46.72 0 20.5375
      vertex 46.8472 0 20.8491
    endloop
  endfacet
  facet normal 0.925831 0 -0.377939
    outer loop
      vertex 46.72 0 20.5375
      vertex 46.8472 -0.95 20.8491
      vertex 46.72 -0.95 20.5375
    endloop
  endfacet
  facet normal 0.829923 0 -0.557879
    outer loop
      vertex 47.0252 -0.95 21.1139
      vertex 46.8472 0 20.8491
      vertex 47.0252 0 21.1139
    endloop
  endfacet
  facet normal 0.829923 0 -0.557879
    outer loop
      vertex 46.8472 0 20.8491
      vertex 47.0252 -0.95 21.1139
      vertex 46.8472 -0.95 20.8491
    endloop
  endfacet
  facet normal 0.689272 0 -0.724502
    outer loop
      vertex 47.0252 -0.95 21.1139
      vertex 47.2473 0 21.3252
      vertex 47.2473 -0.95 21.3252
    endloop
  endfacet
  facet normal 0.689272 0 -0.724502
    outer loop
      vertex 47.2473 0 21.3252
      vertex 47.0252 -0.95 21.1139
      vertex 47.0252 0 21.1139
    endloop
  endfacet
  facet normal 0.502731 0 -0.864443
    outer loop
      vertex 47.2473 -0.95 21.3252
      vertex 47.5066 0 21.476
      vertex 47.5066 -0.95 21.476
    endloop
  endfacet
  facet normal 0.502731 0 -0.864443
    outer loop
      vertex 47.5066 0 21.476
      vertex 47.2473 -0.95 21.3252
      vertex 47.2473 0 21.3252
    endloop
  endfacet
  facet normal 0.292047 0 -0.956404
    outer loop
      vertex 47.5066 -0.95 21.476
      vertex 47.8033 0 21.5666
      vertex 47.8033 -0.95 21.5666
    endloop
  endfacet
  facet normal 0.292047 0 -0.956404
    outer loop
      vertex 47.8033 0 21.5666
      vertex 47.5066 -0.95 21.476
      vertex 47.5066 0 21.476
    endloop
  endfacet
  facet normal 0.089756 0 -0.995964
    outer loop
      vertex 47.8033 -0.95 21.5666
      vertex 48.1373 0 21.5967
      vertex 48.1373 -0.95 21.5967
    endloop
  endfacet
  facet normal 0.089756 0 -0.995964
    outer loop
      vertex 48.1373 0 21.5967
      vertex 47.8033 -0.95 21.5666
      vertex 47.8033 0 21.5666
    endloop
  endfacet
  facet normal -0.0387715 0 -0.999248
    outer loop
      vertex 48.1373 -0.95 21.5967
      vertex 48.3641 0 21.5879
      vertex 48.3641 -0.95 21.5879
    endloop
  endfacet
  facet normal -0.0387715 0 -0.999248
    outer loop
      vertex 48.3641 0 21.5879
      vertex 48.1373 -0.95 21.5967
      vertex 48.1373 0 21.5967
    endloop
  endfacet
  facet normal -0.132427 0 -0.991193
    outer loop
      vertex 48.3641 -0.95 21.5879
      vertex 48.5617 0 21.5615
      vertex 48.5617 -0.95 21.5615
    endloop
  endfacet
  facet normal -0.132427 0 -0.991193
    outer loop
      vertex 48.5617 0 21.5615
      vertex 48.3641 -0.95 21.5879
      vertex 48.3641 0 21.5879
    endloop
  endfacet
  facet normal -0.253193 0 -0.967416
    outer loop
      vertex 48.5617 -0.95 21.5615
      vertex 48.7302 0 21.5174
      vertex 48.7302 -0.95 21.5174
    endloop
  endfacet
  facet normal -0.253193 0 -0.967416
    outer loop
      vertex 48.7302 0 21.5174
      vertex 48.5617 -0.95 21.5615
      vertex 48.5617 0 21.5615
    endloop
  endfacet
  facet normal -0.404738 0 -0.914433
    outer loop
      vertex 48.7302 -0.95 21.5174
      vertex 48.8696 0 21.4557
      vertex 48.8696 -0.95 21.4557
    endloop
  endfacet
  facet normal -0.404738 0 -0.914433
    outer loop
      vertex 48.8696 0 21.4557
      vertex 48.7302 -0.95 21.5174
      vertex 48.7302 0 21.5174
    endloop
  endfacet
  facet normal -0.574831 0 -0.818272
    outer loop
      vertex 48.8696 -0.95 21.4557
      vertex 48.9859 0 21.374
      vertex 48.9859 -0.95 21.374
    endloop
  endfacet
  facet normal -0.574831 0 -0.818272
    outer loop
      vertex 48.9859 0 21.374
      vertex 48.8696 -0.95 21.4557
      vertex 48.8696 0 21.4557
    endloop
  endfacet
  facet normal -0.723245 0 -0.690591
    outer loop
      vertex 49.0853 -0.95 21.2699
      vertex 48.9859 0 21.374
      vertex 49.0853 0 21.2699
    endloop
  endfacet
  facet normal -0.723245 -0 -0.690591
    outer loop
      vertex 48.9859 0 21.374
      vertex 49.0853 -0.95 21.2699
      vertex 48.9859 -0.95 21.374
    endloop
  endfacet
  facet normal -0.838216 0 -0.545338
    outer loop
      vertex 49.1676 -0.95 21.1434
      vertex 49.0853 0 21.2699
      vertex 49.1676 0 21.1434
    endloop
  endfacet
  facet normal -0.838216 -0 -0.545338
    outer loop
      vertex 49.0853 0 21.2699
      vertex 49.1676 -0.95 21.1434
      vertex 49.0853 -0.95 21.2699
    endloop
  endfacet
  facet normal -0.915252 0 -0.402883
    outer loop
      vertex 49.2331 -0.95 20.9946
      vertex 49.1676 0 21.1434
      vertex 49.2331 0 20.9946
    endloop
  endfacet
  facet normal -0.915252 -0 -0.402883
    outer loop
      vertex 49.1676 0 21.1434
      vertex 49.2331 -0.95 20.9946
      vertex 49.1676 -0.95 21.1434
    endloop
  endfacet
  facet normal -0.962344 0 -0.271836
    outer loop
      vertex 49.2829 -0.95 20.8183
      vertex 49.2331 0 20.9946
      vertex 49.2829 0 20.8183
    endloop
  endfacet
  facet normal -0.962344 -0 -0.271836
    outer loop
      vertex 49.2331 0 20.9946
      vertex 49.2829 -0.95 20.8183
      vertex 49.2331 -0.95 20.9946
    endloop
  endfacet
  facet normal -0.985788 0 -0.167994
    outer loop
      vertex 49.3185 -0.95 20.6094
      vertex 49.2829 0 20.8183
      vertex 49.3185 0 20.6094
    endloop
  endfacet
  facet normal -0.985788 -0 -0.167994
    outer loop
      vertex 49.2829 0 20.8183
      vertex 49.3185 -0.95 20.6094
      vertex 49.2829 -0.95 20.8183
    endloop
  endfacet
  facet normal -0.996094 0 -0.0883032
    outer loop
      vertex 49.3399 -0.95 20.368
      vertex 49.3185 0 20.6094
      vertex 49.3399 0 20.368
    endloop
  endfacet
  facet normal -0.996094 -0 -0.0883032
    outer loop
      vertex 49.3185 0 20.6094
      vertex 49.3399 -0.95 20.368
      vertex 49.3185 -0.95 20.6094
    endloop
  endfacet
  facet normal -0.999664 0 -0.0259037
    outer loop
      vertex 49.347 -0.95 20.094
      vertex 49.3399 0 20.368
      vertex 49.347 0 20.094
    endloop
  endfacet
  facet normal -0.999664 -0 -0.0259037
    outer loop
      vertex 49.3399 0 20.368
      vertex 49.347 -0.95 20.094
      vertex 49.3399 -0.95 20.368
    endloop
  endfacet
  facet normal -1 0 0
    outer loop
      vertex 49.347 -0.95 16.3725
      vertex 49.347 0 20.094
      vertex 49.347 0 16.3725
    endloop
  endfacet
  facet normal -1 -0 0
    outer loop
      vertex 49.347 0 20.094
      vertex 49.347 -0.95 16.3725
      vertex 49.347 -0.95 20.094
    endloop
  endfacet
  facet normal 0 0 -1
    outer loop
      vertex 49.347 -0.95 16.3725
      vertex 50.3289 0 16.3725
      vertex 50.3289 -0.95 16.3725
    endloop
  endfacet
  facet normal -0 0 -1
    outer loop
      vertex 50.3289 0 16.3725
      vertex 49.347 -0.95 16.3725
      vertex 49.347 0 16.3725
    endloop
  endfacet
  facet normal 1 -0 0
    outer loop
      vertex 50.3289 -0.95 20.2839
      vertex 50.3289 0 16.3725
      vertex 50.3289 0 20.2839
    endloop
  endfacet
  facet normal 1 0 0
    outer loop
      vertex 50.3289 0 16.3725
      vertex 50.3289 -0.95 20.2839
      vertex 50.3289 -0.95 16.3725
    endloop
  endfacet
  facet normal 0.998521 -0 0.054373
    outer loop
      vertex 50.3009 -0.95 20.7981
      vertex 50.3289 0 20.2839
      vertex 50.3009 0 20.7981
    endloop
  endfacet
  facet normal 0.998521 0 0.054373
    outer loop
      vertex 50.3289 0 20.2839
      vertex 50.3009 -0.95 20.7981
      vertex 50.3289 -0.95 20.2839
    endloop
  endfacet
  facet normal 0.981976 -0 0.189006
    outer loop
      vertex 50.217 -0.95 21.234
      vertex 50.3009 0 20.7981
      vertex 50.217 0 21.234
    endloop
  endfacet
  facet normal 0.981976 0 0.189006
    outer loop
      vertex 50.3009 0 20.7981
      vertex 50.217 -0.95 21.234
      vertex 50.3009 -0.95 20.7981
    endloop
  endfacet
  facet normal 0.931235 -0 0.364419
    outer loop
      vertex 50.0771 -0.95 21.5915
      vertex 50.217 0 21.234
      vertex 50.0771 0 21.5915
    endloop
  endfacet
  facet normal 0.931235 0 0.364419
    outer loop
      vertex 50.217 0 21.234
      vertex 50.0771 -0.95 21.5915
      vertex 50.217 -0.95 21.234
    endloop
  endfacet
  facet normal 0.818736 -0 0.574171
    outer loop
      vertex 49.8813 -0.95 21.8707
      vertex 50.0771 0 21.5915
      vertex 49.8813 0 21.8707
    endloop
  endfacet
  facet normal 0.818736 0 0.574171
    outer loop
      vertex 50.0771 0 21.5915
      vertex 49.8813 -0.95 21.8707
      vertex 50.0771 -0.95 21.5915
    endloop
  endfacet
  facet normal 0.634256 0 0.773123
    outer loop
      vertex 49.6252 0 22.0808
      vertex 49.8813 -0.95 21.8707
      vertex 49.8813 0 21.8707
    endloop
  endfacet
  facet normal 0.634256 0 0.773123
    outer loop
      vertex 49.8813 -0.95 21.8707
      vertex 49.6252 0 22.0808
      vertex 49.6252 -0.95 22.0808
    endloop
  endfacet
  facet normal 0.423457 0 0.905916
    outer loop
      vertex 49.3043 0 22.2308
      vertex 49.6252 -0.95 22.0808
      vertex 49.6252 0 22.0808
    endloop
  endfacet
  facet normal 0.423457 0 0.905916
    outer loop
      vertex 49.6252 -0.95 22.0808
      vertex 49.3043 0 22.2308
      vertex 49.3043 -0.95 22.2308
    endloop
  endfacet
  facet normal 0.227238 0 0.973839
    outer loop
      vertex 48.9186 0 22.3208
      vertex 49.3043 -0.95 22.2308
      vertex 49.3043 0 22.2308
    endloop
  endfacet
  facet normal 0.227238 0 0.973839
    outer loop
      vertex 49.3043 -0.95 22.2308
      vertex 48.9186 0 22.3208
      vertex 48.9186 -0.95 22.3208
    endloop
  endfacet
  facet normal 0.0664602 0 0.997789
    outer loop
      vertex 48.4682 0 22.3508
      vertex 48.9186 -0.95 22.3208
      vertex 48.9186 0 22.3208
    endloop
  endfacet
  facet normal 0.0664602 0 0.997789
    outer loop
      vertex 48.9186 -0.95 22.3208
      vertex 48.4682 0 22.3508
      vertex 48.4682 -0.95 22.3508
    endloop
  endfacet
  facet normal -0.049811 0 0.998759
    outer loop
      vertex 48.1534 0 22.3351
      vertex 48.4682 -0.95 22.3508
      vertex 48.4682 0 22.3508
    endloop
  endfacet
  facet normal -0.049811 0 0.998759
    outer loop
      vertex 48.4682 -0.95 22.3508
      vertex 48.1534 0 22.3351
      vertex 48.1534 -0.95 22.3351
    endloop
  endfacet
  facet normal -0.16201 0 0.986789
    outer loop
      vertex 47.8653 0 22.2878
      vertex 48.1534 -0.95 22.3351
      vertex 48.1534 0 22.3351
    endloop
  endfacet
  facet normal -0.16201 0 0.986789
    outer loop
      vertex 48.1534 -0.95 22.3351
      vertex 47.8653 0 22.2878
      vertex 47.8653 -0.95 22.2878
    endloop
  endfacet
  facet normal -0.289062 0 0.95731
    outer loop
      vertex 47.604 0 22.2089
      vertex 47.8653 -0.95 22.2878
      vertex 47.8653 0 22.2878
    endloop
  endfacet
  facet normal -0.289062 0 0.95731
    outer loop
      vertex 47.8653 -0.95 22.2878
      vertex 47.604 0 22.2089
      vertex 47.604 -0.95 22.2089
    endloop
  endfacet
  facet normal -0.425778 0 0.904827
    outer loop
      vertex 47.3696 0 22.0986
      vertex 47.604 -0.95 22.2089
      vertex 47.604 0 22.2089
    endloop
  endfacet
  facet normal -0.425778 0 0.904827
    outer loop
      vertex 47.604 -0.95 22.2089
      vertex 47.3696 0 22.0986
      vertex 47.3696 -0.95 22.0986
    endloop
  endfacet
  facet normal -0.56913 0 0.822247
    outer loop
      vertex 47.1552 0 21.9502
      vertex 47.3696 -0.95 22.0986
      vertex 47.3696 0 22.0986
    endloop
  endfacet
  facet normal -0.56913 0 0.822247
    outer loop
      vertex 47.3696 -0.95 22.0986
      vertex 47.1552 0 21.9502
      vertex 47.1552 -0.95 21.9502
    endloop
  endfacet
  facet normal -0.691508 0 0.722369
    outer loop
      vertex 46.9539 0 21.7575
      vertex 47.1552 -0.95 21.9502
      vertex 47.1552 0 21.9502
    endloop
  endfacet
  facet normal -0.691508 0 0.722369
    outer loop
      vertex 47.1552 -0.95 21.9502
      vertex 46.9539 0 21.7575
      vertex 46.9539 -0.95 21.7575
    endloop
  endfacet
  facet normal -0.783697 0 0.621143
    outer loop
      vertex 46.7659 -0.95 21.5203
      vertex 46.9539 0 21.7575
      vertex 46.7659 0 21.5203
    endloop
  endfacet
  facet normal -0.783697 0 0.621143
    outer loop
      vertex 46.9539 0 21.7575
      vertex 46.7659 -0.95 21.5203
      vertex 46.9539 -0.95 21.7575
    endloop
  endfacet
  facet normal -0.849757 0 0.527175
    outer loop
      vertex 46.5912 -0.95 21.2387
      vertex 46.7659 0 21.5203
      vertex 46.5912 0 21.2387
    endloop
  endfacet
  facet normal -0.849757 0 0.527175
    outer loop
      vertex 46.7659 0 21.5203
      vertex 46.5912 -0.95 21.2387
      vertex 46.7659 -0.95 21.5203
    endloop
  endfacet
  facet normal -0 0 1
    outer loop
      vertex 46.5749 0 21.2387
      vertex 46.5912 -0.95 21.2387
      vertex 46.5912 0 21.2387
    endloop
  endfacet
  facet normal 0 0 1
    outer loop
      vertex 46.5912 -0.95 21.2387
      vertex 46.5749 0 21.2387
      vertex 46.5749 -0.95 21.2387
    endloop
  endfacet
  facet normal 0.999639 -0 0.0268666
    outer loop
      vertex 46.5696 -0.95 21.4359
      vertex 46.5749 0 21.2387
      vertex 46.5696 0 21.4359
    endloop
  endfacet
  facet normal 0.999639 0 0.0268666
    outer loop
      vertex 46.5749 0 21.2387
      vertex 46.5696 -0.95 21.4359
      vertex 46.5749 -0.95 21.2387
    endloop
  endfacet
  facet normal 0.999548 -0 0.0300662
    outer loop
      vertex 46.5647 -0.95 21.5988
      vertex 46.5696 0 21.4359
      vertex 46.5647 0 21.5988
    endloop
  endfacet
  facet normal 0.999548 0 0.0300662
    outer loop
      vertex 46.5696 0 21.4359
      vertex 46.5647 -0.95 21.5988
      vertex 46.5696 -0.95 21.4359
    endloop
  endfacet
  facet normal 0.999361 -0 0.035747
    outer loop
      vertex 46.5601 -0.95 21.7274
      vertex 46.5647 0 21.5988
      vertex 46.5601 0 21.7274
    endloop
  endfacet
  facet normal 0.999361 0 0.035747
    outer loop
      vertex 46.5647 0 21.5988
      vertex 46.5601 -0.95 21.7274
      vertex 46.5647 -0.95 21.5988
    endloop
  endfacet
  facet normal 0.999014 -0 0.0444006
    outer loop
      vertex 46.5559 -0.95 21.8219
      vertex 46.5601 0 21.7274
      vertex 46.5559 0 21.8219
    endloop
  endfacet
  facet normal 0.999014 0 0.0444006
    outer loop
      vertex 46.5601 0 21.7274
      vertex 46.5559 -0.95 21.8219
      vertex 46.5601 -0.95 21.7274
    endloop
  endfacet
  facet normal 0.998654 -0 0.0518609
    outer loop
      vertex 46.552 -0.95 21.897
      vertex 46.5559 0 21.8219
      vertex 46.552 0 21.897
    endloop
  endfacet
  facet normal 0.998654 0 0.0518609
    outer loop
      vertex 46.5559 0 21.8219
      vertex 46.552 -0.95 21.897
      vertex 46.5559 -0.95 21.8219
    endloop
  endfacet
  facet normal 0.998706 -0 0.0508535
    outer loop
      vertex 46.5484 -0.95 21.9677
      vertex 46.552 0 21.897
      vertex 46.5484 0 21.9677
    endloop
  endfacet
  facet normal 0.998706 0 0.0508535
    outer loop
      vertex 46.552 0 21.897
      vertex 46.5484 -0.95 21.9677
      vertex 46.552 -0.95 21.897
    endloop
  endfacet
  facet normal 0.998837 -0 0.0482093
    outer loop
      vertex 46.5452 -0.95 22.034
      vertex 46.5484 0 21.9677
      vertex 46.5452 0 22.034
    endloop
  endfacet
  facet normal 0.998837 0 0.0482093
    outer loop
      vertex 46.5484 0 21.9677
      vertex 46.5452 -0.95 22.034
      vertex 46.5484 -0.95 21.9677
    endloop
  endfacet
  facet normal 0.998904 -0 0.0467984
    outer loop
      vertex 46.5423 -0.95 22.0959
      vertex 46.5452 0 22.034
      vertex 46.5423 0 22.0959
    endloop
  endfacet
  facet normal 0.998904 0 0.0467984
    outer loop
      vertex 46.5452 0 22.034
      vertex 46.5423 -0.95 22.0959
      vertex 46.5452 -0.95 22.034
    endloop
  endfacet
  facet normal 0.998748 -0 0.05003
    outer loop
      vertex 46.5396 -0.95 22.1498
      vertex 46.5423 0 22.0959
      vertex 46.5396 0 22.1498
    endloop
  endfacet
  facet normal 0.998748 0 0.05003
    outer loop
      vertex 46.5423 0 22.0959
      vertex 46.5396 -0.95 22.1498
      vertex 46.5423 -0.95 22.0959
    endloop
  endfacet
  facet normal 0.997979 -0 0.0635505
    outer loop
      vertex 46.5369 -0.95 22.1922
      vertex 46.5396 0 22.1498
      vertex 46.5369 0 22.1922
    endloop
  endfacet
  facet normal 0.997979 0 0.0635505
    outer loop
      vertex 46.5396 0 22.1498
      vertex 46.5369 -0.95 22.1922
      vertex 46.5396 -0.95 22.1498
    endloop
  endfacet
  facet normal 0.99618 -0 0.0873274
    outer loop
      vertex 46.5342 -0.95 22.223
      vertex 46.5369 0 22.1922
      vertex 46.5342 0 22.223
    endloop
  endfacet
  facet normal 0.99618 0 0.0873274
    outer loop
      vertex 46.5369 0 22.1922
      vertex 46.5342 -0.95 22.223
      vertex 46.5369 -0.95 22.1922
    endloop
  endfacet
  facet normal 0.990356 -0 0.138547
    outer loop
      vertex 46.5315 -0.95 22.2423
      vertex 46.5342 0 22.223
      vertex 46.5315 0 22.2423
    endloop
  endfacet
  facet normal 0.990356 0 0.138547
    outer loop
      vertex 46.5342 0 22.223
      vertex 46.5315 -0.95 22.2423
      vertex 46.5342 -0.95 22.223
    endloop
  endfacet
  facet normal -0 0 1
    outer loop
      vertex 45.6093 0 22.2423
      vertex 46.5315 -0.95 22.2423
      vertex 46.5315 0 22.2423
    endloop
  endfacet
  facet normal 0 0 1
    outer loop
      vertex 46.5315 -0.95 22.2423
      vertex 45.6093 0 22.2423
      vertex 45.6093 -0.95 22.2423
    endloop
  endfacet
  facet normal -0.996259 0 -0.0864195
    outer loop
      vertex 45.6235 -0.95 22.0786
      vertex 45.6093 0 22.2423
      vertex 45.6235 0 22.0786
    endloop
  endfacet
  facet normal -0.996259 -0 -0.0864195
    outer loop
      vertex 45.6093 0 22.2423
      vertex 45.6235 -0.95 22.0786
      vertex 45.6093 -0.95 22.2423
    endloop
  endfacet
  facet normal -0.999266 0 -0.038302
    outer loop
      vertex 45.6336 -0.95 21.8151
      vertex 45.6235 0 22.0786
      vertex 45.6336 0 21.8151
    endloop
  endfacet
  facet normal -0.999266 -0 -0.038302
    outer loop
      vertex 45.6235 0 22.0786
      vertex 45.6336 -0.95 21.8151
      vertex 45.6235 -0.95 22.0786
    endloop
  endfacet
  facet normal -0.999859 0 -0.0167974
    outer loop
      vertex 45.6397 -0.95 21.452
      vertex 45.6336 0 21.8151
      vertex 45.6397 0 21.452
    endloop
  endfacet
  facet normal -0.999859 -0 -0.0167974
    outer loop
      vertex 45.6336 0 21.8151
      vertex 45.6397 -0.95 21.452
      vertex 45.6336 -0.95 21.8151
    endloop
  endfacet
  facet normal -0.999991 0 -0.00432055
    outer loop
      vertex 45.6417 -0.95 20.9891
      vertex 45.6397 0 21.452
      vertex 45.6417 0 20.9891
    endloop
  endfacet
  facet normal -0.999991 -0 -0.00432055
    outer loop
      vertex 45.6397 0 21.452
      vertex 45.6417 -0.95 20.9891
      vertex 45.6397 -0.95 21.452
    endloop
  endfacet
  facet normal -1 0 0
    outer loop
      vertex 45.6417 -0.95 16.3725
      vertex 45.6417 0 20.9891
      vertex 45.6417 0 16.3725
    endloop
  endfacet
  facet normal -1 -0 0
    outer loop
      vertex 45.6417 0 20.9891
      vertex 45.6417 -0.95 16.3725
      vertex 45.6417 -0.95 20.9891
    endloop
  endfacet
  facet normal 0 0 -1
    outer loop
      vertex 45.6417 -0.95 16.3725
      vertex 46.6183 0 16.3725
      vertex 46.6183 -0.95 16.3725
    endloop
  endfacet
  facet normal -0 0 -1
    outer loop
      vertex 46.6183 0 16.3725
      vertex 45.6417 -0.95 16.3725
      vertex 45.6417 0 16.3725
    endloop
  endfacet
  facet normal 1 -0 0
    outer loop
      vertex 46.6183 -0.95 19.7739
      vertex 46.6183 0 16.3725
      vertex 46.6183 0 19.7739
    endloop
  endfacet
  facet normal 1 0 0
    outer loop
      vertex 46.6183 0 16.3725
      vertex 46.6183 -0.95 19.7739
      vertex 46.6183 -0.95 16.3725
    endloop
  endfacet
  facet normal 0.176711 0 -0.984263
    outer loop
      vertex 77.1309 -0.95 16.2922
      vertex 77.601 0 16.3766
      vertex 77.601 -0.95 16.3766
    endloop
  endfacet
  facet normal 0.176711 0 -0.984263
    outer loop
      vertex 77.601 0 16.3766
      vertex 77.1309 -0.95 16.2922
      vertex 77.1309 0 16.2922
    endloop
  endfacet
  facet normal 0.326441 0 -0.945218
    outer loop
      vertex 77.601 -0.95 16.3766
      vertex 78.0084 0 16.5173
      vertex 78.0084 -0.95 16.5173
    endloop
  endfacet
  facet normal 0.326441 0 -0.945218
    outer loop
      vertex 78.0084 0 16.5173
      vertex 77.601 -0.95 16.3766
      vertex 77.601 0 16.3766
    endloop
  endfacet
  facet normal 0.496302 0 -0.86815
    outer loop
      vertex 78.0084 -0.95 16.5173
      vertex 78.353 0 16.7143
      vertex 78.353 -0.95 16.7143
    endloop
  endfacet
  facet normal 0.496302 0 -0.86815
    outer loop
      vertex 78.353 0 16.7143
      vertex 78.0084 -0.95 16.5173
      vertex 78.0084 0 16.5173
    endloop
  endfacet
  facet normal 0.672122 0 -0.740441
    outer loop
      vertex 78.353 -0.95 16.7143
      vertex 78.6272 0 16.9632
      vertex 78.6272 -0.95 16.9632
    endloop
  endfacet
  facet normal 0.672122 0 -0.740441
    outer loop
      vertex 78.6272 0 16.9632
      vertex 78.353 -0.95 16.7143
      vertex 78.353 0 16.7143
    endloop
  endfacet
  facet normal 0.834296 0 -0.551317
    outer loop
      vertex 78.823 -0.95 17.2595
      vertex 78.6272 0 16.9632
      vertex 78.823 0 17.2595
    endloop
  endfacet
  facet normal 0.834296 0 -0.551317
    outer loop
      vertex 78.6272 0 16.9632
      vertex 78.823 -0.95 17.2595
      vertex 78.6272 -0.95 16.9632
    endloop
  endfacet
  facet normal 0.946262 0 -0.323402
    outer loop
      vertex 78.9405 -0.95 17.6033
      vertex 78.823 0 17.2595
      vertex 78.9405 0 17.6033
    endloop
  endfacet
  facet normal 0.946262 0 -0.323402
    outer loop
      vertex 78.823 0 17.2595
      vertex 78.9405 -0.95 17.6033
      vertex 78.823 -0.95 17.2595
    endloop
  endfacet
  facet normal 0.99502 0 -0.09968
    outer loop
      vertex 78.9797 -0.95 17.9946
      vertex 78.9405 0 17.6033
      vertex 78.9797 0 17.9946
    endloop
  endfacet
  facet normal 0.99502 0 -0.09968
    outer loop
      vertex 78.9405 0 17.6033
      vertex 78.9797 -0.95 17.9946
      vertex 78.9405 -0.95 17.6033
    endloop
  endfacet
  facet normal 0.999137 -0 0.0415289
    outer loop
      vertex 78.9729 -0.95 18.1582
      vertex 78.9797 0 17.9946
      vertex 78.9729 0 18.1582
    endloop
  endfacet
  facet normal 0.999137 0 0.0415289
    outer loop
      vertex 78.9797 0 17.9946
      vertex 78.9729 -0.95 18.1582
      vertex 78.9797 -0.95 17.9946
    endloop
  endfacet
  facet normal 0.991384 -0 0.130986
    outer loop
      vertex 78.9525 -0.95 18.3126
      vertex 78.9729 0 18.1582
      vertex 78.9525 0 18.3126
    endloop
  endfacet
  facet normal 0.991384 0 0.130986
    outer loop
      vertex 78.9729 0 18.1582
      vertex 78.9525 -0.95 18.3126
      vertex 78.9729 -0.95 18.1582
    endloop
  endfacet
  facet normal 0.973846 -0 0.227208
    outer loop
      vertex 78.9186 -0.95 18.4579
      vertex 78.9525 0 18.3126
      vertex 78.9186 0 18.4579
    endloop
  endfacet
  facet normal 0.973846 0 0.227208
    outer loop
      vertex 78.9525 0 18.3126
      vertex 78.9186 -0.95 18.4579
      vertex 78.9525 -0.95 18.3126
    endloop
  endfacet
  facet normal 0.94415 -0 0.329516
    outer loop
      vertex 78.8711 -0.95 18.594
      vertex 78.9186 0 18.4579
      vertex 78.8711 0 18.594
    endloop
  endfacet
  facet normal 0.94415 0 0.329516
    outer loop
      vertex 78.9186 0 18.4579
      vertex 78.8711 -0.95 18.594
      vertex 78.9186 -0.95 18.4579
    endloop
  endfacet
  facet normal 0.905621 -0 0.424089
    outer loop
      vertex 78.8113 -0.95 18.7217
      vertex 78.8711 0 18.594
      vertex 78.8113 0 18.7217
    endloop
  endfacet
  facet normal 0.905621 0 0.424089
    outer loop
      vertex 78.8711 0 18.594
      vertex 78.8113 -0.95 18.7217
      vertex 78.8711 -0.95 18.594
    endloop
  endfacet
  facet normal 0.860455 -0 0.509527
    outer loop
      vertex 78.7403 -0.95 18.8416
      vertex 78.8113 0 18.7217
      vertex 78.7403 0 18.8416
    endloop
  endfacet
  facet normal 0.860455 0 0.509527
    outer loop
      vertex 78.8113 0 18.7217
      vertex 78.7403 -0.95 18.8416
      vertex 78.8113 -0.95 18.7217
    endloop
  endfacet
  facet normal 0.806176 -0 0.591676
    outer loop
      vertex 78.6581 -0.95 18.9536
      vertex 78.7403 0 18.8416
      vertex 78.6581 0 18.9536
    endloop
  endfacet
  facet normal 0.806176 0 0.591676
    outer loop
      vertex 78.7403 0 18.8416
      vertex 78.6581 -0.95 18.9536
      vertex 78.7403 -0.95 18.8416
    endloop
  endfacet
  facet normal 0.744961 -0 0.667108
    outer loop
      vertex 78.5647 -0.95 19.0579
      vertex 78.6581 0 18.9536
      vertex 78.5647 0 19.0579
    endloop
  endfacet
  facet normal 0.744961 0 0.667108
    outer loop
      vertex 78.6581 0 18.9536
      vertex 78.5647 -0.95 19.0579
      vertex 78.6581 -0.95 18.9536
    endloop
  endfacet
  facet normal 0.672366 0 0.740219
    outer loop
      vertex 78.4567 0 19.156
      vertex 78.5647 -0.95 19.0579
      vertex 78.5647 0 19.0579
    endloop
  endfacet
  facet normal 0.672366 0 0.740219
    outer loop
      vertex 78.5647 -0.95 19.0579
      vertex 78.4567 0 19.156
      vertex 78.4567 -0.95 19.156
    endloop
  endfacet
  facet normal 0.597144 0 0.802134
    outer loop
      vertex 78.3307 0 19.2498
      vertex 78.4567 -0.95 19.156
      vertex 78.4567 0 19.156
    endloop
  endfacet
  facet normal 0.597144 0 0.802134
    outer loop
      vertex 78.4567 -0.95 19.156
      vertex 78.3307 0 19.2498
      vertex 78.3307 -0.95 19.2498
    endloop
  endfacet
  facet normal 0.527289 0 0.849686
    outer loop
      vertex 78.1868 0 19.3391
      vertex 78.3307 -0.95 19.2498
      vertex 78.3307 0 19.2498
    endloop
  endfacet
  facet normal 0.527289 0 0.849686
    outer loop
      vertex 78.3307 -0.95 19.2498
      vertex 78.1868 0 19.3391
      vertex 78.1868 -0.95 19.3391
    endloop
  endfacet
  facet normal 0.464416 0 0.885617
    outer loop
      vertex 78.0249 0 19.424
      vertex 78.1868 -0.95 19.3391
      vertex 78.1868 0 19.3391
    endloop
  endfacet
  facet normal 0.464416 0 0.885617
    outer loop
      vertex 78.1868 -0.95 19.3391
      vertex 78.0249 0 19.424
      vertex 78.0249 -0.95 19.424
    endloop
  endfacet
  facet normal 0.393303 0 0.919409
    outer loop
      vertex 77.8269 0 19.5087
      vertex 78.0249 -0.95 19.424
      vertex 78.0249 0 19.424
    endloop
  endfacet
  facet normal 0.393303 0 0.919409
    outer loop
      vertex 78.0249 -0.95 19.424
      vertex 77.8269 0 19.5087
      vertex 77.8269 -0.95 19.5087
    endloop
  endfacet
  facet normal 0.330334 0 0.943864
    outer loop
      vertex 77.5746 0 19.597
      vertex 77.8269 -0.95 19.5087
      vertex 77.8269 0 19.5087
    endloop
  endfacet
  facet normal 0.330334 0 0.943864
    outer loop
      vertex 77.8269 -0.95 19.5087
      vertex 77.5746 0 19.597
      vertex 77.5746 -0.95 19.597
    endloop
  endfacet
  facet normal 0.287491 0 0.957783
    outer loop
      vertex 77.2681 0 19.689
      vertex 77.5746 -0.95 19.597
      vertex 77.5746 0 19.597
    endloop
  endfacet
  facet normal 0.287491 0 0.957783
    outer loop
      vertex 77.5746 -0.95 19.597
      vertex 77.2681 0 19.689
      vertex 77.2681 -0.95 19.689
    endloop
  endfacet
  facet normal 0.256695 0 0.966492
    outer loop
      vertex 76.9074 0 19.7848
      vertex 77.2681 -0.95 19.689
      vertex 77.2681 0 19.689
    endloop
  endfacet
  facet normal 0.256695 0 0.966492
    outer loop
      vertex 77.2681 -0.95 19.689
      vertex 76.9074 0 19.7848
      vertex 76.9074 -0.95 19.7848
    endloop
  endfacet
  facet normal 0.245945 0 0.969284
    outer loop
      vertex 76.533 0 19.8798
      vertex 76.9074 -0.95 19.7848
      vertex 76.9074 0 19.7848
    endloop
  endfacet
  facet normal 0.245945 0 0.969284
    outer loop
      vertex 76.9074 -0.95 19.7848
      vertex 76.533 0 19.8798
      vertex 76.533 -0.95 19.8798
    endloop
  endfacet
  facet normal 0.266793 0 0.963754
    outer loop
      vertex 76.2292 0 19.9639
      vertex 76.533 -0.95 19.8798
      vertex 76.533 0 19.8798
    endloop
  endfacet
  facet normal 0.266793 0 0.963754
    outer loop
      vertex 76.533 -0.95 19.8798
      vertex 76.2292 0 19.9639
      vertex 76.2292 -0.95 19.9639
    endloop
  endfacet
  facet normal 0.299369 0 0.954137
    outer loop
      vertex 75.9959 0 20.0371
      vertex 76.2292 -0.95 19.9639
      vertex 76.2292 0 19.9639
    endloop
  endfacet
  facet normal 0.299369 0 0.954137
    outer loop
      vertex 76.2292 -0.95 19.9639
      vertex 75.9959 0 20.0371
      vertex 75.9959 -0.95 20.0371
    endloop
  endfacet
  facet normal 0.357903 0 0.933759
    outer loop
      vertex 75.8331 0 20.0995
      vertex 75.9959 -0.95 20.0371
      vertex 75.9959 0 20.0371
    endloop
  endfacet
  facet normal 0.357903 0 0.933759
    outer loop
      vertex 75.9959 -0.95 20.0371
      vertex 75.8331 0 20.0995
      vertex 75.8331 -0.95 20.0995
    endloop
  endfacet
  facet normal 0.44811 0 0.893979
    outer loop
      vertex 75.7134 0 20.1595
      vertex 75.8331 -0.95 20.0995
      vertex 75.8331 0 20.0995
    endloop
  endfacet
  facet normal 0.44811 0 0.893979
    outer loop
      vertex 75.8331 -0.95 20.0995
      vertex 75.7134 0 20.1595
      vertex 75.7134 -0.95 20.1595
    endloop
  endfacet
  facet normal 0.536036 0 0.844195
    outer loop
      vertex 75.6093 0 20.2256
      vertex 75.7134 -0.95 20.1595
      vertex 75.7134 0 20.1595
    endloop
  endfacet
  facet normal 0.536036 0 0.844195
    outer loop
      vertex 75.7134 -0.95 20.1595
      vertex 75.6093 0 20.2256
      vertex 75.6093 -0.95 20.2256
    endloop
  endfacet
  facet normal 0.632141 0 0.774854
    outer loop
      vertex 75.5208 0 20.2978
      vertex 75.6093 -0.95 20.2256
      vertex 75.6093 0 20.2256
    endloop
  endfacet
  facet normal 0.632141 0 0.774854
    outer loop
      vertex 75.6093 -0.95 20.2256
      vertex 75.5208 0 20.2978
      vertex 75.5208 -0.95 20.2978
    endloop
  endfacet
  facet normal 0.731894 -0 0.681419
    outer loop
      vertex 75.4479 -0.95 20.3761
      vertex 75.5208 0 20.2978
      vertex 75.4479 0 20.3761
    endloop
  endfacet
  facet normal 0.731894 0 0.681419
    outer loop
      vertex 75.5208 0 20.2978
      vertex 75.4479 -0.95 20.3761
      vertex 75.5208 -0.95 20.2978
    endloop
  endfacet
  facet normal 0.836324 -0 0.548235
    outer loop
      vertex 75.391 -0.95 20.4629
      vertex 75.4479 0 20.3761
      vertex 75.391 0 20.4629
    endloop
  endfacet
  facet normal 0.836324 0 0.548235
    outer loop
      vertex 75.4479 0 20.3761
      vertex 75.391 -0.95 20.4629
      vertex 75.4479 -0.95 20.3761
    endloop
  endfacet
  facet normal 0.923105 -0 0.384548
    outer loop
      vertex 75.3503 -0.95 20.5606
      vertex 75.391 0 20.4629
      vertex 75.3503 0 20.5606
    endloop
  endfacet
  facet normal 0.923105 0 0.384548
    outer loop
      vertex 75.391 0 20.4629
      vertex 75.3503 -0.95 20.5606
      vertex 75.391 -0.95 20.4629
    endloop
  endfacet
  facet normal 0.975634 -0 0.219405
    outer loop
      vertex 75.3259 -0.95 20.6691
      vertex 75.3503 0 20.5606
      vertex 75.3259 0 20.6691
    endloop
  endfacet
  facet normal 0.975634 0 0.219405
    outer loop
      vertex 75.3503 0 20.5606
      vertex 75.3259 -0.95 20.6691
      vertex 75.3503 -0.95 20.5606
    endloop
  endfacet
  facet normal 0.997703 -0 0.0677401
    outer loop
      vertex 75.3178 -0.95 20.7884
      vertex 75.3259 0 20.6691
      vertex 75.3178 0 20.7884
    endloop
  endfacet
  facet normal 0.997703 0 0.0677401
    outer loop
      vertex 75.3259 0 20.6691
      vertex 75.3178 -0.95 20.7884
      vertex 75.3259 -0.95 20.6691
    endloop
  endfacet
  facet normal 0.994754 0 -0.102294
    outer loop
      vertex 75.3374 -0.95 20.979
      vertex 75.3178 0 20.7884
      vertex 75.3374 0 20.979
    endloop
  endfacet
  facet normal 0.994754 0 -0.102294
    outer loop
      vertex 75.3178 0 20.7884
      vertex 75.3374 -0.95 20.979
      vertex 75.3178 -0.95 20.7884
    endloop
  endfacet
  facet normal 0.941483 0 -0.33706
    outer loop
      vertex 75.3964 -0.95 21.1438
      vertex 75.3374 0 20.979
      vertex 75.3964 0 21.1438
    endloop
  endfacet
  facet normal 0.941483 0 -0.33706
    outer loop
      vertex 75.3374 0 20.979
      vertex 75.3964 -0.95 21.1438
      vertex 75.3374 -0.95 20.979
    endloop
  endfacet
  facet normal 0.816186 0 -0.577789
    outer loop
      vertex 75.4948 -0.95 21.2828
      vertex 75.3964 0 21.1438
      vertex 75.4948 0 21.2828
    endloop
  endfacet
  facet normal 0.816186 0 -0.577789
    outer loop
      vertex 75.3964 0 21.1438
      vertex 75.4948 -0.95 21.2828
      vertex 75.3964 -0.95 21.1438
    endloop
  endfacet
  facet normal 0.635314 0 -0.772254
    outer loop
      vertex 75.4948 -0.95 21.2828
      vertex 75.6324 0 21.396
      vertex 75.6324 -0.95 21.396
    endloop
  endfacet
  facet normal 0.635314 0 -0.772254
    outer loop
      vertex 75.6324 0 21.396
      vertex 75.4948 -0.95 21.2828
      vertex 75.4948 0 21.2828
    endloop
  endfacet
  facet normal 0.440181 0 -0.897909
    outer loop
      vertex 75.6324 -0.95 21.396
      vertex 75.8115 0 21.4838
      vertex 75.8115 -0.95 21.4838
    endloop
  endfacet
  facet normal 0.440181 0 -0.897909
    outer loop
      vertex 75.8115 0 21.4838
      vertex 75.6324 -0.95 21.396
      vertex 75.6324 0 21.396
    endloop
  endfacet
  facet normal 0.271748 0 -0.962368
    outer loop
      vertex 75.8115 -0.95 21.4838
      vertex 76.0339 0 21.5466
      vertex 76.0339 -0.95 21.5466
    endloop
  endfacet
  facet normal 0.271748 0 -0.962368
    outer loop
      vertex 76.0339 0 21.5466
      vertex 75.8115 -0.95 21.4838
      vertex 75.8115 0 21.4838
    endloop
  endfacet
  facet normal 0.140065 0 -0.990142
    outer loop
      vertex 76.0339 -0.95 21.5466
      vertex 76.2997 0 21.5842
      vertex 76.2997 -0.95 21.5842
    endloop
  endfacet
  facet normal 0.140065 0 -0.990142
    outer loop
      vertex 76.2997 0 21.5842
      vertex 76.0339 -0.95 21.5466
      vertex 76.0339 0 21.5466
    endloop
  endfacet
  facet normal 0.0403809 0 -0.999184
    outer loop
      vertex 76.2997 -0.95 21.5842
      vertex 76.609 0 21.5967
      vertex 76.609 -0.95 21.5967
    endloop
  endfacet
  facet normal 0.0403809 0 -0.999184
    outer loop
      vertex 76.609 0 21.5967
      vertex 76.2997 -0.95 21.5842
      vertex 76.2997 0 21.5842
    endloop
  endfacet
  facet normal -0.0458557 0 -0.998948
    outer loop
      vertex 76.609 -0.95 21.5967
      vertex 76.8922 0 21.5837
      vertex 76.8922 -0.95 21.5837
    endloop
  endfacet
  facet normal -0.0458557 0 -0.998948
    outer loop
      vertex 76.8922 0 21.5837
      vertex 76.609 -0.95 21.5967
      vertex 76.609 0 21.5967
    endloop
  endfacet
  facet normal -0.152996 0 -0.988227
    outer loop
      vertex 76.8922 -0.95 21.5837
      vertex 77.1454 0 21.5445
      vertex 77.1454 -0.95 21.5445
    endloop
  endfacet
  facet normal -0.152996 0 -0.988227
    outer loop
      vertex 77.1454 0 21.5445
      vertex 76.8922 -0.95 21.5837
      vertex 76.8922 0 21.5837
    endloop
  endfacet
  facet normal -0.281141 0 -0.959667
    outer loop
      vertex 77.1454 -0.95 21.5445
      vertex 77.3683 0 21.4792
      vertex 77.3683 -0.95 21.4792
    endloop
  endfacet
  facet normal -0.281141 0 -0.959667
    outer loop
      vertex 77.3683 0 21.4792
      vertex 77.1454 -0.95 21.5445
      vertex 77.1454 0 21.5445
    endloop
  endfacet
  facet normal -0.428368 0 -0.903604
    outer loop
      vertex 77.3683 -0.95 21.4792
      vertex 77.5611 0 21.3878
      vertex 77.5611 -0.95 21.3878
    endloop
  endfacet
  facet normal -0.428368 0 -0.903604
    outer loop
      vertex 77.5611 0 21.3878
      vertex 77.3683 -0.95 21.4792
      vertex 77.3683 0 21.4792
    endloop
  endfacet
  facet normal -0.584771 0 -0.811199
    outer loop
      vertex 77.5611 -0.95 21.3878
      vertex 77.7216 0 21.2721
      vertex 77.7216 -0.95 21.2721
    endloop
  endfacet
  facet normal -0.584771 0 -0.811199
    outer loop
      vertex 77.7216 0 21.2721
      vertex 77.5611 -0.95 21.3878
      vertex 77.5611 0 21.3878
    endloop
  endfacet
  facet normal -0.738901 0 -0.673814
    outer loop
      vertex 77.8479 -0.95 21.1336
      vertex 77.7216 0 21.2721
      vertex 77.8479 0 21.1336
    endloop
  endfacet
  facet normal -0.738901 -0 -0.673814
    outer loop
      vertex 77.7216 0 21.2721
      vertex 77.8479 -0.95 21.1336
      vertex 77.7216 -0.95 21.2721
    endloop
  endfacet
  facet normal -0.868276 0 -0.496081
    outer loop
      vertex 77.94 -0.95 20.9724
      vertex 77.8479 0 21.1336
      vertex 77.94 0 20.9724
    endloop
  endfacet
  facet normal -0.868276 -0 -0.496081
    outer loop
      vertex 77.8479 0 21.1336
      vertex 77.94 -0.95 20.9724
      vertex 77.8479 -0.95 21.1336
    endloop
  endfacet
  facet normal -0.954036 0 -0.299692
    outer loop
      vertex 77.9978 -0.95 20.7884
      vertex 77.94 0 20.9724
      vertex 77.9978 0 20.7884
    endloop
  endfacet
  facet normal -0.954036 -0 -0.299692
    outer loop
      vertex 77.94 0 20.9724
      vertex 77.9978 -0.95 20.7884
      vertex 77.94 -0.95 20.9724
    endloop
  endfacet
  facet normal 0.122645 0 -0.992451
    outer loop
      vertex 77.9978 -0.95 20.7884
      vertex 78.8766 0 20.897
      vertex 78.8766 -0.95 20.897
    endloop
  endfacet
  facet normal 0.122645 0 -0.992451
    outer loop
      vertex 78.8766 0 20.897
      vertex 77.9978 -0.95 20.7884
      vertex 77.9978 0 20.7884
    endloop
  endfacet
  facet normal 0.960171 -0 0.279412
    outer loop
      vertex 78.7744 -0.95 21.2482
      vertex 78.8766 0 20.897
      vertex 78.7744 0 21.2482
    endloop
  endfacet
  facet normal 0.960171 0 0.279412
    outer loop
      vertex 78.8766 0 20.897
      vertex 78.7744 -0.95 21.2482
      vertex 78.8766 -0.95 20.897
    endloop
  endfacet
  facet normal 0.888543 -0 0.458794
    outer loop
      vertex 78.6196 -0.95 21.548
      vertex 78.7744 0 21.2482
      vertex 78.6196 0 21.548
    endloop
  endfacet
  facet normal 0.888543 0 0.458794
    outer loop
      vertex 78.7744 0 21.2482
      vertex 78.6196 -0.95 21.548
      vertex 78.7744 -0.95 21.2482
    endloop
  endfacet
  facet normal 0.767359 -0 0.641218
    outer loop
      vertex 78.4122 -0.95 21.7962
      vertex 78.6196 0 21.548
      vertex 78.4122 0 21.7962
    endloop
  endfacet
  facet normal 0.767359 0 0.641218
    outer loop
      vertex 78.6196 0 21.548
      vertex 78.4122 -0.95 21.7962
      vertex 78.6196 -0.95 21.548
    endloop
  endfacet
  facet normal 0.603284 0 0.797526
    outer loop
      vertex 78.1523 0 21.9928
      vertex 78.4122 -0.95 21.7962
      vertex 78.4122 0 21.7962
    endloop
  endfacet
  facet normal 0.603284 0 0.797526
    outer loop
      vertex 78.4122 -0.95 21.7962
      vertex 78.1523 0 21.9928
      vertex 78.1523 -0.95 21.9928
    endloop
  endfacet
  facet normal 0.433136 0 0.901329
    outer loop
      vertex 77.8412 0 22.1423
      vertex 78.1523 -0.95 21.9928
      vertex 78.1523 0 21.9928
    endloop
  endfacet
  facet normal 0.433136 0 0.901329
    outer loop
      vertex 78.1523 -0.95 21.9928
      vertex 77.8412 0 22.1423
      vertex 77.8412 -0.95 22.1423
    endloop
  endfacet
  facet normal 0.283763 0 0.958895
    outer loop
      vertex 77.4803 0 22.2491
      vertex 77.8412 -0.95 22.1423
      vertex 77.8412 0 22.1423
    endloop
  endfacet
  facet normal 0.283763 0 0.958895
    outer loop
      vertex 77.8412 -0.95 22.1423
      vertex 77.4803 0 22.2491
      vertex 77.4803 -0.95 22.2491
    endloop
  endfacet
  facet normal 0.154208 0 0.988038
    outer loop
      vertex 77.0696 0 22.3132
      vertex 77.4803 -0.95 22.2491
      vertex 77.4803 0 22.2491
    endloop
  endfacet
  facet normal 0.154208 0 0.988038
    outer loop
      vertex 77.4803 -0.95 22.2491
      vertex 77.0696 0 22.3132
      vertex 77.0696 -0.95 22.3132
    endloop
  endfacet
  facet normal 0.0464111 0 0.998922
    outer loop
      vertex 76.609 0 22.3346
      vertex 77.0696 -0.95 22.3132
      vertex 77.0696 0 22.3132
    endloop
  endfacet
  facet normal 0.0464111 0 0.998922
    outer loop
      vertex 77.0696 -0.95 22.3132
      vertex 76.609 0 22.3346
      vertex 76.609 -0.95 22.3346
    endloop
  endfacet
  facet normal -0.0509818 0 0.9987
    outer loop
      vertex 76.0938 0 22.3083
      vertex 76.609 -0.95 22.3346
      vertex 76.609 0 22.3346
    endloop
  endfacet
  facet normal -0.0509818 0 0.9987
    outer loop
      vertex 76.609 -0.95 22.3346
      vertex 76.0938 0 22.3083
      vertex 76.0938 -0.95 22.3083
    endloop
  endfacet
  facet normal -0.172773 0 0.984962
    outer loop
      vertex 75.644 0 22.2294
      vertex 76.0938 -0.95 22.3083
      vertex 76.0938 0 22.3083
    endloop
  endfacet
  facet normal -0.172773 0 0.984962
    outer loop
      vertex 76.0938 -0.95 22.3083
      vertex 75.644 0 22.2294
      vertex 75.644 -0.95 22.2294
    endloop
  endfacet
  facet normal -0.323235 0 0.946319
    outer loop
      vertex 75.2596 0 22.0981
      vertex 75.644 -0.95 22.2294
      vertex 75.644 0 22.2294
    endloop
  endfacet
  facet normal -0.323235 0 0.946319
    outer loop
      vertex 75.644 -0.95 22.2294
      vertex 75.2596 0 22.0981
      vertex 75.2596 -0.95 22.0981
    endloop
  endfacet
  facet normal -0.499762 0 0.866163
    outer loop
      vertex 74.9407 0 21.9141
      vertex 75.2596 -0.95 22.0981
      vertex 75.2596 0 22.0981
    endloop
  endfacet
  facet normal -0.499762 0 0.866163
    outer loop
      vertex 75.2596 -0.95 22.0981
      vertex 74.9407 0 21.9141
      vertex 74.9407 -0.95 21.9141
    endloop
  endfacet
  facet normal -0.682931 0 0.730483
    outer loop
      vertex 74.6903 0 21.68
      vertex 74.9407 -0.95 21.9141
      vertex 74.9407 0 21.9141
    endloop
  endfacet
  facet normal -0.682931 0 0.730483
    outer loop
      vertex 74.9407 -0.95 21.9141
      vertex 74.6903 0 21.68
      vertex 74.6903 -0.95 21.68
    endloop
  endfacet
  facet normal -0.844462 0 0.535615
    outer loop
      vertex 74.5115 -0.95 21.3981
      vertex 74.6903 0 21.68
      vertex 74.5115 0 21.3981
    endloop
  endfacet
  facet normal -0.844462 0 0.535615
    outer loop
      vertex 74.6903 0 21.68
      vertex 74.5115 -0.95 21.3981
      vertex 74.6903 -0.95 21.68
    endloop
  endfacet
  facet normal -0.950937 0 0.309386
    outer loop
      vertex 74.4042 -0.95 21.0683
      vertex 74.5115 0 21.3981
      vertex 74.4042 0 21.0683
    endloop
  endfacet
  facet normal -0.950937 0 0.309386
    outer loop
      vertex 74.5115 0 21.3981
      vertex 74.4042 -0.95 21.0683
      vertex 74.5115 -0.95 21.3981
    endloop
  endfacet
  facet normal -0.995533 0 0.0944108
    outer loop
      vertex 74.3684 -0.95 20.6908
      vertex 74.4042 0 21.0683
      vertex 74.3684 0 20.6908
    endloop
  endfacet
  facet normal -0.995533 0 0.0944108
    outer loop
      vertex 74.4042 0 21.0683
      vertex 74.3684 -0.95 20.6908
      vertex 74.4042 -0.95 21.0683
    endloop
  endfacet
  facet normal -0.998179 0 -0.0603216
    outer loop
      vertex 74.381 -0.95 20.4823
      vertex 74.3684 0 20.6908
      vertex 74.381 0 20.4823
    endloop
  endfacet
  facet normal -0.998179 -0 -0.0603216
    outer loop
      vertex 74.3684 0 20.6908
      vertex 74.381 -0.95 20.4823
      vertex 74.3684 -0.95 20.6908
    endloop
  endfacet
  facet normal -0.981283 0 -0.192569
    outer loop
      vertex 74.4186 -0.95 20.2907
      vertex 74.381 0 20.4823
      vertex 74.4186 0 20.2907
    endloop
  endfacet
  facet normal -0.981283 -0 -0.192569
    outer loop
      vertex 74.381 0 20.4823
      vertex 74.4186 -0.95 20.2907
      vertex 74.381 -0.95 20.4823
    endloop
  endfacet
  facet normal -0.941155 0 -0.337975
    outer loop
      vertex 74.4813 -0.95 20.1161
      vertex 74.4186 0 20.2907
      vertex 74.4813 0 20.1161
    endloop
  endfacet
  facet normal -0.941155 -0 -0.337975
    outer loop
      vertex 74.4186 0 20.2907
      vertex 74.4813 -0.95 20.1161
      vertex 74.4186 -0.95 20.2907
    endloop
  endfacet
  facet normal -0.873713 0 -0.486442
    outer loop
      vertex 74.5691 -0.95 19.9584
      vertex 74.4813 0 20.1161
      vertex 74.5691 0 19.9584
    endloop
  endfacet
  facet normal -0.873713 -0 -0.486442
    outer loop
      vertex 74.4813 0 20.1161
      vertex 74.5691 -0.95 19.9584
      vertex 74.4813 -0.95 20.1161
    endloop
  endfacet
  facet normal -0.793589 0 -0.608455
    outer loop
      vertex 74.6792 -0.95 19.8148
      vertex 74.5691 0 19.9584
      vertex 74.6792 0 19.8148
    endloop
  endfacet
  facet normal -0.793589 -0 -0.608455
    outer loop
      vertex 74.5691 0 19.9584
      vertex 74.6792 -0.95 19.8148
      vertex 74.5691 -0.95 19.9584
    endloop
  endfacet
  facet normal -0.715433 0 -0.698682
    outer loop
      vertex 74.8085 -0.95 19.6824
      vertex 74.6792 0 19.8148
      vertex 74.8085 0 19.6824
    endloop
  endfacet
  facet normal -0.715433 -0 -0.698682
    outer loop
      vertex 74.6792 0 19.8148
      vertex 74.8085 -0.95 19.6824
      vertex 74.6792 -0.95 19.8148
    endloop
  endfacet
  facet normal -0.631789 0 -0.77514
    outer loop
      vertex 74.8085 -0.95 19.6824
      vertex 74.9572 0 19.5612
      vertex 74.9572 -0.95 19.5612
    endloop
  endfacet
  facet normal -0.631789 0 -0.77514
    outer loop
      vertex 74.9572 0 19.5612
      vertex 74.8085 -0.95 19.6824
      vertex 74.8085 0 19.6824
    endloop
  endfacet
  facet normal -0.548134 0 -0.83639
    outer loop
      vertex 74.9572 -0.95 19.5612
      vertex 75.1252 0 19.4511
      vertex 75.1252 -0.95 19.4511
    endloop
  endfacet
  facet normal -0.548134 0 -0.83639
    outer loop
      vertex 75.1252 0 19.4511
      vertex 74.9572 -0.95 19.5612
      vertex 74.9572 0 19.5612
    endloop
  endfacet
  facet normal -0.450302 0 -0.892876
    outer loop
      vertex 75.1252 -0.95 19.4511
      vertex 75.3332 0 19.3462
      vertex 75.3332 -0.95 19.3462
    endloop
  endfacet
  facet normal -0.450302 0 -0.892876
    outer loop
      vertex 75.3332 0 19.3462
      vertex 75.1252 -0.95 19.4511
      vertex 75.1252 0 19.4511
    endloop
  endfacet
  facet normal -0.36667 0 -0.930351
    outer loop
      vertex 75.3332 -0.95 19.3462
      vertex 75.6019 0 19.2403
      vertex 75.6019 -0.95 19.2403
    endloop
  endfacet
  facet normal -0.36667 0 -0.930351
    outer loop
      vertex 75.6019 0 19.2403
      vertex 75.3332 -0.95 19.3462
      vertex 75.3332 0 19.3462
    endloop
  endfacet
  facet normal -0.308858 0 -0.951108
    outer loop
      vertex 75.6019 -0.95 19.2403
      vertex 75.9314 0 19.1333
      vertex 75.9314 -0.95 19.1333
    endloop
  endfacet
  facet normal -0.308858 0 -0.951108
    outer loop
      vertex 75.9314 0 19.1333
      vertex 75.6019 -0.95 19.2403
      vertex 75.6019 0 19.2403
    endloop
  endfacet
  facet normal -0.266816 0 -0.963748
    outer loop
      vertex 75.9314 -0.95 19.1333
      vertex 76.3215 0 19.0253
      vertex 76.3215 -0.95 19.0253
    endloop
  endfacet
  facet normal -0.266816 0 -0.963748
    outer loop
      vertex 76.3215 0 19.0253
      vertex 75.9314 -0.95 19.1333
      vertex 75.9314 0 19.1333
    endloop
  endfacet
  facet normal -0.254806 0 -0.966992
    outer loop
      vertex 76.3215 -0.95 19.0253
      vertex 77.0213 0 18.8409
      vertex 77.0213 -0.95 18.8409
    endloop
  endfacet
  facet normal -0.254806 0 -0.966992
    outer loop
      vertex 77.0213 0 18.8409
      vertex 76.3215 -0.95 19.0253
      vertex 76.3215 0 19.0253
    endloop
  endfacet
  facet normal -0.291069 0 -0.956702
    outer loop
      vertex 77.0213 -0.95 18.8409
      vertex 77.2688 0 18.7656
      vertex 77.2688 -0.95 18.7656
    endloop
  endfacet
  facet normal -0.291069 0 -0.956702
    outer loop
      vertex 77.2688 0 18.7656
      vertex 77.0213 -0.95 18.8409
      vertex 77.0213 0 18.8409
    endloop
  endfacet
  facet normal -0.37268 0 -0.92796
    outer loop
      vertex 77.2688 -0.95 18.7656
      vertex 77.4797 0 18.6809
      vertex 77.4797 -0.95 18.6809
    endloop
  endfacet
  facet normal -0.37268 0 -0.92796
    outer loop
      vertex 77.4797 0 18.6809
      vertex 77.2688 -0.95 18.7656
      vertex 77.2688 0 18.7656
    endloop
  endfacet
  facet normal -0.476055 0 -0.879415
    outer loop
      vertex 77.4797 -0.95 18.6809
      vertex 77.6539 0 18.5866
      vertex 77.6539 -0.95 18.5866
    endloop
  endfacet
  facet normal -0.476055 0 -0.879415
    outer loop
      vertex 77.6539 0 18.5866
      vertex 77.4797 -0.95 18.6809
      vertex 77.4797 0 18.6809
    endloop
  endfacet
  facet normal -0.601947 0 -0.798536
    outer loop
      vertex 77.6539 -0.95 18.5866
      vertex 77.7916 0 18.4828
      vertex 77.7916 -0.95 18.4828
    endloop
  endfacet
  facet normal -0.601947 0 -0.798536
    outer loop
      vertex 77.7916 0 18.4828
      vertex 77.6539 -0.95 18.5866
      vertex 77.6539 0 18.5866
    endloop
  endfacet
  facet normal -0.74469 0 -0.667411
    outer loop
      vertex 77.8961 -0.95 18.3662
      vertex 77.7916 0 18.4828
      vertex 77.8961 0 18.3662
    endloop
  endfacet
  facet normal -0.74469 -0 -0.667411
    outer loop
      vertex 77.7916 0 18.4828
      vertex 77.8961 -0.95 18.3662
      vertex 77.7916 -0.95 18.4828
    endloop
  endfacet
  facet normal -0.872013 0 -0.489482
    outer loop
      vertex 77.9707 -0.95 18.2333
      vertex 77.8961 0 18.3662
      vertex 77.9707 0 18.2333
    endloop
  endfacet
  facet normal -0.872013 -0 -0.489482
    outer loop
      vertex 77.8961 0 18.3662
      vertex 77.9707 -0.95 18.2333
      vertex 77.8961 -0.95 18.3662
    endloop
  endfacet
  facet normal -0.957932 0 -0.286994
    outer loop
      vertex 78.0154 -0.95 18.0841
      vertex 77.9707 0 18.2333
      vertex 78.0154 0 18.0841
    endloop
  endfacet
  facet normal -0.957932 -0 -0.286994
    outer loop
      vertex 77.9707 0 18.2333
      vertex 78.0154 -0.95 18.0841
      vertex 77.9707 -0.95 18.2333
    endloop
  endfacet
  facet normal -0.995967 0 -0.0897213
    outer loop
      vertex 78.0303 -0.95 17.9187
      vertex 78.0154 0 18.0841
      vertex 78.0303 0 17.9187
    endloop
  endfacet
  facet normal -0.995967 -0 -0.0897213
    outer loop
      vertex 78.0154 0 18.0841
      vertex 78.0303 -0.95 17.9187
      vertex 78.0154 -0.95 18.0841
    endloop
  endfacet
  facet normal -0.994977 0 0.100103
    outer loop
      vertex 78.0088 -0.95 17.705
      vertex 78.0303 0 17.9187
      vertex 78.0088 0 17.705
    endloop
  endfacet
  facet normal -0.994977 0 0.100103
    outer loop
      vertex 78.0303 0 17.9187
      vertex 78.0088 -0.95 17.705
      vertex 78.0303 -0.95 17.9187
    endloop
  endfacet
  facet normal -0.944152 0 0.32951
    outer loop
      vertex 77.9442 -0.95 17.5199
      vertex 78.0088 0 17.705
      vertex 77.9442 0 17.5199
    endloop
  endfacet
  facet normal -0.944152 0 0.32951
    outer loop
      vertex 78.0088 0 17.705
      vertex 77.9442 -0.95 17.5199
      vertex 78.0088 -0.95 17.705
    endloop
  endfacet
  facet normal -0.824364 0 0.56606
    outer loop
      vertex 77.8366 -0.95 17.3632
      vertex 77.9442 0 17.5199
      vertex 77.8366 0 17.3632
    endloop
  endfacet
  facet normal -0.824364 0 0.56606
    outer loop
      vertex 77.9442 0 17.5199
      vertex 77.8366 -0.95 17.3632
      vertex 77.9442 -0.95 17.5199
    endloop
  endfacet
  facet normal -0.647663 0 0.761927
    outer loop
      vertex 77.6859 0 17.2351
      vertex 77.8366 -0.95 17.3632
      vertex 77.8366 0 17.3632
    endloop
  endfacet
  facet normal -0.647663 0 0.761927
    outer loop
      vertex 77.8366 -0.95 17.3632
      vertex 77.6859 0 17.2351
      vertex 77.6859 -0.95 17.2351
    endloop
  endfacet
  facet normal -0.451192 0 0.892427
    outer loop
      vertex 77.4887 0 17.1354
      vertex 77.6859 -0.95 17.2351
      vertex 77.6859 0 17.2351
    endloop
  endfacet
  facet normal -0.451192 0 0.892427
    outer loop
      vertex 77.6859 -0.95 17.2351
      vertex 77.4887 0 17.1354
      vertex 77.4887 -0.95 17.1354
    endloop
  endfacet
  facet normal -0.276981 0 0.960875
    outer loop
      vertex 77.2417 0 17.0642
      vertex 77.4887 -0.95 17.1354
      vertex 77.4887 0 17.1354
    endloop
  endfacet
  facet normal -0.276981 0 0.960875
    outer loop
      vertex 77.4887 -0.95 17.1354
      vertex 77.2417 0 17.0642
      vertex 77.2417 -0.95 17.0642
    endloop
  endfacet
  facet normal -0.142355 0 0.989816
    outer loop
      vertex 76.9448 0 17.0215
      vertex 77.2417 -0.95 17.0642
      vertex 77.2417 0 17.0642
    endloop
  endfacet
  facet normal -0.142355 0 0.989816
    outer loop
      vertex 77.2417 -0.95 17.0642
      vertex 76.9448 0 17.0215
      vertex 76.9448 -0.95 17.0215
    endloop
  endfacet
  facet normal -0.041211 0 0.99915
    outer loop
      vertex 76.5981 0 17.0072
      vertex 76.9448 -0.95 17.0215
      vertex 76.9448 0 17.0215
    endloop
  endfacet
  facet normal -0.041211 0 0.99915
    outer loop
      vertex 76.9448 -0.95 17.0215
      vertex 76.5981 0 17.0072
      vertex 76.5981 -0.95 17.0072
    endloop
  endfacet
  facet normal 0.0420104 0 0.999117
    outer loop
      vertex 76.2699 0 17.021
      vertex 76.5981 -0.95 17.0072
      vertex 76.5981 0 17.0072
    endloop
  endfacet
  facet normal 0.0420104 0 0.999117
    outer loop
      vertex 76.5981 -0.95 17.0072
      vertex 76.2699 0 17.021
      vertex 76.2699 -0.95 17.021
    endloop
  endfacet
  facet normal 0.14018 0 0.990126
    outer loop
      vertex 75.9796 0 17.0621
      vertex 76.2699 -0.95 17.021
      vertex 76.2699 0 17.021
    endloop
  endfacet
  facet normal 0.14018 0 0.990126
    outer loop
      vertex 76.2699 -0.95 17.021
      vertex 75.9796 0 17.0621
      vertex 75.9796 -0.95 17.0621
    endloop
  endfacet
  facet normal 0.262826 0 0.964843
    outer loop
      vertex 75.7274 0 17.1308
      vertex 75.9796 -0.95 17.0621
      vertex 75.9796 0 17.0621
    endloop
  endfacet
  facet normal 0.262826 0 0.964843
    outer loop
      vertex 75.9796 -0.95 17.0621
      vertex 75.7274 0 17.1308
      vertex 75.7274 -0.95 17.1308
    endloop
  endfacet
  facet normal 0.409019 0 0.912526
    outer loop
      vertex 75.513 0 17.2269
      vertex 75.7274 -0.95 17.1308
      vertex 75.7274 0 17.1308
    endloop
  endfacet
  facet normal 0.409019 0 0.912526
    outer loop
      vertex 75.7274 -0.95 17.1308
      vertex 75.513 0 17.2269
      vertex 75.513 -0.95 17.2269
    endloop
  endfacet
  facet normal 0.57555 0 0.817767
    outer loop
      vertex 75.3344 0 17.3526
      vertex 75.513 -0.95 17.2269
      vertex 75.513 0 17.2269
    endloop
  endfacet
  facet normal 0.57555 0 0.817767
    outer loop
      vertex 75.513 -0.95 17.2269
      vertex 75.3344 0 17.3526
      vertex 75.3344 -0.95 17.3526
    endloop
  endfacet
  facet normal 0.733674 -0 0.679501
    outer loop
      vertex 75.1889 -0.95 17.5097
      vertex 75.3344 0 17.3526
      vertex 75.1889 0 17.5097
    endloop
  endfacet
  facet normal 0.733674 0 0.679501
    outer loop
      vertex 75.3344 0 17.3526
      vertex 75.1889 -0.95 17.5097
      vertex 75.3344 -0.95 17.3526
    endloop
  endfacet
  facet normal 0.859736 -0 0.510739
    outer loop
      vertex 75.0768 -0.95 17.6984
      vertex 75.1889 0 17.5097
      vertex 75.0768 0 17.6984
    endloop
  endfacet
  facet normal 0.859736 0 0.510739
    outer loop
      vertex 75.1889 0 17.5097
      vertex 75.0768 -0.95 17.6984
      vertex 75.1889 -0.95 17.5097
    endloop
  endfacet
  facet normal 0.941306 -0 0.337554
    outer loop
      vertex 74.9978 -0.95 17.9187
      vertex 75.0768 0 17.6984
      vertex 74.9978 0 17.9187
    endloop
  endfacet
  facet normal 0.941306 0 0.337554
    outer loop
      vertex 75.0768 0 17.6984
      vertex 74.9978 -0.95 17.9187
      vertex 75.0768 -0.95 17.6984
    endloop
  endfacet
  facet normal -0.191476 0 0.981497
    outer loop
      vertex 74.1351 0 17.7504
      vertex 74.9978 -0.95 17.9187
      vertex 74.9978 0 17.9187
    endloop
  endfacet
  facet normal -0.191476 0 0.981497
    outer loop
      vertex 74.9978 -0.95 17.9187
      vertex 74.1351 0 17.7504
      vertex 74.1351 -0.95 17.7504
    endloop
  endfacet
  facet normal -0.951495 0 -0.307664
    outer loop
      vertex 74.2506 -0.95 17.3932
      vertex 74.1351 0 17.7504
      vertex 74.2506 0 17.3932
    endloop
  endfacet
  facet normal -0.951495 -0 -0.307664
    outer loop
      vertex 74.1351 0 17.7504
      vertex 74.2506 -0.95 17.3932
      vertex 74.1351 -0.95 17.7504
    endloop
  endfacet
  facet normal -0.877819 0 -0.478993
    outer loop
      vertex 74.4179 -0.95 17.0866
      vertex 74.2506 0 17.3932
      vertex 74.4179 0 17.0866
    endloop
  endfacet
  facet normal -0.877819 -0 -0.478993
    outer loop
      vertex 74.2506 0 17.3932
      vertex 74.4179 -0.95 17.0866
      vertex 74.2506 -0.95 17.3932
    endloop
  endfacet
  facet normal -0.759842 0 -0.650107
    outer loop
      vertex 74.6371 -0.95 16.8304
      vertex 74.4179 0 17.0866
      vertex 74.6371 0 16.8304
    endloop
  endfacet
  facet normal -0.759842 -0 -0.650107
    outer loop
      vertex 74.4179 0 17.0866
      vertex 74.6371 -0.95 16.8304
      vertex 74.4179 -0.95 17.0866
    endloop
  endfacet
  facet normal -0.604457 0 -0.796638
    outer loop
      vertex 74.6371 -0.95 16.8304
      vertex 74.9082 0 16.6247
      vertex 74.9082 -0.95 16.6247
    endloop
  endfacet
  facet normal -0.604457 0 -0.796638
    outer loop
      vertex 74.9082 0 16.6247
      vertex 74.6371 -0.95 16.8304
      vertex 74.6371 0 16.8304
    endloop
  endfacet
  facet normal -0.433106 0 -0.901343
    outer loop
      vertex 74.9082 -0.95 16.6247
      vertex 75.2366 0 16.4669
      vertex 75.2366 -0.95 16.4669
    endloop
  endfacet
  facet normal -0.433106 0 -0.901343
    outer loop
      vertex 75.2366 0 16.4669
      vertex 74.9082 -0.95 16.6247
      vertex 74.9082 0 16.6247
    endloop
  endfacet
  facet normal -0.276895 0 -0.9609
    outer loop
      vertex 75.2366 -0.95 16.4669
      vertex 75.6277 0 16.3542
      vertex 75.6277 -0.95 16.3542
    endloop
  endfacet
  facet normal -0.276895 0 -0.9609
    outer loop
      vertex 75.6277 0 16.3542
      vertex 75.2366 -0.95 16.4669
      vertex 75.2366 0 16.4669
    endloop
  endfacet
  facet normal -0.147339 0 -0.989086
    outer loop
      vertex 75.6277 -0.95 16.3542
      vertex 76.0815 0 16.2866
      vertex 76.0815 -0.95 16.2866
    endloop
  endfacet
  facet normal -0.147339 0 -0.989086
    outer loop
      vertex 76.0815 0 16.2866
      vertex 75.6277 -0.95 16.3542
      vertex 75.6277 0 16.3542
    endloop
  endfacet
  facet normal -0.0437058 0 -0.999044
    outer loop
      vertex 76.0815 -0.95 16.2866
      vertex 76.5981 0 16.264
      vertex 76.5981 -0.95 16.264
    endloop
  endfacet
  facet normal -0.0437058 0 -0.999044
    outer loop
      vertex 76.5981 0 16.264
      vertex 76.0815 -0.95 16.2866
      vertex 76.0815 0 16.2866
    endloop
  endfacet
  facet normal 0.0528539 0 -0.998602
    outer loop
      vertex 76.5981 -0.95 16.264
      vertex 77.1309 0 16.2922
      vertex 77.1309 -0.95 16.2922
    endloop
  endfacet
  facet normal 0.0528539 0 -0.998602
    outer loop
      vertex 77.1309 0 16.2922
      vertex 76.5981 -0.95 16.264
      vertex 76.5981 0 16.264
    endloop
  endfacet
  facet normal 0.16201 0 -0.986789
    outer loop
      vertex 70.6884 -0.95 16.2798
      vertex 70.9765 0 16.3271
      vertex 70.9765 -0.95 16.3271
    endloop
  endfacet
  facet normal 0.16201 0 -0.986789
    outer loop
      vertex 70.9765 0 16.3271
      vertex 70.6884 -0.95 16.2798
      vertex 70.6884 0 16.2798
    endloop
  endfacet
  facet normal 0.288827 0 -0.957381
    outer loop
      vertex 70.9765 -0.95 16.3271
      vertex 71.2377 0 16.4059
      vertex 71.2377 -0.95 16.4059
    endloop
  endfacet
  facet normal 0.288827 0 -0.957381
    outer loop
      vertex 71.2377 0 16.4059
      vertex 70.9765 -0.95 16.3271
      vertex 70.9765 0 16.3271
    endloop
  endfacet
  facet normal 0.425946 0 -0.904749
    outer loop
      vertex 71.2377 -0.95 16.4059
      vertex 71.4722 0 16.5163
      vertex 71.4722 -0.95 16.5163
    endloop
  endfacet
  facet normal 0.425946 0 -0.904749
    outer loop
      vertex 71.4722 0 16.5163
      vertex 71.2377 -0.95 16.4059
      vertex 71.2377 0 16.4059
    endloop
  endfacet
  facet normal 0.568691 0 -0.822551
    outer loop
      vertex 71.4722 -0.95 16.5163
      vertex 71.6867 0 16.6646
      vertex 71.6867 -0.95 16.6646
    endloop
  endfacet
  facet normal 0.568691 0 -0.822551
    outer loop
      vertex 71.6867 0 16.6646
      vertex 71.4722 -0.95 16.5163
      vertex 71.4722 0 16.5163
    endloop
  endfacet
  facet normal 0.691687 0 -0.722197
    outer loop
      vertex 71.6867 -0.95 16.6646
      vertex 71.8879 0 16.8573
      vertex 71.8879 -0.95 16.8573
    endloop
  endfacet
  facet normal 0.691687 0 -0.722197
    outer loop
      vertex 71.8879 0 16.8573
      vertex 71.6867 -0.95 16.6646
      vertex 71.6867 0 16.6646
    endloop
  endfacet
  facet normal 0.783697 0 -0.621143
    outer loop
      vertex 72.0759 -0.95 17.0945
      vertex 71.8879 0 16.8573
      vertex 72.0759 0 17.0945
    endloop
  endfacet
  facet normal 0.783697 0 -0.621143
    outer loop
      vertex 71.8879 0 16.8573
      vertex 72.0759 -0.95 17.0945
      vertex 71.8879 -0.95 16.8573
    endloop
  endfacet
  facet normal 0.849622 0 -0.527393
    outer loop
      vertex 72.2507 -0.95 17.3761
      vertex 72.0759 0 17.0945
      vertex 72.2507 0 17.3761
    endloop
  endfacet
  facet normal 0.849622 0 -0.527393
    outer loop
      vertex 72.0759 0 17.0945
      vertex 72.2507 -0.95 17.3761
      vertex 72.0759 -0.95 17.0945
    endloop
  endfacet
  facet normal 0 0 -1
    outer loop
      vertex 72.2507 -0.95 17.3761
      vertex 72.2669 0 17.3761
      vertex 72.2669 -0.95 17.3761
    endloop
  endfacet
  facet normal -0 0 -1
    outer loop
      vertex 72.2669 0 17.3761
      vertex 72.2507 -0.95 17.3761
      vertex 72.2507 0 17.3761
    endloop
  endfacet
  facet normal -0.999639 0 -0.0268802
    outer loop
      vertex 72.2722 -0.95 17.179
      vertex 72.2669 0 17.3761
      vertex 72.2722 0 17.179
    endloop
  endfacet
  facet normal -0.999639 -0 -0.0268802
    outer loop
      vertex 72.2669 0 17.3761
      vertex 72.2722 -0.95 17.179
      vertex 72.2669 -0.95 17.3761
    endloop
  endfacet
  facet normal -0.999548 0 -0.0300478
    outer loop
      vertex 72.2771 -0.95 17.016
      vertex 72.2722 0 17.179
      vertex 72.2771 0 17.016
    endloop
  endfacet
  facet normal -0.999548 -0 -0.0300478
    outer loop
      vertex 72.2722 0 17.179
      vertex 72.2771 -0.95 17.016
      vertex 72.2722 -0.95 17.179
    endloop
  endfacet
  facet normal -0.999362 0 -0.0357192
    outer loop
      vertex 72.2817 -0.95 16.8873
      vertex 72.2771 0 17.016
      vertex 72.2817 0 16.8873
    endloop
  endfacet
  facet normal -0.999362 -0 -0.0357192
    outer loop
      vertex 72.2771 0 17.016
      vertex 72.2817 -0.95 16.8873
      vertex 72.2771 -0.95 17.016
    endloop
  endfacet
  facet normal -0.999012 0 -0.0444476
    outer loop
      vertex 72.2859 -0.95 16.7929
      vertex 72.2817 0 16.8873
      vertex 72.2859 0 16.7929
    endloop
  endfacet
  facet normal -0.999012 -0 -0.0444476
    outer loop
      vertex 72.2817 0 16.8873
      vertex 72.2859 -0.95 16.7929
      vertex 72.2817 -0.95 16.8873
    endloop
  endfacet
  facet normal -0.998654 0 -0.0518609
    outer loop
      vertex 72.2898 -0.95 16.7178
      vertex 72.2859 0 16.7929
      vertex 72.2898 0 16.7178
    endloop
  endfacet
  facet normal -0.998654 -0 -0.0518609
    outer loop
      vertex 72.2859 0 16.7929
      vertex 72.2898 -0.95 16.7178
      vertex 72.2859 -0.95 16.7929
    endloop
  endfacet
  facet normal -0.998706 0 -0.0508535
    outer loop
      vertex 72.2934 -0.95 16.6471
      vertex 72.2898 0 16.7178
      vertex 72.2934 0 16.6471
    endloop
  endfacet
  facet normal -0.998706 -0 -0.0508535
    outer loop
      vertex 72.2898 0 16.7178
      vertex 72.2934 -0.95 16.6471
      vertex 72.2898 -0.95 16.7178
    endloop
  endfacet
  facet normal -0.998834 0 -0.048282
    outer loop
      vertex 72.2966 -0.95 16.5809
      vertex 72.2934 0 16.6471
      vertex 72.2966 0 16.5809
    endloop
  endfacet
  facet normal -0.998834 -0 -0.048282
    outer loop
      vertex 72.2934 0 16.6471
      vertex 72.2966 -0.95 16.5809
      vertex 72.2934 -0.95 16.6471
    endloop
  endfacet
  facet normal -0.998904 0 -0.0467984
    outer loop
      vertex 72.2995 -0.95 16.519
      vertex 72.2966 0 16.5809
      vertex 72.2995 0 16.519
    endloop
  endfacet
  facet normal -0.998904 -0 -0.0467984
    outer loop
      vertex 72.2966 0 16.5809
      vertex 72.2995 -0.95 16.519
      vertex 72.2966 -0.95 16.5809
    endloop
  endfacet
  facet normal -0.998748 0 -0.05003
    outer loop
      vertex 72.3022 -0.95 16.4651
      vertex 72.2995 0 16.519
      vertex 72.3022 0 16.4651
    endloop
  endfacet
  facet normal -0.998748 -0 -0.05003
    outer loop
      vertex 72.2995 0 16.519
      vertex 72.3022 -0.95 16.4651
      vertex 72.2995 -0.95 16.519
    endloop
  endfacet
  facet normal -0.997979 0 -0.0635505
    outer loop
      vertex 72.3049 -0.95 16.4227
      vertex 72.3022 0 16.4651
      vertex 72.3049 0 16.4227
    endloop
  endfacet
  facet normal -0.997979 -0 -0.0635505
    outer loop
      vertex 72.3022 0 16.4651
      vertex 72.3049 -0.95 16.4227
      vertex 72.3022 -0.95 16.4651
    endloop
  endfacet
  facet normal -0.996204 0 -0.087047
    outer loop
      vertex 72.3076 -0.95 16.3918
      vertex 72.3049 0 16.4227
      vertex 72.3076 0 16.3918
    endloop
  endfacet
  facet normal -0.996204 -0 -0.087047
    outer loop
      vertex 72.3049 0 16.4227
      vertex 72.3076 -0.95 16.3918
      vertex 72.3049 -0.95 16.4227
    endloop
  endfacet
  facet normal -0.989639 0 -0.143575
    outer loop
      vertex 72.3104 -0.95 16.3725
      vertex 72.3076 0 16.3918
      vertex 72.3104 0 16.3725
    endloop
  endfacet
  facet normal -0.989639 -0 -0.143575
    outer loop
      vertex 72.3076 0 16.3918
      vertex 72.3104 -0.95 16.3725
      vertex 72.3076 -0.95 16.3918
    endloop
  endfacet
  facet normal 0 0 -1
    outer loop
      vertex 72.3104 -0.95 16.3725
      vertex 73.2326 0 16.3725
      vertex 73.2326 -0.95 16.3725
    endloop
  endfacet
  facet normal -0 0 -1
    outer loop
      vertex 73.2326 0 16.3725
      vertex 72.3104 -0.95 16.3725
      vertex 72.3104 0 16.3725
    endloop
  endfacet
  facet normal 0.996263 -0 0.0863672
    outer loop
      vertex 73.2184 -0.95 16.5363
      vertex 73.2326 0 16.3725
      vertex 73.2184 0 16.5363
    endloop
  endfacet
  facet normal 0.996263 0 0.0863672
    outer loop
      vertex 73.2326 0 16.3725
      vertex 73.2184 -0.95 16.5363
      vertex 73.2326 -0.95 16.3725
    endloop
  endfacet
  facet normal 0.999251 -0 0.0386954
    outer loop
      vertex 73.2082 -0.95 16.7997
      vertex 73.2184 0 16.5363
      vertex 73.2082 0 16.7997
    endloop
  endfacet
  facet normal 0.999251 0 0.0386954
    outer loop
      vertex 73.2184 0 16.5363
      vertex 73.2082 -0.95 16.7997
      vertex 73.2184 -0.95 16.5363
    endloop
  endfacet
  facet normal 0.999859 -0 0.0167928
    outer loop
      vertex 73.2021 -0.95 17.1629
      vertex 73.2082 0 16.7997
      vertex 73.2021 0 17.1629
    endloop
  endfacet
  facet normal 0.999859 0 0.0167928
    outer loop
      vertex 73.2082 0 16.7997
      vertex 73.2021 -0.95 17.1629
      vertex 73.2082 -0.95 16.7997
    endloop
  endfacet
  facet normal 0.99999 -0 0.00453755
    outer loop
      vertex 73.2 -0.95 17.6257
      vertex 73.2021 0 17.1629
      vertex 73.2 0 17.6257
    endloop
  endfacet
  facet normal 0.99999 0 0.00453755
    outer loop
      vertex 73.2021 0 17.1629
      vertex 73.2 -0.95 17.6257
      vertex 73.2021 -0.95 17.1629
    endloop
  endfacet
  facet normal 1 -0 0
    outer loop
      vertex 73.2 -0.95 22.2423
      vertex 73.2 0 17.6257
      vertex 73.2 0 22.2423
    endloop
  endfacet
  facet normal 1 0 0
    outer loop
      vertex 73.2 0 17.6257
      vertex 73.2 -0.95 22.2423
      vertex 73.2 -0.95 17.6257
    endloop
  endfacet
  facet normal -0 0 1
    outer loop
      vertex 72.2236 0 22.2423
      vertex 73.2 -0.95 22.2423
      vertex 73.2 0 22.2423
    endloop
  endfacet
  facet normal 0 0 1
    outer loop
      vertex 73.2 -0.95 22.2423
      vertex 72.2236 0 22.2423
      vertex 72.2236 -0.95 22.2423
    endloop
  endfacet
  facet normal -1 0 0
    outer loop
      vertex 72.2236 -0.95 18.8409
      vertex 72.2236 0 22.2423
      vertex 72.2236 0 18.8409
    endloop
  endfacet
  facet normal -1 -0 0
    outer loop
      vertex 72.2236 0 22.2423
      vertex 72.2236 -0.95 18.8409
      vertex 72.2236 -0.95 22.2423
    endloop
  endfacet
  facet normal -0.998026 0 0.0628076
    outer loop
      vertex 72.1981 -0.95 18.4357
      vertex 72.2236 0 18.8409
      vertex 72.1981 0 18.4357
    endloop
  endfacet
  facet normal -0.998026 0 0.0628076
    outer loop
      vertex 72.2236 0 18.8409
      vertex 72.1981 -0.95 18.4357
      vertex 72.2236 -0.95 18.8409
    endloop
  endfacet
  facet normal -0.978081 0 0.208224
    outer loop
      vertex 72.1218 -0.95 18.0773
      vertex 72.1981 0 18.4357
      vertex 72.1218 0 18.0773
    endloop
  endfacet
  facet normal -0.978081 0 0.208224
    outer loop
      vertex 72.1981 0 18.4357
      vertex 72.1218 -0.95 18.0773
      vertex 72.1981 -0.95 18.4357
    endloop
  endfacet
  facet normal -0.925935 0 0.377684
    outer loop
      vertex 71.9947 -0.95 17.7657
      vertex 72.1218 0 18.0773
      vertex 71.9947 0 17.7657
    endloop
  endfacet
  facet normal -0.925935 0 0.377684
    outer loop
      vertex 72.1218 0 18.0773
      vertex 71.9947 -0.95 17.7657
      vertex 72.1218 -0.95 18.0773
    endloop
  endfacet
  facet normal -0.829923 0 0.557879
    outer loop
      vertex 71.8167 -0.95 17.5009
      vertex 71.9947 0 17.7657
      vertex 71.8167 0 17.5009
    endloop
  endfacet
  facet normal -0.829923 0 0.557879
    outer loop
      vertex 71.9947 0 17.7657
      vertex 71.8167 -0.95 17.5009
      vertex 71.9947 -0.95 17.7657
    endloop
  endfacet
  facet normal -0.689101 0 0.724665
    outer loop
      vertex 71.5946 0 17.2897
      vertex 71.8167 -0.95 17.5009
      vertex 71.8167 0 17.5009
    endloop
  endfacet
  facet normal -0.689101 0 0.724665
    outer loop
      vertex 71.8167 -0.95 17.5009
      vertex 71.5946 0 17.2897
      vertex 71.5946 -0.95 17.2897
    endloop
  endfacet
  facet normal -0.502835 0 0.864383
    outer loop
      vertex 71.3352 0 17.1388
      vertex 71.5946 -0.95 17.2897
      vertex 71.5946 0 17.2897
    endloop
  endfacet
  facet normal -0.502835 0 0.864383
    outer loop
      vertex 71.5946 -0.95 17.2897
      vertex 71.3352 0 17.1388
      vertex 71.3352 -0.95 17.1388
    endloop
  endfacet
  facet normal -0.291752 0 0.956494
    outer loop
      vertex 71.0385 0 17.0483
      vertex 71.3352 -0.95 17.1388
      vertex 71.3352 0 17.1388
    endloop
  endfacet
  facet normal -0.291752 0 0.956494
    outer loop
      vertex 71.3352 -0.95 17.1388
      vertex 71.0385 0 17.0483
      vertex 71.0385 -0.95 17.0483
    endloop
  endfacet
  facet normal -0.0900518 0 0.995937
    outer loop
      vertex 70.7045 0 17.0181
      vertex 71.0385 -0.95 17.0483
      vertex 71.0385 0 17.0483
    endloop
  endfacet
  facet normal -0.0900518 0 0.995937
    outer loop
      vertex 71.0385 -0.95 17.0483
      vertex 70.7045 0 17.0181
      vertex 70.7045 -0.95 17.0181
    endloop
  endfacet
  facet normal 0.0387715 0 0.999248
    outer loop
      vertex 70.4777 0 17.0269
      vertex 70.7045 -0.95 17.0181
      vertex 70.7045 0 17.0181
    endloop
  endfacet
  facet normal 0.0387715 0 0.999248
    outer loop
      vertex 70.7045 -0.95 17.0181
      vertex 70.4777 0 17.0269
      vertex 70.4777 -0.95 17.0269
    endloop
  endfacet
  facet normal 0.132853 0 0.991136
    outer loop
      vertex 70.28 0 17.0534
      vertex 70.4777 -0.95 17.0269
      vertex 70.4777 0 17.0269
    endloop
  endfacet
  facet normal 0.132853 0 0.991136
    outer loop
      vertex 70.4777 -0.95 17.0269
      vertex 70.28 0 17.0534
      vertex 70.28 -0.95 17.0534
    endloop
  endfacet
  facet normal 0.252656 0 0.967556
    outer loop
      vertex 70.1115 0 17.0974
      vertex 70.28 -0.95 17.0534
      vertex 70.28 0 17.0534
    endloop
  endfacet
  facet normal 0.252656 0 0.967556
    outer loop
      vertex 70.28 -0.95 17.0534
      vertex 70.1115 0 17.0974
      vertex 70.1115 -0.95 17.0974
    endloop
  endfacet
  facet normal 0.404738 0 0.914433
    outer loop
      vertex 69.9721 0 17.1591
      vertex 70.1115 -0.95 17.0974
      vertex 70.1115 0 17.0974
    endloop
  endfacet
  facet normal 0.404738 0 0.914433
    outer loop
      vertex 70.1115 -0.95 17.0974
      vertex 69.9721 0 17.1591
      vertex 69.9721 -0.95 17.1591
    endloop
  endfacet
  facet normal 0.575302 0 0.817941
    outer loop
      vertex 69.8558 0 17.2409
      vertex 69.9721 -0.95 17.1591
      vertex 69.9721 0 17.1591
    endloop
  endfacet
  facet normal 0.575302 0 0.817941
    outer loop
      vertex 69.9721 -0.95 17.1591
      vertex 69.8558 0 17.2409
      vertex 69.8558 -0.95 17.2409
    endloop
  endfacet
  facet normal 0.723261 -0 0.690575
    outer loop
      vertex 69.7565 -0.95 17.3449
      vertex 69.8558 0 17.2409
      vertex 69.7565 0 17.3449
    endloop
  endfacet
  facet normal 0.723261 0 0.690575
    outer loop
      vertex 69.8558 0 17.2409
      vertex 69.7565 -0.95 17.3449
      vertex 69.8558 -0.95 17.2409
    endloop
  endfacet
  facet normal 0.837914 -0 0.545803
    outer loop
      vertex 69.6741 -0.95 17.4714
      vertex 69.7565 0 17.3449
      vertex 69.6741 0 17.4714
    endloop
  endfacet
  facet normal 0.837914 0 0.545803
    outer loop
      vertex 69.7565 0 17.3449
      vertex 69.6741 -0.95 17.4714
      vertex 69.7565 -0.95 17.3449
    endloop
  endfacet
  facet normal 0.915578 -0 0.402141
    outer loop
      vertex 69.6087 -0.95 17.6203
      vertex 69.6741 0 17.4714
      vertex 69.6087 0 17.6203
    endloop
  endfacet
  facet normal 0.915578 0 0.402141
    outer loop
      vertex 69.6741 0 17.4714
      vertex 69.6087 -0.95 17.6203
      vertex 69.6741 -0.95 17.4714
    endloop
  endfacet
  facet normal 0.962201 -0 0.272342
    outer loop
      vertex 69.5588 -0.95 17.7966
      vertex 69.6087 0 17.6203
      vertex 69.5588 0 17.7966
    endloop
  endfacet
  facet normal 0.962201 0 0.272342
    outer loop
      vertex 69.6087 0 17.6203
      vertex 69.5588 -0.95 17.7966
      vertex 69.6087 -0.95 17.6203
    endloop
  endfacet
  facet normal 0.985775 -0 0.168073
    outer loop
      vertex 69.5232 -0.95 18.0054
      vertex 69.5588 0 17.7966
      vertex 69.5232 0 18.0054
    endloop
  endfacet
  facet normal 0.985775 0 0.168073
    outer loop
      vertex 69.5588 0 17.7966
      vertex 69.5232 -0.95 18.0054
      vertex 69.5588 -0.95 17.7966
    endloop
  endfacet
  facet normal 0.996133 -0 0.0878577
    outer loop
      vertex 69.5019 -0.95 18.2469
      vertex 69.5232 0 18.0054
      vertex 69.5019 0 18.2469
    endloop
  endfacet
  facet normal 0.996133 0 0.0878577
    outer loop
      vertex 69.5232 0 18.0054
      vertex 69.5019 -0.95 18.2469
      vertex 69.5232 -0.95 18.0054
    endloop
  endfacet
  facet normal 0.999664 -0 0.0259132
    outer loop
      vertex 69.4948 -0.95 18.5208
      vertex 69.5019 0 18.2469
      vertex 69.4948 0 18.5208
    endloop
  endfacet
  facet normal 0.999664 0 0.0259132
    outer loop
      vertex 69.5019 0 18.2469
      vertex 69.4948 -0.95 18.5208
      vertex 69.5019 -0.95 18.2469
    endloop
  endfacet
  facet normal 1 -0 0
    outer loop
      vertex 69.4948 -0.95 22.2423
      vertex 69.4948 0 18.5208
      vertex 69.4948 0 22.2423
    endloop
  endfacet
  facet normal 1 0 0
    outer loop
      vertex 69.4948 0 18.5208
      vertex 69.4948 -0.95 22.2423
      vertex 69.4948 -0.95 18.5208
    endloop
  endfacet
  facet normal -0 0 1
    outer loop
      vertex 68.5128 0 22.2423
      vertex 69.4948 -0.95 22.2423
      vertex 69.4948 0 22.2423
    endloop
  endfacet
  facet normal 0 0 1
    outer loop
      vertex 69.4948 -0.95 22.2423
      vertex 68.5128 0 22.2423
      vertex 68.5128 -0.95 22.2423
    endloop
  endfacet
  facet normal -1 0 0
    outer loop
      vertex 68.5128 -0.95 18.3309
      vertex 68.5128 0 22.2423
      vertex 68.5128 0 18.3309
    endloop
  endfacet
  facet normal -1 -0 0
    outer loop
      vertex 68.5128 0 22.2423
      vertex 68.5128 -0.95 18.3309
      vertex 68.5128 -0.95 22.2423
    endloop
  endfacet
  facet normal -0.998521 0 -0.054373
    outer loop
      vertex 68.5408 -0.95 17.8167
      vertex 68.5128 0 18.3309
      vertex 68.5408 0 17.8167
    endloop
  endfacet
  facet normal -0.998521 -0 -0.054373
    outer loop
      vertex 68.5128 0 18.3309
      vertex 68.5408 -0.95 17.8167
      vertex 68.5128 -0.95 18.3309
    endloop
  endfacet
  facet normal -0.981968 0 -0.189048
    outer loop
      vertex 68.6247 -0.95 17.3809
      vertex 68.5408 0 17.8167
      vertex 68.6247 0 17.3809
    endloop
  endfacet
  facet normal -0.981968 -0 -0.189048
    outer loop
      vertex 68.5408 0 17.8167
      vertex 68.6247 -0.95 17.3809
      vertex 68.5408 -0.95 17.8167
    endloop
  endfacet
  facet normal -0.93127 0 -0.364331
    outer loop
      vertex 68.7646 -0.95 17.0233
      vertex 68.6247 0 17.3809
      vertex 68.7646 0 17.0233
    endloop
  endfacet
  facet normal -0.93127 -0 -0.364331
    outer loop
      vertex 68.6247 0 17.3809
      vertex 68.7646 -0.95 17.0233
      vertex 68.6247 -0.95 17.3809
    endloop
  endfacet
  facet normal -0.818736 0 -0.574171
    outer loop
      vertex 68.9604 -0.95 16.7441
      vertex 68.7646 0 17.0233
      vertex 68.9604 0 16.7441
    endloop
  endfacet
  facet normal -0.818736 -0 -0.574171
    outer loop
      vertex 68.7646 0 17.0233
      vertex 68.9604 -0.95 16.7441
      vertex 68.7646 -0.95 17.0233
    endloop
  endfacet
  facet normal -0.634076 0 -0.773271
    outer loop
      vertex 68.9604 -0.95 16.7441
      vertex 69.2165 0 16.5341
      vertex 69.2165 -0.95 16.5341
    endloop
  endfacet
  facet normal -0.634076 0 -0.773271
    outer loop
      vertex 69.2165 0 16.5341
      vertex 68.9604 -0.95 16.7441
      vertex 68.9604 0 16.7441
    endloop
  endfacet
  facet normal -0.423581 0 -0.905858
    outer loop
      vertex 69.2165 -0.95 16.5341
      vertex 69.5375 0 16.384
      vertex 69.5375 -0.95 16.384
    endloop
  endfacet
  facet normal -0.423581 0 -0.905858
    outer loop
      vertex 69.5375 0 16.384
      vertex 69.2165 -0.95 16.5341
      vertex 69.2165 0 16.5341
    endloop
  endfacet
  facet normal -0.227238 0 -0.973839
    outer loop
      vertex 69.5375 -0.95 16.384
      vertex 69.9232 0 16.294
      vertex 69.9232 -0.95 16.294
    endloop
  endfacet
  facet normal -0.227238 0 -0.973839
    outer loop
      vertex 69.9232 0 16.294
      vertex 69.5375 -0.95 16.384
      vertex 69.5375 0 16.384
    endloop
  endfacet
  facet normal -0.0664602 0 -0.997789
    outer loop
      vertex 69.9232 -0.95 16.294
      vertex 70.3736 0 16.264
      vertex 70.3736 -0.95 16.264
    endloop
  endfacet
  facet normal -0.0664602 0 -0.997789
    outer loop
      vertex 70.3736 0 16.264
      vertex 69.9232 -0.95 16.294
      vertex 69.9232 0 16.294
    endloop
  endfacet
  facet normal 0.0501275 0 -0.998743
    outer loop
      vertex 70.3736 -0.95 16.264
      vertex 70.6884 0 16.2798
      vertex 70.6884 -0.95 16.2798
    endloop
  endfacet
  facet normal 0.0501275 0 -0.998743
    outer loop
      vertex 70.6884 0 16.2798
      vertex 70.3736 -0.95 16.264
      vertex 70.3736 0 16.264
    endloop
  endfacet
  facet normal -0 0 1
    outer loop
      vertex 37.1693 0 22.2423
      vertex 38.1459 -0.95 22.2423
      vertex 38.1459 0 22.2423
    endloop
  endfacet
  facet normal 0 0 1
    outer loop
      vertex 38.1459 -0.95 22.2423
      vertex 37.1693 0 22.2423
      vertex 37.1693 -0.95 22.2423
    endloop
  endfacet
  facet normal -1 0 0
    outer loop
      vertex 37.1693 -0.95 16.3725
      vertex 37.1693 0 22.2423
      vertex 37.1693 0 16.3725
    endloop
  endfacet
  facet normal -1 -0 0
    outer loop
      vertex 37.1693 0 22.2423
      vertex 37.1693 -0.95 16.3725
      vertex 37.1693 -0.95 22.2423
    endloop
  endfacet
  facet normal 0 0 -1
    outer loop
      vertex 37.1693 -0.95 16.3725
      vertex 38.1459 0 16.3725
      vertex 38.1459 -0.95 16.3725
    endloop
  endfacet
  facet normal -0 0 -1
    outer loop
      vertex 38.1459 0 16.3725
      vertex 37.1693 -0.95 16.3725
      vertex 37.1693 0 16.3725
    endloop
  endfacet
  facet normal 1 -0 0
    outer loop
      vertex 38.1459 -0.95 22.2423
      vertex 38.1459 0 16.3725
      vertex 38.1459 0 22.2423
    endloop
  endfacet
  facet normal 1 0 0
    outer loop
      vertex 38.1459 0 16.3725
      vertex 38.1459 -0.95 22.2423
      vertex 38.1459 -0.95 16.3725
    endloop
  endfacet
  facet normal 0.16201 0 -0.986789
    outer loop
      vertex 24.8485 -0.95 16.2798
      vertex 25.1366 0 16.3271
      vertex 25.1366 -0.95 16.3271
    endloop
  endfacet
  facet normal 0.16201 0 -0.986789
    outer loop
      vertex 25.1366 0 16.3271
      vertex 24.8485 -0.95 16.2798
      vertex 24.8485 0 16.2798
    endloop
  endfacet
  facet normal 0.288827 0 -0.957381
    outer loop
      vertex 25.1366 -0.95 16.3271
      vertex 25.3978 0 16.4059
      vertex 25.3978 -0.95 16.4059
    endloop
  endfacet
  facet normal 0.288827 0 -0.957381
    outer loop
      vertex 25.3978 0 16.4059
      vertex 25.1366 -0.95 16.3271
      vertex 25.1366 0 16.3271
    endloop
  endfacet
  facet normal 0.425946 0 -0.904749
    outer loop
      vertex 25.3978 -0.95 16.4059
      vertex 25.6323 0 16.5163
      vertex 25.6323 -0.95 16.5163
    endloop
  endfacet
  facet normal 0.425946 0 -0.904749
    outer loop
      vertex 25.6323 0 16.5163
      vertex 25.3978 -0.95 16.4059
      vertex 25.3978 0 16.4059
    endloop
  endfacet
  facet normal 0.568691 0 -0.822551
    outer loop
      vertex 25.6323 -0.95 16.5163
      vertex 25.8468 0 16.6646
      vertex 25.8468 -0.95 16.6646
    endloop
  endfacet
  facet normal 0.568691 0 -0.822551
    outer loop
      vertex 25.8468 0 16.6646
      vertex 25.6323 -0.95 16.5163
      vertex 25.6323 0 16.5163
    endloop
  endfacet
  facet normal 0.691687 0 -0.722197
    outer loop
      vertex 25.8468 -0.95 16.6646
      vertex 26.048 0 16.8573
      vertex 26.048 -0.95 16.8573
    endloop
  endfacet
  facet normal 0.691687 0 -0.722197
    outer loop
      vertex 26.048 0 16.8573
      vertex 25.8468 -0.95 16.6646
      vertex 25.8468 0 16.6646
    endloop
  endfacet
  facet normal 0.783697 0 -0.621143
    outer loop
      vertex 26.236 -0.95 17.0945
      vertex 26.048 0 16.8573
      vertex 26.236 0 17.0945
    endloop
  endfacet
  facet normal 0.783697 0 -0.621143
    outer loop
      vertex 26.048 0 16.8573
      vertex 26.236 -0.95 17.0945
      vertex 26.048 -0.95 16.8573
    endloop
  endfacet
  facet normal 0.849622 0 -0.527393
    outer loop
      vertex 26.4108 -0.95 17.3761
      vertex 26.236 0 17.0945
      vertex 26.4108 0 17.3761
    endloop
  endfacet
  facet normal 0.849622 0 -0.527393
    outer loop
      vertex 26.236 0 17.0945
      vertex 26.4108 -0.95 17.3761
      vertex 26.236 -0.95 17.0945
    endloop
  endfacet
  facet normal 0 0 -1
    outer loop
      vertex 26.4108 -0.95 17.3761
      vertex 26.427 0 17.3761
      vertex 26.427 -0.95 17.3761
    endloop
  endfacet
  facet normal -0 0 -1
    outer loop
      vertex 26.427 0 17.3761
      vertex 26.4108 -0.95 17.3761
      vertex 26.4108 0 17.3761
    endloop
  endfacet
  facet normal -0.999639 0 -0.0268802
    outer loop
      vertex 26.4323 -0.95 17.179
      vertex 26.427 0 17.3761
      vertex 26.4323 0 17.179
    endloop
  endfacet
  facet normal -0.999639 -0 -0.0268802
    outer loop
      vertex 26.427 0 17.3761
      vertex 26.4323 -0.95 17.179
      vertex 26.427 -0.95 17.3761
    endloop
  endfacet
  facet normal -0.999548 0 -0.0300478
    outer loop
      vertex 26.4372 -0.95 17.016
      vertex 26.4323 0 17.179
      vertex 26.4372 0 17.016
    endloop
  endfacet
  facet normal -0.999548 -0 -0.0300478
    outer loop
      vertex 26.4323 0 17.179
      vertex 26.4372 -0.95 17.016
      vertex 26.4323 -0.95 17.179
    endloop
  endfacet
  facet normal -0.999362 0 -0.0357192
    outer loop
      vertex 26.4418 -0.95 16.8873
      vertex 26.4372 0 17.016
      vertex 26.4418 0 16.8873
    endloop
  endfacet
  facet normal -0.999362 -0 -0.0357192
    outer loop
      vertex 26.4372 0 17.016
      vertex 26.4418 -0.95 16.8873
      vertex 26.4372 -0.95 17.016
    endloop
  endfacet
  facet normal -0.999012 0 -0.0444476
    outer loop
      vertex 26.446 -0.95 16.7929
      vertex 26.4418 0 16.8873
      vertex 26.446 0 16.7929
    endloop
  endfacet
  facet normal -0.999012 -0 -0.0444476
    outer loop
      vertex 26.4418 0 16.8873
      vertex 26.446 -0.95 16.7929
      vertex 26.4418 -0.95 16.8873
    endloop
  endfacet
  facet normal -0.998654 0 -0.0518609
    outer loop
      vertex 26.4499 -0.95 16.7178
      vertex 26.446 0 16.7929
      vertex 26.4499 0 16.7178
    endloop
  endfacet
  facet normal -0.998654 -0 -0.0518609
    outer loop
      vertex 26.446 0 16.7929
      vertex 26.4499 -0.95 16.7178
      vertex 26.446 -0.95 16.7929
    endloop
  endfacet
  facet normal -0.998706 0 -0.0508535
    outer loop
      vertex 26.4535 -0.95 16.6471
      vertex 26.4499 0 16.7178
      vertex 26.4535 0 16.6471
    endloop
  endfacet
  facet normal -0.998706 -0 -0.0508535
    outer loop
      vertex 26.4499 0 16.7178
      vertex 26.4535 -0.95 16.6471
      vertex 26.4499 -0.95 16.7178
    endloop
  endfacet
  facet normal -0.998834 0 -0.048282
    outer loop
      vertex 26.4567 -0.95 16.5809
      vertex 26.4535 0 16.6471
      vertex 26.4567 0 16.5809
    endloop
  endfacet
  facet normal -0.998834 -0 -0.048282
    outer loop
      vertex 26.4535 0 16.6471
      vertex 26.4567 -0.95 16.5809
      vertex 26.4535 -0.95 16.6471
    endloop
  endfacet
  facet normal -0.998904 0 -0.0467984
    outer loop
      vertex 26.4596 -0.95 16.519
      vertex 26.4567 0 16.5809
      vertex 26.4596 0 16.519
    endloop
  endfacet
  facet normal -0.998904 -0 -0.0467984
    outer loop
      vertex 26.4567 0 16.5809
      vertex 26.4596 -0.95 16.519
      vertex 26.4567 -0.95 16.5809
    endloop
  endfacet
  facet normal -0.998748 0 -0.05003
    outer loop
      vertex 26.4623 -0.95 16.4651
      vertex 26.4596 0 16.519
      vertex 26.4623 0 16.4651
    endloop
  endfacet
  facet normal -0.998748 -0 -0.05003
    outer loop
      vertex 26.4596 0 16.519
      vertex 26.4623 -0.95 16.4651
      vertex 26.4596 -0.95 16.519
    endloop
  endfacet
  facet normal -0.997979 0 -0.0635505
    outer loop
      vertex 26.465 -0.95 16.4227
      vertex 26.4623 0 16.4651
      vertex 26.465 0 16.4227
    endloop
  endfacet
  facet normal -0.997979 -0 -0.0635505
    outer loop
      vertex 26.4623 0 16.4651
      vertex 26.465 -0.95 16.4227
      vertex 26.4623 -0.95 16.4651
    endloop
  endfacet
  facet normal -0.996204 0 -0.087047
    outer loop
      vertex 26.4677 -0.95 16.3918
      vertex 26.465 0 16.4227
      vertex 26.4677 0 16.3918
    endloop
  endfacet
  facet normal -0.996204 -0 -0.087047
    outer loop
      vertex 26.465 0 16.4227
      vertex 26.4677 -0.95 16.3918
      vertex 26.465 -0.95 16.4227
    endloop
  endfacet
  facet normal -0.989639 0 -0.143575
    outer loop
      vertex 26.4705 -0.95 16.3725
      vertex 26.4677 0 16.3918
      vertex 26.4705 0 16.3725
    endloop
  endfacet
  facet normal -0.989639 -0 -0.143575
    outer loop
      vertex 26.4677 0 16.3918
      vertex 26.4705 -0.95 16.3725
      vertex 26.4677 -0.95 16.3918
    endloop
  endfacet
  facet normal 0 0 -1
    outer loop
      vertex 26.4705 -0.95 16.3725
      vertex 27.3927 0 16.3725
      vertex 27.3927 -0.95 16.3725
    endloop
  endfacet
  facet normal -0 0 -1
    outer loop
      vertex 27.3927 0 16.3725
      vertex 26.4705 -0.95 16.3725
      vertex 26.4705 0 16.3725
    endloop
  endfacet
  facet normal 0.996211 -0 0.0869708
    outer loop
      vertex 27.3784 -0.95 16.5363
      vertex 27.3927 0 16.3725
      vertex 27.3784 0 16.5363
    endloop
  endfacet
  facet normal 0.996211 0 0.0869708
    outer loop
      vertex 27.3927 0 16.3725
      vertex 27.3784 -0.95 16.5363
      vertex 27.3927 -0.95 16.3725
    endloop
  endfacet
  facet normal 0.999266 -0 0.0383166
    outer loop
      vertex 27.3683 -0.95 16.7997
      vertex 27.3784 0 16.5363
      vertex 27.3683 0 16.7997
    endloop
  endfacet
  facet normal 0.999266 0 0.0383166
    outer loop
      vertex 27.3784 0 16.5363
      vertex 27.3683 -0.95 16.7997
      vertex 27.3784 -0.95 16.5363
    endloop
  endfacet
  facet normal 0.999859 -0 0.0167928
    outer loop
      vertex 27.3622 -0.95 17.1629
      vertex 27.3683 0 16.7997
      vertex 27.3622 0 17.1629
    endloop
  endfacet
  facet normal 0.999859 0 0.0167928
    outer loop
      vertex 27.3683 0 16.7997
      vertex 27.3622 -0.95 17.1629
      vertex 27.3683 -0.95 16.7997
    endloop
  endfacet
  facet normal 0.99999 -0 0.00453755
    outer loop
      vertex 27.3601 -0.95 17.6257
      vertex 27.3622 0 17.1629
      vertex 27.3601 0 17.6257
    endloop
  endfacet
  facet normal 0.99999 0 0.00453755
    outer loop
      vertex 27.3622 0 17.1629
      vertex 27.3601 -0.95 17.6257
      vertex 27.3622 -0.95 17.1629
    endloop
  endfacet
  facet normal 1 -0 0
    outer loop
      vertex 27.3601 -0.95 22.2423
      vertex 27.3601 0 17.6257
      vertex 27.3601 0 22.2423
    endloop
  endfacet
  facet normal 1 0 0
    outer loop
      vertex 27.3601 0 17.6257
      vertex 27.3601 -0.95 22.2423
      vertex 27.3601 -0.95 17.6257
    endloop
  endfacet
  facet normal -0 0 1
    outer loop
      vertex 26.3837 0 22.2423
      vertex 27.3601 -0.95 22.2423
      vertex 27.3601 0 22.2423
    endloop
  endfacet
  facet normal 0 0 1
    outer loop
      vertex 27.3601 -0.95 22.2423
      vertex 26.3837 0 22.2423
      vertex 26.3837 -0.95 22.2423
    endloop
  endfacet
  facet normal -1 0 0
    outer loop
      vertex 26.3837 -0.95 18.8409
      vertex 26.3837 0 22.2423
      vertex 26.3837 0 18.8409
    endloop
  endfacet
  facet normal -1 -0 0
    outer loop
      vertex 26.3837 0 22.2423
      vertex 26.3837 -0.95 18.8409
      vertex 26.3837 -0.95 22.2423
    endloop
  endfacet
  facet normal -0.998026 0 0.0628076
    outer loop
      vertex 26.3582 -0.95 18.4357
      vertex 26.3837 0 18.8409
      vertex 26.3582 0 18.4357
    endloop
  endfacet
  facet normal -0.998026 0 0.0628076
    outer loop
      vertex 26.3837 0 18.8409
      vertex 26.3582 -0.95 18.4357
      vertex 26.3837 -0.95 18.8409
    endloop
  endfacet
  facet normal -0.978081 0 0.208224
    outer loop
      vertex 26.2819 -0.95 18.0773
      vertex 26.3582 0 18.4357
      vertex 26.2819 0 18.0773
    endloop
  endfacet
  facet normal -0.978081 0 0.208224
    outer loop
      vertex 26.3582 0 18.4357
      vertex 26.2819 -0.95 18.0773
      vertex 26.3582 -0.95 18.4357
    endloop
  endfacet
  facet normal -0.925935 0 0.377684
    outer loop
      vertex 26.1548 -0.95 17.7657
      vertex 26.2819 0 18.0773
      vertex 26.1548 0 17.7657
    endloop
  endfacet
  facet normal -0.925935 0 0.377684
    outer loop
      vertex 26.2819 0 18.0773
      vertex 26.1548 -0.95 17.7657
      vertex 26.2819 -0.95 18.0773
    endloop
  endfacet
  facet normal -0.829923 0 0.557879
    outer loop
      vertex 25.9768 -0.95 17.5009
      vertex 26.1548 0 17.7657
      vertex 25.9768 0 17.5009
    endloop
  endfacet
  facet normal -0.829923 0 0.557879
    outer loop
      vertex 26.1548 0 17.7657
      vertex 25.9768 -0.95 17.5009
      vertex 26.1548 -0.95 17.7657
    endloop
  endfacet
  facet normal -0.689101 0 0.724665
    outer loop
      vertex 25.7547 0 17.2897
      vertex 25.9768 -0.95 17.5009
      vertex 25.9768 0 17.5009
    endloop
  endfacet
  facet normal -0.689101 0 0.724665
    outer loop
      vertex 25.9768 -0.95 17.5009
      vertex 25.7547 0 17.2897
      vertex 25.7547 -0.95 17.2897
    endloop
  endfacet
  facet normal -0.502835 0 0.864383
    outer loop
      vertex 25.4953 0 17.1388
      vertex 25.7547 -0.95 17.2897
      vertex 25.7547 0 17.2897
    endloop
  endfacet
  facet normal -0.502835 0 0.864383
    outer loop
      vertex 25.7547 -0.95 17.2897
      vertex 25.4953 0 17.1388
      vertex 25.4953 -0.95 17.1388
    endloop
  endfacet
  facet normal -0.291752 0 0.956494
    outer loop
      vertex 25.1986 0 17.0483
      vertex 25.4953 -0.95 17.1388
      vertex 25.4953 0 17.1388
    endloop
  endfacet
  facet normal -0.291752 0 0.956494
    outer loop
      vertex 25.4953 -0.95 17.1388
      vertex 25.1986 0 17.0483
      vertex 25.1986 -0.95 17.0483
    endloop
  endfacet
  facet normal -0.0900518 0 0.995937
    outer loop
      vertex 24.8646 0 17.0181
      vertex 25.1986 -0.95 17.0483
      vertex 25.1986 0 17.0483
    endloop
  endfacet
  facet normal -0.0900518 0 0.995937
    outer loop
      vertex 25.1986 -0.95 17.0483
      vertex 24.8646 0 17.0181
      vertex 24.8646 -0.95 17.0181
    endloop
  endfacet
  facet normal 0.0387715 0 0.999248
    outer loop
      vertex 24.6378 0 17.0269
      vertex 24.8646 -0.95 17.0181
      vertex 24.8646 0 17.0181
    endloop
  endfacet
  facet normal 0.0387715 0 0.999248
    outer loop
      vertex 24.8646 -0.95 17.0181
      vertex 24.6378 0 17.0269
      vertex 24.6378 -0.95 17.0269
    endloop
  endfacet
  facet normal 0.132853 0 0.991136
    outer loop
      vertex 24.4401 0 17.0534
      vertex 24.6378 -0.95 17.0269
      vertex 24.6378 0 17.0269
    endloop
  endfacet
  facet normal 0.132853 0 0.991136
    outer loop
      vertex 24.6378 -0.95 17.0269
      vertex 24.4401 0 17.0534
      vertex 24.4401 -0.95 17.0534
    endloop
  endfacet
  facet normal 0.252656 0 0.967556
    outer loop
      vertex 24.2716 0 17.0974
      vertex 24.4401 -0.95 17.0534
      vertex 24.4401 0 17.0534
    endloop
  endfacet
  facet normal 0.252656 0 0.967556
    outer loop
      vertex 24.4401 -0.95 17.0534
      vertex 24.2716 0 17.0974
      vertex 24.2716 -0.95 17.0974
    endloop
  endfacet
  facet normal 0.404738 0 0.914433
    outer loop
      vertex 24.1322 0 17.1591
      vertex 24.2716 -0.95 17.0974
      vertex 24.2716 0 17.0974
    endloop
  endfacet
  facet normal 0.404738 0 0.914433
    outer loop
      vertex 24.2716 -0.95 17.0974
      vertex 24.1322 0 17.1591
      vertex 24.1322 -0.95 17.1591
    endloop
  endfacet
  facet normal 0.575302 0 0.817941
    outer loop
      vertex 24.0159 0 17.2409
      vertex 24.1322 -0.95 17.1591
      vertex 24.1322 0 17.1591
    endloop
  endfacet
  facet normal 0.575302 0 0.817941
    outer loop
      vertex 24.1322 -0.95 17.1591
      vertex 24.0159 0 17.2409
      vertex 24.0159 -0.95 17.2409
    endloop
  endfacet
  facet normal 0.723261 -0 0.690575
    outer loop
      vertex 23.9166 -0.95 17.3449
      vertex 24.0159 0 17.2409
      vertex 23.9166 0 17.3449
    endloop
  endfacet
  facet normal 0.723261 0 0.690575
    outer loop
      vertex 24.0159 0 17.2409
      vertex 23.9166 -0.95 17.3449
      vertex 24.0159 -0.95 17.2409
    endloop
  endfacet
  facet normal 0.837914 -0 0.545803
    outer loop
      vertex 23.8342 -0.95 17.4714
      vertex 23.9166 0 17.3449
      vertex 23.8342 0 17.4714
    endloop
  endfacet
  facet normal 0.837914 0 0.545803
    outer loop
      vertex 23.9166 0 17.3449
      vertex 23.8342 -0.95 17.4714
      vertex 23.9166 -0.95 17.3449
    endloop
  endfacet
  facet normal 0.915578 -0 0.402141
    outer loop
      vertex 23.7688 -0.95 17.6203
      vertex 23.8342 0 17.4714
      vertex 23.7688 0 17.6203
    endloop
  endfacet
  facet normal 0.915578 0 0.402141
    outer loop
      vertex 23.8342 0 17.4714
      vertex 23.7688 -0.95 17.6203
      vertex 23.8342 -0.95 17.4714
    endloop
  endfacet
  facet normal 0.962201 -0 0.272342
    outer loop
      vertex 23.7189 -0.95 17.7966
      vertex 23.7688 0 17.6203
      vertex 23.7189 0 17.7966
    endloop
  endfacet
  facet normal 0.962201 0 0.272342
    outer loop
      vertex 23.7688 0 17.6203
      vertex 23.7189 -0.95 17.7966
      vertex 23.7688 -0.95 17.6203
    endloop
  endfacet
  facet normal 0.985775 -0 0.168073
    outer loop
      vertex 23.6833 -0.95 18.0054
      vertex 23.7189 0 17.7966
      vertex 23.6833 0 18.0054
    endloop
  endfacet
  facet normal 0.985775 0 0.168073
    outer loop
      vertex 23.7189 0 17.7966
      vertex 23.6833 -0.95 18.0054
      vertex 23.7189 -0.95 17.7966
    endloop
  endfacet
  facet normal 0.996133 -0 0.0878577
    outer loop
      vertex 23.662 -0.95 18.2469
      vertex 23.6833 0 18.0054
      vertex 23.662 0 18.2469
    endloop
  endfacet
  facet normal 0.996133 0 0.0878577
    outer loop
      vertex 23.6833 0 18.0054
      vertex 23.662 -0.95 18.2469
      vertex 23.6833 -0.95 18.0054
    endloop
  endfacet
  facet normal 0.999664 -0 0.0259132
    outer loop
      vertex 23.6549 -0.95 18.5208
      vertex 23.662 0 18.2469
      vertex 23.6549 0 18.5208
    endloop
  endfacet
  facet normal 0.999664 0 0.0259132
    outer loop
      vertex 23.662 0 18.2469
      vertex 23.6549 -0.95 18.5208
      vertex 23.662 -0.95 18.2469
    endloop
  endfacet
  facet normal 1 -0 0
    outer loop
      vertex 23.6549 -0.95 22.2423
      vertex 23.6549 0 18.5208
      vertex 23.6549 0 22.2423
    endloop
  endfacet
  facet normal 1 0 0
    outer loop
      vertex 23.6549 0 18.5208
      vertex 23.6549 -0.95 22.2423
      vertex 23.6549 -0.95 18.5208
    endloop
  endfacet
  facet normal -0 0 1
    outer loop
      vertex 22.6729 0 22.2423
      vertex 23.6549 -0.95 22.2423
      vertex 23.6549 0 22.2423
    endloop
  endfacet
  facet normal 0 0 1
    outer loop
      vertex 23.6549 -0.95 22.2423
      vertex 22.6729 0 22.2423
      vertex 22.6729 -0.95 22.2423
    endloop
  endfacet
  facet normal -1 0 0
    outer loop
      vertex 22.6729 -0.95 18.3309
      vertex 22.6729 0 22.2423
      vertex 22.6729 0 18.3309
    endloop
  endfacet
  facet normal -1 -0 0
    outer loop
      vertex 22.6729 0 22.2423
      vertex 22.6729 -0.95 18.3309
      vertex 22.6729 -0.95 22.2423
    endloop
  endfacet
  facet normal -0.998521 0 -0.054373
    outer loop
      vertex 22.7009 -0.95 17.8167
      vertex 22.6729 0 18.3309
      vertex 22.7009 0 17.8167
    endloop
  endfacet
  facet normal -0.998521 -0 -0.054373
    outer loop
      vertex 22.6729 0 18.3309
      vertex 22.7009 -0.95 17.8167
      vertex 22.6729 -0.95 18.3309
    endloop
  endfacet
  facet normal -0.981968 0 -0.189048
    outer loop
      vertex 22.7848 -0.95 17.3809
      vertex 22.7009 0 17.8167
      vertex 22.7848 0 17.3809
    endloop
  endfacet
  facet normal -0.981968 -0 -0.189048
    outer loop
      vertex 22.7009 0 17.8167
      vertex 22.7848 -0.95 17.3809
      vertex 22.7009 -0.95 17.8167
    endloop
  endfacet
  facet normal -0.93127 0 -0.364331
    outer loop
      vertex 22.9247 -0.95 17.0233
      vertex 22.7848 0 17.3809
      vertex 22.9247 0 17.0233
    endloop
  endfacet
  facet normal -0.93127 -0 -0.364331
    outer loop
      vertex 22.7848 0 17.3809
      vertex 22.9247 -0.95 17.0233
      vertex 22.7848 -0.95 17.3809
    endloop
  endfacet
  facet normal -0.818736 0 -0.574171
    outer loop
      vertex 23.1205 -0.95 16.7441
      vertex 22.9247 0 17.0233
      vertex 23.1205 0 16.7441
    endloop
  endfacet
  facet normal -0.818736 -0 -0.574171
    outer loop
      vertex 22.9247 0 17.0233
      vertex 23.1205 -0.95 16.7441
      vertex 22.9247 -0.95 17.0233
    endloop
  endfacet
  facet normal -0.634076 0 -0.773271
    outer loop
      vertex 23.1205 -0.95 16.7441
      vertex 23.3766 0 16.5341
      vertex 23.3766 -0.95 16.5341
    endloop
  endfacet
  facet normal -0.634076 0 -0.773271
    outer loop
      vertex 23.3766 0 16.5341
      vertex 23.1205 -0.95 16.7441
      vertex 23.1205 0 16.7441
    endloop
  endfacet
  facet normal -0.423581 0 -0.905858
    outer loop
      vertex 23.3766 -0.95 16.5341
      vertex 23.6976 0 16.384
      vertex 23.6976 -0.95 16.384
    endloop
  endfacet
  facet normal -0.423581 0 -0.905858
    outer loop
      vertex 23.6976 0 16.384
      vertex 23.3766 -0.95 16.5341
      vertex 23.3766 0 16.5341
    endloop
  endfacet
  facet normal -0.227238 0 -0.973839
    outer loop
      vertex 23.6976 -0.95 16.384
      vertex 24.0833 0 16.294
      vertex 24.0833 -0.95 16.294
    endloop
  endfacet
  facet normal -0.227238 0 -0.973839
    outer loop
      vertex 24.0833 0 16.294
      vertex 23.6976 -0.95 16.384
      vertex 23.6976 0 16.384
    endloop
  endfacet
  facet normal -0.0664602 0 -0.997789
    outer loop
      vertex 24.0833 -0.95 16.294
      vertex 24.5337 0 16.264
      vertex 24.5337 -0.95 16.264
    endloop
  endfacet
  facet normal -0.0664602 0 -0.997789
    outer loop
      vertex 24.5337 0 16.264
      vertex 24.0833 -0.95 16.294
      vertex 24.0833 0 16.294
    endloop
  endfacet
  facet normal 0.0501275 0 -0.998743
    outer loop
      vertex 24.5337 -0.95 16.264
      vertex 24.8485 0 16.2798
      vertex 24.8485 -0.95 16.2798
    endloop
  endfacet
  facet normal 0.0501275 0 -0.998743
    outer loop
      vertex 24.8485 0 16.2798
      vertex 24.5337 -0.95 16.264
      vertex 24.5337 0 16.264
    endloop
  endfacet
endsolid OpenSCAD_Model
