solid OpenSCAD_Model
  facet normal -1 0 0
    outer loop
      vertex 70.5 67 1
      vertex 70.5 60.5 39.6364
      vertex 70.5 67 47
    endloop
  endfacet
  facet normal -1 0 0
    outer loop
      vertex 70.5 67 1
      vertex 70.5 9.5 39.6364
      vertex 70.5 60.5 39.6364
    endloop
  endfacet
  facet normal -1 0 0
    outer loop
      vertex 70.5 3 1
      vertex 70.5 9.5 39.6364
      vertex 70.5 67 1
    endloop
  endfacet
  facet normal -1 0 0
    outer loop
      vertex 70.5 3 47
      vertex 70.5 9.5 39.6364
      vertex 70.5 3 1
    endloop
  endfacet
  facet normal -1 0 0
    outer loop
      vertex 70.5 9.5 39.6364
      vertex 70.5 3 47
      vertex 70.5 9.5 47
    endloop
  endfacet
  facet normal -1 -0 0
    outer loop
      vertex 70.5 67 47
      vertex 70.5 60.5 39.6364
      vertex 70.5 60.5 47
    endloop
  endfacet
  facet normal 0 0 1
    outer loop
      vertex 67.5 70 1
      vertex 22.5 70 1
      vertex 67.5 67 1
    endloop
  endfacet
  facet normal -0 0 1
    outer loop
      vertex 67.5 67 1
      vertex 70.5 3 1
      vertex 70.5 67 1
    endloop
  endfacet
  facet normal 0 0 1
    outer loop
      vertex 22.5 67 1
      vertex 67.5 67 1
      vertex 22.5 70 1
    endloop
  endfacet
  facet normal 0 0 1
    outer loop
      vertex 67.5 67 1
      vertex 22.5 67 1
      vertex 70.5 3 1
    endloop
  endfacet
  facet normal 0 0 1
    outer loop
      vertex 19.5 3 1
      vertex 22.5 67 1
      vertex 19.5 67 1
    endloop
  endfacet
  facet normal 0 0 1
    outer loop
      vertex 22.5 67 1
      vertex 19.5 3 1
      vertex 70.5 3 1
    endloop
  endfacet
  facet normal 1 0 0
    outer loop
      vertex 19.5 9.5 47
      vertex 19.5 3 47
      vertex 19.5 9.5 39.6364
    endloop
  endfacet
  facet normal 1 0 0
    outer loop
      vertex 19.5 60.5 39.6364
      vertex 19.5 67 47
      vertex 19.5 60.5 47
    endloop
  endfacet
  facet normal 1 0 0
    outer loop
      vertex 19.5 67 47
      vertex 19.5 60.5 39.6364
      vertex 19.5 67 1
    endloop
  endfacet
  facet normal 1 -0 0
    outer loop
      vertex 19.5 9.5 39.6364
      vertex 19.5 67 1
      vertex 19.5 60.5 39.6364
    endloop
  endfacet
  facet normal 1 0 0
    outer loop
      vertex 19.5 9.5 39.6364
      vertex 19.5 3 1
      vertex 19.5 67 1
    endloop
  endfacet
  facet normal 1 0 0
    outer loop
      vertex 19.5 3 1
      vertex 19.5 9.5 39.6364
      vertex 19.5 3 47
    endloop
  endfacet
  facet normal 0 -1 0
    outer loop
      vertex 19.5 67 1
      vertex 22.5 67 47
      vertex 19.5 67 47
    endloop
  endfacet
  facet normal 0 -1 -0
    outer loop
      vertex 22.5 67 47
      vertex 19.5 67 1
      vertex 22.5 67 1
    endloop
  endfacet
  facet normal 0 -1 0
    outer loop
      vertex 67.5 67 1
      vertex 70.5 67 47
      vertex 67.5 67 47
    endloop
  endfacet
  facet normal 0 -1 -0
    outer loop
      vertex 70.5 67 47
      vertex 67.5 67 1
      vertex 70.5 67 1
    endloop
  endfacet
  facet normal 0 1 -0
    outer loop
      vertex 70.5 3 1
      vertex 19.5 3 47
      vertex 70.5 3 47
    endloop
  endfacet
  facet normal 0 1 0
    outer loop
      vertex 19.5 3 47
      vertex 70.5 3 1
      vertex 19.5 3 1
    endloop
  endfacet
  facet normal -1 0 0
    outer loop
      vertex 67.5 70 1
      vertex 67.5 68.99 47
      vertex 67.5 70 48.5
    endloop
  endfacet
  facet normal -1 0 0
    outer loop
      vertex 67.5 67 1
      vertex 67.5 68.99 47
      vertex 67.5 70 1
    endloop
  endfacet
  facet normal -1 -0 0
    outer loop
      vertex 67.5 68.99 47
      vertex 67.5 67 1
      vertex 67.5 67 47
    endloop
  endfacet
  facet normal -1 0 0
    outer loop
      vertex 67.5 67.5 48.49
      vertex 67.5 70 48.5
      vertex 67.5 68.99 47
    endloop
  endfacet
  facet normal -1 -0 0
    outer loop
      vertex 67.5 70 48.5
      vertex 67.5 67.5 48.49
      vertex 67.5 67.5 48.5
    endloop
  endfacet
  facet normal 1 0 0
    outer loop
      vertex 22.5 70 48.5
      vertex 22.5 68.99 47
      vertex 22.5 70 1
    endloop
  endfacet
  facet normal 1 0 0
    outer loop
      vertex 22.5 67.5 48.49
      vertex 22.5 70 48.5
      vertex 22.5 67.5 48.5
    endloop
  endfacet
  facet normal 1 0 0
    outer loop
      vertex 22.5 70 48.5
      vertex 22.5 67.5 48.49
      vertex 22.5 68.99 47
    endloop
  endfacet
  facet normal 1 0 0
    outer loop
      vertex 22.5 67 1
      vertex 22.5 68.99 47
      vertex 22.5 67 47
    endloop
  endfacet
  facet normal 1 0 0
    outer loop
      vertex 22.5 68.99 47
      vertex 22.5 67 1
      vertex 22.5 70 1
    endloop
  endfacet
  facet normal 0 0 1
    outer loop
      vertex 22.5 68.99 47
      vertex 19.5 67 47
      vertex 22.5 67 47
    endloop
  endfacet
  facet normal 0 0 1
    outer loop
      vertex 19.5 67 47
      vertex 13 60.5 47
      vertex 19.5 60.5 47
    endloop
  endfacet
  facet normal 0 0 1
    outer loop
      vertex 13 60.5 47
      vertex 0 68.99 47
      vertex 13 9.5 47
    endloop
  endfacet
  facet normal 0 0 1
    outer loop
      vertex 19.5 67 47
      vertex 0 68.99 47
      vertex 13 60.5 47
    endloop
  endfacet
  facet normal -0 0 1
    outer loop
      vertex 0 68.99 47
      vertex 19.5 67 47
      vertex 22.5 68.99 47
    endloop
  endfacet
  facet normal 0 0 1
    outer loop
      vertex 19.5 9.5 47
      vertex 13 9.5 47
      vertex 19.5 3 47
    endloop
  endfacet
  facet normal 0 0 1
    outer loop
      vertex 90 68.99 47
      vertex 77 60.5 47
      vertex 90 1.01 47
    endloop
  endfacet
  facet normal 0 0 1
    outer loop
      vertex 90 68.99 47
      vertex 70.5 67 47
      vertex 77 60.5 47
    endloop
  endfacet
  facet normal -0 0 1
    outer loop
      vertex 67.5 68.99 47
      vertex 70.5 67 47
      vertex 90 68.99 47
    endloop
  endfacet
  facet normal 0 0 1
    outer loop
      vertex 70.5 67 47
      vertex 67.5 68.99 47
      vertex 67.5 67 47
    endloop
  endfacet
  facet normal -0 0 1
    outer loop
      vertex 77 9.5 47
      vertex 90 1.01 47
      vertex 77 60.5 47
    endloop
  endfacet
  facet normal 0 0 1
    outer loop
      vertex 70.5 3 47
      vertex 77 9.5 47
      vertex 70.5 9.5 47
    endloop
  endfacet
  facet normal 0 0 1
    outer loop
      vertex 77 9.5 47
      vertex 70.5 3 47
      vertex 90 1.01 47
    endloop
  endfacet
  facet normal -0 0 1
    outer loop
      vertex 19.5 3 47
      vertex 90 1.01 47
      vertex 70.5 3 47
    endloop
  endfacet
  facet normal 0 0 1
    outer loop
      vertex 19.5 3 47
      vertex 0 1.01 47
      vertex 90 1.01 47
    endloop
  endfacet
  facet normal 0 0 1
    outer loop
      vertex 13 9.5 47
      vertex 0 1.01 47
      vertex 19.5 3 47
    endloop
  endfacet
  facet normal 0 0 1
    outer loop
      vertex 0 1.01 47
      vertex 13 9.5 47
      vertex 0 68.99 47
    endloop
  endfacet
  facet normal 0 0 1
    outer loop
      vertex 77 60.5 47
      vertex 70.5 67 47
      vertex 70.5 60.5 47
    endloop
  endfacet
  facet normal 0 0.707107 -0.707107
    outer loop
      vertex 90 1.01 47
      vertex 0 2.5 48.49
      vertex 90 2.5 48.49
    endloop
  endfacet
  facet normal 0 0.707107 -0.707107
    outer loop
      vertex 0 2.5 48.49
      vertex 90 1.01 47
      vertex 0 1.01 47
    endloop
  endfacet
  facet normal 0 -0.707107 -0.707107
    outer loop
      vertex 0 68.99 47
      vertex 22.5 67.5 48.49
      vertex 0 67.5 48.49
    endloop
  endfacet
  facet normal 0 -0.707107 -0.707107
    outer loop
      vertex 22.5 67.5 48.49
      vertex 0 68.99 47
      vertex 22.5 68.99 47
    endloop
  endfacet
  facet normal 0 -0.707107 -0.707107
    outer loop
      vertex 67.5 68.99 47
      vertex 90 67.5 48.49
      vertex 67.5 67.5 48.49
    endloop
  endfacet
  facet normal 0 -0.707107 -0.707107
    outer loop
      vertex 90 67.5 48.49
      vertex 67.5 68.99 47
      vertex 90 68.99 47
    endloop
  endfacet
  facet normal 0 -1 0
    outer loop
      vertex 0 67.5 48.49
      vertex 22.5 67.5 48.5
      vertex 0 67.5 48.5
    endloop
  endfacet
  facet normal 0 -1 -0
    outer loop
      vertex 22.5 67.5 48.5
      vertex 0 67.5 48.49
      vertex 22.5 67.5 48.49
    endloop
  endfacet
  facet normal 0 -1 0
    outer loop
      vertex 67.5 67.5 48.49
      vertex 90 67.5 48.5
      vertex 67.5 67.5 48.5
    endloop
  endfacet
  facet normal 0 -1 -0
    outer loop
      vertex 90 67.5 48.5
      vertex 67.5 67.5 48.49
      vertex 90 67.5 48.49
    endloop
  endfacet
  facet normal 0 1 -0
    outer loop
      vertex 90 2.5 48.49
      vertex 0 2.5 48.5
      vertex 90 2.5 48.5
    endloop
  endfacet
  facet normal 0 1 0
    outer loop
      vertex 0 2.5 48.5
      vertex 90 2.5 48.49
      vertex 0 2.5 48.49
    endloop
  endfacet
  facet normal 1 -0 0
    outer loop
      vertex 90 0 48.5
      vertex 90 2.5 48.49
      vertex 90 2.5 48.5
    endloop
  endfacet
  facet normal 1 0 0
    outer loop
      vertex 90 2.5 48.49
      vertex 90 0 48.5
      vertex 90 1.01 47
    endloop
  endfacet
  facet normal 1 0 0
    outer loop
      vertex 90 70 48.5
      vertex 90 68.99 47
      vertex 90 70 0
    endloop
  endfacet
  facet normal 1 0 0
    outer loop
      vertex 90 67.5 48.49
      vertex 90 70 48.5
      vertex 90 67.5 48.5
    endloop
  endfacet
  facet normal 1 0 0
    outer loop
      vertex 90 70 48.5
      vertex 90 67.5 48.49
      vertex 90 68.99 47
    endloop
  endfacet
  facet normal 1 -0 0
    outer loop
      vertex 90 1.01 47
      vertex 90 70 0
      vertex 90 68.99 47
    endloop
  endfacet
  facet normal 1 0 0
    outer loop
      vertex 90 1.01 47
      vertex 90 0 0
      vertex 90 70 0
    endloop
  endfacet
  facet normal 1 0 0
    outer loop
      vertex 90 0 0
      vertex 90 1.01 47
      vertex 90 0 48.5
    endloop
  endfacet
  facet normal -0 0 1
    outer loop
      vertex 0 70 48.5
      vertex 22.5 67.5 48.5
      vertex 22.5 70 48.5
    endloop
  endfacet
  facet normal 0 0 1
    outer loop
      vertex 22.5 67.5 48.5
      vertex 0 70 48.5
      vertex 0 67.5 48.5
    endloop
  endfacet
  facet normal -0 0 1
    outer loop
      vertex 67.5 70 48.5
      vertex 90 67.5 48.5
      vertex 90 70 48.5
    endloop
  endfacet
  facet normal 0 0 1
    outer loop
      vertex 90 67.5 48.5
      vertex 67.5 70 48.5
      vertex 67.5 67.5 48.5
    endloop
  endfacet
  facet normal -0 0 1
    outer loop
      vertex 0 2.5 48.5
      vertex 90 0 48.5
      vertex 90 2.5 48.5
    endloop
  endfacet
  facet normal 0 0 1
    outer loop
      vertex 90 0 48.5
      vertex 0 2.5 48.5
      vertex 0 0 48.5
    endloop
  endfacet
  facet normal 0 0 -1
    outer loop
      vertex 0 0 0
      vertex 90 70 0
      vertex 90 0 0
    endloop
  endfacet
  facet normal -0 0 -1
    outer loop
      vertex 90 70 0
      vertex 0 0 0
      vertex 0 70 0
    endloop
  endfacet
  facet normal -1 0 0
    outer loop
      vertex 0 70 0
      vertex 0 68.99 47
      vertex 0 70 48.5
    endloop
  endfacet
  facet normal -1 0 0
    outer loop
      vertex 0 70 0
      vertex 0 1.01 47
      vertex 0 68.99 47
    endloop
  endfacet
  facet normal -1 0 -0
    outer loop
      vertex 0 1.01 47
      vertex 0 70 0
      vertex 0 0 0
    endloop
  endfacet
  facet normal -1 0 0
    outer loop
      vertex 0 67.5 48.49
      vertex 0 70 48.5
      vertex 0 68.99 47
    endloop
  endfacet
  facet normal -1 -0 0
    outer loop
      vertex 0 70 48.5
      vertex 0 67.5 48.49
      vertex 0 67.5 48.5
    endloop
  endfacet
  facet normal -1 0 0
    outer loop
      vertex 0 0 48.5
      vertex 0 2.5 48.49
      vertex 0 1.01 47
    endloop
  endfacet
  facet normal -1 0 0
    outer loop
      vertex 0 2.5 48.49
      vertex 0 0 48.5
      vertex 0 2.5 48.5
    endloop
  endfacet
  facet normal -1 0 0
    outer loop
      vertex 0 0 48.5
      vertex 0 1.01 47
      vertex 0 0 0
    endloop
  endfacet
  facet normal 0 1 0
    outer loop
      vertex 90 70 48.5
      vertex 67.5 70 1
      vertex 67.5 70 48.5
    endloop
  endfacet
  facet normal 0 1 0
    outer loop
      vertex 67.5 70 1
      vertex 90 70 0
      vertex 22.5 70 1
    endloop
  endfacet
  facet normal 0 1 -0
    outer loop
      vertex 90 70 0
      vertex 67.5 70 1
      vertex 90 70 48.5
    endloop
  endfacet
  facet normal 0 1 -0
    outer loop
      vertex 22.5 70 1
      vertex 0 70 48.5
      vertex 22.5 70 48.5
    endloop
  endfacet
  facet normal 0 1 0
    outer loop
      vertex 22.5 70 1
      vertex 0 70 0
      vertex 0 70 48.5
    endloop
  endfacet
  facet normal 0 1 0
    outer loop
      vertex 0 70 0
      vertex 22.5 70 1
      vertex 90 70 0
    endloop
  endfacet
  facet normal 0 -1 0
    outer loop
      vertex 33.8453 0 31.505
      vertex 32.8667 0 32.9273
      vertex 32.7121 0 32.9307
    endloop
  endfacet
  facet normal 0 -1 0
    outer loop
      vertex 32.8667 0 32.9273
      vertex 33.8453 0 31.505
      vertex 33.005 0 32.9171
    endloop
  endfacet
  facet normal 0 -1 0
    outer loop
      vertex 31.7844 0 32.4072
      vertex 32.7121 0 32.9307
      vertex 32.4262 0 32.898
    endloop
  endfacet
  facet normal 0 -1 0
    outer loop
      vertex 33.005 0 32.9171
      vertex 33.8453 0 31.505
      vertex 33.1271 0 32.9002
    endloop
  endfacet
  facet normal 0 -1 0
    outer loop
      vertex 31.9624 0 32.6362
      vertex 32.4262 0 32.898
      vertex 32.1763 0 32.7998
    endloop
  endfacet
  facet normal 0 -1 0
    outer loop
      vertex 56.2341 0 33.7173
      vertex 57.612 0 33.3511
      vertex 57.5978 0 33.7173
    endloop
  endfacet
  facet normal 0 -1 0
    outer loop
      vertex 56.2341 0 33.7173
      vertex 57.6222 0 33.0012
      vertex 57.612 0 33.3511
    endloop
  endfacet
  facet normal 0 -1 0
    outer loop
      vertex 56.2341 0 33.7173
      vertex 57.6283 0 32.6676
      vertex 57.6222 0 33.0012
    endloop
  endfacet
  facet normal 0 -1 0
    outer loop
      vertex 56.2341 0 33.7173
      vertex 57.6303 0 32.3502
      vertex 57.6283 0 32.6676
    endloop
  endfacet
  facet normal 0 -1 0
    outer loop
      vertex 56.2341 0 29.1007
      vertex 57.6303 0 32.3502
      vertex 56.2341 0 33.7173
    endloop
  endfacet
  facet normal 0 -1 0
    outer loop
      vertex 57.6303 0 27.8475
      vertex 56.2341 0 29.1007
      vertex 56.2361 0 28.6379
    endloop
  endfacet
  facet normal 0 -1 0
    outer loop
      vertex 57.6303 0 27.8475
      vertex 56.2361 0 28.6379
      vertex 56.2422 0 28.2747
    endloop
  endfacet
  facet normal 0 -1 0
    outer loop
      vertex 57.6303 0 27.8475
      vertex 56.2422 0 28.2747
      vertex 56.2524 0 28.0113
    endloop
  endfacet
  facet normal 0 -1 0
    outer loop
      vertex 57.6303 0 27.8475
      vertex 56.2524 0 28.0113
      vertex 56.2667 0 27.8475
    endloop
  endfacet
  facet normal 0 -1 0
    outer loop
      vertex 56.2341 0 29.1007
      vertex 57.6303 0 27.8475
      vertex 57.6303 0 32.3502
    endloop
  endfacet
  facet normal 0 -1 0
    outer loop
      vertex 52.5288 0 33.7173
      vertex 55.2576 0 30.3159
      vertex 55.2576 0 33.7173
    endloop
  endfacet
  facet normal 0 -1 0
    outer loop
      vertex 52.5288 0 29.9958
      vertex 55.2576 0 30.3159
      vertex 52.5288 0 33.7173
    endloop
  endfacet
  facet normal 0 -1 0
    outer loop
      vertex 52.5288 0 29.9958
      vertex 55.2322 0 29.9107
      vertex 55.2576 0 30.3159
    endloop
  endfacet
  facet normal 0 -1 0
    outer loop
      vertex 55.1559 0 29.5523
      vertex 52.5288 0 29.9958
      vertex 52.5359 0 29.7219
    endloop
  endfacet
  facet normal 0 -1 0
    outer loop
      vertex 52.5288 0 29.9958
      vertex 55.1559 0 29.5523
      vertex 55.2322 0 29.9107
    endloop
  endfacet
  facet normal 0 -1 0
    outer loop
      vertex 53.7386 0 28.4931
      vertex 52.5359 0 29.7219
      vertex 52.5573 0 29.4804
    endloop
  endfacet
  facet normal 0 -1 0
    outer loop
      vertex 53.5118 0 28.5019
      vertex 52.5573 0 29.4804
      vertex 52.5929 0 29.2716
    endloop
  endfacet
  facet normal 0 -1 0
    outer loop
      vertex 52.5359 0 29.7219
      vertex 55.0287 0 29.2407
      vertex 55.1559 0 29.5523
    endloop
  endfacet
  facet normal 0 -1 0
    outer loop
      vertex 53.3141 0 28.5284
      vertex 52.5929 0 29.2716
      vertex 52.6427 0 29.0953
    endloop
  endfacet
  facet normal 0 -1 0
    outer loop
      vertex 52.5359 0 29.7219
      vertex 54.0726 0 28.5233
      vertex 54.8507 0 28.9759
    endloop
  endfacet
  facet normal 0 -1 0
    outer loop
      vertex 53.3141 0 28.5284
      vertex 52.6427 0 29.0953
      vertex 52.7082 0 28.9464
    endloop
  endfacet
  facet normal 0 -1 0
    outer loop
      vertex 53.1456 0 28.5724
      vertex 52.7082 0 28.9464
      vertex 52.7906 0 28.82
    endloop
  endfacet
  facet normal 0 -1 0
    outer loop
      vertex 52.5359 0 29.7219
      vertex 53.7386 0 28.4931
      vertex 54.0726 0 28.5233
    endloop
  endfacet
  facet normal 0 -1 0
    outer loop
      vertex 53.1456 0 28.5724
      vertex 52.7906 0 28.82
      vertex 52.8899 0 28.7159
    endloop
  endfacet
  facet normal 0 -1 0
    outer loop
      vertex 53.1456 0 28.5724
      vertex 52.8899 0 28.7159
      vertex 53.0062 0 28.6341
    endloop
  endfacet
  facet normal 0 -1 0
    outer loop
      vertex 52.5359 0 29.7219
      vertex 54.8507 0 28.9759
      vertex 55.0287 0 29.2407
    endloop
  endfacet
  facet normal 0 -1 0
    outer loop
      vertex 52.7082 0 28.9464
      vertex 53.1456 0 28.5724
      vertex 53.3141 0 28.5284
    endloop
  endfacet
  facet normal 0 -1 0
    outer loop
      vertex 52.5929 0 29.2716
      vertex 53.3141 0 28.5284
      vertex 53.5118 0 28.5019
    endloop
  endfacet
  facet normal 0 -1 0
    outer loop
      vertex 52.5573 0 29.4804
      vertex 53.5118 0 28.5019
      vertex 53.7386 0 28.4931
    endloop
  endfacet
  facet normal 0 -1 0
    outer loop
      vertex 54.8507 0 28.9759
      vertex 54.0726 0 28.5233
      vertex 54.6286 0 28.7647
    endloop
  endfacet
  facet normal 0 -1 0
    outer loop
      vertex 54.6286 0 28.7647
      vertex 54.0726 0 28.5233
      vertex 54.3693 0 28.6138
    endloop
  endfacet
  facet normal 0 -1 0
    outer loop
      vertex 49.4153 0 33.6173
      vertex 51.5469 0 33.7173
      vertex 49.0544 0 33.7241
    endloop
  endfacet
  facet normal 0 -1 0
    outer loop
      vertex 49.7264 0 33.4678
      vertex 51.5469 0 33.7173
      vertex 49.4153 0 33.6173
    endloop
  endfacet
  facet normal 0 -1 0
    outer loop
      vertex 49.9863 0 33.2712
      vertex 51.5469 0 33.7173
      vertex 49.7264 0 33.4678
    endloop
  endfacet
  facet normal 0 -1 0
    outer loop
      vertex 50.1936 0 33.023
      vertex 51.5469 0 33.7173
      vertex 49.9863 0 33.2712
    endloop
  endfacet
  facet normal 0 -1 0
    outer loop
      vertex 50.3484 0 32.7232
      vertex 51.5469 0 33.7173
      vertex 50.1936 0 33.023
    endloop
  endfacet
  facet normal 0 -1 0
    outer loop
      vertex 50.4506 0 32.372
      vertex 51.5469 0 33.7173
      vertex 50.3484 0 32.7232
    endloop
  endfacet
  facet normal 0 -1 0
    outer loop
      vertex 47.8033 0 31.4388
      vertex 47.8738 0 33.0592
      vertex 47.57 0 31.5121
    endloop
  endfacet
  facet normal 0 -1 0
    outer loop
      vertex 47.022 0 31.8511
      vertex 46.9244 0 32.0356
      vertex 46.965 0 31.9379
    endloop
  endfacet
  facet normal 0 -1 -0
    outer loop
      vertex 48.183 0 33.0717
      vertex 48.1071 0 31.3548
      vertex 48.4663 0 33.0587
    endloop
  endfacet
  facet normal 0 -1 0
    outer loop
      vertex 46.9244 0 32.0356
      vertex 47.022 0 31.8511
      vertex 47.0949 0 31.7728
    endloop
  endfacet
  facet normal 0 -1 0
    outer loop
      vertex 46.9244 0 32.0356
      vertex 47.0949 0 31.7728
      vertex 47.1834 0 31.7006
    endloop
  endfacet
  facet normal 0 -1 0
    outer loop
      vertex 46.9244 0 32.0356
      vertex 47.1834 0 31.7006
      vertex 47.2875 0 31.6345
    endloop
  endfacet
  facet normal 0 -1 0
    outer loop
      vertex 46.9244 0 32.0356
      vertex 47.2875 0 31.6345
      vertex 47.4072 0 31.5745
    endloop
  endfacet
  facet normal 0 -1 -0
    outer loop
      vertex 47.8738 0 33.0592
      vertex 47.8033 0 31.4388
      vertex 48.183 0 33.0717
    endloop
  endfacet
  facet normal 0 -1 0
    outer loop
      vertex 48.1071 0 31.3548
      vertex 48.183 0 33.0717
      vertex 47.8033 0 31.4388
    endloop
  endfacet
  facet normal 0 -1 0
    outer loop
      vertex 48.4814 0 31.2598
      vertex 48.4663 0 33.0587
      vertex 48.1071 0 31.3548
    endloop
  endfacet
  facet normal 0 -1 0
    outer loop
      vertex 48.4663 0 33.0587
      vertex 48.4814 0 31.2598
      vertex 49.5718 0 32.2634
    endloop
  endfacet
  facet normal 0 -1 0
    outer loop
      vertex 48.8422 0 31.1641
      vertex 49.5718 0 32.2634
      vertex 48.4814 0 31.2598
    endloop
  endfacet
  facet normal 0 -1 0
    outer loop
      vertex 49.1487 0 31.072
      vertex 49.5718 0 32.2634
      vertex 48.8422 0 31.1641
    endloop
  endfacet
  facet normal 0 -1 0
    outer loop
      vertex 49.4009 0 30.9836
      vertex 49.5718 0 32.2634
      vertex 49.1487 0 31.072
    endloop
  endfacet
  facet normal 0 -1 0
    outer loop
      vertex 49.599 0 30.899
      vertex 49.5718 0 32.2634
      vertex 49.4009 0 30.9836
    endloop
  endfacet
  facet normal 0 -1 0
    outer loop
      vertex 49.7608 0 30.8141
      vertex 49.5718 0 32.2634
      vertex 49.599 0 30.899
    endloop
  endfacet
  facet normal 0 -1 0
    outer loop
      vertex 49.5718 0 32.2634
      vertex 49.7608 0 30.8141
      vertex 50.4506 0 32.372
    endloop
  endfacet
  facet normal 0 -1 0
    outer loop
      vertex 49.9048 0 30.7248
      vertex 50.4506 0 32.372
      vertex 49.7608 0 30.8141
    endloop
  endfacet
  facet normal 0 -1 0
    outer loop
      vertex 50.0307 0 30.631
      vertex 50.4506 0 32.372
      vertex 49.9048 0 30.7248
    endloop
  endfacet
  facet normal 0 -1 0
    outer loop
      vertex 50.1387 0 30.5329
      vertex 50.4506 0 32.372
      vertex 50.0307 0 30.631
    endloop
  endfacet
  facet normal 0 -1 0
    outer loop
      vertex 50.2321 0 30.4286
      vertex 50.4506 0 32.372
      vertex 50.1387 0 30.5329
    endloop
  endfacet
  facet normal 0 -1 0
    outer loop
      vertex 51.5469 0 29.8059
      vertex 50.4506 0 32.372
      vertex 50.2321 0 30.4286
    endloop
  endfacet
  facet normal 0 -1 0
    outer loop
      vertex 51.5469 0 29.8059
      vertex 50.2321 0 30.4286
      vertex 50.3143 0 30.3165
    endloop
  endfacet
  facet normal 0 -1 0
    outer loop
      vertex 51.5469 0 29.8059
      vertex 50.3143 0 30.3165
      vertex 50.3854 0 30.1967
    endloop
  endfacet
  facet normal 0 -1 0
    outer loop
      vertex 51.5469 0 29.8059
      vertex 50.3854 0 30.1967
      vertex 50.4452 0 30.069
    endloop
  endfacet
  facet normal 0 -1 0
    outer loop
      vertex 51.5469 0 29.8059
      vertex 50.4452 0 30.069
      vertex 50.4927 0 29.9329
    endloop
  endfacet
  facet normal 0 -1 0
    outer loop
      vertex 50.4506 0 32.372
      vertex 51.5469 0 29.8059
      vertex 51.5469 0 33.7173
    endloop
  endfacet
  facet normal 0 -1 0
    outer loop
      vertex 50.5266 0 29.7876
      vertex 51.5469 0 29.8059
      vertex 50.4927 0 29.9329
    endloop
  endfacet
  facet normal 0 -1 0
    outer loop
      vertex 50.547 0 29.6332
      vertex 51.5469 0 29.8059
      vertex 50.5266 0 29.7876
    endloop
  endfacet
  facet normal 0 -1 0
    outer loop
      vertex 50.5538 0 29.4696
      vertex 51.5469 0 29.8059
      vertex 50.547 0 29.6332
    endloop
  endfacet
  facet normal 0 -1 0
    outer loop
      vertex 50.5538 0 29.4696
      vertex 51.5749 0 29.2917
      vertex 51.5469 0 29.8059
    endloop
  endfacet
  facet normal 0 -1 0
    outer loop
      vertex 50.5146 0 29.0783
      vertex 51.5749 0 29.2917
      vertex 50.5538 0 29.4696
    endloop
  endfacet
  facet normal 0 -1 0
    outer loop
      vertex 50.5146 0 29.0783
      vertex 51.6588 0 28.8559
      vertex 51.5749 0 29.2917
    endloop
  endfacet
  facet normal 0 -1 0
    outer loop
      vertex 50.3971 0 28.7345
      vertex 51.6588 0 28.8559
      vertex 50.5146 0 29.0783
    endloop
  endfacet
  facet normal 0 -1 0
    outer loop
      vertex 50.3971 0 28.7345
      vertex 51.7986 0 28.4983
      vertex 51.6588 0 28.8559
    endloop
  endfacet
  facet normal 0 -1 0
    outer loop
      vertex 50.2013 0 28.4382
      vertex 51.7986 0 28.4983
      vertex 50.3971 0 28.7345
    endloop
  endfacet
  facet normal 0 -1 0
    outer loop
      vertex 50.2013 0 28.4382
      vertex 51.9944 0 28.2191
      vertex 51.7986 0 28.4983
    endloop
  endfacet
  facet normal 0 -1 0
    outer loop
      vertex 49.9271 0 28.1893
      vertex 51.9944 0 28.2191
      vertex 50.2013 0 28.4382
    endloop
  endfacet
  facet normal 0 -1 0
    outer loop
      vertex 49.9271 0 28.1893
      vertex 52.2506 0 28.0091
      vertex 51.9944 0 28.2191
    endloop
  endfacet
  facet normal 0 -1 0
    outer loop
      vertex 49.5825 0 27.9923
      vertex 52.2506 0 28.0091
      vertex 49.9271 0 28.1893
    endloop
  endfacet
  facet normal 0 -1 0
    outer loop
      vertex 49.5825 0 27.9923
      vertex 52.5715 0 27.859
      vertex 52.2506 0 28.0091
    endloop
  endfacet
  facet normal 0 -1 0
    outer loop
      vertex 50.3506 0 20.7413
      vertex 49.5825 0 27.9923
      vertex 49.1751 0 27.8516
    endloop
  endfacet
  facet normal 0 -1 0
    outer loop
      vertex 49.5825 0 27.9923
      vertex 50.3506 0 20.7413
      vertex 52.5715 0 27.859
    endloop
  endfacet
  facet normal 0 -1 0
    outer loop
      vertex 49.3524 0 20.7413
      vertex 49.1751 0 27.8516
      vertex 48.705 0 27.7672
    endloop
  endfacet
  facet normal 0 -1 0
    outer loop
      vertex 49.3524 0 20.7413
      vertex 48.705 0 27.7672
      vertex 48.1721 0 27.739
    endloop
  endfacet
  facet normal 0 -1 -0
    outer loop
      vertex 52.5715 0 27.859
      vertex 50.3506 0 20.7413
      vertex 52.9572 0 27.769
    endloop
  endfacet
  facet normal 0 -1 0
    outer loop
      vertex 90 0 48.5
      vertex 60.0773 0 33.8224
      vertex 63.571 0 33.8258
    endloop
  endfacet
  facet normal 0 -1 0
    outer loop
      vertex 62.9755 0 33.7773
      vertex 60.0773 0 33.8224
      vertex 60.176 0 33.8122
    endloop
  endfacet
  facet normal 0 -1 0
    outer loop
      vertex 62.9755 0 33.7773
      vertex 60.176 0 33.8122
      vertex 60.2754 0 33.7953
    endloop
  endfacet
  facet normal 0 -1 0
    outer loop
      vertex 60.0773 0 33.8224
      vertex 62.9755 0 33.7773
      vertex 63.571 0 33.8258
    endloop
  endfacet
  facet normal 0 -1 0
    outer loop
      vertex 60.3754 0 33.7716
      vertex 62.9755 0 33.7773
      vertex 60.2754 0 33.7953
    endloop
  endfacet
  facet normal 0 -1 0
    outer loop
      vertex 60.3754 0 33.7716
      vertex 62.4528 0 33.6319
      vertex 62.9755 0 33.7773
    endloop
  endfacet
  facet normal 0 -1 0
    outer loop
      vertex 60.3754 0 33.7716
      vertex 62.003 0 33.3894
      vertex 62.4528 0 33.6319
    endloop
  endfacet
  facet normal 0 -1 0
    outer loop
      vertex 60.3754 0 33.7716
      vertex 61.6261 0 33.0501
      vertex 62.003 0 33.3894
    endloop
  endfacet
  facet normal 0 -1 0
    outer loop
      vertex 60.3754 0 32.8765
      vertex 61.6261 0 33.0501
      vertex 60.3754 0 33.7716
    endloop
  endfacet
  facet normal 0 -1 0
    outer loop
      vertex 59.8546 0 32.9307
      vertex 60.9879 0 31.505
      vertex 60.0092 0 32.9273
    endloop
  endfacet
  facet normal 0 -1 0
    outer loop
      vertex 60.1476 0 32.9171
      vertex 60.9879 0 31.505
      vertex 60.3754 0 32.8765
    endloop
  endfacet
  facet normal 0 -1 0
    outer loop
      vertex 60.3754 0 32.8765
      vertex 61.3283 0 32.6198
      vertex 61.6261 0 33.0501
    endloop
  endfacet
  facet normal 0 -1 0
    outer loop
      vertex 60.0092 0 32.9273
      vertex 60.9879 0 31.505
      vertex 60.1476 0 32.9171
    endloop
  endfacet
  facet normal 0 -1 0
    outer loop
      vertex 60.9879 0 31.505
      vertex 58.927 0 32.4072
      vertex 58.7869 0 32.1171
    endloop
  endfacet
  facet normal 0 -1 0
    outer loop
      vertex 60.3754 0 32.8765
      vertex 61.1156 0 32.1048
      vertex 61.3283 0 32.6198
    endloop
  endfacet
  facet normal 0 -1 0
    outer loop
      vertex 60.9879 0 31.505
      vertex 58.7869 0 32.1171
      vertex 58.6869 0 31.7705
    endloop
  endfacet
  facet normal 0 -1 0
    outer loop
      vertex 60.3754 0 32.8765
      vertex 60.9879 0 31.505
      vertex 61.1156 0 32.1048
    endloop
  endfacet
  facet normal 0 -1 0
    outer loop
      vertex 58.6269 0 31.3671
      vertex 60.9879 0 31.505
      vertex 58.6869 0 31.7705
    endloop
  endfacet
  facet normal 0 -1 0
    outer loop
      vertex 60.9454 0 30.8204
      vertex 58.6269 0 31.3671
      vertex 58.6069 0 30.9072
    endloop
  endfacet
  facet normal 0 -1 0
    outer loop
      vertex 58.6269 0 31.3671
      vertex 60.9454 0 30.8204
      vertex 60.9879 0 31.505
    endloop
  endfacet
  facet normal 0 -1 0
    outer loop
      vertex 58.6069 0 30.9072
      vertex 60.9879 0 30.1026
      vertex 60.9454 0 30.8204
    endloop
  endfacet
  facet normal 0 -1 0
    outer loop
      vertex 58.6069 0 30.9072
      vertex 61.1156 0 29.4791
      vertex 60.9879 0 30.1026
    endloop
  endfacet
  facet normal 0 -1 0
    outer loop
      vertex 58.6069 0 27.8475
      vertex 61.1156 0 29.4791
      vertex 58.6069 0 30.9072
    endloop
  endfacet
  facet normal 0 -1 -0
    outer loop
      vertex 61.1156 0 29.4791
      vertex 58.6069 0 27.8475
      vertex 61.3283 0 28.9498
    endloop
  endfacet
  facet normal 0 -1 -0
    outer loop
      vertex 61.3283 0 28.9498
      vertex 58.6069 0 27.8475
      vertex 61.6261 0 28.5148
    endloop
  endfacet
  facet normal 0 -1 -0
    outer loop
      vertex 61.6261 0 28.5148
      vertex 58.6069 0 27.8475
      vertex 62.0054 0 28.1754
    endloop
  endfacet
  facet normal 0 -1 0
    outer loop
      vertex 58.6069 0 27.8475
      vertex 62.4623 0 27.933
      vertex 62.0054 0 28.1754
    endloop
  endfacet
  facet normal 0 -1 0
    outer loop
      vertex 59.3862 0 20.7481
      vertex 62.4623 0 27.933
      vertex 58.6069 0 27.8475
    endloop
  endfacet
  facet normal -0 -1 0
    outer loop
      vertex 58.2361 0 20.8552
      vertex 57.6303 0 27.8475
      vertex 57.3834 0 20.7915
    endloop
  endfacet
  facet normal 0 -1 0
    outer loop
      vertex 55.981 0 20.2815
      vertex 54.0105 0 27.8021
      vertex 53.7225 0 27.7548
    endloop
  endfacet
  facet normal 0 -1 0
    outer loop
      vertex 55.981 0 20.2815
      vertex 53.7225 0 27.7548
      vertex 53.4077 0 27.739
    endloop
  endfacet
  facet normal 0 -1 0
    outer loop
      vertex 58.841 0 20.8285
      vertex 58.6069 0 27.8475
      vertex 58.2361 0 20.8552
    endloop
  endfacet
  facet normal 0 -1 0
    outer loop
      vertex 52.5288 0 33.7173
      vertex 90 0 48.5
      vertex 48.183 0 33.8096
    endloop
  endfacet
  facet normal 0 -1 0
    outer loop
      vertex 42.9713 0 33.7941
      vertex 48.183 0 33.8096
      vertex 42.4522 0 33.8258
    endloop
  endfacet
  facet normal 0 -1 0
    outer loop
      vertex 42.9713 0 33.7941
      vertex 47.6678 0 33.7833
      vertex 48.183 0 33.8096
    endloop
  endfacet
  facet normal 0 -1 0
    outer loop
      vertex 42.9713 0 33.7941
      vertex 47.218 0 33.7045
      vertex 47.6678 0 33.7833
    endloop
  endfacet
  facet normal 0 -1 0
    outer loop
      vertex 43.4219 0 33.699
      vertex 47.218 0 33.7045
      vertex 42.9713 0 33.7941
    endloop
  endfacet
  facet normal 0 -1 0
    outer loop
      vertex 43.4219 0 33.699
      vertex 46.8337 0 33.5731
      vertex 47.218 0 33.7045
    endloop
  endfacet
  facet normal 0 -1 0
    outer loop
      vertex 43.804 0 33.5405
      vertex 46.8337 0 33.5731
      vertex 43.4219 0 33.699
    endloop
  endfacet
  facet normal 0 -1 0
    outer loop
      vertex 43.804 0 33.5405
      vertex 46.5148 0 33.3891
      vertex 46.8337 0 33.5731
    endloop
  endfacet
  facet normal 0 -1 0
    outer loop
      vertex 44.1176 0 33.3185
      vertex 46.5148 0 33.3891
      vertex 43.804 0 33.5405
    endloop
  endfacet
  facet normal 0 -1 0
    outer loop
      vertex 44.1176 0 33.3185
      vertex 46.2644 0 33.155
      vertex 46.5148 0 33.3891
    endloop
  endfacet
  facet normal 0 -1 0
    outer loop
      vertex 44.3621 0 33.0366
      vertex 46.2644 0 33.155
      vertex 44.1176 0 33.3185
    endloop
  endfacet
  facet normal 0 -1 0
    outer loop
      vertex 44.3621 0 33.0366
      vertex 46.0856 0 32.8731
      vertex 46.2644 0 33.155
    endloop
  endfacet
  facet normal 0 -1 0
    outer loop
      vertex 44.5367 0 32.6981
      vertex 46.0856 0 32.8731
      vertex 44.3621 0 33.0366
    endloop
  endfacet
  facet normal 0 -1 0
    outer loop
      vertex 44.5367 0 32.6981
      vertex 45.9782 0 32.5433
      vertex 46.0856 0 32.8731
    endloop
  endfacet
  facet normal 0 -1 0
    outer loop
      vertex 44.6415 0 32.3029
      vertex 45.9782 0 32.5433
      vertex 44.5367 0 32.6981
    endloop
  endfacet
  facet normal 0 -1 0
    outer loop
      vertex 44.6415 0 32.3029
      vertex 45.9425 0 32.1658
      vertex 45.9782 0 32.5433
    endloop
  endfacet
  facet normal 0 -1 0
    outer loop
      vertex 44.6764 0 31.8512
      vertex 45.9425 0 32.1658
      vertex 44.6415 0 32.3029
    endloop
  endfacet
  facet normal 0 -1 -0
    outer loop
      vertex 45.9425 0 32.1658
      vertex 44.6764 0 31.8512
      vertex 45.955 0 31.9573
    endloop
  endfacet
  facet normal 0 -1 0
    outer loop
      vertex 44.6764 0 31.8512
      vertex 45.9926 0 31.7657
      vertex 45.955 0 31.9573
    endloop
  endfacet
  facet normal 0 -1 0
    outer loop
      vertex 44.6764 0 31.8512
      vertex 46.0554 0 31.5911
      vertex 45.9926 0 31.7657
    endloop
  endfacet
  facet normal 0 -1 0
    outer loop
      vertex 44.6764 0 31.8512
      vertex 46.1432 0 31.4334
      vertex 46.0554 0 31.5911
    endloop
  endfacet
  facet normal 0 -1 0
    outer loop
      vertex 44.6764 0 29.3231
      vertex 46.1432 0 31.4334
      vertex 44.6764 0 31.8512
    endloop
  endfacet
  facet normal 0 -1 -0
    outer loop
      vertex 46.1432 0 31.4334
      vertex 44.6764 0 29.3231
      vertex 46.2532 0 31.2898
    endloop
  endfacet
  facet normal 0 -1 0
    outer loop
      vertex 45.7092 0 29.2254
      vertex 46.2532 0 31.2898
      vertex 44.6764 0 29.3231
    endloop
  endfacet
  facet normal 0 -1 -0
    outer loop
      vertex 46.2532 0 31.2898
      vertex 45.7092 0 29.2254
      vertex 46.3826 0 31.1574
    endloop
  endfacet
  facet normal -0 -1 0
    outer loop
      vertex 46.5718 0 29.3937
      vertex 46.5312 0 31.0362
      vertex 45.7092 0 29.2254
    endloop
  endfacet
  facet normal 0 -1 0
    outer loop
      vertex 47.8439 0 28.496
      vertex 48.5954 0 30.3159
      vertex 47.8955 0 30.5003
    endloop
  endfacet
  facet normal -0 -1 0
    outer loop
      vertex 48.5189 0 28.4965
      vertex 48.5954 0 30.3159
      vertex 48.1721 0 28.4822
    endloop
  endfacet
  facet normal 0 -1 0
    outer loop
      vertex 46.5718 0 29.3937
      vertex 47.8955 0 30.5003
      vertex 47.5054 0 30.6083
    endloop
  endfacet
  facet normal 0 -1 -0
    outer loop
      vertex 48.5954 0 30.3159
      vertex 48.5189 0 28.4965
      vertex 48.8428 0 30.2406
    endloop
  endfacet
  facet normal -0 -1 0
    outer loop
      vertex 48.8157 0 28.5392
      vertex 48.8428 0 30.2406
      vertex 48.5189 0 28.4965
    endloop
  endfacet
  facet normal 0 -1 0
    outer loop
      vertex 46.5718 0 29.3937
      vertex 47.5054 0 30.6083
      vertex 47.176 0 30.7153
    endloop
  endfacet
  facet normal 0 -1 -0
    outer loop
      vertex 48.8428 0 30.2406
      vertex 48.8157 0 28.5392
      vertex 49.0537 0 30.1559
    endloop
  endfacet
  facet normal -0 -1 0
    outer loop
      vertex 49.0627 0 28.6104
      vertex 49.0537 0 30.1559
      vertex 48.8157 0 28.5392
    endloop
  endfacet
  facet normal 0 -1 0
    outer loop
      vertex 46.5718 0 29.3937
      vertex 47.176 0 30.7153
      vertex 46.9073 0 30.8212
    endloop
  endfacet
  facet normal 0 -1 0
    outer loop
      vertex 49.0537 0 30.1559
      vertex 49.0627 0 28.6104
      vertex 49.228 0 30.0616
    endloop
  endfacet
  facet normal 0 -1 0
    outer loop
      vertex 46.5312 0 31.0362
      vertex 46.5718 0 29.3937
      vertex 46.6993 0 30.9262
    endloop
  endfacet
  facet normal 0 -1 0
    outer loop
      vertex 47.8955 0 30.5003
      vertex 46.5718 0 29.3937
      vertex 46.6508 0 29.1734
    endloop
  endfacet
  facet normal 0 -1 -0
    outer loop
      vertex 46.3826 0 31.1574
      vertex 45.7092 0 29.2254
      vertex 46.5312 0 31.0362
    endloop
  endfacet
  facet normal 0 -1 -0
    outer loop
      vertex 46.6993 0 30.9262
      vertex 46.5718 0 29.3937
      vertex 46.9073 0 30.8212
    endloop
  endfacet
  facet normal 0 -1 0
    outer loop
      vertex 44.6836 0 29.1195
      vertex 45.7092 0 29.2254
      vertex 44.6764 0 29.3231
    endloop
  endfacet
  facet normal 0 -1 0
    outer loop
      vertex 44.7049 0 28.9427
      vertex 45.7092 0 29.2254
      vertex 44.6836 0 29.1195
    endloop
  endfacet
  facet normal 0 -1 0
    outer loop
      vertex 44.7405 0 28.7926
      vertex 45.7092 0 29.2254
      vertex 44.7049 0 28.9427
    endloop
  endfacet
  facet normal 0 -1 0
    outer loop
      vertex 45.2244 0 28.4497
      vertex 45.7092 0 29.2254
      vertex 44.7405 0 28.7926
    endloop
  endfacet
  facet normal 0 -1 0
    outer loop
      vertex 45.0773 0 28.4634
      vertex 44.7405 0 28.7926
      vertex 44.7904 0 28.6693
    endloop
  endfacet
  facet normal 0 -1 0
    outer loop
      vertex 44.9559 0 28.5046
      vertex 44.7904 0 28.6693
      vertex 44.8602 0 28.5732
    endloop
  endfacet
  facet normal 0 -1 0
    outer loop
      vertex 45.7092 0 29.2254
      vertex 45.2244 0 28.4497
      vertex 45.2973 0 28.452
    endloop
  endfacet
  facet normal 0 -1 0
    outer loop
      vertex 44.7904 0 28.6693
      vertex 44.9559 0 28.5046
      vertex 45.0773 0 28.4634
    endloop
  endfacet
  facet normal 0 -1 -0
    outer loop
      vertex 45.8246 0 28.8682
      vertex 45.5444 0 28.4877
      vertex 45.992 0 28.5616
    endloop
  endfacet
  facet normal 0 -1 0
    outer loop
      vertex 45.5444 0 28.4877
      vertex 46.2112 0 28.3054
      vertex 45.992 0 28.5616
    endloop
  endfacet
  facet normal 0 -1 0
    outer loop
      vertex 45.5444 0 27.8801
      vertex 46.2112 0 28.3054
      vertex 45.5444 0 28.4877
    endloop
  endfacet
  facet normal 0 -1 -0
    outer loop
      vertex 46.2112 0 28.3054
      vertex 45.5444 0 27.8801
      vertex 46.4822 0 28.0998
    endloop
  endfacet
  facet normal 0 -1 -0
    outer loop
      vertex 46.4822 0 28.0998
      vertex 45.5444 0 27.8801
      vertex 46.8106 0 27.9419
    endloop
  endfacet
  facet normal 0 -1 0
    outer loop
      vertex 47.2018 0 27.8292
      vertex 45.5444 0 27.8801
      vertex 45.359 0 27.8421
    endloop
  endfacet
  facet normal 0 -1 0
    outer loop
      vertex 45.5444 0 27.8801
      vertex 47.2018 0 27.8292
      vertex 46.8106 0 27.9419
    endloop
  endfacet
  facet normal 0 -1 0
    outer loop
      vertex 45.1715 0 27.815
      vertex 47.2018 0 27.8292
      vertex 45.359 0 27.8421
    endloop
  endfacet
  facet normal 0 -1 0
    outer loop
      vertex 47.6556 0 27.7616
      vertex 45.1715 0 27.815
      vertex 44.982 0 27.7987
    endloop
  endfacet
  facet normal 0 -1 0
    outer loop
      vertex 47.6556 0 27.7616
      vertex 44.982 0 27.7987
      vertex 44.7904 0 27.7933
    endloop
  endfacet
  facet normal 0 -1 0
    outer loop
      vertex 45.1715 0 27.815
      vertex 47.6556 0 27.7616
      vertex 47.2018 0 27.8292
    endloop
  endfacet
  facet normal 0 -1 0
    outer loop
      vertex 36.4285 0 33.8258
      vertex 41.5157 0 33.7268
      vertex 42.4522 0 33.8258
    endloop
  endfacet
  facet normal 0 -1 0
    outer loop
      vertex 37.5606 0 33.6309
      vertex 41.5157 0 33.7268
      vertex 36.4285 0 33.8258
    endloop
  endfacet
  facet normal 0 -1 0
    outer loop
      vertex 37.5606 0 33.6309
      vertex 40.8112 0 33.4298
      vertex 41.5157 0 33.7268
    endloop
  endfacet
  facet normal 0 -1 0
    outer loop
      vertex 38.3693 0 33.046
      vertex 40.8112 0 33.4298
      vertex 37.5606 0 33.6309
    endloop
  endfacet
  facet normal 0 -1 0
    outer loop
      vertex 38.3693 0 33.046
      vertex 40.3385 0 32.9348
      vertex 40.8112 0 33.4298
    endloop
  endfacet
  facet normal 0 -1 0
    outer loop
      vertex 38.8545 0 32.0712
      vertex 40.3385 0 32.9348
      vertex 38.3693 0 33.046
    endloop
  endfacet
  facet normal 0 -1 0
    outer loop
      vertex 40.3385 0 32.9348
      vertex 38.8545 0 32.0712
      vertex 40.0978 0 32.2417
    endloop
  endfacet
  facet normal 0 -1 0
    outer loop
      vertex 39.0162 0 30.7065
      vertex 40.0978 0 32.2417
      vertex 38.8545 0 32.0712
    endloop
  endfacet
  facet normal -0 -1 0
    outer loop
      vertex 40.7825 0 31.1011
      vertex 40.0978 0 32.2417
      vertex 40.4368 0 30.8855
    endloop
  endfacet
  facet normal -0 -1 0
    outer loop
      vertex 42.3708 0 31.4063
      vertex 41.1176 0 32.1495
      vertex 41.7495 0 31.3615
    endloop
  endfacet
  facet normal 0 -1 -0
    outer loop
      vertex 43.6702 0 32.0807
      vertex 42.3708 0 31.4063
      vertex 43.6892 0 31.7481
    endloop
  endfacet
  facet normal 0 -1 -0
    outer loop
      vertex 43.6892 0 31.7481
      vertex 42.3708 0 31.4063
      vertex 43.6892 0 31.428
    endloop
  endfacet
  facet normal 0 -1 0
    outer loop
      vertex 41.1176 0 32.1495
      vertex 42.3708 0 31.4063
      vertex 43.6702 0 32.0807
    endloop
  endfacet
  facet normal 0 -1 0
    outer loop
      vertex 41.1176 0 32.1495
      vertex 41.2201 0 31.2598
      vertex 41.7495 0 31.3615
    endloop
  endfacet
  facet normal 0 -1 -0
    outer loop
      vertex 41.1176 0 32.1495
      vertex 40.7825 0 31.1011
      vertex 41.2201 0 31.2598
    endloop
  endfacet
  facet normal 0 -1 0
    outer loop
      vertex 40.0978 0 32.2417
      vertex 40.7825 0 31.1011
      vertex 41.1176 0 32.1495
    endloop
  endfacet
  facet normal 0 -1 -0
    outer loop
      vertex 40.0978 0 32.2417
      vertex 39.0162 0 30.7065
      vertex 40.4368 0 30.8855
    endloop
  endfacet
  facet normal 0 -1 0
    outer loop
      vertex 39.0162 0 30.7065
      vertex 40.1746 0 30.6149
      vertex 40.4368 0 30.8855
    endloop
  endfacet
  facet normal 0 -1 0
    outer loop
      vertex 39.9873 0 30.2915
      vertex 39.0162 0 30.7065
      vertex 39.0162 0 30.5763
    endloop
  endfacet
  facet normal 0 -1 0
    outer loop
      vertex 39.0162 0 30.7065
      vertex 39.9873 0 30.2915
      vertex 40.1746 0 30.6149
    endloop
  endfacet
  facet normal 0 -1 0
    outer loop
      vertex 33.0334 0 33.8122
      vertex 30.0237 0 35.4913
      vertex 32.9348 0 33.8224
    endloop
  endfacet
  facet normal 0 -1 0
    outer loop
      vertex 33.1328 0 33.7953
      vertex 30.0237 0 35.4913
      vertex 33.0334 0 33.8122
    endloop
  endfacet
  facet normal 0 -1 0
    outer loop
      vertex 30.0237 0 35.4913
      vertex 33.1328 0 33.7953
      vertex 35.8329 0 33.7773
    endloop
  endfacet
  facet normal 0 -1 0
    outer loop
      vertex 30.0237 0 35.4913
      vertex 35.8329 0 33.7773
      vertex 36.4285 0 33.8258
    endloop
  endfacet
  facet normal 0 -1 0
    outer loop
      vertex 33.2329 0 33.7716
      vertex 35.8329 0 33.7773
      vertex 33.1328 0 33.7953
    endloop
  endfacet
  facet normal 0 -1 0
    outer loop
      vertex 33.2329 0 33.7716
      vertex 35.3102 0 33.6319
      vertex 35.8329 0 33.7773
    endloop
  endfacet
  facet normal 0 -1 0
    outer loop
      vertex 33.2329 0 33.7716
      vertex 34.8605 0 33.3894
      vertex 35.3102 0 33.6319
    endloop
  endfacet
  facet normal 0 -1 0
    outer loop
      vertex 33.2329 0 33.7716
      vertex 34.4836 0 33.0501
      vertex 34.8605 0 33.3894
    endloop
  endfacet
  facet normal 0 -1 0
    outer loop
      vertex 33.2329 0 32.8765
      vertex 34.4836 0 33.0501
      vertex 33.2329 0 33.7716
    endloop
  endfacet
  facet normal 0 -1 0
    outer loop
      vertex 32.4262 0 32.898
      vertex 31.9624 0 32.6362
      vertex 31.7844 0 32.4072
    endloop
  endfacet
  facet normal 0 -1 0
    outer loop
      vertex 33.1271 0 32.9002
      vertex 33.8453 0 31.505
      vertex 33.2329 0 32.8765
    endloop
  endfacet
  facet normal 0 -1 0
    outer loop
      vertex 33.2329 0 32.8765
      vertex 34.1857 0 32.6198
      vertex 34.4836 0 33.0501
    endloop
  endfacet
  facet normal 0 -1 -0
    outer loop
      vertex 32.7121 0 32.9307
      vertex 31.7844 0 32.4072
      vertex 33.8453 0 31.505
    endloop
  endfacet
  facet normal 0 -1 0
    outer loop
      vertex 33.8453 0 31.505
      vertex 31.7844 0 32.4072
      vertex 31.6443 0 32.1171
    endloop
  endfacet
  facet normal 0 -1 0
    outer loop
      vertex 33.2329 0 32.8765
      vertex 33.973 0 32.1048
      vertex 34.1857 0 32.6198
    endloop
  endfacet
  facet normal 0 -1 0
    outer loop
      vertex 33.8453 0 31.505
      vertex 31.6443 0 32.1171
      vertex 31.5443 0 31.7705
    endloop
  endfacet
  facet normal 0 -1 0
    outer loop
      vertex 33.2329 0 32.8765
      vertex 33.8453 0 31.505
      vertex 33.973 0 32.1048
    endloop
  endfacet
  facet normal 0 -1 0
    outer loop
      vertex 31.4843 0 31.3671
      vertex 33.8453 0 31.505
      vertex 31.5443 0 31.7705
    endloop
  endfacet
  facet normal 0 -1 0
    outer loop
      vertex 33.8028 0 30.8204
      vertex 31.4843 0 31.3671
      vertex 31.4643 0 30.9072
    endloop
  endfacet
  facet normal 0 -1 0
    outer loop
      vertex 31.4843 0 31.3671
      vertex 33.8028 0 30.8204
      vertex 33.8453 0 31.505
    endloop
  endfacet
  facet normal 0 -1 0
    outer loop
      vertex 31.4643 0 30.9072
      vertex 33.8453 0 30.1026
      vertex 33.8028 0 30.8204
    endloop
  endfacet
  facet normal 0 -1 0
    outer loop
      vertex 31.4643 0 30.9072
      vertex 33.973 0 29.4791
      vertex 33.8453 0 30.1026
    endloop
  endfacet
  facet normal 0 -1 0
    outer loop
      vertex 31.4643 0 27.8475
      vertex 33.973 0 29.4791
      vertex 31.4643 0 30.9072
    endloop
  endfacet
  facet normal 0 -1 -0
    outer loop
      vertex 33.973 0 29.4791
      vertex 31.4643 0 27.8475
      vertex 34.1857 0 28.9498
    endloop
  endfacet
  facet normal 0 -1 -0
    outer loop
      vertex 34.1857 0 28.9498
      vertex 31.4643 0 27.8475
      vertex 34.4836 0 28.5148
    endloop
  endfacet
  facet normal 0 -1 -0
    outer loop
      vertex 34.4836 0 28.5148
      vertex 31.4643 0 27.8475
      vertex 34.8629 0 28.1754
    endloop
  endfacet
  facet normal 0 -1 0
    outer loop
      vertex 31.4643 0 27.8475
      vertex 35.3197 0 27.933
      vertex 34.8629 0 28.1754
    endloop
  endfacet
  facet normal 0 -1 0
    outer loop
      vertex 32.523 0 20.2802
      vertex 35.3197 0 27.933
      vertex 31.4643 0 27.8475
    endloop
  endfacet
  facet normal 0 -1 0
    outer loop
      vertex 30.4553 0 33.7173
      vertex 30.0237 0 34.645
      vertex 27.398 0 34.645
    endloop
  endfacet
  facet normal 0 -1 0
    outer loop
      vertex 30.0237 0 34.645
      vertex 32.5757 0 33.8085
      vertex 32.8368 0 33.8258
    endloop
  endfacet
  facet normal -0 -1 0
    outer loop
      vertex 32.3458 0 33.7567
      vertex 30.0237 0 34.645
      vertex 31.3775 0 33.7173
    endloop
  endfacet
  facet normal 0 -1 0
    outer loop
      vertex 30.0237 0 34.645
      vertex 30.4553 0 33.7173
      vertex 31.3775 0 33.7173
    endloop
  endfacet
  facet normal 0 -1 0
    outer loop
      vertex 27.398 0 34.645
      vertex 30.4695 0 33.3511
      vertex 30.4553 0 33.7173
    endloop
  endfacet
  facet normal 0 -1 0
    outer loop
      vertex 27.398 0 34.645
      vertex 30.4796 0 33.0012
      vertex 30.4695 0 33.3511
    endloop
  endfacet
  facet normal 0 -1 0
    outer loop
      vertex 27.398 0 34.645
      vertex 30.4857 0 32.6676
      vertex 30.4796 0 33.0012
    endloop
  endfacet
  facet normal 0 -1 0
    outer loop
      vertex 27.398 0 34.645
      vertex 30.4877 0 32.3502
      vertex 30.4857 0 32.6676
    endloop
  endfacet
  facet normal 0 -1 0
    outer loop
      vertex 27.398 0 27.8475
      vertex 30.4877 0 32.3502
      vertex 27.398 0 34.645
    endloop
  endfacet
  facet normal 0 -1 -0
    outer loop
      vertex 30.4877 0 32.3502
      vertex 27.398 0 27.8475
      vertex 30.4877 0 27.8475
    endloop
  endfacet
  facet normal 0 -1 0
    outer loop
      vertex 30.0237 0 35.4913
      vertex 0 0 48.5
      vertex 23.7416 0 35.4913
    endloop
  endfacet
  facet normal 0 -1 0
    outer loop
      vertex 11.7064 0 20.7413
      vertex 23.7416 0 35.4913
      vertex 0 0 48.5
    endloop
  endfacet
  facet normal 0 -1 0
    outer loop
      vertex 23.7416 0 34.645
      vertex 26.3673 0 27.8475
      vertex 26.3673 0 34.645
    endloop
  endfacet
  facet normal 0 -1 -0
    outer loop
      vertex 23.7416 0 35.4913
      vertex 11.7064 0 20.7413
      vertex 23.7416 0 34.645
    endloop
  endfacet
  facet normal 0 -1 0
    outer loop
      vertex 27.6595 0 19.0127
      vertex 27.398 0 27.8475
      vertex 26.3673 0 27.8475
    endloop
  endfacet
  facet normal -0 -1 0
    outer loop
      vertex 31.872 0 20.2802
      vertex 27.398 0 27.8475
      vertex 28.2624 0 19.0758
    endloop
  endfacet
  facet normal 0 -1 0
    outer loop
      vertex 30.4877 0 27.8475
      vertex 31.872 0 20.2802
      vertex 31.4643 0 27.8475
    endloop
  endfacet
  facet normal 0 -1 0
    outer loop
      vertex 32.523 0 20.2802
      vertex 31.4643 0 27.8475
      vertex 31.872 0 20.2802
    endloop
  endfacet
  facet normal 0 -1 0
    outer loop
      vertex 41.4095 0 18.9673
      vertex 41.1967 0 27.7682
      vertex 40.4873 0 18.9673
    endloop
  endfacet
  facet normal 0 -1 0
    outer loop
      vertex 42.9668 0 19.0724
      vertex 41.6113 0 27.739
      vertex 42.8688 0 19.0758
    endloop
  endfacet
  facet normal 0 -1 0
    outer loop
      vertex 49.1751 0 27.8516
      vertex 49.3524 0 20.7413
      vertex 50.3506 0 20.7413
    endloop
  endfacet
  facet normal 0 -1 0
    outer loop
      vertex 55.981 0 20.2815
      vertex 53.4077 0 27.739
      vertex 50.3506 0 20.7413
    endloop
  endfacet
  facet normal 0 -1 -0
    outer loop
      vertex 35.3197 0 27.933
      vertex 32.523 0 20.2802
      vertex 35.8543 0 27.7875
    endloop
  endfacet
  facet normal 0 -1 0
    outer loop
      vertex 62.4623 0 27.933
      vertex 59.3862 0 20.7481
      vertex 59.8718 0 20.6142
    endloop
  endfacet
  facet normal 0 -1 0
    outer loop
      vertex 59.3862 0 20.7481
      vertex 58.6069 0 27.8475
      vertex 58.841 0 20.8285
    endloop
  endfacet
  facet normal 0 -1 0
    outer loop
      vertex 16.8764 0 20.7413
      vertex 23.7416 0 34.645
      vertex 12.7425 0 20.7413
    endloop
  endfacet
  facet normal 0 -1 0
    outer loop
      vertex 23.7416 0 34.645
      vertex 11.7064 0 20.7413
      vertex 12.7425 0 20.7413
    endloop
  endfacet
  facet normal 0 -1 0
    outer loop
      vertex 0 0 0
      vertex 11.7064 0 20.7413
      vertex 0 0 48.5
    endloop
  endfacet
  facet normal 0 -1 0
    outer loop
      vertex 0 0 0
      vertex 12.7425 0 13.0975
      vertex 11.7064 0 13.0975
    endloop
  endfacet
  facet normal 0 -1 -0
    outer loop
      vertex 12.7425 0 13.0975
      vertex 0 0 0
      vertex 16.8764 0 13.0975
    endloop
  endfacet
  facet normal 0 -1 -0
    outer loop
      vertex 16.8764 0 13.0975
      vertex 0 0 0
      vertex 17.9125 0 13.0975
    endloop
  endfacet
  facet normal 0 -1 -0
    outer loop
      vertex 17.9125 0 13.0975
      vertex 0 0 0
      vertex 20.7628 0 13.019
    endloop
  endfacet
  facet normal 0 -1 -0
    outer loop
      vertex 32.7182 0 13.0107
      vertex 0 0 0
      vertex 36.8505 0 12.989
    endloop
  endfacet
  facet normal 0 -1 -0
    outer loop
      vertex 36.8505 0 12.989
      vertex 0 0 0
      vertex 46.135 0 12.989
    endloop
  endfacet
  facet normal 0 -1 0
    outer loop
      vertex 90 0 0
      vertex 46.135 0 12.989
      vertex 0 0 0
    endloop
  endfacet
  facet normal 0 -1 0
    outer loop
      vertex 46.135 0 12.989
      vertex 90 0 0
      vertex 58.285 0 12.989
    endloop
  endfacet
  facet normal 0 -1 0
    outer loop
      vertex 58.285 0 12.989
      vertex 90 0 0
      vertex 64.8968 0 12.989
    endloop
  endfacet
  facet normal 0 -1 -0
    outer loop
      vertex 20.7628 0 13.019
      vertex 0 0 0
      vertex 21.2133 0 12.989
    endloop
  endfacet
  facet normal 0 -1 -0
    outer loop
      vertex 11.7064 0 20.7413
      vertex 0 0 0
      vertex 11.7064 0 13.0975
    endloop
  endfacet
  facet normal 0 -1 0
    outer loop
      vertex 0 0 48.5
      vertex 30.0237 0 35.4913
      vertex 90 0 48.5
    endloop
  endfacet
  facet normal 0 -1 0
    outer loop
      vertex 32.8368 0 33.8258
      vertex 30.0237 0 35.4913
      vertex 30.0237 0 34.645
    endloop
  endfacet
  facet normal 0 -1 0
    outer loop
      vertex 32.9348 0 33.8224
      vertex 30.0237 0 35.4913
      vertex 32.8368 0 33.8258
    endloop
  endfacet
  facet normal 0 -1 0
    outer loop
      vertex 30.0237 0 35.4913
      vertex 36.4285 0 33.8258
      vertex 42.4522 0 33.8258
    endloop
  endfacet
  facet normal 0 -1 0
    outer loop
      vertex 30.0237 0 35.4913
      vertex 42.4522 0 33.8258
      vertex 90 0 48.5
    endloop
  endfacet
  facet normal 0 -1 0
    outer loop
      vertex 48.183 0 33.8096
      vertex 90 0 48.5
      vertex 42.4522 0 33.8258
    endloop
  endfacet
  facet normal 0 -1 0
    outer loop
      vertex 60.0773 0 33.8224
      vertex 90 0 48.5
      vertex 59.9794 0 33.8258
    endloop
  endfacet
  facet normal 0 -1 0
    outer loop
      vertex 64.7032 0 33.6309
      vertex 90 0 48.5
      vertex 63.571 0 33.8258
    endloop
  endfacet
  facet normal 0 -1 0
    outer loop
      vertex 65.5119 0 33.046
      vertex 90 0 48.5
      vertex 64.7032 0 33.6309
    endloop
  endfacet
  facet normal 0 -1 0
    outer loop
      vertex 65.9971 0 32.0712
      vertex 90 0 48.5
      vertex 65.5119 0 33.046
    endloop
  endfacet
  facet normal 0 -1 0
    outer loop
      vertex 77.6244 0 21.1482
      vertex 65.9971 0 32.0712
      vertex 66.1588 0 30.7065
    endloop
  endfacet
  facet normal 0 -1 0
    outer loop
      vertex 77.6244 0 21.1482
      vertex 66.1588 0 30.7065
      vertex 66.1588 0 30.5763
    endloop
  endfacet
  facet normal 0 -1 0
    outer loop
      vertex 65.1443 0 29.3719
      vertex 61.9967 0 30.1006
      vertex 62.0751 0 29.6825
    endloop
  endfacet
  facet normal 0 -1 0
    outer loop
      vertex 61.9967 0 30.1006
      vertex 65.1443 0 29.3719
      vertex 66.1588 0 30.5763
    endloop
  endfacet
  facet normal 0 -1 0
    outer loop
      vertex 66.0014 0 29.1278
      vertex 66.1588 0 30.5763
      vertex 65.1443 0 29.3719
    endloop
  endfacet
  facet normal 0 -1 0
    outer loop
      vertex 72.4849 0 21.1482
      vertex 66.1588 0 30.5763
      vertex 66.0014 0 29.1278
    endloop
  endfacet
  facet normal 0 -1 0
    outer loop
      vertex 70.0688 0 21.1482
      vertex 66.0014 0 29.1278
      vertex 65.6546 0 28.5202
    endloop
  endfacet
  facet normal 0 -1 0
    outer loop
      vertex 69.0923 0 21.1482
      vertex 65.6546 0 28.5202
      vertex 65.1402 0 28.0862
    endloop
  endfacet
  facet normal 0 -1 0
    outer loop
      vertex 69.0923 0 21.1482
      vertex 64.4584 0 27.8258
      vertex 63.609 0 27.739
    endloop
  endfacet
  facet normal 0 -1 0
    outer loop
      vertex 69.0923 0 21.1482
      vertex 65.1402 0 28.0862
      vertex 64.4584 0 27.8258
    endloop
  endfacet
  facet normal 0 -1 0
    outer loop
      vertex 65.6546 0 28.5202
      vertex 69.0923 0 21.1482
      vertex 70.0688 0 21.1482
    endloop
  endfacet
  facet normal 0 -1 0
    outer loop
      vertex 66.0014 0 29.1278
      vertex 70.0688 0 21.1482
      vertex 71.5084 0 21.1482
    endloop
  endfacet
  facet normal 0 -1 0
    outer loop
      vertex 66.0014 0 29.1278
      vertex 71.5084 0 21.1482
      vertex 72.4849 0 21.1482
    endloop
  endfacet
  facet normal 0 -1 0
    outer loop
      vertex 66.1588 0 30.5763
      vertex 72.4849 0 21.1482
      vertex 77.6244 0 21.1482
    endloop
  endfacet
  facet normal 0 -1 0
    outer loop
      vertex 65.9971 0 32.0712
      vertex 77.6244 0 21.1482
      vertex 78.6009 0 21.1482
    endloop
  endfacet
  facet normal 0 -1 0
    outer loop
      vertex 65.9971 0 32.0712
      vertex 78.6009 0 21.1482
      vertex 90 0 48.5
    endloop
  endfacet
  facet normal 0 -1 0
    outer loop
      vertex 90 0 0
      vertex 78.6009 0 21.1482
      vertex 78.6009 0 14.3073
    endloop
  endfacet
  facet normal 0 -1 0
    outer loop
      vertex 90 0 0
      vertex 78.6009 0 14.3073
      vertex 78.6029 0 13.8879
    endloop
  endfacet
  facet normal 0 -1 0
    outer loop
      vertex 90 0 0
      vertex 78.6029 0 13.8879
      vertex 78.609 0 13.5464
    endloop
  endfacet
  facet normal 0 -1 0
    outer loop
      vertex 78.6334 0 13.0975
      vertex 78.609 0 13.5464
      vertex 78.6192 0 13.283
    endloop
  endfacet
  facet normal 0 -1 0
    outer loop
      vertex 78.609 0 13.5464
      vertex 78.6334 0 13.0975
      vertex 90 0 0
    endloop
  endfacet
  facet normal 0 -1 0
    outer loop
      vertex 90 0 0
      vertex 77.7003 0 13.0975
      vertex 76.1137 0 13.0043
    endloop
  endfacet
  facet normal 0 -1 0
    outer loop
      vertex 90 0 0
      vertex 76.1137 0 13.0043
      vertex 75.7961 0 12.989
    endloop
  endfacet
  facet normal 0 -1 0
    outer loop
      vertex 64.8968 0 12.989
      vertex 90 0 0
      vertex 75.7961 0 12.989
    endloop
  endfacet
  facet normal 0 -1 0
    outer loop
      vertex 78.6009 0 21.1482
      vertex 90 0 0
      vertex 90 0 48.5
    endloop
  endfacet
  facet normal 0 -1 0
    outer loop
      vertex 77.7003 0 13.0975
      vertex 90 0 0
      vertex 78.6334 0 13.0975
    endloop
  endfacet
  facet normal 0 -1 0
    outer loop
      vertex 55.2576 0 33.7173
      vertex 90 0 48.5
      vertex 52.5288 0 33.7173
    endloop
  endfacet
  facet normal 0 -1 0
    outer loop
      vertex 52.5288 0 33.7173
      vertex 48.183 0 33.8096
      vertex 48.6436 0 33.7882
    endloop
  endfacet
  facet normal 0 -1 0
    outer loop
      vertex 56.2341 0 33.7173
      vertex 90 0 48.5
      vertex 55.2576 0 33.7173
    endloop
  endfacet
  facet normal 0 -1 0
    outer loop
      vertex 51.5469 0 33.7173
      vertex 48.6436 0 33.7882
      vertex 49.0544 0 33.7241
    endloop
  endfacet
  facet normal 0 -1 0
    outer loop
      vertex 52.5288 0 33.7173
      vertex 48.6436 0 33.7882
      vertex 51.5469 0 33.7173
    endloop
  endfacet
  facet normal 0 -1 0
    outer loop
      vertex 90 0 48.5
      vertex 56.2341 0 33.7173
      vertex 59.9794 0 33.8258
    endloop
  endfacet
  facet normal 0 -1 0
    outer loop
      vertex 59.9794 0 33.8258
      vertex 56.2341 0 33.7173
      vertex 59.7183 0 33.8085
    endloop
  endfacet
  facet normal 0 -1 0
    outer loop
      vertex 57.5978 0 33.7173
      vertex 59.7183 0 33.8085
      vertex 56.2341 0 33.7173
    endloop
  endfacet
  facet normal 0 -1 0
    outer loop
      vertex 58.5201 0 33.7173
      vertex 59.7183 0 33.8085
      vertex 57.5978 0 33.7173
    endloop
  endfacet
  facet normal 0 -1 0
    outer loop
      vertex 59.7183 0 33.8085
      vertex 58.5201 0 33.7173
      vertex 59.4884 0 33.7567
    endloop
  endfacet
  facet normal 0 -1 0
    outer loop
      vertex 58.5201 0 33.7173
      vertex 59.2897 0 33.6702
      vertex 59.4884 0 33.7567
    endloop
  endfacet
  facet normal 0 -1 0
    outer loop
      vertex 58.5201 0 33.7173
      vertex 59.1221 0 33.5492
      vertex 59.2897 0 33.6702
    endloop
  endfacet
  facet normal 0 -1 0
    outer loop
      vertex 58.5201 0 33.7173
      vertex 58.9747 0 33.381
      vertex 59.1221 0 33.5492
    endloop
  endfacet
  facet normal 0 -1 0
    outer loop
      vertex 58.539 0 33.2681
      vertex 58.9747 0 33.381
      vertex 58.5201 0 33.7173
    endloop
  endfacet
  facet normal 0 -1 0
    outer loop
      vertex 58.539 0 33.2681
      vertex 58.836 0 33.1532
      vertex 58.9747 0 33.381
    endloop
  endfacet
  facet normal 0 -1 0
    outer loop
      vertex 58.5526 0 32.9185
      vertex 58.836 0 33.1532
      vertex 58.539 0 33.2681
    endloop
  endfacet
  facet normal 0 -1 0
    outer loop
      vertex 58.5526 0 32.9185
      vertex 58.7062 0 32.8657
      vertex 58.836 0 33.1532
    endloop
  endfacet
  facet normal 0 -1 0
    outer loop
      vertex 58.5607 0 32.6686
      vertex 58.7062 0 32.8657
      vertex 58.5526 0 32.9185
    endloop
  endfacet
  facet normal 0 -1 0
    outer loop
      vertex 58.5851 0 32.5185
      vertex 58.5607 0 32.6686
      vertex 58.5634 0 32.5185
    endloop
  endfacet
  facet normal 0 -1 0
    outer loop
      vertex 58.5607 0 32.6686
      vertex 58.5851 0 32.5185
      vertex 58.7062 0 32.8657
    endloop
  endfacet
  facet normal 0 -1 0
    outer loop
      vertex 30.0237 0 34.645
      vertex 32.3458 0 33.7567
      vertex 32.5757 0 33.8085
    endloop
  endfacet
  facet normal 0 -1 0
    outer loop
      vertex 31.3775 0 33.7173
      vertex 32.1471 0 33.6702
      vertex 32.3458 0 33.7567
    endloop
  endfacet
  facet normal 0 -1 0
    outer loop
      vertex 31.3775 0 33.7173
      vertex 31.9796 0 33.5492
      vertex 32.1471 0 33.6702
    endloop
  endfacet
  facet normal 0 -1 0
    outer loop
      vertex 31.3775 0 33.7173
      vertex 31.8321 0 33.381
      vertex 31.9796 0 33.5492
    endloop
  endfacet
  facet normal 0 -1 0
    outer loop
      vertex 31.3965 0 33.2681
      vertex 31.8321 0 33.381
      vertex 31.3775 0 33.7173
    endloop
  endfacet
  facet normal 0 -1 0
    outer loop
      vertex 31.3965 0 33.2681
      vertex 31.6935 0 33.1532
      vertex 31.8321 0 33.381
    endloop
  endfacet
  facet normal 0 -1 0
    outer loop
      vertex 31.41 0 32.9185
      vertex 31.6935 0 33.1532
      vertex 31.3965 0 33.2681
    endloop
  endfacet
  facet normal 0 -1 0
    outer loop
      vertex 31.41 0 32.9185
      vertex 31.5636 0 32.8657
      vertex 31.6935 0 33.1532
    endloop
  endfacet
  facet normal 0 -1 0
    outer loop
      vertex 31.4182 0 32.6686
      vertex 31.5636 0 32.8657
      vertex 31.41 0 32.9185
    endloop
  endfacet
  facet normal 0 -1 0
    outer loop
      vertex 31.4426 0 32.5185
      vertex 31.4182 0 32.6686
      vertex 31.4209 0 32.5185
    endloop
  endfacet
  facet normal 0 -1 0
    outer loop
      vertex 31.4182 0 32.6686
      vertex 31.4426 0 32.5185
      vertex 31.5636 0 32.8657
    endloop
  endfacet
  facet normal 0 -1 0
    outer loop
      vertex 38.3858 0 14.6219
      vertex 35.2121 0 15.8263
      vertex 35.2382 0 15.3506
    endloop
  endfacet
  facet normal 0 -1 0
    outer loop
      vertex 55.5321 0 16.2686
      vertex 58.4477 0 16.9221
      vertex 55.4856 0 16.9547
    endloop
  endfacet
  facet normal 0 -1 0
    outer loop
      vertex 55.5321 0 16.2686
      vertex 58.4477 0 16.0541
      vertex 58.4477 0 16.9221
    endloop
  endfacet
  facet normal 0 -1 0
    outer loop
      vertex 55.6714 0 15.6588
      vertex 58.4477 0 16.0541
      vertex 55.5321 0 16.2686
    endloop
  endfacet
  facet normal 0 -1 0
    outer loop
      vertex 55.9037 0 15.1253
      vertex 58.4477 0 16.0541
      vertex 55.6714 0 15.6588
    endloop
  endfacet
  facet normal 0 -1 0
    outer loop
      vertex 56.2289 0 14.6681
      vertex 58.4477 0 16.0541
      vertex 55.9037 0 15.1253
    endloop
  endfacet
  facet normal 0 -1 0
    outer loop
      vertex 58.285 0 13.8299
      vertex 58.4477 0 16.0541
      vertex 57.6642 0 13.8823
    endloop
  endfacet
  facet normal 0 -1 0
    outer loop
      vertex 56.6361 0 14.3014
      vertex 58.4477 0 16.0541
      vertex 56.2289 0 14.6681
    endloop
  endfacet
  facet normal -0 -1 0
    outer loop
      vertex 59.9906 0 14.1818
      vertex 58.4477 0 16.0541
      vertex 59.6819 0 14.0577
    endloop
  endfacet
  facet normal 0 -1 0
    outer loop
      vertex 58.4477 0 16.0541
      vertex 60.2685 0 14.3263
      vertex 60.7316 0 16.0541
    endloop
  endfacet
  facet normal 0 -1 0
    outer loop
      vertex 57.1145 0 14.0395
      vertex 58.4477 0 16.0541
      vertex 56.6361 0 14.3014
    endloop
  endfacet
  facet normal -0 -1 0
    outer loop
      vertex 60.5155 0 14.491
      vertex 60.7316 0 16.0541
      vertex 60.2685 0 14.3263
    endloop
  endfacet
  facet normal 0 -1 -0
    outer loop
      vertex 60.7316 0 16.0541
      vertex 60.5155 0 14.491
      vertex 60.7316 0 14.6761
    endloop
  endfacet
  facet normal 0 -1 0
    outer loop
      vertex 58.4477 0 16.0541
      vertex 57.1145 0 14.0395
      vertex 57.6642 0 13.8823
    endloop
  endfacet
  facet normal -0 -1 0
    outer loop
      vertex 60.2685 0 14.3263
      vertex 58.4477 0 16.0541
      vertex 59.9906 0 14.1818
    endloop
  endfacet
  facet normal -0 -1 0
    outer loop
      vertex 59.6819 0 14.0577
      vertex 58.4477 0 16.0541
      vertex 59.3515 0 13.9581
    endloop
  endfacet
  facet normal -0 -1 0
    outer loop
      vertex 58.653 0 13.8441
      vertex 58.4477 0 16.0541
      vertex 58.285 0 13.8299
    endloop
  endfacet
  facet normal -0 -1 0
    outer loop
      vertex 59.3515 0 13.9581
      vertex 58.4477 0 16.0541
      vertex 59.0085 0 13.8869
    endloop
  endfacet
  facet normal -0 -1 0
    outer loop
      vertex 59.0085 0 13.8869
      vertex 58.4477 0 16.0541
      vertex 58.653 0 13.8441
    endloop
  endfacet
  facet normal 0 -1 0
    outer loop
      vertex 45.7661 0 16.6889
      vertex 46.1458 0 18.3217
      vertex 45.8366 0 18.3092
    endloop
  endfacet
  facet normal 0 -1 0
    outer loop
      vertex 45.5328 0 16.7621
      vertex 45.8366 0 18.3092
      vertex 45.5708 0 18.2716
    endloop
  endfacet
  facet normal 0 -1 0
    outer loop
      vertex 46.0699 0 16.6048
      vertex 46.1458 0 18.3217
      vertex 45.7661 0 16.6889
    endloop
  endfacet
  facet normal 0 -1 0
    outer loop
      vertex 45.37 0 16.8245
      vertex 45.5708 0 18.2716
      vertex 45.3483 0 18.2088
    endloop
  endfacet
  facet normal 0 -1 -0
    outer loop
      vertex 46.1458 0 18.3217
      vertex 46.0699 0 16.6048
      vertex 46.4291 0 18.3087
    endloop
  endfacet
  facet normal 0 -1 0
    outer loop
      vertex 45.1462 0 16.9506
      vertex 45.3483 0 18.2088
      vertex 45.1693 0 18.121
    endloop
  endfacet
  facet normal 0 -1 -0
    outer loop
      vertex 46.4291 0 18.3087
      vertex 46.0699 0 16.6048
      vertex 46.6822 0 18.2695
    endloop
  endfacet
  facet normal 0 -1 0
    outer loop
      vertex 44.8743 0 17.704
      vertex 45.1693 0 18.121
      vertex 45.0316 0 18.0078
    endloop
  endfacet
  facet normal 0 -1 0
    outer loop
      vertex 46.4442 0 16.5098
      vertex 46.6822 0 18.2695
      vertex 46.0699 0 16.6048
    endloop
  endfacet
  facet normal 0 -1 0
    outer loop
      vertex 44.8743 0 17.704
      vertex 45.0316 0 18.0078
      vertex 44.9333 0 17.8688
    endloop
  endfacet
  facet normal 0 -1 -0
    outer loop
      vertex 46.6822 0 18.2695
      vertex 46.4442 0 16.5098
      vertex 46.9052 0 18.2042
    endloop
  endfacet
  facet normal 0 -1 0
    outer loop
      vertex 44.8547 0 17.5134
      vertex 45.1693 0 18.121
      vertex 44.8743 0 17.704
    endloop
  endfacet
  facet normal 0 -1 -0
    outer loop
      vertex 46.9052 0 18.2042
      vertex 46.4442 0 16.5098
      vertex 47.0979 0 18.1128
    endloop
  endfacet
  facet normal 0 -1 0
    outer loop
      vertex 45.1462 0 16.9506
      vertex 45.1693 0 18.121
      vertex 44.8547 0 17.5134
    endloop
  endfacet
  facet normal 0 -1 -0
    outer loop
      vertex 47.0979 0 18.1128
      vertex 46.4442 0 16.5098
      vertex 47.2585 0 17.9971
    endloop
  endfacet
  facet normal 0 -1 0
    outer loop
      vertex 45.1462 0 16.9506
      vertex 44.8547 0 17.5134
      vertex 44.8628 0 17.3941
    endloop
  endfacet
  facet normal 0 -1 0
    outer loop
      vertex 43.9178 0 17.2073
      vertex 42.8987 0 18.1773
      vertex 42.7441 0 18.1807
    endloop
  endfacet
  facet normal 0 -1 0
    outer loop
      vertex 42.8987 0 18.1773
      vertex 43.9178 0 17.2073
      vertex 43.037 0 18.1671
    endloop
  endfacet
  facet normal 0 -1 0
    outer loop
      vertex 41.8164 0 17.6572
      vertex 42.7441 0 18.1807
      vertex 42.4583 0 18.148
    endloop
  endfacet
  facet normal 0 -1 0
    outer loop
      vertex 43.037 0 18.1671
      vertex 43.9178 0 17.2073
      vertex 43.1591 0 18.1502
    endloop
  endfacet
  facet normal 0 -1 0
    outer loop
      vertex 41.9944 0 17.8862
      vertex 42.4583 0 18.148
      vertex 42.2084 0 18.0498
    endloop
  endfacet
  facet normal 0 -1 0
    outer loop
      vertex 43.1591 0 18.1502
      vertex 43.9178 0 17.2073
      vertex 43.2649 0 18.1265
    endloop
  endfacet
  facet normal 0 -1 0
    outer loop
      vertex 42.4583 0 18.148
      vertex 41.9944 0 17.8862
      vertex 41.8164 0 17.6572
    endloop
  endfacet
  facet normal 0 -1 0
    outer loop
      vertex 43.2649 0 18.1265
      vertex 43.9411 0 17.7933
      vertex 44.0484 0 18.1231
    endloop
  endfacet
  facet normal 0 -1 -0
    outer loop
      vertex 42.7441 0 18.1807
      vertex 41.8164 0 17.6572
      vertex 43.9178 0 17.2073
    endloop
  endfacet
  facet normal 0 -1 0
    outer loop
      vertex 43.2649 0 18.1265
      vertex 43.9053 0 17.4158
      vertex 43.9411 0 17.7933
    endloop
  endfacet
  facet normal 0 -1 0
    outer loop
      vertex 43.9178 0 17.2073
      vertex 41.8164 0 17.6572
      vertex 41.6764 0 17.3671
    endloop
  endfacet
  facet normal 0 -1 0
    outer loop
      vertex 43.2649 0 18.1265
      vertex 43.9178 0 17.2073
      vertex 43.9053 0 17.4158
    endloop
  endfacet
  facet normal 0 -1 0
    outer loop
      vertex 43.9555 0 17.0157
      vertex 41.6764 0 17.3671
      vertex 41.5764 0 17.0205
    endloop
  endfacet
  facet normal 0 -1 0
    outer loop
      vertex 41.6764 0 17.3671
      vertex 43.9555 0 17.0157
      vertex 43.9178 0 17.2073
    endloop
  endfacet
  facet normal 0 -1 0
    outer loop
      vertex 41.5163 0 16.6171
      vertex 43.9555 0 17.0157
      vertex 41.5764 0 17.0205
    endloop
  endfacet
  facet normal 0 -1 -0
    outer loop
      vertex 43.9555 0 17.0157
      vertex 41.5163 0 16.6171
      vertex 44.0182 0 16.8411
    endloop
  endfacet
  facet normal 0 -1 0
    outer loop
      vertex 41.4963 0 16.1572
      vertex 44.0182 0 16.8411
      vertex 41.5163 0 16.6171
    endloop
  endfacet
  facet normal 0 -1 -0
    outer loop
      vertex 44.0182 0 16.8411
      vertex 41.4963 0 16.1572
      vertex 44.106 0 16.6834
    endloop
  endfacet
  facet normal 0 -1 0
    outer loop
      vertex 43.672 0 14.4754
      vertex 44.106 0 16.6834
      vertex 41.4963 0 16.1572
    endloop
  endfacet
  facet normal 0 -1 -0
    outer loop
      vertex 44.106 0 16.6834
      vertex 43.672 0 14.4754
      vertex 44.216 0 16.5398
    endloop
  endfacet
  facet normal 0 -1 -0
    outer loop
      vertex 44.216 0 16.5398
      vertex 43.672 0 14.4754
      vertex 44.3454 0 16.4074
    endloop
  endfacet
  facet normal 0 -1 -0
    outer loop
      vertex 44.3454 0 16.4074
      vertex 43.672 0 14.4754
      vertex 44.4941 0 16.2862
    endloop
  endfacet
  facet normal -0 -1 0
    outer loop
      vertex 44.5347 0 14.6437
      vertex 44.4941 0 16.2862
      vertex 43.672 0 14.4754
    endloop
  endfacet
  facet normal 0 -1 0
    outer loop
      vertex 44.4941 0 16.2862
      vertex 44.5347 0 14.6437
      vertex 44.6621 0 16.1761
    endloop
  endfacet
  facet normal 0 -1 -0
    outer loop
      vertex 44.6621 0 16.1761
      vertex 44.5347 0 14.6437
      vertex 44.8701 0 16.0712
    endloop
  endfacet
  facet normal 0 -1 -0
    outer loop
      vertex 44.8701 0 16.0712
      vertex 44.5347 0 14.6437
      vertex 45.1388 0 15.9653
    endloop
  endfacet
  facet normal 0 -1 -0
    outer loop
      vertex 45.4682 0 15.8583
      vertex 44.5347 0 14.6437
      vertex 45.8583 0 15.7503
    endloop
  endfacet
  facet normal 0 -1 0
    outer loop
      vertex 44.6136 0 14.4234
      vertex 45.8583 0 15.7503
      vertex 44.5347 0 14.6437
    endloop
  endfacet
  facet normal 0 -1 0
    outer loop
      vertex 45.5165 0 13.7871
      vertex 45.8583 0 15.7503
      vertex 45.2642 0 13.8558
    endloop
  endfacet
  facet normal 0 -1 -0
    outer loop
      vertex 45.8583 0 15.7503
      vertex 45.8067 0 13.7459
      vertex 46.5582 0 15.5659
    endloop
  endfacet
  facet normal 0 -1 0
    outer loop
      vertex 46.135 0 13.7322
      vertex 46.5582 0 15.5659
      vertex 45.8067 0 13.7459
    endloop
  endfacet
  facet normal -0 -1 0
    outer loop
      vertex 46.4817 0 13.7465
      vertex 46.5582 0 15.5659
      vertex 46.135 0 13.7322
    endloop
  endfacet
  facet normal -0 -1 0
    outer loop
      vertex 46.7785 0 13.7892
      vertex 46.8057 0 15.4906
      vertex 46.4817 0 13.7465
    endloop
  endfacet
  facet normal 0 -1 -0
    outer loop
      vertex 46.8057 0 15.4906
      vertex 46.7785 0 13.7892
      vertex 47.0165 0 15.4059
    endloop
  endfacet
  facet normal -0 -1 0
    outer loop
      vertex 47.0256 0 13.8604
      vertex 47.0165 0 15.4059
      vertex 46.7785 0 13.7892
    endloop
  endfacet
  facet normal 0 -1 -0
    outer loop
      vertex 45.1388 0 15.9653
      vertex 44.5347 0 14.6437
      vertex 45.4682 0 15.8583
    endloop
  endfacet
  facet normal 0 -1 0
    outer loop
      vertex 41.4963 0 13.0975
      vertex 43.672 0 14.4754
      vertex 41.4963 0 16.1572
    endloop
  endfacet
  facet normal 0 -1 -0
    outer loop
      vertex 43.672 0 14.4754
      vertex 41.4963 0 13.0975
      vertex 43.7875 0 14.1182
    endloop
  endfacet
  facet normal 0 -1 -0
    outer loop
      vertex 43.7875 0 14.1182
      vertex 41.4963 0 13.0975
      vertex 43.9548 0 13.8116
    endloop
  endfacet
  facet normal 0 -1 -0
    outer loop
      vertex 43.9548 0 13.8116
      vertex 41.4963 0 13.0975
      vertex 44.174 0 13.5554
    endloop
  endfacet
  facet normal 0 -1 0
    outer loop
      vertex 41.4963 0 13.0975
      vertex 44.4451 0 13.3497
      vertex 44.174 0 13.5554
    endloop
  endfacet
  facet normal 0 -1 0
    outer loop
      vertex 41.4963 0 13.0975
      vertex 44.7735 0 13.1919
      vertex 44.4451 0 13.3497
    endloop
  endfacet
  facet normal 0 -1 -0
    outer loop
      vertex 44.7735 0 13.1919
      vertex 41.4963 0 13.0975
      vertex 45.1646 0 13.0792
    endloop
  endfacet
  facet normal 0 -1 0
    outer loop
      vertex 34.2294 0 16.755
      vertex 33.608 0 18.2567
      vertex 32.523 0 18.2567
    endloop
  endfacet
  facet normal 0 -1 0
    outer loop
      vertex 33.608 0 18.2567
      vertex 34.3571 0 17.3547
      vertex 34.5698 0 17.8698
    endloop
  endfacet
  facet normal 0 -1 0
    outer loop
      vertex 33.608 0 18.2567
      vertex 34.2294 0 16.755
      vertex 34.3571 0 17.3547
    endloop
  endfacet
  facet normal 0 -1 0
    outer loop
      vertex 32.523 0 18.2567
      vertex 34.1868 0 16.0704
      vertex 34.2294 0 16.755
    endloop
  endfacet
  facet normal 0 -1 0
    outer loop
      vertex 32.523 0 14.5514
      vertex 34.1868 0 16.0704
      vertex 32.523 0 18.2567
    endloop
  endfacet
  facet normal 0 -1 -0
    outer loop
      vertex 34.1868 0 16.0704
      vertex 32.523 0 14.5514
      vertex 34.2294 0 15.3526
    endloop
  endfacet
  facet normal 0 -1 -0
    outer loop
      vertex 34.2294 0 15.3526
      vertex 32.523 0 14.5514
      vertex 34.3571 0 14.7291
    endloop
  endfacet
  facet normal 0 -1 0
    outer loop
      vertex 33.2499 0 13.7912
      vertex 32.523 0 14.5514
      vertex 32.5316 0 14.3556
    endloop
  endfacet
  facet normal 0 -1 0
    outer loop
      vertex 32.523 0 14.5514
      vertex 33.532 0 13.8292
      vertex 34.3571 0 14.7291
    endloop
  endfacet
  facet normal 0 -1 0
    outer loop
      vertex 33.1414 0 13.7865
      vertex 32.5316 0 14.3556
      vertex 32.5575 0 14.1913
    endloop
  endfacet
  facet normal 0 -1 0
    outer loop
      vertex 32.9832 0 13.7971
      vertex 32.5575 0 14.1913
      vertex 32.6008 0 14.0586
    endloop
  endfacet
  facet normal 0 -1 0
    outer loop
      vertex 32.7432 0 13.8826
      vertex 32.6008 0 14.0586
      vertex 32.6613 0 13.9573
    endloop
  endfacet
  facet normal 0 -1 0
    outer loop
      vertex 32.6008 0 14.0586
      vertex 32.7432 0 13.8826
      vertex 32.8505 0 13.8292
    endloop
  endfacet
  facet normal 0 -1 -0
    outer loop
      vertex 34.3571 0 14.7291
      vertex 33.7056 0 13.8625
      vertex 34.5698 0 14.1998
    endloop
  endfacet
  facet normal 0 -1 0
    outer loop
      vertex 33.7056 0 13.8625
      vertex 34.8676 0 13.7648
      vertex 34.5698 0 14.1998
    endloop
  endfacet
  facet normal 0 -1 0
    outer loop
      vertex 33.7056 0 13.141
      vertex 34.8676 0 13.7648
      vertex 33.7056 0 13.8625
    endloop
  endfacet
  facet normal 0 -1 -0
    outer loop
      vertex 34.8676 0 13.7648
      vertex 33.7056 0 13.141
      vertex 35.2469 0 13.4254
    endloop
  endfacet
  facet normal 0 -1 -0
    outer loop
      vertex 35.2469 0 13.4254
      vertex 33.7056 0 13.141
      vertex 35.7038 0 13.183
    endloop
  endfacet
  facet normal 0 -1 0
    outer loop
      vertex 36.2384 0 13.0375
      vertex 33.7056 0 13.141
      vertex 33.4628 0 13.084
    endloop
  endfacet
  facet normal 0 -1 0
    outer loop
      vertex 36.2384 0 13.0375
      vertex 33.4628 0 13.084
      vertex 33.2174 0 13.0433
    endloop
  endfacet
  facet normal 0 -1 0
    outer loop
      vertex 33.7056 0 13.141
      vertex 36.2384 0 13.0375
      vertex 35.7038 0 13.183
    endloop
  endfacet
  facet normal 0 -1 0
    outer loop
      vertex 32.9692 0 13.0189
      vertex 36.2384 0 13.0375
      vertex 33.2174 0 13.0433
    endloop
  endfacet
  facet normal 0 -1 0
    outer loop
      vertex 36.8505 0 12.989
      vertex 32.9692 0 13.0189
      vertex 32.7182 0 13.0107
    endloop
  endfacet
  facet normal 0 -1 -0
    outer loop
      vertex 26.4124 0 13.0975
      vertex 0 0 0
      vertex 29.1412 0 13.0975
    endloop
  endfacet
  facet normal 0 -1 0
    outer loop
      vertex 32.9692 0 13.0189
      vertex 36.8505 0 12.989
      vertex 36.2384 0 13.0375
    endloop
  endfacet
  facet normal 0 -1 -0
    outer loop
      vertex 30.1231 0 13.0975
      vertex 0 0 0
      vertex 32.7182 0 13.0107
    endloop
  endfacet
  facet normal 0 -1 0
    outer loop
      vertex 47.3855 0 32.9588
      vertex 47.4072 0 31.5745
      vertex 47.608 0 33.0216
    endloop
  endfacet
  facet normal 0 -1 0
    outer loop
      vertex 46.8918 0 32.2634
      vertex 47.4072 0 31.5745
      vertex 47.3855 0 32.9588
    endloop
  endfacet
  facet normal 0 -1 0
    outer loop
      vertex 47.57 0 31.5121
      vertex 47.608 0 33.0216
      vertex 47.4072 0 31.5745
    endloop
  endfacet
  facet normal 0 -1 0
    outer loop
      vertex 47.4072 0 31.5745
      vertex 46.9 0 32.1441
      vertex 46.9244 0 32.0356
    endloop
  endfacet
  facet normal 0 -1 -0
    outer loop
      vertex 47.608 0 33.0216
      vertex 47.57 0 31.5121
      vertex 47.8738 0 33.0592
    endloop
  endfacet
  facet normal 0 -1 0
    outer loop
      vertex 46.8918 0 32.2634
      vertex 47.3855 0 32.9588
      vertex 47.2065 0 32.871
    endloop
  endfacet
  facet normal 0 -1 0
    outer loop
      vertex 48.4663 0 33.0587
      vertex 49.5718 0 32.2634
      vertex 48.7194 0 33.0195
    endloop
  endfacet
  facet normal 0 -1 0
    outer loop
      vertex 46.9115 0 32.454
      vertex 47.2065 0 32.871
      vertex 47.0688 0 32.7578
    endloop
  endfacet
  facet normal 0 -1 0
    outer loop
      vertex 48.7194 0 33.0195
      vertex 49.5718 0 32.2634
      vertex 48.9424 0 32.9542
    endloop
  endfacet
  facet normal 0 -1 0
    outer loop
      vertex 46.9115 0 32.454
      vertex 47.0688 0 32.7578
      vertex 46.9705 0 32.6188
    endloop
  endfacet
  facet normal 0 -1 0
    outer loop
      vertex 48.9424 0 32.9542
      vertex 49.5718 0 32.2634
      vertex 49.1351 0 32.8628
    endloop
  endfacet
  facet normal 0 -1 0
    outer loop
      vertex 47.2065 0 32.871
      vertex 46.9115 0 32.454
      vertex 46.8918 0 32.2634
    endloop
  endfacet
  facet normal 0 -1 0
    outer loop
      vertex 49.1351 0 32.8628
      vertex 49.5718 0 32.2634
      vertex 49.2957 0 32.7471
    endloop
  endfacet
  facet normal 0 -1 0
    outer loop
      vertex 47.4072 0 31.5745
      vertex 46.8918 0 32.2634
      vertex 46.9 0 32.1441
    endloop
  endfacet
  facet normal 0 -1 0
    outer loop
      vertex 49.2957 0 32.7471
      vertex 49.5718 0 32.2634
      vertex 49.422 0 32.6086
    endloop
  endfacet
  facet normal 0 -1 0
    outer loop
      vertex 49.422 0 32.6086
      vertex 49.5718 0 32.2634
      vertex 49.514 0 32.4474
    endloop
  endfacet
  facet normal 0 -1 0
    outer loop
      vertex 58.4477 0 16.9221
      vertex 58.209 0 20.0089
      vertex 57.5862 0 19.9589
    endloop
  endfacet
  facet normal 0 -1 0
    outer loop
      vertex 58.209 0 20.0089
      vertex 58.4477 0 16.9221
      vertex 58.6174 0 19.9903
    endloop
  endfacet
  facet normal 0 -1 -0
    outer loop
      vertex 58.6174 0 19.9903
      vertex 58.4477 0 16.9221
      vertex 58.9909 0 19.9343
    endloop
  endfacet
  facet normal 0 -1 0
    outer loop
      vertex 58.4477 0 16.9221
      vertex 57.5862 0 19.9589
      vertex 57.0413 0 19.8089
    endloop
  endfacet
  facet normal 0 -1 -0
    outer loop
      vertex 58.9909 0 19.9343
      vertex 58.4477 0 16.9221
      vertex 59.3295 0 19.8411
    endloop
  endfacet
  facet normal 0 -1 0
    outer loop
      vertex 58.4477 0 16.9221
      vertex 57.0413 0 19.8089
      vertex 56.5744 0 19.5588
    endloop
  endfacet
  facet normal 0 -1 -0
    outer loop
      vertex 59.3295 0 19.8411
      vertex 58.4477 0 16.9221
      vertex 59.6331 0 19.7105
    endloop
  endfacet
  facet normal 0 -1 -0
    outer loop
      vertex 59.6331 0 19.7105
      vertex 58.4477 0 16.9221
      vertex 59.9038 0 19.5393
    endloop
  endfacet
  facet normal 0 -1 0
    outer loop
      vertex 58.4477 0 16.9221
      vertex 56.5744 0 19.5588
      vertex 56.1855 0 19.2087
    endloop
  endfacet
  facet normal 0 -1 -0
    outer loop
      vertex 59.9038 0 19.5393
      vertex 58.4477 0 16.9221
      vertex 60.1437 0 19.324
    endloop
  endfacet
  facet normal 0 -1 0
    outer loop
      vertex 58.4477 0 16.9221
      vertex 56.1855 0 19.2087
      vertex 55.8793 0 18.7678
    endloop
  endfacet
  facet normal 0 -1 -0
    outer loop
      vertex 60.1437 0 19.324
      vertex 58.4477 0 16.9221
      vertex 60.3527 0 19.0646
    endloop
  endfacet
  facet normal 0 -1 0
    outer loop
      vertex 58.4477 0 16.9221
      vertex 55.8793 0 18.7678
      vertex 55.6606 0 18.2451
    endloop
  endfacet
  facet normal 0 -1 0
    outer loop
      vertex 67.7232 0 14.3507
      vertex 69.0923 0 18.9673
      vertex 67.7232 0 18.9673
    endloop
  endfacet
  facet normal 0 -1 0
    outer loop
      vertex 69.0923 0 13.0975
      vertex 67.7232 0 14.3507
      vertex 67.7252 0 13.8879
    endloop
  endfacet
  facet normal 0 -1 0
    outer loop
      vertex 69.0923 0 13.0975
      vertex 67.7252 0 13.8879
      vertex 67.7313 0 13.5247
    endloop
  endfacet
  facet normal 0 -1 0
    outer loop
      vertex 69.0923 0 13.0975
      vertex 67.7313 0 13.5247
      vertex 67.7415 0 13.2613
    endloop
  endfacet
  facet normal 0 -1 0
    outer loop
      vertex 69.0923 0 13.0975
      vertex 67.7415 0 13.2613
      vertex 67.7557 0 13.0975
    endloop
  endfacet
  facet normal 0 -1 0
    outer loop
      vertex 67.7232 0 14.3507
      vertex 69.0923 0 13.0975
      vertex 69.0923 0 18.9673
    endloop
  endfacet
  facet normal 0 -1 0
    outer loop
      vertex 64.0179 0 18.9673
      vertex 66.7467 0 15.5659
      vertex 66.7467 0 18.9673
    endloop
  endfacet
  facet normal 0 -1 0
    outer loop
      vertex 64.0179 0 15.2458
      vertex 66.7467 0 15.5659
      vertex 64.0179 0 18.9673
    endloop
  endfacet
  facet normal 0 -1 0
    outer loop
      vertex 64.0179 0 15.2458
      vertex 66.7213 0 15.1607
      vertex 66.7467 0 15.5659
    endloop
  endfacet
  facet normal 0 -1 0
    outer loop
      vertex 66.645 0 14.8023
      vertex 64.0179 0 15.2458
      vertex 64.025 0 14.9719
    endloop
  endfacet
  facet normal 0 -1 0
    outer loop
      vertex 64.0179 0 15.2458
      vertex 66.645 0 14.8023
      vertex 66.7213 0 15.1607
    endloop
  endfacet
  facet normal 0 -1 0
    outer loop
      vertex 65.2276 0 13.7431
      vertex 64.025 0 14.9719
      vertex 64.0464 0 14.7304
    endloop
  endfacet
  facet normal 0 -1 0
    outer loop
      vertex 65.0008 0 13.7519
      vertex 64.0464 0 14.7304
      vertex 64.082 0 14.5216
    endloop
  endfacet
  facet normal 0 -1 0
    outer loop
      vertex 64.025 0 14.9719
      vertex 66.5178 0 14.4907
      vertex 66.645 0 14.8023
    endloop
  endfacet
  facet normal 0 -1 0
    outer loop
      vertex 64.8031 0 13.7784
      vertex 64.082 0 14.5216
      vertex 64.1318 0 14.3453
    endloop
  endfacet
  facet normal 0 -1 0
    outer loop
      vertex 64.025 0 14.9719
      vertex 65.5616 0 13.7733
      vertex 66.3398 0 14.2259
    endloop
  endfacet
  facet normal 0 -1 0
    outer loop
      vertex 64.8031 0 13.7784
      vertex 64.1318 0 14.3453
      vertex 64.1972 0 14.1964
    endloop
  endfacet
  facet normal 0 -1 0
    outer loop
      vertex 64.6346 0 13.8224
      vertex 64.1972 0 14.1964
      vertex 64.2796 0 14.0699
    endloop
  endfacet
  facet normal 0 -1 0
    outer loop
      vertex 64.025 0 14.9719
      vertex 65.2276 0 13.7431
      vertex 65.5616 0 13.7733
    endloop
  endfacet
  facet normal 0 -1 0
    outer loop
      vertex 64.6346 0 13.8224
      vertex 64.2796 0 14.0699
      vertex 64.379 0 13.9659
    endloop
  endfacet
  facet normal 0 -1 0
    outer loop
      vertex 64.6346 0 13.8224
      vertex 64.379 0 13.9659
      vertex 64.4952 0 13.8841
    endloop
  endfacet
  facet normal 0 -1 0
    outer loop
      vertex 64.025 0 14.9719
      vertex 66.3398 0 14.2259
      vertex 66.5178 0 14.4907
    endloop
  endfacet
  facet normal 0 -1 0
    outer loop
      vertex 64.1972 0 14.1964
      vertex 64.6346 0 13.8224
      vertex 64.8031 0 13.7784
    endloop
  endfacet
  facet normal 0 -1 0
    outer loop
      vertex 64.082 0 14.5216
      vertex 64.8031 0 13.7784
      vertex 65.0008 0 13.7519
    endloop
  endfacet
  facet normal 0 -1 0
    outer loop
      vertex 64.0464 0 14.7304
      vertex 65.0008 0 13.7519
      vertex 65.2276 0 13.7431
    endloop
  endfacet
  facet normal 0 -1 0
    outer loop
      vertex 66.3398 0 14.2259
      vertex 65.5616 0 13.7733
      vertex 66.1177 0 14.0147
    endloop
  endfacet
  facet normal 0 -1 0
    outer loop
      vertex 66.1177 0 14.0147
      vertex 65.5616 0 13.7733
      vertex 65.8583 0 13.8638
    endloop
  endfacet
  facet normal 0 -1 0
    outer loop
      vertex 61.6864 0 16.9221
      vertex 61.5183 0 19.0541
      vertex 60.5309 0 18.7612
    endloop
  endfacet
  facet normal 0 -1 -0
    outer loop
      vertex 60.3527 0 19.0646
      vertex 58.4477 0 16.9221
      vertex 60.5309 0 18.7612
    endloop
  endfacet
  facet normal 0 -1 0
    outer loop
      vertex 58.4477 0 16.9221
      vertex 55.6606 0 18.2451
      vertex 55.5294 0 17.6408
    endloop
  endfacet
  facet normal 0 -1 0
    outer loop
      vertex 58.4477 0 16.9221
      vertex 55.5294 0 17.6408
      vertex 55.4856 0 16.9547
    endloop
  endfacet
  facet normal 0 -1 0
    outer loop
      vertex 61.6864 0 16.9221
      vertex 60.5309 0 18.7612
      vertex 58.4477 0 16.9221
    endloop
  endfacet
  facet normal 0 -1 0
    outer loop
      vertex 61.5183 0 19.0541
      vertex 61.6864 0 16.9221
      vertex 63.036 0 18.9673
    endloop
  endfacet
  facet normal 0 -1 0
    outer loop
      vertex 61.6864 0 16.9221
      vertex 63.036 0 15.0559
      vertex 63.036 0 18.9673
    endloop
  endfacet
  facet normal 0 -1 0
    outer loop
      vertex 61.6864 0 14.2856
      vertex 63.036 0 15.0559
      vertex 61.6864 0 16.9221
    endloop
  endfacet
  facet normal 0 -1 -0
    outer loop
      vertex 63.036 0 15.0559
      vertex 61.6864 0 14.2856
      vertex 63.0639 0 14.5417
    endloop
  endfacet
  facet normal 0 -1 0
    outer loop
      vertex 61.6864 0 14.2856
      vertex 63.1478 0 14.1059
      vertex 63.0639 0 14.5417
    endloop
  endfacet
  facet normal 0 -1 0
    outer loop
      vertex 63.2877 0 13.7483
      vertex 61.6864 0 14.2856
      vertex 61.3655 0 13.9938
    endloop
  endfacet
  facet normal 0 -1 0
    outer loop
      vertex 61.6864 0 14.2856
      vertex 63.2877 0 13.7483
      vertex 63.1478 0 14.1059
    endloop
  endfacet
  facet normal 0 -1 0
    outer loop
      vertex 63.4835 0 13.4691
      vertex 61.3655 0 13.9938
      vertex 61.0103 0 13.737
    endloop
  endfacet
  facet normal 0 -1 0
    outer loop
      vertex 63.4835 0 13.4691
      vertex 61.0103 0 13.737
      vertex 60.6209 0 13.5151
    endloop
  endfacet
  facet normal 0 -1 0
    outer loop
      vertex 61.3655 0 13.9938
      vertex 63.4835 0 13.4691
      vertex 63.2877 0 13.7483
    endloop
  endfacet
  facet normal 0 -1 0
    outer loop
      vertex 63.7397 0 13.2591
      vertex 60.6209 0 13.5151
      vertex 60.1973 0 13.3281
    endloop
  endfacet
  facet normal 0 -1 0
    outer loop
      vertex 60.6209 0 13.5151
      vertex 63.7397 0 13.2591
      vertex 63.4835 0 13.4691
    endloop
  endfacet
  facet normal 0 -1 0
    outer loop
      vertex 64.0606 0 13.109
      vertex 60.1973 0 13.3281
      vertex 59.7472 0 13.1797
    endloop
  endfacet
  facet normal 0 -1 0
    outer loop
      vertex 60.1973 0 13.3281
      vertex 64.0606 0 13.109
      vertex 63.7397 0 13.2591
    endloop
  endfacet
  facet normal 0 -1 0
    outer loop
      vertex 59.2784 0 13.0738
      vertex 64.0606 0 13.109
      vertex 59.7472 0 13.1797
    endloop
  endfacet
  facet normal 0 -1 0
    outer loop
      vertex 59.2784 0 13.0738
      vertex 64.4463 0 13.019
      vertex 64.0606 0 13.109
    endloop
  endfacet
  facet normal 0 -1 0
    outer loop
      vertex 58.791 0 13.0102
      vertex 64.4463 0 13.019
      vertex 59.2784 0 13.0738
    endloop
  endfacet
  facet normal 0 -1 0
    outer loop
      vertex 64.8968 0 12.989
      vertex 58.791 0 13.0102
      vertex 58.285 0 12.989
    endloop
  endfacet
  facet normal 0 -1 0
    outer loop
      vertex 58.791 0 13.0102
      vertex 64.8968 0 12.989
      vertex 64.4463 0 13.019
    endloop
  endfacet
  facet normal 0 -1 0
    outer loop
      vertex 31.872 0 20.2802
      vertex 29.0984 0 18.9558
      vertex 30.8683 0 18.9673
    endloop
  endfacet
  facet normal 0 -1 0
    outer loop
      vertex 29.4193 0 18.8058
      vertex 30.8683 0 18.9673
      vertex 29.0984 0 18.9558
    endloop
  endfacet
  facet normal 0 -1 0
    outer loop
      vertex 29.6755 0 18.5957
      vertex 30.8683 0 18.9673
      vertex 29.4193 0 18.8058
    endloop
  endfacet
  facet normal 0 -1 0
    outer loop
      vertex 29.8713 0 18.3165
      vertex 30.8683 0 18.9673
      vertex 29.6755 0 18.5957
    endloop
  endfacet
  facet normal 0 -1 0
    outer loop
      vertex 29.8713 0 18.3165
      vertex 30.8683 0 18.2567
      vertex 30.8683 0 18.9673
    endloop
  endfacet
  facet normal 0 -1 0
    outer loop
      vertex 30.0112 0 17.959
      vertex 30.8683 0 18.2567
      vertex 29.8713 0 18.3165
    endloop
  endfacet
  facet normal 0 -1 0
    outer loop
      vertex 30.0951 0 17.5231
      vertex 30.8683 0 18.2567
      vertex 30.0112 0 17.959
    endloop
  endfacet
  facet normal 0 -1 0
    outer loop
      vertex 30.1231 0 17.0089
      vertex 30.8683 0 18.2567
      vertex 30.0951 0 17.5231
    endloop
  endfacet
  facet normal 0 -1 -0
    outer loop
      vertex 30.8683 0 18.2567
      vertex 30.1231 0 17.0089
      vertex 31.5465 0 18.2567
    endloop
  endfacet
  facet normal 0 -1 0
    outer loop
      vertex 30.1231 0 17.0089
      vertex 31.5465 0 14.3398
      vertex 31.5465 0 18.2567
    endloop
  endfacet
  facet normal 0 -1 0
    outer loop
      vertex 30.1231 0 13.0975
      vertex 31.5465 0 14.3398
      vertex 30.1231 0 17.0089
    endloop
  endfacet
  facet normal 0 -1 -0
    outer loop
      vertex 31.5465 0 14.3398
      vertex 30.1231 0 13.0975
      vertex 31.6197 0 13.7583
    endloop
  endfacet
  facet normal 0 -1 0
    outer loop
      vertex 30.1231 0 13.0975
      vertex 31.8394 0 13.343
      vertex 31.6197 0 13.7583
    endloop
  endfacet
  facet normal 0 -1 -0
    outer loop
      vertex 31.8394 0 13.343
      vertex 30.1231 0 13.0975
      vertex 32.2056 0 13.0938
    endloop
  endfacet
  facet normal 0 -1 0
    outer loop
      vertex 24.0397 0 18.9673
      vertex 25.4176 0 18.8036
      vertex 25.4034 0 18.9673
    endloop
  endfacet
  facet normal 0 -1 0
    outer loop
      vertex 24.0397 0 18.9673
      vertex 25.4277 0 18.5401
      vertex 25.4176 0 18.8036
    endloop
  endfacet
  facet normal 0 -1 0
    outer loop
      vertex 24.0397 0 18.9673
      vertex 25.4338 0 18.177
      vertex 25.4277 0 18.5401
    endloop
  endfacet
  facet normal 0 -1 0
    outer loop
      vertex 24.0397 0 18.9673
      vertex 25.4359 0 17.7141
      vertex 25.4338 0 18.177
    endloop
  endfacet
  facet normal 0 -1 0
    outer loop
      vertex 24.0397 0 14.3507
      vertex 25.4359 0 17.7141
      vertex 24.0397 0 18.9673
    endloop
  endfacet
  facet normal 0 -1 0
    outer loop
      vertex 25.4359 0 13.0975
      vertex 24.0397 0 14.3507
      vertex 24.0417 0 13.8879
    endloop
  endfacet
  facet normal 0 -1 0
    outer loop
      vertex 25.4359 0 13.0975
      vertex 24.0417 0 13.8879
      vertex 24.0478 0 13.5247
    endloop
  endfacet
  facet normal 0 -1 0
    outer loop
      vertex 25.4359 0 13.0975
      vertex 24.0478 0 13.5247
      vertex 24.058 0 13.2613
    endloop
  endfacet
  facet normal 0 -1 0
    outer loop
      vertex 25.4359 0 13.0975
      vertex 24.058 0 13.2613
      vertex 24.0722 0 13.0975
    endloop
  endfacet
  facet normal 0 -1 0
    outer loop
      vertex 24.0397 0 14.3507
      vertex 25.4359 0 13.0975
      vertex 25.4359 0 17.7141
    endloop
  endfacet
  facet normal 0 -1 0
    outer loop
      vertex 20.3344 0 18.9673
      vertex 23.0632 0 15.5659
      vertex 23.0632 0 18.9673
    endloop
  endfacet
  facet normal 0 -1 0
    outer loop
      vertex 20.3344 0 15.2458
      vertex 23.0632 0 15.5659
      vertex 20.3344 0 18.9673
    endloop
  endfacet
  facet normal 0 -1 0
    outer loop
      vertex 20.3344 0 15.2458
      vertex 23.0378 0 15.1607
      vertex 23.0632 0 15.5659
    endloop
  endfacet
  facet normal 0 -1 0
    outer loop
      vertex 22.9615 0 14.8023
      vertex 20.3344 0 15.2458
      vertex 20.3415 0 14.9719
    endloop
  endfacet
  facet normal 0 -1 0
    outer loop
      vertex 20.3344 0 15.2458
      vertex 22.9615 0 14.8023
      vertex 23.0378 0 15.1607
    endloop
  endfacet
  facet normal 0 -1 0
    outer loop
      vertex 21.5441 0 13.7431
      vertex 20.3415 0 14.9719
      vertex 20.3629 0 14.7304
    endloop
  endfacet
  facet normal 0 -1 0
    outer loop
      vertex 21.3173 0 13.7519
      vertex 20.3629 0 14.7304
      vertex 20.3985 0 14.5216
    endloop
  endfacet
  facet normal 0 -1 0
    outer loop
      vertex 20.3415 0 14.9719
      vertex 22.8343 0 14.4907
      vertex 22.9615 0 14.8023
    endloop
  endfacet
  facet normal 0 -1 0
    outer loop
      vertex 21.1196 0 13.7784
      vertex 20.3985 0 14.5216
      vertex 20.4483 0 14.3453
    endloop
  endfacet
  facet normal 0 -1 0
    outer loop
      vertex 20.3415 0 14.9719
      vertex 21.8781 0 13.7733
      vertex 22.6563 0 14.2259
    endloop
  endfacet
  facet normal 0 -1 0
    outer loop
      vertex 21.1196 0 13.7784
      vertex 20.4483 0 14.3453
      vertex 20.5137 0 14.1964
    endloop
  endfacet
  facet normal 0 -1 0
    outer loop
      vertex 20.9511 0 13.8224
      vertex 20.5137 0 14.1964
      vertex 20.5961 0 14.0699
    endloop
  endfacet
  facet normal 0 -1 0
    outer loop
      vertex 20.3415 0 14.9719
      vertex 21.5441 0 13.7431
      vertex 21.8781 0 13.7733
    endloop
  endfacet
  facet normal 0 -1 0
    outer loop
      vertex 20.9511 0 13.8224
      vertex 20.5961 0 14.0699
      vertex 20.6955 0 13.9659
    endloop
  endfacet
  facet normal 0 -1 0
    outer loop
      vertex 20.9511 0 13.8224
      vertex 20.6955 0 13.9659
      vertex 20.8118 0 13.8841
    endloop
  endfacet
  facet normal 0 -1 0
    outer loop
      vertex 20.3415 0 14.9719
      vertex 22.6563 0 14.2259
      vertex 22.8343 0 14.4907
    endloop
  endfacet
  facet normal 0 -1 0
    outer loop
      vertex 20.5137 0 14.1964
      vertex 20.9511 0 13.8224
      vertex 21.1196 0 13.7784
    endloop
  endfacet
  facet normal 0 -1 0
    outer loop
      vertex 20.3985 0 14.5216
      vertex 21.1196 0 13.7784
      vertex 21.3173 0 13.7519
    endloop
  endfacet
  facet normal 0 -1 0
    outer loop
      vertex 20.3629 0 14.7304
      vertex 21.3173 0 13.7519
      vertex 21.5441 0 13.7431
    endloop
  endfacet
  facet normal 0 -1 0
    outer loop
      vertex 22.6563 0 14.2259
      vertex 21.8781 0 13.7733
      vertex 22.4342 0 14.0147
    endloop
  endfacet
  facet normal 0 -1 0
    outer loop
      vertex 22.4342 0 14.0147
      vertex 21.8781 0 13.7733
      vertex 22.1748 0 13.8638
    endloop
  endfacet
  facet normal -0 -1 0
    outer loop
      vertex 46.1458 0 19.0596
      vertex 48.1721 0 27.739
      vertex 45.6306 0 19.0333
    endloop
  endfacet
  facet normal 0 -1 -0
    outer loop
      vertex 48.1721 0 27.739
      vertex 46.1458 0 19.0596
      vertex 49.3524 0 20.7413
    endloop
  endfacet
  facet normal 0 -1 0
    outer loop
      vertex 41.6113 0 27.739
      vertex 43.2649 0 19.0216
      vertex 45.1809 0 18.9544
    endloop
  endfacet
  facet normal 0 -1 0
    outer loop
      vertex 41.6113 0 27.739
      vertex 45.6306 0 19.0333
      vertex 48.1721 0 27.739
    endloop
  endfacet
  facet normal 0 -1 0
    outer loop
      vertex 43.2649 0 19.0216
      vertex 44.7965 0 18.8231
      vertex 45.1809 0 18.9544
    endloop
  endfacet
  facet normal 0 -1 0
    outer loop
      vertex 43.2649 0 19.0216
      vertex 44.4776 0 18.6391
      vertex 44.7965 0 18.8231
    endloop
  endfacet
  facet normal 0 -1 0
    outer loop
      vertex 43.2649 0 19.0216
      vertex 44.2272 0 18.405
      vertex 44.4776 0 18.6391
    endloop
  endfacet
  facet normal 0 -1 0
    outer loop
      vertex 43.2649 0 18.1265
      vertex 44.2272 0 18.405
      vertex 43.2649 0 19.0216
    endloop
  endfacet
  facet normal 0 -1 0
    outer loop
      vertex 44.2272 0 18.405
      vertex 43.2649 0 18.1265
      vertex 44.0484 0 18.1231
    endloop
  endfacet
  facet normal 0 -1 0
    outer loop
      vertex 43.0655 0 19.0622
      vertex 41.6113 0 27.739
      vertex 42.9668 0 19.0724
    endloop
  endfacet
  facet normal 0 -1 0
    outer loop
      vertex 41.1967 0 27.7682
      vertex 41.4095 0 18.9673
      vertex 41.6113 0 27.739
    endloop
  endfacet
  facet normal 0 -1 -0
    outer loop
      vertex 41.6113 0 27.739
      vertex 41.4095 0 18.9673
      vertex 42.6077 0 19.0585
    endloop
  endfacet
  facet normal 0 -1 0
    outer loop
      vertex 36.4665 0 27.739
      vertex 37.9447 0 18.8809
      vertex 40.4873 0 18.9673
    endloop
  endfacet
  facet normal 0 -1 0
    outer loop
      vertex 38.7534 0 18.296
      vertex 40.4873 0 18.9673
      vertex 37.9447 0 18.8809
    endloop
  endfacet
  facet normal 0 -1 -0
    outer loop
      vertex 40.4873 0 18.9673
      vertex 38.7534 0 18.296
      vertex 40.5015 0 18.6011
    endloop
  endfacet
  facet normal 0 -1 0
    outer loop
      vertex 38.7534 0 18.296
      vertex 40.5117 0 18.2512
      vertex 40.5015 0 18.6011
    endloop
  endfacet
  facet normal 0 -1 0
    outer loop
      vertex 39.2386 0 17.3212
      vertex 40.5117 0 18.2512
      vertex 38.7534 0 18.296
    endloop
  endfacet
  facet normal 0 -1 -0
    outer loop
      vertex 40.5117 0 18.2512
      vertex 39.2386 0 17.3212
      vertex 40.5177 0 17.9176
    endloop
  endfacet
  facet normal 0 -1 -0
    outer loop
      vertex 40.5177 0 17.9176
      vertex 39.2386 0 17.3212
      vertex 40.5198 0 17.6002
    endloop
  endfacet
  facet normal 0 -1 0
    outer loop
      vertex 39.4003 0 15.9565
      vertex 40.5198 0 17.6002
      vertex 39.2386 0 17.3212
    endloop
  endfacet
  facet normal 0 -1 0
    outer loop
      vertex 39.4003 0 15.8263
      vertex 40.5198 0 17.6002
      vertex 39.4003 0 15.9565
    endloop
  endfacet
  facet normal 0 -1 0
    outer loop
      vertex 38.3858 0 14.6219
      vertex 35.2382 0 15.3506
      vertex 35.3166 0 14.9325
    endloop
  endfacet
  facet normal 0 -1 0
    outer loop
      vertex 35.2121 0 15.8263
      vertex 38.3858 0 14.6219
      vertex 39.4003 0 15.8263
    endloop
  endfacet
  facet normal 0 -1 0
    outer loop
      vertex 39.2429 0 14.3778
      vertex 39.4003 0 15.8263
      vertex 38.3858 0 14.6219
    endloop
  endfacet
  facet normal 0 -1 0
    outer loop
      vertex 40.5198 0 13.0975
      vertex 39.4003 0 15.8263
      vertex 39.2429 0 14.3778
    endloop
  endfacet
  facet normal 0 -1 0
    outer loop
      vertex 39.4003 0 15.8263
      vertex 40.5198 0 13.0975
      vertex 40.5198 0 17.6002
    endloop
  endfacet
  facet normal 0 -1 0
    outer loop
      vertex 38.8961 0 13.7702
      vertex 40.5198 0 13.0975
      vertex 39.2429 0 14.3778
    endloop
  endfacet
  facet normal 0 -1 0
    outer loop
      vertex 38.3817 0 13.3362
      vertex 40.5198 0 13.0975
      vertex 38.8961 0 13.7702
    endloop
  endfacet
  facet normal 0 -1 0
    outer loop
      vertex 45.6184 0 13.0116
      vertex 41.4963 0 13.0975
      vertex 40.5198 0 13.0975
    endloop
  endfacet
  facet normal 0 -1 0
    outer loop
      vertex 37.6999 0 13.0758
      vertex 40.5198 0 13.0975
      vertex 38.3817 0 13.3362
    endloop
  endfacet
  facet normal 0 -1 0
    outer loop
      vertex 36.8505 0 12.989
      vertex 40.5198 0 13.0975
      vertex 37.6999 0 13.0758
    endloop
  endfacet
  facet normal 0 -1 0
    outer loop
      vertex 41.4963 0 13.0975
      vertex 45.6184 0 13.0116
      vertex 45.1646 0 13.0792
    endloop
  endfacet
  facet normal 0 -1 -0
    outer loop
      vertex 40.5198 0 13.0975
      vertex 36.8505 0 12.989
      vertex 45.6184 0 13.0116
    endloop
  endfacet
  facet normal 0 -1 -0
    outer loop
      vertex 45.6184 0 13.0116
      vertex 36.8505 0 12.989
      vertex 46.135 0 12.989
    endloop
  endfacet
  facet normal 0 -1 -0
    outer loop
      vertex 36.4665 0 27.739
      vertex 36.217 0 19.0273
      vertex 36.8125 0 19.0758
    endloop
  endfacet
  facet normal 0 -1 0
    outer loop
      vertex 33.608 0 18.9673
      vertex 32.523 0 20.2802
      vertex 32.523 0 18.9673
    endloop
  endfacet
  facet normal 0 -1 0
    outer loop
      vertex 35.6943 0 18.8819
      vertex 32.523 0 20.2802
      vertex 33.608 0 18.9673
    endloop
  endfacet
  facet normal 0 -1 0
    outer loop
      vertex 32.523 0 20.2802
      vertex 35.6943 0 18.8819
      vertex 36.217 0 19.0273
    endloop
  endfacet
  facet normal 0 -1 0
    outer loop
      vertex 33.608 0 18.9673
      vertex 35.2445 0 18.6394
      vertex 35.6943 0 18.8819
    endloop
  endfacet
  facet normal 0 -1 0
    outer loop
      vertex 33.608 0 18.9673
      vertex 34.8676 0 18.3001
      vertex 35.2445 0 18.6394
    endloop
  endfacet
  facet normal 0 -1 0
    outer loop
      vertex 33.608 0 18.2567
      vertex 34.8676 0 18.3001
      vertex 33.608 0 18.9673
    endloop
  endfacet
  facet normal 0 -1 0
    outer loop
      vertex 34.8676 0 18.3001
      vertex 33.608 0 18.2567
      vertex 34.5698 0 17.8698
    endloop
  endfacet
  facet normal 0 -1 0
    outer loop
      vertex 28.7128 0 19.0458
      vertex 31.872 0 20.2802
      vertex 28.2624 0 19.0758
    endloop
  endfacet
  facet normal 0 -1 0
    outer loop
      vertex 29.0984 0 18.9558
      vertex 31.872 0 20.2802
      vertex 28.7128 0 19.0458
    endloop
  endfacet
  facet normal 0 -1 0
    outer loop
      vertex 31.872 0 20.2802
      vertex 30.8683 0 18.9673
      vertex 31.5844 0 18.9673
    endloop
  endfacet
  facet normal 0 -1 0
    outer loop
      vertex 76.1159 0 19.0606
      vertex 77.6244 0 21.1482
      vertex 75.7961 0 19.0758
    endloop
  endfacet
  facet normal 0 -1 0
    outer loop
      vertex 76.4078 0 19.0148
      vertex 77.6244 0 21.1482
      vertex 76.1159 0 19.0606
    endloop
  endfacet
  facet normal 0 -1 0
    outer loop
      vertex 76.6719 0 18.9385
      vertex 77.6244 0 21.1482
      vertex 76.4078 0 19.0148
    endloop
  endfacet
  facet normal 0 -1 0
    outer loop
      vertex 76.9082 0 18.8317
      vertex 77.6244 0 21.1482
      vertex 76.6719 0 18.9385
    endloop
  endfacet
  facet normal 0 -1 0
    outer loop
      vertex 76.9082 0 18.8317
      vertex 77.6244 0 18.7124
      vertex 77.6244 0 21.1482
    endloop
  endfacet
  facet normal 0 -1 0
    outer loop
      vertex 77.1198 0 18.6916
      vertex 77.6244 0 18.7124
      vertex 76.9082 0 18.8317
    endloop
  endfacet
  facet normal 0 -1 0
    outer loop
      vertex 77.3097 0 18.5157
      vertex 77.6244 0 18.7124
      vertex 77.1198 0 18.6916
    endloop
  endfacet
  facet normal 0 -1 0
    outer loop
      vertex 77.4779 0 18.3038
      vertex 77.6244 0 18.7124
      vertex 77.3097 0 18.5157
    endloop
  endfacet
  facet normal 0 -1 0
    outer loop
      vertex 77.6353 0 18.056
      vertex 77.4779 0 18.3038
      vertex 77.6244 0 18.056
    endloop
  endfacet
  facet normal 0 -1 0
    outer loop
      vertex 77.4779 0 18.3038
      vertex 77.6353 0 18.056
      vertex 77.6244 0 18.7124
    endloop
  endfacet
  facet normal 0 -1 0
    outer loop
      vertex 23.0632 0 18.9673
      vertex 17.9125 0 20.7413
      vertex 20.3344 0 18.9673
    endloop
  endfacet
  facet normal 0 -1 0
    outer loop
      vertex 26.3673 0 27.8475
      vertex 23.0632 0 18.9673
      vertex 24.0397 0 18.9673
    endloop
  endfacet
  facet normal 0 -1 0
    outer loop
      vertex 26.3673 0 27.8475
      vertex 24.0397 0 18.9673
      vertex 25.4034 0 18.9673
    endloop
  endfacet
  facet normal 0 -1 0
    outer loop
      vertex 26.3673 0 27.8475
      vertex 25.4034 0 18.9673
      vertex 26.3256 0 18.9673
    endloop
  endfacet
  facet normal 0 -1 -0
    outer loop
      vertex 26.3673 0 27.8475
      vertex 26.3256 0 18.9673
      vertex 27.6595 0 19.0127
    endloop
  endfacet
  facet normal 0 -1 0
    outer loop
      vertex 26.9493 0 18.6752
      vertex 26.3256 0 18.9673
      vertex 26.3283 0 18.948
    endloop
  endfacet
  facet normal 0 -1 0
    outer loop
      vertex 26.3256 0 18.9673
      vertex 27.3982 0 18.9339
      vertex 27.6595 0 19.0127
    endloop
  endfacet
  facet normal 0 -1 0
    outer loop
      vertex 26.9493 0 18.6752
      vertex 26.3283 0 18.948
      vertex 26.331 0 18.9172
    endloop
  endfacet
  facet normal 0 -1 0
    outer loop
      vertex 26.9493 0 18.6752
      vertex 26.331 0 18.9172
      vertex 26.3337 0 18.8748
    endloop
  endfacet
  facet normal 0 -1 0
    outer loop
      vertex 26.3256 0 18.9673
      vertex 27.1637 0 18.8236
      vertex 27.3982 0 18.9339
    endloop
  endfacet
  facet normal 0 -1 0
    outer loop
      vertex 26.9493 0 18.6752
      vertex 26.3337 0 18.8748
      vertex 26.3364 0 18.8209
    endloop
  endfacet
  facet normal 0 -1 0
    outer loop
      vertex 26.9493 0 18.6752
      vertex 26.3364 0 18.8209
      vertex 26.3393 0 18.759
    endloop
  endfacet
  facet normal 0 -1 0
    outer loop
      vertex 26.7481 0 18.4825
      vertex 26.3393 0 18.759
      vertex 26.3426 0 18.6927
    endloop
  endfacet
  facet normal 0 -1 0
    outer loop
      vertex 26.3256 0 18.9673
      vertex 26.9493 0 18.6752
      vertex 27.1637 0 18.8236
    endloop
  endfacet
  facet normal 0 -1 0
    outer loop
      vertex 26.7481 0 18.4825
      vertex 26.3426 0 18.6927
      vertex 26.3461 0 18.622
    endloop
  endfacet
  facet normal 0 -1 0
    outer loop
      vertex 26.7481 0 18.4825
      vertex 26.3461 0 18.622
      vertex 26.35 0 18.5469
    endloop
  endfacet
  facet normal 0 -1 0
    outer loop
      vertex 26.3393 0 18.759
      vertex 26.7481 0 18.4825
      vertex 26.9493 0 18.6752
    endloop
  endfacet
  facet normal 0 -1 0
    outer loop
      vertex 26.3543 0 18.4524
      vertex 26.7481 0 18.4825
      vertex 26.35 0 18.5469
    endloop
  endfacet
  facet normal 0 -1 0
    outer loop
      vertex 26.5601 0 18.2453
      vertex 26.3543 0 18.4524
      vertex 26.3589 0 18.3238
    endloop
  endfacet
  facet normal 0 -1 0
    outer loop
      vertex 26.3543 0 18.4524
      vertex 26.5601 0 18.2453
      vertex 26.7481 0 18.4825
    endloop
  endfacet
  facet normal 0 -1 0
    outer loop
      vertex 26.3638 0 18.1609
      vertex 26.5601 0 18.2453
      vertex 26.3589 0 18.3238
    endloop
  endfacet
  facet normal 0 -1 0
    outer loop
      vertex 26.3853 0 17.9637
      vertex 26.3638 0 18.1609
      vertex 26.369 0 17.9637
    endloop
  endfacet
  facet normal 0 -1 0
    outer loop
      vertex 26.3638 0 18.1609
      vertex 26.3853 0 17.9637
      vertex 26.5601 0 18.2453
    endloop
  endfacet
  facet normal 0 -1 0
    outer loop
      vertex 42.6077 0 19.0585
      vertex 41.4095 0 18.9673
      vertex 42.3778 0 19.0066
    endloop
  endfacet
  facet normal 0 -1 0
    outer loop
      vertex 41.4095 0 18.9673
      vertex 42.1791 0 18.9202
      vertex 42.3778 0 19.0066
    endloop
  endfacet
  facet normal 0 -1 0
    outer loop
      vertex 41.4095 0 18.9673
      vertex 42.0116 0 18.7992
      vertex 42.1791 0 18.9202
    endloop
  endfacet
  facet normal 0 -1 0
    outer loop
      vertex 41.4095 0 18.9673
      vertex 41.8642 0 18.631
      vertex 42.0116 0 18.7992
    endloop
  endfacet
  facet normal 0 -1 0
    outer loop
      vertex 41.4285 0 18.5181
      vertex 41.8642 0 18.631
      vertex 41.4095 0 18.9673
    endloop
  endfacet
  facet normal 0 -1 0
    outer loop
      vertex 41.4285 0 18.5181
      vertex 41.7255 0 18.4032
      vertex 41.8642 0 18.631
    endloop
  endfacet
  facet normal 0 -1 0
    outer loop
      vertex 41.4421 0 18.1685
      vertex 41.7255 0 18.4032
      vertex 41.4285 0 18.5181
    endloop
  endfacet
  facet normal 0 -1 0
    outer loop
      vertex 41.4421 0 18.1685
      vertex 41.5956 0 18.1157
      vertex 41.7255 0 18.4032
    endloop
  endfacet
  facet normal 0 -1 0
    outer loop
      vertex 41.4502 0 17.9186
      vertex 41.5956 0 18.1157
      vertex 41.4421 0 18.1685
    endloop
  endfacet
  facet normal 0 -1 0
    outer loop
      vertex 41.4746 0 17.7685
      vertex 41.4502 0 17.9186
      vertex 41.4529 0 17.7685
    endloop
  endfacet
  facet normal 0 -1 0
    outer loop
      vertex 41.4502 0 17.9186
      vertex 41.4746 0 17.7685
      vertex 41.5956 0 18.1157
    endloop
  endfacet
  facet normal 0 -1 0
    outer loop
      vertex 55.2847 0 28.8511
      vertex 55.3062 0 28.654
      vertex 55.301 0 28.8511
    endloop
  endfacet
  facet normal 0 -1 0
    outer loop
      vertex 55.11 0 28.5695
      vertex 55.3062 0 28.654
      vertex 55.2847 0 28.8511
    endloop
  endfacet
  facet normal 0 -1 0
    outer loop
      vertex 55.11 0 28.5695
      vertex 55.3112 0 28.491
      vertex 55.3062 0 28.654
    endloop
  endfacet
  facet normal 0 -1 0
    outer loop
      vertex 55.11 0 28.5695
      vertex 55.3157 0 28.3623
      vertex 55.3112 0 28.491
    endloop
  endfacet
  facet normal 0 -1 0
    outer loop
      vertex 54.922 0 28.3323
      vertex 55.3157 0 28.3623
      vertex 55.11 0 28.5695
    endloop
  endfacet
  facet normal 0 -1 0
    outer loop
      vertex 54.922 0 28.3323
      vertex 55.3199 0 28.2679
      vertex 55.3157 0 28.3623
    endloop
  endfacet
  facet normal 0 -1 0
    outer loop
      vertex 54.922 0 28.3323
      vertex 55.3239 0 28.1928
      vertex 55.3199 0 28.2679
    endloop
  endfacet
  facet normal 0 -1 0
    outer loop
      vertex 55.3307 0 28.0559
      vertex 54.922 0 28.3323
      vertex 54.7207 0 28.1396
    endloop
  endfacet
  facet normal 0 -1 0
    outer loop
      vertex 54.922 0 28.3323
      vertex 55.3274 0 28.1222
      vertex 55.3239 0 28.1928
    endloop
  endfacet
  facet normal 0 -1 0
    outer loop
      vertex 54.922 0 28.3323
      vertex 55.3307 0 28.0559
      vertex 55.3274 0 28.1222
    endloop
  endfacet
  facet normal 0 -1 0
    outer loop
      vertex 54.7207 0 28.1396
      vertex 55.3335 0 27.994
      vertex 55.3307 0 28.0559
    endloop
  endfacet
  facet normal 0 -1 0
    outer loop
      vertex 55.3444 0 27.8475
      vertex 54.7207 0 28.1396
      vertex 54.5063 0 27.9913
    endloop
  endfacet
  facet normal 0 -1 0
    outer loop
      vertex 54.7207 0 28.1396
      vertex 55.3363 0 27.9401
      vertex 55.3335 0 27.994
    endloop
  endfacet
  facet normal 0 -1 0
    outer loop
      vertex 54.7207 0 28.1396
      vertex 55.339 0 27.8977
      vertex 55.3363 0 27.9401
    endloop
  endfacet
  facet normal 0 -1 0
    outer loop
      vertex 55.3444 0 27.8475
      vertex 54.5063 0 27.9913
      vertex 54.2718 0 27.8809
    endloop
  endfacet
  facet normal 0 -1 0
    outer loop
      vertex 54.7207 0 28.1396
      vertex 55.3417 0 27.8668
      vertex 55.339 0 27.8977
    endloop
  endfacet
  facet normal 0 -1 0
    outer loop
      vertex 54.7207 0 28.1396
      vertex 55.3444 0 27.8475
      vertex 55.3417 0 27.8668
    endloop
  endfacet
  facet normal 0 -1 0
    outer loop
      vertex 57.3834 0 20.7915
      vertex 55.3444 0 27.8475
      vertex 54.0105 0 27.8021
    endloop
  endfacet
  facet normal 0 -1 0
    outer loop
      vertex 55.3444 0 27.8475
      vertex 57.3834 0 20.7915
      vertex 56.2667 0 27.8475
    endloop
  endfacet
  facet normal 0 -1 0
    outer loop
      vertex 56.2667 0 27.8475
      vertex 57.3834 0 20.7915
      vertex 57.6303 0 27.8475
    endloop
  endfacet
  facet normal 0 -1 0
    outer loop
      vertex 54.0105 0 27.8021
      vertex 55.3444 0 27.8475
      vertex 54.2718 0 27.8809
    endloop
  endfacet
  facet normal 0 -1 0
    outer loop
      vertex 45.8246 0 28.8682
      vertex 45.4573 0 28.471
      vertex 45.5444 0 28.4877
    endloop
  endfacet
  facet normal 0 -1 0
    outer loop
      vertex 44.7405 0 28.7926
      vertex 45.0773 0 28.4634
      vertex 45.2244 0 28.4497
    endloop
  endfacet
  facet normal 0 -1 -0
    outer loop
      vertex 45.7092 0 29.2254
      vertex 45.4573 0 28.471
      vertex 45.8246 0 28.8682
    endloop
  endfacet
  facet normal -0 -1 0
    outer loop
      vertex 45.4573 0 28.471
      vertex 45.7092 0 29.2254
      vertex 45.3749 0 28.4592
    endloop
  endfacet
  facet normal -0 -1 0
    outer loop
      vertex 45.3749 0 28.4592
      vertex 45.7092 0 29.2254
      vertex 45.2973 0 28.452
    endloop
  endfacet
  facet normal 0 -1 0
    outer loop
      vertex 63.609 0 28.4713
      vertex 62.0751 0 29.6825
      vertex 62.2056 0 29.3221
    endloop
  endfacet
  facet normal 0 -1 0
    outer loop
      vertex 62.0751 0 29.6825
      vertex 63.9106 0 28.4873
      vertex 65.1443 0 29.3719
    endloop
  endfacet
  facet normal 0 -1 0
    outer loop
      vertex 63.2316 0 28.5056
      vertex 62.2056 0 29.3221
      vertex 62.3883 0 29.0193
    endloop
  endfacet
  facet normal -0 -1 0
    outer loop
      vertex 64.1807 0 28.5351
      vertex 65.1443 0 29.3719
      vertex 63.9106 0 28.4873
    endloop
  endfacet
  facet normal -0 -1 0
    outer loop
      vertex 64.6261 0 28.7263
      vertex 65.1443 0 29.3719
      vertex 64.1807 0 28.5351
    endloop
  endfacet
  facet normal 0 -1 0
    outer loop
      vertex 63.2316 0 28.5056
      vertex 62.3883 0 29.0193
      vertex 62.6213 0 28.7795
    endloop
  endfacet
  facet normal 0 -1 0
    outer loop
      vertex 65.1443 0 29.3719
      vertex 64.802 0 28.8623
      vertex 65.0611 0 29.1851
    endloop
  endfacet
  facet normal 0 -1 0
    outer loop
      vertex 65.0611 0 29.1851
      vertex 64.802 0 28.8623
      vertex 64.9469 0 29.0152
    endloop
  endfacet
  facet normal 0 -1 0
    outer loop
      vertex 63.2316 0 28.5056
      vertex 62.6213 0 28.7795
      vertex 62.9024 0 28.6083
    endloop
  endfacet
  facet normal 0 -1 0
    outer loop
      vertex 65.1443 0 29.3719
      vertex 64.6261 0 28.7263
      vertex 64.802 0 28.8623
    endloop
  endfacet
  facet normal 0 -1 0
    outer loop
      vertex 62.2056 0 29.3221
      vertex 63.2316 0 28.5056
      vertex 63.609 0 28.4713
    endloop
  endfacet
  facet normal 0 -1 0
    outer loop
      vertex 64.6261 0 28.7263
      vertex 64.1807 0 28.5351
      vertex 64.4192 0 28.6148
    endloop
  endfacet
  facet normal 0 -1 0
    outer loop
      vertex 62.0751 0 29.6825
      vertex 63.609 0 28.4713
      vertex 63.9106 0 28.4873
    endloop
  endfacet
  facet normal 0 -1 0
    outer loop
      vertex 48.5954 0 30.3159
      vertex 47.8439 0 28.496
      vertex 48.1721 0 28.4822
    endloop
  endfacet
  facet normal 0 -1 0
    outer loop
      vertex 49.228 0 30.0616
      vertex 49.6044 0 29.3937
      vertex 49.3657 0 29.9578
    endloop
  endfacet
  facet normal 0 -1 0
    outer loop
      vertex 46.763 0 28.9847
      vertex 47.8955 0 30.5003
      vertex 46.6508 0 29.1734
    endloop
  endfacet
  facet normal -0 -1 -0
    outer loop
      vertex 49.5895 0 29.5591
      vertex 49.3657 0 29.9578
      vertex 49.6044 0 29.3937
    endloop
  endfacet
  facet normal 0 -1 0
    outer loop
      vertex 47.8955 0 30.5003
      vertex 46.763 0 28.9847
      vertex 47.0871 0 28.7019
    endloop
  endfacet
  facet normal 0 -1 0
    outer loop
      vertex 49.3657 0 29.9578
      vertex 49.5895 0 29.5591
      vertex 49.4701 0 29.8412
    endloop
  endfacet
  facet normal 0 -1 0
    outer loop
      vertex 47.0871 0 28.7019
      vertex 46.763 0 28.9847
      vertex 46.9084 0 28.8276
    endloop
  endfacet
  facet normal 0 -1 0
    outer loop
      vertex 49.4701 0 29.8412
      vertex 49.5895 0 29.5591
      vertex 49.5447 0 29.7083
    endloop
  endfacet
  facet normal 0 -1 0
    outer loop
      vertex 47.8955 0 30.5003
      vertex 47.0871 0 28.7019
      vertex 47.3014 0 28.6058
    endloop
  endfacet
  facet normal 0 -1 0
    outer loop
      vertex 49.6044 0 29.3937
      vertex 49.0627 0 28.6104
      vertex 49.5829 0 29.18
    endloop
  endfacet
  facet normal 0 -1 0
    outer loop
      vertex 47.8955 0 30.5003
      vertex 47.3014 0 28.6058
      vertex 47.5537 0 28.5371
    endloop
  endfacet
  facet normal -0 -1 0
    outer loop
      vertex 49.2599 0 28.7101
      vertex 49.5829 0 29.18
      vertex 49.0627 0 28.6104
    endloop
  endfacet
  facet normal 0 -1 0
    outer loop
      vertex 47.8955 0 30.5003
      vertex 47.5537 0 28.5371
      vertex 47.8439 0 28.496
    endloop
  endfacet
  facet normal 0 -1 0
    outer loop
      vertex 49.5829 0 29.18
      vertex 49.2599 0 28.7101
      vertex 49.5183 0 28.9949
    endloop
  endfacet
  facet normal -0 -1 0
    outer loop
      vertex 49.6044 0 29.3937
      vertex 49.228 0 30.0616
      vertex 49.0627 0 28.6104
    endloop
  endfacet
  facet normal 0 -1 0
    outer loop
      vertex 49.5183 0 28.9949
      vertex 49.2599 0 28.7101
      vertex 49.4106 0 28.8382
    endloop
  endfacet
  facet normal 0 -1 0
    outer loop
      vertex 39.8749 0 29.9151
      vertex 38.8589 0 29.1278
      vertex 39.8374 0 29.4858
    endloop
  endfacet
  facet normal 0 -1 0
    outer loop
      vertex 38.8589 0 29.1278
      vertex 39.8652 0 29.1007
      vertex 39.8374 0 29.4858
    endloop
  endfacet
  facet normal 0 -1 0
    outer loop
      vertex 38.8589 0 29.1278
      vertex 39.9486 0 28.7589
      vertex 39.8652 0 29.1007
    endloop
  endfacet
  facet normal 0 -1 0
    outer loop
      vertex 38.512 0 28.5202
      vertex 39.9486 0 28.7589
      vertex 38.8589 0 29.1278
    endloop
  endfacet
  facet normal 0 -1 0
    outer loop
      vertex 38.512 0 28.5202
      vertex 40.0876 0 28.4606
      vertex 39.9486 0 28.7589
    endloop
  endfacet
  facet normal 0 -1 0
    outer loop
      vertex 38.512 0 28.5202
      vertex 40.2822 0 28.2056
      vertex 40.0876 0 28.4606
    endloop
  endfacet
  facet normal 0 -1 0
    outer loop
      vertex 37.9977 0 28.0862
      vertex 40.2822 0 28.2056
      vertex 38.512 0 28.5202
    endloop
  endfacet
  facet normal 0 -1 0
    outer loop
      vertex 37.9977 0 28.0862
      vertex 40.5321 0 28.0015
      vertex 40.2822 0 28.2056
    endloop
  endfacet
  facet normal 0 -1 0
    outer loop
      vertex 37.9977 0 28.0862
      vertex 40.8369 0 27.8557
      vertex 40.5321 0 28.0015
    endloop
  endfacet
  facet normal 0 -1 0
    outer loop
      vertex 37.3158 0 27.8258
      vertex 40.8369 0 27.8557
      vertex 37.9977 0 28.0862
    endloop
  endfacet
  facet normal 0 -1 0
    outer loop
      vertex 40.4873 0 18.9673
      vertex 40.8369 0 27.8557
      vertex 37.3158 0 27.8258
    endloop
  endfacet
  facet normal 0 -1 0
    outer loop
      vertex 40.4873 0 18.9673
      vertex 37.3158 0 27.8258
      vertex 36.4665 0 27.739
    endloop
  endfacet
  facet normal 0 -1 -0
    outer loop
      vertex 40.8369 0 27.8557
      vertex 40.4873 0 18.9673
      vertex 41.1967 0 27.7682
    endloop
  endfacet
  facet normal 0 -1 -0
    outer loop
      vertex 59.5688 0 32.898
      vertex 59.105 0 32.6362
      vertex 59.8546 0 32.9307
    endloop
  endfacet
  facet normal 0 -1 0
    outer loop
      vertex 58.927 0 32.4072
      vertex 59.8546 0 32.9307
      vertex 59.105 0 32.6362
    endloop
  endfacet
  facet normal 0 -1 0
    outer loop
      vertex 59.105 0 32.6362
      vertex 59.5688 0 32.898
      vertex 59.3189 0 32.7998
    endloop
  endfacet
  facet normal 0 -1 0
    outer loop
      vertex 60.9879 0 31.505
      vertex 59.8546 0 32.9307
      vertex 58.927 0 32.4072
    endloop
  endfacet
  facet normal 0 -1 0
    outer loop
      vertex 60.1476 0 32.9171
      vertex 60.3754 0 32.8765
      vertex 60.2696 0 32.9002
    endloop
  endfacet
  facet normal 0 -1 0
    outer loop
      vertex 61.9706 0 30.5763
      vertex 61.9967 0 30.1006
      vertex 66.1588 0 30.5763
    endloop
  endfacet
  facet normal 0 -1 0
    outer loop
      vertex 38.0018 0 29.3719
      vertex 39.0162 0 30.5763
      vertex 34.8281 0 30.5763
    endloop
  endfacet
  facet normal 0 -1 0
    outer loop
      vertex 38.0018 0 29.3719
      vertex 34.8281 0 30.5763
      vertex 34.8542 0 30.1006
    endloop
  endfacet
  facet normal 0 -1 0
    outer loop
      vertex 38.8589 0 29.1278
      vertex 39.0162 0 30.5763
      vertex 38.0018 0 29.3719
    endloop
  endfacet
  facet normal 0 -1 0
    outer loop
      vertex 38.0018 0 29.3719
      vertex 34.8542 0 30.1006
      vertex 34.9325 0 29.6825
    endloop
  endfacet
  facet normal 0 -1 0
    outer loop
      vertex 39.0162 0 30.5763
      vertex 39.8749 0 29.9151
      vertex 39.9873 0 30.2915
    endloop
  endfacet
  facet normal 0 -1 0
    outer loop
      vertex 38.8589 0 29.1278
      vertex 39.8749 0 29.9151
      vertex 39.0162 0 30.5763
    endloop
  endfacet
  facet normal 0 -1 0
    outer loop
      vertex 36.4665 0 28.4713
      vertex 34.9325 0 29.6825
      vertex 35.063 0 29.3221
    endloop
  endfacet
  facet normal 0 -1 0
    outer loop
      vertex 34.9325 0 29.6825
      vertex 36.7681 0 28.4873
      vertex 38.0018 0 29.3719
    endloop
  endfacet
  facet normal 0 -1 0
    outer loop
      vertex 36.0891 0 28.5056
      vertex 35.063 0 29.3221
      vertex 35.2457 0 29.0193
    endloop
  endfacet
  facet normal -0 -1 0
    outer loop
      vertex 37.0381 0 28.5351
      vertex 38.0018 0 29.3719
      vertex 36.7681 0 28.4873
    endloop
  endfacet
  facet normal -0 -1 0
    outer loop
      vertex 37.4836 0 28.7263
      vertex 38.0018 0 29.3719
      vertex 37.0381 0 28.5351
    endloop
  endfacet
  facet normal 0 -1 0
    outer loop
      vertex 36.0891 0 28.5056
      vertex 35.2457 0 29.0193
      vertex 35.4787 0 28.7795
    endloop
  endfacet
  facet normal 0 -1 0
    outer loop
      vertex 38.0018 0 29.3719
      vertex 37.6594 0 28.8623
      vertex 37.9185 0 29.1851
    endloop
  endfacet
  facet normal 0 -1 0
    outer loop
      vertex 37.9185 0 29.1851
      vertex 37.6594 0 28.8623
      vertex 37.8044 0 29.0152
    endloop
  endfacet
  facet normal 0 -1 0
    outer loop
      vertex 36.0891 0 28.5056
      vertex 35.4787 0 28.7795
      vertex 35.7598 0 28.6083
    endloop
  endfacet
  facet normal 0 -1 0
    outer loop
      vertex 38.0018 0 29.3719
      vertex 37.4836 0 28.7263
      vertex 37.6594 0 28.8623
    endloop
  endfacet
  facet normal 0 -1 0
    outer loop
      vertex 35.063 0 29.3221
      vertex 36.0891 0 28.5056
      vertex 36.4665 0 28.4713
    endloop
  endfacet
  facet normal 0 -1 0
    outer loop
      vertex 37.4836 0 28.7263
      vertex 37.0381 0 28.5351
      vertex 37.2766 0 28.6148
    endloop
  endfacet
  facet normal 0 -1 0
    outer loop
      vertex 34.9325 0 29.6825
      vertex 36.4665 0 28.4713
      vertex 36.7681 0 28.4873
    endloop
  endfacet
  facet normal 0 -1 0
    outer loop
      vertex 41.1176 0 32.1495
      vertex 42.4305 0 33.0826
      vertex 42.1247 0 33.0687
    endloop
  endfacet
  facet normal 0 -1 0
    outer loop
      vertex 41.1176 0 32.1495
      vertex 42.1247 0 33.0687
      vertex 41.8636 0 33.027
    endloop
  endfacet
  facet normal 0 -1 -0
    outer loop
      vertex 42.4305 0 33.0826
      vertex 41.1176 0 32.1495
      vertex 43.6702 0 32.0807
    endloop
  endfacet
  facet normal 0 -1 0
    outer loop
      vertex 41.1624 0 32.377
      vertex 41.8636 0 33.027
      vertex 41.6473 0 32.9575
    endloop
  endfacet
  facet normal 0 -1 0
    outer loop
      vertex 42.4305 0 33.0826
      vertex 43.6702 0 32.0807
      vertex 42.7343 0 33.0633
    endloop
  endfacet
  facet normal 0 -1 0
    outer loop
      vertex 41.237 0 32.5713
      vertex 41.6473 0 32.9575
      vertex 41.4757 0 32.8601
    endloop
  endfacet
  facet normal -0 -1 -0
    outer loop
      vertex 43.6132 0 32.3624
      vertex 42.7343 0 33.0633
      vertex 43.6702 0 32.0807
    endloop
  endfacet
  facet normal 0 -1 0
    outer loop
      vertex 41.237 0 32.5713
      vertex 41.4757 0 32.8601
      vertex 41.3414 0 32.7323
    endloop
  endfacet
  facet normal 0 -1 0
    outer loop
      vertex 42.7343 0 33.0633
      vertex 43.6132 0 32.3624
      vertex 42.9947 0 33.0053
    endloop
  endfacet
  facet normal 0 -1 0
    outer loop
      vertex 41.6473 0 32.9575
      vertex 41.237 0 32.5713
      vertex 41.1624 0 32.377
    endloop
  endfacet
  facet normal 0 -1 0
    outer loop
      vertex 41.8636 0 33.027
      vertex 41.1624 0 32.377
      vertex 41.1176 0 32.1495
    endloop
  endfacet
  facet normal 0 -1 0
    outer loop
      vertex 42.9947 0 33.0053
      vertex 43.6132 0 32.3624
      vertex 43.2117 0 32.9086
    endloop
  endfacet
  facet normal 0 -1 0
    outer loop
      vertex 43.2117 0 32.9086
      vertex 43.5182 0 32.5933
      vertex 43.3853 0 32.7733
    endloop
  endfacet
  facet normal -0 -1 -0
    outer loop
      vertex 43.5182 0 32.5933
      vertex 43.2117 0 32.9086
      vertex 43.6132 0 32.3624
    endloop
  endfacet
  facet normal 0 -1 0
    outer loop
      vertex 36.217 0 19.0273
      vertex 35.8543 0 27.7875
      vertex 32.523 0 20.2802
    endloop
  endfacet
  facet normal 0 -1 0
    outer loop
      vertex 27.398 0 27.8475
      vertex 27.9475 0 19.0601
      vertex 28.2624 0 19.0758
    endloop
  endfacet
  facet normal 0 -1 0
    outer loop
      vertex 27.398 0 27.8475
      vertex 31.872 0 20.2802
      vertex 30.4877 0 27.8475
    endloop
  endfacet
  facet normal 0 -1 0
    outer loop
      vertex 27.398 0 27.8475
      vertex 27.6595 0 19.0127
      vertex 27.9475 0 19.0601
    endloop
  endfacet
  facet normal 0 -1 0
    outer loop
      vertex 20.3344 0 18.9673
      vertex 17.9125 0 20.7413
      vertex 19.3525 0 18.9673
    endloop
  endfacet
  facet normal 0 -1 0
    outer loop
      vertex 17.9125 0 20.7413
      vertex 19.3525 0 15.0559
      vertex 19.3525 0 18.9673
    endloop
  endfacet
  facet normal 0 -1 0
    outer loop
      vertex 17.9125 0 13.0975
      vertex 19.3525 0 15.0559
      vertex 17.9125 0 20.7413
    endloop
  endfacet
  facet normal 0 -1 -0
    outer loop
      vertex 19.3525 0 15.0559
      vertex 17.9125 0 13.0975
      vertex 19.3804 0 14.5417
    endloop
  endfacet
  facet normal 0 -1 -0
    outer loop
      vertex 19.3804 0 14.5417
      vertex 17.9125 0 13.0975
      vertex 19.4643 0 14.1059
    endloop
  endfacet
  facet normal 0 -1 0
    outer loop
      vertex 17.9125 0 13.0975
      vertex 19.6042 0 13.7483
      vertex 19.4643 0 14.1059
    endloop
  endfacet
  facet normal 0 -1 0
    outer loop
      vertex 17.9125 0 13.0975
      vertex 19.8 0 13.4691
      vertex 19.6042 0 13.7483
    endloop
  endfacet
  facet normal 0 -1 0
    outer loop
      vertex 17.9125 0 13.0975
      vertex 20.0562 0 13.2591
      vertex 19.8 0 13.4691
    endloop
  endfacet
  facet normal 0 -1 0
    outer loop
      vertex 17.9125 0 13.0975
      vertex 20.3771 0 13.109
      vertex 20.0562 0 13.2591
    endloop
  endfacet
  facet normal 0 -1 -0
    outer loop
      vertex 20.3771 0 13.109
      vertex 17.9125 0 13.0975
      vertex 20.7628 0 13.019
    endloop
  endfacet
  facet normal 0 -1 0
    outer loop
      vertex 12.7425 0 17.508
      vertex 16.8764 0 20.7413
      vertex 12.7425 0 20.7413
    endloop
  endfacet
  facet normal 0 -1 -0
    outer loop
      vertex 16.8764 0 20.7413
      vertex 12.7425 0 17.508
      vertex 16.8764 0 17.508
    endloop
  endfacet
  facet normal 0 -1 0
    outer loop
      vertex 72.4849 0 21.1482
      vertex 75.7961 0 19.0758
      vertex 77.6244 0 21.1482
    endloop
  endfacet
  facet normal 0 -1 0
    outer loop
      vertex 72.4849 0 21.1482
      vertex 74.8515 0 18.8839
      vertex 75.7961 0 19.0758
    endloop
  endfacet
  facet normal 0 -1 0
    outer loop
      vertex 72.4849 0 21.1482
      vertex 74.1768 0 18.3082
      vertex 74.8515 0 18.8839
    endloop
  endfacet
  facet normal 0 -1 0
    outer loop
      vertex 72.4849 0 21.1482
      vertex 73.772 0 17.3487
      vertex 74.1768 0 18.3082
    endloop
  endfacet
  facet normal 0 -1 0
    outer loop
      vertex 72.4849 0 21.1482
      vertex 73.637 0 16.0053
      vertex 73.772 0 17.3487
    endloop
  endfacet
  facet normal 0 -1 0
    outer loop
      vertex 72.4849 0 13.0975
      vertex 73.637 0 16.0053
      vertex 72.4849 0 21.1482
    endloop
  endfacet
  facet normal 0 -1 -0
    outer loop
      vertex 73.637 0 16.0053
      vertex 72.4849 0 13.0975
      vertex 73.6697 0 15.294
    endloop
  endfacet
  facet normal 0 -1 -0
    outer loop
      vertex 73.6697 0 15.294
      vertex 72.4849 0 13.0975
      vertex 73.7679 0 14.6789
    endloop
  endfacet
  facet normal 0 -1 0
    outer loop
      vertex 72.4849 0 13.0975
      vertex 73.9315 0 14.1601
      vertex 73.7679 0 14.6789
    endloop
  endfacet
  facet normal 0 -1 0
    outer loop
      vertex 72.4849 0 13.0975
      vertex 74.1605 0 13.7377
      vertex 73.9315 0 14.1601
    endloop
  endfacet
  facet normal 0 -1 0
    outer loop
      vertex 72.4849 0 13.0975
      vertex 74.4591 0 13.4101
      vertex 74.1605 0 13.7377
    endloop
  endfacet
  facet normal 0 -1 0
    outer loop
      vertex 72.4849 0 13.0975
      vertex 74.8312 0 13.1762
      vertex 74.4591 0 13.4101
    endloop
  endfacet
  facet normal 0 -1 0
    outer loop
      vertex 72.4849 0 13.0975
      vertex 75.2769 0 13.0358
      vertex 74.8312 0 13.1762
    endloop
  endfacet
  facet normal 0 -1 0
    outer loop
      vertex 71.5084 0 13.0975
      vertex 75.2769 0 13.0358
      vertex 72.4849 0 13.0975
    endloop
  endfacet
  facet normal 0 -1 -0
    outer loop
      vertex 70.0688 0 13.0975
      vertex 64.8968 0 12.989
      vertex 71.5084 0 13.0975
    endloop
  endfacet
  facet normal 0 -1 -0
    outer loop
      vertex 71.5084 0 13.0975
      vertex 64.8968 0 12.989
      vertex 75.7961 0 12.989
    endloop
  endfacet
  facet normal 0 -1 0
    outer loop
      vertex 71.5084 0 13.0975
      vertex 75.7961 0 12.989
      vertex 75.2769 0 13.0358
    endloop
  endfacet
  facet normal 0 -1 0
    outer loop
      vertex 70.0688 0 20.2151
      vertex 71.5084 0 21.1482
      vertex 70.0688 0 21.1482
    endloop
  endfacet
  facet normal 0 -1 0
    outer loop
      vertex 66.7467 0 18.9673
      vertex 69.0923 0 21.1482
      vertex 64.0179 0 18.9673
    endloop
  endfacet
  facet normal 0 -1 0
    outer loop
      vertex 63.036 0 18.9673
      vertex 60.9988 0 19.8693
      vertex 61.2813 0 19.4939
    endloop
  endfacet
  facet normal 0 -1 0
    outer loop
      vertex 63.036 0 18.9673
      vertex 61.2813 0 19.4939
      vertex 61.5183 0 19.0541
    endloop
  endfacet
  facet normal 0 -1 0
    outer loop
      vertex 60.9988 0 19.8693
      vertex 63.036 0 18.9673
      vertex 64.0179 0 18.9673
    endloop
  endfacet
  facet normal 0 -1 0
    outer loop
      vertex 67.7232 0 18.9673
      vertex 69.0923 0 21.1482
      vertex 66.7467 0 18.9673
    endloop
  endfacet
  facet normal 0 -1 -0
    outer loop
      vertex 69.0923 0 21.1482
      vertex 67.7232 0 18.9673
      vertex 69.0923 0 20.2151
    endloop
  endfacet
  facet normal 0 -1 0
    outer loop
      vertex 69.0923 0 18.9673
      vertex 69.0923 0 20.2151
      vertex 67.7232 0 18.9673
    endloop
  endfacet
  facet normal 0 -1 0
    outer loop
      vertex 69.0923 0 20.2151
      vertex 69.0923 0 18.9673
      vertex 70.0688 0 20.2151
    endloop
  endfacet
  facet normal 0 -1 0
    outer loop
      vertex 70.0688 0 18.9673
      vertex 70.0688 0 20.2151
      vertex 69.0923 0 18.9673
    endloop
  endfacet
  facet normal 0 -1 0
    outer loop
      vertex 70.0688 0 20.2151
      vertex 70.0688 0 18.9673
      vertex 71.5084 0 21.1482
    endloop
  endfacet
  facet normal 0 -1 0
    outer loop
      vertex 71.5084 0 13.0975
      vertex 70.0688 0 18.9673
      vertex 70.0688 0 13.0975
    endloop
  endfacet
  facet normal 0 -1 0
    outer loop
      vertex 70.0688 0 18.9673
      vertex 71.5084 0 13.0975
      vertex 71.5084 0 21.1482
    endloop
  endfacet
  facet normal 0 -1 0
    outer loop
      vertex 43.6892 0 28.9705
      vertex 43.7513 0 28.6868
      vertex 43.7216 0 28.9705
    endloop
  endfacet
  facet normal 0 -1 0
    outer loop
      vertex 43.4944 0 28.6587
      vertex 43.7513 0 28.6868
      vertex 43.6892 0 28.9705
    endloop
  endfacet
  facet normal 0 -1 0
    outer loop
      vertex 43.4944 0 28.6587
      vertex 43.8078 0 28.4436
      vertex 43.7513 0 28.6868
    endloop
  endfacet
  facet normal 0 -1 0
    outer loop
      vertex 43.2843 0 28.3961
      vertex 43.8078 0 28.4436
      vertex 43.4944 0 28.6587
    endloop
  endfacet
  facet normal 0 -1 0
    outer loop
      vertex 43.2843 0 28.3961
      vertex 43.891 0 28.2406
      vertex 43.8078 0 28.4436
    endloop
  endfacet
  facet normal 0 -1 0
    outer loop
      vertex 43.059 0 28.1827
      vertex 43.891 0 28.2406
      vertex 43.2843 0 28.3961
    endloop
  endfacet
  facet normal 0 -1 0
    outer loop
      vertex 43.059 0 28.1827
      vertex 44.001 0 28.0781
      vertex 43.891 0 28.2406
    endloop
  endfacet
  facet normal 0 -1 0
    outer loop
      vertex 42.8184 0 28.0184
      vertex 44.001 0 28.0781
      vertex 43.059 0 28.1827
    endloop
  endfacet
  facet normal 0 -1 0
    outer loop
      vertex 42.8184 0 28.0184
      vertex 44.1429 0 27.9535
      vertex 44.001 0 28.0781
    endloop
  endfacet
  facet normal 0 -1 0
    outer loop
      vertex 42.5568 0 27.8962
      vertex 44.1429 0 27.9535
      vertex 42.8184 0 28.0184
    endloop
  endfacet
  facet normal 0 -1 0
    outer loop
      vertex 42.5568 0 27.8962
      vertex 44.3218 0 27.8645
      vertex 44.1429 0 27.9535
    endloop
  endfacet
  facet normal 0 -1 0
    outer loop
      vertex 42.2685 0 27.8089
      vertex 44.3218 0 27.8645
      vertex 42.5568 0 27.8962
    endloop
  endfacet
  facet normal 0 -1 -0
    outer loop
      vertex 44.3218 0 27.8645
      vertex 42.2685 0 27.8089
      vertex 44.5376 0 27.8111
    endloop
  endfacet
  facet normal 0 -1 0
    outer loop
      vertex 41.9533 0 27.7565
      vertex 44.5376 0 27.8111
      vertex 42.2685 0 27.8089
    endloop
  endfacet
  facet normal 0 -1 -0
    outer loop
      vertex 44.5376 0 27.8111
      vertex 41.9533 0 27.7565
      vertex 44.7904 0 27.7933
    endloop
  endfacet
  facet normal 0 -1 0
    outer loop
      vertex 41.6113 0 27.739
      vertex 44.7904 0 27.7933
      vertex 41.9533 0 27.7565
    endloop
  endfacet
  facet normal 0 -1 0
    outer loop
      vertex 48.1721 0 27.739
      vertex 44.7904 0 27.7933
      vertex 41.6113 0 27.739
    endloop
  endfacet
  facet normal 0 -1 0
    outer loop
      vertex 44.7904 0 27.7933
      vertex 48.1721 0 27.739
      vertex 47.6556 0 27.7616
    endloop
  endfacet
  facet normal 0 -1 0
    outer loop
      vertex 60.2976 0 20.4267
      vertex 62.4623 0 27.933
      vertex 59.8718 0 20.6142
    endloop
  endfacet
  facet normal 0 -1 -0
    outer loop
      vertex 62.4623 0 27.933
      vertex 60.2976 0 20.4267
      vertex 62.9969 0 27.7875
    endloop
  endfacet
  facet normal 0 -1 0
    outer loop
      vertex 60.671 0 20.1802
      vertex 62.9969 0 27.7875
      vertex 60.2976 0 20.4267
    endloop
  endfacet
  facet normal 0 -1 -0
    outer loop
      vertex 62.9969 0 27.7875
      vertex 60.671 0 20.1802
      vertex 63.609 0 27.739
    endloop
  endfacet
  facet normal 0 -1 0
    outer loop
      vertex 64.0179 0 18.9673
      vertex 63.609 0 27.739
      vertex 60.671 0 20.1802
    endloop
  endfacet
  facet normal 0 -1 0
    outer loop
      vertex 63.609 0 27.739
      vertex 64.0179 0 18.9673
      vertex 69.0923 0 21.1482
    endloop
  endfacet
  facet normal 0 -1 0
    outer loop
      vertex 64.0179 0 18.9673
      vertex 60.671 0 20.1802
      vertex 60.9988 0 19.8693
    endloop
  endfacet
  facet normal 0 -1 0
    outer loop
      vertex 17.9125 0 20.7413
      vertex 23.7416 0 34.645
      vertex 16.8764 0 20.7413
    endloop
  endfacet
  facet normal 0 -1 -0
    outer loop
      vertex 23.7416 0 34.645
      vertex 17.9125 0 20.7413
      vertex 26.3673 0 27.8475
    endloop
  endfacet
  facet normal 0 -1 0
    outer loop
      vertex 23.0632 0 18.9673
      vertex 26.3673 0 27.8475
      vertex 17.9125 0 20.7413
    endloop
  endfacet
  facet normal 0 -1 -0
    outer loop
      vertex 52.9572 0 27.769
      vertex 50.3506 0 20.7413
      vertex 53.4077 0 27.739
    endloop
  endfacet
  facet normal 0 -1 0
    outer loop
      vertex 54.0105 0 27.8021
      vertex 56.6317 0 20.6003
      vertex 57.3834 0 20.7915
    endloop
  endfacet
  facet normal 0 -1 0
    outer loop
      vertex 57.6303 0 27.8475
      vertex 58.2361 0 20.8552
      vertex 58.6069 0 27.8475
    endloop
  endfacet
  facet normal 0 -1 0
    outer loop
      vertex 54.0105 0 27.8021
      vertex 55.981 0 20.2815
      vertex 56.6317 0 20.6003
    endloop
  endfacet
  facet normal 0 -1 0
    outer loop
      vertex 50.3506 0 20.7413
      vertex 55.4314 0 19.8353
      vertex 55.981 0 20.2815
    endloop
  endfacet
  facet normal 0 -1 0
    outer loop
      vertex 50.3506 0 20.7413
      vertex 54.9947 0 19.2728
      vertex 55.4314 0 19.8353
    endloop
  endfacet
  facet normal 0 -1 0
    outer loop
      vertex 50.3506 0 20.7413
      vertex 54.6828 0 18.6052
      vertex 54.9947 0 19.2728
    endloop
  endfacet
  facet normal 0 -1 0
    outer loop
      vertex 50.2312 0 18.3381
      vertex 54.6828 0 18.6052
      vertex 50.3506 0 20.7413
    endloop
  endfacet
  facet normal 0 -1 0
    outer loop
      vertex 48.4135 0 17.622
      vertex 49.4664 0 18.3381
      vertex 48.3112 0 17.9732
    endloop
  endfacet
  facet normal 0 -1 -0
    outer loop
      vertex 49.4664 0 18.3381
      vertex 48.4135 0 17.622
      vertex 50.2312 0 18.3381
    endloop
  endfacet
  facet normal 0 -1 0
    outer loop
      vertex 50.2312 0 18.3381
      vertex 54.4956 0 17.8325
      vertex 54.6828 0 18.6052
    endloop
  endfacet
  facet normal 0 -1 0
    outer loop
      vertex 48.2771 0 15.5666
      vertex 50.2312 0 18.3381
      vertex 48.4135 0 17.622
    endloop
  endfacet
  facet normal 0 -1 0
    outer loop
      vertex 47.7237 0 16.0641
      vertex 48.4135 0 17.622
      vertex 47.5346 0 17.5134
    endloop
  endfacet
  facet normal 0 -1 0
    outer loop
      vertex 45.0577 0 17.0228
      vertex 44.8628 0 17.3941
      vertex 44.8872 0 17.2856
    endloop
  endfacet
  facet normal 0 -1 -0
    outer loop
      vertex 47.2585 0 17.9971
      vertex 46.4442 0 16.5098
      vertex 47.3848 0 17.8586
    endloop
  endfacet
  facet normal 0 -1 0
    outer loop
      vertex 44.9848 0 17.1011
      vertex 44.8872 0 17.2856
      vertex 44.9279 0 17.1879
    endloop
  endfacet
  facet normal 0 -1 0
    outer loop
      vertex 44.8872 0 17.2856
      vertex 44.9848 0 17.1011
      vertex 45.0577 0 17.0228
    endloop
  endfacet
  facet normal 0 -1 0
    outer loop
      vertex 44.8628 0 17.3941
      vertex 45.0577 0 17.0228
      vertex 45.1462 0 16.9506
    endloop
  endfacet
  facet normal 0 -1 0
    outer loop
      vertex 47.1115 0 16.322
      vertex 47.5346 0 17.5134
      vertex 46.805 0 16.414
    endloop
  endfacet
  facet normal 0 -1 0
    outer loop
      vertex 45.3483 0 18.2088
      vertex 45.1462 0 16.9506
      vertex 45.2503 0 16.8845
    endloop
  endfacet
  facet normal 0 -1 -0
    outer loop
      vertex 45.3483 0 18.2088
      vertex 45.2503 0 16.8845
      vertex 45.37 0 16.8245
    endloop
  endfacet
  facet normal 0 -1 0
    outer loop
      vertex 45.5708 0 18.2716
      vertex 45.37 0 16.8245
      vertex 45.5328 0 16.7621
    endloop
  endfacet
  facet normal 0 -1 0
    outer loop
      vertex 45.8366 0 18.3092
      vertex 45.5328 0 16.7621
      vertex 45.7661 0 16.6889
    endloop
  endfacet
  facet normal 0 -1 -0
    outer loop
      vertex 47.3848 0 17.8586
      vertex 46.4442 0 16.5098
      vertex 47.4768 0 17.6974
    endloop
  endfacet
  facet normal 0 -1 -0
    outer loop
      vertex 47.4768 0 17.6974
      vertex 46.4442 0 16.5098
      vertex 47.5346 0 17.5134
    endloop
  endfacet
  facet normal 0 -1 0
    outer loop
      vertex 47.5346 0 17.5134
      vertex 46.4442 0 16.5098
      vertex 46.805 0 16.414
    endloop
  endfacet
  facet normal 0 -1 0
    outer loop
      vertex 47.3638 0 16.2337
      vertex 47.5346 0 17.5134
      vertex 47.1115 0 16.322
    endloop
  endfacet
  facet normal 0 -1 0
    outer loop
      vertex 47.5618 0 16.149
      vertex 47.5346 0 17.5134
      vertex 47.3638 0 16.2337
    endloop
  endfacet
  facet normal 0 -1 0
    outer loop
      vertex 47.7237 0 16.0641
      vertex 47.5346 0 17.5134
      vertex 47.5618 0 16.149
    endloop
  endfacet
  facet normal 0 -1 0
    outer loop
      vertex 48.4135 0 17.622
      vertex 47.7237 0 16.0641
      vertex 47.8676 0 15.9748
    endloop
  endfacet
  facet normal 0 -1 0
    outer loop
      vertex 48.4135 0 17.622
      vertex 47.8676 0 15.9748
      vertex 47.9935 0 15.881
    endloop
  endfacet
  facet normal 0 -1 0
    outer loop
      vertex 48.4135 0 17.622
      vertex 47.9935 0 15.881
      vertex 48.1015 0 15.7829
    endloop
  endfacet
  facet normal 0 -1 0
    outer loop
      vertex 48.4135 0 17.622
      vertex 48.1015 0 15.7829
      vertex 48.1949 0 15.6786
    endloop
  endfacet
  facet normal 0 -1 0
    outer loop
      vertex 48.2771 0 15.5666
      vertex 48.4135 0 17.622
      vertex 48.1949 0 15.6786
    endloop
  endfacet
  facet normal 0 -1 0
    outer loop
      vertex 50.2312 0 18.3381
      vertex 48.2771 0 15.5666
      vertex 48.3482 0 15.4467
    endloop
  endfacet
  facet normal 0 -1 0
    outer loop
      vertex 50.2312 0 18.3381
      vertex 54.4332 0 16.9547
      vertex 54.4956 0 17.8325
    endloop
  endfacet
  facet normal 0 -1 0
    outer loop
      vertex 50.2312 0 18.3381
      vertex 48.3482 0 15.4467
      vertex 48.408 0 15.319
    endloop
  endfacet
  facet normal 0 -1 0
    outer loop
      vertex 48.4555 0 15.1829
      vertex 50.2312 0 18.3381
      vertex 48.408 0 15.319
    endloop
  endfacet
  facet normal 0 -1 0
    outer loop
      vertex 50.2312 0 18.3381
      vertex 54.4619 0 16.3669
      vertex 54.4332 0 16.9547
    endloop
  endfacet
  facet normal 0 -1 0
    outer loop
      vertex 48.4894 0 15.0376
      vertex 50.2312 0 18.3381
      vertex 48.4555 0 15.1829
    endloop
  endfacet
  facet normal -0 -1 0
    outer loop
      vertex 54.5479 0 15.8188
      vertex 50.2312 0 18.3381
      vertex 48.4894 0 15.0376
    endloop
  endfacet
  facet normal 0 -1 0
    outer loop
      vertex 50.2312 0 18.3381
      vertex 54.5479 0 15.8188
      vertex 54.4619 0 16.3669
    endloop
  endfacet
  facet normal 0 -1 0
    outer loop
      vertex 48.5098 0 14.8832
      vertex 54.5479 0 15.8188
      vertex 48.4894 0 15.0376
    endloop
  endfacet
  facet normal 0 -1 0
    outer loop
      vertex 48.5166 0 14.7196
      vertex 54.5479 0 15.8188
      vertex 48.5098 0 14.8832
    endloop
  endfacet
  facet normal 0 -1 -0
    outer loop
      vertex 54.5479 0 15.8188
      vertex 48.5166 0 14.7196
      vertex 54.6911 0 15.3104
    endloop
  endfacet
  facet normal 0 -1 0
    outer loop
      vertex 48.4774 0 14.3283
      vertex 54.6911 0 15.3104
      vertex 48.5166 0 14.7196
    endloop
  endfacet
  facet normal 0 -1 -0
    outer loop
      vertex 54.6911 0 15.3104
      vertex 48.4774 0 14.3283
      vertex 54.8916 0 14.8417
    endloop
  endfacet
  facet normal 0 -1 0
    outer loop
      vertex 48.3599 0 13.9845
      vertex 54.8916 0 14.8417
      vertex 48.4774 0 14.3283
    endloop
  endfacet
  facet normal 0 -1 -0
    outer loop
      vertex 54.8916 0 14.8417
      vertex 48.3599 0 13.9845
      vertex 55.1464 0 14.419
    endloop
  endfacet
  facet normal 0 -1 -0
    outer loop
      vertex 55.1464 0 14.419
      vertex 48.3599 0 13.9845
      vertex 55.4524 0 14.0489
    endloop
  endfacet
  facet normal 0 -1 0
    outer loop
      vertex 48.1641 0 13.6881
      vertex 55.4524 0 14.0489
      vertex 48.3599 0 13.9845
    endloop
  endfacet
  facet normal 0 -1 -0
    outer loop
      vertex 55.4524 0 14.0489
      vertex 48.1641 0 13.6881
      vertex 55.8096 0 13.7314
    endloop
  endfacet
  facet normal 0 -1 0
    outer loop
      vertex 47.8899 0 13.4393
      vertex 55.8096 0 13.7314
      vertex 48.1641 0 13.6881
    endloop
  endfacet
  facet normal 0 -1 -0
    outer loop
      vertex 55.8096 0 13.7314
      vertex 47.8899 0 13.4393
      vertex 56.218 0 13.4664
    endloop
  endfacet
  facet normal 0 -1 0
    outer loop
      vertex 47.5453 0 13.2423
      vertex 56.218 0 13.4664
      vertex 47.8899 0 13.4393
    endloop
  endfacet
  facet normal 0 -1 -0
    outer loop
      vertex 56.218 0 13.4664
      vertex 47.5453 0 13.2423
      vertex 56.6727 0 13.2575
    endloop
  endfacet
  facet normal 0 -1 0
    outer loop
      vertex 47.1379 0 13.1016
      vertex 56.6727 0 13.2575
      vertex 47.5453 0 13.2423
    endloop
  endfacet
  facet normal 0 -1 -0
    outer loop
      vertex 56.6727 0 13.2575
      vertex 47.1379 0 13.1016
      vertex 57.1688 0 13.1084
    endloop
  endfacet
  facet normal 0 -1 0
    outer loop
      vertex 46.6678 0 13.0172
      vertex 57.1688 0 13.1084
      vertex 47.1379 0 13.1016
    endloop
  endfacet
  facet normal 0 -1 -0
    outer loop
      vertex 57.1688 0 13.1084
      vertex 46.6678 0 13.0172
      vertex 57.7062 0 13.0189
    endloop
  endfacet
  facet normal 0 -1 0
    outer loop
      vertex 46.135 0 12.989
      vertex 57.7062 0 13.0189
      vertex 46.6678 0 13.0172
    endloop
  endfacet
  facet normal 0 -1 -0
    outer loop
      vertex 57.7062 0 13.0189
      vertex 46.135 0 12.989
      vertex 58.285 0 12.989
    endloop
  endfacet
  facet normal 0 -1 0
    outer loop
      vertex 35.8543 0 27.7875
      vertex 36.217 0 19.0273
      vertex 36.4665 0 27.739
    endloop
  endfacet
  facet normal 0 -1 0
    outer loop
      vertex 37.9447 0 18.8809
      vertex 36.4665 0 27.739
      vertex 36.8125 0 19.0758
    endloop
  endfacet
  facet normal 0 -1 0
    outer loop
      vertex 41.6113 0 27.739
      vertex 42.6077 0 19.0585
      vertex 42.8688 0 19.0758
    endloop
  endfacet
  facet normal 0 -1 0
    outer loop
      vertex 43.1648 0 19.0453
      vertex 41.6113 0 27.739
      vertex 43.0655 0 19.0622
    endloop
  endfacet
  facet normal 0 -1 0
    outer loop
      vertex 43.2649 0 19.0216
      vertex 41.6113 0 27.739
      vertex 43.1648 0 19.0453
    endloop
  endfacet
  facet normal -0 -1 0
    outer loop
      vertex 45.6306 0 19.0333
      vertex 41.6113 0 27.739
      vertex 45.1809 0 18.9544
    endloop
  endfacet
  facet normal 0 -1 0
    outer loop
      vertex 46.6064 0 19.0382
      vertex 49.3524 0 20.7413
      vertex 46.1458 0 19.0596
    endloop
  endfacet
  facet normal 0 -1 0
    outer loop
      vertex 47.0172 0 18.9741
      vertex 49.3524 0 20.7413
      vertex 46.6064 0 19.0382
    endloop
  endfacet
  facet normal 0 -1 0
    outer loop
      vertex 47.3781 0 18.8673
      vertex 49.3524 0 20.7413
      vertex 47.0172 0 18.9741
    endloop
  endfacet
  facet normal 0 -1 0
    outer loop
      vertex 47.6892 0 18.7178
      vertex 49.3524 0 20.7413
      vertex 47.3781 0 18.8673
    endloop
  endfacet
  facet normal 0 -1 0
    outer loop
      vertex 47.9491 0 18.5212
      vertex 49.3524 0 20.7413
      vertex 47.6892 0 18.7178
    endloop
  endfacet
  facet normal 0 -1 0
    outer loop
      vertex 47.9491 0 18.5212
      vertex 49.4664 0 18.3381
      vertex 49.3524 0 20.7413
    endloop
  endfacet
  facet normal 0 -1 0
    outer loop
      vertex 48.3112 0 17.9732
      vertex 49.4664 0 18.3381
      vertex 48.1565 0 18.273
    endloop
  endfacet
  facet normal 0 -1 0
    outer loop
      vertex 48.1565 0 18.273
      vertex 49.4664 0 18.3381
      vertex 47.9491 0 18.5212
    endloop
  endfacet
  facet normal 0 -1 0
    outer loop
      vertex 66.7738 0 14.1011
      vertex 66.7953 0 13.904
      vertex 66.79 0 14.1011
    endloop
  endfacet
  facet normal 0 -1 0
    outer loop
      vertex 66.599 0 13.8195
      vertex 66.7953 0 13.904
      vertex 66.7738 0 14.1011
    endloop
  endfacet
  facet normal 0 -1 0
    outer loop
      vertex 66.599 0 13.8195
      vertex 66.8002 0 13.741
      vertex 66.7953 0 13.904
    endloop
  endfacet
  facet normal 0 -1 0
    outer loop
      vertex 66.599 0 13.8195
      vertex 66.8048 0 13.6123
      vertex 66.8002 0 13.741
    endloop
  endfacet
  facet normal 0 -1 0
    outer loop
      vertex 66.411 0 13.5823
      vertex 66.8048 0 13.6123
      vertex 66.599 0 13.8195
    endloop
  endfacet
  facet normal 0 -1 0
    outer loop
      vertex 66.411 0 13.5823
      vertex 66.809 0 13.5179
      vertex 66.8048 0 13.6123
    endloop
  endfacet
  facet normal 0 -1 0
    outer loop
      vertex 66.411 0 13.5823
      vertex 66.8129 0 13.4428
      vertex 66.809 0 13.5179
    endloop
  endfacet
  facet normal 0 -1 0
    outer loop
      vertex 66.8197 0 13.3059
      vertex 66.411 0 13.5823
      vertex 66.2098 0 13.3896
    endloop
  endfacet
  facet normal 0 -1 0
    outer loop
      vertex 66.411 0 13.5823
      vertex 66.8165 0 13.3721
      vertex 66.8129 0 13.4428
    endloop
  endfacet
  facet normal 0 -1 0
    outer loop
      vertex 66.411 0 13.5823
      vertex 66.8197 0 13.3059
      vertex 66.8165 0 13.3721
    endloop
  endfacet
  facet normal 0 -1 0
    outer loop
      vertex 66.2098 0 13.3896
      vertex 66.8226 0 13.244
      vertex 66.8197 0 13.3059
    endloop
  endfacet
  facet normal 0 -1 0
    outer loop
      vertex 66.8335 0 13.0975
      vertex 66.2098 0 13.3896
      vertex 65.9953 0 13.2413
    endloop
  endfacet
  facet normal 0 -1 0
    outer loop
      vertex 66.2098 0 13.3896
      vertex 66.8253 0 13.1901
      vertex 66.8226 0 13.244
    endloop
  endfacet
  facet normal 0 -1 0
    outer loop
      vertex 66.2098 0 13.3896
      vertex 66.828 0 13.1477
      vertex 66.8253 0 13.1901
    endloop
  endfacet
  facet normal 0 -1 0
    outer loop
      vertex 66.8335 0 13.0975
      vertex 65.9953 0 13.2413
      vertex 65.7608 0 13.1309
    endloop
  endfacet
  facet normal 0 -1 0
    outer loop
      vertex 66.2098 0 13.3896
      vertex 66.8308 0 13.1168
      vertex 66.828 0 13.1477
    endloop
  endfacet
  facet normal 0 -1 0
    outer loop
      vertex 66.2098 0 13.3896
      vertex 66.8335 0 13.0975
      vertex 66.8308 0 13.1168
    endloop
  endfacet
  facet normal 0 -1 0
    outer loop
      vertex 65.2116 0 13.0048
      vertex 66.8335 0 13.0975
      vertex 65.4996 0 13.0521
    endloop
  endfacet
  facet normal 0 -1 -0
    outer loop
      vertex 66.8335 0 13.0975
      vertex 65.2116 0 13.0048
      vertex 67.7557 0 13.0975
    endloop
  endfacet
  facet normal 0 -1 -0
    outer loop
      vertex 67.7557 0 13.0975
      vertex 65.2116 0 13.0048
      vertex 69.0923 0 13.0975
    endloop
  endfacet
  facet normal 0 -1 -0
    outer loop
      vertex 69.0923 0 13.0975
      vertex 65.2116 0 13.0048
      vertex 70.0688 0 13.0975
    endloop
  endfacet
  facet normal 0 -1 0
    outer loop
      vertex 64.8968 0 12.989
      vertex 70.0688 0 13.0975
      vertex 65.2116 0 13.0048
    endloop
  endfacet
  facet normal 0 -1 0
    outer loop
      vertex 65.4996 0 13.0521
      vertex 66.8335 0 13.0975
      vertex 65.7608 0 13.1309
    endloop
  endfacet
  facet normal 0 -1 0
    outer loop
      vertex 23.0903 0 14.1011
      vertex 23.1118 0 13.904
      vertex 23.1066 0 14.1011
    endloop
  endfacet
  facet normal 0 -1 0
    outer loop
      vertex 22.9155 0 13.8195
      vertex 23.1118 0 13.904
      vertex 23.0903 0 14.1011
    endloop
  endfacet
  facet normal 0 -1 0
    outer loop
      vertex 22.9155 0 13.8195
      vertex 23.1167 0 13.741
      vertex 23.1118 0 13.904
    endloop
  endfacet
  facet normal 0 -1 0
    outer loop
      vertex 22.9155 0 13.8195
      vertex 23.1213 0 13.6123
      vertex 23.1167 0 13.741
    endloop
  endfacet
  facet normal 0 -1 0
    outer loop
      vertex 22.7275 0 13.5823
      vertex 23.1213 0 13.6123
      vertex 22.9155 0 13.8195
    endloop
  endfacet
  facet normal 0 -1 0
    outer loop
      vertex 22.7275 0 13.5823
      vertex 23.1255 0 13.5179
      vertex 23.1213 0 13.6123
    endloop
  endfacet
  facet normal 0 -1 0
    outer loop
      vertex 22.7275 0 13.5823
      vertex 23.1294 0 13.4428
      vertex 23.1255 0 13.5179
    endloop
  endfacet
  facet normal 0 -1 0
    outer loop
      vertex 23.1362 0 13.3059
      vertex 22.7275 0 13.5823
      vertex 22.5263 0 13.3896
    endloop
  endfacet
  facet normal 0 -1 0
    outer loop
      vertex 22.7275 0 13.5823
      vertex 23.133 0 13.3721
      vertex 23.1294 0 13.4428
    endloop
  endfacet
  facet normal 0 -1 0
    outer loop
      vertex 22.7275 0 13.5823
      vertex 23.1362 0 13.3059
      vertex 23.133 0 13.3721
    endloop
  endfacet
  facet normal 0 -1 0
    outer loop
      vertex 22.5263 0 13.3896
      vertex 23.1391 0 13.244
      vertex 23.1362 0 13.3059
    endloop
  endfacet
  facet normal 0 -1 0
    outer loop
      vertex 23.15 0 13.0975
      vertex 22.5263 0 13.3896
      vertex 22.3118 0 13.2413
    endloop
  endfacet
  facet normal 0 -1 0
    outer loop
      vertex 22.5263 0 13.3896
      vertex 23.1418 0 13.1901
      vertex 23.1391 0 13.244
    endloop
  endfacet
  facet normal 0 -1 0
    outer loop
      vertex 22.5263 0 13.3896
      vertex 23.1445 0 13.1477
      vertex 23.1418 0 13.1901
    endloop
  endfacet
  facet normal 0 -1 0
    outer loop
      vertex 23.15 0 13.0975
      vertex 22.3118 0 13.2413
      vertex 22.0774 0 13.1309
    endloop
  endfacet
  facet normal 0 -1 0
    outer loop
      vertex 22.5263 0 13.3896
      vertex 23.1473 0 13.1168
      vertex 23.1445 0 13.1477
    endloop
  endfacet
  facet normal 0 -1 0
    outer loop
      vertex 22.5263 0 13.3896
      vertex 23.15 0 13.0975
      vertex 23.1473 0 13.1168
    endloop
  endfacet
  facet normal 0 -1 0
    outer loop
      vertex 21.5281 0 13.0048
      vertex 24.0722 0 13.0975
      vertex 23.15 0 13.0975
    endloop
  endfacet
  facet normal 0 -1 0
    outer loop
      vertex 0 0 0
      vertex 24.0722 0 13.0975
      vertex 21.5281 0 13.0048
    endloop
  endfacet
  facet normal 0 -1 -0
    outer loop
      vertex 24.0722 0 13.0975
      vertex 0 0 0
      vertex 25.4359 0 13.0975
    endloop
  endfacet
  facet normal 0 -1 0
    outer loop
      vertex 0 0 0
      vertex 21.5281 0 13.0048
      vertex 21.2133 0 12.989
    endloop
  endfacet
  facet normal 0 -1 -0
    outer loop
      vertex 25.4359 0 13.0975
      vertex 0 0 0
      vertex 26.4124 0 13.0975
    endloop
  endfacet
  facet normal 0 -1 0
    outer loop
      vertex 21.8161 0 13.0521
      vertex 23.15 0 13.0975
      vertex 22.0774 0 13.1309
    endloop
  endfacet
  facet normal 0 -1 0
    outer loop
      vertex 21.5281 0 13.0048
      vertex 23.15 0 13.0975
      vertex 21.8161 0 13.0521
    endloop
  endfacet
  facet normal 0 -1 0
    outer loop
      vertex 30.1231 0 13.0975
      vertex 32.7182 0 13.0107
      vertex 32.2056 0 13.0938
    endloop
  endfacet
  facet normal 0 -1 0
    outer loop
      vertex 0 0 0
      vertex 30.1231 0 13.0975
      vertex 29.1412 0 13.0975
    endloop
  endfacet
  facet normal 0 -1 0
    outer loop
      vertex 34.3571 0 14.7291
      vertex 33.532 0 13.8292
      vertex 33.7056 0 13.8625
    endloop
  endfacet
  facet normal 0 -1 0
    outer loop
      vertex 32.6008 0 14.0586
      vertex 32.8505 0 13.8292
      vertex 32.9832 0 13.7971
    endloop
  endfacet
  facet normal 0 -1 0
    outer loop
      vertex 32.523 0 14.5514
      vertex 33.3801 0 13.8055
      vertex 33.532 0 13.8292
    endloop
  endfacet
  facet normal 0 -1 0
    outer loop
      vertex 32.5575 0 14.1913
      vertex 32.9832 0 13.7971
      vertex 33.1414 0 13.7865
    endloop
  endfacet
  facet normal 0 -1 0
    outer loop
      vertex 32.523 0 14.5514
      vertex 33.2499 0 13.7912
      vertex 33.3801 0 13.8055
    endloop
  endfacet
  facet normal 0 -1 0
    outer loop
      vertex 32.5316 0 14.3556
      vertex 33.1414 0 13.7865
      vertex 33.2499 0 13.7912
    endloop
  endfacet
  facet normal 0 -1 0
    outer loop
      vertex 36.8505 0 13.7214
      vertex 35.3166 0 14.9325
      vertex 35.4471 0 14.5721
    endloop
  endfacet
  facet normal 0 -1 0
    outer loop
      vertex 35.3166 0 14.9325
      vertex 37.1521 0 13.7373
      vertex 38.3858 0 14.6219
    endloop
  endfacet
  facet normal 0 -1 0
    outer loop
      vertex 36.4731 0 13.7556
      vertex 35.4471 0 14.5721
      vertex 35.6298 0 14.2693
    endloop
  endfacet
  facet normal -0 -1 0
    outer loop
      vertex 37.4222 0 13.7851
      vertex 38.3858 0 14.6219
      vertex 37.1521 0 13.7373
    endloop
  endfacet
  facet normal -0 -1 0
    outer loop
      vertex 37.8676 0 13.9763
      vertex 38.3858 0 14.6219
      vertex 37.4222 0 13.7851
    endloop
  endfacet
  facet normal 0 -1 0
    outer loop
      vertex 36.4731 0 13.7556
      vertex 35.6298 0 14.2693
      vertex 35.8628 0 14.0295
    endloop
  endfacet
  facet normal 0 -1 0
    outer loop
      vertex 38.3858 0 14.6219
      vertex 38.0435 0 14.1123
      vertex 38.3026 0 14.4351
    endloop
  endfacet
  facet normal 0 -1 0
    outer loop
      vertex 38.3026 0 14.4351
      vertex 38.0435 0 14.1123
      vertex 38.1884 0 14.2652
    endloop
  endfacet
  facet normal 0 -1 0
    outer loop
      vertex 36.4731 0 13.7556
      vertex 35.8628 0 14.0295
      vertex 36.1439 0 13.8583
    endloop
  endfacet
  facet normal 0 -1 0
    outer loop
      vertex 38.3858 0 14.6219
      vertex 37.8676 0 13.9763
      vertex 38.0435 0 14.1123
    endloop
  endfacet
  facet normal 0 -1 0
    outer loop
      vertex 35.4471 0 14.5721
      vertex 36.4731 0 13.7556
      vertex 36.8505 0 13.7214
    endloop
  endfacet
  facet normal 0 -1 0
    outer loop
      vertex 37.8676 0 13.9763
      vertex 37.4222 0 13.7851
      vertex 37.6607 0 13.8648
    endloop
  endfacet
  facet normal 0 -1 0
    outer loop
      vertex 35.3166 0 14.9325
      vertex 36.8505 0 13.7214
      vertex 37.1521 0 13.7373
    endloop
  endfacet
  facet normal 0 -1 0
    outer loop
      vertex 47.0165 0 15.4059
      vertex 47.0256 0 13.8604
      vertex 47.1908 0 15.3116
    endloop
  endfacet
  facet normal 0 -1 0
    outer loop
      vertex 47.1908 0 15.3116
      vertex 47.5672 0 14.6437
      vertex 47.3285 0 15.2078
    endloop
  endfacet
  facet normal 0 -1 0
    outer loop
      vertex 44.7258 0 14.2347
      vertex 45.8583 0 15.7503
      vertex 44.6136 0 14.4234
    endloop
  endfacet
  facet normal -0 -1 -0
    outer loop
      vertex 47.5523 0 14.8091
      vertex 47.3285 0 15.2078
      vertex 47.5672 0 14.6437
    endloop
  endfacet
  facet normal 0 -1 0
    outer loop
      vertex 45.8583 0 15.7503
      vertex 44.7258 0 14.2347
      vertex 45.0499 0 13.9519
    endloop
  endfacet
  facet normal 0 -1 0
    outer loop
      vertex 47.3285 0 15.2078
      vertex 47.5523 0 14.8091
      vertex 47.4329 0 15.0912
    endloop
  endfacet
  facet normal 0 -1 0
    outer loop
      vertex 45.0499 0 13.9519
      vertex 44.7258 0 14.2347
      vertex 44.8713 0 14.0776
    endloop
  endfacet
  facet normal 0 -1 0
    outer loop
      vertex 47.4329 0 15.0912
      vertex 47.5523 0 14.8091
      vertex 47.5075 0 14.9583
    endloop
  endfacet
  facet normal 0 -1 0
    outer loop
      vertex 45.8583 0 15.7503
      vertex 45.0499 0 13.9519
      vertex 45.2642 0 13.8558
    endloop
  endfacet
  facet normal 0 -1 0
    outer loop
      vertex 47.5672 0 14.6437
      vertex 47.0256 0 13.8604
      vertex 47.5457 0 14.43
    endloop
  endfacet
  facet normal 0 -1 0
    outer loop
      vertex 45.8067 0 13.7459
      vertex 45.8583 0 15.7503
      vertex 45.5165 0 13.7871
    endloop
  endfacet
  facet normal -0 -1 0
    outer loop
      vertex 47.2227 0 13.9601
      vertex 47.5457 0 14.43
      vertex 47.0256 0 13.8604
    endloop
  endfacet
  facet normal 0 -1 -0
    outer loop
      vertex 46.5582 0 15.5659
      vertex 46.4817 0 13.7465
      vertex 46.8057 0 15.4906
    endloop
  endfacet
  facet normal 0 -1 0
    outer loop
      vertex 47.5457 0 14.43
      vertex 47.2227 0 13.9601
      vertex 47.4811 0 14.2449
    endloop
  endfacet
  facet normal -0 -1 0
    outer loop
      vertex 47.5672 0 14.6437
      vertex 47.1908 0 15.3116
      vertex 47.0256 0 13.8604
    endloop
  endfacet
  facet normal 0 -1 0
    outer loop
      vertex 47.4811 0 14.2449
      vertex 47.2227 0 13.9601
      vertex 47.3734 0 14.0882
    endloop
  endfacet
  facet normal 0 -1 0
    outer loop
      vertex 12.7425 0 13.0975
      vertex 16.8764 0 16.6401
      vertex 12.7425 0 16.6401
    endloop
  endfacet
  facet normal 0 -1 -0
    outer loop
      vertex 16.8764 0 16.6401
      vertex 12.7425 0 13.0975
      vertex 16.8764 0 13.0975
    endloop
  endfacet
  facet normal 0 -1 0
    outer loop
      vertex 29.134 0 17.093
      vertex 27.9314 0 18.3217
      vertex 27.5974 0 18.2916
    endloop
  endfacet
  facet normal 0 -1 0
    outer loop
      vertex 27.9314 0 18.3217
      vertex 29.1127 0 17.3344
      vertex 28.1582 0 18.3129
    endloop
  endfacet
  facet normal -0 -1 -0
    outer loop
      vertex 29.0771 0 17.5433
      vertex 28.1582 0 18.3129
      vertex 29.1127 0 17.3344
    endloop
  endfacet
  facet normal 0 -1 0
    outer loop
      vertex 29.134 0 17.093
      vertex 27.5974 0 18.2916
      vertex 27.3008 0 18.201
    endloop
  endfacet
  facet normal 0 -1 0
    outer loop
      vertex 28.1582 0 18.3129
      vertex 29.0771 0 17.5433
      vertex 28.3559 0 18.2865
    endloop
  endfacet
  facet normal 0 -1 0
    outer loop
      vertex 28.3559 0 18.2865
      vertex 29.0272 0 17.7196
      vertex 28.5244 0 18.2424
    endloop
  endfacet
  facet normal 0 -1 0
    outer loop
      vertex 29.134 0 17.093
      vertex 27.3008 0 18.201
      vertex 27.0414 0 18.0502
    endloop
  endfacet
  facet normal -0 -1 -0
    outer loop
      vertex 28.9618 0 17.8684
      vertex 28.5244 0 18.2424
      vertex 29.0272 0 17.7196
    endloop
  endfacet
  facet normal -0 -1 -0
    outer loop
      vertex 28.8794 0 17.9949
      vertex 28.6637 0 18.1807
      vertex 28.9618 0 17.8684
    endloop
  endfacet
  facet normal 0 -1 0
    outer loop
      vertex 29.134 0 17.093
      vertex 27.0414 0 18.0502
      vertex 26.8193 0 17.8389
    endloop
  endfacet
  facet normal 0 -1 0
    outer loop
      vertex 28.6637 0 18.1807
      vertex 28.8794 0 17.9949
      vertex 28.78 0 18.099
    endloop
  endfacet
  facet normal 0 -1 0
    outer loop
      vertex 29.134 0 17.093
      vertex 26.8193 0 17.8389
      vertex 26.6413 0 17.5741
    endloop
  endfacet
  facet normal 0 -1 0
    outer loop
      vertex 28.5244 0 18.2424
      vertex 28.9618 0 17.8684
      vertex 28.6637 0 18.1807
    endloop
  endfacet
  facet normal -0 -1 -0
    outer loop
      vertex 29.0272 0 17.7196
      vertex 28.3559 0 18.2865
      vertex 29.0771 0 17.5433
    endloop
  endfacet
  facet normal 0 -1 0
    outer loop
      vertex 29.134 0 17.093
      vertex 26.6413 0 17.5741
      vertex 26.5142 0 17.2625
    endloop
  endfacet
  facet normal 0 -1 0
    outer loop
      vertex 27.9314 0 18.3217
      vertex 29.134 0 17.093
      vertex 29.1127 0 17.3344
    endloop
  endfacet
  facet normal 0 -1 0
    outer loop
      vertex 29.1412 0 16.819
      vertex 26.5142 0 17.2625
      vertex 26.4379 0 16.9042
    endloop
  endfacet
  facet normal 0 -1 0
    outer loop
      vertex 26.5142 0 17.2625
      vertex 29.1412 0 16.819
      vertex 29.134 0 17.093
    endloop
  endfacet
  facet normal 0 -1 0
    outer loop
      vertex 26.4124 0 16.4989
      vertex 29.1412 0 16.819
      vertex 26.4379 0 16.9042
    endloop
  endfacet
  facet normal 0 -1 0
    outer loop
      vertex 29.1412 0 13.0975
      vertex 26.4124 0 16.4989
      vertex 26.4124 0 13.0975
    endloop
  endfacet
  facet normal 0 -1 0
    outer loop
      vertex 26.4124 0 16.4989
      vertex 29.1412 0 13.0975
      vertex 29.1412 0 16.819
    endloop
  endfacet
  facet normal 0 -1 0
    outer loop
      vertex 77.6244 0 14.0414
      vertex 77.6472 0 13.9221
      vertex 77.6461 0 14.0414
    endloop
  endfacet
  facet normal 0 -1 0
    outer loop
      vertex 77.4777 0 13.7794
      vertex 77.6472 0 13.9221
      vertex 77.6244 0 14.0414
    endloop
  endfacet
  facet normal 0 -1 -0
    outer loop
      vertex 77.6472 0 13.9221
      vertex 77.4777 0 13.7794
      vertex 77.6508 0 13.7919
    endloop
  endfacet
  facet normal 0 -1 0
    outer loop
      vertex 77.4777 0 13.7794
      vertex 77.6567 0 13.6508
      vertex 77.6508 0 13.7919
    endloop
  endfacet
  facet normal 0 -1 0
    outer loop
      vertex 77.309 0 13.5573
      vertex 77.6567 0 13.6508
      vertex 77.4777 0 13.7794
    endloop
  endfacet
  facet normal 0 -1 0
    outer loop
      vertex 77.309 0 13.5573
      vertex 77.665 0 13.4989
      vertex 77.6567 0 13.6508
    endloop
  endfacet
  facet normal 0 -1 0
    outer loop
      vertex 77.6744 0 13.3559
      vertex 77.309 0 13.5573
      vertex 77.1183 0 13.3752
    endloop
  endfacet
  facet normal 0 -1 0
    outer loop
      vertex 77.309 0 13.5573
      vertex 77.6744 0 13.3559
      vertex 77.665 0 13.4989
    endloop
  endfacet
  facet normal 0 -1 0
    outer loop
      vertex 77.1183 0 13.3752
      vertex 77.6834 0 13.2413
      vertex 77.6744 0 13.3559
    endloop
  endfacet
  facet normal 0 -1 0
    outer loop
      vertex 77.7003 0 13.0975
      vertex 77.1183 0 13.3752
      vertex 76.9055 0 13.2331
    endloop
  endfacet
  facet normal 0 -1 0
    outer loop
      vertex 77.1183 0 13.3752
      vertex 77.692 0 13.1551
      vertex 77.6834 0 13.2413
    endloop
  endfacet
  facet normal 0 -1 0
    outer loop
      vertex 77.7003 0 13.0975
      vertex 76.9055 0 13.2331
      vertex 76.6684 0 13.1263
    endloop
  endfacet
  facet normal 0 -1 0
    outer loop
      vertex 77.1183 0 13.3752
      vertex 77.7003 0 13.0975
      vertex 77.692 0 13.1551
    endloop
  endfacet
  facet normal 0 -1 0
    outer loop
      vertex 76.1137 0 13.0043
      vertex 77.7003 0 13.0975
      vertex 76.4044 0 13.05
    endloop
  endfacet
  facet normal 0 -1 0
    outer loop
      vertex 76.4044 0 13.05
      vertex 77.7003 0 13.0975
      vertex 76.6684 0 13.1263
    endloop
  endfacet
  facet normal 0 -1 0
    outer loop
      vertex 43.316 0 29.1839
      vertex 42.6204 0 30.7228
      vertex 42.2968 0 30.7099
    endloop
  endfacet
  facet normal 0 -1 0
    outer loop
      vertex 42.7885 0 28.7155
      vertex 42.2968 0 30.7099
      vertex 42.0148 0 30.6821
    endloop
  endfacet
  facet normal 0 -1 0
    outer loop
      vertex 42.341 0 28.5324
      vertex 42.0148 0 30.6821
      vertex 41.7746 0 30.6393
    endloop
  endfacet
  facet normal 0 -1 0
    outer loop
      vertex 42.0949 0 28.4866
      vertex 41.7746 0 30.6393
      vertex 41.576 0 30.5817
    endloop
  endfacet
  facet normal 0 -1 0
    outer loop
      vertex 42.0949 0 28.4866
      vertex 41.576 0 30.5817
      vertex 41.4087 0 30.5078
    endloop
  endfacet
  facet normal 0 -1 0
    outer loop
      vertex 40.8885 0 29.867
      vertex 41.4087 0 30.5078
      vertex 41.2621 0 30.4162
    endloop
  endfacet
  facet normal 0 -1 0
    outer loop
      vertex 40.8885 0 29.867
      vertex 41.2621 0 30.4162
      vertex 41.1361 0 30.307
    endloop
  endfacet
  facet normal 0 -1 0
    outer loop
      vertex 42.6204 0 30.7228
      vertex 43.6892 0 30.2617
      vertex 43.6892 0 30.7445
    endloop
  endfacet
  facet normal 0 -1 0
    outer loop
      vertex 40.8885 0 29.867
      vertex 41.1361 0 30.307
      vertex 41.0308 0 30.1802
    endloop
  endfacet
  facet normal 0 -1 0
    outer loop
      vertex 42.6204 0 30.7228
      vertex 43.6741 0 30.038
      vertex 43.6892 0 30.2617
    endloop
  endfacet
  facet normal 0 -1 0
    outer loop
      vertex 40.8885 0 29.867
      vertex 41.0308 0 30.1802
      vertex 40.9478 0 30.0341
    endloop
  endfacet
  facet normal 0 -1 0
    outer loop
      vertex 41.4087 0 30.5078
      vertex 40.8885 0 29.867
      vertex 40.8529 0 29.6788
    endloop
  endfacet
  facet normal 0 -1 0
    outer loop
      vertex 42.6204 0 30.7228
      vertex 43.6288 0 29.8175
      vertex 43.6741 0 30.038
    endloop
  endfacet
  facet normal 0 -1 -0
    outer loop
      vertex 41.4087 0 30.5078
      vertex 40.8529 0 29.6788
      vertex 42.0949 0 28.4866
    endloop
  endfacet
  facet normal 0 -1 0
    outer loop
      vertex 42.6204 0 30.7228
      vertex 43.5533 0 29.6
      vertex 43.6288 0 29.8175
    endloop
  endfacet
  facet normal 0 -1 0
    outer loop
      vertex 41.8338 0 28.4713
      vertex 40.8529 0 29.6788
      vertex 40.841 0 29.4696
    endloop
  endfacet
  facet normal 0 -1 0
    outer loop
      vertex 42.6204 0 30.7228
      vertex 43.4477 0 29.3855
      vertex 43.5533 0 29.6
    endloop
  endfacet
  facet normal 0 -1 0
    outer loop
      vertex 41.8338 0 28.4713
      vertex 40.841 0 29.4696
      vertex 40.8571 0 29.2444
    endloop
  endfacet
  facet normal 0 -1 0
    outer loop
      vertex 42.6204 0 30.7228
      vertex 43.316 0 29.1839
      vertex 43.4477 0 29.3855
    endloop
  endfacet
  facet normal 0 -1 0
    outer loop
      vertex 41.6088 0 28.4876
      vertex 40.8571 0 29.2444
      vertex 40.9054 0 29.0464
    endloop
  endfacet
  facet normal 0 -1 0
    outer loop
      vertex 42.2968 0 30.7099
      vertex 43.1622 0 29.0051
      vertex 43.316 0 29.1839
    endloop
  endfacet
  facet normal 0 -1 0
    outer loop
      vertex 41.4113 0 28.5364
      vertex 40.9054 0 29.0464
      vertex 40.9859 0 28.8755
    endloop
  endfacet
  facet normal 0 -1 0
    outer loop
      vertex 42.2968 0 30.7099
      vertex 42.9864 0 28.8489
      vertex 43.1622 0 29.0051
    endloop
  endfacet
  facet normal 0 -1 0
    outer loop
      vertex 41.4113 0 28.5364
      vertex 40.9859 0 28.8755
      vertex 41.0987 0 28.7317
    endloop
  endfacet
  facet normal 0 -1 0
    outer loop
      vertex 42.2968 0 30.7099
      vertex 42.7885 0 28.7155
      vertex 42.9864 0 28.8489
    endloop
  endfacet
  facet normal 0 -1 0
    outer loop
      vertex 41.4113 0 28.5364
      vertex 41.0987 0 28.7317
      vertex 41.2413 0 28.6178
    endloop
  endfacet
  facet normal 0 -1 0
    outer loop
      vertex 42.0148 0 30.6821
      vertex 42.5722 0 28.6087
      vertex 42.7885 0 28.7155
    endloop
  endfacet
  facet normal 0 -1 0
    outer loop
      vertex 40.9054 0 29.0464
      vertex 41.4113 0 28.5364
      vertex 41.6088 0 28.4876
    endloop
  endfacet
  facet normal 0 -1 0
    outer loop
      vertex 42.0148 0 30.6821
      vertex 42.341 0 28.5324
      vertex 42.5722 0 28.6087
    endloop
  endfacet
  facet normal 0 -1 0
    outer loop
      vertex 40.8571 0 29.2444
      vertex 41.6088 0 28.4876
      vertex 41.8338 0 28.4713
    endloop
  endfacet
  facet normal 0 -1 0
    outer loop
      vertex 41.7746 0 30.6393
      vertex 42.0949 0 28.4866
      vertex 42.341 0 28.5324
    endloop
  endfacet
  facet normal 0 -1 0
    outer loop
      vertex 40.8529 0 29.6788
      vertex 41.8338 0 28.4713
      vertex 42.0949 0 28.4866
    endloop
  endfacet
  facet normal 0 -1 0
    outer loop
      vertex 35.1029 0 32.37
      vertex 36.4122 0 33.1043
      vertex 36.0753 0 33.0746
    endloop
  endfacet
  facet normal 0 -1 0
    outer loop
      vertex 36.4122 0 33.1043
      vertex 37.8484 0 32.1272
      vertex 36.757 0 33.0777
    endloop
  endfacet
  facet normal 0 -1 0
    outer loop
      vertex 35.2865 0 32.6296
      vertex 36.0753 0 33.0746
      vertex 35.7754 0 32.9856
    endloop
  endfacet
  facet normal -0 -1 -0
    outer loop
      vertex 37.7111 0 32.4342
      vertex 36.757 0 33.0777
      vertex 37.8484 0 32.1272
    endloop
  endfacet
  facet normal 0 -1 0
    outer loop
      vertex 35.2865 0 32.6296
      vertex 35.7754 0 32.9856
      vertex 35.5125 0 32.8373
    endloop
  endfacet
  facet normal 0 -1 0
    outer loop
      vertex 37.0591 0 32.9978
      vertex 37.7111 0 32.4342
      vertex 37.3185 0 32.8648
    endloop
  endfacet
  facet normal 0 -1 0
    outer loop
      vertex 36.0753 0 33.0746
      vertex 35.2865 0 32.6296
      vertex 35.1029 0 32.37
    endloop
  endfacet
  facet normal 0 -1 0
    outer loop
      vertex 37.3185 0 32.8648
      vertex 37.7111 0 32.4342
      vertex 37.5351 0 32.6785
    endloop
  endfacet
  facet normal 0 -1 0
    outer loop
      vertex 36.4122 0 33.1043
      vertex 35.1029 0 32.37
      vertex 34.9671 0 32.0661
    endloop
  endfacet
  facet normal 0 -1 0
    outer loop
      vertex 36.757 0 33.0777
      vertex 37.7111 0 32.4342
      vertex 37.0591 0 32.9978
    endloop
  endfacet
  facet normal 0 -1 -0
    outer loop
      vertex 36.4122 0 33.1043
      vertex 34.9671 0 32.0661
      vertex 37.8484 0 32.1272
    endloop
  endfacet
  facet normal 0 -1 0
    outer loop
      vertex 34.9671 0 32.0661
      vertex 37.9471 0 31.7574
      vertex 37.8484 0 32.1272
    endloop
  endfacet
  facet normal 0 -1 0
    outer loop
      vertex 34.8791 0 31.7177
      vertex 37.9471 0 31.7574
      vertex 34.9671 0 32.0661
    endloop
  endfacet
  facet normal 0 -1 0
    outer loop
      vertex 34.8389 0 31.3249
      vertex 37.9471 0 31.7574
      vertex 34.8791 0 31.7177
    endloop
  endfacet
  facet normal 0 -1 -0
    outer loop
      vertex 37.9471 0 31.7574
      vertex 34.8389 0 31.3249
      vertex 38.0071 0 31.3249
    endloop
  endfacet
  facet normal 0 -1 0
    outer loop
      vertex 62.2455 0 32.37
      vertex 63.5548 0 33.1043
      vertex 63.2179 0 33.0746
    endloop
  endfacet
  facet normal 0 -1 0
    outer loop
      vertex 63.5548 0 33.1043
      vertex 64.991 0 32.1272
      vertex 63.8996 0 33.0777
    endloop
  endfacet
  facet normal 0 -1 0
    outer loop
      vertex 62.429 0 32.6296
      vertex 63.2179 0 33.0746
      vertex 62.918 0 32.9856
    endloop
  endfacet
  facet normal -0 -1 -0
    outer loop
      vertex 64.8537 0 32.4342
      vertex 63.8996 0 33.0777
      vertex 64.991 0 32.1272
    endloop
  endfacet
  facet normal 0 -1 0
    outer loop
      vertex 62.429 0 32.6296
      vertex 62.918 0 32.9856
      vertex 62.655 0 32.8373
    endloop
  endfacet
  facet normal 0 -1 0
    outer loop
      vertex 64.2017 0 32.9978
      vertex 64.8537 0 32.4342
      vertex 64.461 0 32.8648
    endloop
  endfacet
  facet normal 0 -1 0
    outer loop
      vertex 63.2179 0 33.0746
      vertex 62.429 0 32.6296
      vertex 62.2455 0 32.37
    endloop
  endfacet
  facet normal 0 -1 0
    outer loop
      vertex 64.461 0 32.8648
      vertex 64.8537 0 32.4342
      vertex 64.6777 0 32.6785
    endloop
  endfacet
  facet normal 0 -1 0
    outer loop
      vertex 63.5548 0 33.1043
      vertex 62.2455 0 32.37
      vertex 62.1097 0 32.0661
    endloop
  endfacet
  facet normal 0 -1 0
    outer loop
      vertex 63.8996 0 33.0777
      vertex 64.8537 0 32.4342
      vertex 64.2017 0 32.9978
    endloop
  endfacet
  facet normal 0 -1 -0
    outer loop
      vertex 63.5548 0 33.1043
      vertex 62.1097 0 32.0661
      vertex 64.991 0 32.1272
    endloop
  endfacet
  facet normal 0 -1 0
    outer loop
      vertex 62.1097 0 32.0661
      vertex 65.0897 0 31.7574
      vertex 64.991 0 32.1272
    endloop
  endfacet
  facet normal 0 -1 0
    outer loop
      vertex 62.0217 0 31.7177
      vertex 65.0897 0 31.7574
      vertex 62.1097 0 32.0661
    endloop
  endfacet
  facet normal 0 -1 0
    outer loop
      vertex 61.9815 0 31.3249
      vertex 65.0897 0 31.7574
      vertex 62.0217 0 31.7177
    endloop
  endfacet
  facet normal 0 -1 -0
    outer loop
      vertex 65.0897 0 31.7574
      vertex 61.9815 0 31.3249
      vertex 65.1497 0 31.3249
    endloop
  endfacet
  facet normal 0 -1 0
    outer loop
      vertex 74.8469 0 17.4939
      vertex 76.0565 0 18.3543
      vertex 75.7133 0 18.3202
    endloop
  endfacet
  facet normal 0 -1 -0
    outer loop
      vertex 76.0565 0 18.3543
      vertex 74.8469 0 17.4939
      vertex 76.4383 0 18.3204
    endloop
  endfacet
  facet normal 0 -1 0
    outer loop
      vertex 74.9905 0 17.8091
      vertex 75.7133 0 18.3202
      vertex 75.4212 0 18.218
    endloop
  endfacet
  facet normal -0 -1 0
    outer loop
      vertex 77.4138 0 17.5016
      vertex 76.4383 0 18.3204
      vertex 74.8469 0 17.4939
    endloop
  endfacet
  facet normal 0 -1 0
    outer loop
      vertex 74.9905 0 17.8091
      vertex 75.4212 0 18.218
      vertex 75.1803 0 18.0476
    endloop
  endfacet
  facet normal 0 -1 0
    outer loop
      vertex 75.7133 0 18.3202
      vertex 74.9905 0 17.8091
      vertex 74.8469 0 17.4939
    endloop
  endfacet
  facet normal 0 -1 0
    outer loop
      vertex 76.4383 0 18.3204
      vertex 77.4138 0 17.5016
      vertex 76.7645 0 18.2187
    endloop
  endfacet
  facet normal 0 -1 0
    outer loop
      vertex 76.7645 0 18.2187
      vertex 77.2501 0 17.8118
      vertex 77.0351 0 18.0491
    endloop
  endfacet
  facet normal 0 -1 0
    outer loop
      vertex 76.7645 0 18.2187
      vertex 77.4138 0 17.5016
      vertex 77.2501 0 17.8118
    endloop
  endfacet
  facet normal 0 -1 0
    outer loop
      vertex 74.7444 0 17.0937
      vertex 77.4138 0 17.5016
      vertex 74.8469 0 17.4939
    endloop
  endfacet
  facet normal 0 -1 -0
    outer loop
      vertex 77.4138 0 17.5016
      vertex 74.7444 0 17.0937
      vertex 77.5308 0 17.1133
    endloop
  endfacet
  facet normal 0 -1 0
    outer loop
      vertex 74.7444 0 17.0937
      vertex 77.601 0 16.6471
      vertex 77.5308 0 17.1133
    endloop
  endfacet
  facet normal 0 -1 0
    outer loop
      vertex 74.6828 0 16.6083
      vertex 77.601 0 16.6471
      vertex 74.7444 0 17.0937
    endloop
  endfacet
  facet normal 0 -1 0
    outer loop
      vertex 74.6828 0 16.6083
      vertex 77.6244 0 16.1029
      vertex 77.601 0 16.6471
    endloop
  endfacet
  facet normal 0 -1 0
    outer loop
      vertex 74.6623 0 16.0378
      vertex 77.6244 0 16.1029
      vertex 74.6828 0 16.6083
    endloop
  endfacet
  facet normal 0 -1 0
    outer loop
      vertex 74.6623 0 16.0378
      vertex 77.601 0 15.5377
      vertex 77.6244 0 16.1029
    endloop
  endfacet
  facet normal 0 -1 0
    outer loop
      vertex 74.6826 0 15.4658
      vertex 77.601 0 15.5377
      vertex 74.6623 0 16.0378
    endloop
  endfacet
  facet normal 0 -1 0
    outer loop
      vertex 74.6826 0 15.4658
      vertex 77.5308 0 15.0519
      vertex 77.601 0 15.5377
    endloop
  endfacet
  facet normal 0 -1 0
    outer loop
      vertex 74.7437 0 14.9813
      vertex 77.5308 0 15.0519
      vertex 74.6826 0 15.4658
    endloop
  endfacet
  facet normal 0 -1 0
    outer loop
      vertex 74.7437 0 14.9813
      vertex 77.4138 0 14.6453
      vertex 77.5308 0 15.0519
    endloop
  endfacet
  facet normal 0 -1 0
    outer loop
      vertex 74.8454 0 14.5843
      vertex 77.4138 0 14.6453
      vertex 74.7437 0 14.9813
    endloop
  endfacet
  facet normal 0 -1 0
    outer loop
      vertex 76.4323 0 13.779
      vertex 77.4138 0 14.6453
      vertex 74.8454 0 14.5843
    endloop
  endfacet
  facet normal 0 -1 0
    outer loop
      vertex 75.705 0 13.7763
      vertex 74.8454 0 14.5843
      vertex 74.9878 0 14.2747
    endloop
  endfacet
  facet normal 0 -1 0
    outer loop
      vertex 77.4138 0 14.6453
      vertex 76.4323 0 13.779
      vertex 77.2501 0 14.3182
    endloop
  endfacet
  facet normal 0 -1 0
    outer loop
      vertex 75.705 0 13.7763
      vertex 74.9878 0 14.2747
      vertex 75.176 0 14.0421
    endloop
  endfacet
  facet normal -0 -1 0
    outer loop
      vertex 76.7618 0 13.8869
      vertex 77.2501 0 14.3182
      vertex 76.4323 0 13.779
    endloop
  endfacet
  facet normal 0 -1 0
    outer loop
      vertex 75.705 0 13.7763
      vertex 75.176 0 14.0421
      vertex 75.4151 0 13.876
    endloop
  endfacet
  facet normal 0 -1 0
    outer loop
      vertex 77.2501 0 14.3182
      vertex 76.7618 0 13.8869
      vertex 77.0344 0 14.0666
    endloop
  endfacet
  facet normal 0 -1 0
    outer loop
      vertex 74.8454 0 14.5843
      vertex 75.705 0 13.7763
      vertex 76.0457 0 13.7431
    endloop
  endfacet
  facet normal 0 -1 0
    outer loop
      vertex 74.8454 0 14.5843
      vertex 76.0457 0 13.7431
      vertex 76.4323 0 13.779
    endloop
  endfacet
  facet normal 0 -1 0
    outer loop
      vertex 35.487 0 17.62
      vertex 36.7963 0 18.3543
      vertex 36.4594 0 18.3246
    endloop
  endfacet
  facet normal 0 -1 0
    outer loop
      vertex 36.7963 0 18.3543
      vertex 38.2325 0 17.3771
      vertex 37.1411 0 18.3277
    endloop
  endfacet
  facet normal 0 -1 0
    outer loop
      vertex 35.6705 0 17.8796
      vertex 36.4594 0 18.3246
      vertex 36.1595 0 18.2356
    endloop
  endfacet
  facet normal -0 -1 -0
    outer loop
      vertex 38.0952 0 17.6842
      vertex 37.1411 0 18.3277
      vertex 38.2325 0 17.3771
    endloop
  endfacet
  facet normal 0 -1 0
    outer loop
      vertex 35.6705 0 17.8796
      vertex 36.1595 0 18.2356
      vertex 35.8965 0 18.0873
    endloop
  endfacet
  facet normal 0 -1 0
    outer loop
      vertex 37.4432 0 18.2478
      vertex 38.0952 0 17.6842
      vertex 37.7025 0 18.1148
    endloop
  endfacet
  facet normal 0 -1 0
    outer loop
      vertex 36.4594 0 18.3246
      vertex 35.6705 0 17.8796
      vertex 35.487 0 17.62
    endloop
  endfacet
  facet normal 0 -1 0
    outer loop
      vertex 37.7025 0 18.1148
      vertex 38.0952 0 17.6842
      vertex 37.9192 0 17.9284
    endloop
  endfacet
  facet normal 0 -1 0
    outer loop
      vertex 36.7963 0 18.3543
      vertex 35.487 0 17.62
      vertex 35.3512 0 17.3161
    endloop
  endfacet
  facet normal 0 -1 0
    outer loop
      vertex 37.1411 0 18.3277
      vertex 38.0952 0 17.6842
      vertex 37.4432 0 18.2478
    endloop
  endfacet
  facet normal 0 -1 -0
    outer loop
      vertex 36.7963 0 18.3543
      vertex 35.3512 0 17.3161
      vertex 38.2325 0 17.3771
    endloop
  endfacet
  facet normal 0 -1 0
    outer loop
      vertex 35.3512 0 17.3161
      vertex 38.3312 0 17.0074
      vertex 38.2325 0 17.3771
    endloop
  endfacet
  facet normal 0 -1 0
    outer loop
      vertex 35.2632 0 16.9677
      vertex 38.3312 0 17.0074
      vertex 35.3512 0 17.3161
    endloop
  endfacet
  facet normal 0 -1 0
    outer loop
      vertex 35.223 0 16.5749
      vertex 38.3312 0 17.0074
      vertex 35.2632 0 16.9677
    endloop
  endfacet
  facet normal 0 -1 -0
    outer loop
      vertex 38.3312 0 17.0074
      vertex 35.223 0 16.5749
      vertex 38.3912 0 16.5749
    endloop
  endfacet
  facet normal -1 0 0
    outer loop
      vertex 77 9.5 39.6364
      vertex 77 60.5 47
      vertex 77 60.5 39.6364
    endloop
  endfacet
  facet normal -1 -0 0
    outer loop
      vertex 77 60.5 47
      vertex 77 9.5 39.6364
      vertex 77 9.5 47
    endloop
  endfacet
  facet normal -0 0 1
    outer loop
      vertex 70.5 60.5 39.6364
      vertex 77 9.5 39.6364
      vertex 77 60.5 39.6364
    endloop
  endfacet
  facet normal 0 0 1
    outer loop
      vertex 77 9.5 39.6364
      vertex 70.5 60.5 39.6364
      vertex 70.5 9.5 39.6364
    endloop
  endfacet
  facet normal -0 0 1
    outer loop
      vertex 13 60.5 39.6364
      vertex 19.5 9.5 39.6364
      vertex 19.5 60.5 39.6364
    endloop
  endfacet
  facet normal 0 0 1
    outer loop
      vertex 19.5 9.5 39.6364
      vertex 13 60.5 39.6364
      vertex 13 9.5 39.6364
    endloop
  endfacet
  facet normal 1 -0 0
    outer loop
      vertex 13 9.5 47
      vertex 13 60.5 39.6364
      vertex 13 60.5 47
    endloop
  endfacet
  facet normal 1 0 0
    outer loop
      vertex 13 60.5 39.6364
      vertex 13 9.5 47
      vertex 13 9.5 39.6364
    endloop
  endfacet
  facet normal 0 -1 0
    outer loop
      vertex 70.5 60.5 39.6364
      vertex 77 60.5 47
      vertex 70.5 60.5 47
    endloop
  endfacet
  facet normal 0 -1 -0
    outer loop
      vertex 77 60.5 47
      vertex 70.5 60.5 39.6364
      vertex 77 60.5 39.6364
    endloop
  endfacet
  facet normal 0 -1 0
    outer loop
      vertex 13 60.5 39.6364
      vertex 19.5 60.5 47
      vertex 13 60.5 47
    endloop
  endfacet
  facet normal 0 -1 -0
    outer loop
      vertex 19.5 60.5 47
      vertex 13 60.5 39.6364
      vertex 19.5 60.5 39.6364
    endloop
  endfacet
  facet normal 0 1 -0
    outer loop
      vertex 77 9.5 39.6364
      vertex 70.5 9.5 47
      vertex 77 9.5 47
    endloop
  endfacet
  facet normal 0 1 0
    outer loop
      vertex 70.5 9.5 47
      vertex 77 9.5 39.6364
      vertex 70.5 9.5 39.6364
    endloop
  endfacet
  facet normal 0 1 -0
    outer loop
      vertex 19.5 9.5 39.6364
      vertex 13 9.5 47
      vertex 19.5 9.5 47
    endloop
  endfacet
  facet normal 0 1 0
    outer loop
      vertex 13 9.5 47
      vertex 19.5 9.5 39.6364
      vertex 13 9.5 39.6364
    endloop
  endfacet
  facet normal 0 -1 0
    outer loop
      vertex 26.3673 -0.95 27.8475
      vertex 27.398 -0.95 34.645
      vertex 26.3673 -0.95 34.645
    endloop
  endfacet
  facet normal 0 -1 -0
    outer loop
      vertex 27.398 -0.95 34.645
      vertex 26.3673 -0.95 27.8475
      vertex 27.398 -0.95 27.8475
    endloop
  endfacet
  facet normal 0 -1 0
    outer loop
      vertex 26.3673 -0.95 34.645
      vertex 23.7416 -0.95 35.4913
      vertex 23.7416 -0.95 34.645
    endloop
  endfacet
  facet normal 0 -1 0
    outer loop
      vertex 23.7416 -0.95 35.4913
      vertex 26.3673 -0.95 34.645
      vertex 30.0237 -0.95 35.4913
    endloop
  endfacet
  facet normal 0 -1 0
    outer loop
      vertex 27.398 -0.95 34.645
      vertex 30.0237 -0.95 35.4913
      vertex 26.3673 -0.95 34.645
    endloop
  endfacet
  facet normal 0 -1 -0
    outer loop
      vertex 30.0237 -0.95 35.4913
      vertex 27.398 -0.95 34.645
      vertex 30.0237 -0.95 34.645
    endloop
  endfacet
  facet normal 0 -1 0
    outer loop
      vertex 30.4695 -0.95 33.3511
      vertex 31.3775 -0.95 33.7173
      vertex 30.4553 -0.95 33.7173
    endloop
  endfacet
  facet normal 0 -1 0
    outer loop
      vertex 30.4695 -0.95 33.3511
      vertex 31.3965 -0.95 33.2681
      vertex 31.3775 -0.95 33.7173
    endloop
  endfacet
  facet normal 0 -1 0
    outer loop
      vertex 30.4796 -0.95 33.0012
      vertex 31.3965 -0.95 33.2681
      vertex 30.4695 -0.95 33.3511
    endloop
  endfacet
  facet normal 0 -1 0
    outer loop
      vertex 30.4796 -0.95 33.0012
      vertex 31.41 -0.95 32.9185
      vertex 31.3965 -0.95 33.2681
    endloop
  endfacet
  facet normal 0 -1 0
    outer loop
      vertex 30.4857 -0.95 32.6676
      vertex 31.41 -0.95 32.9185
      vertex 30.4796 -0.95 33.0012
    endloop
  endfacet
  facet normal 0 -1 -0
    outer loop
      vertex 31.41 -0.95 32.9185
      vertex 30.4857 -0.95 32.6676
      vertex 31.4182 -0.95 32.6686
    endloop
  endfacet
  facet normal 0 -1 0
    outer loop
      vertex 30.4857 -0.95 32.6676
      vertex 31.4209 -0.95 32.5185
      vertex 31.4182 -0.95 32.6686
    endloop
  endfacet
  facet normal 0 -1 0
    outer loop
      vertex 31.6443 -0.95 32.1171
      vertex 31.4426 -0.95 32.5185
      vertex 31.4209 -0.95 32.5185
    endloop
  endfacet
  facet normal 0 -1 0
    outer loop
      vertex 30.4877 -0.95 32.3502
      vertex 31.4209 -0.95 32.5185
      vertex 30.4857 -0.95 32.6676
    endloop
  endfacet
  facet normal 0 -1 0
    outer loop
      vertex 31.5443 -0.95 31.7705
      vertex 31.4209 -0.95 32.5185
      vertex 30.4877 -0.95 32.3502
    endloop
  endfacet
  facet normal 0 -1 0
    outer loop
      vertex 31.4426 -0.95 32.5185
      vertex 31.6443 -0.95 32.1171
      vertex 31.7844 -0.95 32.4072
    endloop
  endfacet
  facet normal 0 -1 0
    outer loop
      vertex 31.4209 -0.95 32.5185
      vertex 31.5443 -0.95 31.7705
      vertex 31.6443 -0.95 32.1171
    endloop
  endfacet
  facet normal 0 -1 0
    outer loop
      vertex 30.4877 -0.95 32.3502
      vertex 31.4843 -0.95 31.3671
      vertex 31.5443 -0.95 31.7705
    endloop
  endfacet
  facet normal 0 -1 0
    outer loop
      vertex 30.4877 -0.95 32.3502
      vertex 31.4643 -0.95 30.9072
      vertex 31.4843 -0.95 31.3671
    endloop
  endfacet
  facet normal 0 -1 0
    outer loop
      vertex 30.4877 -0.95 27.8475
      vertex 31.4643 -0.95 30.9072
      vertex 30.4877 -0.95 32.3502
    endloop
  endfacet
  facet normal 0 -1 -0
    outer loop
      vertex 31.4643 -0.95 30.9072
      vertex 30.4877 -0.95 27.8475
      vertex 31.4643 -0.95 27.8475
    endloop
  endfacet
  facet normal 0 -1 0
    outer loop
      vertex 32.3458 -0.95 33.7567
      vertex 32.4262 -0.95 32.898
      vertex 32.7121 -0.95 32.9307
    endloop
  endfacet
  facet normal 0 -1 0
    outer loop
      vertex 31.9624 -0.95 32.6362
      vertex 31.6935 -0.95 33.1532
      vertex 31.5636 -0.95 32.8657
    endloop
  endfacet
  facet normal 0 -1 0
    outer loop
      vertex 31.8321 -0.95 33.381
      vertex 32.1763 -0.95 32.7998
      vertex 32.4262 -0.95 32.898
    endloop
  endfacet
  facet normal 0 -1 0
    outer loop
      vertex 31.6935 -0.95 33.1532
      vertex 31.9624 -0.95 32.6362
      vertex 32.1763 -0.95 32.7998
    endloop
  endfacet
  facet normal 0 -1 0
    outer loop
      vertex 31.7844 -0.95 32.4072
      vertex 31.5636 -0.95 32.8657
      vertex 31.4426 -0.95 32.5185
    endloop
  endfacet
  facet normal 0 -1 0
    outer loop
      vertex 31.5636 -0.95 32.8657
      vertex 31.7844 -0.95 32.4072
      vertex 31.9624 -0.95 32.6362
    endloop
  endfacet
  facet normal 0 -1 0
    outer loop
      vertex 32.8667 -0.95 32.9273
      vertex 32.9348 -0.95 33.8224
      vertex 32.8368 -0.95 33.8258
    endloop
  endfacet
  facet normal 0 -1 0
    outer loop
      vertex 32.7121 -0.95 32.9307
      vertex 32.8368 -0.95 33.8258
      vertex 32.5757 -0.95 33.8085
    endloop
  endfacet
  facet normal 0 -1 -0
    outer loop
      vertex 32.9348 -0.95 33.8224
      vertex 32.8667 -0.95 32.9273
      vertex 33.0334 -0.95 33.8122
    endloop
  endfacet
  facet normal 0 -1 0
    outer loop
      vertex 33.005 -0.95 32.9171
      vertex 33.0334 -0.95 33.8122
      vertex 32.8667 -0.95 32.9273
    endloop
  endfacet
  facet normal 0 -1 0
    outer loop
      vertex 32.7121 -0.95 32.9307
      vertex 32.5757 -0.95 33.8085
      vertex 32.3458 -0.95 33.7567
    endloop
  endfacet
  facet normal 0 -1 0
    outer loop
      vertex 32.4262 -0.95 32.898
      vertex 32.3458 -0.95 33.7567
      vertex 32.1471 -0.95 33.6702
    endloop
  endfacet
  facet normal 0 -1 0
    outer loop
      vertex 32.4262 -0.95 32.898
      vertex 32.1471 -0.95 33.6702
      vertex 31.9796 -0.95 33.5492
    endloop
  endfacet
  facet normal 0 -1 0
    outer loop
      vertex 32.4262 -0.95 32.898
      vertex 31.9796 -0.95 33.5492
      vertex 31.8321 -0.95 33.381
    endloop
  endfacet
  facet normal 0 -1 0
    outer loop
      vertex 32.1763 -0.95 32.7998
      vertex 31.8321 -0.95 33.381
      vertex 31.6935 -0.95 33.1532
    endloop
  endfacet
  facet normal 0 -1 -0
    outer loop
      vertex 32.8368 -0.95 33.8258
      vertex 32.7121 -0.95 32.9307
      vertex 32.8667 -0.95 32.9273
    endloop
  endfacet
  facet normal 0 -1 -0
    outer loop
      vertex 33.0334 -0.95 33.8122
      vertex 33.005 -0.95 32.9171
      vertex 33.1328 -0.95 33.7953
    endloop
  endfacet
  facet normal 0 -1 -0
    outer loop
      vertex 33.1328 -0.95 33.7953
      vertex 33.005 -0.95 32.9171
      vertex 33.2329 -0.95 33.7716
    endloop
  endfacet
  facet normal 0 -1 0
    outer loop
      vertex 33.1271 -0.95 32.9002
      vertex 33.2329 -0.95 33.7716
      vertex 33.005 -0.95 32.9171
    endloop
  endfacet
  facet normal 0 -1 -0
    outer loop
      vertex 33.2329 -0.95 33.7716
      vertex 33.1271 -0.95 32.9002
      vertex 33.2329 -0.95 32.8765
    endloop
  endfacet
  facet normal 0 -1 0
    outer loop
      vertex 65.1497 -0.95 31.3249
      vertex 66.1588 -0.95 30.5763
      vertex 66.1588 -0.95 30.7065
    endloop
  endfacet
  facet normal 0 -1 0
    outer loop
      vertex 65.0611 -0.95 29.1851
      vertex 66.0014 -0.95 29.1278
      vertex 65.1443 -0.95 29.3719
    endloop
  endfacet
  facet normal 0 -1 0
    outer loop
      vertex 65.6546 -0.95 28.5202
      vertex 65.0611 -0.95 29.1851
      vertex 64.9469 -0.95 29.0152
    endloop
  endfacet
  facet normal 0 -1 0
    outer loop
      vertex 65.6546 -0.95 28.5202
      vertex 64.9469 -0.95 29.0152
      vertex 64.802 -0.95 28.8623
    endloop
  endfacet
  facet normal 0 -1 0
    outer loop
      vertex 65.1402 -0.95 28.0862
      vertex 64.802 -0.95 28.8623
      vertex 64.6261 -0.95 28.7263
    endloop
  endfacet
  facet normal 0 -1 0
    outer loop
      vertex 65.1402 -0.95 28.0862
      vertex 64.6261 -0.95 28.7263
      vertex 64.4192 -0.95 28.6148
    endloop
  endfacet
  facet normal 0 -1 0
    outer loop
      vertex 64.4584 -0.95 27.8258
      vertex 64.4192 -0.95 28.6148
      vertex 64.1807 -0.95 28.5351
    endloop
  endfacet
  facet normal 0 -1 0
    outer loop
      vertex 65.0611 -0.95 29.1851
      vertex 65.6546 -0.95 28.5202
      vertex 66.0014 -0.95 29.1278
    endloop
  endfacet
  facet normal 0 -1 0
    outer loop
      vertex 64.4584 -0.95 27.8258
      vertex 64.1807 -0.95 28.5351
      vertex 63.9106 -0.95 28.4873
    endloop
  endfacet
  facet normal 0 -1 0
    outer loop
      vertex 63.609 -0.95 27.739
      vertex 63.9106 -0.95 28.4873
      vertex 63.609 -0.95 28.4713
    endloop
  endfacet
  facet normal 0 -1 0
    outer loop
      vertex 62.9024 -0.95 28.6083
      vertex 62.9969 -0.95 27.7875
      vertex 63.2316 -0.95 28.5056
    endloop
  endfacet
  facet normal 0 -1 -0
    outer loop
      vertex 63.9106 -0.95 28.4873
      vertex 63.609 -0.95 27.739
      vertex 64.4584 -0.95 27.8258
    endloop
  endfacet
  facet normal 0 -1 0
    outer loop
      vertex 63.609 -0.95 27.739
      vertex 63.2316 -0.95 28.5056
      vertex 62.9969 -0.95 27.7875
    endloop
  endfacet
  facet normal 0 -1 0
    outer loop
      vertex 64.4192 -0.95 28.6148
      vertex 64.4584 -0.95 27.8258
      vertex 65.1402 -0.95 28.0862
    endloop
  endfacet
  facet normal 0 -1 0
    outer loop
      vertex 63.2316 -0.95 28.5056
      vertex 63.609 -0.95 27.739
      vertex 63.609 -0.95 28.4713
    endloop
  endfacet
  facet normal 0 -1 0
    outer loop
      vertex 64.802 -0.95 28.8623
      vertex 65.1402 -0.95 28.0862
      vertex 65.6546 -0.95 28.5202
    endloop
  endfacet
  facet normal 0 -1 0
    outer loop
      vertex 63.571 -0.95 33.8258
      vertex 63.2179 -0.95 33.0746
      vertex 63.5548 -0.95 33.1043
    endloop
  endfacet
  facet normal 0 -1 0
    outer loop
      vertex 62.429 -0.95 32.6296
      vertex 62.003 -0.95 33.3894
      vertex 61.6261 -0.95 33.0501
    endloop
  endfacet
  facet normal 0 -1 0
    outer loop
      vertex 62.4528 -0.95 33.6319
      vertex 62.918 -0.95 32.9856
      vertex 63.2179 -0.95 33.0746
    endloop
  endfacet
  facet normal 0 -1 0
    outer loop
      vertex 62.4528 -0.95 33.6319
      vertex 62.655 -0.95 32.8373
      vertex 62.918 -0.95 32.9856
    endloop
  endfacet
  facet normal 0 -1 0
    outer loop
      vertex 62.003 -0.95 33.3894
      vertex 62.429 -0.95 32.6296
      vertex 62.655 -0.95 32.8373
    endloop
  endfacet
  facet normal 0 -1 0
    outer loop
      vertex 62.2455 -0.95 32.37
      vertex 61.6261 -0.95 33.0501
      vertex 61.3283 -0.95 32.6198
    endloop
  endfacet
  facet normal 0 -1 0
    outer loop
      vertex 61.6261 -0.95 33.0501
      vertex 62.2455 -0.95 32.37
      vertex 62.429 -0.95 32.6296
    endloop
  endfacet
  facet normal 0 -1 0
    outer loop
      vertex 62.1097 -0.95 32.0661
      vertex 61.3283 -0.95 32.6198
      vertex 61.1156 -0.95 32.1048
    endloop
  endfacet
  facet normal 0 -1 0
    outer loop
      vertex 61.3283 -0.95 32.6198
      vertex 62.1097 -0.95 32.0661
      vertex 62.2455 -0.95 32.37
    endloop
  endfacet
  facet normal 0 -1 0
    outer loop
      vertex 61.1156 -0.95 32.1048
      vertex 62.0217 -0.95 31.7177
      vertex 62.1097 -0.95 32.0661
    endloop
  endfacet
  facet normal 0 -1 0
    outer loop
      vertex 60.9879 -0.95 31.505
      vertex 62.0217 -0.95 31.7177
      vertex 61.1156 -0.95 32.1048
    endloop
  endfacet
  facet normal 0 -1 0
    outer loop
      vertex 60.9879 -0.95 31.505
      vertex 61.9815 -0.95 31.3249
      vertex 62.0217 -0.95 31.7177
    endloop
  endfacet
  facet normal 0 -1 0
    outer loop
      vertex 61.9706 -0.95 30.5763
      vertex 61.9815 -0.95 31.3249
      vertex 60.9454 -0.95 30.8204
    endloop
  endfacet
  facet normal 0 -1 0
    outer loop
      vertex 60.9454 -0.95 30.8204
      vertex 61.9815 -0.95 31.3249
      vertex 60.9879 -0.95 31.505
    endloop
  endfacet
  facet normal 0 -1 0
    outer loop
      vertex 63.2179 -0.95 33.0746
      vertex 62.9755 -0.95 33.7773
      vertex 62.4528 -0.95 33.6319
    endloop
  endfacet
  facet normal 0 -1 0
    outer loop
      vertex 63.2179 -0.95 33.0746
      vertex 63.571 -0.95 33.8258
      vertex 62.9755 -0.95 33.7773
    endloop
  endfacet
  facet normal 0 -1 0
    outer loop
      vertex 62.655 -0.95 32.8373
      vertex 62.4528 -0.95 33.6319
      vertex 62.003 -0.95 33.3894
    endloop
  endfacet
  facet normal 0 -1 0
    outer loop
      vertex 63.8996 -0.95 33.0777
      vertex 63.571 -0.95 33.8258
      vertex 63.5548 -0.95 33.1043
    endloop
  endfacet
  facet normal 0 -1 0
    outer loop
      vertex 63.571 -0.95 33.8258
      vertex 63.8996 -0.95 33.0777
      vertex 64.7032 -0.95 33.6309
    endloop
  endfacet
  facet normal 0 -1 0
    outer loop
      vertex 64.2017 -0.95 32.9978
      vertex 64.7032 -0.95 33.6309
      vertex 63.8996 -0.95 33.0777
    endloop
  endfacet
  facet normal 0 -1 0
    outer loop
      vertex 64.461 -0.95 32.8648
      vertex 64.7032 -0.95 33.6309
      vertex 64.2017 -0.95 32.9978
    endloop
  endfacet
  facet normal 0 -1 0
    outer loop
      vertex 64.6777 -0.95 32.6785
      vertex 64.7032 -0.95 33.6309
      vertex 64.461 -0.95 32.8648
    endloop
  endfacet
  facet normal 0 -1 -0
    outer loop
      vertex 64.7032 -0.95 33.6309
      vertex 64.6777 -0.95 32.6785
      vertex 65.5119 -0.95 33.046
    endloop
  endfacet
  facet normal 0 -1 0
    outer loop
      vertex 64.8537 -0.95 32.4342
      vertex 65.5119 -0.95 33.046
      vertex 64.6777 -0.95 32.6785
    endloop
  endfacet
  facet normal 0 -1 0
    outer loop
      vertex 64.991 -0.95 32.1272
      vertex 65.5119 -0.95 33.046
      vertex 64.8537 -0.95 32.4342
    endloop
  endfacet
  facet normal 0 -1 0
    outer loop
      vertex 64.991 -0.95 32.1272
      vertex 65.9971 -0.95 32.0712
      vertex 65.5119 -0.95 33.046
    endloop
  endfacet
  facet normal 0 -1 0
    outer loop
      vertex 65.0897 -0.95 31.7574
      vertex 65.9971 -0.95 32.0712
      vertex 64.991 -0.95 32.1272
    endloop
  endfacet
  facet normal 0 -1 0
    outer loop
      vertex 65.1497 -0.95 31.3249
      vertex 65.9971 -0.95 32.0712
      vertex 65.0897 -0.95 31.7574
    endloop
  endfacet
  facet normal 0 -1 0
    outer loop
      vertex 65.1497 -0.95 31.3249
      vertex 66.1588 -0.95 30.7065
      vertex 65.9971 -0.95 32.0712
    endloop
  endfacet
  facet normal 0 -1 -0
    outer loop
      vertex 61.9815 -0.95 31.3249
      vertex 61.9706 -0.95 30.5763
      vertex 65.1497 -0.95 31.3249
    endloop
  endfacet
  facet normal 0 -1 0
    outer loop
      vertex 66.1588 -0.95 30.5763
      vertex 65.1497 -0.95 31.3249
      vertex 61.9706 -0.95 30.5763
    endloop
  endfacet
  facet normal 0 -1 0
    outer loop
      vertex 60.9879 -0.95 30.1026
      vertex 61.9706 -0.95 30.5763
      vertex 60.9454 -0.95 30.8204
    endloop
  endfacet
  facet normal 0 -1 0
    outer loop
      vertex 60.9879 -0.95 30.1026
      vertex 61.9967 -0.95 30.1006
      vertex 61.9706 -0.95 30.5763
    endloop
  endfacet
  facet normal 0 -1 0
    outer loop
      vertex 61.1156 -0.95 29.4791
      vertex 61.9967 -0.95 30.1006
      vertex 60.9879 -0.95 30.1026
    endloop
  endfacet
  facet normal 0 -1 -0
    outer loop
      vertex 61.9967 -0.95 30.1006
      vertex 61.1156 -0.95 29.4791
      vertex 62.0751 -0.95 29.6825
    endloop
  endfacet
  facet normal 0 -1 0
    outer loop
      vertex 61.3283 -0.95 28.9498
      vertex 62.0751 -0.95 29.6825
      vertex 61.1156 -0.95 29.4791
    endloop
  endfacet
  facet normal 0 -1 -0
    outer loop
      vertex 62.0751 -0.95 29.6825
      vertex 61.3283 -0.95 28.9498
      vertex 62.2056 -0.95 29.3221
    endloop
  endfacet
  facet normal 0 -1 0
    outer loop
      vertex 61.6261 -0.95 28.5148
      vertex 62.2056 -0.95 29.3221
      vertex 61.3283 -0.95 28.9498
    endloop
  endfacet
  facet normal 0 -1 -0
    outer loop
      vertex 62.2056 -0.95 29.3221
      vertex 61.6261 -0.95 28.5148
      vertex 62.3883 -0.95 29.0193
    endloop
  endfacet
  facet normal 0 -1 0
    outer loop
      vertex 62.0054 -0.95 28.1754
      vertex 62.3883 -0.95 29.0193
      vertex 61.6261 -0.95 28.5148
    endloop
  endfacet
  facet normal 0 -1 -0
    outer loop
      vertex 62.3883 -0.95 29.0193
      vertex 62.0054 -0.95 28.1754
      vertex 62.6213 -0.95 28.7795
    endloop
  endfacet
  facet normal 0 -1 0
    outer loop
      vertex 62.4623 -0.95 27.933
      vertex 62.6213 -0.95 28.7795
      vertex 62.0054 -0.95 28.1754
    endloop
  endfacet
  facet normal 0 -1 -0
    outer loop
      vertex 62.6213 -0.95 28.7795
      vertex 62.4623 -0.95 27.933
      vertex 62.9024 -0.95 28.6083
    endloop
  endfacet
  facet normal 0 -1 0
    outer loop
      vertex 62.9969 -0.95 27.7875
      vertex 62.9024 -0.95 28.6083
      vertex 62.4623 -0.95 27.933
    endloop
  endfacet
  facet normal 0 -1 0
    outer loop
      vertex 38.0071 -0.95 31.3249
      vertex 39.0162 -0.95 30.5763
      vertex 39.0162 -0.95 30.7065
    endloop
  endfacet
  facet normal 0 -1 0
    outer loop
      vertex 37.9185 -0.95 29.1851
      vertex 38.8589 -0.95 29.1278
      vertex 38.0018 -0.95 29.3719
    endloop
  endfacet
  facet normal 0 -1 0
    outer loop
      vertex 38.512 -0.95 28.5202
      vertex 37.9185 -0.95 29.1851
      vertex 37.8044 -0.95 29.0152
    endloop
  endfacet
  facet normal 0 -1 0
    outer loop
      vertex 38.512 -0.95 28.5202
      vertex 37.8044 -0.95 29.0152
      vertex 37.6594 -0.95 28.8623
    endloop
  endfacet
  facet normal 0 -1 0
    outer loop
      vertex 37.9977 -0.95 28.0862
      vertex 37.6594 -0.95 28.8623
      vertex 37.4836 -0.95 28.7263
    endloop
  endfacet
  facet normal 0 -1 0
    outer loop
      vertex 37.9977 -0.95 28.0862
      vertex 37.4836 -0.95 28.7263
      vertex 37.2766 -0.95 28.6148
    endloop
  endfacet
  facet normal 0 -1 0
    outer loop
      vertex 37.3158 -0.95 27.8258
      vertex 37.2766 -0.95 28.6148
      vertex 37.0381 -0.95 28.5351
    endloop
  endfacet
  facet normal 0 -1 0
    outer loop
      vertex 37.9185 -0.95 29.1851
      vertex 38.512 -0.95 28.5202
      vertex 38.8589 -0.95 29.1278
    endloop
  endfacet
  facet normal 0 -1 0
    outer loop
      vertex 37.3158 -0.95 27.8258
      vertex 37.0381 -0.95 28.5351
      vertex 36.7681 -0.95 28.4873
    endloop
  endfacet
  facet normal 0 -1 0
    outer loop
      vertex 36.4665 -0.95 27.739
      vertex 36.7681 -0.95 28.4873
      vertex 36.4665 -0.95 28.4713
    endloop
  endfacet
  facet normal 0 -1 0
    outer loop
      vertex 35.7598 -0.95 28.6083
      vertex 35.8543 -0.95 27.7875
      vertex 36.0891 -0.95 28.5056
    endloop
  endfacet
  facet normal 0 -1 -0
    outer loop
      vertex 36.7681 -0.95 28.4873
      vertex 36.4665 -0.95 27.739
      vertex 37.3158 -0.95 27.8258
    endloop
  endfacet
  facet normal 0 -1 0
    outer loop
      vertex 36.4665 -0.95 27.739
      vertex 36.0891 -0.95 28.5056
      vertex 35.8543 -0.95 27.7875
    endloop
  endfacet
  facet normal 0 -1 0
    outer loop
      vertex 37.2766 -0.95 28.6148
      vertex 37.3158 -0.95 27.8258
      vertex 37.9977 -0.95 28.0862
    endloop
  endfacet
  facet normal 0 -1 0
    outer loop
      vertex 36.0891 -0.95 28.5056
      vertex 36.4665 -0.95 27.739
      vertex 36.4665 -0.95 28.4713
    endloop
  endfacet
  facet normal 0 -1 0
    outer loop
      vertex 37.6594 -0.95 28.8623
      vertex 37.9977 -0.95 28.0862
      vertex 38.512 -0.95 28.5202
    endloop
  endfacet
  facet normal 0 -1 0
    outer loop
      vertex 36.4285 -0.95 33.8258
      vertex 36.0753 -0.95 33.0746
      vertex 36.4122 -0.95 33.1043
    endloop
  endfacet
  facet normal 0 -1 0
    outer loop
      vertex 35.2865 -0.95 32.6296
      vertex 34.8605 -0.95 33.3894
      vertex 34.4836 -0.95 33.0501
    endloop
  endfacet
  facet normal 0 -1 0
    outer loop
      vertex 35.3102 -0.95 33.6319
      vertex 35.7754 -0.95 32.9856
      vertex 36.0753 -0.95 33.0746
    endloop
  endfacet
  facet normal 0 -1 0
    outer loop
      vertex 35.3102 -0.95 33.6319
      vertex 35.5125 -0.95 32.8373
      vertex 35.7754 -0.95 32.9856
    endloop
  endfacet
  facet normal 0 -1 0
    outer loop
      vertex 34.8605 -0.95 33.3894
      vertex 35.2865 -0.95 32.6296
      vertex 35.5125 -0.95 32.8373
    endloop
  endfacet
  facet normal 0 -1 0
    outer loop
      vertex 35.1029 -0.95 32.37
      vertex 34.4836 -0.95 33.0501
      vertex 34.1857 -0.95 32.6198
    endloop
  endfacet
  facet normal 0 -1 0
    outer loop
      vertex 34.4836 -0.95 33.0501
      vertex 35.1029 -0.95 32.37
      vertex 35.2865 -0.95 32.6296
    endloop
  endfacet
  facet normal 0 -1 0
    outer loop
      vertex 34.9671 -0.95 32.0661
      vertex 34.1857 -0.95 32.6198
      vertex 33.973 -0.95 32.1048
    endloop
  endfacet
  facet normal 0 -1 0
    outer loop
      vertex 34.1857 -0.95 32.6198
      vertex 34.9671 -0.95 32.0661
      vertex 35.1029 -0.95 32.37
    endloop
  endfacet
  facet normal 0 -1 0
    outer loop
      vertex 33.973 -0.95 32.1048
      vertex 34.8791 -0.95 31.7177
      vertex 34.9671 -0.95 32.0661
    endloop
  endfacet
  facet normal 0 -1 0
    outer loop
      vertex 33.8453 -0.95 31.505
      vertex 34.8791 -0.95 31.7177
      vertex 33.973 -0.95 32.1048
    endloop
  endfacet
  facet normal 0 -1 0
    outer loop
      vertex 33.8453 -0.95 31.505
      vertex 34.8389 -0.95 31.3249
      vertex 34.8791 -0.95 31.7177
    endloop
  endfacet
  facet normal 0 -1 0
    outer loop
      vertex 34.8281 -0.95 30.5763
      vertex 34.8389 -0.95 31.3249
      vertex 33.8028 -0.95 30.8204
    endloop
  endfacet
  facet normal 0 -1 0
    outer loop
      vertex 33.8028 -0.95 30.8204
      vertex 34.8389 -0.95 31.3249
      vertex 33.8453 -0.95 31.505
    endloop
  endfacet
  facet normal 0 -1 0
    outer loop
      vertex 36.0753 -0.95 33.0746
      vertex 35.8329 -0.95 33.7773
      vertex 35.3102 -0.95 33.6319
    endloop
  endfacet
  facet normal 0 -1 0
    outer loop
      vertex 36.0753 -0.95 33.0746
      vertex 36.4285 -0.95 33.8258
      vertex 35.8329 -0.95 33.7773
    endloop
  endfacet
  facet normal 0 -1 0
    outer loop
      vertex 35.5125 -0.95 32.8373
      vertex 35.3102 -0.95 33.6319
      vertex 34.8605 -0.95 33.3894
    endloop
  endfacet
  facet normal 0 -1 0
    outer loop
      vertex 36.757 -0.95 33.0777
      vertex 36.4285 -0.95 33.8258
      vertex 36.4122 -0.95 33.1043
    endloop
  endfacet
  facet normal 0 -1 0
    outer loop
      vertex 36.4285 -0.95 33.8258
      vertex 36.757 -0.95 33.0777
      vertex 37.5606 -0.95 33.6309
    endloop
  endfacet
  facet normal 0 -1 0
    outer loop
      vertex 37.0591 -0.95 32.9978
      vertex 37.5606 -0.95 33.6309
      vertex 36.757 -0.95 33.0777
    endloop
  endfacet
  facet normal 0 -1 0
    outer loop
      vertex 37.3185 -0.95 32.8648
      vertex 37.5606 -0.95 33.6309
      vertex 37.0591 -0.95 32.9978
    endloop
  endfacet
  facet normal 0 -1 0
    outer loop
      vertex 37.5351 -0.95 32.6785
      vertex 37.5606 -0.95 33.6309
      vertex 37.3185 -0.95 32.8648
    endloop
  endfacet
  facet normal 0 -1 -0
    outer loop
      vertex 37.5606 -0.95 33.6309
      vertex 37.5351 -0.95 32.6785
      vertex 38.3693 -0.95 33.046
    endloop
  endfacet
  facet normal 0 -1 0
    outer loop
      vertex 37.7111 -0.95 32.4342
      vertex 38.3693 -0.95 33.046
      vertex 37.5351 -0.95 32.6785
    endloop
  endfacet
  facet normal 0 -1 0
    outer loop
      vertex 37.8484 -0.95 32.1272
      vertex 38.3693 -0.95 33.046
      vertex 37.7111 -0.95 32.4342
    endloop
  endfacet
  facet normal 0 -1 0
    outer loop
      vertex 37.8484 -0.95 32.1272
      vertex 38.8545 -0.95 32.0712
      vertex 38.3693 -0.95 33.046
    endloop
  endfacet
  facet normal 0 -1 0
    outer loop
      vertex 37.9471 -0.95 31.7574
      vertex 38.8545 -0.95 32.0712
      vertex 37.8484 -0.95 32.1272
    endloop
  endfacet
  facet normal 0 -1 0
    outer loop
      vertex 38.0071 -0.95 31.3249
      vertex 38.8545 -0.95 32.0712
      vertex 37.9471 -0.95 31.7574
    endloop
  endfacet
  facet normal 0 -1 0
    outer loop
      vertex 38.0071 -0.95 31.3249
      vertex 39.0162 -0.95 30.7065
      vertex 38.8545 -0.95 32.0712
    endloop
  endfacet
  facet normal 0 -1 -0
    outer loop
      vertex 34.8389 -0.95 31.3249
      vertex 34.8281 -0.95 30.5763
      vertex 38.0071 -0.95 31.3249
    endloop
  endfacet
  facet normal 0 -1 0
    outer loop
      vertex 39.0162 -0.95 30.5763
      vertex 38.0071 -0.95 31.3249
      vertex 34.8281 -0.95 30.5763
    endloop
  endfacet
  facet normal 0 -1 0
    outer loop
      vertex 33.8453 -0.95 30.1026
      vertex 34.8281 -0.95 30.5763
      vertex 33.8028 -0.95 30.8204
    endloop
  endfacet
  facet normal 0 -1 0
    outer loop
      vertex 33.8453 -0.95 30.1026
      vertex 34.8542 -0.95 30.1006
      vertex 34.8281 -0.95 30.5763
    endloop
  endfacet
  facet normal 0 -1 0
    outer loop
      vertex 33.973 -0.95 29.4791
      vertex 34.8542 -0.95 30.1006
      vertex 33.8453 -0.95 30.1026
    endloop
  endfacet
  facet normal 0 -1 -0
    outer loop
      vertex 34.8542 -0.95 30.1006
      vertex 33.973 -0.95 29.4791
      vertex 34.9325 -0.95 29.6825
    endloop
  endfacet
  facet normal 0 -1 0
    outer loop
      vertex 34.1857 -0.95 28.9498
      vertex 34.9325 -0.95 29.6825
      vertex 33.973 -0.95 29.4791
    endloop
  endfacet
  facet normal 0 -1 -0
    outer loop
      vertex 34.9325 -0.95 29.6825
      vertex 34.1857 -0.95 28.9498
      vertex 35.063 -0.95 29.3221
    endloop
  endfacet
  facet normal 0 -1 0
    outer loop
      vertex 34.4836 -0.95 28.5148
      vertex 35.063 -0.95 29.3221
      vertex 34.1857 -0.95 28.9498
    endloop
  endfacet
  facet normal 0 -1 -0
    outer loop
      vertex 35.063 -0.95 29.3221
      vertex 34.4836 -0.95 28.5148
      vertex 35.2457 -0.95 29.0193
    endloop
  endfacet
  facet normal 0 -1 0
    outer loop
      vertex 34.8629 -0.95 28.1754
      vertex 35.2457 -0.95 29.0193
      vertex 34.4836 -0.95 28.5148
    endloop
  endfacet
  facet normal 0 -1 -0
    outer loop
      vertex 35.2457 -0.95 29.0193
      vertex 34.8629 -0.95 28.1754
      vertex 35.4787 -0.95 28.7795
    endloop
  endfacet
  facet normal 0 -1 0
    outer loop
      vertex 35.3197 -0.95 27.933
      vertex 35.4787 -0.95 28.7795
      vertex 34.8629 -0.95 28.1754
    endloop
  endfacet
  facet normal 0 -1 -0
    outer loop
      vertex 35.4787 -0.95 28.7795
      vertex 35.3197 -0.95 27.933
      vertex 35.7598 -0.95 28.6083
    endloop
  endfacet
  facet normal 0 -1 0
    outer loop
      vertex 35.8543 -0.95 27.7875
      vertex 35.7598 -0.95 28.6083
      vertex 35.3197 -0.95 27.933
    endloop
  endfacet
  facet normal 0 -1 0
    outer loop
      vertex 57.612 -0.95 33.3511
      vertex 58.5201 -0.95 33.7173
      vertex 57.5978 -0.95 33.7173
    endloop
  endfacet
  facet normal 0 -1 0
    outer loop
      vertex 57.612 -0.95 33.3511
      vertex 58.539 -0.95 33.2681
      vertex 58.5201 -0.95 33.7173
    endloop
  endfacet
  facet normal 0 -1 0
    outer loop
      vertex 57.6222 -0.95 33.0012
      vertex 58.539 -0.95 33.2681
      vertex 57.612 -0.95 33.3511
    endloop
  endfacet
  facet normal 0 -1 0
    outer loop
      vertex 57.6222 -0.95 33.0012
      vertex 58.5526 -0.95 32.9185
      vertex 58.539 -0.95 33.2681
    endloop
  endfacet
  facet normal 0 -1 0
    outer loop
      vertex 57.6283 -0.95 32.6676
      vertex 58.5526 -0.95 32.9185
      vertex 57.6222 -0.95 33.0012
    endloop
  endfacet
  facet normal 0 -1 -0
    outer loop
      vertex 58.5526 -0.95 32.9185
      vertex 57.6283 -0.95 32.6676
      vertex 58.5607 -0.95 32.6686
    endloop
  endfacet
  facet normal 0 -1 0
    outer loop
      vertex 57.6283 -0.95 32.6676
      vertex 58.5634 -0.95 32.5185
      vertex 58.5607 -0.95 32.6686
    endloop
  endfacet
  facet normal 0 -1 0
    outer loop
      vertex 58.7869 -0.95 32.1171
      vertex 58.5851 -0.95 32.5185
      vertex 58.5634 -0.95 32.5185
    endloop
  endfacet
  facet normal 0 -1 0
    outer loop
      vertex 57.6303 -0.95 32.3502
      vertex 58.5634 -0.95 32.5185
      vertex 57.6283 -0.95 32.6676
    endloop
  endfacet
  facet normal 0 -1 0
    outer loop
      vertex 58.6869 -0.95 31.7705
      vertex 58.5634 -0.95 32.5185
      vertex 57.6303 -0.95 32.3502
    endloop
  endfacet
  facet normal 0 -1 0
    outer loop
      vertex 58.5851 -0.95 32.5185
      vertex 58.7869 -0.95 32.1171
      vertex 58.927 -0.95 32.4072
    endloop
  endfacet
  facet normal 0 -1 0
    outer loop
      vertex 58.5634 -0.95 32.5185
      vertex 58.6869 -0.95 31.7705
      vertex 58.7869 -0.95 32.1171
    endloop
  endfacet
  facet normal 0 -1 0
    outer loop
      vertex 57.6303 -0.95 32.3502
      vertex 58.6269 -0.95 31.3671
      vertex 58.6869 -0.95 31.7705
    endloop
  endfacet
  facet normal 0 -1 0
    outer loop
      vertex 57.6303 -0.95 32.3502
      vertex 58.6069 -0.95 30.9072
      vertex 58.6269 -0.95 31.3671
    endloop
  endfacet
  facet normal 0 -1 0
    outer loop
      vertex 57.6303 -0.95 27.8475
      vertex 58.6069 -0.95 30.9072
      vertex 57.6303 -0.95 32.3502
    endloop
  endfacet
  facet normal 0 -1 -0
    outer loop
      vertex 58.6069 -0.95 30.9072
      vertex 57.6303 -0.95 27.8475
      vertex 58.6069 -0.95 27.8475
    endloop
  endfacet
  facet normal 0 -1 0
    outer loop
      vertex 59.4884 -0.95 33.7567
      vertex 59.5688 -0.95 32.898
      vertex 59.8546 -0.95 32.9307
    endloop
  endfacet
  facet normal 0 -1 0
    outer loop
      vertex 59.105 -0.95 32.6362
      vertex 58.836 -0.95 33.1532
      vertex 58.7062 -0.95 32.8657
    endloop
  endfacet
  facet normal 0 -1 0
    outer loop
      vertex 58.9747 -0.95 33.381
      vertex 59.3189 -0.95 32.7998
      vertex 59.5688 -0.95 32.898
    endloop
  endfacet
  facet normal 0 -1 0
    outer loop
      vertex 58.836 -0.95 33.1532
      vertex 59.105 -0.95 32.6362
      vertex 59.3189 -0.95 32.7998
    endloop
  endfacet
  facet normal 0 -1 0
    outer loop
      vertex 58.927 -0.95 32.4072
      vertex 58.7062 -0.95 32.8657
      vertex 58.5851 -0.95 32.5185
    endloop
  endfacet
  facet normal 0 -1 0
    outer loop
      vertex 58.7062 -0.95 32.8657
      vertex 58.927 -0.95 32.4072
      vertex 59.105 -0.95 32.6362
    endloop
  endfacet
  facet normal 0 -1 0
    outer loop
      vertex 60.0092 -0.95 32.9273
      vertex 60.0773 -0.95 33.8224
      vertex 59.9794 -0.95 33.8258
    endloop
  endfacet
  facet normal 0 -1 0
    outer loop
      vertex 59.8546 -0.95 32.9307
      vertex 59.9794 -0.95 33.8258
      vertex 59.7183 -0.95 33.8085
    endloop
  endfacet
  facet normal 0 -1 -0
    outer loop
      vertex 60.0773 -0.95 33.8224
      vertex 60.0092 -0.95 32.9273
      vertex 60.176 -0.95 33.8122
    endloop
  endfacet
  facet normal 0 -1 0
    outer loop
      vertex 60.1476 -0.95 32.9171
      vertex 60.176 -0.95 33.8122
      vertex 60.0092 -0.95 32.9273
    endloop
  endfacet
  facet normal 0 -1 0
    outer loop
      vertex 59.8546 -0.95 32.9307
      vertex 59.7183 -0.95 33.8085
      vertex 59.4884 -0.95 33.7567
    endloop
  endfacet
  facet normal 0 -1 0
    outer loop
      vertex 59.5688 -0.95 32.898
      vertex 59.4884 -0.95 33.7567
      vertex 59.2897 -0.95 33.6702
    endloop
  endfacet
  facet normal 0 -1 0
    outer loop
      vertex 59.5688 -0.95 32.898
      vertex 59.2897 -0.95 33.6702
      vertex 59.1221 -0.95 33.5492
    endloop
  endfacet
  facet normal 0 -1 0
    outer loop
      vertex 59.5688 -0.95 32.898
      vertex 59.1221 -0.95 33.5492
      vertex 58.9747 -0.95 33.381
    endloop
  endfacet
  facet normal 0 -1 0
    outer loop
      vertex 59.3189 -0.95 32.7998
      vertex 58.9747 -0.95 33.381
      vertex 58.836 -0.95 33.1532
    endloop
  endfacet
  facet normal 0 -1 -0
    outer loop
      vertex 59.9794 -0.95 33.8258
      vertex 59.8546 -0.95 32.9307
      vertex 60.0092 -0.95 32.9273
    endloop
  endfacet
  facet normal 0 -1 -0
    outer loop
      vertex 60.176 -0.95 33.8122
      vertex 60.1476 -0.95 32.9171
      vertex 60.2754 -0.95 33.7953
    endloop
  endfacet
  facet normal 0 -1 -0
    outer loop
      vertex 60.2754 -0.95 33.7953
      vertex 60.1476 -0.95 32.9171
      vertex 60.3754 -0.95 33.7716
    endloop
  endfacet
  facet normal 0 -1 0
    outer loop
      vertex 60.2696 -0.95 32.9002
      vertex 60.3754 -0.95 33.7716
      vertex 60.1476 -0.95 32.9171
    endloop
  endfacet
  facet normal 0 -1 -0
    outer loop
      vertex 60.3754 -0.95 33.7716
      vertex 60.2696 -0.95 32.9002
      vertex 60.3754 -0.95 32.8765
    endloop
  endfacet
  facet normal 0 -1 0
    outer loop
      vertex 44.3218 -0.95 27.8645
      vertex 44.8602 -0.95 28.5732
      vertex 44.1429 -0.95 27.9535
    endloop
  endfacet
  facet normal 0 -1 0
    outer loop
      vertex 44.5376 -0.95 27.8111
      vertex 44.8602 -0.95 28.5732
      vertex 44.3218 -0.95 27.8645
    endloop
  endfacet
  facet normal -0 -1 0
    outer loop
      vertex 44.982 -0.95 27.7987
      vertex 44.9559 -0.95 28.5046
      vertex 44.7904 -0.95 27.7933
    endloop
  endfacet
  facet normal 0 -1 0
    outer loop
      vertex 44.9559 -0.95 28.5046
      vertex 44.982 -0.95 27.7987
      vertex 45.0773 -0.95 28.4634
    endloop
  endfacet
  facet normal 0 -1 -0
    outer loop
      vertex 44.8602 -0.95 28.5732
      vertex 44.5376 -0.95 27.8111
      vertex 44.9559 -0.95 28.5046
    endloop
  endfacet
  facet normal -0 -1 0
    outer loop
      vertex 45.1715 -0.95 27.815
      vertex 45.0773 -0.95 28.4634
      vertex 44.982 -0.95 27.7987
    endloop
  endfacet
  facet normal 0 -1 0
    outer loop
      vertex 44.7904 -0.95 27.7933
      vertex 44.9559 -0.95 28.5046
      vertex 44.5376 -0.95 27.8111
    endloop
  endfacet
  facet normal -0 -1 0
    outer loop
      vertex 45.359 -0.95 27.8421
      vertex 45.2244 -0.95 28.4497
      vertex 45.1715 -0.95 27.815
    endloop
  endfacet
  facet normal 0 -1 0
    outer loop
      vertex 45.0773 -0.95 28.4634
      vertex 45.1715 -0.95 27.815
      vertex 45.2244 -0.95 28.4497
    endloop
  endfacet
  facet normal 0 -1 0
    outer loop
      vertex 45.4573 -0.95 28.471
      vertex 45.5444 -0.95 27.8801
      vertex 45.5444 -0.95 28.4877
    endloop
  endfacet
  facet normal 0 -1 0
    outer loop
      vertex 45.3749 -0.95 28.4592
      vertex 45.5444 -0.95 27.8801
      vertex 45.4573 -0.95 28.471
    endloop
  endfacet
  facet normal 0 -1 0
    outer loop
      vertex 45.2244 -0.95 28.4497
      vertex 45.359 -0.95 27.8421
      vertex 45.2973 -0.95 28.452
    endloop
  endfacet
  facet normal -0 -1 0
    outer loop
      vertex 45.5444 -0.95 27.8801
      vertex 45.3749 -0.95 28.4592
      vertex 45.359 -0.95 27.8421
    endloop
  endfacet
  facet normal 0 -1 0
    outer loop
      vertex 45.2973 -0.95 28.452
      vertex 45.359 -0.95 27.8421
      vertex 45.3749 -0.95 28.4592
    endloop
  endfacet
  facet normal 0 -1 0
    outer loop
      vertex 43.4944 -0.95 28.6587
      vertex 43.1622 -0.95 29.0051
      vertex 42.9864 -0.95 28.8489
    endloop
  endfacet
  facet normal 0 -1 0
    outer loop
      vertex 43.2843 -0.95 28.3961
      vertex 42.9864 -0.95 28.8489
      vertex 42.7885 -0.95 28.7155
    endloop
  endfacet
  facet normal 0 -1 0
    outer loop
      vertex 43.1622 -0.95 29.0051
      vertex 43.4944 -0.95 28.6587
      vertex 43.6892 -0.95 28.9705
    endloop
  endfacet
  facet normal 0 -1 0
    outer loop
      vertex 43.059 -0.95 28.1827
      vertex 42.7885 -0.95 28.7155
      vertex 42.5722 -0.95 28.6087
    endloop
  endfacet
  facet normal 0 -1 0
    outer loop
      vertex 42.8184 -0.95 28.0184
      vertex 42.5722 -0.95 28.6087
      vertex 42.341 -0.95 28.5324
    endloop
  endfacet
  facet normal 0 -1 0
    outer loop
      vertex 42.2685 -0.95 27.8089
      vertex 42.341 -0.95 28.5324
      vertex 42.0949 -0.95 28.4866
    endloop
  endfacet
  facet normal 0 -1 0
    outer loop
      vertex 42.9864 -0.95 28.8489
      vertex 43.2843 -0.95 28.3961
      vertex 43.4944 -0.95 28.6587
    endloop
  endfacet
  facet normal 0 -1 0
    outer loop
      vertex 41.9533 -0.95 27.7565
      vertex 42.0949 -0.95 28.4866
      vertex 41.8338 -0.95 28.4713
    endloop
  endfacet
  facet normal 0 -1 0
    outer loop
      vertex 41.1967 -0.95 27.7682
      vertex 41.2413 -0.95 28.6178
      vertex 40.8369 -0.95 27.8557
    endloop
  endfacet
  facet normal 0 -1 -0
    outer loop
      vertex 41.2413 -0.95 28.6178
      vertex 41.1967 -0.95 27.7682
      vertex 41.4113 -0.95 28.5364
    endloop
  endfacet
  facet normal 0 -1 -0
    outer loop
      vertex 42.0949 -0.95 28.4866
      vertex 41.9533 -0.95 27.7565
      vertex 42.2685 -0.95 27.8089
    endloop
  endfacet
  facet normal 0 -1 -0
    outer loop
      vertex 42.341 -0.95 28.5324
      vertex 42.2685 -0.95 27.8089
      vertex 42.5568 -0.95 27.8962
    endloop
  endfacet
  facet normal 0 -1 -0
    outer loop
      vertex 41.4113 -0.95 28.5364
      vertex 41.1967 -0.95 27.7682
      vertex 41.6088 -0.95 28.4876
    endloop
  endfacet
  facet normal 0 -1 0
    outer loop
      vertex 42.7885 -0.95 28.7155
      vertex 43.059 -0.95 28.1827
      vertex 43.2843 -0.95 28.3961
    endloop
  endfacet
  facet normal 0 -1 0
    outer loop
      vertex 41.6113 -0.95 27.739
      vertex 41.6088 -0.95 28.4876
      vertex 41.1967 -0.95 27.7682
    endloop
  endfacet
  facet normal 0 -1 0
    outer loop
      vertex 42.341 -0.95 28.5324
      vertex 42.5568 -0.95 27.8962
      vertex 42.8184 -0.95 28.0184
    endloop
  endfacet
  facet normal 0 -1 0
    outer loop
      vertex 41.6088 -0.95 28.4876
      vertex 41.6113 -0.95 27.739
      vertex 41.8338 -0.95 28.4713
    endloop
  endfacet
  facet normal 0 -1 0
    outer loop
      vertex 42.5722 -0.95 28.6087
      vertex 42.8184 -0.95 28.0184
      vertex 43.059 -0.95 28.1827
    endloop
  endfacet
  facet normal 0 -1 -0
    outer loop
      vertex 41.8338 -0.95 28.4713
      vertex 41.6113 -0.95 27.739
      vertex 41.9533 -0.95 27.7565
    endloop
  endfacet
  facet normal 0 -1 -0
    outer loop
      vertex 43.6892 -0.95 31.428
      vertex 42.6204 -0.95 30.7228
      vertex 43.6892 -0.95 30.7445
    endloop
  endfacet
  facet normal 0 -1 0
    outer loop
      vertex 40.7825 -0.95 31.1011
      vertex 42.2968 -0.95 30.7099
      vertex 42.6204 -0.95 30.7228
    endloop
  endfacet
  facet normal 0 -1 0
    outer loop
      vertex 40.7825 -0.95 31.1011
      vertex 42.0148 -0.95 30.6821
      vertex 42.2968 -0.95 30.7099
    endloop
  endfacet
  facet normal 0 -1 0
    outer loop
      vertex 40.7825 -0.95 31.1011
      vertex 41.7746 -0.95 30.6393
      vertex 42.0148 -0.95 30.6821
    endloop
  endfacet
  facet normal 0 -1 0
    outer loop
      vertex 41.0308 -0.95 30.1802
      vertex 40.4368 -0.95 30.8855
      vertex 40.1746 -0.95 30.6149
    endloop
  endfacet
  facet normal 0 -1 0
    outer loop
      vertex 40.7825 -0.95 31.1011
      vertex 41.576 -0.95 30.5817
      vertex 41.7746 -0.95 30.6393
    endloop
  endfacet
  facet normal 0 -1 0
    outer loop
      vertex 40.7825 -0.95 31.1011
      vertex 41.4087 -0.95 30.5078
      vertex 41.576 -0.95 30.5817
    endloop
  endfacet
  facet normal 0 -1 0
    outer loop
      vertex 40.7825 -0.95 31.1011
      vertex 41.2621 -0.95 30.4162
      vertex 41.4087 -0.95 30.5078
    endloop
  endfacet
  facet normal 0 -1 0
    outer loop
      vertex 40.7825 -0.95 31.1011
      vertex 41.1361 -0.95 30.307
      vertex 41.2621 -0.95 30.4162
    endloop
  endfacet
  facet normal 0 -1 0
    outer loop
      vertex 40.9478 -0.95 30.0341
      vertex 40.1746 -0.95 30.6149
      vertex 39.9873 -0.95 30.2915
    endloop
  endfacet
  facet normal 0 -1 0
    outer loop
      vertex 40.4368 -0.95 30.8855
      vertex 41.0308 -0.95 30.1802
      vertex 41.1361 -0.95 30.307
    endloop
  endfacet
  facet normal 0 -1 0
    outer loop
      vertex 40.1746 -0.95 30.6149
      vertex 40.9478 -0.95 30.0341
      vertex 41.0308 -0.95 30.1802
    endloop
  endfacet
  facet normal 0 -1 0
    outer loop
      vertex 40.8885 -0.95 29.867
      vertex 39.9873 -0.95 30.2915
      vertex 39.8749 -0.95 29.9151
    endloop
  endfacet
  facet normal 0 -1 0
    outer loop
      vertex 39.9873 -0.95 30.2915
      vertex 40.8885 -0.95 29.867
      vertex 40.9478 -0.95 30.0341
    endloop
  endfacet
  facet normal 0 -1 0
    outer loop
      vertex 39.8749 -0.95 29.9151
      vertex 40.8529 -0.95 29.6788
      vertex 40.8885 -0.95 29.867
    endloop
  endfacet
  facet normal 0 -1 0
    outer loop
      vertex 39.8374 -0.95 29.4858
      vertex 40.8529 -0.95 29.6788
      vertex 39.8749 -0.95 29.9151
    endloop
  endfacet
  facet normal 0 -1 0
    outer loop
      vertex 39.8374 -0.95 29.4858
      vertex 40.841 -0.95 29.4696
      vertex 40.8529 -0.95 29.6788
    endloop
  endfacet
  facet normal 0 -1 0
    outer loop
      vertex 39.8652 -0.95 29.1007
      vertex 40.841 -0.95 29.4696
      vertex 39.8374 -0.95 29.4858
    endloop
  endfacet
  facet normal 0 -1 -0
    outer loop
      vertex 40.841 -0.95 29.4696
      vertex 39.8652 -0.95 29.1007
      vertex 40.8571 -0.95 29.2444
    endloop
  endfacet
  facet normal 0 -1 0
    outer loop
      vertex 39.9486 -0.95 28.7589
      vertex 40.8571 -0.95 29.2444
      vertex 39.8652 -0.95 29.1007
    endloop
  endfacet
  facet normal 0 -1 -0
    outer loop
      vertex 40.8571 -0.95 29.2444
      vertex 39.9486 -0.95 28.7589
      vertex 40.9054 -0.95 29.0464
    endloop
  endfacet
  facet normal 0 -1 0
    outer loop
      vertex 40.0876 -0.95 28.4606
      vertex 40.9054 -0.95 29.0464
      vertex 39.9486 -0.95 28.7589
    endloop
  endfacet
  facet normal 0 -1 -0
    outer loop
      vertex 40.9054 -0.95 29.0464
      vertex 40.0876 -0.95 28.4606
      vertex 40.9859 -0.95 28.8755
    endloop
  endfacet
  facet normal 0 -1 0
    outer loop
      vertex 40.2822 -0.95 28.2056
      vertex 40.9859 -0.95 28.8755
      vertex 40.0876 -0.95 28.4606
    endloop
  endfacet
  facet normal 0 -1 -0
    outer loop
      vertex 40.9859 -0.95 28.8755
      vertex 40.2822 -0.95 28.2056
      vertex 41.0987 -0.95 28.7317
    endloop
  endfacet
  facet normal 0 -1 0
    outer loop
      vertex 40.5321 -0.95 28.0015
      vertex 41.0987 -0.95 28.7317
      vertex 40.2822 -0.95 28.2056
    endloop
  endfacet
  facet normal 0 -1 -0
    outer loop
      vertex 41.0987 -0.95 28.7317
      vertex 40.8369 -0.95 27.8557
      vertex 41.2413 -0.95 28.6178
    endloop
  endfacet
  facet normal 0 -1 0
    outer loop
      vertex 40.8369 -0.95 27.8557
      vertex 41.0987 -0.95 28.7317
      vertex 40.5321 -0.95 28.0015
    endloop
  endfacet
  facet normal 0 -1 0
    outer loop
      vertex 42.1247 -0.95 33.0687
      vertex 42.4522 -0.95 33.8258
      vertex 41.5157 -0.95 33.7268
    endloop
  endfacet
  facet normal 0 -1 0
    outer loop
      vertex 42.7343 -0.95 33.0633
      vertex 42.4522 -0.95 33.8258
      vertex 42.4305 -0.95 33.0826
    endloop
  endfacet
  facet normal 0 -1 0
    outer loop
      vertex 42.4522 -0.95 33.8258
      vertex 42.7343 -0.95 33.0633
      vertex 42.9713 -0.95 33.7941
    endloop
  endfacet
  facet normal 0 -1 0
    outer loop
      vertex 41.4757 -0.95 32.8601
      vertex 41.5157 -0.95 33.7268
      vertex 40.8112 -0.95 33.4298
    endloop
  endfacet
  facet normal 0 -1 0
    outer loop
      vertex 42.9947 -0.95 33.0053
      vertex 42.9713 -0.95 33.7941
      vertex 42.7343 -0.95 33.0633
    endloop
  endfacet
  facet normal 0 -1 0
    outer loop
      vertex 42.9713 -0.95 33.7941
      vertex 42.9947 -0.95 33.0053
      vertex 43.4219 -0.95 33.699
    endloop
  endfacet
  facet normal 0 -1 0
    outer loop
      vertex 42.4522 -0.95 33.8258
      vertex 42.1247 -0.95 33.0687
      vertex 42.4305 -0.95 33.0826
    endloop
  endfacet
  facet normal 0 -1 0
    outer loop
      vertex 41.5157 -0.95 33.7268
      vertex 41.8636 -0.95 33.027
      vertex 42.1247 -0.95 33.0687
    endloop
  endfacet
  facet normal 0 -1 0
    outer loop
      vertex 41.5157 -0.95 33.7268
      vertex 41.6473 -0.95 32.9575
      vertex 41.8636 -0.95 33.027
    endloop
  endfacet
  facet normal 0 -1 0
    outer loop
      vertex 41.237 -0.95 32.5713
      vertex 40.8112 -0.95 33.4298
      vertex 40.3385 -0.95 32.9348
    endloop
  endfacet
  facet normal 0 -1 -0
    outer loop
      vertex 41.5157 -0.95 33.7268
      vertex 41.4757 -0.95 32.8601
      vertex 41.6473 -0.95 32.9575
    endloop
  endfacet
  facet normal 0 -1 0
    outer loop
      vertex 40.8112 -0.95 33.4298
      vertex 41.3414 -0.95 32.7323
      vertex 41.4757 -0.95 32.8601
    endloop
  endfacet
  facet normal 0 -1 0
    outer loop
      vertex 40.8112 -0.95 33.4298
      vertex 41.237 -0.95 32.5713
      vertex 41.3414 -0.95 32.7323
    endloop
  endfacet
  facet normal 0 -1 0
    outer loop
      vertex 40.3385 -0.95 32.9348
      vertex 41.1624 -0.95 32.377
      vertex 41.237 -0.95 32.5713
    endloop
  endfacet
  facet normal 0 -1 0
    outer loop
      vertex 40.0978 -0.95 32.2417
      vertex 41.1624 -0.95 32.377
      vertex 40.3385 -0.95 32.9348
    endloop
  endfacet
  facet normal 0 -1 0
    outer loop
      vertex 41.1624 -0.95 32.377
      vertex 40.0978 -0.95 32.2417
      vertex 41.1176 -0.95 32.1495
    endloop
  endfacet
  facet normal 0 -1 0
    outer loop
      vertex 43.2117 -0.95 32.9086
      vertex 43.4219 -0.95 33.699
      vertex 42.9947 -0.95 33.0053
    endloop
  endfacet
  facet normal 0 -1 -0
    outer loop
      vertex 43.4219 -0.95 33.699
      vertex 43.2117 -0.95 32.9086
      vertex 43.804 -0.95 33.5405
    endloop
  endfacet
  facet normal 0 -1 0
    outer loop
      vertex 43.3853 -0.95 32.7733
      vertex 43.804 -0.95 33.5405
      vertex 43.2117 -0.95 32.9086
    endloop
  endfacet
  facet normal 0 -1 -0
    outer loop
      vertex 43.804 -0.95 33.5405
      vertex 43.3853 -0.95 32.7733
      vertex 44.1176 -0.95 33.3185
    endloop
  endfacet
  facet normal 0 -1 0
    outer loop
      vertex 43.5182 -0.95 32.5933
      vertex 44.1176 -0.95 33.3185
      vertex 43.3853 -0.95 32.7733
    endloop
  endfacet
  facet normal 0 -1 -0
    outer loop
      vertex 44.1176 -0.95 33.3185
      vertex 43.5182 -0.95 32.5933
      vertex 44.3621 -0.95 33.0366
    endloop
  endfacet
  facet normal 0 -1 0
    outer loop
      vertex 43.6132 -0.95 32.3624
      vertex 44.3621 -0.95 33.0366
      vertex 43.5182 -0.95 32.5933
    endloop
  endfacet
  facet normal 0 -1 -0
    outer loop
      vertex 44.3621 -0.95 33.0366
      vertex 43.6132 -0.95 32.3624
      vertex 44.5367 -0.95 32.6981
    endloop
  endfacet
  facet normal 0 -1 0
    outer loop
      vertex 43.6132 -0.95 32.3624
      vertex 44.6415 -0.95 32.3029
      vertex 44.5367 -0.95 32.6981
    endloop
  endfacet
  facet normal 0 -1 0
    outer loop
      vertex 43.6702 -0.95 32.0807
      vertex 44.6415 -0.95 32.3029
      vertex 43.6132 -0.95 32.3624
    endloop
  endfacet
  facet normal 0 -1 0
    outer loop
      vertex 43.6702 -0.95 32.0807
      vertex 44.6764 -0.95 31.8512
      vertex 44.6415 -0.95 32.3029
    endloop
  endfacet
  facet normal 0 -1 0
    outer loop
      vertex 43.6892 -0.95 31.7481
      vertex 44.6764 -0.95 31.8512
      vertex 43.6702 -0.95 32.0807
    endloop
  endfacet
  facet normal 0 -1 0
    outer loop
      vertex 43.6892 -0.95 31.428
      vertex 44.6764 -0.95 31.8512
      vertex 43.6892 -0.95 31.7481
    endloop
  endfacet
  facet normal 0 -1 0
    outer loop
      vertex 42.6204 -0.95 30.7228
      vertex 42.3708 -0.95 31.4063
      vertex 41.7495 -0.95 31.3615
    endloop
  endfacet
  facet normal 0 -1 0
    outer loop
      vertex 42.6204 -0.95 30.7228
      vertex 41.7495 -0.95 31.3615
      vertex 41.2201 -0.95 31.2598
    endloop
  endfacet
  facet normal 0 -1 0
    outer loop
      vertex 41.1361 -0.95 30.307
      vertex 40.7825 -0.95 31.1011
      vertex 40.4368 -0.95 30.8855
    endloop
  endfacet
  facet normal 0 -1 0
    outer loop
      vertex 40.7825 -0.95 31.1011
      vertex 42.6204 -0.95 30.7228
      vertex 41.2201 -0.95 31.2598
    endloop
  endfacet
  facet normal 0 -1 0
    outer loop
      vertex 42.6204 -0.95 30.7228
      vertex 43.6892 -0.95 31.428
      vertex 42.3708 -0.95 31.4063
    endloop
  endfacet
  facet normal 0 -1 0
    outer loop
      vertex 43.6892 -0.95 30.7445
      vertex 44.6764 -0.95 31.8512
      vertex 43.6892 -0.95 31.428
    endloop
  endfacet
  facet normal 0 -1 0
    outer loop
      vertex 44.6764 -0.95 29.3231
      vertex 43.6892 -0.95 30.7445
      vertex 43.6892 -0.95 30.2617
    endloop
  endfacet
  facet normal 0 -1 0
    outer loop
      vertex 44.6764 -0.95 29.3231
      vertex 43.6892 -0.95 30.2617
      vertex 43.6741 -0.95 30.038
    endloop
  endfacet
  facet normal 0 -1 0
    outer loop
      vertex 44.6764 -0.95 29.3231
      vertex 43.6741 -0.95 30.038
      vertex 43.6288 -0.95 29.8175
    endloop
  endfacet
  facet normal 0 -1 0
    outer loop
      vertex 44.6764 -0.95 29.3231
      vertex 43.6288 -0.95 29.8175
      vertex 43.5533 -0.95 29.6
    endloop
  endfacet
  facet normal 0 -1 0
    outer loop
      vertex 43.7216 -0.95 28.9705
      vertex 43.5533 -0.95 29.6
      vertex 43.4477 -0.95 29.3855
    endloop
  endfacet
  facet normal 0 -1 0
    outer loop
      vertex 43.6892 -0.95 30.7445
      vertex 44.6764 -0.95 29.3231
      vertex 44.6764 -0.95 31.8512
    endloop
  endfacet
  facet normal 0 -1 0
    outer loop
      vertex 43.6892 -0.95 28.9705
      vertex 43.4477 -0.95 29.3855
      vertex 43.316 -0.95 29.1839
    endloop
  endfacet
  facet normal 0 -1 0
    outer loop
      vertex 43.5533 -0.95 29.6
      vertex 43.7216 -0.95 28.9705
      vertex 44.6764 -0.95 29.3231
    endloop
  endfacet
  facet normal 0 -1 0
    outer loop
      vertex 43.6892 -0.95 28.9705
      vertex 43.316 -0.95 29.1839
      vertex 43.1622 -0.95 29.0051
    endloop
  endfacet
  facet normal 0 -1 0
    outer loop
      vertex 43.4477 -0.95 29.3855
      vertex 43.6892 -0.95 28.9705
      vertex 43.7216 -0.95 28.9705
    endloop
  endfacet
  facet normal 0 -1 -0
    outer loop
      vertex 44.6764 -0.95 29.3231
      vertex 43.7216 -0.95 28.9705
      vertex 44.6836 -0.95 29.1195
    endloop
  endfacet
  facet normal 0 -1 0
    outer loop
      vertex 43.7216 -0.95 28.9705
      vertex 44.7049 -0.95 28.9427
      vertex 44.6836 -0.95 29.1195
    endloop
  endfacet
  facet normal 0 -1 0
    outer loop
      vertex 43.7513 -0.95 28.6868
      vertex 44.7049 -0.95 28.9427
      vertex 43.7216 -0.95 28.9705
    endloop
  endfacet
  facet normal 0 -1 -0
    outer loop
      vertex 44.7049 -0.95 28.9427
      vertex 43.7513 -0.95 28.6868
      vertex 44.7405 -0.95 28.7926
    endloop
  endfacet
  facet normal 0 -1 0
    outer loop
      vertex 43.8078 -0.95 28.4436
      vertex 44.7405 -0.95 28.7926
      vertex 43.7513 -0.95 28.6868
    endloop
  endfacet
  facet normal 0 -1 -0
    outer loop
      vertex 44.7405 -0.95 28.7926
      vertex 43.8078 -0.95 28.4436
      vertex 44.7904 -0.95 28.6693
    endloop
  endfacet
  facet normal 0 -1 0
    outer loop
      vertex 43.891 -0.95 28.2406
      vertex 44.7904 -0.95 28.6693
      vertex 43.8078 -0.95 28.4436
    endloop
  endfacet
  facet normal 0 -1 0
    outer loop
      vertex 44.001 -0.95 28.0781
      vertex 44.7904 -0.95 28.6693
      vertex 43.891 -0.95 28.2406
    endloop
  endfacet
  facet normal 0 -1 -0
    outer loop
      vertex 44.7904 -0.95 28.6693
      vertex 44.1429 -0.95 27.9535
      vertex 44.8602 -0.95 28.5732
    endloop
  endfacet
  facet normal 0 -1 0
    outer loop
      vertex 44.1429 -0.95 27.9535
      vertex 44.7904 -0.95 28.6693
      vertex 44.001 -0.95 28.0781
    endloop
  endfacet
  facet normal 0 -1 0
    outer loop
      vertex 45.8246 -0.95 28.8682
      vertex 46.5718 -0.95 29.3937
      vertex 45.7092 -0.95 29.2254
    endloop
  endfacet
  facet normal 0 -1 -0
    outer loop
      vertex 46.5718 -0.95 29.3937
      vertex 45.8246 -0.95 28.8682
      vertex 46.6508 -0.95 29.1734
    endloop
  endfacet
  facet normal 0 -1 0
    outer loop
      vertex 45.992 -0.95 28.5616
      vertex 46.6508 -0.95 29.1734
      vertex 45.8246 -0.95 28.8682
    endloop
  endfacet
  facet normal 0 -1 -0
    outer loop
      vertex 46.6508 -0.95 29.1734
      vertex 45.992 -0.95 28.5616
      vertex 46.763 -0.95 28.9847
    endloop
  endfacet
  facet normal 0 -1 0
    outer loop
      vertex 46.2112 -0.95 28.3054
      vertex 46.763 -0.95 28.9847
      vertex 45.992 -0.95 28.5616
    endloop
  endfacet
  facet normal 0 -1 -0
    outer loop
      vertex 46.763 -0.95 28.9847
      vertex 46.2112 -0.95 28.3054
      vertex 46.9084 -0.95 28.8276
    endloop
  endfacet
  facet normal 0 -1 0
    outer loop
      vertex 46.4822 -0.95 28.0998
      vertex 46.9084 -0.95 28.8276
      vertex 46.2112 -0.95 28.3054
    endloop
  endfacet
  facet normal 0 -1 -0
    outer loop
      vertex 46.9084 -0.95 28.8276
      vertex 46.4822 -0.95 28.0998
      vertex 47.0871 -0.95 28.7019
    endloop
  endfacet
  facet normal 0 -1 0
    outer loop
      vertex 46.8106 -0.95 27.9419
      vertex 47.0871 -0.95 28.7019
      vertex 46.4822 -0.95 28.0998
    endloop
  endfacet
  facet normal 0 -1 -0
    outer loop
      vertex 47.0871 -0.95 28.7019
      vertex 46.8106 -0.95 27.9419
      vertex 47.3014 -0.95 28.6058
    endloop
  endfacet
  facet normal 0 -1 0
    outer loop
      vertex 47.2018 -0.95 27.8292
      vertex 47.3014 -0.95 28.6058
      vertex 46.8106 -0.95 27.9419
    endloop
  endfacet
  facet normal 0 -1 -0
    outer loop
      vertex 47.3014 -0.95 28.6058
      vertex 47.2018 -0.95 27.8292
      vertex 47.5537 -0.95 28.5371
    endloop
  endfacet
  facet normal -0 -1 0
    outer loop
      vertex 48.705 -0.95 27.7672
      vertex 48.1721 -0.95 28.4822
      vertex 48.1721 -0.95 27.739
    endloop
  endfacet
  facet normal 0 -1 0
    outer loop
      vertex 47.6556 -0.95 27.7616
      vertex 47.5537 -0.95 28.5371
      vertex 47.2018 -0.95 27.8292
    endloop
  endfacet
  facet normal -0 -1 0
    outer loop
      vertex 49.1751 -0.95 27.8516
      vertex 48.1721 -0.95 28.4822
      vertex 48.705 -0.95 27.7672
    endloop
  endfacet
  facet normal 0 -1 0
    outer loop
      vertex 47.5537 -0.95 28.5371
      vertex 47.6556 -0.95 27.7616
      vertex 47.8439 -0.95 28.496
    endloop
  endfacet
  facet normal -0 -1 0
    outer loop
      vertex 49.5825 -0.95 27.9923
      vertex 48.1721 -0.95 28.4822
      vertex 49.1751 -0.95 27.8516
    endloop
  endfacet
  facet normal 0 -1 0
    outer loop
      vertex 48.1721 -0.95 27.739
      vertex 47.8439 -0.95 28.496
      vertex 47.6556 -0.95 27.7616
    endloop
  endfacet
  facet normal -0 -1 0
    outer loop
      vertex 49.9271 -0.95 28.1893
      vertex 48.1721 -0.95 28.4822
      vertex 49.5825 -0.95 27.9923
    endloop
  endfacet
  facet normal 0 -1 0
    outer loop
      vertex 47.8439 -0.95 28.496
      vertex 48.1721 -0.95 27.739
      vertex 48.1721 -0.95 28.4822
    endloop
  endfacet
  facet normal 0 -1 0
    outer loop
      vertex 48.1721 -0.95 28.4822
      vertex 49.9271 -0.95 28.1893
      vertex 50.2013 -0.95 28.4382
    endloop
  endfacet
  facet normal 0 -1 -0
    outer loop
      vertex 48.183 -0.95 33.8096
      vertex 47.8738 -0.95 33.0592
      vertex 48.183 -0.95 33.0717
    endloop
  endfacet
  facet normal 0 -1 0
    outer loop
      vertex 46.5148 -0.95 33.3891
      vertex 47.608 -0.95 33.0216
      vertex 47.8738 -0.95 33.0592
    endloop
  endfacet
  facet normal 0 -1 0
    outer loop
      vertex 46.5148 -0.95 33.3891
      vertex 47.3855 -0.95 32.9588
      vertex 47.608 -0.95 33.0216
    endloop
  endfacet
  facet normal 0 -1 0
    outer loop
      vertex 46.9705 -0.95 32.6188
      vertex 46.2644 -0.95 33.155
      vertex 46.0856 -0.95 32.8731
    endloop
  endfacet
  facet normal 0 -1 0
    outer loop
      vertex 46.5148 -0.95 33.3891
      vertex 47.2065 -0.95 32.871
      vertex 47.3855 -0.95 32.9588
    endloop
  endfacet
  facet normal 0 -1 0
    outer loop
      vertex 46.5148 -0.95 33.3891
      vertex 47.0688 -0.95 32.7578
      vertex 47.2065 -0.95 32.871
    endloop
  endfacet
  facet normal 0 -1 0
    outer loop
      vertex 46.2644 -0.95 33.155
      vertex 46.9705 -0.95 32.6188
      vertex 47.0688 -0.95 32.7578
    endloop
  endfacet
  facet normal 0 -1 0
    outer loop
      vertex 46.9115 -0.95 32.454
      vertex 46.0856 -0.95 32.8731
      vertex 45.9782 -0.95 32.5433
    endloop
  endfacet
  facet normal 0 -1 0
    outer loop
      vertex 46.0856 -0.95 32.8731
      vertex 46.9115 -0.95 32.454
      vertex 46.9705 -0.95 32.6188
    endloop
  endfacet
  facet normal 0 -1 0
    outer loop
      vertex 45.9782 -0.95 32.5433
      vertex 46.8918 -0.95 32.2634
      vertex 46.9115 -0.95 32.454
    endloop
  endfacet
  facet normal 0 -1 0
    outer loop
      vertex 45.9425 -0.95 32.1658
      vertex 46.8918 -0.95 32.2634
      vertex 45.9782 -0.95 32.5433
    endloop
  endfacet
  facet normal 0 -1 0
    outer loop
      vertex 45.9425 -0.95 32.1658
      vertex 46.9 -0.95 32.1441
      vertex 46.8918 -0.95 32.2634
    endloop
  endfacet
  facet normal 0 -1 0
    outer loop
      vertex 45.955 -0.95 31.9573
      vertex 46.9 -0.95 32.1441
      vertex 45.9425 -0.95 32.1658
    endloop
  endfacet
  facet normal 0 -1 -0
    outer loop
      vertex 46.9 -0.95 32.1441
      vertex 45.955 -0.95 31.9573
      vertex 46.9244 -0.95 32.0356
    endloop
  endfacet
  facet normal 0 -1 0
    outer loop
      vertex 45.9926 -0.95 31.7657
      vertex 46.9244 -0.95 32.0356
      vertex 45.955 -0.95 31.9573
    endloop
  endfacet
  facet normal 0 -1 0
    outer loop
      vertex 46.0554 -0.95 31.5911
      vertex 46.9244 -0.95 32.0356
      vertex 45.9926 -0.95 31.7657
    endloop
  endfacet
  facet normal 0 -1 -0
    outer loop
      vertex 46.9244 -0.95 32.0356
      vertex 46.0554 -0.95 31.5911
      vertex 46.965 -0.95 31.9379
    endloop
  endfacet
  facet normal 0 -1 0
    outer loop
      vertex 46.1432 -0.95 31.4334
      vertex 46.965 -0.95 31.9379
      vertex 46.0554 -0.95 31.5911
    endloop
  endfacet
  facet normal 0 -1 0
    outer loop
      vertex 46.2532 -0.95 31.2898
      vertex 46.965 -0.95 31.9379
      vertex 46.1432 -0.95 31.4334
    endloop
  endfacet
  facet normal 0 -1 -0
    outer loop
      vertex 46.965 -0.95 31.9379
      vertex 46.2532 -0.95 31.2898
      vertex 47.022 -0.95 31.8511
    endloop
  endfacet
  facet normal 0 -1 0
    outer loop
      vertex 46.3826 -0.95 31.1574
      vertex 47.022 -0.95 31.8511
      vertex 46.2532 -0.95 31.2898
    endloop
  endfacet
  facet normal 0 -1 -0
    outer loop
      vertex 47.022 -0.95 31.8511
      vertex 46.3826 -0.95 31.1574
      vertex 47.0949 -0.95 31.7728
    endloop
  endfacet
  facet normal 0 -1 0
    outer loop
      vertex 46.5312 -0.95 31.0362
      vertex 47.0949 -0.95 31.7728
      vertex 46.3826 -0.95 31.1574
    endloop
  endfacet
  facet normal 0 -1 -0
    outer loop
      vertex 47.0949 -0.95 31.7728
      vertex 46.5312 -0.95 31.0362
      vertex 47.1834 -0.95 31.7006
    endloop
  endfacet
  facet normal 0 -1 0
    outer loop
      vertex 46.6993 -0.95 30.9262
      vertex 47.1834 -0.95 31.7006
      vertex 46.5312 -0.95 31.0362
    endloop
  endfacet
  facet normal 0 -1 -0
    outer loop
      vertex 47.1834 -0.95 31.7006
      vertex 46.6993 -0.95 30.9262
      vertex 47.2875 -0.95 31.6345
    endloop
  endfacet
  facet normal 0 -1 0
    outer loop
      vertex 46.9073 -0.95 30.8212
      vertex 47.2875 -0.95 31.6345
      vertex 46.6993 -0.95 30.9262
    endloop
  endfacet
  facet normal 0 -1 -0
    outer loop
      vertex 47.2875 -0.95 31.6345
      vertex 46.9073 -0.95 30.8212
      vertex 47.4072 -0.95 31.5745
    endloop
  endfacet
  facet normal 0 -1 0
    outer loop
      vertex 47.176 -0.95 30.7153
      vertex 47.4072 -0.95 31.5745
      vertex 46.9073 -0.95 30.8212
    endloop
  endfacet
  facet normal 0 -1 -0
    outer loop
      vertex 47.4072 -0.95 31.5745
      vertex 47.176 -0.95 30.7153
      vertex 47.57 -0.95 31.5121
    endloop
  endfacet
  facet normal 0 -1 0
    outer loop
      vertex 47.8955 -0.95 30.5003
      vertex 47.8033 -0.95 31.4388
      vertex 47.5054 -0.95 30.6083
    endloop
  endfacet
  facet normal 0 -1 0
    outer loop
      vertex 47.5054 -0.95 30.6083
      vertex 47.57 -0.95 31.5121
      vertex 47.176 -0.95 30.7153
    endloop
  endfacet
  facet normal 0 -1 0
    outer loop
      vertex 47.8033 -0.95 31.4388
      vertex 47.8955 -0.95 30.5003
      vertex 48.1071 -0.95 31.3548
    endloop
  endfacet
  facet normal 0 -1 -0
    outer loop
      vertex 47.57 -0.95 31.5121
      vertex 47.5054 -0.95 30.6083
      vertex 47.8033 -0.95 31.4388
    endloop
  endfacet
  facet normal 0 -1 -0
    outer loop
      vertex 48.1071 -0.95 31.3548
      vertex 47.8955 -0.95 30.5003
      vertex 48.4814 -0.95 31.2598
    endloop
  endfacet
  facet normal 0 -1 0
    outer loop
      vertex 48.5954 -0.95 30.3159
      vertex 48.4814 -0.95 31.2598
      vertex 47.8955 -0.95 30.5003
    endloop
  endfacet
  facet normal 0 -1 0
    outer loop
      vertex 48.4814 -0.95 31.2598
      vertex 48.5954 -0.95 30.3159
      vertex 48.8422 -0.95 31.1641
    endloop
  endfacet
  facet normal 0 -1 0
    outer loop
      vertex 48.8428 -0.95 30.2406
      vertex 48.8422 -0.95 31.1641
      vertex 48.5954 -0.95 30.3159
    endloop
  endfacet
  facet normal 0 -1 0
    outer loop
      vertex 48.8422 -0.95 31.1641
      vertex 48.8428 -0.95 30.2406
      vertex 49.1487 -0.95 31.072
    endloop
  endfacet
  facet normal 0 -1 0
    outer loop
      vertex 49.0537 -0.95 30.1559
      vertex 49.1487 -0.95 31.072
      vertex 48.8428 -0.95 30.2406
    endloop
  endfacet
  facet normal 0 -1 -0
    outer loop
      vertex 49.1487 -0.95 31.072
      vertex 49.0537 -0.95 30.1559
      vertex 49.4009 -0.95 30.9836
    endloop
  endfacet
  facet normal 0 -1 -0
    outer loop
      vertex 49.4009 -0.95 30.9836
      vertex 49.0537 -0.95 30.1559
      vertex 49.599 -0.95 30.899
    endloop
  endfacet
  facet normal 0 -1 0
    outer loop
      vertex 49.228 -0.95 30.0616
      vertex 49.599 -0.95 30.899
      vertex 49.0537 -0.95 30.1559
    endloop
  endfacet
  facet normal 0 -1 -0
    outer loop
      vertex 49.599 -0.95 30.899
      vertex 49.228 -0.95 30.0616
      vertex 49.7608 -0.95 30.8141
    endloop
  endfacet
  facet normal 0 -1 0
    outer loop
      vertex 49.3657 -0.95 29.9578
      vertex 49.7608 -0.95 30.8141
      vertex 49.228 -0.95 30.0616
    endloop
  endfacet
  facet normal 0 -1 -0
    outer loop
      vertex 49.7608 -0.95 30.8141
      vertex 49.3657 -0.95 29.9578
      vertex 49.9048 -0.95 30.7248
    endloop
  endfacet
  facet normal 0 -1 -0
    outer loop
      vertex 49.9048 -0.95 30.7248
      vertex 49.3657 -0.95 29.9578
      vertex 50.0307 -0.95 30.631
    endloop
  endfacet
  facet normal 0 -1 -0
    outer loop
      vertex 50.0307 -0.95 30.631
      vertex 49.3657 -0.95 29.9578
      vertex 50.1387 -0.95 30.5329
    endloop
  endfacet
  facet normal 0 -1 0
    outer loop
      vertex 49.4701 -0.95 29.8412
      vertex 50.1387 -0.95 30.5329
      vertex 49.3657 -0.95 29.9578
    endloop
  endfacet
  facet normal 0 -1 -0
    outer loop
      vertex 50.1387 -0.95 30.5329
      vertex 49.4701 -0.95 29.8412
      vertex 50.2321 -0.95 30.4286
    endloop
  endfacet
  facet normal 0 -1 -0
    outer loop
      vertex 50.2321 -0.95 30.4286
      vertex 49.4701 -0.95 29.8412
      vertex 50.3143 -0.95 30.3165
    endloop
  endfacet
  facet normal 0 -1 -0
    outer loop
      vertex 50.3143 -0.95 30.3165
      vertex 49.4701 -0.95 29.8412
      vertex 50.3854 -0.95 30.1967
    endloop
  endfacet
  facet normal 0 -1 0
    outer loop
      vertex 49.5447 -0.95 29.7083
      vertex 50.3854 -0.95 30.1967
      vertex 49.4701 -0.95 29.8412
    endloop
  endfacet
  facet normal 0 -1 -0
    outer loop
      vertex 50.3854 -0.95 30.1967
      vertex 49.5447 -0.95 29.7083
      vertex 50.4452 -0.95 30.069
    endloop
  endfacet
  facet normal 0 -1 -0
    outer loop
      vertex 50.4452 -0.95 30.069
      vertex 49.5447 -0.95 29.7083
      vertex 50.4927 -0.95 29.9329
    endloop
  endfacet
  facet normal 0 -1 0
    outer loop
      vertex 49.5895 -0.95 29.5591
      vertex 50.4927 -0.95 29.9329
      vertex 49.5447 -0.95 29.7083
    endloop
  endfacet
  facet normal 0 -1 -0
    outer loop
      vertex 50.4927 -0.95 29.9329
      vertex 49.5895 -0.95 29.5591
      vertex 50.5266 -0.95 29.7876
    endloop
  endfacet
  facet normal 0 -1 -0
    outer loop
      vertex 50.5266 -0.95 29.7876
      vertex 49.5895 -0.95 29.5591
      vertex 50.547 -0.95 29.6332
    endloop
  endfacet
  facet normal 0 -1 0
    outer loop
      vertex 49.5895 -0.95 29.5591
      vertex 50.5538 -0.95 29.4696
      vertex 50.547 -0.95 29.6332
    endloop
  endfacet
  facet normal 0 -1 0
    outer loop
      vertex 49.6044 -0.95 29.3937
      vertex 50.5538 -0.95 29.4696
      vertex 49.5895 -0.95 29.5591
    endloop
  endfacet
  facet normal 0 -1 0
    outer loop
      vertex 50.5146 -0.95 29.0783
      vertex 49.6044 -0.95 29.3937
      vertex 49.5829 -0.95 29.18
    endloop
  endfacet
  facet normal 0 -1 0
    outer loop
      vertex 49.6044 -0.95 29.3937
      vertex 50.5146 -0.95 29.0783
      vertex 50.5538 -0.95 29.4696
    endloop
  endfacet
  facet normal 0 -1 0
    outer loop
      vertex 50.3971 -0.95 28.7345
      vertex 49.5829 -0.95 29.18
      vertex 49.5183 -0.95 28.9949
    endloop
  endfacet
  facet normal 0 -1 0
    outer loop
      vertex 50.2013 -0.95 28.4382
      vertex 49.5183 -0.95 28.9949
      vertex 49.4106 -0.95 28.8382
    endloop
  endfacet
  facet normal 0 -1 0
    outer loop
      vertex 49.5829 -0.95 29.18
      vertex 50.3971 -0.95 28.7345
      vertex 50.5146 -0.95 29.0783
    endloop
  endfacet
  facet normal 0 -1 0
    outer loop
      vertex 50.2013 -0.95 28.4382
      vertex 49.4106 -0.95 28.8382
      vertex 49.2599 -0.95 28.7101
    endloop
  endfacet
  facet normal 0 -1 0
    outer loop
      vertex 50.2013 -0.95 28.4382
      vertex 49.2599 -0.95 28.7101
      vertex 49.0627 -0.95 28.6104
    endloop
  endfacet
  facet normal 0 -1 0
    outer loop
      vertex 50.2013 -0.95 28.4382
      vertex 49.0627 -0.95 28.6104
      vertex 48.8157 -0.95 28.5392
    endloop
  endfacet
  facet normal 0 -1 0
    outer loop
      vertex 50.2013 -0.95 28.4382
      vertex 48.8157 -0.95 28.5392
      vertex 48.5189 -0.95 28.4965
    endloop
  endfacet
  facet normal 0 -1 0
    outer loop
      vertex 49.5183 -0.95 28.9949
      vertex 50.2013 -0.95 28.4382
      vertex 50.3971 -0.95 28.7345
    endloop
  endfacet
  facet normal 0 -1 0
    outer loop
      vertex 50.2013 -0.95 28.4382
      vertex 48.5189 -0.95 28.4965
      vertex 48.1721 -0.95 28.4822
    endloop
  endfacet
  facet normal 0 -1 0
    outer loop
      vertex 47.8738 -0.95 33.0592
      vertex 48.183 -0.95 33.8096
      vertex 47.6678 -0.95 33.7833
    endloop
  endfacet
  facet normal 0 -1 0
    outer loop
      vertex 48.4663 -0.95 33.0587
      vertex 48.183 -0.95 33.8096
      vertex 48.183 -0.95 33.0717
    endloop
  endfacet
  facet normal 0 -1 0
    outer loop
      vertex 47.8738 -0.95 33.0592
      vertex 47.6678 -0.95 33.7833
      vertex 47.218 -0.95 33.7045
    endloop
  endfacet
  facet normal 0 -1 0
    outer loop
      vertex 48.183 -0.95 33.8096
      vertex 48.4663 -0.95 33.0587
      vertex 48.6436 -0.95 33.7882
    endloop
  endfacet
  facet normal 0 -1 0
    outer loop
      vertex 47.8738 -0.95 33.0592
      vertex 47.218 -0.95 33.7045
      vertex 46.8337 -0.95 33.5731
    endloop
  endfacet
  facet normal 0 -1 0
    outer loop
      vertex 48.7194 -0.95 33.0195
      vertex 48.6436 -0.95 33.7882
      vertex 48.4663 -0.95 33.0587
    endloop
  endfacet
  facet normal 0 -1 0
    outer loop
      vertex 47.8738 -0.95 33.0592
      vertex 46.8337 -0.95 33.5731
      vertex 46.5148 -0.95 33.3891
    endloop
  endfacet
  facet normal 0 -1 0
    outer loop
      vertex 48.6436 -0.95 33.7882
      vertex 48.7194 -0.95 33.0195
      vertex 49.0544 -0.95 33.7241
    endloop
  endfacet
  facet normal 0 -1 0
    outer loop
      vertex 47.0688 -0.95 32.7578
      vertex 46.5148 -0.95 33.3891
      vertex 46.2644 -0.95 33.155
    endloop
  endfacet
  facet normal 0 -1 0
    outer loop
      vertex 48.9424 -0.95 32.9542
      vertex 49.0544 -0.95 33.7241
      vertex 48.7194 -0.95 33.0195
    endloop
  endfacet
  facet normal 0 -1 -0
    outer loop
      vertex 49.0544 -0.95 33.7241
      vertex 48.9424 -0.95 32.9542
      vertex 49.4153 -0.95 33.6173
    endloop
  endfacet
  facet normal 0 -1 0
    outer loop
      vertex 49.1351 -0.95 32.8628
      vertex 49.4153 -0.95 33.6173
      vertex 48.9424 -0.95 32.9542
    endloop
  endfacet
  facet normal 0 -1 -0
    outer loop
      vertex 49.4153 -0.95 33.6173
      vertex 49.1351 -0.95 32.8628
      vertex 49.7264 -0.95 33.4678
    endloop
  endfacet
  facet normal 0 -1 0
    outer loop
      vertex 49.2957 -0.95 32.7471
      vertex 49.7264 -0.95 33.4678
      vertex 49.1351 -0.95 32.8628
    endloop
  endfacet
  facet normal 0 -1 -0
    outer loop
      vertex 49.7264 -0.95 33.4678
      vertex 49.2957 -0.95 32.7471
      vertex 49.9863 -0.95 33.2712
    endloop
  endfacet
  facet normal 0 -1 0
    outer loop
      vertex 49.422 -0.95 32.6086
      vertex 49.9863 -0.95 33.2712
      vertex 49.2957 -0.95 32.7471
    endloop
  endfacet
  facet normal 0 -1 -0
    outer loop
      vertex 49.9863 -0.95 33.2712
      vertex 49.422 -0.95 32.6086
      vertex 50.1936 -0.95 33.023
    endloop
  endfacet
  facet normal 0 -1 0
    outer loop
      vertex 49.514 -0.95 32.4474
      vertex 50.1936 -0.95 33.023
      vertex 49.422 -0.95 32.6086
    endloop
  endfacet
  facet normal 0 -1 -0
    outer loop
      vertex 50.1936 -0.95 33.023
      vertex 49.514 -0.95 32.4474
      vertex 50.3484 -0.95 32.7232
    endloop
  endfacet
  facet normal 0 -1 0
    outer loop
      vertex 49.5718 -0.95 32.2634
      vertex 50.3484 -0.95 32.7232
      vertex 49.514 -0.95 32.4474
    endloop
  endfacet
  facet normal 0 -1 -0
    outer loop
      vertex 50.3484 -0.95 32.7232
      vertex 49.5718 -0.95 32.2634
      vertex 50.4506 -0.95 32.372
    endloop
  endfacet
  facet normal 0 -1 0
    outer loop
      vertex 51.5469 -0.95 33.7173
      vertex 52.5288 -0.95 29.9958
      vertex 52.5288 -0.95 33.7173
    endloop
  endfacet
  facet normal 0 -1 0
    outer loop
      vertex 51.5469 -0.95 29.8059
      vertex 52.5288 -0.95 29.9958
      vertex 51.5469 -0.95 33.7173
    endloop
  endfacet
  facet normal 0 -1 0
    outer loop
      vertex 51.5469 -0.95 29.8059
      vertex 52.5359 -0.95 29.7219
      vertex 52.5288 -0.95 29.9958
    endloop
  endfacet
  facet normal 0 -1 0
    outer loop
      vertex 51.5749 -0.95 29.2917
      vertex 52.5359 -0.95 29.7219
      vertex 51.5469 -0.95 29.8059
    endloop
  endfacet
  facet normal 0 -1 -0
    outer loop
      vertex 52.5359 -0.95 29.7219
      vertex 51.5749 -0.95 29.2917
      vertex 52.5573 -0.95 29.4804
    endloop
  endfacet
  facet normal 0 -1 0
    outer loop
      vertex 51.5749 -0.95 29.2917
      vertex 52.5929 -0.95 29.2716
      vertex 52.5573 -0.95 29.4804
    endloop
  endfacet
  facet normal 0 -1 0
    outer loop
      vertex 51.6588 -0.95 28.8559
      vertex 52.5929 -0.95 29.2716
      vertex 51.5749 -0.95 29.2917
    endloop
  endfacet
  facet normal 0 -1 -0
    outer loop
      vertex 52.5929 -0.95 29.2716
      vertex 51.6588 -0.95 28.8559
      vertex 52.6427 -0.95 29.0953
    endloop
  endfacet
  facet normal 0 -1 0
    outer loop
      vertex 51.7986 -0.95 28.4983
      vertex 52.6427 -0.95 29.0953
      vertex 51.6588 -0.95 28.8559
    endloop
  endfacet
  facet normal 0 -1 -0
    outer loop
      vertex 52.6427 -0.95 29.0953
      vertex 51.7986 -0.95 28.4983
      vertex 52.7082 -0.95 28.9464
    endloop
  endfacet
  facet normal 0 -1 0
    outer loop
      vertex 51.9944 -0.95 28.2191
      vertex 52.7082 -0.95 28.9464
      vertex 51.7986 -0.95 28.4983
    endloop
  endfacet
  facet normal 0 -1 -0
    outer loop
      vertex 52.7082 -0.95 28.9464
      vertex 51.9944 -0.95 28.2191
      vertex 52.7906 -0.95 28.82
    endloop
  endfacet
  facet normal 0 -1 0
    outer loop
      vertex 52.2506 -0.95 28.0091
      vertex 52.7906 -0.95 28.82
      vertex 51.9944 -0.95 28.2191
    endloop
  endfacet
  facet normal 0 -1 -0
    outer loop
      vertex 52.7906 -0.95 28.82
      vertex 52.2506 -0.95 28.0091
      vertex 52.8899 -0.95 28.7159
    endloop
  endfacet
  facet normal 0 -1 0
    outer loop
      vertex 52.5715 -0.95 27.859
      vertex 52.8899 -0.95 28.7159
      vertex 52.2506 -0.95 28.0091
    endloop
  endfacet
  facet normal 0 -1 -0
    outer loop
      vertex 52.8899 -0.95 28.7159
      vertex 52.5715 -0.95 27.859
      vertex 53.0062 -0.95 28.6341
    endloop
  endfacet
  facet normal 0 -1 0
    outer loop
      vertex 52.9572 -0.95 27.769
      vertex 53.0062 -0.95 28.6341
      vertex 52.5715 -0.95 27.859
    endloop
  endfacet
  facet normal 0 -1 -0
    outer loop
      vertex 53.0062 -0.95 28.6341
      vertex 52.9572 -0.95 27.769
      vertex 53.1456 -0.95 28.5724
    endloop
  endfacet
  facet normal 0 -1 -0
    outer loop
      vertex 53.1456 -0.95 28.5724
      vertex 52.9572 -0.95 27.769
      vertex 53.3141 -0.95 28.5284
    endloop
  endfacet
  facet normal 0 -1 0
    outer loop
      vertex 53.5118 -0.95 28.5019
      vertex 53.7225 -0.95 27.7548
      vertex 53.7386 -0.95 28.4931
    endloop
  endfacet
  facet normal 0 -1 0
    outer loop
      vertex 53.4077 -0.95 27.739
      vertex 53.3141 -0.95 28.5284
      vertex 52.9572 -0.95 27.769
    endloop
  endfacet
  facet normal -0 -1 0
    outer loop
      vertex 54.0105 -0.95 27.8021
      vertex 53.7386 -0.95 28.4931
      vertex 53.7225 -0.95 27.7548
    endloop
  endfacet
  facet normal -0 -1 0
    outer loop
      vertex 54.2718 -0.95 27.8809
      vertex 53.7386 -0.95 28.4931
      vertex 54.0105 -0.95 27.8021
    endloop
  endfacet
  facet normal 0 -1 0
    outer loop
      vertex 53.3141 -0.95 28.5284
      vertex 53.4077 -0.95 27.739
      vertex 53.5118 -0.95 28.5019
    endloop
  endfacet
  facet normal 0 -1 0
    outer loop
      vertex 53.7386 -0.95 28.4931
      vertex 54.7207 -0.95 28.1396
      vertex 54.922 -0.95 28.3323
    endloop
  endfacet
  facet normal -0 -1 0
    outer loop
      vertex 53.7225 -0.95 27.7548
      vertex 53.5118 -0.95 28.5019
      vertex 53.4077 -0.95 27.739
    endloop
  endfacet
  facet normal -0 -1 0
    outer loop
      vertex 54.5063 -0.95 27.9913
      vertex 53.7386 -0.95 28.4931
      vertex 54.2718 -0.95 27.8809
    endloop
  endfacet
  facet normal 0 -1 0
    outer loop
      vertex 53.7386 -0.95 28.4931
      vertex 54.5063 -0.95 27.9913
      vertex 54.7207 -0.95 28.1396
    endloop
  endfacet
  facet normal 0 -1 0
    outer loop
      vertex 55.11 -0.95 28.5695
      vertex 54.8507 -0.95 28.9759
      vertex 54.6286 -0.95 28.7647
    endloop
  endfacet
  facet normal 0 -1 0
    outer loop
      vertex 54.922 -0.95 28.3323
      vertex 54.6286 -0.95 28.7647
      vertex 54.3693 -0.95 28.6138
    endloop
  endfacet
  facet normal 0 -1 0
    outer loop
      vertex 54.8507 -0.95 28.9759
      vertex 55.11 -0.95 28.5695
      vertex 55.2847 -0.95 28.8511
    endloop
  endfacet
  facet normal 0 -1 0
    outer loop
      vertex 54.922 -0.95 28.3323
      vertex 54.3693 -0.95 28.6138
      vertex 54.0726 -0.95 28.5233
    endloop
  endfacet
  facet normal 0 -1 0
    outer loop
      vertex 54.922 -0.95 28.3323
      vertex 54.0726 -0.95 28.5233
      vertex 53.7386 -0.95 28.4931
    endloop
  endfacet
  facet normal 0 -1 0
    outer loop
      vertex 54.6286 -0.95 28.7647
      vertex 54.922 -0.95 28.3323
      vertex 55.11 -0.95 28.5695
    endloop
  endfacet
  facet normal 0 -1 0
    outer loop
      vertex 55.2576 -0.95 30.3159
      vertex 56.2341 -0.95 33.7173
      vertex 55.2576 -0.95 33.7173
    endloop
  endfacet
  facet normal 0 -1 0
    outer loop
      vertex 56.2341 -0.95 29.1007
      vertex 55.2576 -0.95 30.3159
      vertex 55.2322 -0.95 29.9107
    endloop
  endfacet
  facet normal 0 -1 0
    outer loop
      vertex 56.2341 -0.95 29.1007
      vertex 55.2322 -0.95 29.9107
      vertex 55.1559 -0.95 29.5523
    endloop
  endfacet
  facet normal 0 -1 0
    outer loop
      vertex 55.2576 -0.95 30.3159
      vertex 56.2341 -0.95 29.1007
      vertex 56.2341 -0.95 33.7173
    endloop
  endfacet
  facet normal 0 -1 0
    outer loop
      vertex 55.301 -0.95 28.8511
      vertex 55.1559 -0.95 29.5523
      vertex 55.0287 -0.95 29.2407
    endloop
  endfacet
  facet normal 0 -1 0
    outer loop
      vertex 55.2847 -0.95 28.8511
      vertex 55.0287 -0.95 29.2407
      vertex 54.8507 -0.95 28.9759
    endloop
  endfacet
  facet normal 0 -1 0
    outer loop
      vertex 55.0287 -0.95 29.2407
      vertex 55.2847 -0.95 28.8511
      vertex 55.301 -0.95 28.8511
    endloop
  endfacet
  facet normal 0 -1 0
    outer loop
      vertex 55.1559 -0.95 29.5523
      vertex 55.301 -0.95 28.8511
      vertex 56.2341 -0.95 29.1007
    endloop
  endfacet
  facet normal 0 -1 0
    outer loop
      vertex 56.2361 -0.95 28.6379
      vertex 55.301 -0.95 28.8511
      vertex 55.3062 -0.95 28.654
    endloop
  endfacet
  facet normal 0 -1 0
    outer loop
      vertex 55.301 -0.95 28.8511
      vertex 56.2361 -0.95 28.6379
      vertex 56.2341 -0.95 29.1007
    endloop
  endfacet
  facet normal 0 -1 0
    outer loop
      vertex 55.3112 -0.95 28.491
      vertex 56.2361 -0.95 28.6379
      vertex 55.3062 -0.95 28.654
    endloop
  endfacet
  facet normal 0 -1 0
    outer loop
      vertex 56.2422 -0.95 28.2747
      vertex 55.3112 -0.95 28.491
      vertex 55.3157 -0.95 28.3623
    endloop
  endfacet
  facet normal 0 -1 0
    outer loop
      vertex 55.3112 -0.95 28.491
      vertex 56.2422 -0.95 28.2747
      vertex 56.2361 -0.95 28.6379
    endloop
  endfacet
  facet normal 0 -1 0
    outer loop
      vertex 55.3199 -0.95 28.2679
      vertex 56.2422 -0.95 28.2747
      vertex 55.3157 -0.95 28.3623
    endloop
  endfacet
  facet normal 0 -1 0
    outer loop
      vertex 55.3239 -0.95 28.1928
      vertex 56.2422 -0.95 28.2747
      vertex 55.3199 -0.95 28.2679
    endloop
  endfacet
  facet normal 0 -1 0
    outer loop
      vertex 55.3274 -0.95 28.1222
      vertex 56.2422 -0.95 28.2747
      vertex 55.3239 -0.95 28.1928
    endloop
  endfacet
  facet normal 0 -1 0
    outer loop
      vertex 56.2524 -0.95 28.0113
      vertex 55.3274 -0.95 28.1222
      vertex 55.3307 -0.95 28.0559
    endloop
  endfacet
  facet normal 0 -1 0
    outer loop
      vertex 55.3274 -0.95 28.1222
      vertex 56.2524 -0.95 28.0113
      vertex 56.2422 -0.95 28.2747
    endloop
  endfacet
  facet normal 0 -1 0
    outer loop
      vertex 55.3335 -0.95 27.994
      vertex 56.2524 -0.95 28.0113
      vertex 55.3307 -0.95 28.0559
    endloop
  endfacet
  facet normal 0 -1 0
    outer loop
      vertex 55.3363 -0.95 27.9401
      vertex 56.2524 -0.95 28.0113
      vertex 55.3335 -0.95 27.994
    endloop
  endfacet
  facet normal 0 -1 0
    outer loop
      vertex 55.339 -0.95 27.8977
      vertex 56.2524 -0.95 28.0113
      vertex 55.3363 -0.95 27.9401
    endloop
  endfacet
  facet normal 0 -1 0
    outer loop
      vertex 55.3417 -0.95 27.8668
      vertex 56.2524 -0.95 28.0113
      vertex 55.339 -0.95 27.8977
    endloop
  endfacet
  facet normal 0 -1 0
    outer loop
      vertex 55.3444 -0.95 27.8475
      vertex 56.2524 -0.95 28.0113
      vertex 55.3417 -0.95 27.8668
    endloop
  endfacet
  facet normal 0 -1 -0
    outer loop
      vertex 56.2524 -0.95 28.0113
      vertex 55.3444 -0.95 27.8475
      vertex 56.2667 -0.95 27.8475
    endloop
  endfacet
  facet normal 0 0 -1
    outer loop
      vertex 27.398 -0.95 34.645
      vertex 30.0237 0 34.645
      vertex 30.0237 -0.95 34.645
    endloop
  endfacet
  facet normal -0 0 -1
    outer loop
      vertex 30.0237 0 34.645
      vertex 27.398 -0.95 34.645
      vertex 27.398 0 34.645
    endloop
  endfacet
  facet normal 1 -0 0
    outer loop
      vertex 30.0237 -0.95 35.4913
      vertex 30.0237 0 34.645
      vertex 30.0237 0 35.4913
    endloop
  endfacet
  facet normal 1 0 0
    outer loop
      vertex 30.0237 0 34.645
      vertex 30.0237 -0.95 35.4913
      vertex 30.0237 -0.95 34.645
    endloop
  endfacet
  facet normal -0 0 1
    outer loop
      vertex 23.7416 0 35.4913
      vertex 30.0237 -0.95 35.4913
      vertex 30.0237 0 35.4913
    endloop
  endfacet
  facet normal 0 0 1
    outer loop
      vertex 30.0237 -0.95 35.4913
      vertex 23.7416 0 35.4913
      vertex 23.7416 -0.95 35.4913
    endloop
  endfacet
  facet normal -1 0 0
    outer loop
      vertex 23.7416 -0.95 34.645
      vertex 23.7416 0 35.4913
      vertex 23.7416 0 34.645
    endloop
  endfacet
  facet normal -1 -0 0
    outer loop
      vertex 23.7416 0 35.4913
      vertex 23.7416 -0.95 34.645
      vertex 23.7416 -0.95 35.4913
    endloop
  endfacet
  facet normal 0 0 -1
    outer loop
      vertex 23.7416 -0.95 34.645
      vertex 26.3673 0 34.645
      vertex 26.3673 -0.95 34.645
    endloop
  endfacet
  facet normal -0 0 -1
    outer loop
      vertex 26.3673 0 34.645
      vertex 23.7416 -0.95 34.645
      vertex 23.7416 0 34.645
    endloop
  endfacet
  facet normal -1 0 0
    outer loop
      vertex 26.3673 -0.95 27.8475
      vertex 26.3673 0 34.645
      vertex 26.3673 0 27.8475
    endloop
  endfacet
  facet normal -1 -0 0
    outer loop
      vertex 26.3673 0 34.645
      vertex 26.3673 -0.95 27.8475
      vertex 26.3673 -0.95 34.645
    endloop
  endfacet
  facet normal 0 0 -1
    outer loop
      vertex 26.3673 -0.95 27.8475
      vertex 27.398 0 27.8475
      vertex 27.398 -0.95 27.8475
    endloop
  endfacet
  facet normal -0 0 -1
    outer loop
      vertex 27.398 0 27.8475
      vertex 26.3673 -0.95 27.8475
      vertex 26.3673 0 27.8475
    endloop
  endfacet
  facet normal 1 -0 0
    outer loop
      vertex 27.398 -0.95 34.645
      vertex 27.398 0 27.8475
      vertex 27.398 0 34.645
    endloop
  endfacet
  facet normal 1 0 0
    outer loop
      vertex 27.398 0 27.8475
      vertex 27.398 -0.95 34.645
      vertex 27.398 -0.95 27.8475
    endloop
  endfacet
  facet normal 0.999056 0 -0.0434467
    outer loop
      vertex 31.4843 -0.95 31.3671
      vertex 31.4643 0 30.9072
      vertex 31.4843 0 31.3671
    endloop
  endfacet
  facet normal 0.999056 0 -0.0434467
    outer loop
      vertex 31.4643 0 30.9072
      vertex 31.4843 -0.95 31.3671
      vertex 31.4643 -0.95 30.9072
    endloop
  endfacet
  facet normal 0.989119 0 -0.147117
    outer loop
      vertex 31.5443 -0.95 31.7705
      vertex 31.4843 0 31.3671
      vertex 31.5443 0 31.7705
    endloop
  endfacet
  facet normal 0.989119 0 -0.147117
    outer loop
      vertex 31.4843 0 31.3671
      vertex 31.5443 -0.95 31.7705
      vertex 31.4843 -0.95 31.3671
    endloop
  endfacet
  facet normal 0.960809 0 -0.27721
    outer loop
      vertex 31.6443 -0.95 32.1171
      vertex 31.5443 0 31.7705
      vertex 31.6443 0 32.1171
    endloop
  endfacet
  facet normal 0.960809 0 -0.27721
    outer loop
      vertex 31.5443 0 31.7705
      vertex 31.6443 -0.95 32.1171
      vertex 31.5443 -0.95 31.7705
    endloop
  endfacet
  facet normal 0.900489 0 -0.434879
    outer loop
      vertex 31.7844 -0.95 32.4072
      vertex 31.6443 0 32.1171
      vertex 31.7844 0 32.4072
    endloop
  endfacet
  facet normal 0.900489 0 -0.434879
    outer loop
      vertex 31.6443 0 32.1171
      vertex 31.7844 -0.95 32.4072
      vertex 31.6443 -0.95 32.1171
    endloop
  endfacet
  facet normal 0.789538 0 -0.613702
    outer loop
      vertex 31.9624 -0.95 32.6362
      vertex 31.7844 0 32.4072
      vertex 31.9624 0 32.6362
    endloop
  endfacet
  facet normal 0.789538 0 -0.613702
    outer loop
      vertex 31.7844 0 32.4072
      vertex 31.9624 -0.95 32.6362
      vertex 31.7844 -0.95 32.4072
    endloop
  endfacet
  facet normal 0.607519 0 -0.794305
    outer loop
      vertex 31.9624 -0.95 32.6362
      vertex 32.1763 0 32.7998
      vertex 32.1763 -0.95 32.7998
    endloop
  endfacet
  facet normal 0.607519 0 -0.794305
    outer loop
      vertex 32.1763 0 32.7998
      vertex 31.9624 -0.95 32.6362
      vertex 31.9624 0 32.6362
    endloop
  endfacet
  facet normal 0.365733 0 -0.93072
    outer loop
      vertex 32.1763 -0.95 32.7998
      vertex 32.4262 0 32.898
      vertex 32.4262 -0.95 32.898
    endloop
  endfacet
  facet normal 0.365733 0 -0.93072
    outer loop
      vertex 32.4262 0 32.898
      vertex 32.1763 -0.95 32.7998
      vertex 32.1763 0 32.7998
    endloop
  endfacet
  facet normal 0.113635 0 -0.993523
    outer loop
      vertex 32.4262 -0.95 32.898
      vertex 32.7121 0 32.9307
      vertex 32.7121 -0.95 32.9307
    endloop
  endfacet
  facet normal 0.113635 0 -0.993523
    outer loop
      vertex 32.7121 0 32.9307
      vertex 32.4262 -0.95 32.898
      vertex 32.4262 0 32.898
    endloop
  endfacet
  facet normal -0.0219869 0 -0.999758
    outer loop
      vertex 32.7121 -0.95 32.9307
      vertex 32.8667 0 32.9273
      vertex 32.8667 -0.95 32.9273
    endloop
  endfacet
  facet normal -0.0219869 0 -0.999758
    outer loop
      vertex 32.8667 0 32.9273
      vertex 32.7121 -0.95 32.9307
      vertex 32.7121 0 32.9307
    endloop
  endfacet
  facet normal -0.0735529 0 -0.997291
    outer loop
      vertex 32.8667 -0.95 32.9273
      vertex 33.005 0 32.9171
      vertex 33.005 -0.95 32.9171
    endloop
  endfacet
  facet normal -0.0735529 0 -0.997291
    outer loop
      vertex 33.005 0 32.9171
      vertex 32.8667 -0.95 32.9273
      vertex 32.8667 0 32.9273
    endloop
  endfacet
  facet normal -0.137104 0 -0.990557
    outer loop
      vertex 33.005 -0.95 32.9171
      vertex 33.1271 0 32.9002
      vertex 33.1271 -0.95 32.9002
    endloop
  endfacet
  facet normal -0.137104 0 -0.990557
    outer loop
      vertex 33.1271 0 32.9002
      vertex 33.005 -0.95 32.9171
      vertex 33.005 0 32.9171
    endloop
  endfacet
  facet normal -0.21859 0 -0.975817
    outer loop
      vertex 33.1271 -0.95 32.9002
      vertex 33.2329 0 32.8765
      vertex 33.2329 -0.95 32.8765
    endloop
  endfacet
  facet normal -0.21859 0 -0.975817
    outer loop
      vertex 33.2329 0 32.8765
      vertex 33.1271 -0.95 32.9002
      vertex 33.1271 0 32.9002
    endloop
  endfacet
  facet normal 1 -0 0
    outer loop
      vertex 33.2329 -0.95 33.7716
      vertex 33.2329 0 32.8765
      vertex 33.2329 0 33.7716
    endloop
  endfacet
  facet normal 1 0 0
    outer loop
      vertex 33.2329 0 32.8765
      vertex 33.2329 -0.95 33.7716
      vertex 33.2329 -0.95 32.8765
    endloop
  endfacet
  facet normal 0.230394 0 0.973097
    outer loop
      vertex 33.1328 0 33.7953
      vertex 33.2329 -0.95 33.7716
      vertex 33.2329 0 33.7716
    endloop
  endfacet
  facet normal 0.230394 0 0.973097
    outer loop
      vertex 33.2329 -0.95 33.7716
      vertex 33.1328 0 33.7953
      vertex 33.1328 -0.95 33.7953
    endloop
  endfacet
  facet normal 0.167615 0 0.985853
    outer loop
      vertex 33.0334 0 33.8122
      vertex 33.1328 -0.95 33.7953
      vertex 33.1328 0 33.7953
    endloop
  endfacet
  facet normal 0.167615 0 0.985853
    outer loop
      vertex 33.1328 -0.95 33.7953
      vertex 33.0334 0 33.8122
      vertex 33.0334 -0.95 33.8122
    endloop
  endfacet
  facet normal 0.102899 0 0.994692
    outer loop
      vertex 32.9348 0 33.8224
      vertex 33.0334 -0.95 33.8122
      vertex 33.0334 0 33.8122
    endloop
  endfacet
  facet normal 0.102899 0 0.994692
    outer loop
      vertex 33.0334 -0.95 33.8122
      vertex 32.9348 0 33.8224
      vertex 32.9348 -0.95 33.8224
    endloop
  endfacet
  facet normal 0.034673 0 0.999399
    outer loop
      vertex 32.8368 0 33.8258
      vertex 32.9348 -0.95 33.8224
      vertex 32.9348 0 33.8224
    endloop
  endfacet
  facet normal 0.034673 0 0.999399
    outer loop
      vertex 32.9348 -0.95 33.8224
      vertex 32.8368 0 33.8258
      vertex 32.8368 -0.95 33.8258
    endloop
  endfacet
  facet normal -0.0661132 0 0.997812
    outer loop
      vertex 32.5757 0 33.8085
      vertex 32.8368 -0.95 33.8258
      vertex 32.8368 0 33.8258
    endloop
  endfacet
  facet normal -0.0661132 0 0.997812
    outer loop
      vertex 32.8368 -0.95 33.8258
      vertex 32.5757 0 33.8085
      vertex 32.5757 -0.95 33.8085
    endloop
  endfacet
  facet normal -0.219805 0 0.975544
    outer loop
      vertex 32.3458 0 33.7567
      vertex 32.5757 -0.95 33.8085
      vertex 32.5757 0 33.8085
    endloop
  endfacet
  facet normal -0.219805 0 0.975544
    outer loop
      vertex 32.5757 -0.95 33.8085
      vertex 32.3458 0 33.7567
      vertex 32.3458 -0.95 33.7567
    endloop
  endfacet
  facet normal -0.399148 0 0.916887
    outer loop
      vertex 32.1471 0 33.6702
      vertex 32.3458 -0.95 33.7567
      vertex 32.3458 0 33.7567
    endloop
  endfacet
  facet normal -0.399148 0 0.916887
    outer loop
      vertex 32.3458 -0.95 33.7567
      vertex 32.1471 0 33.6702
      vertex 32.1471 -0.95 33.6702
    endloop
  endfacet
  facet normal -0.585579 0 0.810615
    outer loop
      vertex 31.9796 0 33.5492
      vertex 32.1471 -0.95 33.6702
      vertex 32.1471 0 33.6702
    endloop
  endfacet
  facet normal -0.585579 0 0.810615
    outer loop
      vertex 32.1471 -0.95 33.6702
      vertex 31.9796 0 33.5492
      vertex 31.9796 -0.95 33.5492
    endloop
  endfacet
  facet normal -0.751856 0 0.659327
    outer loop
      vertex 31.8321 -0.95 33.381
      vertex 31.9796 0 33.5492
      vertex 31.8321 0 33.381
    endloop
  endfacet
  facet normal -0.751856 0 0.659327
    outer loop
      vertex 31.9796 0 33.5492
      vertex 31.8321 -0.95 33.381
      vertex 31.9796 -0.95 33.5492
    endloop
  endfacet
  facet normal -0.8543 0 0.51978
    outer loop
      vertex 31.6935 -0.95 33.1532
      vertex 31.8321 0 33.381
      vertex 31.6935 0 33.1532
    endloop
  endfacet
  facet normal -0.8543 0 0.51978
    outer loop
      vertex 31.8321 0 33.381
      vertex 31.6935 -0.95 33.1532
      vertex 31.8321 -0.95 33.381
    endloop
  endfacet
  facet normal -0.911298 0 0.411748
    outer loop
      vertex 31.5636 -0.95 32.8657
      vertex 31.6935 0 33.1532
      vertex 31.5636 0 32.8657
    endloop
  endfacet
  facet normal -0.911298 0 0.411748
    outer loop
      vertex 31.6935 0 33.1532
      vertex 31.5636 -0.95 32.8657
      vertex 31.6935 -0.95 33.1532
    endloop
  endfacet
  facet normal -0.944298 0 0.32909
    outer loop
      vertex 31.4426 -0.95 32.5185
      vertex 31.5636 0 32.8657
      vertex 31.4426 0 32.5185
    endloop
  endfacet
  facet normal -0.944298 0 0.32909
    outer loop
      vertex 31.5636 0 32.8657
      vertex 31.4426 -0.95 32.5185
      vertex 31.5636 -0.95 32.8657
    endloop
  endfacet
  facet normal -0 0 1
    outer loop
      vertex 31.4209 0 32.5185
      vertex 31.4426 -0.95 32.5185
      vertex 31.4426 0 32.5185
    endloop
  endfacet
  facet normal 0 0 1
    outer loop
      vertex 31.4426 -0.95 32.5185
      vertex 31.4209 0 32.5185
      vertex 31.4209 -0.95 32.5185
    endloop
  endfacet
  facet normal 0.999838 -0 0.0179851
    outer loop
      vertex 31.4182 -0.95 32.6686
      vertex 31.4209 0 32.5185
      vertex 31.4182 0 32.6686
    endloop
  endfacet
  facet normal 0.999838 0 0.0179851
    outer loop
      vertex 31.4209 0 32.5185
      vertex 31.4182 -0.95 32.6686
      vertex 31.4209 -0.95 32.5185
    endloop
  endfacet
  facet normal 0.999462 -0 0.0327955
    outer loop
      vertex 31.41 -0.95 32.9185
      vertex 31.4182 0 32.6686
      vertex 31.41 0 32.9185
    endloop
  endfacet
  facet normal 0.999462 0 0.0327955
    outer loop
      vertex 31.4182 0 32.6686
      vertex 31.41 -0.95 32.9185
      vertex 31.4182 -0.95 32.6686
    endloop
  endfacet
  facet normal 0.999255 -0 0.0385868
    outer loop
      vertex 31.3965 -0.95 33.2681
      vertex 31.41 0 32.9185
      vertex 31.3965 0 33.2681
    endloop
  endfacet
  facet normal 0.999255 0 0.0385868
    outer loop
      vertex 31.41 0 32.9185
      vertex 31.3965 -0.95 33.2681
      vertex 31.41 -0.95 32.9185
    endloop
  endfacet
  facet normal 0.999107 -0 0.0422596
    outer loop
      vertex 31.3775 -0.95 33.7173
      vertex 31.3965 0 33.2681
      vertex 31.3775 0 33.7173
    endloop
  endfacet
  facet normal 0.999107 0 0.0422596
    outer loop
      vertex 31.3965 0 33.2681
      vertex 31.3775 -0.95 33.7173
      vertex 31.3965 -0.95 33.2681
    endloop
  endfacet
  facet normal -0 0 1
    outer loop
      vertex 30.4553 0 33.7173
      vertex 31.3775 -0.95 33.7173
      vertex 31.3775 0 33.7173
    endloop
  endfacet
  facet normal 0 0 1
    outer loop
      vertex 31.3775 -0.95 33.7173
      vertex 30.4553 0 33.7173
      vertex 30.4553 -0.95 33.7173
    endloop
  endfacet
  facet normal -0.999249 0 -0.0387475
    outer loop
      vertex 30.4695 -0.95 33.3511
      vertex 30.4553 0 33.7173
      vertex 30.4695 0 33.3511
    endloop
  endfacet
  facet normal -0.999249 -0 -0.0387475
    outer loop
      vertex 30.4553 0 33.7173
      vertex 30.4695 -0.95 33.3511
      vertex 30.4553 -0.95 33.7173
    endloop
  endfacet
  facet normal -0.999584 0 -0.0288534
    outer loop
      vertex 30.4796 -0.95 33.0012
      vertex 30.4695 0 33.3511
      vertex 30.4796 0 33.0012
    endloop
  endfacet
  facet normal -0.999584 -0 -0.0288534
    outer loop
      vertex 30.4695 0 33.3511
      vertex 30.4796 -0.95 33.0012
      vertex 30.4695 -0.95 33.3511
    endloop
  endfacet
  facet normal -0.999833 0 -0.0182823
    outer loop
      vertex 30.4857 -0.95 32.6676
      vertex 30.4796 0 33.0012
      vertex 30.4857 0 32.6676
    endloop
  endfacet
  facet normal -0.999833 -0 -0.0182823
    outer loop
      vertex 30.4796 0 33.0012
      vertex 30.4857 -0.95 32.6676
      vertex 30.4796 -0.95 33.0012
    endloop
  endfacet
  facet normal -0.99998 0 -0.00630107
    outer loop
      vertex 30.4877 -0.95 32.3502
      vertex 30.4857 0 32.6676
      vertex 30.4877 0 32.3502
    endloop
  endfacet
  facet normal -0.99998 -0 -0.00630107
    outer loop
      vertex 30.4857 0 32.6676
      vertex 30.4877 -0.95 32.3502
      vertex 30.4857 -0.95 32.6676
    endloop
  endfacet
  facet normal -1 0 0
    outer loop
      vertex 30.4877 -0.95 27.8475
      vertex 30.4877 0 32.3502
      vertex 30.4877 0 27.8475
    endloop
  endfacet
  facet normal -1 -0 0
    outer loop
      vertex 30.4877 0 32.3502
      vertex 30.4877 -0.95 27.8475
      vertex 30.4877 -0.95 32.3502
    endloop
  endfacet
  facet normal 0 0 -1
    outer loop
      vertex 30.4877 -0.95 27.8475
      vertex 31.4643 0 27.8475
      vertex 31.4643 -0.95 27.8475
    endloop
  endfacet
  facet normal -0 0 -1
    outer loop
      vertex 31.4643 0 27.8475
      vertex 30.4877 -0.95 27.8475
      vertex 30.4877 0 27.8475
    endloop
  endfacet
  facet normal 1 -0 0
    outer loop
      vertex 31.4643 -0.95 30.9072
      vertex 31.4643 0 27.8475
      vertex 31.4643 0 30.9072
    endloop
  endfacet
  facet normal 1 0 0
    outer loop
      vertex 31.4643 0 27.8475
      vertex 31.4643 -0.95 30.9072
      vertex 31.4643 -0.95 27.8475
    endloop
  endfacet
  facet normal 0.356793 0 -0.934184
    outer loop
      vertex 64.4584 -0.95 27.8258
      vertex 65.1402 0 28.0862
      vertex 65.1402 -0.95 28.0862
    endloop
  endfacet
  facet normal 0.356793 0 -0.934184
    outer loop
      vertex 65.1402 0 28.0862
      vertex 64.4584 -0.95 27.8258
      vertex 64.4584 0 27.8258
    endloop
  endfacet
  facet normal 0.644849 0 -0.76431
    outer loop
      vertex 65.1402 -0.95 28.0862
      vertex 65.6546 0 28.5202
      vertex 65.6546 -0.95 28.5202
    endloop
  endfacet
  facet normal 0.644849 0 -0.76431
    outer loop
      vertex 65.6546 0 28.5202
      vertex 65.1402 -0.95 28.0862
      vertex 65.1402 0 28.0862
    endloop
  endfacet
  facet normal 0.868489 0 -0.495708
    outer loop
      vertex 66.0014 -0.95 29.1278
      vertex 65.6546 0 28.5202
      vertex 66.0014 0 29.1278
    endloop
  endfacet
  facet normal 0.868489 0 -0.495708
    outer loop
      vertex 65.6546 0 28.5202
      vertex 66.0014 -0.95 29.1278
      vertex 65.6546 -0.95 28.5202
    endloop
  endfacet
  facet normal 0.273906 0 0.961756
    outer loop
      vertex 65.1443 0 29.3719
      vertex 66.0014 -0.95 29.1278
      vertex 66.0014 0 29.1278
    endloop
  endfacet
  facet normal 0.273906 0 0.961756
    outer loop
      vertex 66.0014 -0.95 29.1278
      vertex 65.1443 0 29.3719
      vertex 65.1443 -0.95 29.3719
    endloop
  endfacet
  facet normal -0.913489 0 0.406864
    outer loop
      vertex 65.0611 -0.95 29.1851
      vertex 65.1443 0 29.3719
      vertex 65.0611 0 29.1851
    endloop
  endfacet
  facet normal -0.913489 0 0.406864
    outer loop
      vertex 65.1443 0 29.3719
      vertex 65.0611 -0.95 29.1851
      vertex 65.1443 -0.95 29.3719
    endloop
  endfacet
  facet normal -0.82994 0 0.557853
    outer loop
      vertex 64.9469 -0.95 29.0152
      vertex 65.0611 0 29.1851
      vertex 64.9469 0 29.0152
    endloop
  endfacet
  facet normal -0.82994 0 0.557853
    outer loop
      vertex 65.0611 0 29.1851
      vertex 64.9469 -0.95 29.0152
      vertex 65.0611 -0.95 29.1851
    endloop
  endfacet
  facet normal -0.72584 0 0.687863
    outer loop
      vertex 64.802 -0.95 28.8623
      vertex 64.9469 0 29.0152
      vertex 64.802 0 28.8623
    endloop
  endfacet
  facet normal -0.72584 0 0.687863
    outer loop
      vertex 64.9469 0 29.0152
      vertex 64.802 -0.95 28.8623
      vertex 64.9469 -0.95 29.0152
    endloop
  endfacet
  facet normal -0.611665 0 0.791117
    outer loop
      vertex 64.6261 0 28.7263
      vertex 64.802 -0.95 28.8623
      vertex 64.802 0 28.8623
    endloop
  endfacet
  facet normal -0.611665 0 0.791117
    outer loop
      vertex 64.802 -0.95 28.8623
      vertex 64.6261 0 28.7263
      vertex 64.6261 -0.95 28.7263
    endloop
  endfacet
  facet normal -0.474404 0 0.880307
    outer loop
      vertex 64.4192 0 28.6148
      vertex 64.6261 -0.95 28.7263
      vertex 64.6261 0 28.7263
    endloop
  endfacet
  facet normal -0.474404 0 0.880307
    outer loop
      vertex 64.6261 -0.95 28.7263
      vertex 64.4192 0 28.6148
      vertex 64.4192 -0.95 28.6148
    endloop
  endfacet
  facet normal -0.316943 0 0.948444
    outer loop
      vertex 64.1807 0 28.5351
      vertex 64.4192 -0.95 28.6148
      vertex 64.4192 0 28.6148
    endloop
  endfacet
  facet normal -0.316943 0 0.948444
    outer loop
      vertex 64.4192 -0.95 28.6148
      vertex 64.1807 0 28.5351
      vertex 64.1807 -0.95 28.5351
    endloop
  endfacet
  facet normal -0.174264 0 0.984699
    outer loop
      vertex 63.9106 0 28.4873
      vertex 64.1807 -0.95 28.5351
      vertex 64.1807 0 28.5351
    endloop
  endfacet
  facet normal -0.174264 0 0.984699
    outer loop
      vertex 64.1807 -0.95 28.5351
      vertex 63.9106 0 28.4873
      vertex 63.9106 -0.95 28.4873
    endloop
  endfacet
  facet normal -0.0529759 0 0.998596
    outer loop
      vertex 63.609 0 28.4713
      vertex 63.9106 -0.95 28.4873
      vertex 63.9106 0 28.4873
    endloop
  endfacet
  facet normal -0.0529759 0 0.998596
    outer loop
      vertex 63.9106 -0.95 28.4873
      vertex 63.609 0 28.4713
      vertex 63.609 -0.95 28.4713
    endloop
  endfacet
  facet normal 0.090512 0 0.995895
    outer loop
      vertex 63.2316 0 28.5056
      vertex 63.609 -0.95 28.4713
      vertex 63.609 0 28.4713
    endloop
  endfacet
  facet normal 0.090512 0 0.995895
    outer loop
      vertex 63.609 -0.95 28.4713
      vertex 63.2316 0 28.5056
      vertex 63.2316 -0.95 28.5056
    endloop
  endfacet
  facet normal 0.297813 0 0.954624
    outer loop
      vertex 62.9024 0 28.6083
      vertex 63.2316 -0.95 28.5056
      vertex 63.2316 0 28.5056
    endloop
  endfacet
  facet normal 0.297813 0 0.954624
    outer loop
      vertex 63.2316 -0.95 28.5056
      vertex 62.9024 0 28.6083
      vertex 62.9024 -0.95 28.6083
    endloop
  endfacet
  facet normal 0.520159 0 0.854069
    outer loop
      vertex 62.6213 0 28.7795
      vertex 62.9024 -0.95 28.6083
      vertex 62.9024 0 28.6083
    endloop
  endfacet
  facet normal 0.520159 0 0.854069
    outer loop
      vertex 62.9024 -0.95 28.6083
      vertex 62.6213 0 28.7795
      vertex 62.6213 -0.95 28.7795
    endloop
  endfacet
  facet normal 0.717203 -0 0.696865
    outer loop
      vertex 62.3883 -0.95 29.0193
      vertex 62.6213 0 28.7795
      vertex 62.3883 0 29.0193
    endloop
  endfacet
  facet normal 0.717203 0 0.696865
    outer loop
      vertex 62.6213 0 28.7795
      vertex 62.3883 -0.95 29.0193
      vertex 62.6213 -0.95 28.7795
    endloop
  endfacet
  facet normal 0.856218 -0 0.516615
    outer loop
      vertex 62.2056 -0.95 29.3221
      vertex 62.3883 0 29.0193
      vertex 62.2056 0 29.3221
    endloop
  endfacet
  facet normal 0.856218 0 0.516615
    outer loop
      vertex 62.3883 0 29.0193
      vertex 62.2056 -0.95 29.3221
      vertex 62.3883 -0.95 29.0193
    endloop
  endfacet
  facet normal 0.940257 -0 0.340465
    outer loop
      vertex 62.0751 -0.95 29.6825
      vertex 62.2056 0 29.3221
      vertex 62.0751 0 29.6825
    endloop
  endfacet
  facet normal 0.940257 0 0.340465
    outer loop
      vertex 62.2056 0 29.3221
      vertex 62.0751 -0.95 29.6825
      vertex 62.2056 -0.95 29.3221
    endloop
  endfacet
  facet normal 0.98287 -0 0.184303
    outer loop
      vertex 61.9967 -0.95 30.1006
      vertex 62.0751 0 29.6825
      vertex 61.9967 0 30.1006
    endloop
  endfacet
  facet normal 0.98287 0 0.184303
    outer loop
      vertex 62.0751 0 29.6825
      vertex 61.9967 -0.95 30.1006
      vertex 62.0751 -0.95 29.6825
    endloop
  endfacet
  facet normal 0.998498 -0 0.0547841
    outer loop
      vertex 61.9706 -0.95 30.5763
      vertex 61.9967 0 30.1006
      vertex 61.9706 0 30.5763
    endloop
  endfacet
  facet normal 0.998498 0 0.0547841
    outer loop
      vertex 61.9967 0 30.1006
      vertex 61.9706 -0.95 30.5763
      vertex 61.9967 -0.95 30.1006
    endloop
  endfacet
  facet normal 0 0 -1
    outer loop
      vertex 61.9706 -0.95 30.5763
      vertex 66.1588 0 30.5763
      vertex 66.1588 -0.95 30.5763
    endloop
  endfacet
  facet normal -0 0 -1
    outer loop
      vertex 66.1588 0 30.5763
      vertex 61.9706 -0.95 30.5763
      vertex 61.9706 0 30.5763
    endloop
  endfacet
  facet normal 1 -0 0
    outer loop
      vertex 66.1588 -0.95 30.7065
      vertex 66.1588 0 30.5763
      vertex 66.1588 0 30.7065
    endloop
  endfacet
  facet normal 1 0 0
    outer loop
      vertex 66.1588 0 30.5763
      vertex 66.1588 -0.95 30.7065
      vertex 66.1588 -0.95 30.5763
    endloop
  endfacet
  facet normal 0.993053 -0 0.117664
    outer loop
      vertex 65.9971 -0.95 32.0712
      vertex 66.1588 0 30.7065
      vertex 65.9971 0 32.0712
    endloop
  endfacet
  facet normal 0.993053 0 0.117664
    outer loop
      vertex 66.1588 0 30.7065
      vertex 65.9971 -0.95 32.0712
      vertex 66.1588 -0.95 30.7065
    endloop
  endfacet
  facet normal 0.895234 -0 0.445597
    outer loop
      vertex 65.5119 -0.95 33.046
      vertex 65.9971 0 32.0712
      vertex 65.5119 0 33.046
    endloop
  endfacet
  facet normal 0.895234 0 0.445597
    outer loop
      vertex 65.9971 0 32.0712
      vertex 65.5119 -0.95 33.046
      vertex 65.9971 -0.95 32.0712
    endloop
  endfacet
  facet normal 0.586043 0 0.81028
    outer loop
      vertex 64.7032 0 33.6309
      vertex 65.5119 -0.95 33.046
      vertex 65.5119 0 33.046
    endloop
  endfacet
  facet normal 0.586043 0 0.81028
    outer loop
      vertex 65.5119 -0.95 33.046
      vertex 64.7032 0 33.6309
      vertex 64.7032 -0.95 33.6309
    endloop
  endfacet
  facet normal 0.169647 0 0.985505
    outer loop
      vertex 63.571 0 33.8258
      vertex 64.7032 -0.95 33.6309
      vertex 64.7032 0 33.6309
    endloop
  endfacet
  facet normal 0.169647 0 0.985505
    outer loop
      vertex 64.7032 -0.95 33.6309
      vertex 63.571 0 33.8258
      vertex 63.571 -0.95 33.8258
    endloop
  endfacet
  facet normal -0.0811754 0 0.9967
    outer loop
      vertex 62.9755 0 33.7773
      vertex 63.571 -0.95 33.8258
      vertex 63.571 0 33.8258
    endloop
  endfacet
  facet normal -0.0811754 0 0.9967
    outer loop
      vertex 63.571 -0.95 33.8258
      vertex 62.9755 0 33.7773
      vertex 62.9755 -0.95 33.7773
    endloop
  endfacet
  facet normal -0.267996 0 0.96342
    outer loop
      vertex 62.4528 0 33.6319
      vertex 62.9755 -0.95 33.7773
      vertex 62.9755 0 33.7773
    endloop
  endfacet
  facet normal -0.267996 0 0.96342
    outer loop
      vertex 62.9755 -0.95 33.7773
      vertex 62.4528 0 33.6319
      vertex 62.4528 -0.95 33.6319
    endloop
  endfacet
  facet normal -0.474555 0 0.880226
    outer loop
      vertex 62.003 0 33.3894
      vertex 62.4528 -0.95 33.6319
      vertex 62.4528 0 33.6319
    endloop
  endfacet
  facet normal -0.474555 0 0.880226
    outer loop
      vertex 62.4528 -0.95 33.6319
      vertex 62.003 0 33.3894
      vertex 62.003 -0.95 33.3894
    endloop
  endfacet
  facet normal -0.669063 0 0.743206
    outer loop
      vertex 61.6261 0 33.0501
      vertex 62.003 -0.95 33.3894
      vertex 62.003 0 33.3894
    endloop
  endfacet
  facet normal -0.669063 0 0.743206
    outer loop
      vertex 62.003 -0.95 33.3894
      vertex 61.6261 0 33.0501
      vertex 61.6261 -0.95 33.0501
    endloop
  endfacet
  facet normal -0.822282 0 0.569081
    outer loop
      vertex 61.3283 -0.95 32.6198
      vertex 61.6261 0 33.0501
      vertex 61.3283 0 32.6198
    endloop
  endfacet
  facet normal -0.822282 0 0.569081
    outer loop
      vertex 61.6261 0 33.0501
      vertex 61.3283 -0.95 32.6198
      vertex 61.6261 -0.95 33.0501
    endloop
  endfacet
  facet normal -0.924272 0 0.381733
    outer loop
      vertex 61.1156 -0.95 32.1048
      vertex 61.3283 0 32.6198
      vertex 61.1156 0 32.1048
    endloop
  endfacet
  facet normal -0.924272 0 0.381733
    outer loop
      vertex 61.3283 0 32.6198
      vertex 61.1156 -0.95 32.1048
      vertex 61.3283 -0.95 32.6198
    endloop
  endfacet
  facet normal -0.978078 0 0.208237
    outer loop
      vertex 60.9879 -0.95 31.505
      vertex 61.1156 0 32.1048
      vertex 60.9879 0 31.505
    endloop
  endfacet
  facet normal -0.978078 0 0.208237
    outer loop
      vertex 61.1156 0 32.1048
      vertex 60.9879 -0.95 31.505
      vertex 61.1156 -0.95 32.1048
    endloop
  endfacet
  facet normal -0.998079 0 0.0619608
    outer loop
      vertex 60.9454 -0.95 30.8204
      vertex 60.9879 0 31.505
      vertex 60.9454 0 30.8204
    endloop
  endfacet
  facet normal -0.998079 0 0.0619608
    outer loop
      vertex 60.9879 0 31.505
      vertex 60.9454 -0.95 30.8204
      vertex 60.9879 -0.95 31.505
    endloop
  endfacet
  facet normal -0.998252 0 -0.0591052
    outer loop
      vertex 60.9879 -0.95 30.1026
      vertex 60.9454 0 30.8204
      vertex 60.9879 0 30.1026
    endloop
  endfacet
  facet normal -0.998252 -0 -0.0591052
    outer loop
      vertex 60.9454 0 30.8204
      vertex 60.9879 -0.95 30.1026
      vertex 60.9454 -0.95 30.8204
    endloop
  endfacet
  facet normal -0.979664 0 -0.200646
    outer loop
      vertex 61.1156 -0.95 29.4791
      vertex 60.9879 0 30.1026
      vertex 61.1156 0 29.4791
    endloop
  endfacet
  facet normal -0.979664 -0 -0.200646
    outer loop
      vertex 60.9879 0 30.1026
      vertex 61.1156 -0.95 29.4791
      vertex 60.9879 -0.95 30.1026
    endloop
  endfacet
  facet normal -0.927883 0 -0.372871
    outer loop
      vertex 61.3283 -0.95 28.9498
      vertex 61.1156 0 29.4791
      vertex 61.3283 0 28.9498
    endloop
  endfacet
  facet normal -0.927883 -0 -0.372871
    outer loop
      vertex 61.1156 0 29.4791
      vertex 61.3283 -0.95 28.9498
      vertex 61.1156 -0.95 29.4791
    endloop
  endfacet
  facet normal -0.825158 0 -0.564902
    outer loop
      vertex 61.6261 -0.95 28.5148
      vertex 61.3283 0 28.9498
      vertex 61.6261 0 28.5148
    endloop
  endfacet
  facet normal -0.825158 -0 -0.564902
    outer loop
      vertex 61.3283 0 28.9498
      vertex 61.6261 -0.95 28.5148
      vertex 61.3283 -0.95 28.9498
    endloop
  endfacet
  facet normal -0.666824 0 -0.745216
    outer loop
      vertex 61.6261 -0.95 28.5148
      vertex 62.0054 0 28.1754
      vertex 62.0054 -0.95 28.1754
    endloop
  endfacet
  facet normal -0.666824 0 -0.745216
    outer loop
      vertex 62.0054 0 28.1754
      vertex 61.6261 -0.95 28.5148
      vertex 61.6261 0 28.5148
    endloop
  endfacet
  facet normal -0.46866 0 -0.883378
    outer loop
      vertex 62.0054 -0.95 28.1754
      vertex 62.4623 0 27.933
      vertex 62.4623 -0.95 27.933
    endloop
  endfacet
  facet normal -0.46866 0 -0.883378
    outer loop
      vertex 62.4623 0 27.933
      vertex 62.0054 -0.95 28.1754
      vertex 62.0054 0 28.1754
    endloop
  endfacet
  facet normal -0.262613 0 -0.964901
    outer loop
      vertex 62.4623 -0.95 27.933
      vertex 62.9969 0 27.7875
      vertex 62.9969 -0.95 27.7875
    endloop
  endfacet
  facet normal -0.262613 0 -0.964901
    outer loop
      vertex 62.9969 0 27.7875
      vertex 62.4623 -0.95 27.933
      vertex 62.4623 0 27.933
    endloop
  endfacet
  facet normal -0.0789879 0 -0.996876
    outer loop
      vertex 62.9969 -0.95 27.7875
      vertex 63.609 0 27.739
      vertex 63.609 -0.95 27.739
    endloop
  endfacet
  facet normal -0.0789879 0 -0.996876
    outer loop
      vertex 63.609 0 27.739
      vertex 62.9969 -0.95 27.7875
      vertex 62.9969 0 27.7875
    endloop
  endfacet
  facet normal 0.10166 0 -0.994819
    outer loop
      vertex 63.609 -0.95 27.739
      vertex 64.4584 0 27.8258
      vertex 64.4584 -0.95 27.8258
    endloop
  endfacet
  facet normal 0.10166 0 -0.994819
    outer loop
      vertex 64.4584 0 27.8258
      vertex 63.609 -0.95 27.739
      vertex 63.609 0 27.739
    endloop
  endfacet
  facet normal 0.994804 0 -0.10181
    outer loop
      vertex 62.0217 -0.95 31.7177
      vertex 61.9815 0 31.3249
      vertex 62.0217 0 31.7177
    endloop
  endfacet
  facet normal 0.994804 0 -0.10181
    outer loop
      vertex 61.9815 0 31.3249
      vertex 62.0217 -0.95 31.7177
      vertex 61.9815 -0.95 31.3249
    endloop
  endfacet
  facet normal 0.96955 0 -0.244892
    outer loop
      vertex 62.1097 -0.95 32.0661
      vertex 62.0217 0 31.7177
      vertex 62.1097 0 32.0661
    endloop
  endfacet
  facet normal 0.96955 0 -0.244892
    outer loop
      vertex 62.0217 0 31.7177
      vertex 62.1097 -0.95 32.0661
      vertex 62.0217 -0.95 31.7177
    endloop
  endfacet
  facet normal 0.912992 0 -0.407977
    outer loop
      vertex 62.2455 -0.95 32.37
      vertex 62.1097 0 32.0661
      vertex 62.2455 0 32.37
    endloop
  endfacet
  facet normal 0.912992 0 -0.407977
    outer loop
      vertex 62.1097 0 32.0661
      vertex 62.2455 -0.95 32.37
      vertex 62.1097 -0.95 32.0661
    endloop
  endfacet
  facet normal 0.816593 0 -0.577214
    outer loop
      vertex 62.429 -0.95 32.6296
      vertex 62.2455 0 32.37
      vertex 62.429 0 32.6296
    endloop
  endfacet
  facet normal 0.816593 0 -0.577214
    outer loop
      vertex 62.2455 0 32.37
      vertex 62.429 -0.95 32.6296
      vertex 62.2455 -0.95 32.37
    endloop
  endfacet
  facet normal 0.676668 0 -0.736288
    outer loop
      vertex 62.429 -0.95 32.6296
      vertex 62.655 0 32.8373
      vertex 62.655 -0.95 32.8373
    endloop
  endfacet
  facet normal 0.676668 0 -0.736288
    outer loop
      vertex 62.655 0 32.8373
      vertex 62.429 -0.95 32.6296
      vertex 62.429 0 32.6296
    endloop
  endfacet
  facet normal 0.491173 0 -0.871062
    outer loop
      vertex 62.655 -0.95 32.8373
      vertex 62.918 0 32.9856
      vertex 62.918 -0.95 32.9856
    endloop
  endfacet
  facet normal 0.491173 0 -0.871062
    outer loop
      vertex 62.918 0 32.9856
      vertex 62.655 -0.95 32.8373
      vertex 62.655 0 32.8373
    endloop
  endfacet
  facet normal 0.284502 0 -0.958675
    outer loop
      vertex 62.918 -0.95 32.9856
      vertex 63.2179 0 33.0746
      vertex 63.2179 -0.95 33.0746
    endloop
  endfacet
  facet normal 0.284502 0 -0.958675
    outer loop
      vertex 63.2179 0 33.0746
      vertex 62.918 -0.95 32.9856
      vertex 62.918 0 32.9856
    endloop
  endfacet
  facet normal 0.0878161 0 -0.996137
    outer loop
      vertex 63.2179 -0.95 33.0746
      vertex 63.5548 0 33.1043
      vertex 63.5548 -0.95 33.1043
    endloop
  endfacet
  facet normal 0.0878161 0 -0.996137
    outer loop
      vertex 63.5548 0 33.1043
      vertex 63.2179 -0.95 33.0746
      vertex 63.2179 0 33.0746
    endloop
  endfacet
  facet normal -0.0769176 0 -0.997037
    outer loop
      vertex 63.5548 -0.95 33.1043
      vertex 63.8996 0 33.0777
      vertex 63.8996 -0.95 33.0777
    endloop
  endfacet
  facet normal -0.0769176 0 -0.997037
    outer loop
      vertex 63.8996 0 33.0777
      vertex 63.5548 -0.95 33.1043
      vertex 63.5548 0 33.1043
    endloop
  endfacet
  facet normal -0.25569 0 -0.966759
    outer loop
      vertex 63.8996 -0.95 33.0777
      vertex 64.2017 0 32.9978
      vertex 64.2017 -0.95 32.9978
    endloop
  endfacet
  facet normal -0.25569 0 -0.966759
    outer loop
      vertex 64.2017 0 32.9978
      vertex 63.8996 -0.95 33.0777
      vertex 63.8996 0 33.0777
    endloop
  endfacet
  facet normal -0.456386 0 -0.889782
    outer loop
      vertex 64.2017 -0.95 32.9978
      vertex 64.461 0 32.8648
      vertex 64.461 -0.95 32.8648
    endloop
  endfacet
  facet normal -0.456386 0 -0.889782
    outer loop
      vertex 64.461 0 32.8648
      vertex 64.2017 -0.95 32.9978
      vertex 64.2017 0 32.9978
    endloop
  endfacet
  facet normal -0.651915 0 -0.758292
    outer loop
      vertex 64.461 -0.95 32.8648
      vertex 64.6777 0 32.6785
      vertex 64.6777 -0.95 32.6785
    endloop
  endfacet
  facet normal -0.651915 0 -0.758292
    outer loop
      vertex 64.6777 0 32.6785
      vertex 64.461 -0.95 32.8648
      vertex 64.461 0 32.8648
    endloop
  endfacet
  facet normal -0.811371 0 -0.584532
    outer loop
      vertex 64.8537 -0.95 32.4342
      vertex 64.6777 0 32.6785
      vertex 64.8537 0 32.4342
    endloop
  endfacet
  facet normal -0.811371 -0 -0.584532
    outer loop
      vertex 64.6777 0 32.6785
      vertex 64.8537 -0.95 32.4342
      vertex 64.6777 -0.95 32.6785
    endloop
  endfacet
  facet normal -0.912865 0 -0.408262
    outer loop
      vertex 64.991 -0.95 32.1272
      vertex 64.8537 0 32.4342
      vertex 64.991 0 32.1272
    endloop
  endfacet
  facet normal -0.912865 -0 -0.408262
    outer loop
      vertex 64.8537 0 32.4342
      vertex 64.991 -0.95 32.1272
      vertex 64.8537 -0.95 32.4342
    endloop
  endfacet
  facet normal -0.966179 0 -0.257874
    outer loop
      vertex 65.0897 -0.95 31.7574
      vertex 64.991 0 32.1272
      vertex 65.0897 0 31.7574
    endloop
  endfacet
  facet normal -0.966179 -0 -0.257874
    outer loop
      vertex 64.991 0 32.1272
      vertex 65.0897 -0.95 31.7574
      vertex 64.991 -0.95 32.1272
    endloop
  endfacet
  facet normal -0.990514 0 -0.137412
    outer loop
      vertex 65.1497 -0.95 31.3249
      vertex 65.0897 0 31.7574
      vertex 65.1497 0 31.3249
    endloop
  endfacet
  facet normal -0.990514 -0 -0.137412
    outer loop
      vertex 65.0897 0 31.7574
      vertex 65.1497 -0.95 31.3249
      vertex 65.0897 -0.95 31.7574
    endloop
  endfacet
  facet normal -0 0 1
    outer loop
      vertex 61.9815 0 31.3249
      vertex 65.1497 -0.95 31.3249
      vertex 65.1497 0 31.3249
    endloop
  endfacet
  facet normal 0 0 1
    outer loop
      vertex 65.1497 -0.95 31.3249
      vertex 61.9815 0 31.3249
      vertex 61.9815 -0.95 31.3249
    endloop
  endfacet
  facet normal 0.356747 0 -0.934201
    outer loop
      vertex 37.3158 -0.95 27.8258
      vertex 37.9977 0 28.0862
      vertex 37.9977 -0.95 28.0862
    endloop
  endfacet
  facet normal 0.356747 0 -0.934201
    outer loop
      vertex 37.9977 0 28.0862
      vertex 37.3158 -0.95 27.8258
      vertex 37.3158 0 27.8258
    endloop
  endfacet
  facet normal 0.644922 0 -0.764248
    outer loop
      vertex 37.9977 -0.95 28.0862
      vertex 38.512 0 28.5202
      vertex 38.512 -0.95 28.5202
    endloop
  endfacet
  facet normal 0.644922 0 -0.764248
    outer loop
      vertex 38.512 0 28.5202
      vertex 37.9977 -0.95 28.0862
      vertex 37.9977 0 28.0862
    endloop
  endfacet
  facet normal 0.868428 0 -0.495816
    outer loop
      vertex 38.8589 -0.95 29.1278
      vertex 38.512 0 28.5202
      vertex 38.8589 0 29.1278
    endloop
  endfacet
  facet normal 0.868428 0 -0.495816
    outer loop
      vertex 38.512 0 28.5202
      vertex 38.8589 -0.95 29.1278
      vertex 38.512 -0.95 28.5202
    endloop
  endfacet
  facet normal 0.273906 0 0.961756
    outer loop
      vertex 38.0018 0 29.3719
      vertex 38.8589 -0.95 29.1278
      vertex 38.8589 0 29.1278
    endloop
  endfacet
  facet normal 0.273906 0 0.961756
    outer loop
      vertex 38.8589 -0.95 29.1278
      vertex 38.0018 0 29.3719
      vertex 38.0018 -0.95 29.3719
    endloop
  endfacet
  facet normal -0.913307 0 0.407272
    outer loop
      vertex 37.9185 -0.95 29.1851
      vertex 38.0018 0 29.3719
      vertex 37.9185 0 29.1851
    endloop
  endfacet
  facet normal -0.913307 0 0.407272
    outer loop
      vertex 38.0018 0 29.3719
      vertex 37.9185 -0.95 29.1851
      vertex 38.0018 -0.95 29.3719
    endloop
  endfacet
  facet normal -0.830166 0 0.557516
    outer loop
      vertex 37.8044 -0.95 29.0152
      vertex 37.9185 0 29.1851
      vertex 37.8044 0 29.0152
    endloop
  endfacet
  facet normal -0.830166 0 0.557516
    outer loop
      vertex 37.9185 0 29.1851
      vertex 37.8044 -0.95 29.0152
      vertex 37.9185 -0.95 29.1851
    endloop
  endfacet
  facet normal -0.725603 0 0.688113
    outer loop
      vertex 37.6594 -0.95 28.8623
      vertex 37.8044 0 29.0152
      vertex 37.6594 0 28.8623
    endloop
  endfacet
  facet normal -0.725603 0 0.688113
    outer loop
      vertex 37.8044 0 29.0152
      vertex 37.6594 -0.95 28.8623
      vertex 37.8044 -0.95 29.0152
    endloop
  endfacet
  facet normal -0.611883 0 0.790948
    outer loop
      vertex 37.4836 0 28.7263
      vertex 37.6594 -0.95 28.8623
      vertex 37.6594 0 28.8623
    endloop
  endfacet
  facet normal -0.611883 0 0.790948
    outer loop
      vertex 37.6594 -0.95 28.8623
      vertex 37.4836 0 28.7263
      vertex 37.4836 -0.95 28.7263
    endloop
  endfacet
  facet normal -0.474227 0 0.880403
    outer loop
      vertex 37.2766 0 28.6148
      vertex 37.4836 -0.95 28.7263
      vertex 37.4836 0 28.7263
    endloop
  endfacet
  facet normal -0.474227 0 0.880403
    outer loop
      vertex 37.4836 -0.95 28.7263
      vertex 37.2766 0 28.6148
      vertex 37.2766 -0.95 28.6148
    endloop
  endfacet
  facet normal -0.316943 0 0.948444
    outer loop
      vertex 37.0381 0 28.5351
      vertex 37.2766 -0.95 28.6148
      vertex 37.2766 0 28.6148
    endloop
  endfacet
  facet normal -0.316943 0 0.948444
    outer loop
      vertex 37.2766 -0.95 28.6148
      vertex 37.0381 0 28.5351
      vertex 37.0381 -0.95 28.5351
    endloop
  endfacet
  facet normal -0.174326 0 0.984688
    outer loop
      vertex 36.7681 0 28.4873
      vertex 37.0381 -0.95 28.5351
      vertex 37.0381 0 28.5351
    endloop
  endfacet
  facet normal -0.174326 0 0.984688
    outer loop
      vertex 37.0381 -0.95 28.5351
      vertex 36.7681 0 28.4873
      vertex 36.7681 -0.95 28.4873
    endloop
  endfacet
  facet normal -0.0529759 0 0.998596
    outer loop
      vertex 36.4665 0 28.4713
      vertex 36.7681 -0.95 28.4873
      vertex 36.7681 0 28.4873
    endloop
  endfacet
  facet normal -0.0529759 0 0.998596
    outer loop
      vertex 36.7681 -0.95 28.4873
      vertex 36.4665 0 28.4713
      vertex 36.4665 -0.95 28.4713
    endloop
  endfacet
  facet normal 0.090512 0 0.995895
    outer loop
      vertex 36.0891 0 28.5056
      vertex 36.4665 -0.95 28.4713
      vertex 36.4665 0 28.4713
    endloop
  endfacet
  facet normal 0.090512 0 0.995895
    outer loop
      vertex 36.4665 -0.95 28.4713
      vertex 36.0891 0 28.5056
      vertex 36.0891 -0.95 28.5056
    endloop
  endfacet
  facet normal 0.29773 0 0.95465
    outer loop
      vertex 35.7598 0 28.6083
      vertex 36.0891 -0.95 28.5056
      vertex 36.0891 0 28.5056
    endloop
  endfacet
  facet normal 0.29773 0 0.95465
    outer loop
      vertex 36.0891 -0.95 28.5056
      vertex 35.7598 0 28.6083
      vertex 35.7598 -0.95 28.6083
    endloop
  endfacet
  facet normal 0.520159 0 0.854069
    outer loop
      vertex 35.4787 0 28.7795
      vertex 35.7598 -0.95 28.6083
      vertex 35.7598 0 28.6083
    endloop
  endfacet
  facet normal 0.520159 0 0.854069
    outer loop
      vertex 35.7598 -0.95 28.6083
      vertex 35.4787 0 28.7795
      vertex 35.4787 -0.95 28.7795
    endloop
  endfacet
  facet normal 0.717203 -0 0.696865
    outer loop
      vertex 35.2457 -0.95 29.0193
      vertex 35.4787 0 28.7795
      vertex 35.2457 0 29.0193
    endloop
  endfacet
  facet normal 0.717203 0 0.696865
    outer loop
      vertex 35.4787 0 28.7795
      vertex 35.2457 -0.95 29.0193
      vertex 35.4787 -0.95 28.7795
    endloop
  endfacet
  facet normal 0.856218 -0 0.516615
    outer loop
      vertex 35.063 -0.95 29.3221
      vertex 35.2457 0 29.0193
      vertex 35.063 0 29.3221
    endloop
  endfacet
  facet normal 0.856218 0 0.516615
    outer loop
      vertex 35.2457 0 29.0193
      vertex 35.063 -0.95 29.3221
      vertex 35.2457 -0.95 29.0193
    endloop
  endfacet
  facet normal 0.940257 -0 0.340465
    outer loop
      vertex 34.9325 -0.95 29.6825
      vertex 35.063 0 29.3221
      vertex 34.9325 0 29.6825
    endloop
  endfacet
  facet normal 0.940257 0 0.340465
    outer loop
      vertex 35.063 0 29.3221
      vertex 34.9325 -0.95 29.6825
      vertex 35.063 -0.95 29.3221
    endloop
  endfacet
  facet normal 0.982912 -0 0.184076
    outer loop
      vertex 34.8542 -0.95 30.1006
      vertex 34.9325 0 29.6825
      vertex 34.8542 0 30.1006
    endloop
  endfacet
  facet normal 0.982912 0 0.184076
    outer loop
      vertex 34.9325 0 29.6825
      vertex 34.8542 -0.95 30.1006
      vertex 34.9325 -0.95 29.6825
    endloop
  endfacet
  facet normal 0.998498 -0 0.0547841
    outer loop
      vertex 34.8281 -0.95 30.5763
      vertex 34.8542 0 30.1006
      vertex 34.8281 0 30.5763
    endloop
  endfacet
  facet normal 0.998498 0 0.0547841
    outer loop
      vertex 34.8542 0 30.1006
      vertex 34.8281 -0.95 30.5763
      vertex 34.8542 -0.95 30.1006
    endloop
  endfacet
  facet normal 0 0 -1
    outer loop
      vertex 34.8281 -0.95 30.5763
      vertex 39.0162 0 30.5763
      vertex 39.0162 -0.95 30.5763
    endloop
  endfacet
  facet normal -0 0 -1
    outer loop
      vertex 39.0162 0 30.5763
      vertex 34.8281 -0.95 30.5763
      vertex 34.8281 0 30.5763
    endloop
  endfacet
  facet normal 1 -0 0
    outer loop
      vertex 39.0162 -0.95 30.7065
      vertex 39.0162 0 30.5763
      vertex 39.0162 0 30.7065
    endloop
  endfacet
  facet normal 1 0 0
    outer loop
      vertex 39.0162 0 30.5763
      vertex 39.0162 -0.95 30.7065
      vertex 39.0162 -0.95 30.5763
    endloop
  endfacet
  facet normal 0.993053 -0 0.117664
    outer loop
      vertex 38.8545 -0.95 32.0712
      vertex 39.0162 0 30.7065
      vertex 38.8545 0 32.0712
    endloop
  endfacet
  facet normal 0.993053 0 0.117664
    outer loop
      vertex 39.0162 0 30.7065
      vertex 38.8545 -0.95 32.0712
      vertex 39.0162 -0.95 30.7065
    endloop
  endfacet
  facet normal 0.895234 -0 0.445597
    outer loop
      vertex 38.3693 -0.95 33.046
      vertex 38.8545 0 32.0712
      vertex 38.3693 0 33.046
    endloop
  endfacet
  facet normal 0.895234 0 0.445597
    outer loop
      vertex 38.8545 0 32.0712
      vertex 38.3693 -0.95 33.046
      vertex 38.8545 -0.95 32.0712
    endloop
  endfacet
  facet normal 0.586043 0 0.81028
    outer loop
      vertex 37.5606 0 33.6309
      vertex 38.3693 -0.95 33.046
      vertex 38.3693 0 33.046
    endloop
  endfacet
  facet normal 0.586043 0 0.81028
    outer loop
      vertex 38.3693 -0.95 33.046
      vertex 37.5606 0 33.6309
      vertex 37.5606 -0.95 33.6309
    endloop
  endfacet
  facet normal 0.169662 0 0.985502
    outer loop
      vertex 36.4285 0 33.8258
      vertex 37.5606 -0.95 33.6309
      vertex 37.5606 0 33.6309
    endloop
  endfacet
  facet normal 0.169662 0 0.985502
    outer loop
      vertex 37.5606 -0.95 33.6309
      vertex 36.4285 0 33.8258
      vertex 36.4285 -0.95 33.8258
    endloop
  endfacet
  facet normal -0.0811618 0 0.996701
    outer loop
      vertex 35.8329 0 33.7773
      vertex 36.4285 -0.95 33.8258
      vertex 36.4285 0 33.8258
    endloop
  endfacet
  facet normal -0.0811618 0 0.996701
    outer loop
      vertex 36.4285 -0.95 33.8258
      vertex 35.8329 0 33.7773
      vertex 35.8329 -0.95 33.7773
    endloop
  endfacet
  facet normal -0.267996 0 0.96342
    outer loop
      vertex 35.3102 0 33.6319
      vertex 35.8329 -0.95 33.7773
      vertex 35.8329 0 33.7773
    endloop
  endfacet
  facet normal -0.267996 0 0.96342
    outer loop
      vertex 35.8329 -0.95 33.7773
      vertex 35.3102 0 33.6319
      vertex 35.3102 -0.95 33.6319
    endloop
  endfacet
  facet normal -0.474637 0 0.880182
    outer loop
      vertex 34.8605 0 33.3894
      vertex 35.3102 -0.95 33.6319
      vertex 35.3102 0 33.6319
    endloop
  endfacet
  facet normal -0.474637 0 0.880182
    outer loop
      vertex 35.3102 -0.95 33.6319
      vertex 34.8605 0 33.3894
      vertex 34.8605 -0.95 33.3894
    endloop
  endfacet
  facet normal -0.669063 0 0.743206
    outer loop
      vertex 34.4836 0 33.0501
      vertex 34.8605 -0.95 33.3894
      vertex 34.8605 0 33.3894
    endloop
  endfacet
  facet normal -0.669063 0 0.743206
    outer loop
      vertex 34.8605 -0.95 33.3894
      vertex 34.4836 0 33.0501
      vertex 34.4836 -0.95 33.0501
    endloop
  endfacet
  facet normal -0.822192 0 0.56921
    outer loop
      vertex 34.1857 -0.95 32.6198
      vertex 34.4836 0 33.0501
      vertex 34.1857 0 32.6198
    endloop
  endfacet
  facet normal -0.822192 0 0.56921
    outer loop
      vertex 34.4836 0 33.0501
      vertex 34.1857 -0.95 32.6198
      vertex 34.4836 -0.95 33.0501
    endloop
  endfacet
  facet normal -0.924272 0 0.381733
    outer loop
      vertex 33.973 -0.95 32.1048
      vertex 34.1857 0 32.6198
      vertex 33.973 0 32.1048
    endloop
  endfacet
  facet normal -0.924272 0 0.381733
    outer loop
      vertex 34.1857 0 32.6198
      vertex 33.973 -0.95 32.1048
      vertex 34.1857 -0.95 32.6198
    endloop
  endfacet
  facet normal -0.978078 0 0.208237
    outer loop
      vertex 33.8453 -0.95 31.505
      vertex 33.973 0 32.1048
      vertex 33.8453 0 31.505
    endloop
  endfacet
  facet normal -0.978078 0 0.208237
    outer loop
      vertex 33.973 0 32.1048
      vertex 33.8453 -0.95 31.505
      vertex 33.973 -0.95 32.1048
    endloop
  endfacet
  facet normal -0.998079 0 0.0619608
    outer loop
      vertex 33.8028 -0.95 30.8204
      vertex 33.8453 0 31.505
      vertex 33.8028 0 30.8204
    endloop
  endfacet
  facet normal -0.998079 0 0.0619608
    outer loop
      vertex 33.8453 0 31.505
      vertex 33.8028 -0.95 30.8204
      vertex 33.8453 -0.95 31.505
    endloop
  endfacet
  facet normal -0.998252 0 -0.0591052
    outer loop
      vertex 33.8453 -0.95 30.1026
      vertex 33.8028 0 30.8204
      vertex 33.8453 0 30.1026
    endloop
  endfacet
  facet normal -0.998252 -0 -0.0591052
    outer loop
      vertex 33.8028 0 30.8204
      vertex 33.8453 -0.95 30.1026
      vertex 33.8028 -0.95 30.8204
    endloop
  endfacet
  facet normal -0.979664 0 -0.200646
    outer loop
      vertex 33.973 -0.95 29.4791
      vertex 33.8453 0 30.1026
      vertex 33.973 0 29.4791
    endloop
  endfacet
  facet normal -0.979664 -0 -0.200646
    outer loop
      vertex 33.8453 0 30.1026
      vertex 33.973 -0.95 29.4791
      vertex 33.8453 -0.95 30.1026
    endloop
  endfacet
  facet normal -0.927883 0 -0.372871
    outer loop
      vertex 34.1857 -0.95 28.9498
      vertex 33.973 0 29.4791
      vertex 34.1857 0 28.9498
    endloop
  endfacet
  facet normal -0.927883 -0 -0.372871
    outer loop
      vertex 33.973 0 29.4791
      vertex 34.1857 -0.95 28.9498
      vertex 33.973 -0.95 29.4791
    endloop
  endfacet
  facet normal -0.82507 0 -0.565031
    outer loop
      vertex 34.4836 -0.95 28.5148
      vertex 34.1857 0 28.9498
      vertex 34.4836 0 28.5148
    endloop
  endfacet
  facet normal -0.82507 -0 -0.565031
    outer loop
      vertex 34.1857 0 28.9498
      vertex 34.4836 -0.95 28.5148
      vertex 34.1857 -0.95 28.9498
    endloop
  endfacet
  facet normal -0.666824 0 -0.745216
    outer loop
      vertex 34.4836 -0.95 28.5148
      vertex 34.8629 0 28.1754
      vertex 34.8629 -0.95 28.1754
    endloop
  endfacet
  facet normal -0.666824 0 -0.745216
    outer loop
      vertex 34.8629 0 28.1754
      vertex 34.4836 -0.95 28.5148
      vertex 34.4836 0 28.5148
    endloop
  endfacet
  facet normal -0.46874 0 -0.883336
    outer loop
      vertex 34.8629 -0.95 28.1754
      vertex 35.3197 0 27.933
      vertex 35.3197 -0.95 27.933
    endloop
  endfacet
  facet normal -0.46874 0 -0.883336
    outer loop
      vertex 35.3197 0 27.933
      vertex 34.8629 -0.95 28.1754
      vertex 34.8629 0 28.1754
    endloop
  endfacet
  facet normal -0.262613 0 -0.964901
    outer loop
      vertex 35.3197 -0.95 27.933
      vertex 35.8543 0 27.7875
      vertex 35.8543 -0.95 27.7875
    endloop
  endfacet
  facet normal -0.262613 0 -0.964901
    outer loop
      vertex 35.8543 0 27.7875
      vertex 35.3197 -0.95 27.933
      vertex 35.3197 0 27.933
    endloop
  endfacet
  facet normal -0.078975 0 -0.996877
    outer loop
      vertex 35.8543 -0.95 27.7875
      vertex 36.4665 0 27.739
      vertex 36.4665 -0.95 27.739
    endloop
  endfacet
  facet normal -0.078975 0 -0.996877
    outer loop
      vertex 36.4665 0 27.739
      vertex 35.8543 -0.95 27.7875
      vertex 35.8543 0 27.7875
    endloop
  endfacet
  facet normal 0.101672 0 -0.994818
    outer loop
      vertex 36.4665 -0.95 27.739
      vertex 37.3158 0 27.8258
      vertex 37.3158 -0.95 27.8258
    endloop
  endfacet
  facet normal 0.101672 0 -0.994818
    outer loop
      vertex 37.3158 0 27.8258
      vertex 36.4665 -0.95 27.739
      vertex 36.4665 0 27.739
    endloop
  endfacet
  facet normal 0.994804 0 -0.10181
    outer loop
      vertex 34.8791 -0.95 31.7177
      vertex 34.8389 0 31.3249
      vertex 34.8791 0 31.7177
    endloop
  endfacet
  facet normal 0.994804 0 -0.10181
    outer loop
      vertex 34.8389 0 31.3249
      vertex 34.8791 -0.95 31.7177
      vertex 34.8389 -0.95 31.3249
    endloop
  endfacet
  facet normal 0.96955 0 -0.244892
    outer loop
      vertex 34.9671 -0.95 32.0661
      vertex 34.8791 0 31.7177
      vertex 34.9671 0 32.0661
    endloop
  endfacet
  facet normal 0.96955 0 -0.244892
    outer loop
      vertex 34.8791 0 31.7177
      vertex 34.9671 -0.95 32.0661
      vertex 34.8791 -0.95 31.7177
    endloop
  endfacet
  facet normal 0.912992 0 -0.407977
    outer loop
      vertex 35.1029 -0.95 32.37
      vertex 34.9671 0 32.0661
      vertex 35.1029 0 32.37
    endloop
  endfacet
  facet normal 0.912992 0 -0.407977
    outer loop
      vertex 34.9671 0 32.0661
      vertex 35.1029 -0.95 32.37
      vertex 34.9671 -0.95 32.0661
    endloop
  endfacet
  facet normal 0.816445 0 -0.577424
    outer loop
      vertex 35.2865 -0.95 32.6296
      vertex 35.1029 0 32.37
      vertex 35.2865 0 32.6296
    endloop
  endfacet
  facet normal 0.816445 0 -0.577424
    outer loop
      vertex 35.1029 0 32.37
      vertex 35.2865 -0.95 32.6296
      vertex 35.1029 -0.95 32.37
    endloop
  endfacet
  facet normal 0.676668 0 -0.736288
    outer loop
      vertex 35.2865 -0.95 32.6296
      vertex 35.5125 0 32.8373
      vertex 35.5125 -0.95 32.8373
    endloop
  endfacet
  facet normal 0.676668 0 -0.736288
    outer loop
      vertex 35.5125 0 32.8373
      vertex 35.2865 -0.95 32.6296
      vertex 35.2865 0 32.6296
    endloop
  endfacet
  facet normal 0.491315 0 -0.870982
    outer loop
      vertex 35.5125 -0.95 32.8373
      vertex 35.7754 0 32.9856
      vertex 35.7754 -0.95 32.9856
    endloop
  endfacet
  facet normal 0.491315 0 -0.870982
    outer loop
      vertex 35.7754 0 32.9856
      vertex 35.5125 -0.95 32.8373
      vertex 35.5125 0 32.8373
    endloop
  endfacet
  facet normal 0.284502 0 -0.958675
    outer loop
      vertex 35.7754 -0.95 32.9856
      vertex 36.0753 0 33.0746
      vertex 36.0753 -0.95 33.0746
    endloop
  endfacet
  facet normal 0.284502 0 -0.958675
    outer loop
      vertex 36.0753 0 33.0746
      vertex 35.7754 -0.95 32.9856
      vertex 35.7754 0 32.9856
    endloop
  endfacet
  facet normal 0.0878161 0 -0.996137
    outer loop
      vertex 36.0753 -0.95 33.0746
      vertex 36.4122 0 33.1043
      vertex 36.4122 -0.95 33.1043
    endloop
  endfacet
  facet normal 0.0878161 0 -0.996137
    outer loop
      vertex 36.4122 0 33.1043
      vertex 36.0753 -0.95 33.0746
      vertex 36.0753 0 33.0746
    endloop
  endfacet
  facet normal -0.0769176 0 -0.997037
    outer loop
      vertex 36.4122 -0.95 33.1043
      vertex 36.757 0 33.0777
      vertex 36.757 -0.95 33.0777
    endloop
  endfacet
  facet normal -0.0769176 0 -0.997037
    outer loop
      vertex 36.757 0 33.0777
      vertex 36.4122 -0.95 33.1043
      vertex 36.4122 0 33.1043
    endloop
  endfacet
  facet normal -0.25569 0 -0.966759
    outer loop
      vertex 36.757 -0.95 33.0777
      vertex 37.0591 0 32.9978
      vertex 37.0591 -0.95 32.9978
    endloop
  endfacet
  facet normal -0.25569 0 -0.966759
    outer loop
      vertex 37.0591 0 32.9978
      vertex 36.757 -0.95 33.0777
      vertex 36.757 0 33.0777
    endloop
  endfacet
  facet normal -0.456247 0 -0.889853
    outer loop
      vertex 37.0591 -0.95 32.9978
      vertex 37.3185 0 32.8648
      vertex 37.3185 -0.95 32.8648
    endloop
  endfacet
  facet normal -0.456247 0 -0.889853
    outer loop
      vertex 37.3185 0 32.8648
      vertex 37.0591 -0.95 32.9978
      vertex 37.0591 0 32.9978
    endloop
  endfacet
  facet normal -0.652088 0 -0.758144
    outer loop
      vertex 37.3185 -0.95 32.8648
      vertex 37.5351 0 32.6785
      vertex 37.5351 -0.95 32.6785
    endloop
  endfacet
  facet normal -0.652088 0 -0.758144
    outer loop
      vertex 37.5351 0 32.6785
      vertex 37.3185 -0.95 32.8648
      vertex 37.3185 0 32.8648
    endloop
  endfacet
  facet normal -0.811371 0 -0.584532
    outer loop
      vertex 37.7111 -0.95 32.4342
      vertex 37.5351 0 32.6785
      vertex 37.7111 0 32.4342
    endloop
  endfacet
  facet normal -0.811371 -0 -0.584532
    outer loop
      vertex 37.5351 0 32.6785
      vertex 37.7111 -0.95 32.4342
      vertex 37.5351 -0.95 32.6785
    endloop
  endfacet
  facet normal -0.912865 0 -0.408262
    outer loop
      vertex 37.8484 -0.95 32.1272
      vertex 37.7111 0 32.4342
      vertex 37.8484 0 32.1272
    endloop
  endfacet
  facet normal -0.912865 -0 -0.408262
    outer loop
      vertex 37.7111 0 32.4342
      vertex 37.8484 -0.95 32.1272
      vertex 37.7111 -0.95 32.4342
    endloop
  endfacet
  facet normal -0.966179 0 -0.257874
    outer loop
      vertex 37.9471 -0.95 31.7574
      vertex 37.8484 0 32.1272
      vertex 37.9471 0 31.7574
    endloop
  endfacet
  facet normal -0.966179 -0 -0.257874
    outer loop
      vertex 37.8484 0 32.1272
      vertex 37.9471 -0.95 31.7574
      vertex 37.8484 -0.95 32.1272
    endloop
  endfacet
  facet normal -0.990514 0 -0.137412
    outer loop
      vertex 38.0071 -0.95 31.3249
      vertex 37.9471 0 31.7574
      vertex 38.0071 0 31.3249
    endloop
  endfacet
  facet normal -0.990514 -0 -0.137412
    outer loop
      vertex 37.9471 0 31.7574
      vertex 38.0071 -0.95 31.3249
      vertex 37.9471 -0.95 31.7574
    endloop
  endfacet
  facet normal -0 0 1
    outer loop
      vertex 34.8389 0 31.3249
      vertex 38.0071 -0.95 31.3249
      vertex 38.0071 0 31.3249
    endloop
  endfacet
  facet normal 0 0 1
    outer loop
      vertex 38.0071 -0.95 31.3249
      vertex 34.8389 0 31.3249
      vertex 34.8389 -0.95 31.3249
    endloop
  endfacet
  facet normal 0.999056 0 -0.0434467
    outer loop
      vertex 58.6269 -0.95 31.3671
      vertex 58.6069 0 30.9072
      vertex 58.6269 0 31.3671
    endloop
  endfacet
  facet normal 0.999056 0 -0.0434467
    outer loop
      vertex 58.6069 0 30.9072
      vertex 58.6269 -0.95 31.3671
      vertex 58.6069 -0.95 30.9072
    endloop
  endfacet
  facet normal 0.989119 0 -0.147117
    outer loop
      vertex 58.6869 -0.95 31.7705
      vertex 58.6269 0 31.3671
      vertex 58.6869 0 31.7705
    endloop
  endfacet
  facet normal 0.989119 0 -0.147117
    outer loop
      vertex 58.6269 0 31.3671
      vertex 58.6869 -0.95 31.7705
      vertex 58.6269 -0.95 31.3671
    endloop
  endfacet
  facet normal 0.960809 0 -0.27721
    outer loop
      vertex 58.7869 -0.95 32.1171
      vertex 58.6869 0 31.7705
      vertex 58.7869 0 32.1171
    endloop
  endfacet
  facet normal 0.960809 0 -0.27721
    outer loop
      vertex 58.6869 0 31.7705
      vertex 58.7869 -0.95 32.1171
      vertex 58.6869 -0.95 31.7705
    endloop
  endfacet
  facet normal 0.900489 0 -0.434879
    outer loop
      vertex 58.927 -0.95 32.4072
      vertex 58.7869 0 32.1171
      vertex 58.927 0 32.4072
    endloop
  endfacet
  facet normal 0.900489 0 -0.434879
    outer loop
      vertex 58.7869 0 32.1171
      vertex 58.927 -0.95 32.4072
      vertex 58.7869 -0.95 32.1171
    endloop
  endfacet
  facet normal 0.789538 0 -0.613702
    outer loop
      vertex 59.105 -0.95 32.6362
      vertex 58.927 0 32.4072
      vertex 59.105 0 32.6362
    endloop
  endfacet
  facet normal 0.789538 0 -0.613702
    outer loop
      vertex 58.927 0 32.4072
      vertex 59.105 -0.95 32.6362
      vertex 58.927 -0.95 32.4072
    endloop
  endfacet
  facet normal 0.607519 0 -0.794305
    outer loop
      vertex 59.105 -0.95 32.6362
      vertex 59.3189 0 32.7998
      vertex 59.3189 -0.95 32.7998
    endloop
  endfacet
  facet normal 0.607519 0 -0.794305
    outer loop
      vertex 59.3189 0 32.7998
      vertex 59.105 -0.95 32.6362
      vertex 59.105 0 32.6362
    endloop
  endfacet
  facet normal 0.365733 0 -0.93072
    outer loop
      vertex 59.3189 -0.95 32.7998
      vertex 59.5688 0 32.898
      vertex 59.5688 -0.95 32.898
    endloop
  endfacet
  facet normal 0.365733 0 -0.93072
    outer loop
      vertex 59.5688 0 32.898
      vertex 59.3189 -0.95 32.7998
      vertex 59.3189 0 32.7998
    endloop
  endfacet
  facet normal 0.113674 0 -0.993518
    outer loop
      vertex 59.5688 -0.95 32.898
      vertex 59.8546 0 32.9307
      vertex 59.8546 -0.95 32.9307
    endloop
  endfacet
  facet normal 0.113674 0 -0.993518
    outer loop
      vertex 59.8546 0 32.9307
      vertex 59.5688 -0.95 32.898
      vertex 59.5688 0 32.898
    endloop
  endfacet
  facet normal -0.0219869 0 -0.999758
    outer loop
      vertex 59.8546 -0.95 32.9307
      vertex 60.0092 0 32.9273
      vertex 60.0092 -0.95 32.9273
    endloop
  endfacet
  facet normal -0.0219869 0 -0.999758
    outer loop
      vertex 60.0092 0 32.9273
      vertex 59.8546 -0.95 32.9307
      vertex 59.8546 0 32.9307
    endloop
  endfacet
  facet normal -0.0735001 0 -0.997295
    outer loop
      vertex 60.0092 -0.95 32.9273
      vertex 60.1476 0 32.9171
      vertex 60.1476 -0.95 32.9171
    endloop
  endfacet
  facet normal -0.0735001 0 -0.997295
    outer loop
      vertex 60.1476 0 32.9171
      vertex 60.0092 -0.95 32.9273
      vertex 60.0092 0 32.9273
    endloop
  endfacet
  facet normal -0.137214 0 -0.990541
    outer loop
      vertex 60.1476 -0.95 32.9171
      vertex 60.2696 0 32.9002
      vertex 60.2696 -0.95 32.9002
    endloop
  endfacet
  facet normal -0.137214 0 -0.990541
    outer loop
      vertex 60.2696 0 32.9002
      vertex 60.1476 -0.95 32.9171
      vertex 60.1476 0 32.9171
    endloop
  endfacet
  facet normal -0.21859 0 -0.975817
    outer loop
      vertex 60.2696 -0.95 32.9002
      vertex 60.3754 0 32.8765
      vertex 60.3754 -0.95 32.8765
    endloop
  endfacet
  facet normal -0.21859 0 -0.975817
    outer loop
      vertex 60.3754 0 32.8765
      vertex 60.2696 -0.95 32.9002
      vertex 60.2696 0 32.9002
    endloop
  endfacet
  facet normal 1 -0 0
    outer loop
      vertex 60.3754 -0.95 33.7716
      vertex 60.3754 0 32.8765
      vertex 60.3754 0 33.7716
    endloop
  endfacet
  facet normal 1 0 0
    outer loop
      vertex 60.3754 0 32.8765
      vertex 60.3754 -0.95 33.7716
      vertex 60.3754 -0.95 32.8765
    endloop
  endfacet
  facet normal 0.230612 0 0.973046
    outer loop
      vertex 60.2754 0 33.7953
      vertex 60.3754 -0.95 33.7716
      vertex 60.3754 0 33.7716
    endloop
  endfacet
  facet normal 0.230612 0 0.973046
    outer loop
      vertex 60.3754 -0.95 33.7716
      vertex 60.2754 0 33.7953
      vertex 60.2754 -0.95 33.7953
    endloop
  endfacet
  facet normal 0.167615 0 0.985853
    outer loop
      vertex 60.176 0 33.8122
      vertex 60.2754 -0.95 33.7953
      vertex 60.2754 0 33.7953
    endloop
  endfacet
  facet normal 0.167615 0 0.985853
    outer loop
      vertex 60.2754 -0.95 33.7953
      vertex 60.176 0 33.8122
      vertex 60.176 -0.95 33.8122
    endloop
  endfacet
  facet normal 0.102796 0 0.994702
    outer loop
      vertex 60.0773 0 33.8224
      vertex 60.176 -0.95 33.8122
      vertex 60.176 0 33.8122
    endloop
  endfacet
  facet normal 0.102796 0 0.994702
    outer loop
      vertex 60.176 -0.95 33.8122
      vertex 60.0773 0 33.8224
      vertex 60.0773 -0.95 33.8224
    endloop
  endfacet
  facet normal 0.0347084 0 0.999397
    outer loop
      vertex 59.9794 0 33.8258
      vertex 60.0773 -0.95 33.8224
      vertex 60.0773 0 33.8224
    endloop
  endfacet
  facet normal 0.0347084 0 0.999397
    outer loop
      vertex 60.0773 -0.95 33.8224
      vertex 59.9794 0 33.8258
      vertex 59.9794 -0.95 33.8258
    endloop
  endfacet
  facet normal -0.0661132 0 0.997812
    outer loop
      vertex 59.7183 0 33.8085
      vertex 59.9794 -0.95 33.8258
      vertex 59.9794 0 33.8258
    endloop
  endfacet
  facet normal -0.0661132 0 0.997812
    outer loop
      vertex 59.9794 -0.95 33.8258
      vertex 59.7183 0 33.8085
      vertex 59.7183 -0.95 33.8085
    endloop
  endfacet
  facet normal -0.219805 0 0.975544
    outer loop
      vertex 59.4884 0 33.7567
      vertex 59.7183 -0.95 33.8085
      vertex 59.7183 0 33.8085
    endloop
  endfacet
  facet normal -0.219805 0 0.975544
    outer loop
      vertex 59.7183 -0.95 33.8085
      vertex 59.4884 0 33.7567
      vertex 59.4884 -0.95 33.7567
    endloop
  endfacet
  facet normal -0.399148 0 0.916887
    outer loop
      vertex 59.2897 0 33.6702
      vertex 59.4884 -0.95 33.7567
      vertex 59.4884 0 33.7567
    endloop
  endfacet
  facet normal -0.399148 0 0.916887
    outer loop
      vertex 59.4884 -0.95 33.7567
      vertex 59.2897 0 33.6702
      vertex 59.2897 -0.95 33.6702
    endloop
  endfacet
  facet normal -0.585349 0 0.810781
    outer loop
      vertex 59.1221 0 33.5492
      vertex 59.2897 -0.95 33.6702
      vertex 59.2897 0 33.6702
    endloop
  endfacet
  facet normal -0.585349 0 0.810781
    outer loop
      vertex 59.2897 -0.95 33.6702
      vertex 59.1221 0 33.5492
      vertex 59.1221 -0.95 33.5492
    endloop
  endfacet
  facet normal -0.752078 0 0.659074
    outer loop
      vertex 58.9747 -0.95 33.381
      vertex 59.1221 0 33.5492
      vertex 58.9747 0 33.381
    endloop
  endfacet
  facet normal -0.752078 0 0.659074
    outer loop
      vertex 59.1221 0 33.5492
      vertex 58.9747 -0.95 33.381
      vertex 59.1221 -0.95 33.5492
    endloop
  endfacet
  facet normal -0.854133 0 0.520054
    outer loop
      vertex 58.836 -0.95 33.1532
      vertex 58.9747 0 33.381
      vertex 58.836 0 33.1532
    endloop
  endfacet
  facet normal -0.854133 0 0.520054
    outer loop
      vertex 58.9747 0 33.381
      vertex 58.836 -0.95 33.1532
      vertex 58.9747 -0.95 33.381
    endloop
  endfacet
  facet normal -0.911417 0 0.411485
    outer loop
      vertex 58.7062 -0.95 32.8657
      vertex 58.836 0 33.1532
      vertex 58.7062 0 32.8657
    endloop
  endfacet
  facet normal -0.911417 0 0.411485
    outer loop
      vertex 58.836 0 33.1532
      vertex 58.7062 -0.95 32.8657
      vertex 58.836 -0.95 33.1532
    endloop
  endfacet
  facet normal -0.944214 0 0.329333
    outer loop
      vertex 58.5851 -0.95 32.5185
      vertex 58.7062 0 32.8657
      vertex 58.5851 0 32.5185
    endloop
  endfacet
  facet normal -0.944214 0 0.329333
    outer loop
      vertex 58.7062 0 32.8657
      vertex 58.5851 -0.95 32.5185
      vertex 58.7062 -0.95 32.8657
    endloop
  endfacet
  facet normal -0 0 1
    outer loop
      vertex 58.5634 0 32.5185
      vertex 58.5851 -0.95 32.5185
      vertex 58.5851 0 32.5185
    endloop
  endfacet
  facet normal 0 0 1
    outer loop
      vertex 58.5851 -0.95 32.5185
      vertex 58.5634 0 32.5185
      vertex 58.5634 -0.95 32.5185
    endloop
  endfacet
  facet normal 0.999838 -0 0.0179851
    outer loop
      vertex 58.5607 -0.95 32.6686
      vertex 58.5634 0 32.5185
      vertex 58.5607 0 32.6686
    endloop
  endfacet
  facet normal 0.999838 0 0.0179851
    outer loop
      vertex 58.5634 0 32.5185
      vertex 58.5607 -0.95 32.6686
      vertex 58.5634 -0.95 32.5185
    endloop
  endfacet
  facet normal 0.999475 -0 0.032396
    outer loop
      vertex 58.5526 -0.95 32.9185
      vertex 58.5607 0 32.6686
      vertex 58.5526 0 32.9185
    endloop
  endfacet
  facet normal 0.999475 0 0.032396
    outer loop
      vertex 58.5607 0 32.6686
      vertex 58.5526 -0.95 32.9185
      vertex 58.5607 -0.95 32.6686
    endloop
  endfacet
  facet normal 0.999244 -0 0.0388722
    outer loop
      vertex 58.539 -0.95 33.2681
      vertex 58.5526 0 32.9185
      vertex 58.539 0 33.2681
    endloop
  endfacet
  facet normal 0.999244 0 0.0388722
    outer loop
      vertex 58.5526 0 32.9185
      vertex 58.539 -0.95 33.2681
      vertex 58.5526 -0.95 32.9185
    endloop
  endfacet
  facet normal 0.999116 -0 0.0420376
    outer loop
      vertex 58.5201 -0.95 33.7173
      vertex 58.539 0 33.2681
      vertex 58.5201 0 33.7173
    endloop
  endfacet
  facet normal 0.999116 0 0.0420376
    outer loop
      vertex 58.539 0 33.2681
      vertex 58.5201 -0.95 33.7173
      vertex 58.539 -0.95 33.2681
    endloop
  endfacet
  facet normal -0 0 1
    outer loop
      vertex 57.5978 0 33.7173
      vertex 58.5201 -0.95 33.7173
      vertex 58.5201 0 33.7173
    endloop
  endfacet
  facet normal 0 0 1
    outer loop
      vertex 58.5201 -0.95 33.7173
      vertex 57.5978 0 33.7173
      vertex 57.5978 -0.95 33.7173
    endloop
  endfacet
  facet normal -0.999249 0 -0.0387475
    outer loop
      vertex 57.612 -0.95 33.3511
      vertex 57.5978 0 33.7173
      vertex 57.612 0 33.3511
    endloop
  endfacet
  facet normal -0.999249 -0 -0.0387475
    outer loop
      vertex 57.5978 0 33.7173
      vertex 57.612 -0.95 33.3511
      vertex 57.5978 -0.95 33.7173
    endloop
  endfacet
  facet normal -0.999575 0 -0.0291388
    outer loop
      vertex 57.6222 -0.95 33.0012
      vertex 57.612 0 33.3511
      vertex 57.6222 0 33.0012
    endloop
  endfacet
  facet normal -0.999575 -0 -0.0291388
    outer loop
      vertex 57.612 0 33.3511
      vertex 57.6222 -0.95 33.0012
      vertex 57.612 -0.95 33.3511
    endloop
  endfacet
  facet normal -0.999833 0 -0.0182823
    outer loop
      vertex 57.6283 -0.95 32.6676
      vertex 57.6222 0 33.0012
      vertex 57.6283 0 32.6676
    endloop
  endfacet
  facet normal -0.999833 -0 -0.0182823
    outer loop
      vertex 57.6222 0 33.0012
      vertex 57.6283 -0.95 32.6676
      vertex 57.6222 -0.95 33.0012
    endloop
  endfacet
  facet normal -0.99998 0 -0.00630107
    outer loop
      vertex 57.6303 -0.95 32.3502
      vertex 57.6283 0 32.6676
      vertex 57.6303 0 32.3502
    endloop
  endfacet
  facet normal -0.99998 -0 -0.00630107
    outer loop
      vertex 57.6283 0 32.6676
      vertex 57.6303 -0.95 32.3502
      vertex 57.6283 -0.95 32.6676
    endloop
  endfacet
  facet normal -1 0 0
    outer loop
      vertex 57.6303 -0.95 27.8475
      vertex 57.6303 0 32.3502
      vertex 57.6303 0 27.8475
    endloop
  endfacet
  facet normal -1 -0 0
    outer loop
      vertex 57.6303 0 32.3502
      vertex 57.6303 -0.95 27.8475
      vertex 57.6303 -0.95 32.3502
    endloop
  endfacet
  facet normal 0 0 -1
    outer loop
      vertex 57.6303 -0.95 27.8475
      vertex 58.6069 0 27.8475
      vertex 58.6069 -0.95 27.8475
    endloop
  endfacet
  facet normal -0 0 -1
    outer loop
      vertex 58.6069 0 27.8475
      vertex 57.6303 -0.95 27.8475
      vertex 57.6303 0 27.8475
    endloop
  endfacet
  facet normal 1 -0 0
    outer loop
      vertex 58.6069 -0.95 30.9072
      vertex 58.6069 0 27.8475
      vertex 58.6069 0 30.9072
    endloop
  endfacet
  facet normal 1 0 0
    outer loop
      vertex 58.6069 0 27.8475
      vertex 58.6069 -0.95 30.9072
      vertex 58.6069 -0.95 27.8475
    endloop
  endfacet
  facet normal 0.163993 0 -0.986462
    outer loop
      vertex 41.9533 -0.95 27.7565
      vertex 42.2685 0 27.8089
      vertex 42.2685 -0.95 27.8089
    endloop
  endfacet
  facet normal 0.163993 0 -0.986462
    outer loop
      vertex 42.2685 0 27.8089
      vertex 41.9533 -0.95 27.7565
      vertex 41.9533 0 27.7565
    endloop
  endfacet
  facet normal 0.289814 0 -0.957083
    outer loop
      vertex 42.2685 -0.95 27.8089
      vertex 42.5568 0 27.8962
      vertex 42.5568 -0.95 27.8962
    endloop
  endfacet
  facet normal 0.289814 0 -0.957083
    outer loop
      vertex 42.5568 0 27.8962
      vertex 42.2685 -0.95 27.8089
      vertex 42.2685 0 27.8089
    endloop
  endfacet
  facet normal 0.423227 0 -0.906024
    outer loop
      vertex 42.5568 -0.95 27.8962
      vertex 42.8184 0 28.0184
      vertex 42.8184 -0.95 28.0184
    endloop
  endfacet
  facet normal 0.423227 0 -0.906024
    outer loop
      vertex 42.8184 0 28.0184
      vertex 42.5568 -0.95 27.8962
      vertex 42.5568 0 27.8962
    endloop
  endfacet
  facet normal 0.563933 0 -0.82582
    outer loop
      vertex 42.8184 -0.95 28.0184
      vertex 43.059 0 28.1827
      vertex 43.059 -0.95 28.1827
    endloop
  endfacet
  facet normal 0.563933 0 -0.82582
    outer loop
      vertex 43.059 0 28.1827
      vertex 42.8184 -0.95 28.0184
      vertex 42.8184 0 28.0184
    endloop
  endfacet
  facet normal 0.687673 0 -0.72602
    outer loop
      vertex 43.059 -0.95 28.1827
      vertex 43.2843 0 28.3961
      vertex 43.2843 -0.95 28.3961
    endloop
  endfacet
  facet normal 0.687673 0 -0.72602
    outer loop
      vertex 43.2843 0 28.3961
      vertex 43.059 -0.95 28.1827
      vertex 43.059 0 28.1827
    endloop
  endfacet
  facet normal 0.78084 0 -0.624731
    outer loop
      vertex 43.4944 -0.95 28.6587
      vertex 43.2843 0 28.3961
      vertex 43.4944 0 28.6587
    endloop
  endfacet
  facet normal 0.78084 0 -0.624731
    outer loop
      vertex 43.2843 0 28.3961
      vertex 43.4944 -0.95 28.6587
      vertex 43.2843 -0.95 28.3961
    endloop
  endfacet
  facet normal 0.84809 0 -0.529852
    outer loop
      vertex 43.6892 -0.95 28.9705
      vertex 43.4944 0 28.6587
      vertex 43.6892 0 28.9705
    endloop
  endfacet
  facet normal 0.84809 0 -0.529852
    outer loop
      vertex 43.4944 0 28.6587
      vertex 43.6892 -0.95 28.9705
      vertex 43.4944 -0.95 28.6587
    endloop
  endfacet
  facet normal 0 0 -1
    outer loop
      vertex 43.6892 -0.95 28.9705
      vertex 43.7216 0 28.9705
      vertex 43.7216 -0.95 28.9705
    endloop
  endfacet
  facet normal -0 0 -1
    outer loop
      vertex 43.7216 0 28.9705
      vertex 43.6892 -0.95 28.9705
      vertex 43.6892 0 28.9705
    endloop
  endfacet
  facet normal -0.994565 0 -0.104119
    outer loop
      vertex 43.7513 -0.95 28.6868
      vertex 43.7216 0 28.9705
      vertex 43.7513 0 28.6868
    endloop
  endfacet
  facet normal -0.994565 -0 -0.104119
    outer loop
      vertex 43.7216 0 28.9705
      vertex 43.7513 -0.95 28.6868
      vertex 43.7216 -0.95 28.9705
    endloop
  endfacet
  facet normal -0.974059 0 -0.226293
    outer loop
      vertex 43.8078 -0.95 28.4436
      vertex 43.7513 0 28.6868
      vertex 43.8078 0 28.4436
    endloop
  endfacet
  facet normal -0.974059 -0 -0.226293
    outer loop
      vertex 43.7513 0 28.6868
      vertex 43.8078 -0.95 28.4436
      vertex 43.7513 -0.95 28.6868
    endloop
  endfacet
  facet normal -0.9253 0 -0.379236
    outer loop
      vertex 43.891 -0.95 28.2406
      vertex 43.8078 0 28.4436
      vertex 43.891 0 28.2406
    endloop
  endfacet
  facet normal -0.9253 -0 -0.379236
    outer loop
      vertex 43.8078 0 28.4436
      vertex 43.891 -0.95 28.2406
      vertex 43.8078 -0.95 28.4436
    endloop
  endfacet
  facet normal -0.828109 0 -0.560566
    outer loop
      vertex 44.001 -0.95 28.0781
      vertex 43.891 0 28.2406
      vertex 44.001 0 28.0781
    endloop
  endfacet
  facet normal -0.828109 -0 -0.560566
    outer loop
      vertex 43.891 0 28.2406
      vertex 44.001 -0.95 28.0781
      vertex 43.891 -0.95 28.2406
    endloop
  endfacet
  facet normal -0.659816 0 -0.751427
    outer loop
      vertex 44.001 -0.95 28.0781
      vertex 44.1429 0 27.9535
      vertex 44.1429 -0.95 27.9535
    endloop
  endfacet
  facet normal -0.659816 0 -0.751427
    outer loop
      vertex 44.1429 0 27.9535
      vertex 44.001 -0.95 28.0781
      vertex 44.001 0 28.0781
    endloop
  endfacet
  facet normal -0.445411 0 -0.895326
    outer loop
      vertex 44.1429 -0.95 27.9535
      vertex 44.3218 0 27.8645
      vertex 44.3218 -0.95 27.8645
    endloop
  endfacet
  facet normal -0.445411 0 -0.895326
    outer loop
      vertex 44.3218 0 27.8645
      vertex 44.1429 -0.95 27.9535
      vertex 44.1429 0 27.9535
    endloop
  endfacet
  facet normal -0.240206 0 -0.970722
    outer loop
      vertex 44.3218 -0.95 27.8645
      vertex 44.5376 0 27.8111
      vertex 44.5376 -0.95 27.8111
    endloop
  endfacet
  facet normal -0.240206 0 -0.970722
    outer loop
      vertex 44.5376 0 27.8111
      vertex 44.3218 -0.95 27.8645
      vertex 44.3218 0 27.8645
    endloop
  endfacet
  facet normal -0.0702375 0 -0.99753
    outer loop
      vertex 44.5376 -0.95 27.8111
      vertex 44.7904 0 27.7933
      vertex 44.7904 -0.95 27.7933
    endloop
  endfacet
  facet normal -0.0702375 0 -0.99753
    outer loop
      vertex 44.7904 0 27.7933
      vertex 44.5376 -0.95 27.8111
      vertex 44.5376 0 27.8111
    endloop
  endfacet
  facet normal 0.0281725 0 -0.999603
    outer loop
      vertex 44.7904 -0.95 27.7933
      vertex 44.982 0 27.7987
      vertex 44.982 -0.95 27.7987
    endloop
  endfacet
  facet normal 0.0281725 0 -0.999603
    outer loop
      vertex 44.982 0 27.7987
      vertex 44.7904 -0.95 27.7933
      vertex 44.7904 0 27.7933
    endloop
  endfacet
  facet normal 0.0856994 0 -0.996321
    outer loop
      vertex 44.982 -0.95 27.7987
      vertex 45.1715 0 27.815
      vertex 45.1715 -0.95 27.815
    endloop
  endfacet
  facet normal 0.0856994 0 -0.996321
    outer loop
      vertex 45.1715 0 27.815
      vertex 44.982 -0.95 27.7987
      vertex 44.982 0 27.7987
    endloop
  endfacet
  facet normal 0.143047 0 -0.989716
    outer loop
      vertex 45.1715 -0.95 27.815
      vertex 45.359 0 27.8421
      vertex 45.359 -0.95 27.8421
    endloop
  endfacet
  facet normal 0.143047 0 -0.989716
    outer loop
      vertex 45.359 0 27.8421
      vertex 45.1715 -0.95 27.815
      vertex 45.1715 0 27.815
    endloop
  endfacet
  facet normal 0.200788 0 -0.979635
    outer loop
      vertex 45.359 -0.95 27.8421
      vertex 45.5444 0 27.8801
      vertex 45.5444 -0.95 27.8801
    endloop
  endfacet
  facet normal 0.200788 0 -0.979635
    outer loop
      vertex 45.5444 0 27.8801
      vertex 45.359 -0.95 27.8421
      vertex 45.359 0 27.8421
    endloop
  endfacet
  facet normal 1 -0 0
    outer loop
      vertex 45.5444 -0.95 28.4877
      vertex 45.5444 0 27.8801
      vertex 45.5444 0 28.4877
    endloop
  endfacet
  facet normal 1 0 0
    outer loop
      vertex 45.5444 0 27.8801
      vertex 45.5444 -0.95 28.4877
      vertex 45.5444 -0.95 27.8801
    endloop
  endfacet
  facet normal -0.188304 0 0.982111
    outer loop
      vertex 45.4573 0 28.471
      vertex 45.5444 -0.95 28.4877
      vertex 45.5444 0 28.4877
    endloop
  endfacet
  facet normal -0.188304 0 0.982111
    outer loop
      vertex 45.5444 -0.95 28.4877
      vertex 45.4573 0 28.471
      vertex 45.4573 -0.95 28.471
    endloop
  endfacet
  facet normal -0.141758 0 0.989901
    outer loop
      vertex 45.3749 0 28.4592
      vertex 45.4573 -0.95 28.471
      vertex 45.4573 0 28.471
    endloop
  endfacet
  facet normal -0.141758 0 0.989901
    outer loop
      vertex 45.4573 -0.95 28.471
      vertex 45.3749 0 28.4592
      vertex 45.3749 -0.95 28.4592
    endloop
  endfacet
  facet normal -0.0923867 0 0.995723
    outer loop
      vertex 45.2973 0 28.452
      vertex 45.3749 -0.95 28.4592
      vertex 45.3749 0 28.4592
    endloop
  endfacet
  facet normal -0.0923867 0 0.995723
    outer loop
      vertex 45.3749 -0.95 28.4592
      vertex 45.2973 0 28.452
      vertex 45.2973 -0.95 28.452
    endloop
  endfacet
  facet normal -0.0315344 0 0.999503
    outer loop
      vertex 45.2244 0 28.4497
      vertex 45.2973 -0.95 28.452
      vertex 45.2973 0 28.452
    endloop
  endfacet
  facet normal -0.0315344 0 0.999503
    outer loop
      vertex 45.2973 -0.95 28.452
      vertex 45.2244 0 28.4497
      vertex 45.2244 -0.95 28.4497
    endloop
  endfacet
  facet normal 0.0927326 0 0.995691
    outer loop
      vertex 45.0773 0 28.4634
      vertex 45.2244 -0.95 28.4497
      vertex 45.2244 0 28.4497
    endloop
  endfacet
  facet normal 0.0927326 0 0.995691
    outer loop
      vertex 45.2244 -0.95 28.4497
      vertex 45.0773 0 28.4634
      vertex 45.0773 -0.95 28.4634
    endloop
  endfacet
  facet normal 0.321371 0 0.946953
    outer loop
      vertex 44.9559 0 28.5046
      vertex 45.0773 -0.95 28.4634
      vertex 45.0773 0 28.4634
    endloop
  endfacet
  facet normal 0.321371 0 0.946953
    outer loop
      vertex 45.0773 -0.95 28.4634
      vertex 44.9559 0 28.5046
      vertex 44.9559 -0.95 28.5046
    endloop
  endfacet
  facet normal 0.582603 0 0.812757
    outer loop
      vertex 44.8602 0 28.5732
      vertex 44.9559 -0.95 28.5046
      vertex 44.9559 0 28.5046
    endloop
  endfacet
  facet normal 0.582603 0 0.812757
    outer loop
      vertex 44.9559 -0.95 28.5046
      vertex 44.8602 0 28.5732
      vertex 44.8602 -0.95 28.5732
    endloop
  endfacet
  facet normal 0.8091 -0 0.587671
    outer loop
      vertex 44.7904 -0.95 28.6693
      vertex 44.8602 0 28.5732
      vertex 44.7904 0 28.6693
    endloop
  endfacet
  facet normal 0.8091 0 0.587671
    outer loop
      vertex 44.8602 0 28.5732
      vertex 44.7904 -0.95 28.6693
      vertex 44.8602 -0.95 28.5732
    endloop
  endfacet
  facet normal 0.926965 -0 0.375147
    outer loop
      vertex 44.7405 -0.95 28.7926
      vertex 44.7904 0 28.6693
      vertex 44.7405 0 28.7926
    endloop
  endfacet
  facet normal 0.926965 0 0.375147
    outer loop
      vertex 44.7904 0 28.6693
      vertex 44.7405 -0.95 28.7926
      vertex 44.7904 -0.95 28.6693
    endloop
  endfacet
  facet normal 0.973008 -0 0.230773
    outer loop
      vertex 44.7049 -0.95 28.9427
      vertex 44.7405 0 28.7926
      vertex 44.7049 0 28.9427
    endloop
  endfacet
  facet normal 0.973008 0 0.230773
    outer loop
      vertex 44.7405 0 28.7926
      vertex 44.7049 -0.95 28.9427
      vertex 44.7405 -0.95 28.7926
    endloop
  endfacet
  facet normal 0.992821 -0 0.11961
    outer loop
      vertex 44.6836 -0.95 29.1195
      vertex 44.7049 0 28.9427
      vertex 44.6836 0 29.1195
    endloop
  endfacet
  facet normal 0.992821 0 0.11961
    outer loop
      vertex 44.7049 0 28.9427
      vertex 44.6836 -0.95 29.1195
      vertex 44.7049 -0.95 28.9427
    endloop
  endfacet
  facet normal 0.999375 -0 0.0353414
    outer loop
      vertex 44.6764 -0.95 29.3231
      vertex 44.6836 0 29.1195
      vertex 44.6764 0 29.3231
    endloop
  endfacet
  facet normal 0.999375 0 0.0353414
    outer loop
      vertex 44.6836 0 29.1195
      vertex 44.6764 -0.95 29.3231
      vertex 44.6836 -0.95 29.1195
    endloop
  endfacet
  facet normal 1 -0 0
    outer loop
      vertex 44.6764 -0.95 31.8512
      vertex 44.6764 0 29.3231
      vertex 44.6764 0 31.8512
    endloop
  endfacet
  facet normal 1 0 0
    outer loop
      vertex 44.6764 0 29.3231
      vertex 44.6764 -0.95 31.8512
      vertex 44.6764 -0.95 29.3231
    endloop
  endfacet
  facet normal 0.997028 -0 0.0770341
    outer loop
      vertex 44.6415 -0.95 32.3029
      vertex 44.6764 0 31.8512
      vertex 44.6415 0 32.3029
    endloop
  endfacet
  facet normal 0.997028 0 0.0770341
    outer loop
      vertex 44.6764 0 31.8512
      vertex 44.6415 -0.95 32.3029
      vertex 44.6764 -0.95 31.8512
    endloop
  endfacet
  facet normal 0.966591 -0 0.256323
    outer loop
      vertex 44.5367 -0.95 32.6981
      vertex 44.6415 0 32.3029
      vertex 44.5367 0 32.6981
    endloop
  endfacet
  facet normal 0.966591 0 0.256323
    outer loop
      vertex 44.6415 0 32.3029
      vertex 44.5367 -0.95 32.6981
      vertex 44.6415 -0.95 32.3029
    endloop
  endfacet
  facet normal 0.888738 -0 0.458416
    outer loop
      vertex 44.3621 -0.95 33.0366
      vertex 44.5367 0 32.6981
      vertex 44.3621 0 33.0366
    endloop
  endfacet
  facet normal 0.888738 0 0.458416
    outer loop
      vertex 44.5367 0 32.6981
      vertex 44.3621 -0.95 33.0366
      vertex 44.5367 -0.95 32.6981
    endloop
  endfacet
  facet normal 0.755441 -0 0.655216
    outer loop
      vertex 44.1176 -0.95 33.3185
      vertex 44.3621 0 33.0366
      vertex 44.1176 0 33.3185
    endloop
  endfacet
  facet normal 0.755441 0 0.655216
    outer loop
      vertex 44.3621 0 33.0366
      vertex 44.1176 -0.95 33.3185
      vertex 44.3621 -0.95 33.0366
    endloop
  endfacet
  facet normal 0.577786 0 0.816188
    outer loop
      vertex 43.804 0 33.5405
      vertex 44.1176 -0.95 33.3185
      vertex 44.1176 0 33.3185
    endloop
  endfacet
  facet normal 0.577786 0 0.816188
    outer loop
      vertex 44.1176 -0.95 33.3185
      vertex 43.804 0 33.5405
      vertex 43.804 -0.95 33.5405
    endloop
  endfacet
  facet normal 0.383156 0 0.923684
    outer loop
      vertex 43.4219 0 33.699
      vertex 43.804 -0.95 33.5405
      vertex 43.804 0 33.5405
    endloop
  endfacet
  facet normal 0.383156 0 0.923684
    outer loop
      vertex 43.804 -0.95 33.5405
      vertex 43.4219 0 33.699
      vertex 43.4219 -0.95 33.699
    endloop
  endfacet
  facet normal 0.206503 0 0.978446
    outer loop
      vertex 42.9713 0 33.7941
      vertex 43.4219 -0.95 33.699
      vertex 43.4219 0 33.699
    endloop
  endfacet
  facet normal 0.206503 0 0.978446
    outer loop
      vertex 43.4219 -0.95 33.699
      vertex 42.9713 0 33.7941
      vertex 42.9713 -0.95 33.7941
    endloop
  endfacet
  facet normal 0.0609537 0 0.998141
    outer loop
      vertex 42.4522 0 33.8258
      vertex 42.9713 -0.95 33.7941
      vertex 42.9713 0 33.7941
    endloop
  endfacet
  facet normal 0.0609537 0 0.998141
    outer loop
      vertex 42.9713 -0.95 33.7941
      vertex 42.4522 0 33.8258
      vertex 42.4522 -0.95 33.8258
    endloop
  endfacet
  facet normal -0.105127 0 0.994459
    outer loop
      vertex 41.5157 0 33.7268
      vertex 42.4522 -0.95 33.8258
      vertex 42.4522 0 33.8258
    endloop
  endfacet
  facet normal -0.105127 0 0.994459
    outer loop
      vertex 42.4522 -0.95 33.8258
      vertex 41.5157 0 33.7268
      vertex 41.5157 -0.95 33.7268
    endloop
  endfacet
  facet normal -0.388466 0 0.921463
    outer loop
      vertex 40.8112 0 33.4298
      vertex 41.5157 -0.95 33.7268
      vertex 41.5157 0 33.7268
    endloop
  endfacet
  facet normal -0.388466 0 0.921463
    outer loop
      vertex 41.5157 -0.95 33.7268
      vertex 40.8112 0 33.4298
      vertex 40.8112 -0.95 33.4298
    endloop
  endfacet
  facet normal -0.72321 0 0.690629
    outer loop
      vertex 40.3385 -0.95 32.9348
      vertex 40.8112 0 33.4298
      vertex 40.3385 0 32.9348
    endloop
  endfacet
  facet normal -0.72321 0 0.690629
    outer loop
      vertex 40.8112 0 33.4298
      vertex 40.3385 -0.95 32.9348
      vertex 40.8112 -0.95 33.4298
    endloop
  endfacet
  facet normal -0.944657 0 0.328061
    outer loop
      vertex 40.0978 -0.95 32.2417
      vertex 40.3385 0 32.9348
      vertex 40.0978 0 32.2417
    endloop
  endfacet
  facet normal -0.944657 0 0.328061
    outer loop
      vertex 40.3385 0 32.9348
      vertex 40.0978 -0.95 32.2417
      vertex 40.3385 -0.95 32.9348
    endloop
  endfacet
  facet normal -0.0900426 0 -0.995938
    outer loop
      vertex 40.0978 -0.95 32.2417
      vertex 41.1176 0 32.1495
      vertex 41.1176 -0.95 32.1495
    endloop
  endfacet
  facet normal -0.0900426 0 -0.995938
    outer loop
      vertex 41.1176 0 32.1495
      vertex 40.0978 -0.95 32.2417
      vertex 40.0978 0 32.2417
    endloop
  endfacet
  facet normal 0.981157 0 -0.193212
    outer loop
      vertex 41.1624 -0.95 32.377
      vertex 41.1176 0 32.1495
      vertex 41.1624 0 32.377
    endloop
  endfacet
  facet normal 0.981157 0 -0.193212
    outer loop
      vertex 41.1176 0 32.1495
      vertex 41.1624 -0.95 32.377
      vertex 41.1176 -0.95 32.1495
    endloop
  endfacet
  facet normal 0.933556 0 -0.358432
    outer loop
      vertex 41.237 -0.95 32.5713
      vertex 41.1624 0 32.377
      vertex 41.237 0 32.5713
    endloop
  endfacet
  facet normal 0.933556 0 -0.358432
    outer loop
      vertex 41.1624 0 32.377
      vertex 41.237 -0.95 32.5713
      vertex 41.1624 -0.95 32.377
    endloop
  endfacet
  facet normal 0.839038 0 -0.544072
    outer loop
      vertex 41.3414 -0.95 32.7323
      vertex 41.237 0 32.5713
      vertex 41.3414 0 32.7323
    endloop
  endfacet
  facet normal 0.839038 0 -0.544072
    outer loop
      vertex 41.237 0 32.5713
      vertex 41.3414 -0.95 32.7323
      vertex 41.237 -0.95 32.5713
    endloop
  endfacet
  facet normal 0.689359 0 -0.72442
    outer loop
      vertex 41.3414 -0.95 32.7323
      vertex 41.4757 0 32.8601
      vertex 41.4757 -0.95 32.8601
    endloop
  endfacet
  facet normal 0.689359 0 -0.72442
    outer loop
      vertex 41.4757 0 32.8601
      vertex 41.3414 -0.95 32.7323
      vertex 41.3414 0 32.7323
    endloop
  endfacet
  facet normal 0.493626 0 -0.869674
    outer loop
      vertex 41.4757 -0.95 32.8601
      vertex 41.6473 0 32.9575
      vertex 41.6473 -0.95 32.9575
    endloop
  endfacet
  facet normal 0.493626 0 -0.869674
    outer loop
      vertex 41.6473 0 32.9575
      vertex 41.4757 -0.95 32.8601
      vertex 41.4757 0 32.8601
    endloop
  endfacet
  facet normal 0.305909 0 -0.952061
    outer loop
      vertex 41.6473 -0.95 32.9575
      vertex 41.8636 0 33.027
      vertex 41.8636 -0.95 33.027
    endloop
  endfacet
  facet normal 0.305909 0 -0.952061
    outer loop
      vertex 41.8636 0 33.027
      vertex 41.6473 -0.95 32.9575
      vertex 41.6473 0 32.9575
    endloop
  endfacet
  facet normal 0.15771 0 -0.987485
    outer loop
      vertex 41.8636 -0.95 33.027
      vertex 42.1247 0 33.0687
      vertex 42.1247 -0.95 33.0687
    endloop
  endfacet
  facet normal 0.15771 0 -0.987485
    outer loop
      vertex 42.1247 0 33.0687
      vertex 41.8636 -0.95 33.027
      vertex 41.8636 0 33.027
    endloop
  endfacet
  facet normal 0.0454077 0 -0.998969
    outer loop
      vertex 42.1247 -0.95 33.0687
      vertex 42.4305 0 33.0826
      vertex 42.4305 -0.95 33.0826
    endloop
  endfacet
  facet normal 0.0454077 0 -0.998969
    outer loop
      vertex 42.4305 0 33.0826
      vertex 42.1247 -0.95 33.0687
      vertex 42.1247 0 33.0687
    endloop
  endfacet
  facet normal -0.0634008 0 -0.997988
    outer loop
      vertex 42.4305 -0.95 33.0826
      vertex 42.7343 0 33.0633
      vertex 42.7343 -0.95 33.0633
    endloop
  endfacet
  facet normal -0.0634008 0 -0.997988
    outer loop
      vertex 42.7343 0 33.0633
      vertex 42.4305 -0.95 33.0826
      vertex 42.4305 0 33.0826
    endloop
  endfacet
  facet normal -0.217407 0 -0.976081
    outer loop
      vertex 42.7343 -0.95 33.0633
      vertex 42.9947 0 33.0053
      vertex 42.9947 -0.95 33.0053
    endloop
  endfacet
  facet normal -0.217407 0 -0.976081
    outer loop
      vertex 42.9947 0 33.0053
      vertex 42.7343 -0.95 33.0633
      vertex 42.7343 0 33.0633
    endloop
  endfacet
  facet normal -0.407037 0 -0.913412
    outer loop
      vertex 42.9947 -0.95 33.0053
      vertex 43.2117 0 32.9086
      vertex 43.2117 -0.95 32.9086
    endloop
  endfacet
  facet normal -0.407037 0 -0.913412
    outer loop
      vertex 43.2117 0 32.9086
      vertex 42.9947 -0.95 33.0053
      vertex 42.9947 0 33.0053
    endloop
  endfacet
  facet normal -0.614727 0 -0.78874
    outer loop
      vertex 43.2117 -0.95 32.9086
      vertex 43.3853 0 32.7733
      vertex 43.3853 -0.95 32.7733
    endloop
  endfacet
  facet normal -0.614727 0 -0.78874
    outer loop
      vertex 43.3853 0 32.7733
      vertex 43.2117 -0.95 32.9086
      vertex 43.2117 0 32.9086
    endloop
  endfacet
  facet normal -0.804483 0 -0.593976
    outer loop
      vertex 43.5182 -0.95 32.5933
      vertex 43.3853 0 32.7733
      vertex 43.5182 0 32.5933
    endloop
  endfacet
  facet normal -0.804483 -0 -0.593976
    outer loop
      vertex 43.3853 0 32.7733
      vertex 43.5182 -0.95 32.5933
      vertex 43.3853 -0.95 32.7733
    endloop
  endfacet
  facet normal -0.924786 0 -0.380488
    outer loop
      vertex 43.6132 -0.95 32.3624
      vertex 43.5182 0 32.5933
      vertex 43.6132 0 32.3624
    endloop
  endfacet
  facet normal -0.924786 -0 -0.380488
    outer loop
      vertex 43.5182 0 32.5933
      vertex 43.6132 -0.95 32.3624
      vertex 43.5182 -0.95 32.5933
    endloop
  endfacet
  facet normal -0.980137 0 -0.198324
    outer loop
      vertex 43.6702 -0.95 32.0807
      vertex 43.6132 0 32.3624
      vertex 43.6702 0 32.0807
    endloop
  endfacet
  facet normal -0.980137 -0 -0.198324
    outer loop
      vertex 43.6132 0 32.3624
      vertex 43.6702 -0.95 32.0807
      vertex 43.6132 -0.95 32.3624
    endloop
  endfacet
  facet normal -0.998372 0 -0.0570327
    outer loop
      vertex 43.6892 -0.95 31.7481
      vertex 43.6702 0 32.0807
      vertex 43.6892 0 31.7481
    endloop
  endfacet
  facet normal -0.998372 -0 -0.0570327
    outer loop
      vertex 43.6702 0 32.0807
      vertex 43.6892 -0.95 31.7481
      vertex 43.6702 -0.95 32.0807
    endloop
  endfacet
  facet normal -1 0 0
    outer loop
      vertex 43.6892 -0.95 31.428
      vertex 43.6892 0 31.7481
      vertex 43.6892 0 31.428
    endloop
  endfacet
  facet normal -1 -0 0
    outer loop
      vertex 43.6892 0 31.7481
      vertex 43.6892 -0.95 31.428
      vertex 43.6892 -0.95 31.7481
    endloop
  endfacet
  facet normal -0.0164571 0 0.999865
    outer loop
      vertex 42.3708 0 31.4063
      vertex 43.6892 -0.95 31.428
      vertex 43.6892 0 31.428
    endloop
  endfacet
  facet normal -0.0164571 0 0.999865
    outer loop
      vertex 43.6892 -0.95 31.428
      vertex 42.3708 0 31.4063
      vertex 42.3708 -0.95 31.4063
    endloop
  endfacet
  facet normal -0.0719201 0 0.99741
    outer loop
      vertex 41.7495 0 31.3615
      vertex 42.3708 -0.95 31.4063
      vertex 42.3708 0 31.4063
    endloop
  endfacet
  facet normal -0.0719201 0 0.99741
    outer loop
      vertex 42.3708 -0.95 31.4063
      vertex 41.7495 0 31.3615
      vertex 41.7495 -0.95 31.3615
    endloop
  endfacet
  facet normal -0.188655 0 0.982043
    outer loop
      vertex 41.2201 0 31.2598
      vertex 41.7495 -0.95 31.3615
      vertex 41.7495 0 31.3615
    endloop
  endfacet
  facet normal -0.188655 0 0.982043
    outer loop
      vertex 41.7495 -0.95 31.3615
      vertex 41.2201 0 31.2598
      vertex 41.2201 -0.95 31.2598
    endloop
  endfacet
  facet normal -0.340932 0 0.940088
    outer loop
      vertex 40.7825 0 31.1011
      vertex 41.2201 -0.95 31.2598
      vertex 41.2201 0 31.2598
    endloop
  endfacet
  facet normal -0.340932 0 0.940088
    outer loop
      vertex 41.2201 -0.95 31.2598
      vertex 40.7825 0 31.1011
      vertex 40.7825 -0.95 31.1011
    endloop
  endfacet
  facet normal -0.529182 0 0.848508
    outer loop
      vertex 40.4368 0 30.8855
      vertex 40.7825 -0.95 31.1011
      vertex 40.7825 0 31.1011
    endloop
  endfacet
  facet normal -0.529182 0 0.848508
    outer loop
      vertex 40.7825 -0.95 31.1011
      vertex 40.4368 0 30.8855
      vertex 40.4368 -0.95 30.8855
    endloop
  endfacet
  facet normal -0.718166 0 0.695872
    outer loop
      vertex 40.1746 -0.95 30.6149
      vertex 40.4368 0 30.8855
      vertex 40.1746 0 30.6149
    endloop
  endfacet
  facet normal -0.718166 0 0.695872
    outer loop
      vertex 40.4368 0 30.8855
      vertex 40.1746 -0.95 30.6149
      vertex 40.4368 -0.95 30.8855
    endloop
  endfacet
  facet normal -0.865347 0 0.501173
    outer loop
      vertex 39.9873 -0.95 30.2915
      vertex 40.1746 0 30.6149
      vertex 39.9873 0 30.2915
    endloop
  endfacet
  facet normal -0.865347 0 0.501173
    outer loop
      vertex 40.1746 0 30.6149
      vertex 39.9873 -0.95 30.2915
      vertex 40.1746 -0.95 30.6149
    endloop
  endfacet
  facet normal -0.95819 0 0.286133
    outer loop
      vertex 39.8749 -0.95 29.9151
      vertex 39.9873 0 30.2915
      vertex 39.8749 0 29.9151
    endloop
  endfacet
  facet normal -0.95819 0 0.286133
    outer loop
      vertex 39.9873 0 30.2915
      vertex 39.8749 -0.95 29.9151
      vertex 39.9873 -0.95 30.2915
    endloop
  endfacet
  facet normal -0.996207 0 0.0870201
    outer loop
      vertex 39.8374 -0.95 29.4858
      vertex 39.8749 0 29.9151
      vertex 39.8374 0 29.4858
    endloop
  endfacet
  facet normal -0.996207 0 0.0870201
    outer loop
      vertex 39.8749 0 29.9151
      vertex 39.8374 -0.95 29.4858
      vertex 39.8749 -0.95 29.9151
    endloop
  endfacet
  facet normal -0.997405 0 -0.0720017
    outer loop
      vertex 39.8652 -0.95 29.1007
      vertex 39.8374 0 29.4858
      vertex 39.8652 0 29.1007
    endloop
  endfacet
  facet normal -0.997405 -0 -0.0720017
    outer loop
      vertex 39.8374 0 29.4858
      vertex 39.8652 -0.95 29.1007
      vertex 39.8374 -0.95 29.4858
    endloop
  endfacet
  facet normal -0.971498 0 -0.237048
    outer loop
      vertex 39.9486 -0.95 28.7589
      vertex 39.8652 0 29.1007
      vertex 39.9486 0 28.7589
    endloop
  endfacet
  facet normal -0.971498 -0 -0.237048
    outer loop
      vertex 39.8652 0 29.1007
      vertex 39.9486 -0.95 28.7589
      vertex 39.8652 -0.95 29.1007
    endloop
  endfacet
  facet normal -0.906424 0 -0.42237
    outer loop
      vertex 40.0876 -0.95 28.4606
      vertex 39.9486 0 28.7589
      vertex 40.0876 0 28.4606
    endloop
  endfacet
  facet normal -0.906424 -0 -0.42237
    outer loop
      vertex 39.9486 0 28.7589
      vertex 40.0876 -0.95 28.4606
      vertex 39.9486 -0.95 28.7589
    endloop
  endfacet
  facet normal -0.794959 0 -0.606663
    outer loop
      vertex 40.2822 -0.95 28.2056
      vertex 40.0876 0 28.4606
      vertex 40.2822 0 28.2056
    endloop
  endfacet
  facet normal -0.794959 -0 -0.606663
    outer loop
      vertex 40.0876 0 28.4606
      vertex 40.2822 -0.95 28.2056
      vertex 40.0876 -0.95 28.4606
    endloop
  endfacet
  facet normal -0.632562 0 -0.774509
    outer loop
      vertex 40.2822 -0.95 28.2056
      vertex 40.5321 0 28.0015
      vertex 40.5321 -0.95 28.0015
    endloop
  endfacet
  facet normal -0.632562 0 -0.774509
    outer loop
      vertex 40.5321 0 28.0015
      vertex 40.2822 -0.95 28.2056
      vertex 40.2822 0 28.2056
    endloop
  endfacet
  facet normal -0.431518 0 -0.902104
    outer loop
      vertex 40.5321 -0.95 28.0015
      vertex 40.8369 0 27.8557
      vertex 40.8369 -0.95 27.8557
    endloop
  endfacet
  facet normal -0.431518 0 -0.902104
    outer loop
      vertex 40.8369 0 27.8557
      vertex 40.5321 -0.95 28.0015
      vertex 40.5321 0 28.0015
    endloop
  endfacet
  facet normal -0.236303 0 -0.971679
    outer loop
      vertex 40.8369 -0.95 27.8557
      vertex 41.1967 0 27.7682
      vertex 41.1967 -0.95 27.7682
    endloop
  endfacet
  facet normal -0.236303 0 -0.971679
    outer loop
      vertex 41.1967 0 27.7682
      vertex 40.8369 -0.95 27.8557
      vertex 40.8369 0 27.8557
    endloop
  endfacet
  facet normal -0.0702553 0 -0.997529
    outer loop
      vertex 41.1967 -0.95 27.7682
      vertex 41.6113 0 27.739
      vertex 41.6113 -0.95 27.739
    endloop
  endfacet
  facet normal -0.0702553 0 -0.997529
    outer loop
      vertex 41.6113 0 27.739
      vertex 41.1967 -0.95 27.7682
      vertex 41.1967 0 27.7682
    endloop
  endfacet
  facet normal 0.0511027 0 -0.998693
    outer loop
      vertex 41.6113 -0.95 27.739
      vertex 41.9533 0 27.7565
      vertex 41.9533 -0.95 27.7565
    endloop
  endfacet
  facet normal 0.0511027 0 -0.998693
    outer loop
      vertex 41.9533 0 27.7565
      vertex 41.6113 -0.95 27.739
      vertex 41.6113 0 27.739
    endloop
  endfacet
  facet normal 0.239875 0 0.970804
    outer loop
      vertex 41.4113 0 28.5364
      vertex 41.6088 -0.95 28.4876
      vertex 41.6088 0 28.4876
    endloop
  endfacet
  facet normal 0.239875 0 0.970804
    outer loop
      vertex 41.6088 -0.95 28.4876
      vertex 41.4113 0 28.5364
      vertex 41.4113 -0.95 28.5364
    endloop
  endfacet
  facet normal 0.431868 0 0.901937
    outer loop
      vertex 41.2413 0 28.6178
      vertex 41.4113 -0.95 28.5364
      vertex 41.4113 0 28.5364
    endloop
  endfacet
  facet normal 0.431868 0 0.901937
    outer loop
      vertex 41.4113 -0.95 28.5364
      vertex 41.2413 0 28.6178
      vertex 41.2413 -0.95 28.6178
    endloop
  endfacet
  facet normal 0.624093 0 0.78135
    outer loop
      vertex 41.0987 0 28.7317
      vertex 41.2413 -0.95 28.6178
      vertex 41.2413 0 28.6178
    endloop
  endfacet
  facet normal 0.624093 0 0.78135
    outer loop
      vertex 41.2413 -0.95 28.6178
      vertex 41.0987 0 28.7317
      vertex 41.0987 -0.95 28.7317
    endloop
  endfacet
  facet normal 0.786812 -0 0.617193
    outer loop
      vertex 40.9859 -0.95 28.8755
      vertex 41.0987 0 28.7317
      vertex 40.9859 0 28.8755
    endloop
  endfacet
  facet normal 0.786812 0 0.617193
    outer loop
      vertex 41.0987 0 28.7317
      vertex 40.9859 -0.95 28.8755
      vertex 41.0987 -0.95 28.7317
    endloop
  endfacet
  facet normal 0.904663 -0 0.426128
    outer loop
      vertex 40.9054 -0.95 29.0464
      vertex 40.9859 0 28.8755
      vertex 40.9054 0 29.0464
    endloop
  endfacet
  facet normal 0.904663 0 0.426128
    outer loop
      vertex 40.9859 0 28.8755
      vertex 40.9054 -0.95 29.0464
      vertex 40.9859 -0.95 28.8755
    endloop
  endfacet
  facet normal 0.971512 -0 0.23699
    outer loop
      vertex 40.8571 -0.95 29.2444
      vertex 40.9054 0 29.0464
      vertex 40.8571 0 29.2444
    endloop
  endfacet
  facet normal 0.971512 0 0.23699
    outer loop
      vertex 40.9054 0 29.0464
      vertex 40.8571 -0.95 29.2444
      vertex 40.9054 -0.95 29.0464
    endloop
  endfacet
  facet normal 0.997454 -0 0.07131
    outer loop
      vertex 40.841 -0.95 29.4696
      vertex 40.8571 0 29.2444
      vertex 40.841 0 29.4696
    endloop
  endfacet
  facet normal 0.997454 0 0.07131
    outer loop
      vertex 40.8571 0 29.2444
      vertex 40.841 -0.95 29.4696
      vertex 40.8571 -0.95 29.2444
    endloop
  endfacet
  facet normal 0.998386 0 -0.0567916
    outer loop
      vertex 40.8529 -0.95 29.6788
      vertex 40.841 0 29.4696
      vertex 40.8529 0 29.6788
    endloop
  endfacet
  facet normal 0.998386 0 -0.0567916
    outer loop
      vertex 40.841 0 29.4696
      vertex 40.8529 -0.95 29.6788
      vertex 40.841 -0.95 29.4696
    endloop
  endfacet
  facet normal 0.982575 0 -0.185864
    outer loop
      vertex 40.8885 -0.95 29.867
      vertex 40.8529 0 29.6788
      vertex 40.8885 0 29.867
    endloop
  endfacet
  facet normal 0.982575 0 -0.185864
    outer loop
      vertex 40.8529 0 29.6788
      vertex 40.8885 -0.95 29.867
      vertex 40.8529 -0.95 29.6788
    endloop
  endfacet
  facet normal 0.942416 0 -0.334442
    outer loop
      vertex 40.9478 -0.95 30.0341
      vertex 40.8885 0 29.867
      vertex 40.9478 0 30.0341
    endloop
  endfacet
  facet normal 0.942416 0 -0.334442
    outer loop
      vertex 40.8885 0 29.867
      vertex 40.9478 -0.95 30.0341
      vertex 40.8885 -0.95 29.867
    endloop
  endfacet
  facet normal 0.869486 0 -0.493958
    outer loop
      vertex 41.0308 -0.95 30.1802
      vertex 40.9478 0 30.0341
      vertex 41.0308 0 30.1802
    endloop
  endfacet
  facet normal 0.869486 0 -0.493958
    outer loop
      vertex 40.9478 0 30.0341
      vertex 41.0308 -0.95 30.1802
      vertex 40.9478 -0.95 30.0341
    endloop
  endfacet
  facet normal 0.769314 0 -0.638871
    outer loop
      vertex 41.1361 -0.95 30.307
      vertex 41.0308 0 30.1802
      vertex 41.1361 0 30.307
    endloop
  endfacet
  facet normal 0.769314 0 -0.638871
    outer loop
      vertex 41.0308 0 30.1802
      vertex 41.1361 -0.95 30.307
      vertex 41.0308 -0.95 30.1802
    endloop
  endfacet
  facet normal 0.654931 0 -0.755689
    outer loop
      vertex 41.1361 -0.95 30.307
      vertex 41.2621 0 30.4162
      vertex 41.2621 -0.95 30.4162
    endloop
  endfacet
  facet normal 0.654931 0 -0.755689
    outer loop
      vertex 41.2621 0 30.4162
      vertex 41.1361 -0.95 30.307
      vertex 41.1361 0 30.307
    endloop
  endfacet
  facet normal 0.529895 0 -0.848063
    outer loop
      vertex 41.2621 -0.95 30.4162
      vertex 41.4087 0 30.5078
      vertex 41.4087 -0.95 30.5078
    endloop
  endfacet
  facet normal 0.529895 0 -0.848063
    outer loop
      vertex 41.4087 0 30.5078
      vertex 41.2621 -0.95 30.4162
      vertex 41.2621 0 30.4162
    endloop
  endfacet
  facet normal 0.404057 0 -0.914734
    outer loop
      vertex 41.4087 -0.95 30.5078
      vertex 41.576 0 30.5817
      vertex 41.576 -0.95 30.5817
    endloop
  endfacet
  facet normal 0.404057 0 -0.914734
    outer loop
      vertex 41.576 0 30.5817
      vertex 41.4087 -0.95 30.5078
      vertex 41.4087 0 30.5078
    endloop
  endfacet
  facet normal 0.278551 0 -0.960421
    outer loop
      vertex 41.576 -0.95 30.5817
      vertex 41.7746 0 30.6393
      vertex 41.7746 -0.95 30.6393
    endloop
  endfacet
  facet normal 0.278551 0 -0.960421
    outer loop
      vertex 41.7746 0 30.6393
      vertex 41.576 -0.95 30.5817
      vertex 41.576 0 30.5817
    endloop
  endfacet
  facet normal 0.175422 0 -0.984493
    outer loop
      vertex 41.7746 -0.95 30.6393
      vertex 42.0148 0 30.6821
      vertex 42.0148 -0.95 30.6821
    endloop
  endfacet
  facet normal 0.175422 0 -0.984493
    outer loop
      vertex 42.0148 0 30.6821
      vertex 41.7746 -0.95 30.6393
      vertex 41.7746 0 30.6393
    endloop
  endfacet
  facet normal 0.098106 0 -0.995176
    outer loop
      vertex 42.0148 -0.95 30.6821
      vertex 42.2968 0 30.7099
      vertex 42.2968 -0.95 30.7099
    endloop
  endfacet
  facet normal 0.098106 0 -0.995176
    outer loop
      vertex 42.2968 0 30.7099
      vertex 42.0148 -0.95 30.6821
      vertex 42.0148 0 30.6821
    endloop
  endfacet
  facet normal 0.0398324 0 -0.999206
    outer loop
      vertex 42.2968 -0.95 30.7099
      vertex 42.6204 0 30.7228
      vertex 42.6204 -0.95 30.7228
    endloop
  endfacet
  facet normal 0.0398324 0 -0.999206
    outer loop
      vertex 42.6204 0 30.7228
      vertex 42.2968 -0.95 30.7099
      vertex 42.2968 0 30.7099
    endloop
  endfacet
  facet normal 0.020299 0 -0.999794
    outer loop
      vertex 42.6204 -0.95 30.7228
      vertex 43.6892 0 30.7445
      vertex 43.6892 -0.95 30.7445
    endloop
  endfacet
  facet normal 0.020299 0 -0.999794
    outer loop
      vertex 43.6892 0 30.7445
      vertex 42.6204 -0.95 30.7228
      vertex 42.6204 0 30.7228
    endloop
  endfacet
  facet normal -1 0 0
    outer loop
      vertex 43.6892 -0.95 30.2617
      vertex 43.6892 0 30.7445
      vertex 43.6892 0 30.2617
    endloop
  endfacet
  facet normal -1 -0 0
    outer loop
      vertex 43.6892 0 30.7445
      vertex 43.6892 -0.95 30.2617
      vertex 43.6892 -0.95 30.7445
    endloop
  endfacet
  facet normal -0.99773 0 0.0673479
    outer loop
      vertex 43.6741 -0.95 30.038
      vertex 43.6892 0 30.2617
      vertex 43.6741 0 30.038
    endloop
  endfacet
  facet normal -0.99773 0 0.0673479
    outer loop
      vertex 43.6892 0 30.2617
      vertex 43.6741 -0.95 30.038
      vertex 43.6892 -0.95 30.2617
    endloop
  endfacet
  facet normal -0.979542 0 0.201239
    outer loop
      vertex 43.6288 -0.95 29.8175
      vertex 43.6741 0 30.038
      vertex 43.6288 0 29.8175
    endloop
  endfacet
  facet normal -0.979542 0 0.201239
    outer loop
      vertex 43.6741 0 30.038
      vertex 43.6288 -0.95 29.8175
      vertex 43.6741 -0.95 30.038
    endloop
  endfacet
  facet normal -0.944702 0 0.327931
    outer loop
      vertex 43.5533 -0.95 29.6
      vertex 43.6288 0 29.8175
      vertex 43.5533 0 29.6
    endloop
  endfacet
  facet normal -0.944702 0 0.327931
    outer loop
      vertex 43.6288 0 29.8175
      vertex 43.5533 -0.95 29.6
      vertex 43.6288 -0.95 29.8175
    endloop
  endfacet
  facet normal -0.897171 0 0.441684
    outer loop
      vertex 43.4477 -0.95 29.3855
      vertex 43.5533 0 29.6
      vertex 43.4477 0 29.3855
    endloop
  endfacet
  facet normal -0.897171 0 0.441684
    outer loop
      vertex 43.5533 0 29.6
      vertex 43.4477 -0.95 29.3855
      vertex 43.5533 -0.95 29.6
    endloop
  endfacet
  facet normal -0.837189 0 0.546914
    outer loop
      vertex 43.316 -0.95 29.1839
      vertex 43.4477 0 29.3855
      vertex 43.316 0 29.1839
    endloop
  endfacet
  facet normal -0.837189 0 0.546914
    outer loop
      vertex 43.4477 0 29.3855
      vertex 43.316 -0.95 29.1839
      vertex 43.4477 -0.95 29.3855
    endloop
  endfacet
  facet normal -0.758118 0 0.652117
    outer loop
      vertex 43.1622 -0.95 29.0051
      vertex 43.316 0 29.1839
      vertex 43.1622 0 29.0051
    endloop
  endfacet
  facet normal -0.758118 0 0.652117
    outer loop
      vertex 43.316 0 29.1839
      vertex 43.1622 -0.95 29.0051
      vertex 43.316 -0.95 29.1839
    endloop
  endfacet
  facet normal -0.664205 0 0.74755
    outer loop
      vertex 42.9864 0 28.8489
      vertex 43.1622 -0.95 29.0051
      vertex 43.1622 0 29.0051
    endloop
  endfacet
  facet normal -0.664205 0 0.74755
    outer loop
      vertex 43.1622 -0.95 29.0051
      vertex 42.9864 0 28.8489
      vertex 42.9864 -0.95 28.8489
    endloop
  endfacet
  facet normal -0.558947 0 0.829203
    outer loop
      vertex 42.7885 0 28.7155
      vertex 42.9864 -0.95 28.8489
      vertex 42.9864 0 28.8489
    endloop
  endfacet
  facet normal -0.558947 0 0.829203
    outer loop
      vertex 42.9864 -0.95 28.8489
      vertex 42.7885 0 28.7155
      vertex 42.7885 -0.95 28.7155
    endloop
  endfacet
  facet normal -0.442731 0 0.896655
    outer loop
      vertex 42.5722 0 28.6087
      vertex 42.7885 -0.95 28.7155
      vertex 42.7885 0 28.7155
    endloop
  endfacet
  facet normal -0.442731 0 0.896655
    outer loop
      vertex 42.7885 -0.95 28.7155
      vertex 42.5722 0 28.6087
      vertex 42.5722 -0.95 28.6087
    endloop
  endfacet
  facet normal -0.313392 0 0.949624
    outer loop
      vertex 42.341 0 28.5324
      vertex 42.5722 -0.95 28.6087
      vertex 42.5722 0 28.6087
    endloop
  endfacet
  facet normal -0.313392 0 0.949624
    outer loop
      vertex 42.5722 -0.95 28.6087
      vertex 42.341 0 28.5324
      vertex 42.341 -0.95 28.5324
    endloop
  endfacet
  facet normal -0.182962 0 0.98312
    outer loop
      vertex 42.0949 0 28.4866
      vertex 42.341 -0.95 28.5324
      vertex 42.341 0 28.5324
    endloop
  endfacet
  facet normal -0.182962 0 0.98312
    outer loop
      vertex 42.341 -0.95 28.5324
      vertex 42.0949 0 28.4866
      vertex 42.0949 -0.95 28.4866
    endloop
  endfacet
  facet normal -0.0584979 0 0.998288
    outer loop
      vertex 41.8338 0 28.4713
      vertex 42.0949 -0.95 28.4866
      vertex 42.0949 0 28.4866
    endloop
  endfacet
  facet normal -0.0584979 0 0.998288
    outer loop
      vertex 42.0949 -0.95 28.4866
      vertex 41.8338 0 28.4713
      vertex 41.8338 -0.95 28.4713
    endloop
  endfacet
  facet normal 0.0722551 0 0.997386
    outer loop
      vertex 41.6088 0 28.4876
      vertex 41.8338 -0.95 28.4713
      vertex 41.8338 0 28.4713
    endloop
  endfacet
  facet normal 0.0722551 0 0.997386
    outer loop
      vertex 41.8338 -0.95 28.4713
      vertex 41.6088 0 28.4876
      vertex 41.6088 -0.95 28.4876
    endloop
  endfacet
  facet normal 0.176711 0 -0.984263
    outer loop
      vertex 48.705 -0.95 27.7672
      vertex 49.1751 0 27.8516
      vertex 49.1751 -0.95 27.8516
    endloop
  endfacet
  facet normal 0.176711 0 -0.984263
    outer loop
      vertex 49.1751 0 27.8516
      vertex 48.705 -0.95 27.7672
      vertex 48.705 0 27.7672
    endloop
  endfacet
  facet normal 0.326441 0 -0.945218
    outer loop
      vertex 49.1751 -0.95 27.8516
      vertex 49.5825 0 27.9923
      vertex 49.5825 -0.95 27.9923
    endloop
  endfacet
  facet normal 0.326441 0 -0.945218
    outer loop
      vertex 49.5825 0 27.9923
      vertex 49.1751 -0.95 27.8516
      vertex 49.1751 0 27.8516
    endloop
  endfacet
  facet normal 0.496302 0 -0.86815
    outer loop
      vertex 49.5825 -0.95 27.9923
      vertex 49.9271 0 28.1893
      vertex 49.9271 -0.95 28.1893
    endloop
  endfacet
  facet normal 0.496302 0 -0.86815
    outer loop
      vertex 49.9271 0 28.1893
      vertex 49.5825 -0.95 27.9923
      vertex 49.5825 0 27.9923
    endloop
  endfacet
  facet normal 0.672122 0 -0.740441
    outer loop
      vertex 49.9271 -0.95 28.1893
      vertex 50.2013 0 28.4382
      vertex 50.2013 -0.95 28.4382
    endloop
  endfacet
  facet normal 0.672122 0 -0.740441
    outer loop
      vertex 50.2013 0 28.4382
      vertex 49.9271 -0.95 28.1893
      vertex 49.9271 0 28.1893
    endloop
  endfacet
  facet normal 0.834296 0 -0.551317
    outer loop
      vertex 50.3971 -0.95 28.7345
      vertex 50.2013 0 28.4382
      vertex 50.3971 0 28.7345
    endloop
  endfacet
  facet normal 0.834296 0 -0.551317
    outer loop
      vertex 50.2013 0 28.4382
      vertex 50.3971 -0.95 28.7345
      vertex 50.2013 -0.95 28.4382
    endloop
  endfacet
  facet normal 0.946262 0 -0.323402
    outer loop
      vertex 50.5146 -0.95 29.0783
      vertex 50.3971 0 28.7345
      vertex 50.5146 0 29.0783
    endloop
  endfacet
  facet normal 0.946262 0 -0.323402
    outer loop
      vertex 50.3971 0 28.7345
      vertex 50.5146 -0.95 29.0783
      vertex 50.3971 -0.95 28.7345
    endloop
  endfacet
  facet normal 0.99502 0 -0.09968
    outer loop
      vertex 50.5538 -0.95 29.4696
      vertex 50.5146 0 29.0783
      vertex 50.5538 0 29.4696
    endloop
  endfacet
  facet normal 0.99502 0 -0.09968
    outer loop
      vertex 50.5146 0 29.0783
      vertex 50.5538 -0.95 29.4696
      vertex 50.5146 -0.95 29.0783
    endloop
  endfacet
  facet normal 0.999137 -0 0.0415289
    outer loop
      vertex 50.547 -0.95 29.6332
      vertex 50.5538 0 29.4696
      vertex 50.547 0 29.6332
    endloop
  endfacet
  facet normal 0.999137 0 0.0415289
    outer loop
      vertex 50.5538 0 29.4696
      vertex 50.547 -0.95 29.6332
      vertex 50.5538 -0.95 29.4696
    endloop
  endfacet
  facet normal 0.991384 -0 0.130986
    outer loop
      vertex 50.5266 -0.95 29.7876
      vertex 50.547 0 29.6332
      vertex 50.5266 0 29.7876
    endloop
  endfacet
  facet normal 0.991384 0 0.130986
    outer loop
      vertex 50.547 0 29.6332
      vertex 50.5266 -0.95 29.7876
      vertex 50.547 -0.95 29.6332
    endloop
  endfacet
  facet normal 0.973846 -0 0.227208
    outer loop
      vertex 50.4927 -0.95 29.9329
      vertex 50.5266 0 29.7876
      vertex 50.4927 0 29.9329
    endloop
  endfacet
  facet normal 0.973846 0 0.227208
    outer loop
      vertex 50.5266 0 29.7876
      vertex 50.4927 -0.95 29.9329
      vertex 50.5266 -0.95 29.7876
    endloop
  endfacet
  facet normal 0.94415 -0 0.329516
    outer loop
      vertex 50.4452 -0.95 30.069
      vertex 50.4927 0 29.9329
      vertex 50.4452 0 30.069
    endloop
  endfacet
  facet normal 0.94415 0 0.329516
    outer loop
      vertex 50.4927 0 29.9329
      vertex 50.4452 -0.95 30.069
      vertex 50.4927 -0.95 29.9329
    endloop
  endfacet
  facet normal 0.905621 -0 0.424089
    outer loop
      vertex 50.3854 -0.95 30.1967
      vertex 50.4452 0 30.069
      vertex 50.3854 0 30.1967
    endloop
  endfacet
  facet normal 0.905621 0 0.424089
    outer loop
      vertex 50.4452 0 30.069
      vertex 50.3854 -0.95 30.1967
      vertex 50.4452 -0.95 30.069
    endloop
  endfacet
  facet normal 0.859953 -0 0.510373
    outer loop
      vertex 50.3143 -0.95 30.3165
      vertex 50.3854 0 30.1967
      vertex 50.3143 0 30.3165
    endloop
  endfacet
  facet normal 0.859953 0 0.510373
    outer loop
      vertex 50.3854 0 30.1967
      vertex 50.3143 -0.95 30.3165
      vertex 50.3854 -0.95 30.1967
    endloop
  endfacet
  facet normal 0.806428 -0 0.591332
    outer loop
      vertex 50.2321 -0.95 30.4286
      vertex 50.3143 0 30.3165
      vertex 50.2321 0 30.4286
    endloop
  endfacet
  facet normal 0.806428 0 0.591332
    outer loop
      vertex 50.3143 0 30.3165
      vertex 50.2321 -0.95 30.4286
      vertex 50.3143 -0.95 30.3165
    endloop
  endfacet
  facet normal 0.744961 -0 0.667108
    outer loop
      vertex 50.1387 -0.95 30.5329
      vertex 50.2321 0 30.4286
      vertex 50.1387 0 30.5329
    endloop
  endfacet
  facet normal 0.744961 0 0.667108
    outer loop
      vertex 50.2321 0 30.4286
      vertex 50.1387 -0.95 30.5329
      vertex 50.2321 -0.95 30.4286
    endloop
  endfacet
  facet normal 0.672366 0 0.740219
    outer loop
      vertex 50.0307 0 30.631
      vertex 50.1387 -0.95 30.5329
      vertex 50.1387 0 30.5329
    endloop
  endfacet
  facet normal 0.672366 0 0.740219
    outer loop
      vertex 50.1387 -0.95 30.5329
      vertex 50.0307 0 30.631
      vertex 50.0307 -0.95 30.631
    endloop
  endfacet
  facet normal 0.597449 0 0.801907
    outer loop
      vertex 49.9048 0 30.7248
      vertex 50.0307 -0.95 30.631
      vertex 50.0307 0 30.631
    endloop
  endfacet
  facet normal 0.597449 0 0.801907
    outer loop
      vertex 50.0307 -0.95 30.631
      vertex 49.9048 0 30.7248
      vertex 49.9048 -0.95 30.7248
    endloop
  endfacet
  facet normal 0.527025 0 0.84985
    outer loop
      vertex 49.7608 0 30.8141
      vertex 49.9048 -0.95 30.7248
      vertex 49.9048 0 30.7248
    endloop
  endfacet
  facet normal 0.527025 0 0.84985
    outer loop
      vertex 49.9048 -0.95 30.7248
      vertex 49.7608 0 30.8141
      vertex 49.7608 -0.95 30.8141
    endloop
  endfacet
  facet normal 0.464641 0 0.885499
    outer loop
      vertex 49.599 0 30.899
      vertex 49.7608 -0.95 30.8141
      vertex 49.7608 0 30.8141
    endloop
  endfacet
  facet normal 0.464641 0 0.885499
    outer loop
      vertex 49.7608 -0.95 30.8141
      vertex 49.599 0 30.899
      vertex 49.599 -0.95 30.899
    endloop
  endfacet
  facet normal 0.392742 0 0.919649
    outer loop
      vertex 49.4009 0 30.9836
      vertex 49.599 -0.95 30.899
      vertex 49.599 0 30.899
    endloop
  endfacet
  facet normal 0.392742 0 0.919649
    outer loop
      vertex 49.599 -0.95 30.899
      vertex 49.4009 0 30.9836
      vertex 49.4009 -0.95 30.9836
    endloop
  endfacet
  facet normal 0.330784 0 0.943707
    outer loop
      vertex 49.1487 0 31.072
      vertex 49.4009 -0.95 30.9836
      vertex 49.4009 0 30.9836
    endloop
  endfacet
  facet normal 0.330784 0 0.943707
    outer loop
      vertex 49.4009 -0.95 30.9836
      vertex 49.1487 0 31.072
      vertex 49.1487 -0.95 31.072
    endloop
  endfacet
  facet normal 0.287778 0 0.957697
    outer loop
      vertex 48.8422 0 31.1641
      vertex 49.1487 -0.95 31.072
      vertex 49.1487 0 31.072
    endloop
  endfacet
  facet normal 0.287778 0 0.957697
    outer loop
      vertex 49.1487 -0.95 31.072
      vertex 48.8422 0 31.1641
      vertex 48.8422 -0.95 31.1641
    endloop
  endfacet
  facet normal 0.256379 0 0.966576
    outer loop
      vertex 48.4814 0 31.2598
      vertex 48.8422 -0.95 31.1641
      vertex 48.8422 0 31.1641
    endloop
  endfacet
  facet normal 0.256379 0 0.966576
    outer loop
      vertex 48.8422 -0.95 31.1641
      vertex 48.4814 0 31.2598
      vertex 48.4814 -0.95 31.2598
    endloop
  endfacet
  facet normal 0.246007 0 0.969268
    outer loop
      vertex 48.1071 0 31.3548
      vertex 48.4814 -0.95 31.2598
      vertex 48.4814 0 31.2598
    endloop
  endfacet
  facet normal 0.246007 0 0.969268
    outer loop
      vertex 48.4814 -0.95 31.2598
      vertex 48.1071 0 31.3548
      vertex 48.1071 -0.95 31.3548
    endloop
  endfacet
  facet normal 0.266498 0 0.963835
    outer loop
      vertex 47.8033 0 31.4388
      vertex 48.1071 -0.95 31.3548
      vertex 48.1071 0 31.3548
    endloop
  endfacet
  facet normal 0.266498 0 0.963835
    outer loop
      vertex 48.1071 -0.95 31.3548
      vertex 47.8033 0 31.4388
      vertex 47.8033 -0.95 31.4388
    endloop
  endfacet
  facet normal 0.299742 0 0.95402
    outer loop
      vertex 47.57 0 31.5121
      vertex 47.8033 -0.95 31.4388
      vertex 47.8033 0 31.4388
    endloop
  endfacet
  facet normal 0.299742 0 0.95402
    outer loop
      vertex 47.8033 -0.95 31.4388
      vertex 47.57 0 31.5121
      vertex 47.57 -0.95 31.5121
    endloop
  endfacet
  facet normal 0.357903 0 0.933759
    outer loop
      vertex 47.4072 0 31.5745
      vertex 47.57 -0.95 31.5121
      vertex 47.57 0 31.5121
    endloop
  endfacet
  facet normal 0.357903 0 0.933759
    outer loop
      vertex 47.57 -0.95 31.5121
      vertex 47.4072 0 31.5745
      vertex 47.4072 -0.95 31.5745
    endloop
  endfacet
  facet normal 0.44811 0 0.893979
    outer loop
      vertex 47.2875 0 31.6345
      vertex 47.4072 -0.95 31.5745
      vertex 47.4072 0 31.5745
    endloop
  endfacet
  facet normal 0.44811 0 0.893979
    outer loop
      vertex 47.4072 -0.95 31.5745
      vertex 47.2875 0 31.6345
      vertex 47.2875 -0.95 31.6345
    endloop
  endfacet
  facet normal 0.536036 0 0.844195
    outer loop
      vertex 47.1834 0 31.7006
      vertex 47.2875 -0.95 31.6345
      vertex 47.2875 0 31.6345
    endloop
  endfacet
  facet normal 0.536036 0 0.844195
    outer loop
      vertex 47.2875 -0.95 31.6345
      vertex 47.1834 0 31.7006
      vertex 47.1834 -0.95 31.7006
    endloop
  endfacet
  facet normal 0.632141 0 0.774854
    outer loop
      vertex 47.0949 0 31.7728
      vertex 47.1834 -0.95 31.7006
      vertex 47.1834 0 31.7006
    endloop
  endfacet
  facet normal 0.632141 0 0.774854
    outer loop
      vertex 47.1834 -0.95 31.7006
      vertex 47.0949 0 31.7728
      vertex 47.0949 -0.95 31.7728
    endloop
  endfacet
  facet normal 0.731894 -0 0.681419
    outer loop
      vertex 47.022 -0.95 31.8511
      vertex 47.0949 0 31.7728
      vertex 47.022 0 31.8511
    endloop
  endfacet
  facet normal 0.731894 0 0.681419
    outer loop
      vertex 47.0949 0 31.7728
      vertex 47.022 -0.95 31.8511
      vertex 47.0949 -0.95 31.7728
    endloop
  endfacet
  facet normal 0.835882 -0 0.548909
    outer loop
      vertex 46.965 -0.95 31.9379
      vertex 47.022 0 31.8511
      vertex 46.965 0 31.9379
    endloop
  endfacet
  facet normal 0.835882 0 0.548909
    outer loop
      vertex 47.022 0 31.8511
      vertex 46.965 -0.95 31.9379
      vertex 47.022 -0.95 31.8511
    endloop
  endfacet
  facet normal 0.92344 -0 0.383743
    outer loop
      vertex 46.9244 -0.95 32.0356
      vertex 46.965 0 31.9379
      vertex 46.9244 0 32.0356
    endloop
  endfacet
  facet normal 0.92344 0 0.383743
    outer loop
      vertex 46.965 0 31.9379
      vertex 46.9244 -0.95 32.0356
      vertex 46.965 -0.95 31.9379
    endloop
  endfacet
  facet normal 0.975634 -0 0.219405
    outer loop
      vertex 46.9 -0.95 32.1441
      vertex 46.9244 0 32.0356
      vertex 46.9 0 32.1441
    endloop
  endfacet
  facet normal 0.975634 0 0.219405
    outer loop
      vertex 46.9244 0 32.0356
      vertex 46.9 -0.95 32.1441
      vertex 46.9244 -0.95 32.0356
    endloop
  endfacet
  facet normal 0.997646 -0 0.0685725
    outer loop
      vertex 46.8918 -0.95 32.2634
      vertex 46.9 0 32.1441
      vertex 46.8918 0 32.2634
    endloop
  endfacet
  facet normal 0.997646 0 0.0685725
    outer loop
      vertex 46.9 0 32.1441
      vertex 46.8918 -0.95 32.2634
      vertex 46.9 -0.95 32.1441
    endloop
  endfacet
  facet normal 0.994701 0 -0.10281
    outer loop
      vertex 46.9115 -0.95 32.454
      vertex 46.8918 0 32.2634
      vertex 46.9115 0 32.454
    endloop
  endfacet
  facet normal 0.994701 0 -0.10281
    outer loop
      vertex 46.8918 0 32.2634
      vertex 46.9115 -0.95 32.454
      vertex 46.8918 -0.95 32.2634
    endloop
  endfacet
  facet normal 0.941483 0 -0.33706
    outer loop
      vertex 46.9705 -0.95 32.6188
      vertex 46.9115 0 32.454
      vertex 46.9705 0 32.6188
    endloop
  endfacet
  facet normal 0.941483 0 -0.33706
    outer loop
      vertex 46.9115 0 32.454
      vertex 46.9705 -0.95 32.6188
      vertex 46.9115 -0.95 32.454
    endloop
  endfacet
  facet normal 0.816463 0 -0.577398
    outer loop
      vertex 47.0688 -0.95 32.7578
      vertex 46.9705 0 32.6188
      vertex 47.0688 0 32.7578
    endloop
  endfacet
  facet normal 0.816463 0 -0.577398
    outer loop
      vertex 46.9705 0 32.6188
      vertex 47.0688 -0.95 32.7578
      vertex 46.9705 -0.95 32.6188
    endloop
  endfacet
  facet normal 0.635038 0 -0.772481
    outer loop
      vertex 47.0688 -0.95 32.7578
      vertex 47.2065 0 32.871
      vertex 47.2065 -0.95 32.871
    endloop
  endfacet
  facet normal 0.635038 0 -0.772481
    outer loop
      vertex 47.2065 0 32.871
      vertex 47.0688 -0.95 32.7578
      vertex 47.0688 0 32.7578
    endloop
  endfacet
  facet normal 0.440379 0 -0.897812
    outer loop
      vertex 47.2065 -0.95 32.871
      vertex 47.3855 0 32.9588
      vertex 47.3855 -0.95 32.9588
    endloop
  endfacet
  facet normal 0.440379 0 -0.897812
    outer loop
      vertex 47.3855 0 32.9588
      vertex 47.2065 -0.95 32.871
      vertex 47.2065 0 32.871
    endloop
  endfacet
  facet normal 0.271635 0 -0.9624
    outer loop
      vertex 47.3855 -0.95 32.9588
      vertex 47.608 0 33.0216
      vertex 47.608 -0.95 33.0216
    endloop
  endfacet
  facet normal 0.271635 0 -0.9624
    outer loop
      vertex 47.608 0 33.0216
      vertex 47.3855 -0.95 32.9588
      vertex 47.3855 0 32.9588
    endloop
  endfacet
  facet normal 0.140065 0 -0.990142
    outer loop
      vertex 47.608 -0.95 33.0216
      vertex 47.8738 0 33.0592
      vertex 47.8738 -0.95 33.0592
    endloop
  endfacet
  facet normal 0.140065 0 -0.990142
    outer loop
      vertex 47.8738 0 33.0592
      vertex 47.608 -0.95 33.0216
      vertex 47.608 0 33.0216
    endloop
  endfacet
  facet normal 0.0403939 0 -0.999184
    outer loop
      vertex 47.8738 -0.95 33.0592
      vertex 48.183 0 33.0717
      vertex 48.183 -0.95 33.0717
    endloop
  endfacet
  facet normal 0.0403939 0 -0.999184
    outer loop
      vertex 48.183 0 33.0717
      vertex 47.8738 -0.95 33.0592
      vertex 47.8738 0 33.0592
    endloop
  endfacet
  facet normal -0.0458395 0 -0.998949
    outer loop
      vertex 48.183 -0.95 33.0717
      vertex 48.4663 0 33.0587
      vertex 48.4663 -0.95 33.0587
    endloop
  endfacet
  facet normal -0.0458395 0 -0.998949
    outer loop
      vertex 48.4663 0 33.0587
      vertex 48.183 -0.95 33.0717
      vertex 48.183 0 33.0717
    endloop
  endfacet
  facet normal -0.153055 0 -0.988218
    outer loop
      vertex 48.4663 -0.95 33.0587
      vertex 48.7194 0 33.0195
      vertex 48.7194 -0.95 33.0195
    endloop
  endfacet
  facet normal -0.153055 0 -0.988218
    outer loop
      vertex 48.7194 0 33.0195
      vertex 48.4663 -0.95 33.0587
      vertex 48.4663 0 33.0587
    endloop
  endfacet
  facet normal -0.281024 0 -0.959701
    outer loop
      vertex 48.7194 -0.95 33.0195
      vertex 48.9424 0 32.9542
      vertex 48.9424 -0.95 32.9542
    endloop
  endfacet
  facet normal -0.281024 0 -0.959701
    outer loop
      vertex 48.9424 0 32.9542
      vertex 48.7194 -0.95 33.0195
      vertex 48.7194 0 33.0195
    endloop
  endfacet
  facet normal -0.42855 0 -0.903518
    outer loop
      vertex 48.9424 -0.95 32.9542
      vertex 49.1351 0 32.8628
      vertex 49.1351 -0.95 32.8628
    endloop
  endfacet
  facet normal -0.42855 0 -0.903518
    outer loop
      vertex 49.1351 0 32.8628
      vertex 48.9424 -0.95 32.9542
      vertex 48.9424 0 32.9542
    endloop
  endfacet
  facet normal -0.584531 0 -0.811371
    outer loop
      vertex 49.1351 -0.95 32.8628
      vertex 49.2957 0 32.7471
      vertex 49.2957 -0.95 32.7471
    endloop
  endfacet
  facet normal -0.584531 0 -0.811371
    outer loop
      vertex 49.2957 0 32.7471
      vertex 49.1351 -0.95 32.8628
      vertex 49.1351 0 32.8628
    endloop
  endfacet
  facet normal -0.738901 0 -0.673814
    outer loop
      vertex 49.422 -0.95 32.6086
      vertex 49.2957 0 32.7471
      vertex 49.422 0 32.6086
    endloop
  endfacet
  facet normal -0.738901 -0 -0.673814
    outer loop
      vertex 49.2957 0 32.7471
      vertex 49.422 -0.95 32.6086
      vertex 49.2957 -0.95 32.7471
    endloop
  endfacet
  facet normal -0.868508 0 -0.495675
    outer loop
      vertex 49.514 -0.95 32.4474
      vertex 49.422 0 32.6086
      vertex 49.514 0 32.4474
    endloop
  endfacet
  facet normal -0.868508 -0 -0.495675
    outer loop
      vertex 49.422 0 32.6086
      vertex 49.514 -0.95 32.4474
      vertex 49.422 -0.95 32.6086
    endloop
  endfacet
  facet normal -0.954036 0 -0.299692
    outer loop
      vertex 49.5718 -0.95 32.2634
      vertex 49.514 0 32.4474
      vertex 49.5718 0 32.2634
    endloop
  endfacet
  facet normal -0.954036 -0 -0.299692
    outer loop
      vertex 49.514 0 32.4474
      vertex 49.5718 -0.95 32.2634
      vertex 49.514 -0.95 32.4474
    endloop
  endfacet
  facet normal 0.122645 0 -0.992451
    outer loop
      vertex 49.5718 -0.95 32.2634
      vertex 50.4506 0 32.372
      vertex 50.4506 -0.95 32.372
    endloop
  endfacet
  facet normal 0.122645 0 -0.992451
    outer loop
      vertex 50.4506 0 32.372
      vertex 49.5718 -0.95 32.2634
      vertex 49.5718 0 32.2634
    endloop
  endfacet
  facet normal 0.960171 -0 0.279412
    outer loop
      vertex 50.3484 -0.95 32.7232
      vertex 50.4506 0 32.372
      vertex 50.3484 0 32.7232
    endloop
  endfacet
  facet normal 0.960171 0 0.279412
    outer loop
      vertex 50.4506 0 32.372
      vertex 50.3484 -0.95 32.7232
      vertex 50.4506 -0.95 32.372
    endloop
  endfacet
  facet normal 0.888543 -0 0.458794
    outer loop
      vertex 50.1936 -0.95 33.023
      vertex 50.3484 0 32.7232
      vertex 50.1936 0 33.023
    endloop
  endfacet
  facet normal 0.888543 0 0.458794
    outer loop
      vertex 50.3484 0 32.7232
      vertex 50.1936 -0.95 33.023
      vertex 50.3484 -0.95 32.7232
    endloop
  endfacet
  facet normal 0.767511 -0 0.641036
    outer loop
      vertex 49.9863 -0.95 33.2712
      vertex 50.1936 0 33.023
      vertex 49.9863 0 33.2712
    endloop
  endfacet
  facet normal 0.767511 0 0.641036
    outer loop
      vertex 50.1936 0 33.023
      vertex 49.9863 -0.95 33.2712
      vertex 50.1936 -0.95 33.023
    endloop
  endfacet
  facet normal 0.603284 0 0.797526
    outer loop
      vertex 49.7264 0 33.4678
      vertex 49.9863 -0.95 33.2712
      vertex 49.9863 0 33.2712
    endloop
  endfacet
  facet normal 0.603284 0 0.797526
    outer loop
      vertex 49.9863 -0.95 33.2712
      vertex 49.7264 0 33.4678
      vertex 49.7264 -0.95 33.4678
    endloop
  endfacet
  facet normal 0.433136 0 0.901329
    outer loop
      vertex 49.4153 0 33.6173
      vertex 49.7264 -0.95 33.4678
      vertex 49.7264 0 33.4678
    endloop
  endfacet
  facet normal 0.433136 0 0.901329
    outer loop
      vertex 49.7264 -0.95 33.4678
      vertex 49.4153 0 33.6173
      vertex 49.4153 -0.95 33.6173
    endloop
  endfacet
  facet normal 0.283763 0 0.958895
    outer loop
      vertex 49.0544 0 33.7241
      vertex 49.4153 -0.95 33.6173
      vertex 49.4153 0 33.6173
    endloop
  endfacet
  facet normal 0.283763 0 0.958895
    outer loop
      vertex 49.4153 -0.95 33.6173
      vertex 49.0544 0 33.7241
      vertex 49.0544 -0.95 33.7241
    endloop
  endfacet
  facet normal 0.154171 0 0.988044
    outer loop
      vertex 48.6436 0 33.7882
      vertex 49.0544 -0.95 33.7241
      vertex 49.0544 0 33.7241
    endloop
  endfacet
  facet normal 0.154171 0 0.988044
    outer loop
      vertex 49.0544 -0.95 33.7241
      vertex 48.6436 0 33.7882
      vertex 48.6436 -0.95 33.7882
    endloop
  endfacet
  facet normal 0.0464111 0 0.998922
    outer loop
      vertex 48.183 0 33.8096
      vertex 48.6436 -0.95 33.7882
      vertex 48.6436 0 33.7882
    endloop
  endfacet
  facet normal 0.0464111 0 0.998922
    outer loop
      vertex 48.6436 -0.95 33.7882
      vertex 48.183 0 33.8096
      vertex 48.183 -0.95 33.8096
    endloop
  endfacet
  facet normal -0.0509818 0 0.9987
    outer loop
      vertex 47.6678 0 33.7833
      vertex 48.183 -0.95 33.8096
      vertex 48.183 0 33.8096
    endloop
  endfacet
  facet normal -0.0509818 0 0.9987
    outer loop
      vertex 48.183 -0.95 33.8096
      vertex 47.6678 0 33.7833
      vertex 47.6678 -0.95 33.7833
    endloop
  endfacet
  facet normal -0.172561 0 0.984999
    outer loop
      vertex 47.218 0 33.7045
      vertex 47.6678 -0.95 33.7833
      vertex 47.6678 0 33.7833
    endloop
  endfacet
  facet normal -0.172561 0 0.984999
    outer loop
      vertex 47.6678 -0.95 33.7833
      vertex 47.218 0 33.7045
      vertex 47.218 -0.95 33.7045
    endloop
  endfacet
  facet normal -0.323531 0 0.946218
    outer loop
      vertex 46.8337 0 33.5731
      vertex 47.218 -0.95 33.7045
      vertex 47.218 0 33.7045
    endloop
  endfacet
  facet normal -0.323531 0 0.946218
    outer loop
      vertex 47.218 -0.95 33.7045
      vertex 46.8337 0 33.5731
      vertex 46.8337 -0.95 33.5731
    endloop
  endfacet
  facet normal -0.499762 0 0.866163
    outer loop
      vertex 46.5148 0 33.3891
      vertex 46.8337 -0.95 33.5731
      vertex 46.8337 0 33.5731
    endloop
  endfacet
  facet normal -0.499762 0 0.866163
    outer loop
      vertex 46.8337 -0.95 33.5731
      vertex 46.5148 0 33.3891
      vertex 46.5148 -0.95 33.3891
    endloop
  endfacet
  facet normal -0.682931 0 0.730483
    outer loop
      vertex 46.2644 0 33.155
      vertex 46.5148 -0.95 33.3891
      vertex 46.5148 0 33.3891
    endloop
  endfacet
  facet normal -0.682931 0 0.730483
    outer loop
      vertex 46.5148 -0.95 33.3891
      vertex 46.2644 0 33.155
      vertex 46.2644 -0.95 33.155
    endloop
  endfacet
  facet normal -0.844462 0 0.535615
    outer loop
      vertex 46.0856 -0.95 32.8731
      vertex 46.2644 0 33.155
      vertex 46.0856 0 32.8731
    endloop
  endfacet
  facet normal -0.844462 0 0.535615
    outer loop
      vertex 46.2644 0 33.155
      vertex 46.0856 -0.95 32.8731
      vertex 46.2644 -0.95 33.155
    endloop
  endfacet
  facet normal -0.950852 0 0.309647
    outer loop
      vertex 45.9782 -0.95 32.5433
      vertex 46.0856 0 32.8731
      vertex 45.9782 0 32.5433
    endloop
  endfacet
  facet normal -0.950852 0 0.309647
    outer loop
      vertex 46.0856 0 32.8731
      vertex 45.9782 -0.95 32.5433
      vertex 46.0856 -0.95 32.8731
    endloop
  endfacet
  facet normal -0.995558 0 0.0941495
    outer loop
      vertex 45.9425 -0.95 32.1658
      vertex 45.9782 0 32.5433
      vertex 45.9425 0 32.1658
    endloop
  endfacet
  facet normal -0.995558 0 0.0941495
    outer loop
      vertex 45.9782 0 32.5433
      vertex 45.9425 -0.95 32.1658
      vertex 45.9782 -0.95 32.5433
    endloop
  endfacet
  facet normal -0.998208 0 -0.0598446
    outer loop
      vertex 45.955 -0.95 31.9573
      vertex 45.9425 0 32.1658
      vertex 45.955 0 31.9573
    endloop
  endfacet
  facet normal -0.998208 -0 -0.0598446
    outer loop
      vertex 45.9425 0 32.1658
      vertex 45.955 -0.95 31.9573
      vertex 45.9425 -0.95 32.1658
    endloop
  endfacet
  facet normal -0.981283 0 -0.192569
    outer loop
      vertex 45.9926 -0.95 31.7657
      vertex 45.955 0 31.9573
      vertex 45.9926 0 31.7657
    endloop
  endfacet
  facet normal -0.981283 -0 -0.192569
    outer loop
      vertex 45.955 0 31.9573
      vertex 45.9926 -0.95 31.7657
      vertex 45.955 -0.95 31.9573
    endloop
  endfacet
  facet normal -0.940984 0 -0.338452
    outer loop
      vertex 46.0554 -0.95 31.5911
      vertex 45.9926 0 31.7657
      vertex 46.0554 0 31.5911
    endloop
  endfacet
  facet normal -0.940984 -0 -0.338452
    outer loop
      vertex 45.9926 0 31.7657
      vertex 46.0554 -0.95 31.5911
      vertex 45.9926 -0.95 31.7657
    endloop
  endfacet
  facet normal -0.873713 0 -0.486442
    outer loop
      vertex 46.1432 -0.95 31.4334
      vertex 46.0554 0 31.5911
      vertex 46.1432 0 31.4334
    endloop
  endfacet
  facet normal -0.873713 -0 -0.486442
    outer loop
      vertex 46.0554 0 31.5911
      vertex 46.1432 -0.95 31.4334
      vertex 46.0554 -0.95 31.5911
    endloop
  endfacet
  facet normal -0.793855 0 -0.608107
    outer loop
      vertex 46.2532 -0.95 31.2898
      vertex 46.1432 0 31.4334
      vertex 46.2532 0 31.2898
    endloop
  endfacet
  facet normal -0.793855 -0 -0.608107
    outer loop
      vertex 46.1432 0 31.4334
      vertex 46.2532 -0.95 31.2898
      vertex 46.1432 -0.95 31.4334
    endloop
  endfacet
  facet normal -0.715163 0 -0.698958
    outer loop
      vertex 46.3826 -0.95 31.1574
      vertex 46.2532 0 31.2898
      vertex 46.3826 0 31.1574
    endloop
  endfacet
  facet normal -0.715163 -0 -0.698958
    outer loop
      vertex 46.2532 0 31.2898
      vertex 46.3826 -0.95 31.1574
      vertex 46.2532 -0.95 31.2898
    endloop
  endfacet
  facet normal -0.632044 0 -0.774932
    outer loop
      vertex 46.3826 -0.95 31.1574
      vertex 46.5312 0 31.0362
      vertex 46.5312 -0.95 31.0362
    endloop
  endfacet
  facet normal -0.632044 0 -0.774932
    outer loop
      vertex 46.5312 0 31.0362
      vertex 46.3826 -0.95 31.1574
      vertex 46.3826 0 31.1574
    endloop
  endfacet
  facet normal -0.547558 0 -0.836768
    outer loop
      vertex 46.5312 -0.95 31.0362
      vertex 46.6993 0 30.9262
      vertex 46.6993 -0.95 30.9262
    endloop
  endfacet
  facet normal -0.547558 0 -0.836768
    outer loop
      vertex 46.6993 0 30.9262
      vertex 46.5312 -0.95 31.0362
      vertex 46.5312 0 31.0362
    endloop
  endfacet
  facet normal -0.450644 0 -0.892704
    outer loop
      vertex 46.6993 -0.95 30.9262
      vertex 46.9073 0 30.8212
      vertex 46.9073 -0.95 30.8212
    endloop
  endfacet
  facet normal -0.450644 0 -0.892704
    outer loop
      vertex 46.9073 0 30.8212
      vertex 46.6993 -0.95 30.9262
      vertex 46.6993 0 30.9262
    endloop
  endfacet
  facet normal -0.36667 0 -0.930351
    outer loop
      vertex 46.9073 -0.95 30.8212
      vertex 47.176 0 30.7153
      vertex 47.176 -0.95 30.7153
    endloop
  endfacet
  facet normal -0.36667 0 -0.930351
    outer loop
      vertex 47.176 0 30.7153
      vertex 46.9073 -0.95 30.8212
      vertex 46.9073 0 30.8212
    endloop
  endfacet
  facet normal -0.308942 0 -0.951081
    outer loop
      vertex 47.176 -0.95 30.7153
      vertex 47.5054 0 30.6083
      vertex 47.5054 -0.95 30.6083
    endloop
  endfacet
  facet normal -0.308942 0 -0.951081
    outer loop
      vertex 47.5054 0 30.6083
      vertex 47.176 -0.95 30.7153
      vertex 47.176 0 30.7153
    endloop
  endfacet
  facet normal -0.266816 0 -0.963748
    outer loop
      vertex 47.5054 -0.95 30.6083
      vertex 47.8955 0 30.5003
      vertex 47.8955 -0.95 30.5003
    endloop
  endfacet
  facet normal -0.266816 0 -0.963748
    outer loop
      vertex 47.8955 0 30.5003
      vertex 47.5054 -0.95 30.6083
      vertex 47.5054 0 30.6083
    endloop
  endfacet
  facet normal -0.254772 0 -0.967001
    outer loop
      vertex 47.8955 -0.95 30.5003
      vertex 48.5954 0 30.3159
      vertex 48.5954 -0.95 30.3159
    endloop
  endfacet
  facet normal -0.254772 0 -0.967001
    outer loop
      vertex 48.5954 0 30.3159
      vertex 47.8955 -0.95 30.5003
      vertex 47.8955 0 30.5003
    endloop
  endfacet
  facet normal -0.291177 0 -0.956669
    outer loop
      vertex 48.5954 -0.95 30.3159
      vertex 48.8428 0 30.2406
      vertex 48.8428 -0.95 30.2406
    endloop
  endfacet
  facet normal -0.291177 0 -0.956669
    outer loop
      vertex 48.8428 0 30.2406
      vertex 48.5954 -0.95 30.3159
      vertex 48.5954 0 30.3159
    endloop
  endfacet
  facet normal -0.37268 0 -0.92796
    outer loop
      vertex 48.8428 -0.95 30.2406
      vertex 49.0537 0 30.1559
      vertex 49.0537 -0.95 30.1559
    endloop
  endfacet
  facet normal -0.37268 0 -0.92796
    outer loop
      vertex 49.0537 0 30.1559
      vertex 48.8428 -0.95 30.2406
      vertex 48.8428 0 30.2406
    endloop
  endfacet
  facet normal -0.475844 0 -0.87953
    outer loop
      vertex 49.0537 -0.95 30.1559
      vertex 49.228 0 30.0616
      vertex 49.228 -0.95 30.0616
    endloop
  endfacet
  facet normal -0.475844 0 -0.87953
    outer loop
      vertex 49.228 0 30.0616
      vertex 49.0537 -0.95 30.1559
      vertex 49.0537 0 30.1559
    endloop
  endfacet
  facet normal -0.601947 0 -0.798536
    outer loop
      vertex 49.228 -0.95 30.0616
      vertex 49.3657 0 29.9578
      vertex 49.3657 -0.95 29.9578
    endloop
  endfacet
  facet normal -0.601947 0 -0.798536
    outer loop
      vertex 49.3657 0 29.9578
      vertex 49.228 -0.95 30.0616
      vertex 49.228 0 30.0616
    endloop
  endfacet
  facet normal -0.745007 0 -0.667056
    outer loop
      vertex 49.4701 -0.95 29.8412
      vertex 49.3657 0 29.9578
      vertex 49.4701 0 29.8412
    endloop
  endfacet
  facet normal -0.745007 -0 -0.667056
    outer loop
      vertex 49.3657 0 29.9578
      vertex 49.4701 -0.95 29.8412
      vertex 49.3657 -0.95 29.9578
    endloop
  endfacet
  facet normal -0.872013 0 -0.489482
    outer loop
      vertex 49.5447 -0.95 29.7083
      vertex 49.4701 0 29.8412
      vertex 49.5447 0 29.7083
    endloop
  endfacet
  facet normal -0.872013 -0 -0.489482
    outer loop
      vertex 49.4701 0 29.8412
      vertex 49.5447 -0.95 29.7083
      vertex 49.4701 -0.95 29.8412
    endloop
  endfacet
  facet normal -0.957756 0 -0.287583
    outer loop
      vertex 49.5895 -0.95 29.5591
      vertex 49.5447 0 29.7083
      vertex 49.5895 0 29.5591
    endloop
  endfacet
  facet normal -0.957756 -0 -0.287583
    outer loop
      vertex 49.5447 0 29.7083
      vertex 49.5895 -0.95 29.5591
      vertex 49.5447 -0.95 29.7083
    endloop
  endfacet
  facet normal -0.995967 0 -0.0897213
    outer loop
      vertex 49.6044 -0.95 29.3937
      vertex 49.5895 0 29.5591
      vertex 49.6044 0 29.3937
    endloop
  endfacet
  facet normal -0.995967 -0 -0.0897213
    outer loop
      vertex 49.5895 0 29.5591
      vertex 49.6044 -0.95 29.3937
      vertex 49.5895 -0.95 29.5591
    endloop
  endfacet
  facet normal -0.994977 0 0.100103
    outer loop
      vertex 49.5829 -0.95 29.18
      vertex 49.6044 0 29.3937
      vertex 49.5829 0 29.18
    endloop
  endfacet
  facet normal -0.994977 0 0.100103
    outer loop
      vertex 49.6044 0 29.3937
      vertex 49.5829 -0.95 29.18
      vertex 49.6044 -0.95 29.3937
    endloop
  endfacet
  facet normal -0.944152 0 0.32951
    outer loop
      vertex 49.5183 -0.95 28.9949
      vertex 49.5829 0 29.18
      vertex 49.5183 0 28.9949
    endloop
  endfacet
  facet normal -0.944152 0 0.32951
    outer loop
      vertex 49.5829 0 29.18
      vertex 49.5183 -0.95 28.9949
      vertex 49.5829 -0.95 29.18
    endloop
  endfacet
  facet normal -0.824119 0 0.566417
    outer loop
      vertex 49.4106 -0.95 28.8382
      vertex 49.5183 0 28.9949
      vertex 49.4106 0 28.8382
    endloop
  endfacet
  facet normal -0.824119 0 0.566417
    outer loop
      vertex 49.5183 0 28.9949
      vertex 49.4106 -0.95 28.8382
      vertex 49.5183 -0.95 28.9949
    endloop
  endfacet
  facet normal -0.647663 0 0.761927
    outer loop
      vertex 49.2599 0 28.7101
      vertex 49.4106 -0.95 28.8382
      vertex 49.4106 0 28.8382
    endloop
  endfacet
  facet normal -0.647663 0 0.761927
    outer loop
      vertex 49.4106 -0.95 28.8382
      vertex 49.2599 0 28.7101
      vertex 49.2599 -0.95 28.7101
    endloop
  endfacet
  facet normal -0.451192 0 0.892427
    outer loop
      vertex 49.0627 0 28.6104
      vertex 49.2599 -0.95 28.7101
      vertex 49.2599 0 28.7101
    endloop
  endfacet
  facet normal -0.451192 0 0.892427
    outer loop
      vertex 49.2599 -0.95 28.7101
      vertex 49.0627 0 28.6104
      vertex 49.0627 -0.95 28.6104
    endloop
  endfacet
  facet normal -0.276981 0 0.960875
    outer loop
      vertex 48.8157 0 28.5392
      vertex 49.0627 -0.95 28.6104
      vertex 49.0627 0 28.6104
    endloop
  endfacet
  facet normal -0.276981 0 0.960875
    outer loop
      vertex 49.0627 -0.95 28.6104
      vertex 48.8157 0 28.5392
      vertex 48.8157 -0.95 28.5392
    endloop
  endfacet
  facet normal -0.142402 0 0.989809
    outer loop
      vertex 48.5189 0 28.4965
      vertex 48.8157 -0.95 28.5392
      vertex 48.8157 0 28.5392
    endloop
  endfacet
  facet normal -0.142402 0 0.989809
    outer loop
      vertex 48.8157 -0.95 28.5392
      vertex 48.5189 0 28.4965
      vertex 48.5189 -0.95 28.4965
    endloop
  endfacet
  facet normal -0.0411991 0 0.999151
    outer loop
      vertex 48.1721 0 28.4822
      vertex 48.5189 -0.95 28.4965
      vertex 48.5189 0 28.4965
    endloop
  endfacet
  facet normal -0.0411991 0 0.999151
    outer loop
      vertex 48.5189 -0.95 28.4965
      vertex 48.1721 0 28.4822
      vertex 48.1721 -0.95 28.4822
    endloop
  endfacet
  facet normal 0.0420104 0 0.999117
    outer loop
      vertex 47.8439 0 28.496
      vertex 48.1721 -0.95 28.4822
      vertex 48.1721 0 28.4822
    endloop
  endfacet
  facet normal 0.0420104 0 0.999117
    outer loop
      vertex 48.1721 -0.95 28.4822
      vertex 47.8439 0 28.496
      vertex 47.8439 -0.95 28.496
    endloop
  endfacet
  facet normal 0.140227 0 0.990119
    outer loop
      vertex 47.5537 0 28.5371
      vertex 47.8439 -0.95 28.496
      vertex 47.8439 0 28.496
    endloop
  endfacet
  facet normal 0.140227 0 0.990119
    outer loop
      vertex 47.8439 -0.95 28.496
      vertex 47.5537 0 28.5371
      vertex 47.5537 -0.95 28.5371
    endloop
  endfacet
  facet normal 0.262729 0 0.96487
    outer loop
      vertex 47.3014 0 28.6058
      vertex 47.5537 -0.95 28.5371
      vertex 47.5537 0 28.5371
    endloop
  endfacet
  facet normal 0.262729 0 0.96487
    outer loop
      vertex 47.5537 -0.95 28.5371
      vertex 47.3014 0 28.6058
      vertex 47.3014 -0.95 28.6058
    endloop
  endfacet
  facet normal 0.409178 0 0.912455
    outer loop
      vertex 47.0871 0 28.7019
      vertex 47.3014 -0.95 28.6058
      vertex 47.3014 0 28.6058
    endloop
  endfacet
  facet normal 0.409178 0 0.912455
    outer loop
      vertex 47.3014 -0.95 28.6058
      vertex 47.0871 0 28.7019
      vertex 47.0871 -0.95 28.7019
    endloop
  endfacet
  facet normal 0.575335 0 0.817918
    outer loop
      vertex 46.9084 0 28.8276
      vertex 47.0871 -0.95 28.7019
      vertex 47.0871 0 28.7019
    endloop
  endfacet
  facet normal 0.575335 0 0.817918
    outer loop
      vertex 47.0871 -0.95 28.7019
      vertex 46.9084 0 28.8276
      vertex 46.9084 -0.95 28.8276
    endloop
  endfacet
  facet normal 0.733907 -0 0.67925
    outer loop
      vertex 46.763 -0.95 28.9847
      vertex 46.9084 0 28.8276
      vertex 46.763 0 28.9847
    endloop
  endfacet
  facet normal 0.733907 0 0.67925
    outer loop
      vertex 46.9084 0 28.8276
      vertex 46.763 -0.95 28.9847
      vertex 46.9084 -0.95 28.8276
    endloop
  endfacet
  facet normal 0.859536 -0 0.511075
    outer loop
      vertex 46.6508 -0.95 29.1734
      vertex 46.763 0 28.9847
      vertex 46.6508 0 29.1734
    endloop
  endfacet
  facet normal 0.859536 0 0.511075
    outer loop
      vertex 46.763 0 28.9847
      vertex 46.6508 -0.95 29.1734
      vertex 46.763 -0.95 28.9847
    endloop
  endfacet
  facet normal 0.941306 -0 0.337554
    outer loop
      vertex 46.5718 -0.95 29.3937
      vertex 46.6508 0 29.1734
      vertex 46.5718 0 29.3937
    endloop
  endfacet
  facet normal 0.941306 0 0.337554
    outer loop
      vertex 46.6508 0 29.1734
      vertex 46.5718 -0.95 29.3937
      vertex 46.6508 -0.95 29.1734
    endloop
  endfacet
  facet normal -0.191497 0 0.981493
    outer loop
      vertex 45.7092 0 29.2254
      vertex 46.5718 -0.95 29.3937
      vertex 46.5718 0 29.3937
    endloop
  endfacet
  facet normal -0.191497 0 0.981493
    outer loop
      vertex 46.5718 -0.95 29.3937
      vertex 45.7092 0 29.2254
      vertex 45.7092 -0.95 29.2254
    endloop
  endfacet
  facet normal -0.951573 0 -0.307423
    outer loop
      vertex 45.8246 -0.95 28.8682
      vertex 45.7092 0 29.2254
      vertex 45.8246 0 28.8682
    endloop
  endfacet
  facet normal -0.951573 -0 -0.307423
    outer loop
      vertex 45.7092 0 29.2254
      vertex 45.8246 -0.95 28.8682
      vertex 45.7092 -0.95 29.2254
    endloop
  endfacet
  facet normal -0.877699 0 -0.479213
    outer loop
      vertex 45.992 -0.95 28.5616
      vertex 45.8246 0 28.8682
      vertex 45.992 0 28.5616
    endloop
  endfacet
  facet normal -0.877699 -0 -0.479213
    outer loop
      vertex 45.8246 0 28.8682
      vertex 45.992 -0.95 28.5616
      vertex 45.8246 -0.95 28.8682
    endloop
  endfacet
  facet normal -0.759842 0 -0.650107
    outer loop
      vertex 46.2112 -0.95 28.3054
      vertex 45.992 0 28.5616
      vertex 46.2112 0 28.3054
    endloop
  endfacet
  facet normal -0.759842 -0 -0.650107
    outer loop
      vertex 45.992 0 28.5616
      vertex 46.2112 -0.95 28.3054
      vertex 45.992 -0.95 28.5616
    endloop
  endfacet
  facet normal -0.604412 0 -0.796672
    outer loop
      vertex 46.2112 -0.95 28.3054
      vertex 46.4822 0 28.0998
      vertex 46.4822 -0.95 28.0998
    endloop
  endfacet
  facet normal -0.604412 0 -0.796672
    outer loop
      vertex 46.4822 0 28.0998
      vertex 46.2112 -0.95 28.3054
      vertex 46.2112 0 28.3054
    endloop
  endfacet
  facet normal -0.433329 0 -0.901236
    outer loop
      vertex 46.4822 -0.95 28.0998
      vertex 46.8106 0 27.9419
      vertex 46.8106 -0.95 27.9419
    endloop
  endfacet
  facet normal -0.433329 0 -0.901236
    outer loop
      vertex 46.8106 0 27.9419
      vertex 46.4822 -0.95 28.0998
      vertex 46.4822 0 28.0998
    endloop
  endfacet
  facet normal -0.276829 0 -0.960919
    outer loop
      vertex 46.8106 -0.95 27.9419
      vertex 47.2018 0 27.8292
      vertex 47.2018 -0.95 27.8292
    endloop
  endfacet
  facet normal -0.276829 0 -0.960919
    outer loop
      vertex 47.2018 0 27.8292
      vertex 46.8106 -0.95 27.9419
      vertex 46.8106 0 27.9419
    endloop
  endfacet
  facet normal -0.147339 0 -0.989086
    outer loop
      vertex 47.2018 -0.95 27.8292
      vertex 47.6556 0 27.7616
      vertex 47.6556 -0.95 27.7616
    endloop
  endfacet
  facet normal -0.147339 0 -0.989086
    outer loop
      vertex 47.6556 0 27.7616
      vertex 47.2018 -0.95 27.8292
      vertex 47.2018 0 27.8292
    endloop
  endfacet
  facet normal -0.0437142 0 -0.999044
    outer loop
      vertex 47.6556 -0.95 27.7616
      vertex 48.1721 0 27.739
      vertex 48.1721 -0.95 27.739
    endloop
  endfacet
  facet normal -0.0437142 0 -0.999044
    outer loop
      vertex 48.1721 0 27.739
      vertex 47.6556 -0.95 27.7616
      vertex 47.6556 0 27.7616
    endloop
  endfacet
  facet normal 0.0528441 0 -0.998603
    outer loop
      vertex 48.1721 -0.95 27.739
      vertex 48.705 0 27.7672
      vertex 48.705 -0.95 27.7672
    endloop
  endfacet
  facet normal 0.0528441 0 -0.998603
    outer loop
      vertex 48.705 0 27.7672
      vertex 48.1721 -0.95 27.739
      vertex 48.1721 0 27.739
    endloop
  endfacet
  facet normal 0.162065 0 -0.98678
    outer loop
      vertex 53.7225 -0.95 27.7548
      vertex 54.0105 0 27.8021
      vertex 54.0105 -0.95 27.8021
    endloop
  endfacet
  facet normal 0.162065 0 -0.98678
    outer loop
      vertex 54.0105 0 27.8021
      vertex 53.7225 -0.95 27.7548
      vertex 53.7225 0 27.7548
    endloop
  endfacet
  facet normal 0.288726 0 -0.957412
    outer loop
      vertex 54.0105 -0.95 27.8021
      vertex 54.2718 0 27.8809
      vertex 54.2718 -0.95 27.8809
    endloop
  endfacet
  facet normal 0.288726 0 -0.957412
    outer loop
      vertex 54.2718 0 27.8809
      vertex 54.0105 -0.95 27.8021
      vertex 54.0105 0 27.8021
    endloop
  endfacet
  facet normal 0.425946 0 -0.904749
    outer loop
      vertex 54.2718 -0.95 27.8809
      vertex 54.5063 0 27.9913
      vertex 54.5063 -0.95 27.9913
    endloop
  endfacet
  facet normal 0.425946 0 -0.904749
    outer loop
      vertex 54.5063 0 27.9913
      vertex 54.2718 -0.95 27.8809
      vertex 54.2718 0 27.8809
    endloop
  endfacet
  facet normal 0.568871 0 -0.822427
    outer loop
      vertex 54.5063 -0.95 27.9913
      vertex 54.7207 0 28.1396
      vertex 54.7207 -0.95 28.1396
    endloop
  endfacet
  facet normal 0.568871 0 -0.822427
    outer loop
      vertex 54.7207 0 28.1396
      vertex 54.5063 -0.95 27.9913
      vertex 54.5063 0 27.9913
    endloop
  endfacet
  facet normal 0.691508 0 -0.722369
    outer loop
      vertex 54.7207 -0.95 28.1396
      vertex 54.922 0 28.3323
      vertex 54.922 -0.95 28.3323
    endloop
  endfacet
  facet normal 0.691508 0 -0.722369
    outer loop
      vertex 54.922 0 28.3323
      vertex 54.7207 -0.95 28.1396
      vertex 54.7207 0 28.1396
    endloop
  endfacet
  facet normal 0.783697 0 -0.621143
    outer loop
      vertex 55.11 -0.95 28.5695
      vertex 54.922 0 28.3323
      vertex 55.11 0 28.5695
    endloop
  endfacet
  facet normal 0.783697 0 -0.621143
    outer loop
      vertex 54.922 0 28.3323
      vertex 55.11 -0.95 28.5695
      vertex 54.922 -0.95 28.3323
    endloop
  endfacet
  facet normal 0.849757 0 -0.527175
    outer loop
      vertex 55.2847 -0.95 28.8511
      vertex 55.11 0 28.5695
      vertex 55.2847 0 28.8511
    endloop
  endfacet
  facet normal 0.849757 0 -0.527175
    outer loop
      vertex 55.11 0 28.5695
      vertex 55.2847 -0.95 28.8511
      vertex 55.11 -0.95 28.5695
    endloop
  endfacet
  facet normal 0 0 -1
    outer loop
      vertex 55.2847 -0.95 28.8511
      vertex 55.301 0 28.8511
      vertex 55.301 -0.95 28.8511
    endloop
  endfacet
  facet normal -0 0 -1
    outer loop
      vertex 55.301 0 28.8511
      vertex 55.2847 -0.95 28.8511
      vertex 55.2847 0 28.8511
    endloop
  endfacet
  facet normal -0.999652 0 -0.0263734
    outer loop
      vertex 55.3062 -0.95 28.654
      vertex 55.301 0 28.8511
      vertex 55.3062 0 28.654
    endloop
  endfacet
  facet normal -0.999652 -0 -0.0263734
    outer loop
      vertex 55.301 0 28.8511
      vertex 55.3062 -0.95 28.654
      vertex 55.301 -0.95 28.8511
    endloop
  endfacet
  facet normal -0.99953 0 -0.0306604
    outer loop
      vertex 55.3112 -0.95 28.491
      vertex 55.3062 0 28.654
      vertex 55.3112 0 28.491
    endloop
  endfacet
  facet normal -0.99953 -0 -0.0306604
    outer loop
      vertex 55.3062 0 28.654
      vertex 55.3112 -0.95 28.491
      vertex 55.3062 -0.95 28.654
    endloop
  endfacet
  facet normal -0.999389 0 -0.0349437
    outer loop
      vertex 55.3157 -0.95 28.3623
      vertex 55.3112 0 28.491
      vertex 55.3157 0 28.3623
    endloop
  endfacet
  facet normal -0.999389 -0 -0.0349437
    outer loop
      vertex 55.3112 0 28.491
      vertex 55.3157 -0.95 28.3623
      vertex 55.3112 -0.95 28.491
    endloop
  endfacet
  facet normal -0.999012 0 -0.0444476
    outer loop
      vertex 55.3199 -0.95 28.2679
      vertex 55.3157 0 28.3623
      vertex 55.3199 0 28.2679
    endloop
  endfacet
  facet normal -0.999012 -0 -0.0444476
    outer loop
      vertex 55.3157 0 28.3623
      vertex 55.3199 -0.95 28.2679
      vertex 55.3157 -0.95 28.3623
    endloop
  endfacet
  facet normal -0.998585 0 -0.0531869
    outer loop
      vertex 55.3239 -0.95 28.1928
      vertex 55.3199 0 28.2679
      vertex 55.3239 0 28.1928
    endloop
  endfacet
  facet normal -0.998585 -0 -0.0531869
    outer loop
      vertex 55.3199 0 28.2679
      vertex 55.3239 -0.95 28.1928
      vertex 55.3199 -0.95 28.2679
    endloop
  endfacet
  facet normal -0.998773 0 -0.0495143
    outer loop
      vertex 55.3274 -0.95 28.1222
      vertex 55.3239 0 28.1928
      vertex 55.3274 0 28.1222
    endloop
  endfacet
  facet normal -0.998773 -0 -0.0495143
    outer loop
      vertex 55.3239 0 28.1928
      vertex 55.3274 -0.95 28.1222
      vertex 55.3239 -0.95 28.1928
    endloop
  endfacet
  facet normal -0.998764 0 -0.0497122
    outer loop
      vertex 55.3307 -0.95 28.0559
      vertex 55.3274 0 28.1222
      vertex 55.3307 0 28.0559
    endloop
  endfacet
  facet normal -0.998764 -0 -0.0497122
    outer loop
      vertex 55.3274 0 28.1222
      vertex 55.3307 -0.95 28.0559
      vertex 55.3274 -0.95 28.1222
    endloop
  endfacet
  facet normal -0.998978 0 -0.045188
    outer loop
      vertex 55.3335 -0.95 27.994
      vertex 55.3307 0 28.0559
      vertex 55.3335 0 27.994
    endloop
  endfacet
  facet normal -0.998978 -0 -0.045188
    outer loop
      vertex 55.3307 0 28.0559
      vertex 55.3335 -0.95 27.994
      vertex 55.3307 -0.95 28.0559
    endloop
  endfacet
  facet normal -0.998653 0 -0.0518781
    outer loop
      vertex 55.3363 -0.95 27.9401
      vertex 55.3335 0 27.994
      vertex 55.3363 0 27.9401
    endloop
  endfacet
  facet normal -0.998653 -0 -0.0518781
    outer loop
      vertex 55.3335 0 27.994
      vertex 55.3363 -0.95 27.9401
      vertex 55.3335 -0.95 27.994
    endloop
  endfacet
  facet normal -0.997979 0 -0.0635505
    outer loop
      vertex 55.339 -0.95 27.8977
      vertex 55.3363 0 27.9401
      vertex 55.339 0 27.8977
    endloop
  endfacet
  facet normal -0.997979 -0 -0.0635505
    outer loop
      vertex 55.3363 0 27.9401
      vertex 55.339 -0.95 27.8977
      vertex 55.3363 -0.95 27.9401
    endloop
  endfacet
  facet normal -0.996204 0 -0.087047
    outer loop
      vertex 55.3417 -0.95 27.8668
      vertex 55.339 0 27.8977
      vertex 55.3417 0 27.8668
    endloop
  endfacet
  facet normal -0.996204 -0 -0.087047
    outer loop
      vertex 55.339 0 27.8977
      vertex 55.3417 -0.95 27.8668
      vertex 55.339 -0.95 27.8977
    endloop
  endfacet
  facet normal -0.990356 0 -0.138547
    outer loop
      vertex 55.3444 -0.95 27.8475
      vertex 55.3417 0 27.8668
      vertex 55.3444 0 27.8475
    endloop
  endfacet
  facet normal -0.990356 -0 -0.138547
    outer loop
      vertex 55.3417 0 27.8668
      vertex 55.3444 -0.95 27.8475
      vertex 55.3417 -0.95 27.8668
    endloop
  endfacet
  facet normal 0 0 -1
    outer loop
      vertex 55.3444 -0.95 27.8475
      vertex 56.2667 0 27.8475
      vertex 56.2667 -0.95 27.8475
    endloop
  endfacet
  facet normal -0 0 -1
    outer loop
      vertex 56.2667 0 27.8475
      vertex 55.3444 -0.95 27.8475
      vertex 55.3444 0 27.8475
    endloop
  endfacet
  facet normal 0.996211 -0 0.0869708
    outer loop
      vertex 56.2524 -0.95 28.0113
      vertex 56.2667 0 27.8475
      vertex 56.2524 0 28.0113
    endloop
  endfacet
  facet normal 0.996211 0 0.0869708
    outer loop
      vertex 56.2667 0 27.8475
      vertex 56.2524 -0.95 28.0113
      vertex 56.2667 -0.95 27.8475
    endloop
  endfacet
  facet normal 0.999251 -0 0.0386954
    outer loop
      vertex 56.2422 -0.95 28.2747
      vertex 56.2524 0 28.0113
      vertex 56.2422 0 28.2747
    endloop
  endfacet
  facet normal 0.999251 0 0.0386954
    outer loop
      vertex 56.2524 0 28.0113
      vertex 56.2422 -0.95 28.2747
      vertex 56.2524 -0.95 28.0113
    endloop
  endfacet
  facet normal 0.999859 -0 0.0167928
    outer loop
      vertex 56.2361 -0.95 28.6379
      vertex 56.2422 0 28.2747
      vertex 56.2361 0 28.6379
    endloop
  endfacet
  facet normal 0.999859 0 0.0167928
    outer loop
      vertex 56.2422 0 28.2747
      vertex 56.2361 -0.95 28.6379
      vertex 56.2422 -0.95 28.2747
    endloop
  endfacet
  facet normal 0.999991 -0 0.00432148
    outer loop
      vertex 56.2341 -0.95 29.1007
      vertex 56.2361 0 28.6379
      vertex 56.2341 0 29.1007
    endloop
  endfacet
  facet normal 0.999991 0 0.00432148
    outer loop
      vertex 56.2361 0 28.6379
      vertex 56.2341 -0.95 29.1007
      vertex 56.2361 -0.95 28.6379
    endloop
  endfacet
  facet normal 1 -0 0
    outer loop
      vertex 56.2341 -0.95 33.7173
      vertex 56.2341 0 29.1007
      vertex 56.2341 0 33.7173
    endloop
  endfacet
  facet normal 1 0 0
    outer loop
      vertex 56.2341 0 29.1007
      vertex 56.2341 -0.95 33.7173
      vertex 56.2341 -0.95 29.1007
    endloop
  endfacet
  facet normal -0 0 1
    outer loop
      vertex 55.2576 0 33.7173
      vertex 56.2341 -0.95 33.7173
      vertex 56.2341 0 33.7173
    endloop
  endfacet
  facet normal 0 0 1
    outer loop
      vertex 56.2341 -0.95 33.7173
      vertex 55.2576 0 33.7173
      vertex 55.2576 -0.95 33.7173
    endloop
  endfacet
  facet normal -1 0 0
    outer loop
      vertex 55.2576 -0.95 30.3159
      vertex 55.2576 0 33.7173
      vertex 55.2576 0 30.3159
    endloop
  endfacet
  facet normal -1 -0 0
    outer loop
      vertex 55.2576 0 33.7173
      vertex 55.2576 -0.95 30.3159
      vertex 55.2576 -0.95 33.7173
    endloop
  endfacet
  facet normal -0.998041 0 0.0625623
    outer loop
      vertex 55.2322 -0.95 29.9107
      vertex 55.2576 0 30.3159
      vertex 55.2322 0 29.9107
    endloop
  endfacet
  facet normal -0.998041 0 0.0625623
    outer loop
      vertex 55.2576 0 30.3159
      vertex 55.2322 -0.95 29.9107
      vertex 55.2576 -0.95 30.3159
    endloop
  endfacet
  facet normal -0.978081 0 0.208224
    outer loop
      vertex 55.1559 -0.95 29.5523
      vertex 55.2322 0 29.9107
      vertex 55.1559 0 29.5523
    endloop
  endfacet
  facet normal -0.978081 0 0.208224
    outer loop
      vertex 55.2322 0 29.9107
      vertex 55.1559 -0.95 29.5523
      vertex 55.2322 -0.95 29.9107
    endloop
  endfacet
  facet normal -0.925831 0 0.377939
    outer loop
      vertex 55.0287 -0.95 29.2407
      vertex 55.1559 0 29.5523
      vertex 55.0287 0 29.2407
    endloop
  endfacet
  facet normal -0.925831 0 0.377939
    outer loop
      vertex 55.1559 0 29.5523
      vertex 55.0287 -0.95 29.2407
      vertex 55.1559 -0.95 29.5523
    endloop
  endfacet
  facet normal -0.829923 0 0.557879
    outer loop
      vertex 54.8507 -0.95 28.9759
      vertex 55.0287 0 29.2407
      vertex 54.8507 0 28.9759
    endloop
  endfacet
  facet normal -0.829923 0 0.557879
    outer loop
      vertex 55.0287 0 29.2407
      vertex 54.8507 -0.95 28.9759
      vertex 55.0287 -0.95 29.2407
    endloop
  endfacet
  facet normal -0.689101 0 0.724665
    outer loop
      vertex 54.6286 0 28.7647
      vertex 54.8507 -0.95 28.9759
      vertex 54.8507 0 28.9759
    endloop
  endfacet
  facet normal -0.689101 0 0.724665
    outer loop
      vertex 54.8507 -0.95 28.9759
      vertex 54.6286 0 28.7647
      vertex 54.6286 -0.95 28.7647
    endloop
  endfacet
  facet normal -0.50298 0 0.864298
    outer loop
      vertex 54.3693 0 28.6138
      vertex 54.6286 -0.95 28.7647
      vertex 54.6286 0 28.7647
    endloop
  endfacet
  facet normal -0.50298 0 0.864298
    outer loop
      vertex 54.6286 -0.95 28.7647
      vertex 54.3693 0 28.6138
      vertex 54.3693 -0.95 28.6138
    endloop
  endfacet
  facet normal -0.291752 0 0.956494
    outer loop
      vertex 54.0726 0 28.5233
      vertex 54.3693 -0.95 28.6138
      vertex 54.3693 0 28.6138
    endloop
  endfacet
  facet normal -0.291752 0 0.956494
    outer loop
      vertex 54.3693 -0.95 28.6138
      vertex 54.0726 0 28.5233
      vertex 54.0726 -0.95 28.5233
    endloop
  endfacet
  facet normal -0.0900518 0 0.995937
    outer loop
      vertex 53.7386 0 28.4931
      vertex 54.0726 -0.95 28.5233
      vertex 54.0726 0 28.5233
    endloop
  endfacet
  facet normal -0.0900518 0 0.995937
    outer loop
      vertex 54.0726 -0.95 28.5233
      vertex 53.7386 0 28.4931
      vertex 53.7386 -0.95 28.4931
    endloop
  endfacet
  facet normal 0.0387715 0 0.999248
    outer loop
      vertex 53.5118 0 28.5019
      vertex 53.7386 -0.95 28.4931
      vertex 53.7386 0 28.4931
    endloop
  endfacet
  facet normal 0.0387715 0 0.999248
    outer loop
      vertex 53.7386 -0.95 28.4931
      vertex 53.5118 0 28.5019
      vertex 53.5118 -0.95 28.5019
    endloop
  endfacet
  facet normal 0.132853 0 0.991136
    outer loop
      vertex 53.3141 0 28.5284
      vertex 53.5118 -0.95 28.5019
      vertex 53.5118 0 28.5019
    endloop
  endfacet
  facet normal 0.132853 0 0.991136
    outer loop
      vertex 53.5118 -0.95 28.5019
      vertex 53.3141 0 28.5284
      vertex 53.3141 -0.95 28.5284
    endloop
  endfacet
  facet normal 0.252656 0 0.967556
    outer loop
      vertex 53.1456 0 28.5724
      vertex 53.3141 -0.95 28.5284
      vertex 53.3141 0 28.5284
    endloop
  endfacet
  facet normal 0.252656 0 0.967556
    outer loop
      vertex 53.3141 -0.95 28.5284
      vertex 53.1456 0 28.5724
      vertex 53.1456 -0.95 28.5724
    endloop
  endfacet
  facet normal 0.404738 0 0.914433
    outer loop
      vertex 53.0062 0 28.6341
      vertex 53.1456 -0.95 28.5724
      vertex 53.1456 0 28.5724
    endloop
  endfacet
  facet normal 0.404738 0 0.914433
    outer loop
      vertex 53.1456 -0.95 28.5724
      vertex 53.0062 0 28.6341
      vertex 53.0062 -0.95 28.6341
    endloop
  endfacet
  facet normal 0.575302 0 0.817941
    outer loop
      vertex 52.8899 0 28.7159
      vertex 53.0062 -0.95 28.6341
      vertex 53.0062 0 28.6341
    endloop
  endfacet
  facet normal 0.575302 0 0.817941
    outer loop
      vertex 53.0062 -0.95 28.6341
      vertex 52.8899 0 28.7159
      vertex 52.8899 -0.95 28.7159
    endloop
  endfacet
  facet normal 0.723592 -0 0.690228
    outer loop
      vertex 52.7906 -0.95 28.82
      vertex 52.8899 0 28.7159
      vertex 52.7906 0 28.82
    endloop
  endfacet
  facet normal 0.723592 0 0.690228
    outer loop
      vertex 52.8899 0 28.7159
      vertex 52.7906 -0.95 28.82
      vertex 52.8899 -0.95 28.7159
    endloop
  endfacet
  facet normal 0.837716 -0 0.546106
    outer loop
      vertex 52.7082 -0.95 28.9464
      vertex 52.7906 0 28.82
      vertex 52.7082 0 28.9464
    endloop
  endfacet
  facet normal 0.837716 0 0.546106
    outer loop
      vertex 52.7906 0 28.82
      vertex 52.7082 -0.95 28.9464
      vertex 52.7906 -0.95 28.82
    endloop
  endfacet
  facet normal 0.915351 -0 0.402656
    outer loop
      vertex 52.6427 -0.95 29.0953
      vertex 52.7082 0 28.9464
      vertex 52.6427 0 29.0953
    endloop
  endfacet
  facet normal 0.915351 0 0.402656
    outer loop
      vertex 52.7082 0 28.9464
      vertex 52.6427 -0.95 29.0953
      vertex 52.7082 -0.95 28.9464
    endloop
  endfacet
  facet normal 0.962344 -0 0.271836
    outer loop
      vertex 52.5929 -0.95 29.2716
      vertex 52.6427 0 29.0953
      vertex 52.5929 0 29.2716
    endloop
  endfacet
  facet normal 0.962344 0 0.271836
    outer loop
      vertex 52.6427 0 29.0953
      vertex 52.5929 -0.95 29.2716
      vertex 52.6427 -0.95 29.0953
    endloop
  endfacet
  facet normal 0.985775 -0 0.168073
    outer loop
      vertex 52.5573 -0.95 29.4804
      vertex 52.5929 0 29.2716
      vertex 52.5573 0 29.4804
    endloop
  endfacet
  facet normal 0.985775 0 0.168073
    outer loop
      vertex 52.5929 0 29.2716
      vertex 52.5573 -0.95 29.4804
      vertex 52.5929 -0.95 29.2716
    endloop
  endfacet
  facet normal 0.996097 -0 0.088267
    outer loop
      vertex 52.5359 -0.95 29.7219
      vertex 52.5573 0 29.4804
      vertex 52.5359 0 29.7219
    endloop
  endfacet
  facet normal 0.996097 0 0.088267
    outer loop
      vertex 52.5573 0 29.4804
      vertex 52.5359 -0.95 29.7219
      vertex 52.5573 -0.95 29.4804
    endloop
  endfacet
  facet normal 0.999664 -0 0.0259132
    outer loop
      vertex 52.5288 -0.95 29.9958
      vertex 52.5359 0 29.7219
      vertex 52.5288 0 29.9958
    endloop
  endfacet
  facet normal 0.999664 0 0.0259132
    outer loop
      vertex 52.5359 0 29.7219
      vertex 52.5288 -0.95 29.9958
      vertex 52.5359 -0.95 29.7219
    endloop
  endfacet
  facet normal 1 -0 0
    outer loop
      vertex 52.5288 -0.95 33.7173
      vertex 52.5288 0 29.9958
      vertex 52.5288 0 33.7173
    endloop
  endfacet
  facet normal 1 0 0
    outer loop
      vertex 52.5288 0 29.9958
      vertex 52.5288 -0.95 33.7173
      vertex 52.5288 -0.95 29.9958
    endloop
  endfacet
  facet normal -0 0 1
    outer loop
      vertex 51.5469 0 33.7173
      vertex 52.5288 -0.95 33.7173
      vertex 52.5288 0 33.7173
    endloop
  endfacet
  facet normal 0 0 1
    outer loop
      vertex 52.5288 -0.95 33.7173
      vertex 51.5469 0 33.7173
      vertex 51.5469 -0.95 33.7173
    endloop
  endfacet
  facet normal -1 0 0
    outer loop
      vertex 51.5469 -0.95 29.8059
      vertex 51.5469 0 33.7173
      vertex 51.5469 0 29.8059
    endloop
  endfacet
  facet normal -1 -0 0
    outer loop
      vertex 51.5469 0 33.7173
      vertex 51.5469 -0.95 29.8059
      vertex 51.5469 -0.95 33.7173
    endloop
  endfacet
  facet normal -0.998521 0 -0.054373
    outer loop
      vertex 51.5749 -0.95 29.2917
      vertex 51.5469 0 29.8059
      vertex 51.5749 0 29.2917
    endloop
  endfacet
  facet normal -0.998521 -0 -0.054373
    outer loop
      vertex 51.5469 0 29.8059
      vertex 51.5749 -0.95 29.2917
      vertex 51.5469 -0.95 29.8059
    endloop
  endfacet
  facet normal -0.981968 0 -0.189048
    outer loop
      vertex 51.6588 -0.95 28.8559
      vertex 51.5749 0 29.2917
      vertex 51.6588 0 28.8559
    endloop
  endfacet
  facet normal -0.981968 -0 -0.189048
    outer loop
      vertex 51.5749 0 29.2917
      vertex 51.6588 -0.95 28.8559
      vertex 51.5749 -0.95 29.2917
    endloop
  endfacet
  facet normal -0.931358 0 -0.364105
    outer loop
      vertex 51.7986 -0.95 28.4983
      vertex 51.6588 0 28.8559
      vertex 51.7986 0 28.4983
    endloop
  endfacet
  facet normal -0.931358 -0 -0.364105
    outer loop
      vertex 51.6588 0 28.8559
      vertex 51.7986 -0.95 28.4983
      vertex 51.6588 -0.95 28.8559
    endloop
  endfacet
  facet normal -0.818736 0 -0.574171
    outer loop
      vertex 51.9944 -0.95 28.2191
      vertex 51.7986 0 28.4983
      vertex 51.9944 0 28.2191
    endloop
  endfacet
  facet normal -0.818736 -0 -0.574171
    outer loop
      vertex 51.7986 0 28.4983
      vertex 51.9944 -0.95 28.2191
      vertex 51.7986 -0.95 28.4983
    endloop
  endfacet
  facet normal -0.633928 0 -0.773392
    outer loop
      vertex 51.9944 -0.95 28.2191
      vertex 52.2506 0 28.0091
      vertex 52.2506 -0.95 28.0091
    endloop
  endfacet
  facet normal -0.633928 0 -0.773392
    outer loop
      vertex 52.2506 0 28.0091
      vertex 51.9944 -0.95 28.2191
      vertex 51.9944 0 28.2191
    endloop
  endfacet
  facet normal -0.423689 0 -0.905808
    outer loop
      vertex 52.2506 -0.95 28.0091
      vertex 52.5715 0 27.859
      vertex 52.5715 -0.95 27.859
    endloop
  endfacet
  facet normal -0.423689 0 -0.905808
    outer loop
      vertex 52.5715 0 27.859
      vertex 52.2506 -0.95 28.0091
      vertex 52.2506 0 28.0091
    endloop
  endfacet
  facet normal -0.227238 0 -0.973839
    outer loop
      vertex 52.5715 -0.95 27.859
      vertex 52.9572 0 27.769
      vertex 52.9572 -0.95 27.769
    endloop
  endfacet
  facet normal -0.227238 0 -0.973839
    outer loop
      vertex 52.9572 0 27.769
      vertex 52.5715 -0.95 27.859
      vertex 52.5715 0 27.859
    endloop
  endfacet
  facet normal -0.0664455 0 -0.99779
    outer loop
      vertex 52.9572 -0.95 27.769
      vertex 53.4077 0 27.739
      vertex 53.4077 -0.95 27.739
    endloop
  endfacet
  facet normal -0.0664455 0 -0.99779
    outer loop
      vertex 53.4077 0 27.739
      vertex 52.9572 -0.95 27.769
      vertex 52.9572 0 27.769
    endloop
  endfacet
  facet normal 0.0501275 0 -0.998743
    outer loop
      vertex 53.4077 -0.95 27.739
      vertex 53.7225 0 27.7548
      vertex 53.7225 -0.95 27.7548
    endloop
  endfacet
  facet normal 0.0501275 0 -0.998743
    outer loop
      vertex 53.7225 0 27.7548
      vertex 53.4077 -0.95 27.739
      vertex 53.4077 0 27.739
    endloop
  endfacet
  facet normal 0 -1 0
    outer loop
      vertex 69.0923 -0.95 20.2151
      vertex 70.0688 -0.95 21.1482
      vertex 69.0923 -0.95 21.1482
    endloop
  endfacet
  facet normal 0 -1 -0
    outer loop
      vertex 70.0688 -0.95 21.1482
      vertex 69.0923 -0.95 20.2151
      vertex 70.0688 -0.95 20.2151
    endloop
  endfacet
  facet normal 0 -1 0
    outer loop
      vertex 76.0565 -0.95 18.3543
      vertex 76.1159 -0.95 19.0606
      vertex 75.7961 -0.95 19.0758
    endloop
  endfacet
  facet normal 0 -1 -0
    outer loop
      vertex 76.1159 -0.95 19.0606
      vertex 76.0565 -0.95 18.3543
      vertex 76.4078 -0.95 19.0148
    endloop
  endfacet
  facet normal 0 -1 0
    outer loop
      vertex 75.4212 -0.95 18.218
      vertex 75.7961 -0.95 19.0758
      vertex 74.8515 -0.95 18.8839
    endloop
  endfacet
  facet normal -0 -1 0
    outer loop
      vertex 76.0565 -0.95 18.3543
      vertex 75.7961 -0.95 19.0758
      vertex 75.7133 -0.95 18.3202
    endloop
  endfacet
  facet normal 0 -1 0
    outer loop
      vertex 76.4078 -0.95 19.0148
      vertex 76.4383 -0.95 18.3204
      vertex 76.6719 -0.95 18.9385
    endloop
  endfacet
  facet normal 0 -1 -0
    outer loop
      vertex 76.6719 -0.95 18.9385
      vertex 76.4383 -0.95 18.3204
      vertex 76.9082 -0.95 18.8317
    endloop
  endfacet
  facet normal 0 -1 0
    outer loop
      vertex 76.7645 -0.95 18.2187
      vertex 76.9082 -0.95 18.8317
      vertex 76.4383 -0.95 18.3204
    endloop
  endfacet
  facet normal 0 -1 0
    outer loop
      vertex 76.4383 -0.95 18.3204
      vertex 76.4078 -0.95 19.0148
      vertex 76.0565 -0.95 18.3543
    endloop
  endfacet
  facet normal 0 -1 0
    outer loop
      vertex 75.1803 -0.95 18.0476
      vertex 74.8515 -0.95 18.8839
      vertex 74.1768 -0.95 18.3082
    endloop
  endfacet
  facet normal 0 -1 0
    outer loop
      vertex 75.7961 -0.95 19.0758
      vertex 75.4212 -0.95 18.218
      vertex 75.7133 -0.95 18.3202
    endloop
  endfacet
  facet normal 0 -1 0
    outer loop
      vertex 74.8515 -0.95 18.8839
      vertex 75.1803 -0.95 18.0476
      vertex 75.4212 -0.95 18.218
    endloop
  endfacet
  facet normal 0 -1 0
    outer loop
      vertex 74.1768 -0.95 18.3082
      vertex 74.9905 -0.95 17.8091
      vertex 75.1803 -0.95 18.0476
    endloop
  endfacet
  facet normal 0 -1 0
    outer loop
      vertex 74.1768 -0.95 18.3082
      vertex 74.8469 -0.95 17.4939
      vertex 74.9905 -0.95 17.8091
    endloop
  endfacet
  facet normal 0 -1 0
    outer loop
      vertex 73.772 -0.95 17.3487
      vertex 74.8469 -0.95 17.4939
      vertex 74.1768 -0.95 18.3082
    endloop
  endfacet
  facet normal 0 -1 0
    outer loop
      vertex 73.772 -0.95 17.3487
      vertex 74.7444 -0.95 17.0937
      vertex 74.8469 -0.95 17.4939
    endloop
  endfacet
  facet normal 0 -1 0
    outer loop
      vertex 73.772 -0.95 17.3487
      vertex 74.6828 -0.95 16.6083
      vertex 74.7444 -0.95 17.0937
    endloop
  endfacet
  facet normal 0 -1 0
    outer loop
      vertex 73.637 -0.95 16.0053
      vertex 74.6828 -0.95 16.6083
      vertex 73.772 -0.95 17.3487
    endloop
  endfacet
  facet normal 0 -1 0
    outer loop
      vertex 74.6828 -0.95 16.6083
      vertex 73.637 -0.95 16.0053
      vertex 74.6623 -0.95 16.0378
    endloop
  endfacet
  facet normal 0 -1 0
    outer loop
      vertex 73.637 -0.95 16.0053
      vertex 74.6826 -0.95 15.4658
      vertex 74.6623 -0.95 16.0378
    endloop
  endfacet
  facet normal 0 -1 0
    outer loop
      vertex 73.6697 -0.95 15.294
      vertex 74.6826 -0.95 15.4658
      vertex 73.637 -0.95 16.0053
    endloop
  endfacet
  facet normal 0 -1 0
    outer loop
      vertex 73.6697 -0.95 15.294
      vertex 74.7437 -0.95 14.9813
      vertex 74.6826 -0.95 15.4658
    endloop
  endfacet
  facet normal 0 -1 0
    outer loop
      vertex 73.7679 -0.95 14.6789
      vertex 74.7437 -0.95 14.9813
      vertex 73.6697 -0.95 15.294
    endloop
  endfacet
  facet normal 0 -1 0
    outer loop
      vertex 73.7679 -0.95 14.6789
      vertex 74.8454 -0.95 14.5843
      vertex 74.7437 -0.95 14.9813
    endloop
  endfacet
  facet normal 0 -1 0
    outer loop
      vertex 73.9315 -0.95 14.1601
      vertex 74.8454 -0.95 14.5843
      vertex 73.7679 -0.95 14.6789
    endloop
  endfacet
  facet normal 0 -1 -0
    outer loop
      vertex 74.8454 -0.95 14.5843
      vertex 73.9315 -0.95 14.1601
      vertex 74.9878 -0.95 14.2747
    endloop
  endfacet
  facet normal 0 -1 0
    outer loop
      vertex 74.1605 -0.95 13.7377
      vertex 74.9878 -0.95 14.2747
      vertex 73.9315 -0.95 14.1601
    endloop
  endfacet
  facet normal 0 -1 0
    outer loop
      vertex 74.4591 -0.95 13.4101
      vertex 74.9878 -0.95 14.2747
      vertex 74.1605 -0.95 13.7377
    endloop
  endfacet
  facet normal 0 -1 -0
    outer loop
      vertex 74.9878 -0.95 14.2747
      vertex 74.4591 -0.95 13.4101
      vertex 75.176 -0.95 14.0421
    endloop
  endfacet
  facet normal 0 -1 -0
    outer loop
      vertex 75.176 -0.95 14.0421
      vertex 74.8312 -0.95 13.1762
      vertex 75.4151 -0.95 13.876
    endloop
  endfacet
  facet normal 0 -1 0
    outer loop
      vertex 74.8312 -0.95 13.1762
      vertex 75.176 -0.95 14.0421
      vertex 74.4591 -0.95 13.4101
    endloop
  endfacet
  facet normal 0 -1 -0
    outer loop
      vertex 76.9082 -0.95 18.8317
      vertex 76.7645 -0.95 18.2187
      vertex 77.1198 -0.95 18.6916
    endloop
  endfacet
  facet normal 0 -1 -0
    outer loop
      vertex 77.1198 -0.95 18.6916
      vertex 76.7645 -0.95 18.2187
      vertex 77.3097 -0.95 18.5157
    endloop
  endfacet
  facet normal 0 -1 0
    outer loop
      vertex 77.0351 -0.95 18.0491
      vertex 77.3097 -0.95 18.5157
      vertex 76.7645 -0.95 18.2187
    endloop
  endfacet
  facet normal 0 -1 -0
    outer loop
      vertex 77.3097 -0.95 18.5157
      vertex 77.0351 -0.95 18.0491
      vertex 77.4779 -0.95 18.3038
    endloop
  endfacet
  facet normal 0 -1 -0
    outer loop
      vertex 77.4779 -0.95 18.3038
      vertex 77.2501 -0.95 17.8118
      vertex 77.6244 -0.95 18.056
    endloop
  endfacet
  facet normal 0 -1 0
    outer loop
      vertex 77.2501 -0.95 17.8118
      vertex 77.4779 -0.95 18.3038
      vertex 77.0351 -0.95 18.0491
    endloop
  endfacet
  facet normal 0 -1 0
    outer loop
      vertex 77.6244 -0.95 18.7124
      vertex 78.6009 -0.95 21.1482
      vertex 77.6244 -0.95 21.1482
    endloop
  endfacet
  facet normal 0 -1 0
    outer loop
      vertex 77.6353 -0.95 18.056
      vertex 78.6009 -0.95 21.1482
      vertex 77.6244 -0.95 18.7124
    endloop
  endfacet
  facet normal 0 -1 0
    outer loop
      vertex 77.4138 -0.95 17.5016
      vertex 77.6244 -0.95 18.056
      vertex 77.2501 -0.95 17.8118
    endloop
  endfacet
  facet normal 0 -1 -0
    outer loop
      vertex 77.6244 -0.95 18.056
      vertex 77.4138 -0.95 17.5016
      vertex 77.6353 -0.95 18.056
    endloop
  endfacet
  facet normal 0 -1 0
    outer loop
      vertex 77.5308 -0.95 17.1133
      vertex 77.6353 -0.95 18.056
      vertex 77.4138 -0.95 17.5016
    endloop
  endfacet
  facet normal 0 -1 0
    outer loop
      vertex 77.601 -0.95 16.6471
      vertex 77.6353 -0.95 18.056
      vertex 77.5308 -0.95 17.1133
    endloop
  endfacet
  facet normal 0 -1 0
    outer loop
      vertex 78.6009 -0.95 14.3073
      vertex 77.6353 -0.95 18.056
      vertex 77.601 -0.95 16.6471
    endloop
  endfacet
  facet normal 0 -1 0
    outer loop
      vertex 78.6009 -0.95 14.3073
      vertex 77.601 -0.95 16.6471
      vertex 77.6244 -0.95 16.1029
    endloop
  endfacet
  facet normal 0 -1 0
    outer loop
      vertex 78.6009 -0.95 14.3073
      vertex 77.6244 -0.95 16.1029
      vertex 77.601 -0.95 15.5377
    endloop
  endfacet
  facet normal 0 -1 0
    outer loop
      vertex 78.6009 -0.95 14.3073
      vertex 77.601 -0.95 15.5377
      vertex 77.5308 -0.95 15.0519
    endloop
  endfacet
  facet normal 0 -1 0
    outer loop
      vertex 77.6353 -0.95 18.056
      vertex 78.6009 -0.95 14.3073
      vertex 78.6009 -0.95 21.1482
    endloop
  endfacet
  facet normal 0 -1 0
    outer loop
      vertex 77.4138 -0.95 14.6453
      vertex 78.6009 -0.95 14.3073
      vertex 77.5308 -0.95 15.0519
    endloop
  endfacet
  facet normal 0 -1 0
    outer loop
      vertex 77.6244 -0.95 14.0414
      vertex 77.4138 -0.95 14.6453
      vertex 77.2501 -0.95 14.3182
    endloop
  endfacet
  facet normal 0 -1 0
    outer loop
      vertex 77.6244 -0.95 14.0414
      vertex 77.2501 -0.95 14.3182
      vertex 77.0344 -0.95 14.0666
    endloop
  endfacet
  facet normal 0 -1 0
    outer loop
      vertex 77.4138 -0.95 14.6453
      vertex 77.6244 -0.95 14.0414
      vertex 77.6461 -0.95 14.0414
    endloop
  endfacet
  facet normal 0 -1 0
    outer loop
      vertex 77.4138 -0.95 14.6453
      vertex 77.6461 -0.95 14.0414
      vertex 78.6009 -0.95 14.3073
    endloop
  endfacet
  facet normal 0 -1 0
    outer loop
      vertex 78.6029 -0.95 13.8879
      vertex 77.6461 -0.95 14.0414
      vertex 77.6472 -0.95 13.9221
    endloop
  endfacet
  facet normal 0 -1 0
    outer loop
      vertex 77.6461 -0.95 14.0414
      vertex 78.6029 -0.95 13.8879
      vertex 78.6009 -0.95 14.3073
    endloop
  endfacet
  facet normal 0 -1 0
    outer loop
      vertex 77.6508 -0.95 13.7919
      vertex 78.6029 -0.95 13.8879
      vertex 77.6472 -0.95 13.9221
    endloop
  endfacet
  facet normal 0 -1 0
    outer loop
      vertex 77.6567 -0.95 13.6508
      vertex 78.6029 -0.95 13.8879
      vertex 77.6508 -0.95 13.7919
    endloop
  endfacet
  facet normal 0 -1 0
    outer loop
      vertex 77.6567 -0.95 13.6508
      vertex 78.609 -0.95 13.5464
      vertex 78.6029 -0.95 13.8879
    endloop
  endfacet
  facet normal 0 -1 0
    outer loop
      vertex 77.665 -0.95 13.4989
      vertex 78.609 -0.95 13.5464
      vertex 77.6567 -0.95 13.6508
    endloop
  endfacet
  facet normal 0 -1 0
    outer loop
      vertex 77.6744 -0.95 13.3559
      vertex 78.609 -0.95 13.5464
      vertex 77.665 -0.95 13.4989
    endloop
  endfacet
  facet normal 0 -1 0
    outer loop
      vertex 77.6744 -0.95 13.3559
      vertex 78.6192 -0.95 13.283
      vertex 78.609 -0.95 13.5464
    endloop
  endfacet
  facet normal 0 -1 0
    outer loop
      vertex 77.6834 -0.95 13.2413
      vertex 78.6192 -0.95 13.283
      vertex 77.6744 -0.95 13.3559
    endloop
  endfacet
  facet normal 0 -1 0
    outer loop
      vertex 77.692 -0.95 13.1551
      vertex 78.6192 -0.95 13.283
      vertex 77.6834 -0.95 13.2413
    endloop
  endfacet
  facet normal 0 -1 0
    outer loop
      vertex 77.7003 -0.95 13.0975
      vertex 78.6192 -0.95 13.283
      vertex 77.692 -0.95 13.1551
    endloop
  endfacet
  facet normal 0 -1 -0
    outer loop
      vertex 78.6192 -0.95 13.283
      vertex 77.7003 -0.95 13.0975
      vertex 78.6334 -0.95 13.0975
    endloop
  endfacet
  facet normal 0 -1 0
    outer loop
      vertex 77.309 -0.95 13.5573
      vertex 77.0344 -0.95 14.0666
      vertex 76.7618 -0.95 13.8869
    endloop
  endfacet
  facet normal 0 -1 0
    outer loop
      vertex 77.0344 -0.95 14.0666
      vertex 77.4777 -0.95 13.7794
      vertex 77.6244 -0.95 14.0414
    endloop
  endfacet
  facet normal 0 -1 0
    outer loop
      vertex 76.9055 -0.95 13.2331
      vertex 76.7618 -0.95 13.8869
      vertex 76.4323 -0.95 13.779
    endloop
  endfacet
  facet normal 0 -1 0
    outer loop
      vertex 76.4044 -0.95 13.05
      vertex 76.4323 -0.95 13.779
      vertex 76.0457 -0.95 13.7431
    endloop
  endfacet
  facet normal 0 -1 0
    outer loop
      vertex 77.0344 -0.95 14.0666
      vertex 77.309 -0.95 13.5573
      vertex 77.4777 -0.95 13.7794
    endloop
  endfacet
  facet normal 0 -1 0
    outer loop
      vertex 75.2769 -0.95 13.0358
      vertex 75.4151 -0.95 13.876
      vertex 74.8312 -0.95 13.1762
    endloop
  endfacet
  facet normal 0 -1 -0
    outer loop
      vertex 75.4151 -0.95 13.876
      vertex 75.2769 -0.95 13.0358
      vertex 75.705 -0.95 13.7763
    endloop
  endfacet
  facet normal -0 -1 0
    outer loop
      vertex 76.1137 -0.95 13.0043
      vertex 76.0457 -0.95 13.7431
      vertex 75.7961 -0.95 12.989
    endloop
  endfacet
  facet normal -0 -1 0
    outer loop
      vertex 76.4044 -0.95 13.05
      vertex 76.0457 -0.95 13.7431
      vertex 76.1137 -0.95 13.0043
    endloop
  endfacet
  facet normal 0 -1 0
    outer loop
      vertex 75.7961 -0.95 12.989
      vertex 75.705 -0.95 13.7763
      vertex 75.2769 -0.95 13.0358
    endloop
  endfacet
  facet normal 0 -1 -0
    outer loop
      vertex 76.4323 -0.95 13.779
      vertex 76.4044 -0.95 13.05
      vertex 76.6684 -0.95 13.1263
    endloop
  endfacet
  facet normal 0 -1 0
    outer loop
      vertex 76.7618 -0.95 13.8869
      vertex 77.1183 -0.95 13.3752
      vertex 77.309 -0.95 13.5573
    endloop
  endfacet
  facet normal 0 -1 0
    outer loop
      vertex 75.705 -0.95 13.7763
      vertex 75.7961 -0.95 12.989
      vertex 76.0457 -0.95 13.7431
    endloop
  endfacet
  facet normal 0 -1 0
    outer loop
      vertex 76.7618 -0.95 13.8869
      vertex 76.9055 -0.95 13.2331
      vertex 77.1183 -0.95 13.3752
    endloop
  endfacet
  facet normal 0 -1 0
    outer loop
      vertex 76.4323 -0.95 13.779
      vertex 76.6684 -0.95 13.1263
      vertex 76.9055 -0.95 13.2331
    endloop
  endfacet
  facet normal 0 -1 0
    outer loop
      vertex 71.5084 -0.95 13.0975
      vertex 72.4849 -0.95 21.1482
      vertex 71.5084 -0.95 21.1482
    endloop
  endfacet
  facet normal 0 -1 -0
    outer loop
      vertex 72.4849 -0.95 21.1482
      vertex 71.5084 -0.95 13.0975
      vertex 72.4849 -0.95 13.0975
    endloop
  endfacet
  facet normal 0 -1 0
    outer loop
      vertex 57.5862 -0.95 19.9589
      vertex 58.2361 -0.95 20.8552
      vertex 57.3834 -0.95 20.7915
    endloop
  endfacet
  facet normal 0 -1 0
    outer loop
      vertex 58.6174 -0.95 19.9903
      vertex 58.2361 -0.95 20.8552
      vertex 58.209 -0.95 20.0089
    endloop
  endfacet
  facet normal 0 -1 0
    outer loop
      vertex 58.2361 -0.95 20.8552
      vertex 58.6174 -0.95 19.9903
      vertex 58.841 -0.95 20.8285
    endloop
  endfacet
  facet normal 0 -1 0
    outer loop
      vertex 57.0413 -0.95 19.8089
      vertex 57.3834 -0.95 20.7915
      vertex 56.6317 -0.95 20.6003
    endloop
  endfacet
  facet normal 0 -1 0
    outer loop
      vertex 58.9909 -0.95 19.9343
      vertex 58.841 -0.95 20.8285
      vertex 58.6174 -0.95 19.9903
    endloop
  endfacet
  facet normal 0 -1 0
    outer loop
      vertex 56.5744 -0.95 19.5588
      vertex 56.6317 -0.95 20.6003
      vertex 55.981 -0.95 20.2815
    endloop
  endfacet
  facet normal 0 -1 0
    outer loop
      vertex 58.841 -0.95 20.8285
      vertex 58.9909 -0.95 19.9343
      vertex 59.3862 -0.95 20.7481
    endloop
  endfacet
  facet normal 0 -1 0
    outer loop
      vertex 59.3295 -0.95 19.8411
      vertex 59.3862 -0.95 20.7481
      vertex 58.9909 -0.95 19.9343
    endloop
  endfacet
  facet normal 0 -1 0
    outer loop
      vertex 58.2361 -0.95 20.8552
      vertex 57.5862 -0.95 19.9589
      vertex 58.209 -0.95 20.0089
    endloop
  endfacet
  facet normal 0 -1 0
    outer loop
      vertex 56.1855 -0.95 19.2087
      vertex 55.981 -0.95 20.2815
      vertex 55.4314 -0.95 19.8353
    endloop
  endfacet
  facet normal 0 -1 -0
    outer loop
      vertex 57.3834 -0.95 20.7915
      vertex 57.0413 -0.95 19.8089
      vertex 57.5862 -0.95 19.9589
    endloop
  endfacet
  facet normal 0 -1 -0
    outer loop
      vertex 56.6317 -0.95 20.6003
      vertex 56.5744 -0.95 19.5588
      vertex 57.0413 -0.95 19.8089
    endloop
  endfacet
  facet normal 0 -1 0
    outer loop
      vertex 55.8793 -0.95 18.7678
      vertex 55.4314 -0.95 19.8353
      vertex 54.9947 -0.95 19.2728
    endloop
  endfacet
  facet normal 0 -1 0
    outer loop
      vertex 55.981 -0.95 20.2815
      vertex 56.1855 -0.95 19.2087
      vertex 56.5744 -0.95 19.5588
    endloop
  endfacet
  facet normal 0 -1 0
    outer loop
      vertex 55.4314 -0.95 19.8353
      vertex 55.8793 -0.95 18.7678
      vertex 56.1855 -0.95 19.2087
    endloop
  endfacet
  facet normal 0 -1 0
    outer loop
      vertex 54.6828 -0.95 18.6052
      vertex 55.8793 -0.95 18.7678
      vertex 54.9947 -0.95 19.2728
    endloop
  endfacet
  facet normal 0 -1 0
    outer loop
      vertex 54.6828 -0.95 18.6052
      vertex 55.6606 -0.95 18.2451
      vertex 55.8793 -0.95 18.7678
    endloop
  endfacet
  facet normal 0 -1 0
    outer loop
      vertex 54.4956 -0.95 17.8325
      vertex 55.6606 -0.95 18.2451
      vertex 54.6828 -0.95 18.6052
    endloop
  endfacet
  facet normal 0 -1 0
    outer loop
      vertex 54.4956 -0.95 17.8325
      vertex 55.5294 -0.95 17.6408
      vertex 55.6606 -0.95 18.2451
    endloop
  endfacet
  facet normal 0 -1 0
    outer loop
      vertex 54.4332 -0.95 16.9547
      vertex 55.5294 -0.95 17.6408
      vertex 54.4956 -0.95 17.8325
    endloop
  endfacet
  facet normal 0 -1 0
    outer loop
      vertex 54.4332 -0.95 16.9547
      vertex 55.4856 -0.95 16.9547
      vertex 55.5294 -0.95 17.6408
    endloop
  endfacet
  facet normal 0 -1 0
    outer loop
      vertex 54.4619 -0.95 16.3669
      vertex 55.4856 -0.95 16.9547
      vertex 54.4332 -0.95 16.9547
    endloop
  endfacet
  facet normal 0 -1 0
    outer loop
      vertex 54.4619 -0.95 16.3669
      vertex 55.5321 -0.95 16.2686
      vertex 55.4856 -0.95 16.9547
    endloop
  endfacet
  facet normal 0 -1 0
    outer loop
      vertex 54.5479 -0.95 15.8188
      vertex 55.5321 -0.95 16.2686
      vertex 54.4619 -0.95 16.3669
    endloop
  endfacet
  facet normal 0 -1 0
    outer loop
      vertex 54.5479 -0.95 15.8188
      vertex 55.6714 -0.95 15.6588
      vertex 55.5321 -0.95 16.2686
    endloop
  endfacet
  facet normal 0 -1 0
    outer loop
      vertex 54.6911 -0.95 15.3104
      vertex 55.6714 -0.95 15.6588
      vertex 54.5479 -0.95 15.8188
    endloop
  endfacet
  facet normal 0 -1 0
    outer loop
      vertex 54.8916 -0.95 14.8417
      vertex 55.6714 -0.95 15.6588
      vertex 54.6911 -0.95 15.3104
    endloop
  endfacet
  facet normal 0 -1 -0
    outer loop
      vertex 55.6714 -0.95 15.6588
      vertex 54.8916 -0.95 14.8417
      vertex 55.9037 -0.95 15.1253
    endloop
  endfacet
  facet normal 0 -1 0
    outer loop
      vertex 55.1464 -0.95 14.419
      vertex 55.9037 -0.95 15.1253
      vertex 54.8916 -0.95 14.8417
    endloop
  endfacet
  facet normal 0 -1 -0
    outer loop
      vertex 55.9037 -0.95 15.1253
      vertex 55.1464 -0.95 14.419
      vertex 56.2289 -0.95 14.6681
    endloop
  endfacet
  facet normal 0 -1 0
    outer loop
      vertex 55.4524 -0.95 14.0489
      vertex 56.2289 -0.95 14.6681
      vertex 55.1464 -0.95 14.419
    endloop
  endfacet
  facet normal 0 -1 0
    outer loop
      vertex 55.8096 -0.95 13.7314
      vertex 56.2289 -0.95 14.6681
      vertex 55.4524 -0.95 14.0489
    endloop
  endfacet
  facet normal 0 -1 -0
    outer loop
      vertex 56.2289 -0.95 14.6681
      vertex 55.8096 -0.95 13.7314
      vertex 56.6361 -0.95 14.3014
    endloop
  endfacet
  facet normal 0 -1 0
    outer loop
      vertex 56.218 -0.95 13.4664
      vertex 56.6361 -0.95 14.3014
      vertex 55.8096 -0.95 13.7314
    endloop
  endfacet
  facet normal 0 -1 0
    outer loop
      vertex 56.6727 -0.95 13.2575
      vertex 56.6361 -0.95 14.3014
      vertex 56.218 -0.95 13.4664
    endloop
  endfacet
  facet normal 0 -1 0
    outer loop
      vertex 56.6361 -0.95 14.3014
      vertex 56.6727 -0.95 13.2575
      vertex 57.1145 -0.95 14.0395
    endloop
  endfacet
  facet normal 0 -1 0
    outer loop
      vertex 57.1688 -0.95 13.1084
      vertex 57.1145 -0.95 14.0395
      vertex 56.6727 -0.95 13.2575
    endloop
  endfacet
  facet normal 0 -1 0
    outer loop
      vertex 58.285 -0.95 13.8299
      vertex 60.6209 -0.95 13.5151
      vertex 61.0103 -0.95 13.737
    endloop
  endfacet
  facet normal 0 -1 0
    outer loop
      vertex 57.1145 -0.95 14.0395
      vertex 57.1688 -0.95 13.1084
      vertex 57.6642 -0.95 13.8823
    endloop
  endfacet
  facet normal 0 -1 0
    outer loop
      vertex 58.285 -0.95 13.8299
      vertex 60.1973 -0.95 13.3281
      vertex 60.6209 -0.95 13.5151
    endloop
  endfacet
  facet normal 0 -1 0
    outer loop
      vertex 57.7062 -0.95 13.0189
      vertex 57.6642 -0.95 13.8823
      vertex 57.1688 -0.95 13.1084
    endloop
  endfacet
  facet normal 0 -1 0
    outer loop
      vertex 58.285 -0.95 13.8299
      vertex 59.7472 -0.95 13.1797
      vertex 60.1973 -0.95 13.3281
    endloop
  endfacet
  facet normal 0 -1 0
    outer loop
      vertex 57.6642 -0.95 13.8823
      vertex 57.7062 -0.95 13.0189
      vertex 58.285 -0.95 13.8299
    endloop
  endfacet
  facet normal 0 -1 0
    outer loop
      vertex 58.285 -0.95 13.8299
      vertex 59.2784 -0.95 13.0738
      vertex 59.7472 -0.95 13.1797
    endloop
  endfacet
  facet normal 0 -1 -0
    outer loop
      vertex 58.285 -0.95 13.8299
      vertex 57.7062 -0.95 13.0189
      vertex 58.285 -0.95 12.989
    endloop
  endfacet
  facet normal 0 -1 0
    outer loop
      vertex 58.285 -0.95 13.8299
      vertex 58.791 -0.95 13.0102
      vertex 59.2784 -0.95 13.0738
    endloop
  endfacet
  facet normal 0 -1 0
    outer loop
      vertex 58.285 -0.95 13.8299
      vertex 58.285 -0.95 12.989
      vertex 58.791 -0.95 13.0102
    endloop
  endfacet
  facet normal 0 -1 -0
    outer loop
      vertex 59.3862 -0.95 20.7481
      vertex 59.3295 -0.95 19.8411
      vertex 59.8718 -0.95 20.6142
    endloop
  endfacet
  facet normal 0 -1 0
    outer loop
      vertex 59.6331 -0.95 19.7105
      vertex 59.8718 -0.95 20.6142
      vertex 59.3295 -0.95 19.8411
    endloop
  endfacet
  facet normal 0 -1 -0
    outer loop
      vertex 59.8718 -0.95 20.6142
      vertex 59.6331 -0.95 19.7105
      vertex 60.2976 -0.95 20.4267
    endloop
  endfacet
  facet normal 0 -1 0
    outer loop
      vertex 59.9038 -0.95 19.5393
      vertex 60.2976 -0.95 20.4267
      vertex 59.6331 -0.95 19.7105
    endloop
  endfacet
  facet normal 0 -1 -0
    outer loop
      vertex 60.2976 -0.95 20.4267
      vertex 59.9038 -0.95 19.5393
      vertex 60.671 -0.95 20.1802
    endloop
  endfacet
  facet normal 0 -1 0
    outer loop
      vertex 60.1437 -0.95 19.324
      vertex 60.671 -0.95 20.1802
      vertex 59.9038 -0.95 19.5393
    endloop
  endfacet
  facet normal 0 -1 -0
    outer loop
      vertex 60.671 -0.95 20.1802
      vertex 60.1437 -0.95 19.324
      vertex 60.9988 -0.95 19.8693
    endloop
  endfacet
  facet normal 0 -1 0
    outer loop
      vertex 60.3527 -0.95 19.0646
      vertex 60.9988 -0.95 19.8693
      vertex 60.1437 -0.95 19.324
    endloop
  endfacet
  facet normal 0 -1 -0
    outer loop
      vertex 60.9988 -0.95 19.8693
      vertex 60.3527 -0.95 19.0646
      vertex 61.2813 -0.95 19.4939
    endloop
  endfacet
  facet normal 0 -1 0
    outer loop
      vertex 60.5309 -0.95 18.7612
      vertex 61.2813 -0.95 19.4939
      vertex 60.3527 -0.95 19.0646
    endloop
  endfacet
  facet normal 0 -1 -0
    outer loop
      vertex 61.2813 -0.95 19.4939
      vertex 60.5309 -0.95 18.7612
      vertex 61.5183 -0.95 19.0541
    endloop
  endfacet
  facet normal 0 -1 0
    outer loop
      vertex 60.7316 -0.95 16.0541
      vertex 58.4477 -0.95 16.9221
      vertex 58.4477 -0.95 16.0541
    endloop
  endfacet
  facet normal 0 -1 0
    outer loop
      vertex 58.4477 -0.95 16.9221
      vertex 60.7316 -0.95 16.0541
      vertex 61.6864 -0.95 16.9221
    endloop
  endfacet
  facet normal 0 -1 0
    outer loop
      vertex 61.6864 -0.95 14.2856
      vertex 60.7316 -0.95 16.0541
      vertex 60.7316 -0.95 14.6761
    endloop
  endfacet
  facet normal 0 -1 0
    outer loop
      vertex 60.7316 -0.95 16.0541
      vertex 61.6864 -0.95 14.2856
      vertex 61.6864 -0.95 16.9221
    endloop
  endfacet
  facet normal 0 -1 0
    outer loop
      vertex 61.3655 -0.95 13.9938
      vertex 60.7316 -0.95 14.6761
      vertex 60.5155 -0.95 14.491
    endloop
  endfacet
  facet normal 0 -1 0
    outer loop
      vertex 61.0103 -0.95 13.737
      vertex 60.5155 -0.95 14.491
      vertex 60.2685 -0.95 14.3263
    endloop
  endfacet
  facet normal 0 -1 0
    outer loop
      vertex 61.0103 -0.95 13.737
      vertex 60.2685 -0.95 14.3263
      vertex 59.9906 -0.95 14.1818
    endloop
  endfacet
  facet normal 0 -1 0
    outer loop
      vertex 61.0103 -0.95 13.737
      vertex 59.9906 -0.95 14.1818
      vertex 59.6819 -0.95 14.0577
    endloop
  endfacet
  facet normal 0 -1 0
    outer loop
      vertex 60.7316 -0.95 14.6761
      vertex 61.3655 -0.95 13.9938
      vertex 61.6864 -0.95 14.2856
    endloop
  endfacet
  facet normal 0 -1 0
    outer loop
      vertex 61.0103 -0.95 13.737
      vertex 59.6819 -0.95 14.0577
      vertex 59.3515 -0.95 13.9581
    endloop
  endfacet
  facet normal 0 -1 0
    outer loop
      vertex 61.0103 -0.95 13.737
      vertex 59.3515 -0.95 13.9581
      vertex 59.0085 -0.95 13.8869
    endloop
  endfacet
  facet normal 0 -1 0
    outer loop
      vertex 61.0103 -0.95 13.737
      vertex 59.0085 -0.95 13.8869
      vertex 58.653 -0.95 13.8441
    endloop
  endfacet
  facet normal 0 -1 0
    outer loop
      vertex 60.5155 -0.95 14.491
      vertex 61.0103 -0.95 13.737
      vertex 61.3655 -0.95 13.9938
    endloop
  endfacet
  facet normal 0 -1 0
    outer loop
      vertex 61.0103 -0.95 13.737
      vertex 58.653 -0.95 13.8441
      vertex 58.285 -0.95 13.8299
    endloop
  endfacet
  facet normal 0 -1 0
    outer loop
      vertex 11.7064 -0.95 20.7413
      vertex 12.7425 -0.95 17.508
      vertex 12.7425 -0.95 20.7413
    endloop
  endfacet
  facet normal 0 -1 0
    outer loop
      vertex 12.7425 -0.95 17.508
      vertex 12.7425 -0.95 16.6401
      vertex 16.8764 -0.95 17.508
    endloop
  endfacet
  facet normal 0 -1 0
    outer loop
      vertex 11.7064 -0.95 20.7413
      vertex 12.7425 -0.95 16.6401
      vertex 12.7425 -0.95 17.508
    endloop
  endfacet
  facet normal 0 -1 0
    outer loop
      vertex 11.7064 -0.95 13.0975
      vertex 12.7425 -0.95 16.6401
      vertex 11.7064 -0.95 20.7413
    endloop
  endfacet
  facet normal 0 -1 -0
    outer loop
      vertex 12.7425 -0.95 16.6401
      vertex 11.7064 -0.95 13.0975
      vertex 12.7425 -0.95 13.0975
    endloop
  endfacet
  facet normal 0 -1 0
    outer loop
      vertex 16.8764 -0.95 17.508
      vertex 17.9125 -0.95 20.7413
      vertex 16.8764 -0.95 20.7413
    endloop
  endfacet
  facet normal 0 -1 0
    outer loop
      vertex 16.8764 -0.95 16.6401
      vertex 16.8764 -0.95 17.508
      vertex 12.7425 -0.95 16.6401
    endloop
  endfacet
  facet normal 0 -1 0
    outer loop
      vertex 16.8764 -0.95 16.6401
      vertex 17.9125 -0.95 20.7413
      vertex 16.8764 -0.95 17.508
    endloop
  endfacet
  facet normal 0 -1 0
    outer loop
      vertex 17.9125 -0.95 13.0975
      vertex 16.8764 -0.95 16.6401
      vertex 16.8764 -0.95 13.0975
    endloop
  endfacet
  facet normal 0 -1 0
    outer loop
      vertex 16.8764 -0.95 16.6401
      vertex 17.9125 -0.95 13.0975
      vertex 17.9125 -0.95 20.7413
    endloop
  endfacet
  facet normal 0 -1 0
    outer loop
      vertex 49.4664 -0.95 18.3381
      vertex 50.3506 -0.95 20.7413
      vertex 49.3524 -0.95 20.7413
    endloop
  endfacet
  facet normal 0 -1 0
    outer loop
      vertex 50.3506 -0.95 20.7413
      vertex 49.4664 -0.95 18.3381
      vertex 50.2312 -0.95 18.3381
    endloop
  endfacet
  facet normal 0 -1 0
    outer loop
      vertex 31.5465 -0.95 18.2567
      vertex 32.523 -0.95 14.5514
      vertex 32.523 -0.95 18.2567
    endloop
  endfacet
  facet normal 0 -1 0
    outer loop
      vertex 31.5465 -0.95 14.3398
      vertex 32.523 -0.95 14.5514
      vertex 31.5465 -0.95 18.2567
    endloop
  endfacet
  facet normal 0 -1 -0
    outer loop
      vertex 32.523 -0.95 14.5514
      vertex 31.5465 -0.95 14.3398
      vertex 32.5316 -0.95 14.3556
    endloop
  endfacet
  facet normal 0 -1 0
    outer loop
      vertex 31.5465 -0.95 14.3398
      vertex 32.5575 -0.95 14.1913
      vertex 32.5316 -0.95 14.3556
    endloop
  endfacet
  facet normal 0 -1 0
    outer loop
      vertex 31.6197 -0.95 13.7583
      vertex 32.5575 -0.95 14.1913
      vertex 31.5465 -0.95 14.3398
    endloop
  endfacet
  facet normal 0 -1 -0
    outer loop
      vertex 32.5575 -0.95 14.1913
      vertex 31.6197 -0.95 13.7583
      vertex 32.6008 -0.95 14.0586
    endloop
  endfacet
  facet normal 0 -1 0
    outer loop
      vertex 31.8394 -0.95 13.343
      vertex 32.6008 -0.95 14.0586
      vertex 31.6197 -0.95 13.7583
    endloop
  endfacet
  facet normal 0 -1 -0
    outer loop
      vertex 32.6008 -0.95 14.0586
      vertex 31.8394 -0.95 13.343
      vertex 32.6613 -0.95 13.9573
    endloop
  endfacet
  facet normal 0 -1 0
    outer loop
      vertex 32.7182 -0.95 13.0107
      vertex 32.7432 -0.95 13.8826
      vertex 32.2056 -0.95 13.0938
    endloop
  endfacet
  facet normal 0 -1 -0
    outer loop
      vertex 32.6613 -0.95 13.9573
      vertex 32.2056 -0.95 13.0938
      vertex 32.7432 -0.95 13.8826
    endloop
  endfacet
  facet normal 0 -1 0
    outer loop
      vertex 32.2056 -0.95 13.0938
      vertex 32.6613 -0.95 13.9573
      vertex 31.8394 -0.95 13.343
    endloop
  endfacet
  facet normal 0 -1 0
    outer loop
      vertex 31.5465 -0.95 18.2567
      vertex 31.5844 -0.95 18.9673
      vertex 30.8683 -0.95 18.9673
    endloop
  endfacet
  facet normal 0 -1 0
    outer loop
      vertex 32.523 -0.95 18.2567
      vertex 31.5844 -0.95 18.9673
      vertex 31.5465 -0.95 18.2567
    endloop
  endfacet
  facet normal 0 -1 0
    outer loop
      vertex 31.5465 -0.95 18.2567
      vertex 30.8683 -0.95 18.9673
      vertex 30.8683 -0.95 18.2567
    endloop
  endfacet
  facet normal 0 -1 0
    outer loop
      vertex 31.5844 -0.95 18.9673
      vertex 32.523 -0.95 18.2567
      vertex 32.523 -0.95 18.9673
    endloop
  endfacet
  facet normal 0 -1 0
    outer loop
      vertex 32.523 -0.95 18.9673
      vertex 32.523 -0.95 18.2567
      vertex 33.608 -0.95 18.9673
    endloop
  endfacet
  facet normal 0 -1 -0
    outer loop
      vertex 33.608 -0.95 18.9673
      vertex 32.523 -0.95 18.2567
      vertex 33.608 -0.95 18.2567
    endloop
  endfacet
  facet normal 0 -1 0
    outer loop
      vertex 32.523 -0.95 18.9673
      vertex 31.872 -0.95 20.2802
      vertex 31.5844 -0.95 18.9673
    endloop
  endfacet
  facet normal 0 -1 0
    outer loop
      vertex 31.872 -0.95 20.2802
      vertex 32.523 -0.95 18.9673
      vertex 32.523 -0.95 20.2802
    endloop
  endfacet
  facet normal 0 -1 -0
    outer loop
      vertex 32.7432 -0.95 13.8826
      vertex 32.7182 -0.95 13.0107
      vertex 32.8505 -0.95 13.8292
    endloop
  endfacet
  facet normal 0 -1 -0
    outer loop
      vertex 32.8505 -0.95 13.8292
      vertex 32.7182 -0.95 13.0107
      vertex 32.9832 -0.95 13.7971
    endloop
  endfacet
  facet normal -0 -1 0
    outer loop
      vertex 32.9692 -0.95 13.0189
      vertex 32.9832 -0.95 13.7971
      vertex 32.7182 -0.95 13.0107
    endloop
  endfacet
  facet normal 0 -1 -0
    outer loop
      vertex 32.9832 -0.95 13.7971
      vertex 32.9692 -0.95 13.0189
      vertex 33.1414 -0.95 13.7865
    endloop
  endfacet
  facet normal -0 -1 0
    outer loop
      vertex 33.2174 -0.95 13.0433
      vertex 33.1414 -0.95 13.7865
      vertex 32.9692 -0.95 13.0189
    endloop
  endfacet
  facet normal -0 -1 0
    outer loop
      vertex 33.4628 -0.95 13.084
      vertex 33.2499 -0.95 13.7912
      vertex 33.2174 -0.95 13.0433
    endloop
  endfacet
  facet normal 0 -1 0
    outer loop
      vertex 33.1414 -0.95 13.7865
      vertex 33.2174 -0.95 13.0433
      vertex 33.2499 -0.95 13.7912
    endloop
  endfacet
  facet normal 0 -1 0
    outer loop
      vertex 33.532 -0.95 13.8292
      vertex 33.7056 -0.95 13.141
      vertex 33.7056 -0.95 13.8625
    endloop
  endfacet
  facet normal 0 -1 0
    outer loop
      vertex 33.3801 -0.95 13.8055
      vertex 33.7056 -0.95 13.141
      vertex 33.532 -0.95 13.8292
    endloop
  endfacet
  facet normal -0 -1 0
    outer loop
      vertex 33.7056 -0.95 13.141
      vertex 33.3801 -0.95 13.8055
      vertex 33.4628 -0.95 13.084
    endloop
  endfacet
  facet normal 0 -1 0
    outer loop
      vertex 33.2499 -0.95 13.7912
      vertex 33.4628 -0.95 13.084
      vertex 33.3801 -0.95 13.8055
    endloop
  endfacet
  facet normal 0 -1 0
    outer loop
      vertex 25.4176 -0.95 18.8036
      vertex 26.3256 -0.95 18.9673
      vertex 25.4034 -0.95 18.9673
    endloop
  endfacet
  facet normal 0 -1 -0
    outer loop
      vertex 26.3256 -0.95 18.9673
      vertex 25.4176 -0.95 18.8036
      vertex 26.3283 -0.95 18.948
    endloop
  endfacet
  facet normal 0 -1 -0
    outer loop
      vertex 26.3283 -0.95 18.948
      vertex 25.4176 -0.95 18.8036
      vertex 26.331 -0.95 18.9172
    endloop
  endfacet
  facet normal 0 -1 -0
    outer loop
      vertex 26.331 -0.95 18.9172
      vertex 25.4176 -0.95 18.8036
      vertex 26.3337 -0.95 18.8748
    endloop
  endfacet
  facet normal 0 -1 -0
    outer loop
      vertex 26.3337 -0.95 18.8748
      vertex 25.4176 -0.95 18.8036
      vertex 26.3364 -0.95 18.8209
    endloop
  endfacet
  facet normal 0 -1 0
    outer loop
      vertex 25.4176 -0.95 18.8036
      vertex 26.3393 -0.95 18.759
      vertex 26.3364 -0.95 18.8209
    endloop
  endfacet
  facet normal 0 -1 0
    outer loop
      vertex 25.4176 -0.95 18.8036
      vertex 26.3426 -0.95 18.6927
      vertex 26.3393 -0.95 18.759
    endloop
  endfacet
  facet normal 0 -1 0
    outer loop
      vertex 25.4277 -0.95 18.5401
      vertex 26.3426 -0.95 18.6927
      vertex 25.4176 -0.95 18.8036
    endloop
  endfacet
  facet normal 0 -1 -0
    outer loop
      vertex 26.3426 -0.95 18.6927
      vertex 25.4277 -0.95 18.5401
      vertex 26.3461 -0.95 18.622
    endloop
  endfacet
  facet normal 0 -1 -0
    outer loop
      vertex 26.3461 -0.95 18.622
      vertex 25.4277 -0.95 18.5401
      vertex 26.35 -0.95 18.5469
    endloop
  endfacet
  facet normal 0 -1 0
    outer loop
      vertex 25.4277 -0.95 18.5401
      vertex 26.3543 -0.95 18.4524
      vertex 26.35 -0.95 18.5469
    endloop
  endfacet
  facet normal 0 -1 0
    outer loop
      vertex 25.4277 -0.95 18.5401
      vertex 26.3589 -0.95 18.3238
      vertex 26.3543 -0.95 18.4524
    endloop
  endfacet
  facet normal 0 -1 0
    outer loop
      vertex 25.4338 -0.95 18.177
      vertex 26.3589 -0.95 18.3238
      vertex 25.4277 -0.95 18.5401
    endloop
  endfacet
  facet normal 0 -1 0
    outer loop
      vertex 25.4338 -0.95 18.177
      vertex 26.3638 -0.95 18.1609
      vertex 26.3589 -0.95 18.3238
    endloop
  endfacet
  facet normal 0 -1 0
    outer loop
      vertex 25.4338 -0.95 18.177
      vertex 26.369 -0.95 17.9637
      vertex 26.3638 -0.95 18.1609
    endloop
  endfacet
  facet normal 0 -1 0
    outer loop
      vertex 26.6413 -0.95 17.5741
      vertex 26.3853 -0.95 17.9637
      vertex 26.369 -0.95 17.9637
    endloop
  endfacet
  facet normal 0 -1 0
    outer loop
      vertex 25.4359 -0.95 17.7141
      vertex 26.369 -0.95 17.9637
      vertex 25.4338 -0.95 18.177
    endloop
  endfacet
  facet normal 0 -1 0
    outer loop
      vertex 26.5142 -0.95 17.2625
      vertex 26.369 -0.95 17.9637
      vertex 25.4359 -0.95 17.7141
    endloop
  endfacet
  facet normal 0 -1 0
    outer loop
      vertex 26.3853 -0.95 17.9637
      vertex 26.6413 -0.95 17.5741
      vertex 26.8193 -0.95 17.8389
    endloop
  endfacet
  facet normal 0 -1 0
    outer loop
      vertex 26.369 -0.95 17.9637
      vertex 26.5142 -0.95 17.2625
      vertex 26.6413 -0.95 17.5741
    endloop
  endfacet
  facet normal 0 -1 0
    outer loop
      vertex 25.4359 -0.95 17.7141
      vertex 26.4379 -0.95 16.9042
      vertex 26.5142 -0.95 17.2625
    endloop
  endfacet
  facet normal 0 -1 0
    outer loop
      vertex 25.4359 -0.95 17.7141
      vertex 26.4124 -0.95 16.4989
      vertex 26.4379 -0.95 16.9042
    endloop
  endfacet
  facet normal 0 -1 0
    outer loop
      vertex 25.4359 -0.95 13.0975
      vertex 26.4124 -0.95 16.4989
      vertex 25.4359 -0.95 17.7141
    endloop
  endfacet
  facet normal 0 -1 -0
    outer loop
      vertex 26.4124 -0.95 16.4989
      vertex 25.4359 -0.95 13.0975
      vertex 26.4124 -0.95 13.0975
    endloop
  endfacet
  facet normal 0 -1 -0
    outer loop
      vertex 27.6595 -0.95 19.0127
      vertex 27.5974 -0.95 18.2916
      vertex 27.9314 -0.95 18.3217
    endloop
  endfacet
  facet normal 0 -1 0
    outer loop
      vertex 27.0414 -0.95 18.0502
      vertex 26.7481 -0.95 18.4825
      vertex 26.5601 -0.95 18.2453
    endloop
  endfacet
  facet normal 0 -1 0
    outer loop
      vertex 26.9493 -0.95 18.6752
      vertex 27.3008 -0.95 18.201
      vertex 27.5974 -0.95 18.2916
    endloop
  endfacet
  facet normal 0 -1 0
    outer loop
      vertex 26.7481 -0.95 18.4825
      vertex 27.0414 -0.95 18.0502
      vertex 27.3008 -0.95 18.201
    endloop
  endfacet
  facet normal 0 -1 0
    outer loop
      vertex 26.8193 -0.95 17.8389
      vertex 26.5601 -0.95 18.2453
      vertex 26.3853 -0.95 17.9637
    endloop
  endfacet
  facet normal 0 -1 0
    outer loop
      vertex 26.5601 -0.95 18.2453
      vertex 26.8193 -0.95 17.8389
      vertex 27.0414 -0.95 18.0502
    endloop
  endfacet
  facet normal 0 -1 0
    outer loop
      vertex 28.1582 -0.95 18.3129
      vertex 28.2624 -0.95 19.0758
      vertex 27.9475 -0.95 19.0601
    endloop
  endfacet
  facet normal 0 -1 0
    outer loop
      vertex 27.9314 -0.95 18.3217
      vertex 27.9475 -0.95 19.0601
      vertex 27.6595 -0.95 19.0127
    endloop
  endfacet
  facet normal 0 -1 -0
    outer loop
      vertex 28.2624 -0.95 19.0758
      vertex 28.1582 -0.95 18.3129
      vertex 28.3559 -0.95 18.2865
    endloop
  endfacet
  facet normal 0 -1 0
    outer loop
      vertex 27.5974 -0.95 18.2916
      vertex 27.6595 -0.95 19.0127
      vertex 27.3982 -0.95 18.9339
    endloop
  endfacet
  facet normal 0 -1 0
    outer loop
      vertex 27.5974 -0.95 18.2916
      vertex 27.3982 -0.95 18.9339
      vertex 27.1637 -0.95 18.8236
    endloop
  endfacet
  facet normal 0 -1 0
    outer loop
      vertex 28.2624 -0.95 19.0758
      vertex 28.3559 -0.95 18.2865
      vertex 28.7128 -0.95 19.0458
    endloop
  endfacet
  facet normal 0 -1 0
    outer loop
      vertex 27.5974 -0.95 18.2916
      vertex 27.1637 -0.95 18.8236
      vertex 26.9493 -0.95 18.6752
    endloop
  endfacet
  facet normal 0 -1 -0
    outer loop
      vertex 27.9475 -0.95 19.0601
      vertex 27.9314 -0.95 18.3217
      vertex 28.1582 -0.95 18.3129
    endloop
  endfacet
  facet normal 0 -1 0
    outer loop
      vertex 27.3008 -0.95 18.201
      vertex 26.9493 -0.95 18.6752
      vertex 26.7481 -0.95 18.4825
    endloop
  endfacet
  facet normal 0 -1 0
    outer loop
      vertex 28.5244 -0.95 18.2424
      vertex 28.7128 -0.95 19.0458
      vertex 28.3559 -0.95 18.2865
    endloop
  endfacet
  facet normal 0 -1 0
    outer loop
      vertex 28.6637 -0.95 18.1807
      vertex 28.7128 -0.95 19.0458
      vertex 28.5244 -0.95 18.2424
    endloop
  endfacet
  facet normal 0 -1 -0
    outer loop
      vertex 28.7128 -0.95 19.0458
      vertex 28.6637 -0.95 18.1807
      vertex 29.0984 -0.95 18.9558
    endloop
  endfacet
  facet normal 0 -1 0
    outer loop
      vertex 28.78 -0.95 18.099
      vertex 29.0984 -0.95 18.9558
      vertex 28.6637 -0.95 18.1807
    endloop
  endfacet
  facet normal 0 -1 -0
    outer loop
      vertex 29.0984 -0.95 18.9558
      vertex 28.78 -0.95 18.099
      vertex 29.4193 -0.95 18.8058
    endloop
  endfacet
  facet normal 0 -1 0
    outer loop
      vertex 28.8794 -0.95 17.9949
      vertex 29.4193 -0.95 18.8058
      vertex 28.78 -0.95 18.099
    endloop
  endfacet
  facet normal 0 -1 -0
    outer loop
      vertex 29.4193 -0.95 18.8058
      vertex 28.8794 -0.95 17.9949
      vertex 29.6755 -0.95 18.5957
    endloop
  endfacet
  facet normal 0 -1 0
    outer loop
      vertex 28.9618 -0.95 17.8684
      vertex 29.6755 -0.95 18.5957
      vertex 28.8794 -0.95 17.9949
    endloop
  endfacet
  facet normal 0 -1 -0
    outer loop
      vertex 29.6755 -0.95 18.5957
      vertex 28.9618 -0.95 17.8684
      vertex 29.8713 -0.95 18.3165
    endloop
  endfacet
  facet normal 0 -1 0
    outer loop
      vertex 29.0272 -0.95 17.7196
      vertex 29.8713 -0.95 18.3165
      vertex 28.9618 -0.95 17.8684
    endloop
  endfacet
  facet normal 0 -1 -0
    outer loop
      vertex 29.8713 -0.95 18.3165
      vertex 29.0272 -0.95 17.7196
      vertex 30.0112 -0.95 17.959
    endloop
  endfacet
  facet normal 0 -1 0
    outer loop
      vertex 29.0771 -0.95 17.5433
      vertex 30.0112 -0.95 17.959
      vertex 29.0272 -0.95 17.7196
    endloop
  endfacet
  facet normal 0 -1 0
    outer loop
      vertex 29.0771 -0.95 17.5433
      vertex 30.0951 -0.95 17.5231
      vertex 30.0112 -0.95 17.959
    endloop
  endfacet
  facet normal 0 -1 0
    outer loop
      vertex 29.1127 -0.95 17.3344
      vertex 30.0951 -0.95 17.5231
      vertex 29.0771 -0.95 17.5433
    endloop
  endfacet
  facet normal 0 -1 0
    outer loop
      vertex 29.134 -0.95 17.093
      vertex 30.0951 -0.95 17.5231
      vertex 29.1127 -0.95 17.3344
    endloop
  endfacet
  facet normal 0 -1 0
    outer loop
      vertex 29.134 -0.95 17.093
      vertex 30.1231 -0.95 17.0089
      vertex 30.0951 -0.95 17.5231
    endloop
  endfacet
  facet normal 0 -1 0
    outer loop
      vertex 29.1412 -0.95 16.819
      vertex 30.1231 -0.95 17.0089
      vertex 29.134 -0.95 17.093
    endloop
  endfacet
  facet normal 0 -1 0
    outer loop
      vertex 30.1231 -0.95 13.0975
      vertex 29.1412 -0.95 16.819
      vertex 29.1412 -0.95 13.0975
    endloop
  endfacet
  facet normal 0 -1 0
    outer loop
      vertex 29.1412 -0.95 16.819
      vertex 30.1231 -0.95 13.0975
      vertex 30.1231 -0.95 17.0089
    endloop
  endfacet
  facet normal 0 -1 0
    outer loop
      vertex 38.3912 -0.95 16.5749
      vertex 39.4003 -0.95 15.8263
      vertex 39.4003 -0.95 15.9565
    endloop
  endfacet
  facet normal 0 -1 0
    outer loop
      vertex 38.3026 -0.95 14.4351
      vertex 39.2429 -0.95 14.3778
      vertex 38.3858 -0.95 14.6219
    endloop
  endfacet
  facet normal 0 -1 0
    outer loop
      vertex 38.8961 -0.95 13.7702
      vertex 38.3026 -0.95 14.4351
      vertex 38.1884 -0.95 14.2652
    endloop
  endfacet
  facet normal 0 -1 0
    outer loop
      vertex 38.8961 -0.95 13.7702
      vertex 38.1884 -0.95 14.2652
      vertex 38.0435 -0.95 14.1123
    endloop
  endfacet
  facet normal 0 -1 0
    outer loop
      vertex 38.3817 -0.95 13.3362
      vertex 38.0435 -0.95 14.1123
      vertex 37.8676 -0.95 13.9763
    endloop
  endfacet
  facet normal 0 -1 0
    outer loop
      vertex 38.3817 -0.95 13.3362
      vertex 37.8676 -0.95 13.9763
      vertex 37.6607 -0.95 13.8648
    endloop
  endfacet
  facet normal 0 -1 0
    outer loop
      vertex 37.6999 -0.95 13.0758
      vertex 37.6607 -0.95 13.8648
      vertex 37.4222 -0.95 13.7851
    endloop
  endfacet
  facet normal 0 -1 0
    outer loop
      vertex 38.3026 -0.95 14.4351
      vertex 38.8961 -0.95 13.7702
      vertex 39.2429 -0.95 14.3778
    endloop
  endfacet
  facet normal 0 -1 0
    outer loop
      vertex 37.6999 -0.95 13.0758
      vertex 37.4222 -0.95 13.7851
      vertex 37.1521 -0.95 13.7373
    endloop
  endfacet
  facet normal 0 -1 0
    outer loop
      vertex 36.8505 -0.95 12.989
      vertex 37.1521 -0.95 13.7373
      vertex 36.8505 -0.95 13.7214
    endloop
  endfacet
  facet normal 0 -1 0
    outer loop
      vertex 36.1439 -0.95 13.8583
      vertex 36.2384 -0.95 13.0375
      vertex 36.4731 -0.95 13.7556
    endloop
  endfacet
  facet normal 0 -1 -0
    outer loop
      vertex 37.1521 -0.95 13.7373
      vertex 36.8505 -0.95 12.989
      vertex 37.6999 -0.95 13.0758
    endloop
  endfacet
  facet normal 0 -1 0
    outer loop
      vertex 36.8505 -0.95 12.989
      vertex 36.4731 -0.95 13.7556
      vertex 36.2384 -0.95 13.0375
    endloop
  endfacet
  facet normal 0 -1 0
    outer loop
      vertex 37.6607 -0.95 13.8648
      vertex 37.6999 -0.95 13.0758
      vertex 38.3817 -0.95 13.3362
    endloop
  endfacet
  facet normal 0 -1 0
    outer loop
      vertex 36.4731 -0.95 13.7556
      vertex 36.8505 -0.95 12.989
      vertex 36.8505 -0.95 13.7214
    endloop
  endfacet
  facet normal 0 -1 0
    outer loop
      vertex 38.0435 -0.95 14.1123
      vertex 38.3817 -0.95 13.3362
      vertex 38.8961 -0.95 13.7702
    endloop
  endfacet
  facet normal 0 -1 0
    outer loop
      vertex 36.8125 -0.95 19.0758
      vertex 36.4594 -0.95 18.3246
      vertex 36.7963 -0.95 18.3543
    endloop
  endfacet
  facet normal 0 -1 0
    outer loop
      vertex 35.6705 -0.95 17.8796
      vertex 35.2445 -0.95 18.6394
      vertex 34.8676 -0.95 18.3001
    endloop
  endfacet
  facet normal 0 -1 0
    outer loop
      vertex 35.6943 -0.95 18.8819
      vertex 36.1595 -0.95 18.2356
      vertex 36.4594 -0.95 18.3246
    endloop
  endfacet
  facet normal 0 -1 0
    outer loop
      vertex 35.6943 -0.95 18.8819
      vertex 35.8965 -0.95 18.0873
      vertex 36.1595 -0.95 18.2356
    endloop
  endfacet
  facet normal 0 -1 0
    outer loop
      vertex 35.2445 -0.95 18.6394
      vertex 35.6705 -0.95 17.8796
      vertex 35.8965 -0.95 18.0873
    endloop
  endfacet
  facet normal 0 -1 0
    outer loop
      vertex 35.487 -0.95 17.62
      vertex 34.8676 -0.95 18.3001
      vertex 34.5698 -0.95 17.8698
    endloop
  endfacet
  facet normal 0 -1 0
    outer loop
      vertex 34.8676 -0.95 18.3001
      vertex 35.487 -0.95 17.62
      vertex 35.6705 -0.95 17.8796
    endloop
  endfacet
  facet normal 0 -1 0
    outer loop
      vertex 35.3512 -0.95 17.3161
      vertex 34.5698 -0.95 17.8698
      vertex 34.3571 -0.95 17.3547
    endloop
  endfacet
  facet normal 0 -1 0
    outer loop
      vertex 34.5698 -0.95 17.8698
      vertex 35.3512 -0.95 17.3161
      vertex 35.487 -0.95 17.62
    endloop
  endfacet
  facet normal 0 -1 0
    outer loop
      vertex 34.3571 -0.95 17.3547
      vertex 35.2632 -0.95 16.9677
      vertex 35.3512 -0.95 17.3161
    endloop
  endfacet
  facet normal 0 -1 0
    outer loop
      vertex 34.2294 -0.95 16.755
      vertex 35.2632 -0.95 16.9677
      vertex 34.3571 -0.95 17.3547
    endloop
  endfacet
  facet normal 0 -1 0
    outer loop
      vertex 34.2294 -0.95 16.755
      vertex 35.223 -0.95 16.5749
      vertex 35.2632 -0.95 16.9677
    endloop
  endfacet
  facet normal 0 -1 0
    outer loop
      vertex 35.2121 -0.95 15.8263
      vertex 35.223 -0.95 16.5749
      vertex 34.1868 -0.95 16.0704
    endloop
  endfacet
  facet normal 0 -1 0
    outer loop
      vertex 34.1868 -0.95 16.0704
      vertex 35.223 -0.95 16.5749
      vertex 34.2294 -0.95 16.755
    endloop
  endfacet
  facet normal 0 -1 0
    outer loop
      vertex 36.4594 -0.95 18.3246
      vertex 36.217 -0.95 19.0273
      vertex 35.6943 -0.95 18.8819
    endloop
  endfacet
  facet normal 0 -1 0
    outer loop
      vertex 36.4594 -0.95 18.3246
      vertex 36.8125 -0.95 19.0758
      vertex 36.217 -0.95 19.0273
    endloop
  endfacet
  facet normal 0 -1 0
    outer loop
      vertex 35.8965 -0.95 18.0873
      vertex 35.6943 -0.95 18.8819
      vertex 35.2445 -0.95 18.6394
    endloop
  endfacet
  facet normal 0 -1 0
    outer loop
      vertex 37.1411 -0.95 18.3277
      vertex 36.8125 -0.95 19.0758
      vertex 36.7963 -0.95 18.3543
    endloop
  endfacet
  facet normal 0 -1 0
    outer loop
      vertex 36.8125 -0.95 19.0758
      vertex 37.1411 -0.95 18.3277
      vertex 37.9447 -0.95 18.8809
    endloop
  endfacet
  facet normal 0 -1 0
    outer loop
      vertex 37.4432 -0.95 18.2478
      vertex 37.9447 -0.95 18.8809
      vertex 37.1411 -0.95 18.3277
    endloop
  endfacet
  facet normal 0 -1 0
    outer loop
      vertex 37.7025 -0.95 18.1148
      vertex 37.9447 -0.95 18.8809
      vertex 37.4432 -0.95 18.2478
    endloop
  endfacet
  facet normal 0 -1 0
    outer loop
      vertex 37.9192 -0.95 17.9284
      vertex 37.9447 -0.95 18.8809
      vertex 37.7025 -0.95 18.1148
    endloop
  endfacet
  facet normal 0 -1 -0
    outer loop
      vertex 37.9447 -0.95 18.8809
      vertex 37.9192 -0.95 17.9284
      vertex 38.7534 -0.95 18.296
    endloop
  endfacet
  facet normal 0 -1 0
    outer loop
      vertex 38.0952 -0.95 17.6842
      vertex 38.7534 -0.95 18.296
      vertex 37.9192 -0.95 17.9284
    endloop
  endfacet
  facet normal 0 -1 0
    outer loop
      vertex 38.2325 -0.95 17.3771
      vertex 38.7534 -0.95 18.296
      vertex 38.0952 -0.95 17.6842
    endloop
  endfacet
  facet normal 0 -1 0
    outer loop
      vertex 38.2325 -0.95 17.3771
      vertex 39.2386 -0.95 17.3212
      vertex 38.7534 -0.95 18.296
    endloop
  endfacet
  facet normal 0 -1 0
    outer loop
      vertex 38.3312 -0.95 17.0074
      vertex 39.2386 -0.95 17.3212
      vertex 38.2325 -0.95 17.3771
    endloop
  endfacet
  facet normal 0 -1 0
    outer loop
      vertex 38.3912 -0.95 16.5749
      vertex 39.2386 -0.95 17.3212
      vertex 38.3312 -0.95 17.0074
    endloop
  endfacet
  facet normal 0 -1 0
    outer loop
      vertex 38.3912 -0.95 16.5749
      vertex 39.4003 -0.95 15.9565
      vertex 39.2386 -0.95 17.3212
    endloop
  endfacet
  facet normal 0 -1 -0
    outer loop
      vertex 35.223 -0.95 16.5749
      vertex 35.2121 -0.95 15.8263
      vertex 38.3912 -0.95 16.5749
    endloop
  endfacet
  facet normal 0 -1 0
    outer loop
      vertex 39.4003 -0.95 15.8263
      vertex 38.3912 -0.95 16.5749
      vertex 35.2121 -0.95 15.8263
    endloop
  endfacet
  facet normal 0 -1 0
    outer loop
      vertex 34.2294 -0.95 15.3526
      vertex 35.2121 -0.95 15.8263
      vertex 34.1868 -0.95 16.0704
    endloop
  endfacet
  facet normal 0 -1 0
    outer loop
      vertex 34.2294 -0.95 15.3526
      vertex 35.2382 -0.95 15.3506
      vertex 35.2121 -0.95 15.8263
    endloop
  endfacet
  facet normal 0 -1 0
    outer loop
      vertex 34.3571 -0.95 14.7291
      vertex 35.2382 -0.95 15.3506
      vertex 34.2294 -0.95 15.3526
    endloop
  endfacet
  facet normal 0 -1 -0
    outer loop
      vertex 35.2382 -0.95 15.3506
      vertex 34.3571 -0.95 14.7291
      vertex 35.3166 -0.95 14.9325
    endloop
  endfacet
  facet normal 0 -1 0
    outer loop
      vertex 34.5698 -0.95 14.1998
      vertex 35.3166 -0.95 14.9325
      vertex 34.3571 -0.95 14.7291
    endloop
  endfacet
  facet normal 0 -1 -0
    outer loop
      vertex 35.3166 -0.95 14.9325
      vertex 34.5698 -0.95 14.1998
      vertex 35.4471 -0.95 14.5721
    endloop
  endfacet
  facet normal 0 -1 0
    outer loop
      vertex 34.8676 -0.95 13.7648
      vertex 35.4471 -0.95 14.5721
      vertex 34.5698 -0.95 14.1998
    endloop
  endfacet
  facet normal 0 -1 -0
    outer loop
      vertex 35.4471 -0.95 14.5721
      vertex 34.8676 -0.95 13.7648
      vertex 35.6298 -0.95 14.2693
    endloop
  endfacet
  facet normal 0 -1 0
    outer loop
      vertex 35.2469 -0.95 13.4254
      vertex 35.6298 -0.95 14.2693
      vertex 34.8676 -0.95 13.7648
    endloop
  endfacet
  facet normal 0 -1 -0
    outer loop
      vertex 35.6298 -0.95 14.2693
      vertex 35.2469 -0.95 13.4254
      vertex 35.8628 -0.95 14.0295
    endloop
  endfacet
  facet normal 0 -1 0
    outer loop
      vertex 35.7038 -0.95 13.183
      vertex 35.8628 -0.95 14.0295
      vertex 35.2469 -0.95 13.4254
    endloop
  endfacet
  facet normal 0 -1 -0
    outer loop
      vertex 35.8628 -0.95 14.0295
      vertex 35.7038 -0.95 13.183
      vertex 36.1439 -0.95 13.8583
    endloop
  endfacet
  facet normal 0 -1 0
    outer loop
      vertex 36.2384 -0.95 13.0375
      vertex 36.1439 -0.95 13.8583
      vertex 35.7038 -0.95 13.183
    endloop
  endfacet
  facet normal 0 -1 0
    outer loop
      vertex 40.5015 -0.95 18.6011
      vertex 41.4095 -0.95 18.9673
      vertex 40.4873 -0.95 18.9673
    endloop
  endfacet
  facet normal 0 -1 0
    outer loop
      vertex 40.5015 -0.95 18.6011
      vertex 41.4285 -0.95 18.5181
      vertex 41.4095 -0.95 18.9673
    endloop
  endfacet
  facet normal 0 -1 0
    outer loop
      vertex 40.5117 -0.95 18.2512
      vertex 41.4285 -0.95 18.5181
      vertex 40.5015 -0.95 18.6011
    endloop
  endfacet
  facet normal 0 -1 0
    outer loop
      vertex 40.5117 -0.95 18.2512
      vertex 41.4421 -0.95 18.1685
      vertex 41.4285 -0.95 18.5181
    endloop
  endfacet
  facet normal 0 -1 0
    outer loop
      vertex 40.5177 -0.95 17.9176
      vertex 41.4421 -0.95 18.1685
      vertex 40.5117 -0.95 18.2512
    endloop
  endfacet
  facet normal 0 -1 -0
    outer loop
      vertex 41.4421 -0.95 18.1685
      vertex 40.5177 -0.95 17.9176
      vertex 41.4502 -0.95 17.9186
    endloop
  endfacet
  facet normal 0 -1 0
    outer loop
      vertex 40.5177 -0.95 17.9176
      vertex 41.4529 -0.95 17.7685
      vertex 41.4502 -0.95 17.9186
    endloop
  endfacet
  facet normal 0 -1 0
    outer loop
      vertex 41.6764 -0.95 17.3671
      vertex 41.4746 -0.95 17.7685
      vertex 41.4529 -0.95 17.7685
    endloop
  endfacet
  facet normal 0 -1 0
    outer loop
      vertex 40.5198 -0.95 17.6002
      vertex 41.4529 -0.95 17.7685
      vertex 40.5177 -0.95 17.9176
    endloop
  endfacet
  facet normal 0 -1 0
    outer loop
      vertex 41.5764 -0.95 17.0205
      vertex 41.4529 -0.95 17.7685
      vertex 40.5198 -0.95 17.6002
    endloop
  endfacet
  facet normal 0 -1 0
    outer loop
      vertex 41.4746 -0.95 17.7685
      vertex 41.6764 -0.95 17.3671
      vertex 41.8164 -0.95 17.6572
    endloop
  endfacet
  facet normal 0 -1 0
    outer loop
      vertex 41.4529 -0.95 17.7685
      vertex 41.5764 -0.95 17.0205
      vertex 41.6764 -0.95 17.3671
    endloop
  endfacet
  facet normal 0 -1 0
    outer loop
      vertex 40.5198 -0.95 17.6002
      vertex 41.5163 -0.95 16.6171
      vertex 41.5764 -0.95 17.0205
    endloop
  endfacet
  facet normal 0 -1 0
    outer loop
      vertex 40.5198 -0.95 17.6002
      vertex 41.4963 -0.95 16.1572
      vertex 41.5163 -0.95 16.6171
    endloop
  endfacet
  facet normal 0 -1 0
    outer loop
      vertex 40.5198 -0.95 13.0975
      vertex 41.4963 -0.95 16.1572
      vertex 40.5198 -0.95 17.6002
    endloop
  endfacet
  facet normal 0 -1 -0
    outer loop
      vertex 41.4963 -0.95 16.1572
      vertex 40.5198 -0.95 13.0975
      vertex 41.4963 -0.95 13.0975
    endloop
  endfacet
  facet normal 0 -1 0
    outer loop
      vertex 42.3778 -0.95 19.0066
      vertex 42.4583 -0.95 18.148
      vertex 42.7441 -0.95 18.1807
    endloop
  endfacet
  facet normal 0 -1 0
    outer loop
      vertex 41.9944 -0.95 17.8862
      vertex 41.7255 -0.95 18.4032
      vertex 41.5956 -0.95 18.1157
    endloop
  endfacet
  facet normal 0 -1 0
    outer loop
      vertex 41.8642 -0.95 18.631
      vertex 42.2084 -0.95 18.0498
      vertex 42.4583 -0.95 18.148
    endloop
  endfacet
  facet normal 0 -1 0
    outer loop
      vertex 41.7255 -0.95 18.4032
      vertex 41.9944 -0.95 17.8862
      vertex 42.2084 -0.95 18.0498
    endloop
  endfacet
  facet normal 0 -1 0
    outer loop
      vertex 41.8164 -0.95 17.6572
      vertex 41.5956 -0.95 18.1157
      vertex 41.4746 -0.95 17.7685
    endloop
  endfacet
  facet normal 0 -1 0
    outer loop
      vertex 41.5956 -0.95 18.1157
      vertex 41.8164 -0.95 17.6572
      vertex 41.9944 -0.95 17.8862
    endloop
  endfacet
  facet normal 0 -1 0
    outer loop
      vertex 42.8987 -0.95 18.1773
      vertex 42.9668 -0.95 19.0724
      vertex 42.8688 -0.95 19.0758
    endloop
  endfacet
  facet normal 0 -1 0
    outer loop
      vertex 42.7441 -0.95 18.1807
      vertex 42.8688 -0.95 19.0758
      vertex 42.6077 -0.95 19.0585
    endloop
  endfacet
  facet normal 0 -1 -0
    outer loop
      vertex 42.9668 -0.95 19.0724
      vertex 42.8987 -0.95 18.1773
      vertex 43.0655 -0.95 19.0622
    endloop
  endfacet
  facet normal 0 -1 0
    outer loop
      vertex 43.037 -0.95 18.1671
      vertex 43.0655 -0.95 19.0622
      vertex 42.8987 -0.95 18.1773
    endloop
  endfacet
  facet normal 0 -1 0
    outer loop
      vertex 42.7441 -0.95 18.1807
      vertex 42.6077 -0.95 19.0585
      vertex 42.3778 -0.95 19.0066
    endloop
  endfacet
  facet normal 0 -1 0
    outer loop
      vertex 42.4583 -0.95 18.148
      vertex 42.3778 -0.95 19.0066
      vertex 42.1791 -0.95 18.9202
    endloop
  endfacet
  facet normal 0 -1 0
    outer loop
      vertex 42.4583 -0.95 18.148
      vertex 42.1791 -0.95 18.9202
      vertex 42.0116 -0.95 18.7992
    endloop
  endfacet
  facet normal 0 -1 0
    outer loop
      vertex 42.4583 -0.95 18.148
      vertex 42.0116 -0.95 18.7992
      vertex 41.8642 -0.95 18.631
    endloop
  endfacet
  facet normal 0 -1 0
    outer loop
      vertex 42.2084 -0.95 18.0498
      vertex 41.8642 -0.95 18.631
      vertex 41.7255 -0.95 18.4032
    endloop
  endfacet
  facet normal 0 -1 -0
    outer loop
      vertex 42.8688 -0.95 19.0758
      vertex 42.7441 -0.95 18.1807
      vertex 42.8987 -0.95 18.1773
    endloop
  endfacet
  facet normal 0 -1 -0
    outer loop
      vertex 43.0655 -0.95 19.0622
      vertex 43.037 -0.95 18.1671
      vertex 43.1648 -0.95 19.0453
    endloop
  endfacet
  facet normal 0 -1 -0
    outer loop
      vertex 43.1648 -0.95 19.0453
      vertex 43.037 -0.95 18.1671
      vertex 43.2649 -0.95 19.0216
    endloop
  endfacet
  facet normal 0 -1 0
    outer loop
      vertex 43.1591 -0.95 18.1502
      vertex 43.2649 -0.95 19.0216
      vertex 43.037 -0.95 18.1671
    endloop
  endfacet
  facet normal 0 -1 -0
    outer loop
      vertex 43.2649 -0.95 19.0216
      vertex 43.1591 -0.95 18.1502
      vertex 43.2649 -0.95 18.1265
    endloop
  endfacet
  facet normal 0 -1 0
    outer loop
      vertex 43.7875 -0.95 14.1182
      vertex 44.5347 -0.95 14.6437
      vertex 43.672 -0.95 14.4754
    endloop
  endfacet
  facet normal 0 -1 -0
    outer loop
      vertex 44.5347 -0.95 14.6437
      vertex 43.7875 -0.95 14.1182
      vertex 44.6136 -0.95 14.4234
    endloop
  endfacet
  facet normal 0 -1 0
    outer loop
      vertex 43.9548 -0.95 13.8116
      vertex 44.6136 -0.95 14.4234
      vertex 43.7875 -0.95 14.1182
    endloop
  endfacet
  facet normal 0 -1 -0
    outer loop
      vertex 44.6136 -0.95 14.4234
      vertex 43.9548 -0.95 13.8116
      vertex 44.7258 -0.95 14.2347
    endloop
  endfacet
  facet normal 0 -1 0
    outer loop
      vertex 44.174 -0.95 13.5554
      vertex 44.7258 -0.95 14.2347
      vertex 43.9548 -0.95 13.8116
    endloop
  endfacet
  facet normal 0 -1 -0
    outer loop
      vertex 44.7258 -0.95 14.2347
      vertex 44.174 -0.95 13.5554
      vertex 44.8713 -0.95 14.0776
    endloop
  endfacet
  facet normal 0 -1 0
    outer loop
      vertex 44.4451 -0.95 13.3497
      vertex 44.8713 -0.95 14.0776
      vertex 44.174 -0.95 13.5554
    endloop
  endfacet
  facet normal 0 -1 -0
    outer loop
      vertex 44.8713 -0.95 14.0776
      vertex 44.4451 -0.95 13.3497
      vertex 45.0499 -0.95 13.9519
    endloop
  endfacet
  facet normal 0 -1 0
    outer loop
      vertex 44.7735 -0.95 13.1919
      vertex 45.0499 -0.95 13.9519
      vertex 44.4451 -0.95 13.3497
    endloop
  endfacet
  facet normal 0 -1 -0
    outer loop
      vertex 45.0499 -0.95 13.9519
      vertex 44.7735 -0.95 13.1919
      vertex 45.2642 -0.95 13.8558
    endloop
  endfacet
  facet normal 0 -1 0
    outer loop
      vertex 45.1646 -0.95 13.0792
      vertex 45.2642 -0.95 13.8558
      vertex 44.7735 -0.95 13.1919
    endloop
  endfacet
  facet normal 0 -1 -0
    outer loop
      vertex 45.2642 -0.95 13.8558
      vertex 45.1646 -0.95 13.0792
      vertex 45.5165 -0.95 13.7871
    endloop
  endfacet
  facet normal -0 -1 0
    outer loop
      vertex 46.6678 -0.95 13.0172
      vertex 46.135 -0.95 13.7322
      vertex 46.135 -0.95 12.989
    endloop
  endfacet
  facet normal 0 -1 0
    outer loop
      vertex 45.6184 -0.95 13.0116
      vertex 45.5165 -0.95 13.7871
      vertex 45.1646 -0.95 13.0792
    endloop
  endfacet
  facet normal -0 -1 0
    outer loop
      vertex 47.1379 -0.95 13.1016
      vertex 46.135 -0.95 13.7322
      vertex 46.6678 -0.95 13.0172
    endloop
  endfacet
  facet normal 0 -1 0
    outer loop
      vertex 45.5165 -0.95 13.7871
      vertex 45.6184 -0.95 13.0116
      vertex 45.8067 -0.95 13.7459
    endloop
  endfacet
  facet normal -0 -1 0
    outer loop
      vertex 47.5453 -0.95 13.2423
      vertex 46.135 -0.95 13.7322
      vertex 47.1379 -0.95 13.1016
    endloop
  endfacet
  facet normal 0 -1 0
    outer loop
      vertex 46.135 -0.95 12.989
      vertex 45.8067 -0.95 13.7459
      vertex 45.6184 -0.95 13.0116
    endloop
  endfacet
  facet normal -0 -1 0
    outer loop
      vertex 47.8899 -0.95 13.4393
      vertex 46.135 -0.95 13.7322
      vertex 47.5453 -0.95 13.2423
    endloop
  endfacet
  facet normal 0 -1 0
    outer loop
      vertex 45.8067 -0.95 13.7459
      vertex 46.135 -0.95 12.989
      vertex 46.135 -0.95 13.7322
    endloop
  endfacet
  facet normal 0 -1 0
    outer loop
      vertex 46.135 -0.95 13.7322
      vertex 47.8899 -0.95 13.4393
      vertex 48.1641 -0.95 13.6881
    endloop
  endfacet
  facet normal 0 -1 -0
    outer loop
      vertex 46.1458 -0.95 19.0596
      vertex 45.8366 -0.95 18.3092
      vertex 46.1458 -0.95 18.3217
    endloop
  endfacet
  facet normal 0 -1 0
    outer loop
      vertex 44.4776 -0.95 18.6391
      vertex 45.5708 -0.95 18.2716
      vertex 45.8366 -0.95 18.3092
    endloop
  endfacet
  facet normal 0 -1 0
    outer loop
      vertex 44.4776 -0.95 18.6391
      vertex 45.3483 -0.95 18.2088
      vertex 45.5708 -0.95 18.2716
    endloop
  endfacet
  facet normal 0 -1 0
    outer loop
      vertex 44.9333 -0.95 17.8688
      vertex 44.2272 -0.95 18.405
      vertex 44.0484 -0.95 18.1231
    endloop
  endfacet
  facet normal 0 -1 0
    outer loop
      vertex 44.4776 -0.95 18.6391
      vertex 45.1693 -0.95 18.121
      vertex 45.3483 -0.95 18.2088
    endloop
  endfacet
  facet normal 0 -1 0
    outer loop
      vertex 44.4776 -0.95 18.6391
      vertex 45.0316 -0.95 18.0078
      vertex 45.1693 -0.95 18.121
    endloop
  endfacet
  facet normal 0 -1 0
    outer loop
      vertex 44.2272 -0.95 18.405
      vertex 44.9333 -0.95 17.8688
      vertex 45.0316 -0.95 18.0078
    endloop
  endfacet
  facet normal 0 -1 0
    outer loop
      vertex 44.8743 -0.95 17.704
      vertex 44.0484 -0.95 18.1231
      vertex 43.9411 -0.95 17.7933
    endloop
  endfacet
  facet normal 0 -1 0
    outer loop
      vertex 44.0484 -0.95 18.1231
      vertex 44.8743 -0.95 17.704
      vertex 44.9333 -0.95 17.8688
    endloop
  endfacet
  facet normal 0 -1 0
    outer loop
      vertex 43.9411 -0.95 17.7933
      vertex 44.8547 -0.95 17.5134
      vertex 44.8743 -0.95 17.704
    endloop
  endfacet
  facet normal 0 -1 0
    outer loop
      vertex 43.9053 -0.95 17.4158
      vertex 44.8547 -0.95 17.5134
      vertex 43.9411 -0.95 17.7933
    endloop
  endfacet
  facet normal 0 -1 0
    outer loop
      vertex 43.9053 -0.95 17.4158
      vertex 44.8628 -0.95 17.3941
      vertex 44.8547 -0.95 17.5134
    endloop
  endfacet
  facet normal 0 -1 0
    outer loop
      vertex 43.9178 -0.95 17.2073
      vertex 44.8628 -0.95 17.3941
      vertex 43.9053 -0.95 17.4158
    endloop
  endfacet
  facet normal 0 -1 -0
    outer loop
      vertex 44.8628 -0.95 17.3941
      vertex 43.9178 -0.95 17.2073
      vertex 44.8872 -0.95 17.2856
    endloop
  endfacet
  facet normal 0 -1 0
    outer loop
      vertex 43.9555 -0.95 17.0157
      vertex 44.8872 -0.95 17.2856
      vertex 43.9178 -0.95 17.2073
    endloop
  endfacet
  facet normal 0 -1 0
    outer loop
      vertex 44.0182 -0.95 16.8411
      vertex 44.8872 -0.95 17.2856
      vertex 43.9555 -0.95 17.0157
    endloop
  endfacet
  facet normal 0 -1 -0
    outer loop
      vertex 44.8872 -0.95 17.2856
      vertex 44.0182 -0.95 16.8411
      vertex 44.9279 -0.95 17.1879
    endloop
  endfacet
  facet normal 0 -1 0
    outer loop
      vertex 44.106 -0.95 16.6834
      vertex 44.9279 -0.95 17.1879
      vertex 44.0182 -0.95 16.8411
    endloop
  endfacet
  facet normal 0 -1 0
    outer loop
      vertex 44.216 -0.95 16.5398
      vertex 44.9279 -0.95 17.1879
      vertex 44.106 -0.95 16.6834
    endloop
  endfacet
  facet normal 0 -1 -0
    outer loop
      vertex 44.9279 -0.95 17.1879
      vertex 44.216 -0.95 16.5398
      vertex 44.9848 -0.95 17.1011
    endloop
  endfacet
  facet normal 0 -1 0
    outer loop
      vertex 44.3454 -0.95 16.4074
      vertex 44.9848 -0.95 17.1011
      vertex 44.216 -0.95 16.5398
    endloop
  endfacet
  facet normal 0 -1 -0
    outer loop
      vertex 44.9848 -0.95 17.1011
      vertex 44.3454 -0.95 16.4074
      vertex 45.0577 -0.95 17.0228
    endloop
  endfacet
  facet normal 0 -1 0
    outer loop
      vertex 44.4941 -0.95 16.2862
      vertex 45.0577 -0.95 17.0228
      vertex 44.3454 -0.95 16.4074
    endloop
  endfacet
  facet normal 0 -1 -0
    outer loop
      vertex 45.0577 -0.95 17.0228
      vertex 44.4941 -0.95 16.2862
      vertex 45.1462 -0.95 16.9506
    endloop
  endfacet
  facet normal 0 -1 0
    outer loop
      vertex 44.6621 -0.95 16.1761
      vertex 45.1462 -0.95 16.9506
      vertex 44.4941 -0.95 16.2862
    endloop
  endfacet
  facet normal 0 -1 -0
    outer loop
      vertex 45.1462 -0.95 16.9506
      vertex 44.6621 -0.95 16.1761
      vertex 45.2503 -0.95 16.8845
    endloop
  endfacet
  facet normal 0 -1 0
    outer loop
      vertex 44.8701 -0.95 16.0712
      vertex 45.2503 -0.95 16.8845
      vertex 44.6621 -0.95 16.1761
    endloop
  endfacet
  facet normal 0 -1 -0
    outer loop
      vertex 45.2503 -0.95 16.8845
      vertex 44.8701 -0.95 16.0712
      vertex 45.37 -0.95 16.8245
    endloop
  endfacet
  facet normal 0 -1 0
    outer loop
      vertex 45.1388 -0.95 15.9653
      vertex 45.37 -0.95 16.8245
      vertex 44.8701 -0.95 16.0712
    endloop
  endfacet
  facet normal 0 -1 -0
    outer loop
      vertex 45.37 -0.95 16.8245
      vertex 45.1388 -0.95 15.9653
      vertex 45.5328 -0.95 16.7621
    endloop
  endfacet
  facet normal 0 -1 0
    outer loop
      vertex 45.8583 -0.95 15.7503
      vertex 45.7661 -0.95 16.6889
      vertex 45.4682 -0.95 15.8583
    endloop
  endfacet
  facet normal 0 -1 0
    outer loop
      vertex 45.4682 -0.95 15.8583
      vertex 45.5328 -0.95 16.7621
      vertex 45.1388 -0.95 15.9653
    endloop
  endfacet
  facet normal 0 -1 0
    outer loop
      vertex 45.7661 -0.95 16.6889
      vertex 45.8583 -0.95 15.7503
      vertex 46.0699 -0.95 16.6048
    endloop
  endfacet
  facet normal 0 -1 -0
    outer loop
      vertex 45.5328 -0.95 16.7621
      vertex 45.4682 -0.95 15.8583
      vertex 45.7661 -0.95 16.6889
    endloop
  endfacet
  facet normal 0 -1 -0
    outer loop
      vertex 46.0699 -0.95 16.6048
      vertex 45.8583 -0.95 15.7503
      vertex 46.4442 -0.95 16.5098
    endloop
  endfacet
  facet normal 0 -1 0
    outer loop
      vertex 46.5582 -0.95 15.5659
      vertex 46.4442 -0.95 16.5098
      vertex 45.8583 -0.95 15.7503
    endloop
  endfacet
  facet normal 0 -1 0
    outer loop
      vertex 46.4442 -0.95 16.5098
      vertex 46.5582 -0.95 15.5659
      vertex 46.805 -0.95 16.414
    endloop
  endfacet
  facet normal 0 -1 0
    outer loop
      vertex 46.8057 -0.95 15.4906
      vertex 46.805 -0.95 16.414
      vertex 46.5582 -0.95 15.5659
    endloop
  endfacet
  facet normal 0 -1 0
    outer loop
      vertex 46.805 -0.95 16.414
      vertex 46.8057 -0.95 15.4906
      vertex 47.1115 -0.95 16.322
    endloop
  endfacet
  facet normal 0 -1 0
    outer loop
      vertex 47.0165 -0.95 15.4059
      vertex 47.1115 -0.95 16.322
      vertex 46.8057 -0.95 15.4906
    endloop
  endfacet
  facet normal 0 -1 -0
    outer loop
      vertex 47.1115 -0.95 16.322
      vertex 47.0165 -0.95 15.4059
      vertex 47.3638 -0.95 16.2337
    endloop
  endfacet
  facet normal 0 -1 -0
    outer loop
      vertex 47.3638 -0.95 16.2337
      vertex 47.0165 -0.95 15.4059
      vertex 47.5618 -0.95 16.149
    endloop
  endfacet
  facet normal 0 -1 0
    outer loop
      vertex 47.1908 -0.95 15.3116
      vertex 47.5618 -0.95 16.149
      vertex 47.0165 -0.95 15.4059
    endloop
  endfacet
  facet normal 0 -1 -0
    outer loop
      vertex 47.5618 -0.95 16.149
      vertex 47.1908 -0.95 15.3116
      vertex 47.7237 -0.95 16.0641
    endloop
  endfacet
  facet normal 0 -1 0
    outer loop
      vertex 47.3285 -0.95 15.2078
      vertex 47.7237 -0.95 16.0641
      vertex 47.1908 -0.95 15.3116
    endloop
  endfacet
  facet normal 0 -1 -0
    outer loop
      vertex 47.7237 -0.95 16.0641
      vertex 47.3285 -0.95 15.2078
      vertex 47.8676 -0.95 15.9748
    endloop
  endfacet
  facet normal 0 -1 -0
    outer loop
      vertex 47.8676 -0.95 15.9748
      vertex 47.3285 -0.95 15.2078
      vertex 47.9935 -0.95 15.881
    endloop
  endfacet
  facet normal 0 -1 -0
    outer loop
      vertex 47.9935 -0.95 15.881
      vertex 47.3285 -0.95 15.2078
      vertex 48.1015 -0.95 15.7829
    endloop
  endfacet
  facet normal 0 -1 0
    outer loop
      vertex 47.4329 -0.95 15.0912
      vertex 48.1015 -0.95 15.7829
      vertex 47.3285 -0.95 15.2078
    endloop
  endfacet
  facet normal 0 -1 -0
    outer loop
      vertex 48.1015 -0.95 15.7829
      vertex 47.4329 -0.95 15.0912
      vertex 48.1949 -0.95 15.6786
    endloop
  endfacet
  facet normal 0 -1 -0
    outer loop
      vertex 48.1949 -0.95 15.6786
      vertex 47.4329 -0.95 15.0912
      vertex 48.2771 -0.95 15.5666
    endloop
  endfacet
  facet normal 0 -1 -0
    outer loop
      vertex 48.2771 -0.95 15.5666
      vertex 47.4329 -0.95 15.0912
      vertex 48.3482 -0.95 15.4467
    endloop
  endfacet
  facet normal 0 -1 0
    outer loop
      vertex 47.5075 -0.95 14.9583
      vertex 48.3482 -0.95 15.4467
      vertex 47.4329 -0.95 15.0912
    endloop
  endfacet
  facet normal 0 -1 -0
    outer loop
      vertex 48.3482 -0.95 15.4467
      vertex 47.5075 -0.95 14.9583
      vertex 48.408 -0.95 15.319
    endloop
  endfacet
  facet normal 0 -1 -0
    outer loop
      vertex 48.408 -0.95 15.319
      vertex 47.5075 -0.95 14.9583
      vertex 48.4555 -0.95 15.1829
    endloop
  endfacet
  facet normal 0 -1 0
    outer loop
      vertex 47.5523 -0.95 14.8091
      vertex 48.4555 -0.95 15.1829
      vertex 47.5075 -0.95 14.9583
    endloop
  endfacet
  facet normal 0 -1 -0
    outer loop
      vertex 48.4555 -0.95 15.1829
      vertex 47.5523 -0.95 14.8091
      vertex 48.4894 -0.95 15.0376
    endloop
  endfacet
  facet normal 0 -1 -0
    outer loop
      vertex 48.4894 -0.95 15.0376
      vertex 47.5523 -0.95 14.8091
      vertex 48.5098 -0.95 14.8832
    endloop
  endfacet
  facet normal 0 -1 0
    outer loop
      vertex 47.5523 -0.95 14.8091
      vertex 48.5166 -0.95 14.7196
      vertex 48.5098 -0.95 14.8832
    endloop
  endfacet
  facet normal 0 -1 0
    outer loop
      vertex 47.5672 -0.95 14.6437
      vertex 48.5166 -0.95 14.7196
      vertex 47.5523 -0.95 14.8091
    endloop
  endfacet
  facet normal 0 -1 0
    outer loop
      vertex 48.4774 -0.95 14.3283
      vertex 47.5672 -0.95 14.6437
      vertex 47.5457 -0.95 14.43
    endloop
  endfacet
  facet normal 0 -1 0
    outer loop
      vertex 47.5672 -0.95 14.6437
      vertex 48.4774 -0.95 14.3283
      vertex 48.5166 -0.95 14.7196
    endloop
  endfacet
  facet normal 0 -1 0
    outer loop
      vertex 48.3599 -0.95 13.9845
      vertex 47.5457 -0.95 14.43
      vertex 47.4811 -0.95 14.2449
    endloop
  endfacet
  facet normal 0 -1 0
    outer loop
      vertex 48.1641 -0.95 13.6881
      vertex 47.4811 -0.95 14.2449
      vertex 47.3734 -0.95 14.0882
    endloop
  endfacet
  facet normal 0 -1 0
    outer loop
      vertex 47.5457 -0.95 14.43
      vertex 48.3599 -0.95 13.9845
      vertex 48.4774 -0.95 14.3283
    endloop
  endfacet
  facet normal 0 -1 0
    outer loop
      vertex 48.1641 -0.95 13.6881
      vertex 47.3734 -0.95 14.0882
      vertex 47.2227 -0.95 13.9601
    endloop
  endfacet
  facet normal 0 -1 0
    outer loop
      vertex 48.1641 -0.95 13.6881
      vertex 47.2227 -0.95 13.9601
      vertex 47.0256 -0.95 13.8604
    endloop
  endfacet
  facet normal 0 -1 0
    outer loop
      vertex 48.1641 -0.95 13.6881
      vertex 47.0256 -0.95 13.8604
      vertex 46.7785 -0.95 13.7892
    endloop
  endfacet
  facet normal 0 -1 0
    outer loop
      vertex 48.1641 -0.95 13.6881
      vertex 46.7785 -0.95 13.7892
      vertex 46.4817 -0.95 13.7465
    endloop
  endfacet
  facet normal 0 -1 0
    outer loop
      vertex 47.4811 -0.95 14.2449
      vertex 48.1641 -0.95 13.6881
      vertex 48.3599 -0.95 13.9845
    endloop
  endfacet
  facet normal 0 -1 0
    outer loop
      vertex 48.1641 -0.95 13.6881
      vertex 46.4817 -0.95 13.7465
      vertex 46.135 -0.95 13.7322
    endloop
  endfacet
  facet normal 0 -1 0
    outer loop
      vertex 45.8366 -0.95 18.3092
      vertex 46.1458 -0.95 19.0596
      vertex 45.6306 -0.95 19.0333
    endloop
  endfacet
  facet normal 0 -1 0
    outer loop
      vertex 46.4291 -0.95 18.3087
      vertex 46.1458 -0.95 19.0596
      vertex 46.1458 -0.95 18.3217
    endloop
  endfacet
  facet normal 0 -1 0
    outer loop
      vertex 45.8366 -0.95 18.3092
      vertex 45.6306 -0.95 19.0333
      vertex 45.1809 -0.95 18.9544
    endloop
  endfacet
  facet normal 0 -1 0
    outer loop
      vertex 46.1458 -0.95 19.0596
      vertex 46.4291 -0.95 18.3087
      vertex 46.6064 -0.95 19.0382
    endloop
  endfacet
  facet normal 0 -1 0
    outer loop
      vertex 45.8366 -0.95 18.3092
      vertex 45.1809 -0.95 18.9544
      vertex 44.7965 -0.95 18.8231
    endloop
  endfacet
  facet normal 0 -1 0
    outer loop
      vertex 46.6822 -0.95 18.2695
      vertex 46.6064 -0.95 19.0382
      vertex 46.4291 -0.95 18.3087
    endloop
  endfacet
  facet normal 0 -1 0
    outer loop
      vertex 45.8366 -0.95 18.3092
      vertex 44.7965 -0.95 18.8231
      vertex 44.4776 -0.95 18.6391
    endloop
  endfacet
  facet normal 0 -1 0
    outer loop
      vertex 46.6064 -0.95 19.0382
      vertex 46.6822 -0.95 18.2695
      vertex 47.0172 -0.95 18.9741
    endloop
  endfacet
  facet normal 0 -1 0
    outer loop
      vertex 45.0316 -0.95 18.0078
      vertex 44.4776 -0.95 18.6391
      vertex 44.2272 -0.95 18.405
    endloop
  endfacet
  facet normal 0 -1 0
    outer loop
      vertex 46.9052 -0.95 18.2042
      vertex 47.0172 -0.95 18.9741
      vertex 46.6822 -0.95 18.2695
    endloop
  endfacet
  facet normal 0 -1 -0
    outer loop
      vertex 47.0172 -0.95 18.9741
      vertex 46.9052 -0.95 18.2042
      vertex 47.3781 -0.95 18.8673
    endloop
  endfacet
  facet normal 0 -1 0
    outer loop
      vertex 47.0979 -0.95 18.1128
      vertex 47.3781 -0.95 18.8673
      vertex 46.9052 -0.95 18.2042
    endloop
  endfacet
  facet normal 0 -1 -0
    outer loop
      vertex 47.3781 -0.95 18.8673
      vertex 47.0979 -0.95 18.1128
      vertex 47.6892 -0.95 18.7178
    endloop
  endfacet
  facet normal 0 -1 0
    outer loop
      vertex 47.2585 -0.95 17.9971
      vertex 47.6892 -0.95 18.7178
      vertex 47.0979 -0.95 18.1128
    endloop
  endfacet
  facet normal 0 -1 -0
    outer loop
      vertex 47.6892 -0.95 18.7178
      vertex 47.2585 -0.95 17.9971
      vertex 47.9491 -0.95 18.5212
    endloop
  endfacet
  facet normal 0 -1 0
    outer loop
      vertex 47.3848 -0.95 17.8586
      vertex 47.9491 -0.95 18.5212
      vertex 47.2585 -0.95 17.9971
    endloop
  endfacet
  facet normal 0 -1 -0
    outer loop
      vertex 47.9491 -0.95 18.5212
      vertex 47.3848 -0.95 17.8586
      vertex 48.1565 -0.95 18.273
    endloop
  endfacet
  facet normal 0 -1 0
    outer loop
      vertex 47.4768 -0.95 17.6974
      vertex 48.1565 -0.95 18.273
      vertex 47.3848 -0.95 17.8586
    endloop
  endfacet
  facet normal 0 -1 -0
    outer loop
      vertex 48.1565 -0.95 18.273
      vertex 47.4768 -0.95 17.6974
      vertex 48.3112 -0.95 17.9732
    endloop
  endfacet
  facet normal 0 -1 0
    outer loop
      vertex 47.5346 -0.95 17.5134
      vertex 48.3112 -0.95 17.9732
      vertex 47.4768 -0.95 17.6974
    endloop
  endfacet
  facet normal 0 -1 -0
    outer loop
      vertex 48.3112 -0.95 17.9732
      vertex 47.5346 -0.95 17.5134
      vertex 48.4135 -0.95 17.622
    endloop
  endfacet
  facet normal 0 -1 0
    outer loop
      vertex 19.3525 -0.95 18.9673
      vertex 20.3344 -0.95 15.2458
      vertex 20.3344 -0.95 18.9673
    endloop
  endfacet
  facet normal 0 -1 0
    outer loop
      vertex 19.3525 -0.95 15.0559
      vertex 20.3344 -0.95 15.2458
      vertex 19.3525 -0.95 18.9673
    endloop
  endfacet
  facet normal 0 -1 0
    outer loop
      vertex 19.3525 -0.95 15.0559
      vertex 20.3415 -0.95 14.9719
      vertex 20.3344 -0.95 15.2458
    endloop
  endfacet
  facet normal 0 -1 0
    outer loop
      vertex 19.3804 -0.95 14.5417
      vertex 20.3415 -0.95 14.9719
      vertex 19.3525 -0.95 15.0559
    endloop
  endfacet
  facet normal 0 -1 -0
    outer loop
      vertex 20.3415 -0.95 14.9719
      vertex 19.3804 -0.95 14.5417
      vertex 20.3629 -0.95 14.7304
    endloop
  endfacet
  facet normal 0 -1 0
    outer loop
      vertex 19.3804 -0.95 14.5417
      vertex 20.3985 -0.95 14.5216
      vertex 20.3629 -0.95 14.7304
    endloop
  endfacet
  facet normal 0 -1 0
    outer loop
      vertex 19.4643 -0.95 14.1059
      vertex 20.3985 -0.95 14.5216
      vertex 19.3804 -0.95 14.5417
    endloop
  endfacet
  facet normal 0 -1 -0
    outer loop
      vertex 20.3985 -0.95 14.5216
      vertex 19.4643 -0.95 14.1059
      vertex 20.4483 -0.95 14.3453
    endloop
  endfacet
  facet normal 0 -1 0
    outer loop
      vertex 19.6042 -0.95 13.7483
      vertex 20.4483 -0.95 14.3453
      vertex 19.4643 -0.95 14.1059
    endloop
  endfacet
  facet normal 0 -1 -0
    outer loop
      vertex 20.4483 -0.95 14.3453
      vertex 19.6042 -0.95 13.7483
      vertex 20.5137 -0.95 14.1964
    endloop
  endfacet
  facet normal 0 -1 0
    outer loop
      vertex 19.8 -0.95 13.4691
      vertex 20.5137 -0.95 14.1964
      vertex 19.6042 -0.95 13.7483
    endloop
  endfacet
  facet normal 0 -1 -0
    outer loop
      vertex 20.5137 -0.95 14.1964
      vertex 19.8 -0.95 13.4691
      vertex 20.5961 -0.95 14.0699
    endloop
  endfacet
  facet normal 0 -1 0
    outer loop
      vertex 20.0562 -0.95 13.2591
      vertex 20.5961 -0.95 14.0699
      vertex 19.8 -0.95 13.4691
    endloop
  endfacet
  facet normal 0 -1 -0
    outer loop
      vertex 20.5961 -0.95 14.0699
      vertex 20.0562 -0.95 13.2591
      vertex 20.6955 -0.95 13.9659
    endloop
  endfacet
  facet normal 0 -1 0
    outer loop
      vertex 20.3771 -0.95 13.109
      vertex 20.6955 -0.95 13.9659
      vertex 20.0562 -0.95 13.2591
    endloop
  endfacet
  facet normal 0 -1 -0
    outer loop
      vertex 20.6955 -0.95 13.9659
      vertex 20.3771 -0.95 13.109
      vertex 20.8118 -0.95 13.8841
    endloop
  endfacet
  facet normal 0 -1 0
    outer loop
      vertex 20.7628 -0.95 13.019
      vertex 20.8118 -0.95 13.8841
      vertex 20.3771 -0.95 13.109
    endloop
  endfacet
  facet normal 0 -1 -0
    outer loop
      vertex 20.8118 -0.95 13.8841
      vertex 20.7628 -0.95 13.019
      vertex 20.9511 -0.95 13.8224
    endloop
  endfacet
  facet normal 0 -1 -0
    outer loop
      vertex 20.9511 -0.95 13.8224
      vertex 20.7628 -0.95 13.019
      vertex 21.1196 -0.95 13.7784
    endloop
  endfacet
  facet normal 0 -1 0
    outer loop
      vertex 21.3173 -0.95 13.7519
      vertex 21.5281 -0.95 13.0048
      vertex 21.5441 -0.95 13.7431
    endloop
  endfacet
  facet normal 0 -1 0
    outer loop
      vertex 21.2133 -0.95 12.989
      vertex 21.1196 -0.95 13.7784
      vertex 20.7628 -0.95 13.019
    endloop
  endfacet
  facet normal -0 -1 0
    outer loop
      vertex 21.8161 -0.95 13.0521
      vertex 21.5441 -0.95 13.7431
      vertex 21.5281 -0.95 13.0048
    endloop
  endfacet
  facet normal -0 -1 0
    outer loop
      vertex 22.0774 -0.95 13.1309
      vertex 21.5441 -0.95 13.7431
      vertex 21.8161 -0.95 13.0521
    endloop
  endfacet
  facet normal 0 -1 0
    outer loop
      vertex 21.1196 -0.95 13.7784
      vertex 21.2133 -0.95 12.989
      vertex 21.3173 -0.95 13.7519
    endloop
  endfacet
  facet normal 0 -1 0
    outer loop
      vertex 21.5441 -0.95 13.7431
      vertex 22.5263 -0.95 13.3896
      vertex 22.7275 -0.95 13.5823
    endloop
  endfacet
  facet normal -0 -1 0
    outer loop
      vertex 21.5281 -0.95 13.0048
      vertex 21.3173 -0.95 13.7519
      vertex 21.2133 -0.95 12.989
    endloop
  endfacet
  facet normal -0 -1 0
    outer loop
      vertex 22.3118 -0.95 13.2413
      vertex 21.5441 -0.95 13.7431
      vertex 22.0774 -0.95 13.1309
    endloop
  endfacet
  facet normal 0 -1 0
    outer loop
      vertex 21.5441 -0.95 13.7431
      vertex 22.3118 -0.95 13.2413
      vertex 22.5263 -0.95 13.3896
    endloop
  endfacet
  facet normal 0 -1 0
    outer loop
      vertex 22.9155 -0.95 13.8195
      vertex 22.6563 -0.95 14.2259
      vertex 22.4342 -0.95 14.0147
    endloop
  endfacet
  facet normal 0 -1 0
    outer loop
      vertex 22.7275 -0.95 13.5823
      vertex 22.4342 -0.95 14.0147
      vertex 22.1748 -0.95 13.8638
    endloop
  endfacet
  facet normal 0 -1 0
    outer loop
      vertex 22.6563 -0.95 14.2259
      vertex 22.9155 -0.95 13.8195
      vertex 23.0903 -0.95 14.1011
    endloop
  endfacet
  facet normal 0 -1 0
    outer loop
      vertex 22.7275 -0.95 13.5823
      vertex 22.1748 -0.95 13.8638
      vertex 21.8781 -0.95 13.7733
    endloop
  endfacet
  facet normal 0 -1 0
    outer loop
      vertex 22.7275 -0.95 13.5823
      vertex 21.8781 -0.95 13.7733
      vertex 21.5441 -0.95 13.7431
    endloop
  endfacet
  facet normal 0 -1 0
    outer loop
      vertex 22.4342 -0.95 14.0147
      vertex 22.7275 -0.95 13.5823
      vertex 22.9155 -0.95 13.8195
    endloop
  endfacet
  facet normal 0 -1 0
    outer loop
      vertex 23.0632 -0.95 15.5659
      vertex 24.0397 -0.95 18.9673
      vertex 23.0632 -0.95 18.9673
    endloop
  endfacet
  facet normal 0 -1 0
    outer loop
      vertex 24.0397 -0.95 14.3507
      vertex 23.0632 -0.95 15.5659
      vertex 23.0378 -0.95 15.1607
    endloop
  endfacet
  facet normal 0 -1 0
    outer loop
      vertex 24.0397 -0.95 14.3507
      vertex 23.0378 -0.95 15.1607
      vertex 22.9615 -0.95 14.8023
    endloop
  endfacet
  facet normal 0 -1 0
    outer loop
      vertex 23.0632 -0.95 15.5659
      vertex 24.0397 -0.95 14.3507
      vertex 24.0397 -0.95 18.9673
    endloop
  endfacet
  facet normal 0 -1 0
    outer loop
      vertex 23.1066 -0.95 14.1011
      vertex 22.9615 -0.95 14.8023
      vertex 22.8343 -0.95 14.4907
    endloop
  endfacet
  facet normal 0 -1 0
    outer loop
      vertex 23.0903 -0.95 14.1011
      vertex 22.8343 -0.95 14.4907
      vertex 22.6563 -0.95 14.2259
    endloop
  endfacet
  facet normal 0 -1 0
    outer loop
      vertex 22.8343 -0.95 14.4907
      vertex 23.0903 -0.95 14.1011
      vertex 23.1066 -0.95 14.1011
    endloop
  endfacet
  facet normal 0 -1 0
    outer loop
      vertex 22.9615 -0.95 14.8023
      vertex 23.1066 -0.95 14.1011
      vertex 24.0397 -0.95 14.3507
    endloop
  endfacet
  facet normal 0 -1 0
    outer loop
      vertex 24.0417 -0.95 13.8879
      vertex 23.1066 -0.95 14.1011
      vertex 23.1118 -0.95 13.904
    endloop
  endfacet
  facet normal 0 -1 0
    outer loop
      vertex 23.1066 -0.95 14.1011
      vertex 24.0417 -0.95 13.8879
      vertex 24.0397 -0.95 14.3507
    endloop
  endfacet
  facet normal 0 -1 0
    outer loop
      vertex 23.1167 -0.95 13.741
      vertex 24.0417 -0.95 13.8879
      vertex 23.1118 -0.95 13.904
    endloop
  endfacet
  facet normal 0 -1 0
    outer loop
      vertex 24.0478 -0.95 13.5247
      vertex 23.1167 -0.95 13.741
      vertex 23.1213 -0.95 13.6123
    endloop
  endfacet
  facet normal 0 -1 0
    outer loop
      vertex 23.1167 -0.95 13.741
      vertex 24.0478 -0.95 13.5247
      vertex 24.0417 -0.95 13.8879
    endloop
  endfacet
  facet normal 0 -1 0
    outer loop
      vertex 23.1255 -0.95 13.5179
      vertex 24.0478 -0.95 13.5247
      vertex 23.1213 -0.95 13.6123
    endloop
  endfacet
  facet normal 0 -1 0
    outer loop
      vertex 23.1294 -0.95 13.4428
      vertex 24.0478 -0.95 13.5247
      vertex 23.1255 -0.95 13.5179
    endloop
  endfacet
  facet normal 0 -1 0
    outer loop
      vertex 23.133 -0.95 13.3721
      vertex 24.0478 -0.95 13.5247
      vertex 23.1294 -0.95 13.4428
    endloop
  endfacet
  facet normal 0 -1 0
    outer loop
      vertex 24.058 -0.95 13.2613
      vertex 23.133 -0.95 13.3721
      vertex 23.1362 -0.95 13.3059
    endloop
  endfacet
  facet normal 0 -1 0
    outer loop
      vertex 23.133 -0.95 13.3721
      vertex 24.058 -0.95 13.2613
      vertex 24.0478 -0.95 13.5247
    endloop
  endfacet
  facet normal 0 -1 0
    outer loop
      vertex 23.1391 -0.95 13.244
      vertex 24.058 -0.95 13.2613
      vertex 23.1362 -0.95 13.3059
    endloop
  endfacet
  facet normal 0 -1 0
    outer loop
      vertex 23.1418 -0.95 13.1901
      vertex 24.058 -0.95 13.2613
      vertex 23.1391 -0.95 13.244
    endloop
  endfacet
  facet normal 0 -1 0
    outer loop
      vertex 23.1445 -0.95 13.1477
      vertex 24.058 -0.95 13.2613
      vertex 23.1418 -0.95 13.1901
    endloop
  endfacet
  facet normal 0 -1 0
    outer loop
      vertex 23.1473 -0.95 13.1168
      vertex 24.058 -0.95 13.2613
      vertex 23.1445 -0.95 13.1477
    endloop
  endfacet
  facet normal 0 -1 0
    outer loop
      vertex 23.15 -0.95 13.0975
      vertex 24.058 -0.95 13.2613
      vertex 23.1473 -0.95 13.1168
    endloop
  endfacet
  facet normal 0 -1 -0
    outer loop
      vertex 24.058 -0.95 13.2613
      vertex 23.15 -0.95 13.0975
      vertex 24.0722 -0.95 13.0975
    endloop
  endfacet
  facet normal 0 -1 0
    outer loop
      vertex 69.0923 -0.95 13.0975
      vertex 70.0688 -0.95 18.9673
      vertex 69.0923 -0.95 18.9673
    endloop
  endfacet
  facet normal 0 -1 -0
    outer loop
      vertex 70.0688 -0.95 18.9673
      vertex 69.0923 -0.95 13.0975
      vertex 70.0688 -0.95 13.0975
    endloop
  endfacet
  facet normal 0 -1 0
    outer loop
      vertex 63.036 -0.95 18.9673
      vertex 64.0179 -0.95 15.2458
      vertex 64.0179 -0.95 18.9673
    endloop
  endfacet
  facet normal 0 -1 0
    outer loop
      vertex 63.036 -0.95 15.0559
      vertex 64.0179 -0.95 15.2458
      vertex 63.036 -0.95 18.9673
    endloop
  endfacet
  facet normal 0 -1 0
    outer loop
      vertex 63.036 -0.95 15.0559
      vertex 64.025 -0.95 14.9719
      vertex 64.0179 -0.95 15.2458
    endloop
  endfacet
  facet normal 0 -1 0
    outer loop
      vertex 63.0639 -0.95 14.5417
      vertex 64.025 -0.95 14.9719
      vertex 63.036 -0.95 15.0559
    endloop
  endfacet
  facet normal 0 -1 -0
    outer loop
      vertex 64.025 -0.95 14.9719
      vertex 63.0639 -0.95 14.5417
      vertex 64.0464 -0.95 14.7304
    endloop
  endfacet
  facet normal 0 -1 0
    outer loop
      vertex 63.0639 -0.95 14.5417
      vertex 64.082 -0.95 14.5216
      vertex 64.0464 -0.95 14.7304
    endloop
  endfacet
  facet normal 0 -1 0
    outer loop
      vertex 63.1478 -0.95 14.1059
      vertex 64.082 -0.95 14.5216
      vertex 63.0639 -0.95 14.5417
    endloop
  endfacet
  facet normal 0 -1 -0
    outer loop
      vertex 64.082 -0.95 14.5216
      vertex 63.1478 -0.95 14.1059
      vertex 64.1318 -0.95 14.3453
    endloop
  endfacet
  facet normal 0 -1 0
    outer loop
      vertex 63.2877 -0.95 13.7483
      vertex 64.1318 -0.95 14.3453
      vertex 63.1478 -0.95 14.1059
    endloop
  endfacet
  facet normal 0 -1 -0
    outer loop
      vertex 64.1318 -0.95 14.3453
      vertex 63.2877 -0.95 13.7483
      vertex 64.1972 -0.95 14.1964
    endloop
  endfacet
  facet normal 0 -1 0
    outer loop
      vertex 63.4835 -0.95 13.4691
      vertex 64.1972 -0.95 14.1964
      vertex 63.2877 -0.95 13.7483
    endloop
  endfacet
  facet normal 0 -1 -0
    outer loop
      vertex 64.1972 -0.95 14.1964
      vertex 63.4835 -0.95 13.4691
      vertex 64.2796 -0.95 14.0699
    endloop
  endfacet
  facet normal 0 -1 0
    outer loop
      vertex 63.7397 -0.95 13.2591
      vertex 64.2796 -0.95 14.0699
      vertex 63.4835 -0.95 13.4691
    endloop
  endfacet
  facet normal 0 -1 -0
    outer loop
      vertex 64.2796 -0.95 14.0699
      vertex 63.7397 -0.95 13.2591
      vertex 64.379 -0.95 13.9659
    endloop
  endfacet
  facet normal 0 -1 0
    outer loop
      vertex 64.0606 -0.95 13.109
      vertex 64.379 -0.95 13.9659
      vertex 63.7397 -0.95 13.2591
    endloop
  endfacet
  facet normal 0 -1 -0
    outer loop
      vertex 64.379 -0.95 13.9659
      vertex 64.0606 -0.95 13.109
      vertex 64.4952 -0.95 13.8841
    endloop
  endfacet
  facet normal 0 -1 0
    outer loop
      vertex 64.4463 -0.95 13.019
      vertex 64.4952 -0.95 13.8841
      vertex 64.0606 -0.95 13.109
    endloop
  endfacet
  facet normal 0 -1 -0
    outer loop
      vertex 64.4952 -0.95 13.8841
      vertex 64.4463 -0.95 13.019
      vertex 64.6346 -0.95 13.8224
    endloop
  endfacet
  facet normal 0 -1 -0
    outer loop
      vertex 64.6346 -0.95 13.8224
      vertex 64.4463 -0.95 13.019
      vertex 64.8031 -0.95 13.7784
    endloop
  endfacet
  facet normal 0 -1 0
    outer loop
      vertex 65.0008 -0.95 13.7519
      vertex 65.2116 -0.95 13.0048
      vertex 65.2276 -0.95 13.7431
    endloop
  endfacet
  facet normal 0 -1 0
    outer loop
      vertex 64.8968 -0.95 12.989
      vertex 64.8031 -0.95 13.7784
      vertex 64.4463 -0.95 13.019
    endloop
  endfacet
  facet normal -0 -1 0
    outer loop
      vertex 65.4996 -0.95 13.0521
      vertex 65.2276 -0.95 13.7431
      vertex 65.2116 -0.95 13.0048
    endloop
  endfacet
  facet normal -0 -1 0
    outer loop
      vertex 65.7608 -0.95 13.1309
      vertex 65.2276 -0.95 13.7431
      vertex 65.4996 -0.95 13.0521
    endloop
  endfacet
  facet normal 0 -1 0
    outer loop
      vertex 64.8031 -0.95 13.7784
      vertex 64.8968 -0.95 12.989
      vertex 65.0008 -0.95 13.7519
    endloop
  endfacet
  facet normal 0 -1 0
    outer loop
      vertex 65.2276 -0.95 13.7431
      vertex 66.2098 -0.95 13.3896
      vertex 66.411 -0.95 13.5823
    endloop
  endfacet
  facet normal -0 -1 0
    outer loop
      vertex 65.2116 -0.95 13.0048
      vertex 65.0008 -0.95 13.7519
      vertex 64.8968 -0.95 12.989
    endloop
  endfacet
  facet normal -0 -1 0
    outer loop
      vertex 65.9953 -0.95 13.2413
      vertex 65.2276 -0.95 13.7431
      vertex 65.7608 -0.95 13.1309
    endloop
  endfacet
  facet normal 0 -1 0
    outer loop
      vertex 65.2276 -0.95 13.7431
      vertex 65.9953 -0.95 13.2413
      vertex 66.2098 -0.95 13.3896
    endloop
  endfacet
  facet normal 0 -1 0
    outer loop
      vertex 66.599 -0.95 13.8195
      vertex 66.3398 -0.95 14.2259
      vertex 66.1177 -0.95 14.0147
    endloop
  endfacet
  facet normal 0 -1 0
    outer loop
      vertex 66.411 -0.95 13.5823
      vertex 66.1177 -0.95 14.0147
      vertex 65.8583 -0.95 13.8638
    endloop
  endfacet
  facet normal 0 -1 0
    outer loop
      vertex 66.3398 -0.95 14.2259
      vertex 66.599 -0.95 13.8195
      vertex 66.7738 -0.95 14.1011
    endloop
  endfacet
  facet normal 0 -1 0
    outer loop
      vertex 66.411 -0.95 13.5823
      vertex 65.8583 -0.95 13.8638
      vertex 65.5616 -0.95 13.7733
    endloop
  endfacet
  facet normal 0 -1 0
    outer loop
      vertex 66.411 -0.95 13.5823
      vertex 65.5616 -0.95 13.7733
      vertex 65.2276 -0.95 13.7431
    endloop
  endfacet
  facet normal 0 -1 0
    outer loop
      vertex 66.1177 -0.95 14.0147
      vertex 66.411 -0.95 13.5823
      vertex 66.599 -0.95 13.8195
    endloop
  endfacet
  facet normal 0 -1 0
    outer loop
      vertex 66.7467 -0.95 15.5659
      vertex 67.7232 -0.95 18.9673
      vertex 66.7467 -0.95 18.9673
    endloop
  endfacet
  facet normal 0 -1 0
    outer loop
      vertex 67.7232 -0.95 14.3507
      vertex 66.7467 -0.95 15.5659
      vertex 66.7213 -0.95 15.1607
    endloop
  endfacet
  facet normal 0 -1 0
    outer loop
      vertex 67.7232 -0.95 14.3507
      vertex 66.7213 -0.95 15.1607
      vertex 66.645 -0.95 14.8023
    endloop
  endfacet
  facet normal 0 -1 0
    outer loop
      vertex 66.7467 -0.95 15.5659
      vertex 67.7232 -0.95 14.3507
      vertex 67.7232 -0.95 18.9673
    endloop
  endfacet
  facet normal 0 -1 0
    outer loop
      vertex 66.79 -0.95 14.1011
      vertex 66.645 -0.95 14.8023
      vertex 66.5178 -0.95 14.4907
    endloop
  endfacet
  facet normal 0 -1 0
    outer loop
      vertex 66.7738 -0.95 14.1011
      vertex 66.5178 -0.95 14.4907
      vertex 66.3398 -0.95 14.2259
    endloop
  endfacet
  facet normal 0 -1 0
    outer loop
      vertex 66.5178 -0.95 14.4907
      vertex 66.7738 -0.95 14.1011
      vertex 66.79 -0.95 14.1011
    endloop
  endfacet
  facet normal 0 -1 0
    outer loop
      vertex 66.645 -0.95 14.8023
      vertex 66.79 -0.95 14.1011
      vertex 67.7232 -0.95 14.3507
    endloop
  endfacet
  facet normal 0 -1 0
    outer loop
      vertex 67.7252 -0.95 13.8879
      vertex 66.79 -0.95 14.1011
      vertex 66.7953 -0.95 13.904
    endloop
  endfacet
  facet normal 0 -1 0
    outer loop
      vertex 66.79 -0.95 14.1011
      vertex 67.7252 -0.95 13.8879
      vertex 67.7232 -0.95 14.3507
    endloop
  endfacet
  facet normal 0 -1 0
    outer loop
      vertex 66.8002 -0.95 13.741
      vertex 67.7252 -0.95 13.8879
      vertex 66.7953 -0.95 13.904
    endloop
  endfacet
  facet normal 0 -1 0
    outer loop
      vertex 67.7313 -0.95 13.5247
      vertex 66.8002 -0.95 13.741
      vertex 66.8048 -0.95 13.6123
    endloop
  endfacet
  facet normal 0 -1 0
    outer loop
      vertex 66.8002 -0.95 13.741
      vertex 67.7313 -0.95 13.5247
      vertex 67.7252 -0.95 13.8879
    endloop
  endfacet
  facet normal 0 -1 0
    outer loop
      vertex 66.809 -0.95 13.5179
      vertex 67.7313 -0.95 13.5247
      vertex 66.8048 -0.95 13.6123
    endloop
  endfacet
  facet normal 0 -1 0
    outer loop
      vertex 66.8129 -0.95 13.4428
      vertex 67.7313 -0.95 13.5247
      vertex 66.809 -0.95 13.5179
    endloop
  endfacet
  facet normal 0 -1 0
    outer loop
      vertex 66.8165 -0.95 13.3721
      vertex 67.7313 -0.95 13.5247
      vertex 66.8129 -0.95 13.4428
    endloop
  endfacet
  facet normal 0 -1 0
    outer loop
      vertex 67.7415 -0.95 13.2613
      vertex 66.8165 -0.95 13.3721
      vertex 66.8197 -0.95 13.3059
    endloop
  endfacet
  facet normal 0 -1 0
    outer loop
      vertex 66.8165 -0.95 13.3721
      vertex 67.7415 -0.95 13.2613
      vertex 67.7313 -0.95 13.5247
    endloop
  endfacet
  facet normal 0 -1 0
    outer loop
      vertex 66.8226 -0.95 13.244
      vertex 67.7415 -0.95 13.2613
      vertex 66.8197 -0.95 13.3059
    endloop
  endfacet
  facet normal 0 -1 0
    outer loop
      vertex 66.8253 -0.95 13.1901
      vertex 67.7415 -0.95 13.2613
      vertex 66.8226 -0.95 13.244
    endloop
  endfacet
  facet normal 0 -1 0
    outer loop
      vertex 66.828 -0.95 13.1477
      vertex 67.7415 -0.95 13.2613
      vertex 66.8253 -0.95 13.1901
    endloop
  endfacet
  facet normal 0 -1 0
    outer loop
      vertex 66.8308 -0.95 13.1168
      vertex 67.7415 -0.95 13.2613
      vertex 66.828 -0.95 13.1477
    endloop
  endfacet
  facet normal 0 -1 0
    outer loop
      vertex 66.8335 -0.95 13.0975
      vertex 67.7415 -0.95 13.2613
      vertex 66.8308 -0.95 13.1168
    endloop
  endfacet
  facet normal 0 -1 -0
    outer loop
      vertex 67.7415 -0.95 13.2613
      vertex 66.8335 -0.95 13.0975
      vertex 67.7557 -0.95 13.0975
    endloop
  endfacet
  facet normal -0 0 1
    outer loop
      vertex 69.0923 0 21.1482
      vertex 70.0688 -0.95 21.1482
      vertex 70.0688 0 21.1482
    endloop
  endfacet
  facet normal 0 0 1
    outer loop
      vertex 70.0688 -0.95 21.1482
      vertex 69.0923 0 21.1482
      vertex 69.0923 -0.95 21.1482
    endloop
  endfacet
  facet normal -1 0 0
    outer loop
      vertex 69.0923 -0.95 20.2151
      vertex 69.0923 0 21.1482
      vertex 69.0923 0 20.2151
    endloop
  endfacet
  facet normal -1 -0 0
    outer loop
      vertex 69.0923 0 21.1482
      vertex 69.0923 -0.95 20.2151
      vertex 69.0923 -0.95 21.1482
    endloop
  endfacet
  facet normal 0 0 -1
    outer loop
      vertex 69.0923 -0.95 20.2151
      vertex 70.0688 0 20.2151
      vertex 70.0688 -0.95 20.2151
    endloop
  endfacet
  facet normal -0 0 -1
    outer loop
      vertex 70.0688 0 20.2151
      vertex 69.0923 -0.95 20.2151
      vertex 69.0923 0 20.2151
    endloop
  endfacet
  facet normal 1 -0 0
    outer loop
      vertex 70.0688 -0.95 21.1482
      vertex 70.0688 0 20.2151
      vertex 70.0688 0 21.1482
    endloop
  endfacet
  facet normal 1 0 0
    outer loop
      vertex 70.0688 0 20.2151
      vertex 70.0688 -0.95 21.1482
      vertex 70.0688 -0.95 20.2151
    endloop
  endfacet
  facet normal 0.155299 0 -0.987867
    outer loop
      vertex 76.1137 -0.95 13.0043
      vertex 76.4044 0 13.05
      vertex 76.4044 -0.95 13.05
    endloop
  endfacet
  facet normal 0.155299 0 -0.987867
    outer loop
      vertex 76.4044 0 13.05
      vertex 76.1137 -0.95 13.0043
      vertex 76.1137 0 13.0043
    endloop
  endfacet
  facet normal 0.277652 0 -0.960682
    outer loop
      vertex 76.4044 -0.95 13.05
      vertex 76.6684 0 13.1263
      vertex 76.6684 -0.95 13.1263
    endloop
  endfacet
  facet normal 0.277652 0 -0.960682
    outer loop
      vertex 76.6684 0 13.1263
      vertex 76.4044 -0.95 13.05
      vertex 76.4044 0 13.05
    endloop
  endfacet
  facet normal 0.4107 0 -0.91177
    outer loop
      vertex 76.6684 -0.95 13.1263
      vertex 76.9055 0 13.2331
      vertex 76.9055 -0.95 13.2331
    endloop
  endfacet
  facet normal 0.4107 0 -0.91177
    outer loop
      vertex 76.9055 0 13.2331
      vertex 76.6684 -0.95 13.1263
      vertex 76.6684 0 13.1263
    endloop
  endfacet
  facet normal 0.555331 0 -0.831629
    outer loop
      vertex 76.9055 -0.95 13.2331
      vertex 77.1183 0 13.3752
      vertex 77.1183 -0.95 13.3752
    endloop
  endfacet
  facet normal 0.555331 0 -0.831629
    outer loop
      vertex 77.1183 0 13.3752
      vertex 76.9055 -0.95 13.2331
      vertex 76.9055 0 13.2331
    endloop
  endfacet
  facet normal 0.690611 0 -0.723226
    outer loop
      vertex 77.1183 -0.95 13.3752
      vertex 77.309 0 13.5573
      vertex 77.309 -0.95 13.5573
    endloop
  endfacet
  facet normal 0.690611 0 -0.723226
    outer loop
      vertex 77.309 0 13.5573
      vertex 77.1183 -0.95 13.3752
      vertex 77.1183 0 13.3752
    endloop
  endfacet
  facet normal 0.796328 0 -0.604865
    outer loop
      vertex 77.4777 -0.95 13.7794
      vertex 77.309 0 13.5573
      vertex 77.4777 0 13.7794
    endloop
  endfacet
  facet normal 0.796328 0 -0.604865
    outer loop
      vertex 77.309 0 13.5573
      vertex 77.4777 -0.95 13.7794
      vertex 77.309 -0.95 13.5573
    endloop
  endfacet
  facet normal 0.872534 0 -0.488553
    outer loop
      vertex 77.6244 -0.95 14.0414
      vertex 77.4777 0 13.7794
      vertex 77.6244 0 14.0414
    endloop
  endfacet
  facet normal 0.872534 0 -0.488553
    outer loop
      vertex 77.4777 0 13.7794
      vertex 77.6244 -0.95 14.0414
      vertex 77.4777 -0.95 13.7794
    endloop
  endfacet
  facet normal 0 0 -1
    outer loop
      vertex 77.6244 -0.95 14.0414
      vertex 77.6461 0 14.0414
      vertex 77.6461 -0.95 14.0414
    endloop
  endfacet
  facet normal -0 0 -1
    outer loop
      vertex 77.6461 0 14.0414
      vertex 77.6244 -0.95 14.0414
      vertex 77.6244 0 14.0414
    endloop
  endfacet
  facet normal -0.999957 0 -0.00922006
    outer loop
      vertex 77.6472 -0.95 13.9221
      vertex 77.6461 0 14.0414
      vertex 77.6472 0 13.9221
    endloop
  endfacet
  facet normal -0.999957 -0 -0.00922006
    outer loop
      vertex 77.6461 0 14.0414
      vertex 77.6472 -0.95 13.9221
      vertex 77.6461 -0.95 14.0414
    endloop
  endfacet
  facet normal -0.999618 0 -0.0276392
    outer loop
      vertex 77.6508 -0.95 13.7919
      vertex 77.6472 0 13.9221
      vertex 77.6508 0 13.7919
    endloop
  endfacet
  facet normal -0.999618 -0 -0.0276392
    outer loop
      vertex 77.6472 0 13.9221
      vertex 77.6508 -0.95 13.7919
      vertex 77.6472 -0.95 13.9221
    endloop
  endfacet
  facet normal -0.999127 0 -0.0417778
    outer loop
      vertex 77.6567 -0.95 13.6508
      vertex 77.6508 0 13.7919
      vertex 77.6567 0 13.6508
    endloop
  endfacet
  facet normal -0.999127 -0 -0.0417778
    outer loop
      vertex 77.6508 0 13.7919
      vertex 77.6567 -0.95 13.6508
      vertex 77.6508 -0.95 13.7919
    endloop
  endfacet
  facet normal -0.998511 0 -0.0545598
    outer loop
      vertex 77.665 -0.95 13.4989
      vertex 77.6567 0 13.6508
      vertex 77.665 0 13.4989
    endloop
  endfacet
  facet normal -0.998511 -0 -0.0545598
    outer loop
      vertex 77.6567 0 13.6508
      vertex 77.665 -0.95 13.4989
      vertex 77.6567 -0.95 13.6508
    endloop
  endfacet
  facet normal -0.997846 0 -0.0655927
    outer loop
      vertex 77.6744 -0.95 13.3559
      vertex 77.665 0 13.4989
      vertex 77.6744 0 13.3559
    endloop
  endfacet
  facet normal -0.997846 -0 -0.0655927
    outer loop
      vertex 77.665 0 13.4989
      vertex 77.6744 -0.95 13.3559
      vertex 77.665 -0.95 13.4989
    endloop
  endfacet
  facet normal -0.99693 0 -0.078293
    outer loop
      vertex 77.6834 -0.95 13.2413
      vertex 77.6744 0 13.3559
      vertex 77.6834 0 13.2413
    endloop
  endfacet
  facet normal -0.99693 -0 -0.078293
    outer loop
      vertex 77.6744 0 13.3559
      vertex 77.6834 -0.95 13.2413
      vertex 77.6744 -0.95 13.3559
    endloop
  endfacet
  facet normal -0.99506 0 -0.0992751
    outer loop
      vertex 77.692 -0.95 13.1551
      vertex 77.6834 0 13.2413
      vertex 77.692 0 13.1551
    endloop
  endfacet
  facet normal -0.99506 -0 -0.0992751
    outer loop
      vertex 77.6834 0 13.2413
      vertex 77.692 -0.95 13.1551
      vertex 77.6834 -0.95 13.2413
    endloop
  endfacet
  facet normal -0.989777 0 -0.142624
    outer loop
      vertex 77.7003 -0.95 13.0975
      vertex 77.692 0 13.1551
      vertex 77.7003 0 13.0975
    endloop
  endfacet
  facet normal -0.989777 -0 -0.142624
    outer loop
      vertex 77.692 0 13.1551
      vertex 77.7003 -0.95 13.0975
      vertex 77.692 -0.95 13.1551
    endloop
  endfacet
  facet normal 0 0 -1
    outer loop
      vertex 77.7003 -0.95 13.0975
      vertex 78.6334 0 13.0975
      vertex 78.6334 -0.95 13.0975
    endloop
  endfacet
  facet normal -0 0 -1
    outer loop
      vertex 78.6334 0 13.0975
      vertex 77.7003 -0.95 13.0975
      vertex 77.7003 0 13.0975
    endloop
  endfacet
  facet normal 0.997083 -0 0.0763266
    outer loop
      vertex 78.6192 -0.95 13.283
      vertex 78.6334 0 13.0975
      vertex 78.6192 0 13.283
    endloop
  endfacet
  facet normal 0.997083 0 0.0763266
    outer loop
      vertex 78.6334 0 13.0975
      vertex 78.6192 -0.95 13.283
      vertex 78.6334 -0.95 13.0975
    endloop
  endfacet
  facet normal 0.999251 -0 0.0386954
    outer loop
      vertex 78.609 -0.95 13.5464
      vertex 78.6192 0 13.283
      vertex 78.609 0 13.5464
    endloop
  endfacet
  facet normal 0.999251 0 0.0386954
    outer loop
      vertex 78.6192 0 13.283
      vertex 78.609 -0.95 13.5464
      vertex 78.6192 -0.95 13.283
    endloop
  endfacet
  facet normal 0.999841 -0 0.0178595
    outer loop
      vertex 78.6029 -0.95 13.8879
      vertex 78.609 0 13.5464
      vertex 78.6029 0 13.8879
    endloop
  endfacet
  facet normal 0.999841 0 0.0178595
    outer loop
      vertex 78.609 0 13.5464
      vertex 78.6029 -0.95 13.8879
      vertex 78.609 -0.95 13.5464
    endloop
  endfacet
  facet normal 0.999989 -0 0.00476866
    outer loop
      vertex 78.6009 -0.95 14.3073
      vertex 78.6029 0 13.8879
      vertex 78.6009 0 14.3073
    endloop
  endfacet
  facet normal 0.999989 0 0.00476866
    outer loop
      vertex 78.6029 0 13.8879
      vertex 78.6009 -0.95 14.3073
      vertex 78.6029 -0.95 13.8879
    endloop
  endfacet
  facet normal 1 -0 0
    outer loop
      vertex 78.6009 -0.95 21.1482
      vertex 78.6009 0 14.3073
      vertex 78.6009 0 21.1482
    endloop
  endfacet
  facet normal 1 0 0
    outer loop
      vertex 78.6009 0 14.3073
      vertex 78.6009 -0.95 21.1482
      vertex 78.6009 -0.95 14.3073
    endloop
  endfacet
  facet normal -0 0 1
    outer loop
      vertex 77.6244 0 21.1482
      vertex 78.6009 -0.95 21.1482
      vertex 78.6009 0 21.1482
    endloop
  endfacet
  facet normal 0 0 1
    outer loop
      vertex 78.6009 -0.95 21.1482
      vertex 77.6244 0 21.1482
      vertex 77.6244 -0.95 21.1482
    endloop
  endfacet
  facet normal -1 0 0
    outer loop
      vertex 77.6244 -0.95 18.7124
      vertex 77.6244 0 21.1482
      vertex 77.6244 0 18.7124
    endloop
  endfacet
  facet normal -1 -0 0
    outer loop
      vertex 77.6244 0 21.1482
      vertex 77.6244 -0.95 18.7124
      vertex 77.6244 -0.95 21.1482
    endloop
  endfacet
  facet normal -0.999862 0 -0.0166034
    outer loop
      vertex 77.6353 -0.95 18.056
      vertex 77.6244 0 18.7124
      vertex 77.6353 0 18.056
    endloop
  endfacet
  facet normal -0.999862 -0 -0.0166034
    outer loop
      vertex 77.6244 0 18.7124
      vertex 77.6353 -0.95 18.056
      vertex 77.6244 -0.95 18.7124
    endloop
  endfacet
  facet normal -0 0 1
    outer loop
      vertex 77.6244 0 18.056
      vertex 77.6353 -0.95 18.056
      vertex 77.6353 0 18.056
    endloop
  endfacet
  facet normal 0 0 1
    outer loop
      vertex 77.6353 -0.95 18.056
      vertex 77.6244 0 18.056
      vertex 77.6244 -0.95 18.056
    endloop
  endfacet
  facet normal 0.860816 -0 0.508917
    outer loop
      vertex 77.4779 -0.95 18.3038
      vertex 77.6244 0 18.056
      vertex 77.4779 0 18.3038
    endloop
  endfacet
  facet normal 0.860816 0 0.508917
    outer loop
      vertex 77.6244 0 18.056
      vertex 77.4779 -0.95 18.3038
      vertex 77.6244 -0.95 18.056
    endloop
  endfacet
  facet normal 0.783243 -0 0.621715
    outer loop
      vertex 77.3097 -0.95 18.5157
      vertex 77.4779 0 18.3038
      vertex 77.3097 0 18.5157
    endloop
  endfacet
  facet normal 0.783243 0 0.621715
    outer loop
      vertex 77.4779 0 18.3038
      vertex 77.3097 -0.95 18.5157
      vertex 77.4779 -0.95 18.3038
    endloop
  endfacet
  facet normal 0.679547 0 0.733632
    outer loop
      vertex 77.1198 0 18.6916
      vertex 77.3097 -0.95 18.5157
      vertex 77.3097 0 18.5157
    endloop
  endfacet
  facet normal 0.679547 0 0.733632
    outer loop
      vertex 77.3097 -0.95 18.5157
      vertex 77.1198 0 18.6916
      vertex 77.1198 -0.95 18.6916
    endloop
  endfacet
  facet normal 0.55206 0 0.833804
    outer loop
      vertex 76.9082 0 18.8317
      vertex 77.1198 -0.95 18.6916
      vertex 77.1198 0 18.6916
    endloop
  endfacet
  facet normal 0.55206 0 0.833804
    outer loop
      vertex 77.1198 -0.95 18.6916
      vertex 76.9082 0 18.8317
      vertex 76.9082 -0.95 18.8317
    endloop
  endfacet
  facet normal 0.411855 0 0.911249
    outer loop
      vertex 76.6719 0 18.9385
      vertex 76.9082 -0.95 18.8317
      vertex 76.9082 0 18.8317
    endloop
  endfacet
  facet normal 0.411855 0 0.911249
    outer loop
      vertex 76.9082 -0.95 18.8317
      vertex 76.6719 0 18.9385
      vertex 76.6719 -0.95 18.9385
    endloop
  endfacet
  facet normal 0.277555 0 0.96071
    outer loop
      vertex 76.4078 0 19.0148
      vertex 76.6719 -0.95 18.9385
      vertex 76.6719 0 18.9385
    endloop
  endfacet
  facet normal 0.277555 0 0.96071
    outer loop
      vertex 76.6719 -0.95 18.9385
      vertex 76.4078 0 19.0148
      vertex 76.4078 -0.95 19.0148
    endloop
  endfacet
  facet normal 0.155007 0 0.987913
    outer loop
      vertex 76.1159 0 19.0606
      vertex 76.4078 -0.95 19.0148
      vertex 76.4078 0 19.0148
    endloop
  endfacet
  facet normal 0.155007 0 0.987913
    outer loop
      vertex 76.4078 -0.95 19.0148
      vertex 76.1159 0 19.0606
      vertex 76.1159 -0.95 19.0606
    endloop
  endfacet
  facet normal 0.0474761 0 0.998872
    outer loop
      vertex 75.7961 0 19.0758
      vertex 76.1159 -0.95 19.0606
      vertex 76.1159 0 19.0606
    endloop
  endfacet
  facet normal 0.0474761 0 0.998872
    outer loop
      vertex 76.1159 -0.95 19.0606
      vertex 75.7961 0 19.0758
      vertex 75.7961 -0.95 19.0758
    endloop
  endfacet
  facet normal -0.199088 0 0.979982
    outer loop
      vertex 74.8515 0 18.8839
      vertex 75.7961 -0.95 19.0758
      vertex 75.7961 0 19.0758
    endloop
  endfacet
  facet normal -0.199088 0 0.979982
    outer loop
      vertex 75.7961 -0.95 19.0758
      vertex 74.8515 0 18.8839
      vertex 74.8515 -0.95 18.8839
    endloop
  endfacet
  facet normal -0.649091 0 0.760711
    outer loop
      vertex 74.1768 0 18.3082
      vertex 74.8515 -0.95 18.8839
      vertex 74.8515 0 18.8839
    endloop
  endfacet
  facet normal -0.649091 0 0.760711
    outer loop
      vertex 74.8515 -0.95 18.8839
      vertex 74.1768 0 18.3082
      vertex 74.1768 -0.95 18.3082
    endloop
  endfacet
  facet normal -0.92136 0 0.388709
    outer loop
      vertex 73.772 -0.95 17.3487
      vertex 74.1768 0 18.3082
      vertex 73.772 0 17.3487
    endloop
  endfacet
  facet normal -0.92136 0 0.388709
    outer loop
      vertex 74.1768 0 18.3082
      vertex 73.772 -0.95 17.3487
      vertex 74.1768 -0.95 18.3082
    endloop
  endfacet
  facet normal -0.994989 0 0.0999877
    outer loop
      vertex 73.637 -0.95 16.0053
      vertex 73.772 0 17.3487
      vertex 73.637 0 16.0053
    endloop
  endfacet
  facet normal -0.994989 0 0.0999877
    outer loop
      vertex 73.772 0 17.3487
      vertex 73.637 -0.95 16.0053
      vertex 73.772 -0.95 17.3487
    endloop
  endfacet
  facet normal -0.998945 0 -0.0459237
    outer loop
      vertex 73.6697 -0.95 15.294
      vertex 73.637 0 16.0053
      vertex 73.6697 0 15.294
    endloop
  endfacet
  facet normal -0.998945 -0 -0.0459237
    outer loop
      vertex 73.637 0 16.0053
      vertex 73.6697 -0.95 15.294
      vertex 73.637 -0.95 16.0053
    endloop
  endfacet
  facet normal -0.987495 0 -0.157652
    outer loop
      vertex 73.7679 -0.95 14.6789
      vertex 73.6697 0 15.294
      vertex 73.7679 0 14.6789
    endloop
  endfacet
  facet normal -0.987495 -0 -0.157652
    outer loop
      vertex 73.6697 0 15.294
      vertex 73.7679 -0.95 14.6789
      vertex 73.6697 -0.95 15.294
    endloop
  endfacet
  facet normal -0.953705 0 -0.300744
    outer loop
      vertex 73.9315 -0.95 14.1601
      vertex 73.7679 0 14.6789
      vertex 73.9315 0 14.1601
    endloop
  endfacet
  facet normal -0.953705 -0 -0.300744
    outer loop
      vertex 73.7679 0 14.6789
      vertex 73.9315 -0.95 14.1601
      vertex 73.7679 -0.95 14.6789
    endloop
  endfacet
  facet normal -0.879118 0 -0.476605
    outer loop
      vertex 74.1605 -0.95 13.7377
      vertex 73.9315 0 14.1601
      vertex 74.1605 0 13.7377
    endloop
  endfacet
  facet normal -0.879118 -0 -0.476605
    outer loop
      vertex 73.9315 0 14.1601
      vertex 74.1605 -0.95 13.7377
      vertex 73.9315 -0.95 14.1601
    endloop
  endfacet
  facet normal -0.739062 0 -0.673638
    outer loop
      vertex 74.4591 -0.95 13.4101
      vertex 74.1605 0 13.7377
      vertex 74.4591 0 13.4101
    endloop
  endfacet
  facet normal -0.739062 -0 -0.673638
    outer loop
      vertex 74.1605 0 13.7377
      vertex 74.4591 -0.95 13.4101
      vertex 74.1605 -0.95 13.7377
    endloop
  endfacet
  facet normal -0.532186 0 -0.846628
    outer loop
      vertex 74.4591 -0.95 13.4101
      vertex 74.8312 0 13.1762
      vertex 74.8312 -0.95 13.1762
    endloop
  endfacet
  facet normal -0.532186 0 -0.846628
    outer loop
      vertex 74.8312 0 13.1762
      vertex 74.4591 -0.95 13.4101
      vertex 74.4591 0 13.4101
    endloop
  endfacet
  facet normal -0.300455 0 -0.953796
    outer loop
      vertex 74.8312 -0.95 13.1762
      vertex 75.2769 0 13.0358
      vertex 75.2769 -0.95 13.0358
    endloop
  endfacet
  facet normal -0.300455 0 -0.953796
    outer loop
      vertex 75.2769 0 13.0358
      vertex 74.8312 -0.95 13.1762
      vertex 74.8312 0 13.1762
    endloop
  endfacet
  facet normal -0.0897747 0 -0.995962
    outer loop
      vertex 75.2769 -0.95 13.0358
      vertex 75.7961 0 12.989
      vertex 75.7961 -0.95 12.989
    endloop
  endfacet
  facet normal -0.0897747 0 -0.995962
    outer loop
      vertex 75.7961 0 12.989
      vertex 75.2769 -0.95 13.0358
      vertex 75.2769 0 13.0358
    endloop
  endfacet
  facet normal 0.048118 0 -0.998842
    outer loop
      vertex 75.7961 -0.95 12.989
      vertex 76.1137 0 13.0043
      vertex 76.1137 -0.95 13.0043
    endloop
  endfacet
  facet normal 0.048118 0 -0.998842
    outer loop
      vertex 76.1137 0 13.0043
      vertex 75.7961 -0.95 12.989
      vertex 75.7961 0 12.989
    endloop
  endfacet
  facet normal 0.325217 0 0.94564
    outer loop
      vertex 75.4151 0 13.876
      vertex 75.705 -0.95 13.7763
      vertex 75.705 0 13.7763
    endloop
  endfacet
  facet normal 0.325217 0 0.94564
    outer loop
      vertex 75.705 -0.95 13.7763
      vertex 75.4151 0 13.876
      vertex 75.4151 -0.95 13.876
    endloop
  endfacet
  facet normal 0.570531 0 0.821276
    outer loop
      vertex 75.176 0 14.0421
      vertex 75.4151 -0.95 13.876
      vertex 75.4151 0 13.876
    endloop
  endfacet
  facet normal 0.570531 0 0.821276
    outer loop
      vertex 75.4151 -0.95 13.876
      vertex 75.176 0 14.0421
      vertex 75.176 -0.95 14.0421
    endloop
  endfacet
  facet normal 0.777401 -0 0.629006
    outer loop
      vertex 74.9878 -0.95 14.2747
      vertex 75.176 0 14.0421
      vertex 74.9878 0 14.2747
    endloop
  endfacet
  facet normal 0.777401 0 0.629006
    outer loop
      vertex 75.176 0 14.0421
      vertex 74.9878 -0.95 14.2747
      vertex 75.176 -0.95 14.0421
    endloop
  endfacet
  facet normal 0.908508 -0 0.417867
    outer loop
      vertex 74.8454 -0.95 14.5843
      vertex 74.9878 0 14.2747
      vertex 74.8454 0 14.5843
    endloop
  endfacet
  facet normal 0.908508 0 0.417867
    outer loop
      vertex 74.9878 0 14.2747
      vertex 74.8454 -0.95 14.5843
      vertex 74.9878 -0.95 14.2747
    endloop
  endfacet
  facet normal 0.96872 -0 0.248158
    outer loop
      vertex 74.7437 -0.95 14.9813
      vertex 74.8454 0 14.5843
      vertex 74.7437 0 14.9813
    endloop
  endfacet
  facet normal 0.96872 0 0.248158
    outer loop
      vertex 74.8454 0 14.5843
      vertex 74.7437 -0.95 14.9813
      vertex 74.8454 -0.95 14.5843
    endloop
  endfacet
  facet normal 0.992142 -0 0.125118
    outer loop
      vertex 74.6826 -0.95 15.4658
      vertex 74.7437 0 14.9813
      vertex 74.6826 0 15.4658
    endloop
  endfacet
  facet normal 0.992142 0 0.125118
    outer loop
      vertex 74.7437 0 14.9813
      vertex 74.6826 -0.95 15.4658
      vertex 74.7437 -0.95 14.9813
    endloop
  endfacet
  facet normal 0.999371 -0 0.0354672
    outer loop
      vertex 74.6623 -0.95 16.0378
      vertex 74.6826 0 15.4658
      vertex 74.6623 0 16.0378
    endloop
  endfacet
  facet normal 0.999371 0 0.0354672
    outer loop
      vertex 74.6826 0 15.4658
      vertex 74.6623 -0.95 16.0378
      vertex 74.6826 -0.95 15.4658
    endloop
  endfacet
  facet normal 0.999355 0 -0.0359102
    outer loop
      vertex 74.6828 -0.95 16.6083
      vertex 74.6623 0 16.0378
      vertex 74.6828 0 16.6083
    endloop
  endfacet
  facet normal 0.999355 0 -0.0359102
    outer loop
      vertex 74.6623 0 16.0378
      vertex 74.6828 -0.95 16.6083
      vertex 74.6623 -0.95 16.0378
    endloop
  endfacet
  facet normal 0.992043 0 -0.125896
    outer loop
      vertex 74.7444 -0.95 17.0937
      vertex 74.6828 0 16.6083
      vertex 74.7444 0 17.0937
    endloop
  endfacet
  facet normal 0.992043 0 -0.125896
    outer loop
      vertex 74.6828 0 16.6083
      vertex 74.7444 -0.95 17.0937
      vertex 74.6828 -0.95 16.6083
    endloop
  endfacet
  facet normal 0.968731 0 -0.248113
    outer loop
      vertex 74.8469 -0.95 17.4939
      vertex 74.7444 0 17.0937
      vertex 74.8469 0 17.4939
    endloop
  endfacet
  facet normal 0.968731 0 -0.248113
    outer loop
      vertex 74.7444 0 17.0937
      vertex 74.8469 -0.95 17.4939
      vertex 74.7444 -0.95 17.0937
    endloop
  endfacet
  facet normal 0.91001 0 -0.414586
    outer loop
      vertex 74.9905 -0.95 17.8091
      vertex 74.8469 0 17.4939
      vertex 74.9905 0 17.8091
    endloop
  endfacet
  facet normal 0.91001 0 -0.414586
    outer loop
      vertex 74.8469 0 17.4939
      vertex 74.9905 -0.95 17.8091
      vertex 74.8469 -0.95 17.4939
    endloop
  endfacet
  facet normal 0.782467 0 -0.622693
    outer loop
      vertex 75.1803 -0.95 18.0476
      vertex 74.9905 0 17.8091
      vertex 75.1803 0 18.0476
    endloop
  endfacet
  facet normal 0.782467 0 -0.622693
    outer loop
      vertex 74.9905 0 17.8091
      vertex 75.1803 -0.95 18.0476
      vertex 74.9905 -0.95 17.8091
    endloop
  endfacet
  facet normal 0.577481 0 -0.816404
    outer loop
      vertex 75.1803 -0.95 18.0476
      vertex 75.4212 0 18.218
      vertex 75.4212 -0.95 18.218
    endloop
  endfacet
  facet normal 0.577481 0 -0.816404
    outer loop
      vertex 75.4212 0 18.218
      vertex 75.1803 -0.95 18.0476
      vertex 75.1803 0 18.0476
    endloop
  endfacet
  facet normal 0.33025 0 -0.943894
    outer loop
      vertex 75.4212 -0.95 18.218
      vertex 75.7133 0 18.3202
      vertex 75.7133 -0.95 18.3202
    endloop
  endfacet
  facet normal 0.33025 0 -0.943894
    outer loop
      vertex 75.7133 0 18.3202
      vertex 75.4212 -0.95 18.218
      vertex 75.4212 0 18.218
    endloop
  endfacet
  facet normal 0.0988721 0 -0.9951
    outer loop
      vertex 75.7133 -0.95 18.3202
      vertex 76.0565 0 18.3543
      vertex 76.0565 -0.95 18.3543
    endloop
  endfacet
  facet normal 0.0988721 0 -0.9951
    outer loop
      vertex 76.0565 0 18.3543
      vertex 75.7133 -0.95 18.3202
      vertex 75.7133 0 18.3202
    endloop
  endfacet
  facet normal -0.088442 0 -0.996081
    outer loop
      vertex 76.0565 -0.95 18.3543
      vertex 76.4383 0 18.3204
      vertex 76.4383 -0.95 18.3204
    endloop
  endfacet
  facet normal -0.088442 0 -0.996081
    outer loop
      vertex 76.4383 0 18.3204
      vertex 76.0565 -0.95 18.3543
      vertex 76.0565 0 18.3543
    endloop
  endfacet
  facet normal -0.297642 0 -0.954678
    outer loop
      vertex 76.4383 -0.95 18.3204
      vertex 76.7645 0 18.2187
      vertex 76.7645 -0.95 18.2187
    endloop
  endfacet
  facet normal -0.297642 0 -0.954678
    outer loop
      vertex 76.7645 0 18.2187
      vertex 76.4383 -0.95 18.3204
      vertex 76.4383 0 18.3204
    endloop
  endfacet
  facet normal -0.531068 0 -0.847329
    outer loop
      vertex 76.7645 -0.95 18.2187
      vertex 77.0351 0 18.0491
      vertex 77.0351 -0.95 18.0491
    endloop
  endfacet
  facet normal -0.531068 0 -0.847329
    outer loop
      vertex 77.0351 0 18.0491
      vertex 76.7645 -0.95 18.2187
      vertex 76.7645 0 18.2187
    endloop
  endfacet
  facet normal -0.741069 0 -0.671428
    outer loop
      vertex 77.2501 -0.95 17.8118
      vertex 77.0351 0 18.0491
      vertex 77.2501 0 17.8118
    endloop
  endfacet
  facet normal -0.741069 -0 -0.671428
    outer loop
      vertex 77.0351 0 18.0491
      vertex 77.2501 -0.95 17.8118
      vertex 77.0351 -0.95 18.0491
    endloop
  endfacet
  facet normal -0.884404 0 -0.466721
    outer loop
      vertex 77.4138 -0.95 17.5016
      vertex 77.2501 0 17.8118
      vertex 77.4138 0 17.5016
    endloop
  endfacet
  facet normal -0.884404 -0 -0.466721
    outer loop
      vertex 77.2501 0 17.8118
      vertex 77.4138 -0.95 17.5016
      vertex 77.2501 -0.95 17.8118
    endloop
  endfacet
  facet normal -0.957479 0 -0.288501
    outer loop
      vertex 77.5308 -0.95 17.1133
      vertex 77.4138 0 17.5016
      vertex 77.5308 0 17.1133
    endloop
  endfacet
  facet normal -0.957479 -0 -0.288501
    outer loop
      vertex 77.4138 0 17.5016
      vertex 77.5308 -0.95 17.1133
      vertex 77.4138 -0.95 17.5016
    endloop
  endfacet
  facet normal -0.988852 0 -0.148901
    outer loop
      vertex 77.601 -0.95 16.6471
      vertex 77.5308 0 17.1133
      vertex 77.601 0 16.6471
    endloop
  endfacet
  facet normal -0.988852 -0 -0.148901
    outer loop
      vertex 77.5308 0 17.1133
      vertex 77.601 -0.95 16.6471
      vertex 77.5308 -0.95 17.1133
    endloop
  endfacet
  facet normal -0.999077 0 -0.0429592
    outer loop
      vertex 77.6244 -0.95 16.1029
      vertex 77.601 0 16.6471
      vertex 77.6244 0 16.1029
    endloop
  endfacet
  facet normal -0.999077 -0 -0.0429592
    outer loop
      vertex 77.601 0 16.6471
      vertex 77.6244 -0.95 16.1029
      vertex 77.601 -0.95 16.6471
    endloop
  endfacet
  facet normal -0.999144 0 0.0413658
    outer loop
      vertex 77.601 -0.95 15.5377
      vertex 77.6244 0 16.1029
      vertex 77.601 0 15.5377
    endloop
  endfacet
  facet normal -0.999144 0 0.0413658
    outer loop
      vertex 77.6244 0 16.1029
      vertex 77.601 -0.95 15.5377
      vertex 77.6244 -0.95 16.1029
    endloop
  endfacet
  facet normal -0.98972 0 0.143018
    outer loop
      vertex 77.5308 -0.95 15.0519
      vertex 77.601 0 15.5377
      vertex 77.5308 0 15.0519
    endloop
  endfacet
  facet normal -0.98972 0 0.143018
    outer loop
      vertex 77.601 0 15.5377
      vertex 77.5308 -0.95 15.0519
      vertex 77.601 -0.95 15.5377
    endloop
  endfacet
  facet normal -0.961005 0 0.276531
    outer loop
      vertex 77.4138 -0.95 14.6453
      vertex 77.5308 0 15.0519
      vertex 77.4138 0 14.6453
    endloop
  endfacet
  facet normal -0.961005 0 0.276531
    outer loop
      vertex 77.5308 0 15.0519
      vertex 77.4138 -0.95 14.6453
      vertex 77.5308 -0.95 15.0519
    endloop
  endfacet
  facet normal -0.894263 0 0.447542
    outer loop
      vertex 77.2501 -0.95 14.3182
      vertex 77.4138 0 14.6453
      vertex 77.2501 0 14.3182
    endloop
  endfacet
  facet normal -0.894263 0 0.447542
    outer loop
      vertex 77.4138 0 14.6453
      vertex 77.2501 -0.95 14.3182
      vertex 77.4138 -0.95 14.6453
    endloop
  endfacet
  facet normal -0.759193 0 0.650866
    outer loop
      vertex 77.0344 -0.95 14.0666
      vertex 77.2501 0 14.3182
      vertex 77.0344 0 14.0666
    endloop
  endfacet
  facet normal -0.759193 0 0.650866
    outer loop
      vertex 77.2501 0 14.3182
      vertex 77.0344 -0.95 14.0666
      vertex 77.2501 -0.95 14.3182
    endloop
  endfacet
  facet normal -0.550381 0 0.834913
    outer loop
      vertex 76.7618 0 13.8869
      vertex 77.0344 -0.95 14.0666
      vertex 77.0344 0 14.0666
    endloop
  endfacet
  facet normal -0.550381 0 0.834913
    outer loop
      vertex 77.0344 -0.95 14.0666
      vertex 76.7618 0 13.8869
      vertex 76.7618 -0.95 13.8869
    endloop
  endfacet
  facet normal -0.311205 0 0.950343
    outer loop
      vertex 76.4323 0 13.779
      vertex 76.7618 -0.95 13.8869
      vertex 76.7618 0 13.8869
    endloop
  endfacet
  facet normal -0.311205 0 0.950343
    outer loop
      vertex 76.7618 -0.95 13.8869
      vertex 76.4323 0 13.779
      vertex 76.4323 -0.95 13.779
    endloop
  endfacet
  facet normal -0.092463 0 0.995716
    outer loop
      vertex 76.0457 0 13.7431
      vertex 76.4323 -0.95 13.779
      vertex 76.4323 0 13.779
    endloop
  endfacet
  facet normal -0.092463 0 0.995716
    outer loop
      vertex 76.4323 -0.95 13.779
      vertex 76.0457 0 13.7431
      vertex 76.0457 -0.95 13.7431
    endloop
  endfacet
  facet normal 0.096987 0 0.995286
    outer loop
      vertex 75.705 0 13.7763
      vertex 76.0457 -0.95 13.7431
      vertex 76.0457 0 13.7431
    endloop
  endfacet
  facet normal 0.096987 0 0.995286
    outer loop
      vertex 76.0457 -0.95 13.7431
      vertex 75.705 0 13.7763
      vertex 75.705 -0.95 13.7763
    endloop
  endfacet
  facet normal -0 0 1
    outer loop
      vertex 71.5084 0 21.1482
      vertex 72.4849 -0.95 21.1482
      vertex 72.4849 0 21.1482
    endloop
  endfacet
  facet normal 0 0 1
    outer loop
      vertex 72.4849 -0.95 21.1482
      vertex 71.5084 0 21.1482
      vertex 71.5084 -0.95 21.1482
    endloop
  endfacet
  facet normal -1 0 0
    outer loop
      vertex 71.5084 -0.95 13.0975
      vertex 71.5084 0 21.1482
      vertex 71.5084 0 13.0975
    endloop
  endfacet
  facet normal -1 -0 0
    outer loop
      vertex 71.5084 0 21.1482
      vertex 71.5084 -0.95 13.0975
      vertex 71.5084 -0.95 21.1482
    endloop
  endfacet
  facet normal 0 0 -1
    outer loop
      vertex 71.5084 -0.95 13.0975
      vertex 72.4849 0 13.0975
      vertex 72.4849 -0.95 13.0975
    endloop
  endfacet
  facet normal -0 0 -1
    outer loop
      vertex 72.4849 0 13.0975
      vertex 71.5084 -0.95 13.0975
      vertex 71.5084 0 13.0975
    endloop
  endfacet
  facet normal 1 -0 0
    outer loop
      vertex 72.4849 -0.95 21.1482
      vertex 72.4849 0 13.0975
      vertex 72.4849 0 21.1482
    endloop
  endfacet
  facet normal 1 0 0
    outer loop
      vertex 72.4849 0 13.0975
      vertex 72.4849 -0.95 21.1482
      vertex 72.4849 -0.95 13.0975
    endloop
  endfacet
  facet normal 0.129391 0 -0.991594
    outer loop
      vertex 58.791 -0.95 13.0102
      vertex 59.2784 0 13.0738
      vertex 59.2784 -0.95 13.0738
    endloop
  endfacet
  facet normal 0.129391 0 -0.991594
    outer loop
      vertex 59.2784 0 13.0738
      vertex 58.791 -0.95 13.0102
      vertex 58.791 0 13.0102
    endloop
  endfacet
  facet normal 0.220344 0 -0.975422
    outer loop
      vertex 59.2784 -0.95 13.0738
      vertex 59.7472 0 13.1797
      vertex 59.7472 -0.95 13.1797
    endloop
  endfacet
  facet normal 0.220344 0 -0.975422
    outer loop
      vertex 59.7472 0 13.1797
      vertex 59.2784 -0.95 13.0738
      vertex 59.2784 0 13.0738
    endloop
  endfacet
  facet normal 0.313124 0 -0.949712
    outer loop
      vertex 59.7472 -0.95 13.1797
      vertex 60.1973 0 13.3281
      vertex 60.1973 -0.95 13.3281
    endloop
  endfacet
  facet normal 0.313124 0 -0.949712
    outer loop
      vertex 60.1973 0 13.3281
      vertex 59.7472 -0.95 13.1797
      vertex 59.7472 0 13.1797
    endloop
  endfacet
  facet normal 0.403853 0 -0.914824
    outer loop
      vertex 60.1973 -0.95 13.3281
      vertex 60.6209 0 13.5151
      vertex 60.6209 -0.95 13.5151
    endloop
  endfacet
  facet normal 0.403853 0 -0.914824
    outer loop
      vertex 60.6209 0 13.5151
      vertex 60.1973 -0.95 13.3281
      vertex 60.1973 0 13.3281
    endloop
  endfacet
  facet normal 0.495105 0 -0.868833
    outer loop
      vertex 60.6209 -0.95 13.5151
      vertex 61.0103 0 13.737
      vertex 61.0103 -0.95 13.737
    endloop
  endfacet
  facet normal 0.495105 0 -0.868833
    outer loop
      vertex 61.0103 0 13.737
      vertex 60.6209 -0.95 13.5151
      vertex 60.6209 0 13.5151
    endloop
  endfacet
  facet normal 0.58589 0 -0.81039
    outer loop
      vertex 61.0103 -0.95 13.737
      vertex 61.3655 0 13.9938
      vertex 61.3655 -0.95 13.9938
    endloop
  endfacet
  facet normal 0.58589 0 -0.81039
    outer loop
      vertex 61.3655 0 13.9938
      vertex 61.0103 -0.95 13.737
      vertex 61.0103 0 13.737
    endloop
  endfacet
  facet normal 0.672765 0 -0.739857
    outer loop
      vertex 61.3655 -0.95 13.9938
      vertex 61.6864 0 14.2856
      vertex 61.6864 -0.95 14.2856
    endloop
  endfacet
  facet normal 0.672765 0 -0.739857
    outer loop
      vertex 61.6864 0 14.2856
      vertex 61.3655 -0.95 13.9938
      vertex 61.3655 0 13.9938
    endloop
  endfacet
  facet normal 1 -0 0
    outer loop
      vertex 61.6864 -0.95 16.9221
      vertex 61.6864 0 14.2856
      vertex 61.6864 0 16.9221
    endloop
  endfacet
  facet normal 1 0 0
    outer loop
      vertex 61.6864 0 14.2856
      vertex 61.6864 -0.95 16.9221
      vertex 61.6864 -0.95 14.2856
    endloop
  endfacet
  facet normal -0 0 1
    outer loop
      vertex 58.4477 0 16.9221
      vertex 61.6864 -0.95 16.9221
      vertex 61.6864 0 16.9221
    endloop
  endfacet
  facet normal 0 0 1
    outer loop
      vertex 61.6864 -0.95 16.9221
      vertex 58.4477 0 16.9221
      vertex 58.4477 -0.95 16.9221
    endloop
  endfacet
  facet normal -1 0 0
    outer loop
      vertex 58.4477 -0.95 16.0541
      vertex 58.4477 0 16.9221
      vertex 58.4477 0 16.0541
    endloop
  endfacet
  facet normal -1 -0 0
    outer loop
      vertex 58.4477 0 16.9221
      vertex 58.4477 -0.95 16.0541
      vertex 58.4477 -0.95 16.9221
    endloop
  endfacet
  facet normal 0 0 -1
    outer loop
      vertex 58.4477 -0.95 16.0541
      vertex 60.7316 0 16.0541
      vertex 60.7316 -0.95 16.0541
    endloop
  endfacet
  facet normal -0 0 -1
    outer loop
      vertex 60.7316 0 16.0541
      vertex 58.4477 -0.95 16.0541
      vertex 58.4477 0 16.0541
    endloop
  endfacet
  facet normal -1 0 0
    outer loop
      vertex 60.7316 -0.95 14.6761
      vertex 60.7316 0 16.0541
      vertex 60.7316 0 14.6761
    endloop
  endfacet
  facet normal -1 -0 0
    outer loop
      vertex 60.7316 0 16.0541
      vertex 60.7316 -0.95 14.6761
      vertex 60.7316 -0.95 16.0541
    endloop
  endfacet
  facet normal -0.650531 0 0.75948
    outer loop
      vertex 60.5155 0 14.491
      vertex 60.7316 -0.95 14.6761
      vertex 60.7316 0 14.6761
    endloop
  endfacet
  facet normal -0.650531 0 0.75948
    outer loop
      vertex 60.7316 -0.95 14.6761
      vertex 60.5155 0 14.491
      vertex 60.5155 -0.95 14.491
    endloop
  endfacet
  facet normal -0.554778 0 0.831998
    outer loop
      vertex 60.2685 0 14.3263
      vertex 60.5155 -0.95 14.491
      vertex 60.5155 0 14.491
    endloop
  endfacet
  facet normal -0.554778 0 0.831998
    outer loop
      vertex 60.5155 -0.95 14.491
      vertex 60.2685 0 14.3263
      vertex 60.2685 -0.95 14.3263
    endloop
  endfacet
  facet normal -0.461333 0 0.887227
    outer loop
      vertex 59.9906 0 14.1818
      vertex 60.2685 -0.95 14.3263
      vertex 60.2685 0 14.3263
    endloop
  endfacet
  facet normal -0.461333 0 0.887227
    outer loop
      vertex 60.2685 -0.95 14.3263
      vertex 59.9906 0 14.1818
      vertex 59.9906 -0.95 14.1818
    endloop
  endfacet
  facet normal -0.372997 0 0.927833
    outer loop
      vertex 59.6819 0 14.0577
      vertex 59.9906 -0.95 14.1818
      vertex 59.9906 0 14.1818
    endloop
  endfacet
  facet normal -0.372997 0 0.927833
    outer loop
      vertex 59.9906 -0.95 14.1818
      vertex 59.6819 0 14.0577
      vertex 59.6819 -0.95 14.0577
    endloop
  endfacet
  facet normal -0.288624 0 0.957443
    outer loop
      vertex 59.3515 0 13.9581
      vertex 59.6819 -0.95 14.0577
      vertex 59.6819 0 14.0577
    endloop
  endfacet
  facet normal -0.288624 0 0.957443
    outer loop
      vertex 59.6819 -0.95 14.0577
      vertex 59.3515 0 13.9581
      vertex 59.3515 -0.95 13.9581
    endloop
  endfacet
  facet normal -0.203247 0 0.979127
    outer loop
      vertex 59.0085 0 13.8869
      vertex 59.3515 -0.95 13.9581
      vertex 59.3515 0 13.9581
    endloop
  endfacet
  facet normal -0.203247 0 0.979127
    outer loop
      vertex 59.3515 -0.95 13.9581
      vertex 59.0085 0 13.8869
      vertex 59.0085 -0.95 13.8869
    endloop
  endfacet
  facet normal -0.119531 0 0.992831
    outer loop
      vertex 58.653 0 13.8441
      vertex 59.0085 -0.95 13.8869
      vertex 59.0085 0 13.8869
    endloop
  endfacet
  facet normal -0.119531 0 0.992831
    outer loop
      vertex 59.0085 -0.95 13.8869
      vertex 58.653 0 13.8441
      vertex 58.653 -0.95 13.8441
    endloop
  endfacet
  facet normal -0.0385583 0 0.999256
    outer loop
      vertex 58.285 0 13.8299
      vertex 58.653 -0.95 13.8441
      vertex 58.653 0 13.8441
    endloop
  endfacet
  facet normal -0.0385583 0 0.999256
    outer loop
      vertex 58.653 -0.95 13.8441
      vertex 58.285 0 13.8299
      vertex 58.285 -0.95 13.8299
    endloop
  endfacet
  facet normal 0.0841081 0 0.996457
    outer loop
      vertex 57.6642 0 13.8823
      vertex 58.285 -0.95 13.8299
      vertex 58.285 0 13.8299
    endloop
  endfacet
  facet normal 0.0841081 0 0.996457
    outer loop
      vertex 58.285 -0.95 13.8299
      vertex 57.6642 0 13.8823
      vertex 57.6642 -0.95 13.8823
    endloop
  endfacet
  facet normal 0.274952 0 0.961458
    outer loop
      vertex 57.1145 0 14.0395
      vertex 57.6642 -0.95 13.8823
      vertex 57.6642 0 13.8823
    endloop
  endfacet
  facet normal 0.274952 0 0.961458
    outer loop
      vertex 57.6642 -0.95 13.8823
      vertex 57.1145 0 14.0395
      vertex 57.1145 -0.95 14.0395
    endloop
  endfacet
  facet normal 0.4802 0 0.877159
    outer loop
      vertex 56.6361 0 14.3014
      vertex 57.1145 -0.95 14.0395
      vertex 57.1145 0 14.0395
    endloop
  endfacet
  facet normal 0.4802 0 0.877159
    outer loop
      vertex 57.1145 -0.95 14.0395
      vertex 56.6361 0 14.3014
      vertex 56.6361 -0.95 14.3014
    endloop
  endfacet
  facet normal 0.669187 0 0.743094
    outer loop
      vertex 56.2289 0 14.6681
      vertex 56.6361 -0.95 14.3014
      vertex 56.6361 0 14.3014
    endloop
  endfacet
  facet normal 0.669187 0 0.743094
    outer loop
      vertex 56.6361 -0.95 14.3014
      vertex 56.2289 0 14.6681
      vertex 56.2289 -0.95 14.6681
    endloop
  endfacet
  facet normal 0.814888 -0 0.579618
    outer loop
      vertex 55.9037 -0.95 15.1253
      vertex 56.2289 0 14.6681
      vertex 55.9037 0 15.1253
    endloop
  endfacet
  facet normal 0.814888 0 0.579618
    outer loop
      vertex 56.2289 0 14.6681
      vertex 55.9037 -0.95 15.1253
      vertex 56.2289 -0.95 14.6681
    endloop
  endfacet
  facet normal 0.916854 -0 0.399222
    outer loop
      vertex 55.6714 -0.95 15.6588
      vertex 55.9037 0 15.1253
      vertex 55.6714 0 15.6588
    endloop
  endfacet
  facet normal 0.916854 0 0.399222
    outer loop
      vertex 55.9037 0 15.1253
      vertex 55.6714 -0.95 15.6588
      vertex 55.9037 -0.95 15.1253
    endloop
  endfacet
  facet normal 0.974887 -0 0.222699
    outer loop
      vertex 55.5321 -0.95 16.2686
      vertex 55.6714 0 15.6588
      vertex 55.5321 0 16.2686
    endloop
  endfacet
  facet normal 0.974887 0 0.222699
    outer loop
      vertex 55.6714 0 15.6588
      vertex 55.5321 -0.95 16.2686
      vertex 55.6714 -0.95 15.6588
    endloop
  endfacet
  facet normal 0.997711 -0 0.0676193
    outer loop
      vertex 55.4856 -0.95 16.9547
      vertex 55.5321 0 16.2686
      vertex 55.4856 0 16.9547
    endloop
  endfacet
  facet normal 0.997711 0 0.0676193
    outer loop
      vertex 55.5321 0 16.2686
      vertex 55.4856 -0.95 16.9547
      vertex 55.5321 -0.95 16.2686
    endloop
  endfacet
  facet normal 0.997968 0 -0.0637094
    outer loop
      vertex 55.5294 -0.95 17.6408
      vertex 55.4856 0 16.9547
      vertex 55.5294 0 17.6408
    endloop
  endfacet
  facet normal 0.997968 0 -0.0637094
    outer loop
      vertex 55.4856 0 16.9547
      vertex 55.5294 -0.95 17.6408
      vertex 55.4856 -0.95 16.9547
    endloop
  endfacet
  facet normal 0.977233 0 -0.212168
    outer loop
      vertex 55.6606 -0.95 18.2451
      vertex 55.5294 0 17.6408
      vertex 55.6606 0 18.2451
    endloop
  endfacet
  facet normal 0.977233 0 -0.212168
    outer loop
      vertex 55.5294 0 17.6408
      vertex 55.6606 -0.95 18.2451
      vertex 55.5294 -0.95 17.6408
    endloop
  endfacet
  facet normal 0.922507 0 -0.385981
    outer loop
      vertex 55.8793 -0.95 18.7678
      vertex 55.6606 0 18.2451
      vertex 55.8793 0 18.7678
    endloop
  endfacet
  facet normal 0.922507 0 -0.385981
    outer loop
      vertex 55.6606 0 18.2451
      vertex 55.8793 -0.95 18.7678
      vertex 55.6606 -0.95 18.2451
    endloop
  endfacet
  facet normal 0.821353 0 -0.57042
    outer loop
      vertex 56.1855 -0.95 19.2087
      vertex 55.8793 0 18.7678
      vertex 56.1855 0 19.2087
    endloop
  endfacet
  facet normal 0.821353 0 -0.57042
    outer loop
      vertex 55.8793 0 18.7678
      vertex 56.1855 -0.95 19.2087
      vertex 55.8793 -0.95 18.7678
    endloop
  endfacet
  facet normal 0.66906 0 -0.743209
    outer loop
      vertex 56.1855 -0.95 19.2087
      vertex 56.5744 0 19.5588
      vertex 56.5744 -0.95 19.5588
    endloop
  endfacet
  facet normal 0.66906 0 -0.743209
    outer loop
      vertex 56.5744 0 19.5588
      vertex 56.1855 -0.95 19.2087
      vertex 56.1855 0 19.2087
    endloop
  endfacet
  facet normal 0.472185 0 -0.8815
    outer loop
      vertex 56.5744 -0.95 19.5588
      vertex 57.0413 0 19.8089
      vertex 57.0413 -0.95 19.8089
    endloop
  endfacet
  facet normal 0.472185 0 -0.8815
    outer loop
      vertex 57.0413 0 19.8089
      vertex 56.5744 -0.95 19.5588
      vertex 56.5744 0 19.5588
    endloop
  endfacet
  facet normal 0.265407 0 -0.964136
    outer loop
      vertex 57.0413 -0.95 19.8089
      vertex 57.5862 0 19.9589
      vertex 57.5862 -0.95 19.9589
    endloop
  endfacet
  facet normal 0.265407 0 -0.964136
    outer loop
      vertex 57.5862 0 19.9589
      vertex 57.0413 -0.95 19.8089
      vertex 57.0413 0 19.8089
    endloop
  endfacet
  facet normal 0.0800251 0 -0.996793
    outer loop
      vertex 57.5862 -0.95 19.9589
      vertex 58.209 0 20.0089
      vertex 58.209 -0.95 20.0089
    endloop
  endfacet
  facet normal 0.0800251 0 -0.996793
    outer loop
      vertex 58.209 0 20.0089
      vertex 57.5862 -0.95 19.9589
      vertex 57.5862 0 19.9589
    endloop
  endfacet
  facet normal -0.0454964 0 -0.998965
    outer loop
      vertex 58.209 -0.95 20.0089
      vertex 58.6174 0 19.9903
      vertex 58.6174 -0.95 19.9903
    endloop
  endfacet
  facet normal -0.0454964 0 -0.998965
    outer loop
      vertex 58.6174 0 19.9903
      vertex 58.209 -0.95 20.0089
      vertex 58.209 0 20.0089
    endloop
  endfacet
  facet normal -0.148276 0 -0.988946
    outer loop
      vertex 58.6174 -0.95 19.9903
      vertex 58.9909 0 19.9343
      vertex 58.9909 -0.95 19.9343
    endloop
  endfacet
  facet normal -0.148276 0 -0.988946
    outer loop
      vertex 58.9909 0 19.9343
      vertex 58.6174 -0.95 19.9903
      vertex 58.6174 0 19.9903
    endloop
  endfacet
  facet normal -0.265381 0 -0.964143
    outer loop
      vertex 58.9909 -0.95 19.9343
      vertex 59.3295 0 19.8411
      vertex 59.3295 -0.95 19.8411
    endloop
  endfacet
  facet normal -0.265381 0 -0.964143
    outer loop
      vertex 59.3295 0 19.8411
      vertex 58.9909 -0.95 19.9343
      vertex 58.9909 0 19.9343
    endloop
  endfacet
  facet normal -0.395161 0 -0.918612
    outer loop
      vertex 59.3295 -0.95 19.8411
      vertex 59.6331 0 19.7105
      vertex 59.6331 -0.95 19.7105
    endloop
  endfacet
  facet normal -0.395161 0 -0.918612
    outer loop
      vertex 59.6331 0 19.7105
      vertex 59.3295 -0.95 19.8411
      vertex 59.3295 0 19.8411
    endloop
  endfacet
  facet normal -0.53451 0 -0.845162
    outer loop
      vertex 59.6331 -0.95 19.7105
      vertex 59.9038 0 19.5393
      vertex 59.9038 -0.95 19.5393
    endloop
  endfacet
  facet normal -0.53451 0 -0.845162
    outer loop
      vertex 59.9038 0 19.5393
      vertex 59.6331 -0.95 19.7105
      vertex 59.6331 0 19.7105
    endloop
  endfacet
  facet normal -0.667919 0 -0.744234
    outer loop
      vertex 59.9038 -0.95 19.5393
      vertex 60.1437 0 19.324
      vertex 60.1437 -0.95 19.324
    endloop
  endfacet
  facet normal -0.667919 0 -0.744234
    outer loop
      vertex 60.1437 0 19.324
      vertex 59.9038 -0.95 19.5393
      vertex 59.9038 0 19.5393
    endloop
  endfacet
  facet normal -0.778697 0 -0.6274
    outer loop
      vertex 60.3527 -0.95 19.0646
      vertex 60.1437 0 19.324
      vertex 60.3527 0 19.0646
    endloop
  endfacet
  facet normal -0.778697 -0 -0.6274
    outer loop
      vertex 60.1437 0 19.324
      vertex 60.3527 -0.95 19.0646
      vertex 60.1437 -0.95 19.324
    endloop
  endfacet
  facet normal -0.86227 0 -0.506449
    outer loop
      vertex 60.5309 -0.95 18.7612
      vertex 60.3527 0 19.0646
      vertex 60.5309 0 18.7612
    endloop
  endfacet
  facet normal -0.86227 -0 -0.506449
    outer loop
      vertex 60.3527 0 19.0646
      vertex 60.5309 -0.95 18.7612
      vertex 60.3527 -0.95 19.0646
    endloop
  endfacet
  facet normal 0.284389 0 -0.958709
    outer loop
      vertex 60.5309 -0.95 18.7612
      vertex 61.5183 0 19.0541
      vertex 61.5183 -0.95 19.0541
    endloop
  endfacet
  facet normal 0.284389 0 -0.958709
    outer loop
      vertex 61.5183 0 19.0541
      vertex 60.5309 -0.95 18.7612
      vertex 60.5309 0 18.7612
    endloop
  endfacet
  facet normal 0.880317 -0 0.474386
    outer loop
      vertex 61.2813 -0.95 19.4939
      vertex 61.5183 0 19.0541
      vertex 61.2813 0 19.4939
    endloop
  endfacet
  facet normal 0.880317 0 0.474386
    outer loop
      vertex 61.5183 0 19.0541
      vertex 61.2813 -0.95 19.4939
      vertex 61.5183 -0.95 19.0541
    endloop
  endfacet
  facet normal 0.799028 -0 0.601293
    outer loop
      vertex 60.9988 -0.95 19.8693
      vertex 61.2813 0 19.4939
      vertex 60.9988 0 19.8693
    endloop
  endfacet
  facet normal 0.799028 0 0.601293
    outer loop
      vertex 61.2813 0 19.4939
      vertex 60.9988 -0.95 19.8693
      vertex 61.2813 -0.95 19.4939
    endloop
  endfacet
  facet normal 0.688156 0 0.725563
    outer loop
      vertex 60.671 0 20.1802
      vertex 60.9988 -0.95 19.8693
      vertex 60.9988 0 19.8693
    endloop
  endfacet
  facet normal 0.688156 0 0.725563
    outer loop
      vertex 60.9988 -0.95 19.8693
      vertex 60.671 0 20.1802
      vertex 60.671 -0.95 20.1802
    endloop
  endfacet
  facet normal 0.550929 0 0.834552
    outer loop
      vertex 60.2976 0 20.4267
      vertex 60.671 -0.95 20.1802
      vertex 60.671 0 20.1802
    endloop
  endfacet
  facet normal 0.550929 0 0.834552
    outer loop
      vertex 60.671 -0.95 20.1802
      vertex 60.2976 0 20.4267
      vertex 60.2976 -0.95 20.4267
    endloop
  endfacet
  facet normal 0.403005 0 0.915198
    outer loop
      vertex 59.8718 0 20.6142
      vertex 60.2976 -0.95 20.4267
      vertex 60.2976 0 20.4267
    endloop
  endfacet
  facet normal 0.403005 0 0.915198
    outer loop
      vertex 60.2976 -0.95 20.4267
      vertex 59.8718 0 20.6142
      vertex 59.8718 -0.95 20.6142
    endloop
  endfacet
  facet normal 0.265821 0 0.964022
    outer loop
      vertex 59.3862 0 20.7481
      vertex 59.8718 -0.95 20.6142
      vertex 59.8718 0 20.6142
    endloop
  endfacet
  facet normal 0.265821 0 0.964022
    outer loop
      vertex 59.8718 -0.95 20.6142
      vertex 59.3862 0 20.7481
      vertex 59.3862 -0.95 20.7481
    endloop
  endfacet
  facet normal 0.145891 0 0.989301
    outer loop
      vertex 58.841 0 20.8285
      vertex 59.3862 -0.95 20.7481
      vertex 59.3862 0 20.7481
    endloop
  endfacet
  facet normal 0.145891 0 0.989301
    outer loop
      vertex 59.3862 -0.95 20.7481
      vertex 58.841 0 20.8285
      vertex 58.841 -0.95 20.8285
    endloop
  endfacet
  facet normal 0.0440966 0 0.999027
    outer loop
      vertex 58.2361 0 20.8552
      vertex 58.841 -0.95 20.8285
      vertex 58.841 0 20.8285
    endloop
  endfacet
  facet normal 0.0440966 0 0.999027
    outer loop
      vertex 58.841 -0.95 20.8285
      vertex 58.2361 0 20.8552
      vertex 58.2361 -0.95 20.8552
    endloop
  endfacet
  facet normal -0.0744963 0 0.997221
    outer loop
      vertex 57.3834 0 20.7915
      vertex 58.2361 -0.95 20.8552
      vertex 58.2361 0 20.8552
    endloop
  endfacet
  facet normal -0.0744963 0 0.997221
    outer loop
      vertex 58.2361 -0.95 20.8552
      vertex 57.3834 0 20.7915
      vertex 57.3834 -0.95 20.7915
    endloop
  endfacet
  facet normal -0.246508 0 0.969141
    outer loop
      vertex 56.6317 0 20.6003
      vertex 57.3834 -0.95 20.7915
      vertex 57.3834 0 20.7915
    endloop
  endfacet
  facet normal -0.246508 0 0.969141
    outer loop
      vertex 57.3834 -0.95 20.7915
      vertex 56.6317 0 20.6003
      vertex 56.6317 -0.95 20.6003
    endloop
  endfacet
  facet normal -0.439967 0 0.898014
    outer loop
      vertex 55.981 0 20.2815
      vertex 56.6317 -0.95 20.6003
      vertex 56.6317 0 20.6003
    endloop
  endfacet
  facet normal -0.439967 0 0.898014
    outer loop
      vertex 56.6317 -0.95 20.6003
      vertex 55.981 0 20.2815
      vertex 55.981 -0.95 20.2815
    endloop
  endfacet
  facet normal -0.630295 0 0.776356
    outer loop
      vertex 55.4314 0 19.8353
      vertex 55.981 -0.95 20.2815
      vertex 55.981 0 20.2815
    endloop
  endfacet
  facet normal -0.630295 0 0.776356
    outer loop
      vertex 55.981 -0.95 20.2815
      vertex 55.4314 0 19.8353
      vertex 55.4314 -0.95 19.8353
    endloop
  endfacet
  facet normal -0.789896 0 0.61324
    outer loop
      vertex 54.9947 -0.95 19.2728
      vertex 55.4314 0 19.8353
      vertex 54.9947 0 19.2728
    endloop
  endfacet
  facet normal -0.789896 0 0.61324
    outer loop
      vertex 55.4314 0 19.8353
      vertex 54.9947 -0.95 19.2728
      vertex 55.4314 -0.95 19.8353
    endloop
  endfacet
  facet normal -0.905999 0 0.423279
    outer loop
      vertex 54.6828 -0.95 18.6052
      vertex 54.9947 0 19.2728
      vertex 54.6828 0 18.6052
    endloop
  endfacet
  facet normal -0.905999 0 0.423279
    outer loop
      vertex 54.9947 0 19.2728
      vertex 54.6828 -0.95 18.6052
      vertex 54.9947 -0.95 19.2728
    endloop
  endfacet
  facet normal -0.971885 0 0.235456
    outer loop
      vertex 54.4956 -0.95 17.8325
      vertex 54.6828 0 18.6052
      vertex 54.4956 0 17.8325
    endloop
  endfacet
  facet normal -0.971885 0 0.235456
    outer loop
      vertex 54.6828 0 18.6052
      vertex 54.4956 -0.95 17.8325
      vertex 54.6828 -0.95 18.6052
    endloop
  endfacet
  facet normal -0.997483 0 0.0709079
    outer loop
      vertex 54.4332 -0.95 16.9547
      vertex 54.4956 0 17.8325
      vertex 54.4332 0 16.9547
    endloop
  endfacet
  facet normal -0.997483 0 0.0709079
    outer loop
      vertex 54.4956 0 17.8325
      vertex 54.4332 -0.95 16.9547
      vertex 54.4956 -0.95 17.8325
    endloop
  endfacet
  facet normal -0.99881 0 -0.048768
    outer loop
      vertex 54.4619 -0.95 16.3669
      vertex 54.4332 0 16.9547
      vertex 54.4619 0 16.3669
    endloop
  endfacet
  facet normal -0.99881 -0 -0.048768
    outer loop
      vertex 54.4332 0 16.9547
      vertex 54.4619 -0.95 16.3669
      vertex 54.4332 -0.95 16.9547
    endloop
  endfacet
  facet normal -0.987913 0 -0.155009
    outer loop
      vertex 54.5479 -0.95 15.8188
      vertex 54.4619 0 16.3669
      vertex 54.5479 0 15.8188
    endloop
  endfacet
  facet normal -0.987913 -0 -0.155009
    outer loop
      vertex 54.4619 0 16.3669
      vertex 54.5479 -0.95 15.8188
      vertex 54.4619 -0.95 16.3669
    endloop
  endfacet
  facet normal -0.962546 0 -0.271118
    outer loop
      vertex 54.6911 -0.95 15.3104
      vertex 54.5479 0 15.8188
      vertex 54.6911 0 15.3104
    endloop
  endfacet
  facet normal -0.962546 -0 -0.271118
    outer loop
      vertex 54.5479 0 15.8188
      vertex 54.6911 -0.95 15.3104
      vertex 54.5479 -0.95 15.8188
    endloop
  endfacet
  facet normal -0.919409 0 -0.393304
    outer loop
      vertex 54.8916 -0.95 14.8417
      vertex 54.6911 0 15.3104
      vertex 54.8916 0 14.8417
    endloop
  endfacet
  facet normal -0.919409 -0 -0.393304
    outer loop
      vertex 54.6911 0 15.3104
      vertex 54.8916 -0.95 14.8417
      vertex 54.6911 -0.95 15.3104
    endloop
  endfacet
  facet normal -0.856436 0 -0.516253
    outer loop
      vertex 55.1464 -0.95 14.419
      vertex 54.8916 0 14.8417
      vertex 55.1464 0 14.419
    endloop
  endfacet
  facet normal -0.856436 -0 -0.516253
    outer loop
      vertex 54.8916 0 14.8417
      vertex 55.1464 -0.95 14.419
      vertex 54.8916 -0.95 14.8417
    endloop
  endfacet
  facet normal -0.770691 0 -0.63721
    outer loop
      vertex 55.4524 -0.95 14.0489
      vertex 55.1464 0 14.419
      vertex 55.4524 0 14.0489
    endloop
  endfacet
  facet normal -0.770691 -0 -0.63721
    outer loop
      vertex 55.1464 0 14.419
      vertex 55.4524 -0.95 14.0489
      vertex 55.1464 -0.95 14.419
    endloop
  endfacet
  facet normal -0.664351 0 -0.747421
    outer loop
      vertex 55.4524 -0.95 14.0489
      vertex 55.8096 0 13.7314
      vertex 55.8096 -0.95 13.7314
    endloop
  endfacet
  facet normal -0.664351 0 -0.747421
    outer loop
      vertex 55.8096 0 13.7314
      vertex 55.4524 -0.95 14.0489
      vertex 55.4524 0 14.0489
    endloop
  endfacet
  facet normal -0.544324 0 -0.838875
    outer loop
      vertex 55.8096 -0.95 13.7314
      vertex 56.218 0 13.4664
      vertex 56.218 -0.95 13.4664
    endloop
  endfacet
  facet normal -0.544324 0 -0.838875
    outer loop
      vertex 56.218 0 13.4664
      vertex 55.8096 -0.95 13.7314
      vertex 55.8096 0 13.7314
    endloop
  endfacet
  facet normal -0.417473 0 -0.908689
    outer loop
      vertex 56.218 -0.95 13.4664
      vertex 56.6727 0 13.2575
      vertex 56.6727 -0.95 13.2575
    endloop
  endfacet
  facet normal -0.417473 0 -0.908689
    outer loop
      vertex 56.6727 0 13.2575
      vertex 56.218 -0.95 13.4664
      vertex 56.218 0 13.4664
    endloop
  endfacet
  facet normal -0.287826 0 -0.957683
    outer loop
      vertex 56.6727 -0.95 13.2575
      vertex 57.1688 0 13.1084
      vertex 57.1688 -0.95 13.1084
    endloop
  endfacet
  facet normal -0.287826 0 -0.957683
    outer loop
      vertex 57.1688 0 13.1084
      vertex 56.6727 -0.95 13.2575
      vertex 56.6727 0 13.2575
    endloop
  endfacet
  facet normal -0.16428 0 -0.986414
    outer loop
      vertex 57.1688 -0.95 13.1084
      vertex 57.7062 0 13.0189
      vertex 57.7062 -0.95 13.0189
    endloop
  endfacet
  facet normal -0.16428 0 -0.986414
    outer loop
      vertex 57.7062 0 13.0189
      vertex 57.1688 -0.95 13.1084
      vertex 57.1688 0 13.1084
    endloop
  endfacet
  facet normal -0.0515898 0 -0.998668
    outer loop
      vertex 57.7062 -0.95 13.0189
      vertex 58.285 0 12.989
      vertex 58.285 -0.95 12.989
    endloop
  endfacet
  facet normal -0.0515898 0 -0.998668
    outer loop
      vertex 58.285 0 12.989
      vertex 57.7062 -0.95 13.0189
      vertex 57.7062 0 13.0189
    endloop
  endfacet
  facet normal 0.0418605 0 -0.999123
    outer loop
      vertex 58.285 -0.95 12.989
      vertex 58.791 0 13.0102
      vertex 58.791 -0.95 13.0102
    endloop
  endfacet
  facet normal 0.0418605 0 -0.999123
    outer loop
      vertex 58.791 0 13.0102
      vertex 58.285 -0.95 12.989
      vertex 58.285 0 12.989
    endloop
  endfacet
  facet normal 0 0 -1
    outer loop
      vertex 12.7425 -0.95 16.6401
      vertex 16.8764 0 16.6401
      vertex 16.8764 -0.95 16.6401
    endloop
  endfacet
  facet normal -0 0 -1
    outer loop
      vertex 16.8764 0 16.6401
      vertex 12.7425 -0.95 16.6401
      vertex 12.7425 0 16.6401
    endloop
  endfacet
  facet normal -1 0 0
    outer loop
      vertex 16.8764 -0.95 13.0975
      vertex 16.8764 0 16.6401
      vertex 16.8764 0 13.0975
    endloop
  endfacet
  facet normal -1 -0 0
    outer loop
      vertex 16.8764 0 16.6401
      vertex 16.8764 -0.95 13.0975
      vertex 16.8764 -0.95 16.6401
    endloop
  endfacet
  facet normal 0 0 -1
    outer loop
      vertex 16.8764 -0.95 13.0975
      vertex 17.9125 0 13.0975
      vertex 17.9125 -0.95 13.0975
    endloop
  endfacet
  facet normal -0 0 -1
    outer loop
      vertex 17.9125 0 13.0975
      vertex 16.8764 -0.95 13.0975
      vertex 16.8764 0 13.0975
    endloop
  endfacet
  facet normal 1 -0 0
    outer loop
      vertex 17.9125 -0.95 20.7413
      vertex 17.9125 0 13.0975
      vertex 17.9125 0 20.7413
    endloop
  endfacet
  facet normal 1 0 0
    outer loop
      vertex 17.9125 0 13.0975
      vertex 17.9125 -0.95 20.7413
      vertex 17.9125 -0.95 13.0975
    endloop
  endfacet
  facet normal -0 0 1
    outer loop
      vertex 16.8764 0 20.7413
      vertex 17.9125 -0.95 20.7413
      vertex 17.9125 0 20.7413
    endloop
  endfacet
  facet normal 0 0 1
    outer loop
      vertex 17.9125 -0.95 20.7413
      vertex 16.8764 0 20.7413
      vertex 16.8764 -0.95 20.7413
    endloop
  endfacet
  facet normal -1 0 0
    outer loop
      vertex 16.8764 -0.95 17.508
      vertex 16.8764 0 20.7413
      vertex 16.8764 0 17.508
    endloop
  endfacet
  facet normal -1 -0 0
    outer loop
      vertex 16.8764 0 20.7413
      vertex 16.8764 -0.95 17.508
      vertex 16.8764 -0.95 20.7413
    endloop
  endfacet
  facet normal -0 0 1
    outer loop
      vertex 12.7425 0 17.508
      vertex 16.8764 -0.95 17.508
      vertex 16.8764 0 17.508
    endloop
  endfacet
  facet normal 0 0 1
    outer loop
      vertex 16.8764 -0.95 17.508
      vertex 12.7425 0 17.508
      vertex 12.7425 -0.95 17.508
    endloop
  endfacet
  facet normal 1 -0 0
    outer loop
      vertex 12.7425 -0.95 20.7413
      vertex 12.7425 0 17.508
      vertex 12.7425 0 20.7413
    endloop
  endfacet
  facet normal 1 0 0
    outer loop
      vertex 12.7425 0 17.508
      vertex 12.7425 -0.95 20.7413
      vertex 12.7425 -0.95 17.508
    endloop
  endfacet
  facet normal -0 0 1
    outer loop
      vertex 11.7064 0 20.7413
      vertex 12.7425 -0.95 20.7413
      vertex 12.7425 0 20.7413
    endloop
  endfacet
  facet normal 0 0 1
    outer loop
      vertex 12.7425 -0.95 20.7413
      vertex 11.7064 0 20.7413
      vertex 11.7064 -0.95 20.7413
    endloop
  endfacet
  facet normal -1 0 0
    outer loop
      vertex 11.7064 -0.95 13.0975
      vertex 11.7064 0 20.7413
      vertex 11.7064 0 13.0975
    endloop
  endfacet
  facet normal -1 -0 0
    outer loop
      vertex 11.7064 0 20.7413
      vertex 11.7064 -0.95 13.0975
      vertex 11.7064 -0.95 20.7413
    endloop
  endfacet
  facet normal 0 0 -1
    outer loop
      vertex 11.7064 -0.95 13.0975
      vertex 12.7425 0 13.0975
      vertex 12.7425 -0.95 13.0975
    endloop
  endfacet
  facet normal -0 0 -1
    outer loop
      vertex 12.7425 0 13.0975
      vertex 11.7064 -0.95 13.0975
      vertex 11.7064 0 13.0975
    endloop
  endfacet
  facet normal 1 -0 0
    outer loop
      vertex 12.7425 -0.95 16.6401
      vertex 12.7425 0 13.0975
      vertex 12.7425 0 16.6401
    endloop
  endfacet
  facet normal 1 0 0
    outer loop
      vertex 12.7425 0 13.0975
      vertex 12.7425 -0.95 16.6401
      vertex 12.7425 -0.95 13.0975
    endloop
  endfacet
  facet normal -0 0 1
    outer loop
      vertex 49.3524 0 20.7413
      vertex 50.3506 -0.95 20.7413
      vertex 50.3506 0 20.7413
    endloop
  endfacet
  facet normal 0 0 1
    outer loop
      vertex 50.3506 -0.95 20.7413
      vertex 49.3524 0 20.7413
      vertex 49.3524 -0.95 20.7413
    endloop
  endfacet
  facet normal -0.998877 0 -0.0473835
    outer loop
      vertex 49.4664 -0.95 18.3381
      vertex 49.3524 0 20.7413
      vertex 49.4664 0 18.3381
    endloop
  endfacet
  facet normal -0.998877 -0 -0.0473835
    outer loop
      vertex 49.3524 0 20.7413
      vertex 49.4664 -0.95 18.3381
      vertex 49.3524 -0.95 20.7413
    endloop
  endfacet
  facet normal 0 0 -1
    outer loop
      vertex 49.4664 -0.95 18.3381
      vertex 50.2312 0 18.3381
      vertex 50.2312 -0.95 18.3381
    endloop
  endfacet
  facet normal -0 0 -1
    outer loop
      vertex 50.2312 0 18.3381
      vertex 49.4664 -0.95 18.3381
      vertex 49.4664 0 18.3381
    endloop
  endfacet
  facet normal 0.998768 0 -0.0496225
    outer loop
      vertex 50.3506 -0.95 20.7413
      vertex 50.2312 0 18.3381
      vertex 50.3506 0 20.7413
    endloop
  endfacet
  facet normal 0.998768 0 -0.0496225
    outer loop
      vertex 50.2312 0 18.3381
      vertex 50.3506 -0.95 20.7413
      vertex 50.2312 -0.95 18.3381
    endloop
  endfacet
  facet normal 0.0978362 0 -0.995203
    outer loop
      vertex 32.9692 -0.95 13.0189
      vertex 33.2174 0 13.0433
      vertex 33.2174 -0.95 13.0433
    endloop
  endfacet
  facet normal 0.0978362 0 -0.995203
    outer loop
      vertex 33.2174 0 13.0433
      vertex 32.9692 -0.95 13.0189
      vertex 32.9692 0 13.0189
    endloop
  endfacet
  facet normal 0.163617 0 -0.986524
    outer loop
      vertex 33.2174 -0.95 13.0433
      vertex 33.4628 0 13.084
      vertex 33.4628 -0.95 13.084
    endloop
  endfacet
  facet normal 0.163617 0 -0.986524
    outer loop
      vertex 33.4628 0 13.084
      vertex 33.2174 -0.95 13.0433
      vertex 33.2174 0 13.0433
    endloop
  endfacet
  facet normal 0.228548 0 -0.973533
    outer loop
      vertex 33.4628 -0.95 13.084
      vertex 33.7056 0 13.141
      vertex 33.7056 -0.95 13.141
    endloop
  endfacet
  facet normal 0.228548 0 -0.973533
    outer loop
      vertex 33.7056 0 13.141
      vertex 33.4628 -0.95 13.084
      vertex 33.4628 0 13.084
    endloop
  endfacet
  facet normal 1 -0 0
    outer loop
      vertex 33.7056 -0.95 13.8625
      vertex 33.7056 0 13.141
      vertex 33.7056 0 13.8625
    endloop
  endfacet
  facet normal 1 0 0
    outer loop
      vertex 33.7056 0 13.141
      vertex 33.7056 -0.95 13.8625
      vertex 33.7056 -0.95 13.141
    endloop
  endfacet
  facet normal -0.188386 0 0.982095
    outer loop
      vertex 33.532 0 13.8292
      vertex 33.7056 -0.95 13.8625
      vertex 33.7056 0 13.8625
    endloop
  endfacet
  facet normal -0.188386 0 0.982095
    outer loop
      vertex 33.7056 -0.95 13.8625
      vertex 33.532 0 13.8292
      vertex 33.532 -0.95 13.8292
    endloop
  endfacet
  facet normal -0.154159 0 0.988046
    outer loop
      vertex 33.3801 0 13.8055
      vertex 33.532 -0.95 13.8292
      vertex 33.532 0 13.8292
    endloop
  endfacet
  facet normal -0.154159 0 0.988046
    outer loop
      vertex 33.532 -0.95 13.8292
      vertex 33.3801 0 13.8055
      vertex 33.3801 -0.95 13.8055
    endloop
  endfacet
  facet normal -0.109175 0 0.994023
    outer loop
      vertex 33.2499 0 13.7912
      vertex 33.3801 -0.95 13.8055
      vertex 33.3801 0 13.8055
    endloop
  endfacet
  facet normal -0.109175 0 0.994023
    outer loop
      vertex 33.3801 -0.95 13.8055
      vertex 33.2499 0 13.7912
      vertex 33.2499 -0.95 13.7912
    endloop
  endfacet
  facet normal -0.0432774 0 0.999063
    outer loop
      vertex 33.1414 0 13.7865
      vertex 33.2499 -0.95 13.7912
      vertex 33.2499 0 13.7912
    endloop
  endfacet
  facet normal -0.0432774 0 0.999063
    outer loop
      vertex 33.2499 -0.95 13.7912
      vertex 33.1414 0 13.7865
      vertex 33.1414 -0.95 13.7865
    endloop
  endfacet
  facet normal 0.0668539 0 0.997763
    outer loop
      vertex 32.9832 0 13.7971
      vertex 33.1414 -0.95 13.7865
      vertex 33.1414 0 13.7865
    endloop
  endfacet
  facet normal 0.0668539 0 0.997763
    outer loop
      vertex 33.1414 -0.95 13.7865
      vertex 32.9832 0 13.7971
      vertex 32.9832 -0.95 13.7971
    endloop
  endfacet
  facet normal 0.235118 0 0.971967
    outer loop
      vertex 32.8505 0 13.8292
      vertex 32.9832 -0.95 13.7971
      vertex 32.9832 0 13.7971
    endloop
  endfacet
  facet normal 0.235118 0 0.971967
    outer loop
      vertex 32.9832 -0.95 13.7971
      vertex 32.8505 0 13.8292
      vertex 32.8505 -0.95 13.8292
    endloop
  endfacet
  facet normal 0.445544 0 0.89526
    outer loop
      vertex 32.7432 0 13.8826
      vertex 32.8505 -0.95 13.8292
      vertex 32.8505 0 13.8292
    endloop
  endfacet
  facet normal 0.445544 0 0.89526
    outer loop
      vertex 32.8505 -0.95 13.8292
      vertex 32.7432 0 13.8826
      vertex 32.7432 -0.95 13.8826
    endloop
  endfacet
  facet normal 0.673884 0 0.738837
    outer loop
      vertex 32.6613 0 13.9573
      vertex 32.7432 -0.95 13.8826
      vertex 32.7432 0 13.8826
    endloop
  endfacet
  facet normal 0.673884 0 0.738837
    outer loop
      vertex 32.7432 -0.95 13.8826
      vertex 32.6613 0 13.9573
      vertex 32.6613 -0.95 13.9573
    endloop
  endfacet
  facet normal 0.858538 -0 0.51275
    outer loop
      vertex 32.6008 -0.95 14.0586
      vertex 32.6613 0 13.9573
      vertex 32.6008 0 14.0586
    endloop
  endfacet
  facet normal 0.858538 0 0.51275
    outer loop
      vertex 32.6613 0 13.9573
      vertex 32.6008 -0.95 14.0586
      vertex 32.6613 -0.95 13.9573
    endloop
  endfacet
  facet normal 0.95067 -0 0.310204
    outer loop
      vertex 32.5575 -0.95 14.1913
      vertex 32.6008 0 14.0586
      vertex 32.5575 0 14.1913
    endloop
  endfacet
  facet normal 0.95067 0 0.310204
    outer loop
      vertex 32.6008 0 14.0586
      vertex 32.5575 -0.95 14.1913
      vertex 32.6008 -0.95 14.0586
    endloop
  endfacet
  facet normal 0.987802 -0 0.155716
    outer loop
      vertex 32.5316 -0.95 14.3556
      vertex 32.5575 0 14.1913
      vertex 32.5316 0 14.3556
    endloop
  endfacet
  facet normal 0.987802 0 0.155716
    outer loop
      vertex 32.5575 0 14.1913
      vertex 32.5316 -0.95 14.3556
      vertex 32.5575 -0.95 14.1913
    endloop
  endfacet
  facet normal 0.999037 -0 0.0438801
    outer loop
      vertex 32.523 -0.95 14.5514
      vertex 32.5316 0 14.3556
      vertex 32.523 0 14.5514
    endloop
  endfacet
  facet normal 0.999037 0 0.0438801
    outer loop
      vertex 32.5316 0 14.3556
      vertex 32.523 -0.95 14.5514
      vertex 32.5316 -0.95 14.3556
    endloop
  endfacet
  facet normal 1 -0 0
    outer loop
      vertex 32.523 -0.95 18.2567
      vertex 32.523 0 14.5514
      vertex 32.523 0 18.2567
    endloop
  endfacet
  facet normal 1 0 0
    outer loop
      vertex 32.523 0 14.5514
      vertex 32.523 -0.95 18.2567
      vertex 32.523 -0.95 14.5514
    endloop
  endfacet
  facet normal 0 0 -1
    outer loop
      vertex 32.523 -0.95 18.2567
      vertex 33.608 0 18.2567
      vertex 33.608 -0.95 18.2567
    endloop
  endfacet
  facet normal -0 0 -1
    outer loop
      vertex 33.608 0 18.2567
      vertex 32.523 -0.95 18.2567
      vertex 32.523 0 18.2567
    endloop
  endfacet
  facet normal 1 -0 0
    outer loop
      vertex 33.608 -0.95 18.9673
      vertex 33.608 0 18.2567
      vertex 33.608 0 18.9673
    endloop
  endfacet
  facet normal 1 0 0
    outer loop
      vertex 33.608 0 18.2567
      vertex 33.608 -0.95 18.9673
      vertex 33.608 -0.95 18.2567
    endloop
  endfacet
  facet normal -0 0 1
    outer loop
      vertex 32.523 0 18.9673
      vertex 33.608 -0.95 18.9673
      vertex 33.608 0 18.9673
    endloop
  endfacet
  facet normal 0 0 1
    outer loop
      vertex 33.608 -0.95 18.9673
      vertex 32.523 0 18.9673
      vertex 32.523 -0.95 18.9673
    endloop
  endfacet
  facet normal 1 -0 0
    outer loop
      vertex 32.523 -0.95 20.2802
      vertex 32.523 0 18.9673
      vertex 32.523 0 20.2802
    endloop
  endfacet
  facet normal 1 0 0
    outer loop
      vertex 32.523 0 18.9673
      vertex 32.523 -0.95 20.2802
      vertex 32.523 -0.95 18.9673
    endloop
  endfacet
  facet normal -0 0 1
    outer loop
      vertex 31.872 0 20.2802
      vertex 32.523 -0.95 20.2802
      vertex 32.523 0 20.2802
    endloop
  endfacet
  facet normal 0 0 1
    outer loop
      vertex 32.523 -0.95 20.2802
      vertex 31.872 0 20.2802
      vertex 31.872 -0.95 20.2802
    endloop
  endfacet
  facet normal -0.976837 0 0.213983
    outer loop
      vertex 31.5844 -0.95 18.9673
      vertex 31.872 0 20.2802
      vertex 31.5844 0 18.9673
    endloop
  endfacet
  facet normal -0.976837 0 0.213983
    outer loop
      vertex 31.872 0 20.2802
      vertex 31.5844 -0.95 18.9673
      vertex 31.872 -0.95 20.2802
    endloop
  endfacet
  facet normal -0 0 1
    outer loop
      vertex 30.8683 0 18.9673
      vertex 31.5844 -0.95 18.9673
      vertex 31.5844 0 18.9673
    endloop
  endfacet
  facet normal 0 0 1
    outer loop
      vertex 31.5844 -0.95 18.9673
      vertex 30.8683 0 18.9673
      vertex 30.8683 -0.95 18.9673
    endloop
  endfacet
  facet normal -1 0 0
    outer loop
      vertex 30.8683 -0.95 18.2567
      vertex 30.8683 0 18.9673
      vertex 30.8683 0 18.2567
    endloop
  endfacet
  facet normal -1 -0 0
    outer loop
      vertex 30.8683 0 18.9673
      vertex 30.8683 -0.95 18.2567
      vertex 30.8683 -0.95 18.9673
    endloop
  endfacet
  facet normal 0 0 -1
    outer loop
      vertex 30.8683 -0.95 18.2567
      vertex 31.5465 0 18.2567
      vertex 31.5465 -0.95 18.2567
    endloop
  endfacet
  facet normal -0 0 -1
    outer loop
      vertex 31.5465 0 18.2567
      vertex 30.8683 -0.95 18.2567
      vertex 30.8683 0 18.2567
    endloop
  endfacet
  facet normal -1 0 0
    outer loop
      vertex 31.5465 -0.95 14.3398
      vertex 31.5465 0 18.2567
      vertex 31.5465 0 14.3398
    endloop
  endfacet
  facet normal -1 -0 0
    outer loop
      vertex 31.5465 0 18.2567
      vertex 31.5465 -0.95 14.3398
      vertex 31.5465 -0.95 18.2567
    endloop
  endfacet
  facet normal -0.99217 0 -0.124896
    outer loop
      vertex 31.6197 -0.95 13.7583
      vertex 31.5465 0 14.3398
      vertex 31.6197 0 13.7583
    endloop
  endfacet
  facet normal -0.99217 -0 -0.124896
    outer loop
      vertex 31.5465 0 14.3398
      vertex 31.6197 -0.95 13.7583
      vertex 31.5465 -0.95 14.3398
    endloop
  endfacet
  facet normal -0.883933 0 -0.467614
    outer loop
      vertex 31.8394 -0.95 13.343
      vertex 31.6197 0 13.7583
      vertex 31.8394 0 13.343
    endloop
  endfacet
  facet normal -0.883933 -0 -0.467614
    outer loop
      vertex 31.6197 0 13.7583
      vertex 31.8394 -0.95 13.343
      vertex 31.6197 -0.95 13.7583
    endloop
  endfacet
  facet normal -0.562594 0 -0.826733
    outer loop
      vertex 31.8394 -0.95 13.343
      vertex 32.2056 0 13.0938
      vertex 32.2056 -0.95 13.0938
    endloop
  endfacet
  facet normal -0.562594 0 -0.826733
    outer loop
      vertex 32.2056 0 13.0938
      vertex 31.8394 -0.95 13.343
      vertex 31.8394 0 13.343
    endloop
  endfacet
  facet normal -0.160026 0 -0.987113
    outer loop
      vertex 32.2056 -0.95 13.0938
      vertex 32.7182 0 13.0107
      vertex 32.7182 -0.95 13.0107
    endloop
  endfacet
  facet normal -0.160026 0 -0.987113
    outer loop
      vertex 32.7182 0 13.0107
      vertex 32.2056 -0.95 13.0938
      vertex 32.2056 0 13.0938
    endloop
  endfacet
  facet normal 0.0326519 0 -0.999467
    outer loop
      vertex 32.7182 -0.95 13.0107
      vertex 32.9692 0 13.0189
      vertex 32.9692 -0.95 13.0189
    endloop
  endfacet
  facet normal 0.0326519 0 -0.999467
    outer loop
      vertex 32.9692 0 13.0189
      vertex 32.7182 -0.95 13.0107
      vertex 32.7182 0 13.0107
    endloop
  endfacet
  facet normal 0.998027 0 -0.0627922
    outer loop
      vertex 26.4379 -0.95 16.9042
      vertex 26.4124 0 16.4989
      vertex 26.4379 0 16.9042
    endloop
  endfacet
  facet normal 0.998027 0 -0.0627922
    outer loop
      vertex 26.4124 0 16.4989
      vertex 26.4379 -0.95 16.9042
      vertex 26.4124 -0.95 16.4989
    endloop
  endfacet
  facet normal 0.978069 0 -0.20828
    outer loop
      vertex 26.5142 -0.95 17.2625
      vertex 26.4379 0 16.9042
      vertex 26.5142 0 17.2625
    endloop
  endfacet
  facet normal 0.978069 0 -0.20828
    outer loop
      vertex 26.4379 0 16.9042
      vertex 26.5142 -0.95 17.2625
      vertex 26.4379 -0.95 16.9042
    endloop
  endfacet
  facet normal 0.925935 0 -0.377684
    outer loop
      vertex 26.6413 -0.95 17.5741
      vertex 26.5142 0 17.2625
      vertex 26.6413 0 17.5741
    endloop
  endfacet
  facet normal 0.925935 0 -0.377684
    outer loop
      vertex 26.5142 0 17.2625
      vertex 26.6413 -0.95 17.5741
      vertex 26.5142 -0.95 17.2625
    endloop
  endfacet
  facet normal 0.829923 0 -0.557879
    outer loop
      vertex 26.8193 -0.95 17.8389
      vertex 26.6413 0 17.5741
      vertex 26.8193 0 17.8389
    endloop
  endfacet
  facet normal 0.829923 0 -0.557879
    outer loop
      vertex 26.6413 0 17.5741
      vertex 26.8193 -0.95 17.8389
      vertex 26.6413 -0.95 17.5741
    endloop
  endfacet
  facet normal 0.689272 0 -0.724502
    outer loop
      vertex 26.8193 -0.95 17.8389
      vertex 27.0414 0 18.0502
      vertex 27.0414 -0.95 18.0502
    endloop
  endfacet
  facet normal 0.689272 0 -0.724502
    outer loop
      vertex 27.0414 0 18.0502
      vertex 26.8193 -0.95 17.8389
      vertex 26.8193 0 17.8389
    endloop
  endfacet
  facet normal 0.502586 0 -0.864527
    outer loop
      vertex 27.0414 -0.95 18.0502
      vertex 27.3008 0 18.201
      vertex 27.3008 -0.95 18.201
    endloop
  endfacet
  facet normal 0.502586 0 -0.864527
    outer loop
      vertex 27.3008 0 18.201
      vertex 27.0414 -0.95 18.0502
      vertex 27.0414 0 18.0502
    endloop
  endfacet
  facet normal 0.292137 0 -0.956377
    outer loop
      vertex 27.3008 -0.95 18.201
      vertex 27.5974 0 18.2916
      vertex 27.5974 -0.95 18.2916
    endloop
  endfacet
  facet normal 0.292137 0 -0.956377
    outer loop
      vertex 27.5974 0 18.2916
      vertex 27.3008 -0.95 18.201
      vertex 27.3008 0 18.201
    endloop
  endfacet
  facet normal 0.089756 0 -0.995964
    outer loop
      vertex 27.5974 -0.95 18.2916
      vertex 27.9314 0 18.3217
      vertex 27.9314 -0.95 18.3217
    endloop
  endfacet
  facet normal 0.089756 0 -0.995964
    outer loop
      vertex 27.9314 0 18.3217
      vertex 27.5974 -0.95 18.2916
      vertex 27.5974 0 18.2916
    endloop
  endfacet
  facet normal -0.0387715 0 -0.999248
    outer loop
      vertex 27.9314 -0.95 18.3217
      vertex 28.1582 0 18.3129
      vertex 28.1582 -0.95 18.3129
    endloop
  endfacet
  facet normal -0.0387715 0 -0.999248
    outer loop
      vertex 28.1582 0 18.3129
      vertex 27.9314 -0.95 18.3217
      vertex 27.9314 0 18.3217
    endloop
  endfacet
  facet normal -0.132361 0 -0.991202
    outer loop
      vertex 28.1582 -0.95 18.3129
      vertex 28.3559 0 18.2865
      vertex 28.3559 -0.95 18.2865
    endloop
  endfacet
  facet normal -0.132361 0 -0.991202
    outer loop
      vertex 28.3559 0 18.2865
      vertex 28.1582 -0.95 18.3129
      vertex 28.1582 0 18.3129
    endloop
  endfacet
  facet normal -0.253193 0 -0.967416
    outer loop
      vertex 28.3559 -0.95 18.2865
      vertex 28.5244 0 18.2424
      vertex 28.5244 -0.95 18.2424
    endloop
  endfacet
  facet normal -0.253193 0 -0.967416
    outer loop
      vertex 28.5244 0 18.2424
      vertex 28.3559 -0.95 18.2865
      vertex 28.3559 0 18.2865
    endloop
  endfacet
  facet normal -0.404981 0 -0.914325
    outer loop
      vertex 28.5244 -0.95 18.2424
      vertex 28.6637 0 18.1807
      vertex 28.6637 -0.95 18.1807
    endloop
  endfacet
  facet normal -0.404981 0 -0.914325
    outer loop
      vertex 28.6637 0 18.1807
      vertex 28.5244 -0.95 18.2424
      vertex 28.5244 0 18.2424
    endloop
  endfacet
  facet normal -0.574831 0 -0.818272
    outer loop
      vertex 28.6637 -0.95 18.1807
      vertex 28.78 0 18.099
      vertex 28.78 -0.95 18.099
    endloop
  endfacet
  facet normal -0.574831 0 -0.818272
    outer loop
      vertex 28.78 0 18.099
      vertex 28.6637 -0.95 18.1807
      vertex 28.6637 0 18.1807
    endloop
  endfacet
  facet normal -0.723245 0 -0.690591
    outer loop
      vertex 28.8794 -0.95 17.9949
      vertex 28.78 0 18.099
      vertex 28.8794 0 17.9949
    endloop
  endfacet
  facet normal -0.723245 -0 -0.690591
    outer loop
      vertex 28.78 0 18.099
      vertex 28.8794 -0.95 17.9949
      vertex 28.78 -0.95 18.099
    endloop
  endfacet
  facet normal -0.837914 0 -0.545803
    outer loop
      vertex 28.9618 -0.95 17.8684
      vertex 28.8794 0 17.9949
      vertex 28.9618 0 17.8684
    endloop
  endfacet
  facet normal -0.837914 -0 -0.545803
    outer loop
      vertex 28.8794 0 17.9949
      vertex 28.9618 -0.95 17.8684
      vertex 28.8794 -0.95 17.9949
    endloop
  endfacet
  facet normal -0.915478 0 -0.402367
    outer loop
      vertex 29.0272 -0.95 17.7196
      vertex 28.9618 0 17.8684
      vertex 29.0272 0 17.7196
    endloop
  endfacet
  facet normal -0.915478 -0 -0.402367
    outer loop
      vertex 28.9618 0 17.8684
      vertex 29.0272 -0.95 17.7196
      vertex 28.9618 -0.95 17.8684
    endloop
  endfacet
  facet normal -0.962201 0 -0.272342
    outer loop
      vertex 29.0771 -0.95 17.5433
      vertex 29.0272 0 17.7196
      vertex 29.0771 0 17.5433
    endloop
  endfacet
  facet normal -0.962201 -0 -0.272342
    outer loop
      vertex 29.0272 0 17.7196
      vertex 29.0771 -0.95 17.5433
      vertex 29.0272 -0.95 17.7196
    endloop
  endfacet
  facet normal -0.985788 0 -0.167994
    outer loop
      vertex 29.1127 -0.95 17.3344
      vertex 29.0771 0 17.5433
      vertex 29.1127 0 17.3344
    endloop
  endfacet
  facet normal -0.985788 -0 -0.167994
    outer loop
      vertex 29.0771 0 17.5433
      vertex 29.1127 -0.95 17.3344
      vertex 29.0771 -0.95 17.5433
    endloop
  endfacet
  facet normal -0.99613 0 -0.0878938
    outer loop
      vertex 29.134 -0.95 17.093
      vertex 29.1127 0 17.3344
      vertex 29.134 0 17.093
    endloop
  endfacet
  facet normal -0.99613 -0 -0.0878938
    outer loop
      vertex 29.1127 0 17.3344
      vertex 29.134 -0.95 17.093
      vertex 29.1127 -0.95 17.3344
    endloop
  endfacet
  facet normal -0.999655 0 -0.0262683
    outer loop
      vertex 29.1412 -0.95 16.819
      vertex 29.134 0 17.093
      vertex 29.1412 0 16.819
    endloop
  endfacet
  facet normal -0.999655 -0 -0.0262683
    outer loop
      vertex 29.134 0 17.093
      vertex 29.1412 -0.95 16.819
      vertex 29.134 -0.95 17.093
    endloop
  endfacet
  facet normal -1 0 0
    outer loop
      vertex 29.1412 -0.95 13.0975
      vertex 29.1412 0 16.819
      vertex 29.1412 0 13.0975
    endloop
  endfacet
  facet normal -1 -0 0
    outer loop
      vertex 29.1412 0 16.819
      vertex 29.1412 -0.95 13.0975
      vertex 29.1412 -0.95 16.819
    endloop
  endfacet
  facet normal 0 0 -1
    outer loop
      vertex 29.1412 -0.95 13.0975
      vertex 30.1231 0 13.0975
      vertex 30.1231 -0.95 13.0975
    endloop
  endfacet
  facet normal -0 0 -1
    outer loop
      vertex 30.1231 0 13.0975
      vertex 29.1412 -0.95 13.0975
      vertex 29.1412 0 13.0975
    endloop
  endfacet
  facet normal 1 -0 0
    outer loop
      vertex 30.1231 -0.95 17.0089
      vertex 30.1231 0 13.0975
      vertex 30.1231 0 17.0089
    endloop
  endfacet
  facet normal 1 0 0
    outer loop
      vertex 30.1231 0 13.0975
      vertex 30.1231 -0.95 17.0089
      vertex 30.1231 -0.95 13.0975
    endloop
  endfacet
  facet normal 0.998521 -0 0.054373
    outer loop
      vertex 30.0951 -0.95 17.5231
      vertex 30.1231 0 17.0089
      vertex 30.0951 0 17.5231
    endloop
  endfacet
  facet normal 0.998521 0 0.054373
    outer loop
      vertex 30.1231 0 17.0089
      vertex 30.0951 -0.95 17.5231
      vertex 30.1231 -0.95 17.0089
    endloop
  endfacet
  facet normal 0.981976 -0 0.189006
    outer loop
      vertex 30.0112 -0.95 17.959
      vertex 30.0951 0 17.5231
      vertex 30.0112 0 17.959
    endloop
  endfacet
  facet normal 0.981976 0 0.189006
    outer loop
      vertex 30.0951 0 17.5231
      vertex 30.0112 -0.95 17.959
      vertex 30.0951 -0.95 17.5231
    endloop
  endfacet
  facet normal 0.931235 -0 0.364419
    outer loop
      vertex 29.8713 -0.95 18.3165
      vertex 30.0112 0 17.959
      vertex 29.8713 0 18.3165
    endloop
  endfacet
  facet normal 0.931235 0 0.364419
    outer loop
      vertex 30.0112 0 17.959
      vertex 29.8713 -0.95 18.3165
      vertex 30.0112 -0.95 17.959
    endloop
  endfacet
  facet normal 0.818736 -0 0.574171
    outer loop
      vertex 29.6755 -0.95 18.5957
      vertex 29.8713 0 18.3165
      vertex 29.6755 0 18.5957
    endloop
  endfacet
  facet normal 0.818736 0 0.574171
    outer loop
      vertex 29.8713 0 18.3165
      vertex 29.6755 -0.95 18.5957
      vertex 29.8713 -0.95 18.3165
    endloop
  endfacet
  facet normal 0.634108 0 0.773244
    outer loop
      vertex 29.4193 0 18.8058
      vertex 29.6755 -0.95 18.5957
      vertex 29.6755 0 18.5957
    endloop
  endfacet
  facet normal 0.634108 0 0.773244
    outer loop
      vertex 29.6755 -0.95 18.5957
      vertex 29.4193 0 18.8058
      vertex 29.4193 -0.95 18.8058
    endloop
  endfacet
  facet normal 0.423457 0 0.905916
    outer loop
      vertex 29.0984 0 18.9558
      vertex 29.4193 -0.95 18.8058
      vertex 29.4193 0 18.8058
    endloop
  endfacet
  facet normal 0.423457 0 0.905916
    outer loop
      vertex 29.4193 -0.95 18.8058
      vertex 29.0984 0 18.9558
      vertex 29.0984 -0.95 18.9558
    endloop
  endfacet
  facet normal 0.227293 0 0.973826
    outer loop
      vertex 28.7128 0 19.0458
      vertex 29.0984 -0.95 18.9558
      vertex 29.0984 0 18.9558
    endloop
  endfacet
  facet normal 0.227293 0 0.973826
    outer loop
      vertex 29.0984 -0.95 18.9558
      vertex 28.7128 0 19.0458
      vertex 28.7128 -0.95 19.0458
    endloop
  endfacet
  facet normal 0.0664602 0 0.997789
    outer loop
      vertex 28.2624 0 19.0758
      vertex 28.7128 -0.95 19.0458
      vertex 28.7128 0 19.0458
    endloop
  endfacet
  facet normal 0.0664602 0 0.997789
    outer loop
      vertex 28.7128 -0.95 19.0458
      vertex 28.2624 0 19.0758
      vertex 28.2624 -0.95 19.0758
    endloop
  endfacet
  facet normal -0.0497952 0 0.998759
    outer loop
      vertex 27.9475 0 19.0601
      vertex 28.2624 -0.95 19.0758
      vertex 28.2624 0 19.0758
    endloop
  endfacet
  facet normal -0.0497952 0 0.998759
    outer loop
      vertex 28.2624 -0.95 19.0758
      vertex 27.9475 0 19.0601
      vertex 27.9475 -0.95 19.0601
    endloop
  endfacet
  facet normal -0.162399 0 0.986725
    outer loop
      vertex 27.6595 0 19.0127
      vertex 27.9475 -0.95 19.0601
      vertex 27.9475 0 19.0601
    endloop
  endfacet
  facet normal -0.162399 0 0.986725
    outer loop
      vertex 27.9475 -0.95 19.0601
      vertex 27.6595 0 19.0127
      vertex 27.6595 -0.95 19.0127
    endloop
  endfacet
  facet normal -0.288726 0 0.957412
    outer loop
      vertex 27.3982 0 18.9339
      vertex 27.6595 -0.95 19.0127
      vertex 27.6595 0 19.0127
    endloop
  endfacet
  facet normal -0.288726 0 0.957412
    outer loop
      vertex 27.6595 -0.95 19.0127
      vertex 27.3982 0 18.9339
      vertex 27.3982 -0.95 18.9339
    endloop
  endfacet
  facet normal -0.42563 0 0.904897
    outer loop
      vertex 27.1637 0 18.8236
      vertex 27.3982 -0.95 18.9339
      vertex 27.3982 0 18.9339
    endloop
  endfacet
  facet normal -0.42563 0 0.904897
    outer loop
      vertex 27.3982 -0.95 18.9339
      vertex 27.1637 0 18.8236
      vertex 27.1637 -0.95 18.8236
    endloop
  endfacet
  facet normal -0.56913 0 0.822247
    outer loop
      vertex 26.9493 0 18.6752
      vertex 27.1637 -0.95 18.8236
      vertex 27.1637 0 18.8236
    endloop
  endfacet
  facet normal -0.56913 0 0.822247
    outer loop
      vertex 27.1637 -0.95 18.8236
      vertex 26.9493 0 18.6752
      vertex 26.9493 -0.95 18.6752
    endloop
  endfacet
  facet normal -0.691687 0 0.722197
    outer loop
      vertex 26.7481 0 18.4825
      vertex 26.9493 -0.95 18.6752
      vertex 26.9493 0 18.6752
    endloop
  endfacet
  facet normal -0.691687 0 0.722197
    outer loop
      vertex 26.9493 -0.95 18.6752
      vertex 26.7481 0 18.4825
      vertex 26.7481 -0.95 18.4825
    endloop
  endfacet
  facet normal -0.783697 0 0.621143
    outer loop
      vertex 26.5601 -0.95 18.2453
      vertex 26.7481 0 18.4825
      vertex 26.5601 0 18.2453
    endloop
  endfacet
  facet normal -0.783697 0 0.621143
    outer loop
      vertex 26.7481 0 18.4825
      vertex 26.5601 -0.95 18.2453
      vertex 26.7481 -0.95 18.4825
    endloop
  endfacet
  facet normal -0.849622 0 0.527393
    outer loop
      vertex 26.3853 -0.95 17.9637
      vertex 26.5601 0 18.2453
      vertex 26.3853 0 17.9637
    endloop
  endfacet
  facet normal -0.849622 0 0.527393
    outer loop
      vertex 26.5601 0 18.2453
      vertex 26.3853 -0.95 17.9637
      vertex 26.5601 -0.95 18.2453
    endloop
  endfacet
  facet normal -0 0 1
    outer loop
      vertex 26.369 0 17.9637
      vertex 26.3853 -0.95 17.9637
      vertex 26.3853 0 17.9637
    endloop
  endfacet
  facet normal 0 0 1
    outer loop
      vertex 26.3853 -0.95 17.9637
      vertex 26.369 0 17.9637
      vertex 26.369 -0.95 17.9637
    endloop
  endfacet
  facet normal 0.999653 -0 0.02636
    outer loop
      vertex 26.3638 -0.95 18.1609
      vertex 26.369 0 17.9637
      vertex 26.3638 0 18.1609
    endloop
  endfacet
  facet normal 0.999653 0 0.02636
    outer loop
      vertex 26.369 0 17.9637
      vertex 26.3638 -0.95 18.1609
      vertex 26.369 -0.95 17.9637
    endloop
  endfacet
  facet normal 0.999548 -0 0.0300662
    outer loop
      vertex 26.3589 -0.95 18.3238
      vertex 26.3638 0 18.1609
      vertex 26.3589 0 18.3238
    endloop
  endfacet
  facet normal 0.999548 0 0.0300662
    outer loop
      vertex 26.3638 0 18.1609
      vertex 26.3589 -0.95 18.3238
      vertex 26.3638 -0.95 18.1609
    endloop
  endfacet
  facet normal 0.999361 -0 0.035747
    outer loop
      vertex 26.3543 -0.95 18.4524
      vertex 26.3589 0 18.3238
      vertex 26.3543 0 18.4524
    endloop
  endfacet
  facet normal 0.999361 0 0.035747
    outer loop
      vertex 26.3589 0 18.3238
      vertex 26.3543 -0.95 18.4524
      vertex 26.3589 -0.95 18.3238
    endloop
  endfacet
  facet normal 0.998966 -0 0.0454556
    outer loop
      vertex 26.35 -0.95 18.5469
      vertex 26.3543 0 18.4524
      vertex 26.35 0 18.5469
    endloop
  endfacet
  facet normal 0.998966 0 0.0454556
    outer loop
      vertex 26.3543 0 18.4524
      vertex 26.35 -0.95 18.5469
      vertex 26.3543 -0.95 18.4524
    endloop
  endfacet
  facet normal 0.998654 -0 0.0518609
    outer loop
      vertex 26.3461 -0.95 18.622
      vertex 26.35 0 18.5469
      vertex 26.3461 0 18.622
    endloop
  endfacet
  facet normal 0.998654 0 0.0518609
    outer loop
      vertex 26.35 0 18.5469
      vertex 26.3461 -0.95 18.622
      vertex 26.35 -0.95 18.5469
    endloop
  endfacet
  facet normal 0.998777 -0 0.0494444
    outer loop
      vertex 26.3426 -0.95 18.6927
      vertex 26.3461 0 18.622
      vertex 26.3426 0 18.6927
    endloop
  endfacet
  facet normal 0.998777 0 0.0494444
    outer loop
      vertex 26.3461 0 18.622
      vertex 26.3426 -0.95 18.6927
      vertex 26.3461 -0.95 18.622
    endloop
  endfacet
  facet normal 0.998764 -0 0.0497122
    outer loop
      vertex 26.3393 -0.95 18.759
      vertex 26.3426 0 18.6927
      vertex 26.3393 0 18.759
    endloop
  endfacet
  facet normal 0.998764 0 0.0497122
    outer loop
      vertex 26.3426 0 18.6927
      vertex 26.3393 -0.95 18.759
      vertex 26.3426 -0.95 18.6927
    endloop
  endfacet
  facet normal 0.998904 -0 0.0467984
    outer loop
      vertex 26.3364 -0.95 18.8209
      vertex 26.3393 0 18.759
      vertex 26.3364 0 18.8209
    endloop
  endfacet
  facet normal 0.998904 0 0.0467984
    outer loop
      vertex 26.3393 0 18.759
      vertex 26.3364 -0.95 18.8209
      vertex 26.3393 -0.95 18.759
    endloop
  endfacet
  facet normal 0.998748 -0 0.05003
    outer loop
      vertex 26.3337 -0.95 18.8748
      vertex 26.3364 0 18.8209
      vertex 26.3337 0 18.8748
    endloop
  endfacet
  facet normal 0.998748 0 0.05003
    outer loop
      vertex 26.3364 0 18.8209
      vertex 26.3337 -0.95 18.8748
      vertex 26.3364 -0.95 18.8209
    endloop
  endfacet
  facet normal 0.997979 -0 0.0635505
    outer loop
      vertex 26.331 -0.95 18.9172
      vertex 26.3337 0 18.8748
      vertex 26.331 0 18.9172
    endloop
  endfacet
  facet normal 0.997979 0 0.0635505
    outer loop
      vertex 26.3337 0 18.8748
      vertex 26.331 -0.95 18.9172
      vertex 26.3337 -0.95 18.8748
    endloop
  endfacet
  facet normal 0.99618 -0 0.0873274
    outer loop
      vertex 26.3283 -0.95 18.948
      vertex 26.331 0 18.9172
      vertex 26.3283 0 18.948
    endloop
  endfacet
  facet normal 0.99618 0 0.0873274
    outer loop
      vertex 26.331 0 18.9172
      vertex 26.3283 -0.95 18.948
      vertex 26.331 -0.95 18.9172
    endloop
  endfacet
  facet normal 0.990356 -0 0.138547
    outer loop
      vertex 26.3256 -0.95 18.9673
      vertex 26.3283 0 18.948
      vertex 26.3256 0 18.9673
    endloop
  endfacet
  facet normal 0.990356 0 0.138547
    outer loop
      vertex 26.3283 0 18.948
      vertex 26.3256 -0.95 18.9673
      vertex 26.3283 -0.95 18.948
    endloop
  endfacet
  facet normal -0 0 1
    outer loop
      vertex 25.4034 0 18.9673
      vertex 26.3256 -0.95 18.9673
      vertex 26.3256 0 18.9673
    endloop
  endfacet
  facet normal 0 0 1
    outer loop
      vertex 26.3256 -0.95 18.9673
      vertex 25.4034 0 18.9673
      vertex 25.4034 -0.95 18.9673
    endloop
  endfacet
  facet normal -0.996259 0 -0.0864195
    outer loop
      vertex 25.4176 -0.95 18.8036
      vertex 25.4034 0 18.9673
      vertex 25.4176 0 18.8036
    endloop
  endfacet
  facet normal -0.996259 -0 -0.0864195
    outer loop
      vertex 25.4034 0 18.9673
      vertex 25.4176 -0.95 18.8036
      vertex 25.4034 -0.95 18.9673
    endloop
  endfacet
  facet normal -0.999266 0 -0.038302
    outer loop
      vertex 25.4277 -0.95 18.5401
      vertex 25.4176 0 18.8036
      vertex 25.4277 0 18.5401
    endloop
  endfacet
  facet normal -0.999266 -0 -0.038302
    outer loop
      vertex 25.4176 0 18.8036
      vertex 25.4277 -0.95 18.5401
      vertex 25.4176 -0.95 18.8036
    endloop
  endfacet
  facet normal -0.999859 0 -0.0167974
    outer loop
      vertex 25.4338 -0.95 18.177
      vertex 25.4277 0 18.5401
      vertex 25.4338 0 18.177
    endloop
  endfacet
  facet normal -0.999859 -0 -0.0167974
    outer loop
      vertex 25.4277 0 18.5401
      vertex 25.4338 -0.95 18.177
      vertex 25.4277 -0.95 18.5401
    endloop
  endfacet
  facet normal -0.99999 0 -0.00453657
    outer loop
      vertex 25.4359 -0.95 17.7141
      vertex 25.4338 0 18.177
      vertex 25.4359 0 17.7141
    endloop
  endfacet
  facet normal -0.99999 -0 -0.00453657
    outer loop
      vertex 25.4338 0 18.177
      vertex 25.4359 -0.95 17.7141
      vertex 25.4338 -0.95 18.177
    endloop
  endfacet
  facet normal -1 0 0
    outer loop
      vertex 25.4359 -0.95 13.0975
      vertex 25.4359 0 17.7141
      vertex 25.4359 0 13.0975
    endloop
  endfacet
  facet normal -1 -0 0
    outer loop
      vertex 25.4359 0 17.7141
      vertex 25.4359 -0.95 13.0975
      vertex 25.4359 -0.95 17.7141
    endloop
  endfacet
  facet normal 0 0 -1
    outer loop
      vertex 25.4359 -0.95 13.0975
      vertex 26.4124 0 13.0975
      vertex 26.4124 -0.95 13.0975
    endloop
  endfacet
  facet normal -0 0 -1
    outer loop
      vertex 26.4124 0 13.0975
      vertex 25.4359 -0.95 13.0975
      vertex 25.4359 0 13.0975
    endloop
  endfacet
  facet normal 1 -0 0
    outer loop
      vertex 26.4124 -0.95 16.4989
      vertex 26.4124 0 13.0975
      vertex 26.4124 0 16.4989
    endloop
  endfacet
  facet normal 1 0 0
    outer loop
      vertex 26.4124 0 13.0975
      vertex 26.4124 -0.95 16.4989
      vertex 26.4124 -0.95 13.0975
    endloop
  endfacet
  facet normal 0.356793 0 -0.934184
    outer loop
      vertex 37.6999 -0.95 13.0758
      vertex 38.3817 0 13.3362
      vertex 38.3817 -0.95 13.3362
    endloop
  endfacet
  facet normal 0.356793 0 -0.934184
    outer loop
      vertex 38.3817 0 13.3362
      vertex 37.6999 -0.95 13.0758
      vertex 37.6999 0 13.0758
    endloop
  endfacet
  facet normal 0.644849 0 -0.76431
    outer loop
      vertex 38.3817 -0.95 13.3362
      vertex 38.8961 0 13.7702
      vertex 38.8961 -0.95 13.7702
    endloop
  endfacet
  facet normal 0.644849 0 -0.76431
    outer loop
      vertex 38.8961 0 13.7702
      vertex 38.3817 -0.95 13.3362
      vertex 38.3817 0 13.3362
    endloop
  endfacet
  facet normal 0.868489 0 -0.495708
    outer loop
      vertex 39.2429 -0.95 14.3778
      vertex 38.8961 0 13.7702
      vertex 39.2429 0 14.3778
    endloop
  endfacet
  facet normal 0.868489 0 -0.495708
    outer loop
      vertex 38.8961 0 13.7702
      vertex 39.2429 -0.95 14.3778
      vertex 38.8961 -0.95 13.7702
    endloop
  endfacet
  facet normal 0.273906 0 0.961756
    outer loop
      vertex 38.3858 0 14.6219
      vertex 39.2429 -0.95 14.3778
      vertex 39.2429 0 14.3778
    endloop
  endfacet
  facet normal 0.273906 0 0.961756
    outer loop
      vertex 39.2429 -0.95 14.3778
      vertex 38.3858 0 14.6219
      vertex 38.3858 -0.95 14.6219
    endloop
  endfacet
  facet normal -0.913489 0 0.406864
    outer loop
      vertex 38.3026 -0.95 14.4351
      vertex 38.3858 0 14.6219
      vertex 38.3026 0 14.4351
    endloop
  endfacet
  facet normal -0.913489 0 0.406864
    outer loop
      vertex 38.3858 0 14.6219
      vertex 38.3026 -0.95 14.4351
      vertex 38.3858 -0.95 14.6219
    endloop
  endfacet
  facet normal -0.82994 0 0.557853
    outer loop
      vertex 38.1884 -0.95 14.2652
      vertex 38.3026 0 14.4351
      vertex 38.1884 0 14.2652
    endloop
  endfacet
  facet normal -0.82994 0 0.557853
    outer loop
      vertex 38.3026 0 14.4351
      vertex 38.1884 -0.95 14.2652
      vertex 38.3026 -0.95 14.4351
    endloop
  endfacet
  facet normal -0.72584 0 0.687863
    outer loop
      vertex 38.0435 -0.95 14.1123
      vertex 38.1884 0 14.2652
      vertex 38.0435 0 14.1123
    endloop
  endfacet
  facet normal -0.72584 0 0.687863
    outer loop
      vertex 38.1884 0 14.2652
      vertex 38.0435 -0.95 14.1123
      vertex 38.1884 -0.95 14.2652
    endloop
  endfacet
  facet normal -0.611665 0 0.791117
    outer loop
      vertex 37.8676 0 13.9763
      vertex 38.0435 -0.95 14.1123
      vertex 38.0435 0 14.1123
    endloop
  endfacet
  facet normal -0.611665 0 0.791117
    outer loop
      vertex 38.0435 -0.95 14.1123
      vertex 37.8676 0 13.9763
      vertex 37.8676 -0.95 13.9763
    endloop
  endfacet
  facet normal -0.474404 0 0.880307
    outer loop
      vertex 37.6607 0 13.8648
      vertex 37.8676 -0.95 13.9763
      vertex 37.8676 0 13.9763
    endloop
  endfacet
  facet normal -0.474404 0 0.880307
    outer loop
      vertex 37.8676 -0.95 13.9763
      vertex 37.6607 0 13.8648
      vertex 37.6607 -0.95 13.8648
    endloop
  endfacet
  facet normal -0.316943 0 0.948444
    outer loop
      vertex 37.4222 0 13.7851
      vertex 37.6607 -0.95 13.8648
      vertex 37.6607 0 13.8648
    endloop
  endfacet
  facet normal -0.316943 0 0.948444
    outer loop
      vertex 37.6607 -0.95 13.8648
      vertex 37.4222 0 13.7851
      vertex 37.4222 -0.95 13.7851
    endloop
  endfacet
  facet normal -0.174264 0 0.984699
    outer loop
      vertex 37.1521 0 13.7373
      vertex 37.4222 -0.95 13.7851
      vertex 37.4222 0 13.7851
    endloop
  endfacet
  facet normal -0.174264 0 0.984699
    outer loop
      vertex 37.4222 -0.95 13.7851
      vertex 37.1521 0 13.7373
      vertex 37.1521 -0.95 13.7373
    endloop
  endfacet
  facet normal -0.0526457 0 0.998613
    outer loop
      vertex 36.8505 0 13.7214
      vertex 37.1521 -0.95 13.7373
      vertex 37.1521 0 13.7373
    endloop
  endfacet
  facet normal -0.0526457 0 0.998613
    outer loop
      vertex 37.1521 -0.95 13.7373
      vertex 36.8505 0 13.7214
      vertex 36.8505 -0.95 13.7214
    endloop
  endfacet
  facet normal 0.0902502 0 0.995919
    outer loop
      vertex 36.4731 0 13.7556
      vertex 36.8505 -0.95 13.7214
      vertex 36.8505 0 13.7214
    endloop
  endfacet
  facet normal 0.0902502 0 0.995919
    outer loop
      vertex 36.8505 -0.95 13.7214
      vertex 36.4731 0 13.7556
      vertex 36.4731 -0.95 13.7556
    endloop
  endfacet
  facet normal 0.297813 0 0.954624
    outer loop
      vertex 36.1439 0 13.8583
      vertex 36.4731 -0.95 13.7556
      vertex 36.4731 0 13.7556
    endloop
  endfacet
  facet normal 0.297813 0 0.954624
    outer loop
      vertex 36.4731 -0.95 13.7556
      vertex 36.1439 0 13.8583
      vertex 36.1439 -0.95 13.8583
    endloop
  endfacet
  facet normal 0.520159 0 0.854069
    outer loop
      vertex 35.8628 0 14.0295
      vertex 36.1439 -0.95 13.8583
      vertex 36.1439 0 13.8583
    endloop
  endfacet
  facet normal 0.520159 0 0.854069
    outer loop
      vertex 36.1439 -0.95 13.8583
      vertex 35.8628 0 14.0295
      vertex 35.8628 -0.95 14.0295
    endloop
  endfacet
  facet normal 0.717203 -0 0.696865
    outer loop
      vertex 35.6298 -0.95 14.2693
      vertex 35.8628 0 14.0295
      vertex 35.6298 0 14.2693
    endloop
  endfacet
  facet normal 0.717203 0 0.696865
    outer loop
      vertex 35.8628 0 14.0295
      vertex 35.6298 -0.95 14.2693
      vertex 35.8628 -0.95 14.0295
    endloop
  endfacet
  facet normal 0.856218 -0 0.516615
    outer loop
      vertex 35.4471 -0.95 14.5721
      vertex 35.6298 0 14.2693
      vertex 35.4471 0 14.5721
    endloop
  endfacet
  facet normal 0.856218 0 0.516615
    outer loop
      vertex 35.6298 0 14.2693
      vertex 35.4471 -0.95 14.5721
      vertex 35.6298 -0.95 14.2693
    endloop
  endfacet
  facet normal 0.940257 -0 0.340465
    outer loop
      vertex 35.3166 -0.95 14.9325
      vertex 35.4471 0 14.5721
      vertex 35.3166 0 14.9325
    endloop
  endfacet
  facet normal 0.940257 0 0.340465
    outer loop
      vertex 35.4471 0 14.5721
      vertex 35.3166 -0.95 14.9325
      vertex 35.4471 -0.95 14.5721
    endloop
  endfacet
  facet normal 0.98287 -0 0.184303
    outer loop
      vertex 35.2382 -0.95 15.3506
      vertex 35.3166 0 14.9325
      vertex 35.2382 0 15.3506
    endloop
  endfacet
  facet normal 0.98287 0 0.184303
    outer loop
      vertex 35.3166 0 14.9325
      vertex 35.2382 -0.95 15.3506
      vertex 35.3166 -0.95 14.9325
    endloop
  endfacet
  facet normal 0.998498 -0 0.0547841
    outer loop
      vertex 35.2121 -0.95 15.8263
      vertex 35.2382 0 15.3506
      vertex 35.2121 0 15.8263
    endloop
  endfacet
  facet normal 0.998498 0 0.0547841
    outer loop
      vertex 35.2382 0 15.3506
      vertex 35.2121 -0.95 15.8263
      vertex 35.2382 -0.95 15.3506
    endloop
  endfacet
  facet normal 0 0 -1
    outer loop
      vertex 35.2121 -0.95 15.8263
      vertex 39.4003 0 15.8263
      vertex 39.4003 -0.95 15.8263
    endloop
  endfacet
  facet normal -0 0 -1
    outer loop
      vertex 39.4003 0 15.8263
      vertex 35.2121 -0.95 15.8263
      vertex 35.2121 0 15.8263
    endloop
  endfacet
  facet normal 1 -0 0
    outer loop
      vertex 39.4003 -0.95 15.9565
      vertex 39.4003 0 15.8263
      vertex 39.4003 0 15.9565
    endloop
  endfacet
  facet normal 1 0 0
    outer loop
      vertex 39.4003 0 15.8263
      vertex 39.4003 -0.95 15.9565
      vertex 39.4003 -0.95 15.8263
    endloop
  endfacet
  facet normal 0.993053 -0 0.117664
    outer loop
      vertex 39.2386 -0.95 17.3212
      vertex 39.4003 0 15.9565
      vertex 39.2386 0 17.3212
    endloop
  endfacet
  facet normal 0.993053 0 0.117664
    outer loop
      vertex 39.4003 0 15.9565
      vertex 39.2386 -0.95 17.3212
      vertex 39.4003 -0.95 15.9565
    endloop
  endfacet
  facet normal 0.895234 -0 0.445597
    outer loop
      vertex 38.7534 -0.95 18.296
      vertex 39.2386 0 17.3212
      vertex 38.7534 0 18.296
    endloop
  endfacet
  facet normal 0.895234 0 0.445597
    outer loop
      vertex 39.2386 0 17.3212
      vertex 38.7534 -0.95 18.296
      vertex 39.2386 -0.95 17.3212
    endloop
  endfacet
  facet normal 0.586043 0 0.81028
    outer loop
      vertex 37.9447 0 18.8809
      vertex 38.7534 -0.95 18.296
      vertex 38.7534 0 18.296
    endloop
  endfacet
  facet normal 0.586043 0 0.81028
    outer loop
      vertex 38.7534 -0.95 18.296
      vertex 37.9447 0 18.8809
      vertex 37.9447 -0.95 18.8809
    endloop
  endfacet
  facet normal 0.169647 0 0.985505
    outer loop
      vertex 36.8125 0 19.0758
      vertex 37.9447 -0.95 18.8809
      vertex 37.9447 0 18.8809
    endloop
  endfacet
  facet normal 0.169647 0 0.985505
    outer loop
      vertex 37.9447 -0.95 18.8809
      vertex 36.8125 0 19.0758
      vertex 36.8125 -0.95 19.0758
    endloop
  endfacet
  facet normal -0.0811754 0 0.9967
    outer loop
      vertex 36.217 0 19.0273
      vertex 36.8125 -0.95 19.0758
      vertex 36.8125 0 19.0758
    endloop
  endfacet
  facet normal -0.0811754 0 0.9967
    outer loop
      vertex 36.8125 -0.95 19.0758
      vertex 36.217 0 19.0273
      vertex 36.217 -0.95 19.0273
    endloop
  endfacet
  facet normal -0.267996 0 0.96342
    outer loop
      vertex 35.6943 0 18.8819
      vertex 36.217 -0.95 19.0273
      vertex 36.217 0 19.0273
    endloop
  endfacet
  facet normal -0.267996 0 0.96342
    outer loop
      vertex 36.217 -0.95 19.0273
      vertex 35.6943 0 18.8819
      vertex 35.6943 -0.95 18.8819
    endloop
  endfacet
  facet normal -0.474555 0 0.880226
    outer loop
      vertex 35.2445 0 18.6394
      vertex 35.6943 -0.95 18.8819
      vertex 35.6943 0 18.8819
    endloop
  endfacet
  facet normal -0.474555 0 0.880226
    outer loop
      vertex 35.6943 -0.95 18.8819
      vertex 35.2445 0 18.6394
      vertex 35.2445 -0.95 18.6394
    endloop
  endfacet
  facet normal -0.669063 0 0.743206
    outer loop
      vertex 34.8676 0 18.3001
      vertex 35.2445 -0.95 18.6394
      vertex 35.2445 0 18.6394
    endloop
  endfacet
  facet normal -0.669063 0 0.743206
    outer loop
      vertex 35.2445 -0.95 18.6394
      vertex 34.8676 0 18.3001
      vertex 34.8676 -0.95 18.3001
    endloop
  endfacet
  facet normal -0.822282 0 0.569081
    outer loop
      vertex 34.5698 -0.95 17.8698
      vertex 34.8676 0 18.3001
      vertex 34.5698 0 17.8698
    endloop
  endfacet
  facet normal -0.822282 0 0.569081
    outer loop
      vertex 34.8676 0 18.3001
      vertex 34.5698 -0.95 17.8698
      vertex 34.8676 -0.95 18.3001
    endloop
  endfacet
  facet normal -0.924299 0 0.38167
    outer loop
      vertex 34.3571 -0.95 17.3547
      vertex 34.5698 0 17.8698
      vertex 34.3571 0 17.3547
    endloop
  endfacet
  facet normal -0.924299 0 0.38167
    outer loop
      vertex 34.5698 0 17.8698
      vertex 34.3571 -0.95 17.3547
      vertex 34.5698 -0.95 17.8698
    endloop
  endfacet
  facet normal -0.978071 0 0.20827
    outer loop
      vertex 34.2294 -0.95 16.755
      vertex 34.3571 0 17.3547
      vertex 34.2294 0 16.755
    endloop
  endfacet
  facet normal -0.978071 0 0.20827
    outer loop
      vertex 34.3571 0 17.3547
      vertex 34.2294 -0.95 16.755
      vertex 34.3571 -0.95 17.3547
    endloop
  endfacet
  facet normal -0.99807 0 0.062106
    outer loop
      vertex 34.1868 -0.95 16.0704
      vertex 34.2294 0 16.755
      vertex 34.1868 0 16.0704
    endloop
  endfacet
  facet normal -0.99807 0 0.062106
    outer loop
      vertex 34.2294 0 16.755
      vertex 34.1868 -0.95 16.0704
      vertex 34.2294 -0.95 16.755
    endloop
  endfacet
  facet normal -0.998244 0 -0.0592438
    outer loop
      vertex 34.2294 -0.95 15.3526
      vertex 34.1868 0 16.0704
      vertex 34.2294 0 15.3526
    endloop
  endfacet
  facet normal -0.998244 -0 -0.0592438
    outer loop
      vertex 34.1868 0 16.0704
      vertex 34.2294 -0.95 15.3526
      vertex 34.1868 -0.95 16.0704
    endloop
  endfacet
  facet normal -0.979664 0 -0.200646
    outer loop
      vertex 34.3571 -0.95 14.7291
      vertex 34.2294 0 15.3526
      vertex 34.3571 0 14.7291
    endloop
  endfacet
  facet normal -0.979664 -0 -0.200646
    outer loop
      vertex 34.2294 0 15.3526
      vertex 34.3571 -0.95 14.7291
      vertex 34.2294 -0.95 15.3526
    endloop
  endfacet
  facet normal -0.927883 0 -0.372871
    outer loop
      vertex 34.5698 -0.95 14.1998
      vertex 34.3571 0 14.7291
      vertex 34.5698 0 14.1998
    endloop
  endfacet
  facet normal -0.927883 -0 -0.372871
    outer loop
      vertex 34.3571 0 14.7291
      vertex 34.5698 -0.95 14.1998
      vertex 34.3571 -0.95 14.7291
    endloop
  endfacet
  facet normal -0.825158 0 -0.564902
    outer loop
      vertex 34.8676 -0.95 13.7648
      vertex 34.5698 0 14.1998
      vertex 34.8676 0 13.7648
    endloop
  endfacet
  facet normal -0.825158 -0 -0.564902
    outer loop
      vertex 34.5698 0 14.1998
      vertex 34.8676 -0.95 13.7648
      vertex 34.5698 -0.95 14.1998
    endloop
  endfacet
  facet normal -0.666824 0 -0.745216
    outer loop
      vertex 34.8676 -0.95 13.7648
      vertex 35.2469 0 13.4254
      vertex 35.2469 -0.95 13.4254
    endloop
  endfacet
  facet normal -0.666824 0 -0.745216
    outer loop
      vertex 35.2469 0 13.4254
      vertex 34.8676 -0.95 13.7648
      vertex 34.8676 0 13.7648
    endloop
  endfacet
  facet normal -0.46866 0 -0.883378
    outer loop
      vertex 35.2469 -0.95 13.4254
      vertex 35.7038 0 13.183
      vertex 35.7038 -0.95 13.183
    endloop
  endfacet
  facet normal -0.46866 0 -0.883378
    outer loop
      vertex 35.7038 0 13.183
      vertex 35.2469 -0.95 13.4254
      vertex 35.2469 0 13.4254
    endloop
  endfacet
  facet normal -0.262613 0 -0.964901
    outer loop
      vertex 35.7038 -0.95 13.183
      vertex 36.2384 0 13.0375
      vertex 36.2384 -0.95 13.0375
    endloop
  endfacet
  facet normal -0.262613 0 -0.964901
    outer loop
      vertex 36.2384 0 13.0375
      vertex 35.7038 -0.95 13.183
      vertex 35.7038 0 13.183
    endloop
  endfacet
  facet normal -0.0789879 0 -0.996876
    outer loop
      vertex 36.2384 -0.95 13.0375
      vertex 36.8505 0 12.989
      vertex 36.8505 -0.95 12.989
    endloop
  endfacet
  facet normal -0.0789879 0 -0.996876
    outer loop
      vertex 36.8505 0 12.989
      vertex 36.2384 -0.95 13.0375
      vertex 36.2384 0 13.0375
    endloop
  endfacet
  facet normal 0.10166 0 -0.994819
    outer loop
      vertex 36.8505 -0.95 12.989
      vertex 37.6999 0 13.0758
      vertex 37.6999 -0.95 13.0758
    endloop
  endfacet
  facet normal 0.10166 0 -0.994819
    outer loop
      vertex 37.6999 0 13.0758
      vertex 36.8505 -0.95 12.989
      vertex 36.8505 0 12.989
    endloop
  endfacet
  facet normal 0.994804 0 -0.10181
    outer loop
      vertex 35.2632 -0.95 16.9677
      vertex 35.223 0 16.5749
      vertex 35.2632 0 16.9677
    endloop
  endfacet
  facet normal 0.994804 0 -0.10181
    outer loop
      vertex 35.223 0 16.5749
      vertex 35.2632 -0.95 16.9677
      vertex 35.223 -0.95 16.5749
    endloop
  endfacet
  facet normal 0.96955 0 -0.244892
    outer loop
      vertex 35.3512 -0.95 17.3161
      vertex 35.2632 0 16.9677
      vertex 35.3512 0 17.3161
    endloop
  endfacet
  facet normal 0.96955 0 -0.244892
    outer loop
      vertex 35.2632 0 16.9677
      vertex 35.3512 -0.95 17.3161
      vertex 35.2632 -0.95 16.9677
    endloop
  endfacet
  facet normal 0.912992 0 -0.407977
    outer loop
      vertex 35.487 -0.95 17.62
      vertex 35.3512 0 17.3161
      vertex 35.487 0 17.62
    endloop
  endfacet
  facet normal 0.912992 0 -0.407977
    outer loop
      vertex 35.3512 0 17.3161
      vertex 35.487 -0.95 17.62
      vertex 35.3512 -0.95 17.3161
    endloop
  endfacet
  facet normal 0.816593 0 -0.577214
    outer loop
      vertex 35.6705 -0.95 17.8796
      vertex 35.487 0 17.62
      vertex 35.6705 0 17.8796
    endloop
  endfacet
  facet normal 0.816593 0 -0.577214
    outer loop
      vertex 35.487 0 17.62
      vertex 35.6705 -0.95 17.8796
      vertex 35.487 -0.95 17.62
    endloop
  endfacet
  facet normal 0.676668 0 -0.736288
    outer loop
      vertex 35.6705 -0.95 17.8796
      vertex 35.8965 0 18.0873
      vertex 35.8965 -0.95 18.0873
    endloop
  endfacet
  facet normal 0.676668 0 -0.736288
    outer loop
      vertex 35.8965 0 18.0873
      vertex 35.6705 -0.95 17.8796
      vertex 35.6705 0 17.8796
    endloop
  endfacet
  facet normal 0.491173 0 -0.871062
    outer loop
      vertex 35.8965 -0.95 18.0873
      vertex 36.1595 0 18.2356
      vertex 36.1595 -0.95 18.2356
    endloop
  endfacet
  facet normal 0.491173 0 -0.871062
    outer loop
      vertex 36.1595 0 18.2356
      vertex 35.8965 -0.95 18.0873
      vertex 35.8965 0 18.0873
    endloop
  endfacet
  facet normal 0.284502 0 -0.958675
    outer loop
      vertex 36.1595 -0.95 18.2356
      vertex 36.4594 0 18.3246
      vertex 36.4594 -0.95 18.3246
    endloop
  endfacet
  facet normal 0.284502 0 -0.958675
    outer loop
      vertex 36.4594 0 18.3246
      vertex 36.1595 -0.95 18.2356
      vertex 36.1595 0 18.2356
    endloop
  endfacet
  facet normal 0.0878161 0 -0.996137
    outer loop
      vertex 36.4594 -0.95 18.3246
      vertex 36.7963 0 18.3543
      vertex 36.7963 -0.95 18.3543
    endloop
  endfacet
  facet normal 0.0878161 0 -0.996137
    outer loop
      vertex 36.7963 0 18.3543
      vertex 36.4594 -0.95 18.3246
      vertex 36.4594 0 18.3246
    endloop
  endfacet
  facet normal -0.0769176 0 -0.997037
    outer loop
      vertex 36.7963 -0.95 18.3543
      vertex 37.1411 0 18.3277
      vertex 37.1411 -0.95 18.3277
    endloop
  endfacet
  facet normal -0.0769176 0 -0.997037
    outer loop
      vertex 37.1411 0 18.3277
      vertex 36.7963 -0.95 18.3543
      vertex 36.7963 0 18.3543
    endloop
  endfacet
  facet normal -0.25569 0 -0.966759
    outer loop
      vertex 37.1411 -0.95 18.3277
      vertex 37.4432 0 18.2478
      vertex 37.4432 -0.95 18.2478
    endloop
  endfacet
  facet normal -0.25569 0 -0.966759
    outer loop
      vertex 37.4432 0 18.2478
      vertex 37.1411 -0.95 18.3277
      vertex 37.1411 0 18.3277
    endloop
  endfacet
  facet normal -0.456386 0 -0.889782
    outer loop
      vertex 37.4432 -0.95 18.2478
      vertex 37.7025 0 18.1148
      vertex 37.7025 -0.95 18.1148
    endloop
  endfacet
  facet normal -0.456386 0 -0.889782
    outer loop
      vertex 37.7025 0 18.1148
      vertex 37.4432 -0.95 18.2478
      vertex 37.4432 0 18.2478
    endloop
  endfacet
  facet normal -0.652116 0 -0.758119
    outer loop
      vertex 37.7025 -0.95 18.1148
      vertex 37.9192 0 17.9284
      vertex 37.9192 -0.95 17.9284
    endloop
  endfacet
  facet normal -0.652116 0 -0.758119
    outer loop
      vertex 37.9192 0 17.9284
      vertex 37.7025 -0.95 18.1148
      vertex 37.7025 0 18.1148
    endloop
  endfacet
  facet normal -0.811257 0 -0.58469
    outer loop
      vertex 38.0952 -0.95 17.6842
      vertex 37.9192 0 17.9284
      vertex 38.0952 0 17.6842
    endloop
  endfacet
  facet normal -0.811257 -0 -0.58469
    outer loop
      vertex 37.9192 0 17.9284
      vertex 38.0952 -0.95 17.6842
      vertex 37.9192 -0.95 17.9284
    endloop
  endfacet
  facet normal -0.912914 0 -0.408151
    outer loop
      vertex 38.2325 -0.95 17.3771
      vertex 38.0952 0 17.6842
      vertex 38.2325 0 17.3771
    endloop
  endfacet
  facet normal -0.912914 -0 -0.408151
    outer loop
      vertex 38.0952 0 17.6842
      vertex 38.2325 -0.95 17.3771
      vertex 38.0952 -0.95 17.6842
    endloop
  endfacet
  facet normal -0.966161 0 -0.257939
    outer loop
      vertex 38.3312 -0.95 17.0074
      vertex 38.2325 0 17.3771
      vertex 38.3312 0 17.0074
    endloop
  endfacet
  facet normal -0.966161 -0 -0.257939
    outer loop
      vertex 38.2325 0 17.3771
      vertex 38.3312 -0.95 17.0074
      vertex 38.2325 -0.95 17.3771
    endloop
  endfacet
  facet normal -0.990514 0 -0.137412
    outer loop
      vertex 38.3912 -0.95 16.5749
      vertex 38.3312 0 17.0074
      vertex 38.3912 0 16.5749
    endloop
  endfacet
  facet normal -0.990514 -0 -0.137412
    outer loop
      vertex 38.3312 0 17.0074
      vertex 38.3912 -0.95 16.5749
      vertex 38.3312 -0.95 17.0074
    endloop
  endfacet
  facet normal -0 0 1
    outer loop
      vertex 35.223 0 16.5749
      vertex 38.3912 -0.95 16.5749
      vertex 38.3912 0 16.5749
    endloop
  endfacet
  facet normal 0 0 1
    outer loop
      vertex 38.3912 -0.95 16.5749
      vertex 35.223 0 16.5749
      vertex 35.223 -0.95 16.5749
    endloop
  endfacet
  facet normal 0.999056 0 -0.0434467
    outer loop
      vertex 41.5163 -0.95 16.6171
      vertex 41.4963 0 16.1572
      vertex 41.5163 0 16.6171
    endloop
  endfacet
  facet normal 0.999056 0 -0.0434467
    outer loop
      vertex 41.4963 0 16.1572
      vertex 41.5163 -0.95 16.6171
      vertex 41.4963 -0.95 16.1572
    endloop
  endfacet
  facet normal 0.989083 0 -0.147357
    outer loop
      vertex 41.5764 -0.95 17.0205
      vertex 41.5163 0 16.6171
      vertex 41.5764 0 17.0205
    endloop
  endfacet
  facet normal 0.989083 0 -0.147357
    outer loop
      vertex 41.5163 0 16.6171
      vertex 41.5764 -0.95 17.0205
      vertex 41.5163 -0.95 16.6171
    endloop
  endfacet
  facet normal 0.960809 0 -0.27721
    outer loop
      vertex 41.6764 -0.95 17.3671
      vertex 41.5764 0 17.0205
      vertex 41.6764 0 17.3671
    endloop
  endfacet
  facet normal 0.960809 0 -0.27721
    outer loop
      vertex 41.5764 0 17.0205
      vertex 41.6764 -0.95 17.3671
      vertex 41.5764 -0.95 17.0205
    endloop
  endfacet
  facet normal 0.90061 0 -0.434628
    outer loop
      vertex 41.8164 -0.95 17.6572
      vertex 41.6764 0 17.3671
      vertex 41.8164 0 17.6572
    endloop
  endfacet
  facet normal 0.90061 0 -0.434628
    outer loop
      vertex 41.6764 0 17.3671
      vertex 41.8164 -0.95 17.6572
      vertex 41.6764 -0.95 17.3671
    endloop
  endfacet
  facet normal 0.789538 0 -0.613702
    outer loop
      vertex 41.9944 -0.95 17.8862
      vertex 41.8164 0 17.6572
      vertex 41.9944 0 17.8862
    endloop
  endfacet
  facet normal 0.789538 0 -0.613702
    outer loop
      vertex 41.8164 0 17.6572
      vertex 41.9944 -0.95 17.8862
      vertex 41.8164 -0.95 17.6572
    endloop
  endfacet
  facet normal 0.60734 0 -0.794442
    outer loop
      vertex 41.9944 -0.95 17.8862
      vertex 42.2084 0 18.0498
      vertex 42.2084 -0.95 18.0498
    endloop
  endfacet
  facet normal 0.60734 0 -0.794442
    outer loop
      vertex 42.2084 0 18.0498
      vertex 41.9944 -0.95 17.8862
      vertex 41.9944 0 17.8862
    endloop
  endfacet
  facet normal 0.365733 0 -0.93072
    outer loop
      vertex 42.2084 -0.95 18.0498
      vertex 42.4583 0 18.148
      vertex 42.4583 -0.95 18.148
    endloop
  endfacet
  facet normal 0.365733 0 -0.93072
    outer loop
      vertex 42.4583 0 18.148
      vertex 42.2084 -0.95 18.0498
      vertex 42.2084 0 18.0498
    endloop
  endfacet
  facet normal 0.113674 0 -0.993518
    outer loop
      vertex 42.4583 -0.95 18.148
      vertex 42.7441 0 18.1807
      vertex 42.7441 -0.95 18.1807
    endloop
  endfacet
  facet normal 0.113674 0 -0.993518
    outer loop
      vertex 42.7441 0 18.1807
      vertex 42.4583 -0.95 18.148
      vertex 42.4583 0 18.148
    endloop
  endfacet
  facet normal -0.0219869 0 -0.999758
    outer loop
      vertex 42.7441 -0.95 18.1807
      vertex 42.8987 0 18.1773
      vertex 42.8987 -0.95 18.1773
    endloop
  endfacet
  facet normal -0.0219869 0 -0.999758
    outer loop
      vertex 42.8987 0 18.1773
      vertex 42.7441 -0.95 18.1807
      vertex 42.7441 0 18.1807
    endloop
  endfacet
  facet normal -0.0735529 0 -0.997291
    outer loop
      vertex 42.8987 -0.95 18.1773
      vertex 43.037 0 18.1671
      vertex 43.037 -0.95 18.1671
    endloop
  endfacet
  facet normal -0.0735529 0 -0.997291
    outer loop
      vertex 43.037 0 18.1671
      vertex 42.8987 -0.95 18.1773
      vertex 42.8987 0 18.1773
    endloop
  endfacet
  facet normal -0.137104 0 -0.990557
    outer loop
      vertex 43.037 -0.95 18.1671
      vertex 43.1591 0 18.1502
      vertex 43.1591 -0.95 18.1502
    endloop
  endfacet
  facet normal -0.137104 0 -0.990557
    outer loop
      vertex 43.1591 0 18.1502
      vertex 43.037 -0.95 18.1671
      vertex 43.037 0 18.1671
    endloop
  endfacet
  facet normal -0.21859 0 -0.975817
    outer loop
      vertex 43.1591 -0.95 18.1502
      vertex 43.2649 0 18.1265
      vertex 43.2649 -0.95 18.1265
    endloop
  endfacet
  facet normal -0.21859 0 -0.975817
    outer loop
      vertex 43.2649 0 18.1265
      vertex 43.1591 -0.95 18.1502
      vertex 43.1591 0 18.1502
    endloop
  endfacet
  facet normal 1 -0 0
    outer loop
      vertex 43.2649 -0.95 19.0216
      vertex 43.2649 0 18.1265
      vertex 43.2649 0 19.0216
    endloop
  endfacet
  facet normal 1 0 0
    outer loop
      vertex 43.2649 0 18.1265
      vertex 43.2649 -0.95 19.0216
      vertex 43.2649 -0.95 18.1265
    endloop
  endfacet
  facet normal 0.230394 0 0.973097
    outer loop
      vertex 43.1648 0 19.0453
      vertex 43.2649 -0.95 19.0216
      vertex 43.2649 0 19.0216
    endloop
  endfacet
  facet normal 0.230394 0 0.973097
    outer loop
      vertex 43.2649 -0.95 19.0216
      vertex 43.1648 0 19.0453
      vertex 43.1648 -0.95 19.0453
    endloop
  endfacet
  facet normal 0.167779 0 0.985825
    outer loop
      vertex 43.0655 0 19.0622
      vertex 43.1648 -0.95 19.0453
      vertex 43.1648 0 19.0453
    endloop
  endfacet
  facet normal 0.167779 0 0.985825
    outer loop
      vertex 43.1648 -0.95 19.0453
      vertex 43.0655 0 19.0622
      vertex 43.0655 -0.95 19.0622
    endloop
  endfacet
  facet normal 0.102796 0 0.994702
    outer loop
      vertex 42.9668 0 19.0724
      vertex 43.0655 -0.95 19.0622
      vertex 43.0655 0 19.0622
    endloop
  endfacet
  facet normal 0.102796 0 0.994702
    outer loop
      vertex 43.0655 -0.95 19.0622
      vertex 42.9668 0 19.0724
      vertex 42.9668 -0.95 19.0724
    endloop
  endfacet
  facet normal 0.034673 0 0.999399
    outer loop
      vertex 42.8688 0 19.0758
      vertex 42.9668 -0.95 19.0724
      vertex 42.9668 0 19.0724
    endloop
  endfacet
  facet normal 0.034673 0 0.999399
    outer loop
      vertex 42.9668 -0.95 19.0724
      vertex 42.8688 0 19.0758
      vertex 42.8688 -0.95 19.0758
    endloop
  endfacet
  facet normal -0.0661132 0 0.997812
    outer loop
      vertex 42.6077 0 19.0585
      vertex 42.8688 -0.95 19.0758
      vertex 42.8688 0 19.0758
    endloop
  endfacet
  facet normal -0.0661132 0 0.997812
    outer loop
      vertex 42.8688 -0.95 19.0758
      vertex 42.6077 0 19.0585
      vertex 42.6077 -0.95 19.0585
    endloop
  endfacet
  facet normal -0.220209 0 0.975453
    outer loop
      vertex 42.3778 0 19.0066
      vertex 42.6077 -0.95 19.0585
      vertex 42.6077 0 19.0585
    endloop
  endfacet
  facet normal -0.220209 0 0.975453
    outer loop
      vertex 42.6077 -0.95 19.0585
      vertex 42.3778 0 19.0066
      vertex 42.3778 -0.95 19.0066
    endloop
  endfacet
  facet normal -0.39876 0 0.917055
    outer loop
      vertex 42.1791 0 18.9202
      vertex 42.3778 -0.95 19.0066
      vertex 42.3778 0 19.0066
    endloop
  endfacet
  facet normal -0.39876 0 0.917055
    outer loop
      vertex 42.3778 -0.95 19.0066
      vertex 42.1791 0 18.9202
      vertex 42.1791 -0.95 18.9202
    endloop
  endfacet
  facet normal -0.585579 0 0.810615
    outer loop
      vertex 42.0116 0 18.7992
      vertex 42.1791 -0.95 18.9202
      vertex 42.1791 0 18.9202
    endloop
  endfacet
  facet normal -0.585579 0 0.810615
    outer loop
      vertex 42.1791 -0.95 18.9202
      vertex 42.0116 0 18.7992
      vertex 42.0116 -0.95 18.7992
    endloop
  endfacet
  facet normal -0.752078 0 0.659074
    outer loop
      vertex 41.8642 -0.95 18.631
      vertex 42.0116 0 18.7992
      vertex 41.8642 0 18.631
    endloop
  endfacet
  facet normal -0.752078 0 0.659074
    outer loop
      vertex 42.0116 0 18.7992
      vertex 41.8642 -0.95 18.631
      vertex 42.0116 -0.95 18.7992
    endloop
  endfacet
  facet normal -0.854133 0 0.520054
    outer loop
      vertex 41.7255 -0.95 18.4032
      vertex 41.8642 0 18.631
      vertex 41.7255 0 18.4032
    endloop
  endfacet
  facet normal -0.854133 0 0.520054
    outer loop
      vertex 41.8642 0 18.631
      vertex 41.7255 -0.95 18.4032
      vertex 41.8642 -0.95 18.631
    endloop
  endfacet
  facet normal -0.911298 0 0.411748
    outer loop
      vertex 41.5956 -0.95 18.1157
      vertex 41.7255 0 18.4032
      vertex 41.5956 0 18.1157
    endloop
  endfacet
  facet normal -0.911298 0 0.411748
    outer loop
      vertex 41.7255 0 18.4032
      vertex 41.5956 -0.95 18.1157
      vertex 41.7255 -0.95 18.4032
    endloop
  endfacet
  facet normal -0.944298 0 0.32909
    outer loop
      vertex 41.4746 -0.95 17.7685
      vertex 41.5956 0 18.1157
      vertex 41.4746 0 17.7685
    endloop
  endfacet
  facet normal -0.944298 0 0.32909
    outer loop
      vertex 41.5956 0 18.1157
      vertex 41.4746 -0.95 17.7685
      vertex 41.5956 -0.95 18.1157
    endloop
  endfacet
  facet normal -0 0 1
    outer loop
      vertex 41.4529 0 17.7685
      vertex 41.4746 -0.95 17.7685
      vertex 41.4746 0 17.7685
    endloop
  endfacet
  facet normal 0 0 1
    outer loop
      vertex 41.4746 -0.95 17.7685
      vertex 41.4529 0 17.7685
      vertex 41.4529 -0.95 17.7685
    endloop
  endfacet
  facet normal 0.999838 -0 0.0179851
    outer loop
      vertex 41.4502 -0.95 17.9186
      vertex 41.4529 0 17.7685
      vertex 41.4502 0 17.9186
    endloop
  endfacet
  facet normal 0.999838 0 0.0179851
    outer loop
      vertex 41.4529 0 17.7685
      vertex 41.4502 -0.95 17.9186
      vertex 41.4529 -0.95 17.7685
    endloop
  endfacet
  facet normal 0.999475 -0 0.032396
    outer loop
      vertex 41.4421 -0.95 18.1685
      vertex 41.4502 0 17.9186
      vertex 41.4421 0 18.1685
    endloop
  endfacet
  facet normal 0.999475 0 0.032396
    outer loop
      vertex 41.4502 0 17.9186
      vertex 41.4421 -0.95 18.1685
      vertex 41.4502 -0.95 17.9186
    endloop
  endfacet
  facet normal 0.999244 -0 0.0388722
    outer loop
      vertex 41.4285 -0.95 18.5181
      vertex 41.4421 0 18.1685
      vertex 41.4285 0 18.5181
    endloop
  endfacet
  facet normal 0.999244 0 0.0388722
    outer loop
      vertex 41.4421 0 18.1685
      vertex 41.4285 -0.95 18.5181
      vertex 41.4421 -0.95 18.1685
    endloop
  endfacet
  facet normal 0.999107 -0 0.0422596
    outer loop
      vertex 41.4095 -0.95 18.9673
      vertex 41.4285 0 18.5181
      vertex 41.4095 0 18.9673
    endloop
  endfacet
  facet normal 0.999107 0 0.0422596
    outer loop
      vertex 41.4285 0 18.5181
      vertex 41.4095 -0.95 18.9673
      vertex 41.4285 -0.95 18.5181
    endloop
  endfacet
  facet normal -0 0 1
    outer loop
      vertex 40.4873 0 18.9673
      vertex 41.4095 -0.95 18.9673
      vertex 41.4095 0 18.9673
    endloop
  endfacet
  facet normal 0 0 1
    outer loop
      vertex 41.4095 -0.95 18.9673
      vertex 40.4873 0 18.9673
      vertex 40.4873 -0.95 18.9673
    endloop
  endfacet
  facet normal -0.999249 0 -0.0387475
    outer loop
      vertex 40.5015 -0.95 18.6011
      vertex 40.4873 0 18.9673
      vertex 40.5015 0 18.6011
    endloop
  endfacet
  facet normal -0.999249 -0 -0.0387475
    outer loop
      vertex 40.4873 0 18.9673
      vertex 40.5015 -0.95 18.6011
      vertex 40.4873 -0.95 18.9673
    endloop
  endfacet
  facet normal -0.999575 0 -0.0291388
    outer loop
      vertex 40.5117 -0.95 18.2512
      vertex 40.5015 0 18.6011
      vertex 40.5117 0 18.2512
    endloop
  endfacet
  facet normal -0.999575 -0 -0.0291388
    outer loop
      vertex 40.5015 0 18.6011
      vertex 40.5117 -0.95 18.2512
      vertex 40.5015 -0.95 18.6011
    endloop
  endfacet
  facet normal -0.999838 0 -0.0179827
    outer loop
      vertex 40.5177 -0.95 17.9176
      vertex 40.5117 0 18.2512
      vertex 40.5177 0 17.9176
    endloop
  endfacet
  facet normal -0.999838 -0 -0.0179827
    outer loop
      vertex 40.5117 0 18.2512
      vertex 40.5177 -0.95 17.9176
      vertex 40.5117 -0.95 18.2512
    endloop
  endfacet
  facet normal -0.999978 0 -0.00661611
    outer loop
      vertex 40.5198 -0.95 17.6002
      vertex 40.5177 0 17.9176
      vertex 40.5198 0 17.6002
    endloop
  endfacet
  facet normal -0.999978 -0 -0.00661611
    outer loop
      vertex 40.5177 0 17.9176
      vertex 40.5198 -0.95 17.6002
      vertex 40.5177 -0.95 17.9176
    endloop
  endfacet
  facet normal -1 0 0
    outer loop
      vertex 40.5198 -0.95 13.0975
      vertex 40.5198 0 17.6002
      vertex 40.5198 0 13.0975
    endloop
  endfacet
  facet normal -1 -0 0
    outer loop
      vertex 40.5198 0 17.6002
      vertex 40.5198 -0.95 13.0975
      vertex 40.5198 -0.95 17.6002
    endloop
  endfacet
  facet normal 0 0 -1
    outer loop
      vertex 40.5198 -0.95 13.0975
      vertex 41.4963 0 13.0975
      vertex 41.4963 -0.95 13.0975
    endloop
  endfacet
  facet normal -0 0 -1
    outer loop
      vertex 41.4963 0 13.0975
      vertex 40.5198 -0.95 13.0975
      vertex 40.5198 0 13.0975
    endloop
  endfacet
  facet normal 1 -0 0
    outer loop
      vertex 41.4963 -0.95 16.1572
      vertex 41.4963 0 13.0975
      vertex 41.4963 0 16.1572
    endloop
  endfacet
  facet normal 1 0 0
    outer loop
      vertex 41.4963 0 13.0975
      vertex 41.4963 -0.95 16.1572
      vertex 41.4963 -0.95 13.0975
    endloop
  endfacet
  facet normal 0.176711 0 -0.984263
    outer loop
      vertex 46.6678 -0.95 13.0172
      vertex 47.1379 0 13.1016
      vertex 47.1379 -0.95 13.1016
    endloop
  endfacet
  facet normal 0.176711 0 -0.984263
    outer loop
      vertex 47.1379 0 13.1016
      vertex 46.6678 -0.95 13.0172
      vertex 46.6678 0 13.0172
    endloop
  endfacet
  facet normal 0.326441 0 -0.945218
    outer loop
      vertex 47.1379 -0.95 13.1016
      vertex 47.5453 0 13.2423
      vertex 47.5453 -0.95 13.2423
    endloop
  endfacet
  facet normal 0.326441 0 -0.945218
    outer loop
      vertex 47.5453 0 13.2423
      vertex 47.1379 -0.95 13.1016
      vertex 47.1379 0 13.1016
    endloop
  endfacet
  facet normal 0.496302 0 -0.86815
    outer loop
      vertex 47.5453 -0.95 13.2423
      vertex 47.8899 0 13.4393
      vertex 47.8899 -0.95 13.4393
    endloop
  endfacet
  facet normal 0.496302 0 -0.86815
    outer loop
      vertex 47.8899 0 13.4393
      vertex 47.5453 -0.95 13.2423
      vertex 47.5453 0 13.2423
    endloop
  endfacet
  facet normal 0.671973 0 -0.740575
    outer loop
      vertex 47.8899 -0.95 13.4393
      vertex 48.1641 0 13.6881
      vertex 48.1641 -0.95 13.6881
    endloop
  endfacet
  facet normal 0.671973 0 -0.740575
    outer loop
      vertex 48.1641 0 13.6881
      vertex 47.8899 -0.95 13.4393
      vertex 47.8899 0 13.4393
    endloop
  endfacet
  facet normal 0.834382 0 -0.551187
    outer loop
      vertex 48.3599 -0.95 13.9845
      vertex 48.1641 0 13.6881
      vertex 48.3599 0 13.9845
    endloop
  endfacet
  facet normal 0.834382 0 -0.551187
    outer loop
      vertex 48.1641 0 13.6881
      vertex 48.3599 -0.95 13.9845
      vertex 48.1641 -0.95 13.6881
    endloop
  endfacet
  facet normal 0.946262 0 -0.323402
    outer loop
      vertex 48.4774 -0.95 14.3283
      vertex 48.3599 0 13.9845
      vertex 48.4774 0 14.3283
    endloop
  endfacet
  facet normal 0.946262 0 -0.323402
    outer loop
      vertex 48.3599 0 13.9845
      vertex 48.4774 -0.95 14.3283
      vertex 48.3599 -0.95 13.9845
    endloop
  endfacet
  facet normal 0.99502 0 -0.09968
    outer loop
      vertex 48.5166 -0.95 14.7196
      vertex 48.4774 0 14.3283
      vertex 48.5166 0 14.7196
    endloop
  endfacet
  facet normal 0.99502 0 -0.09968
    outer loop
      vertex 48.4774 0 14.3283
      vertex 48.5166 -0.95 14.7196
      vertex 48.4774 -0.95 14.3283
    endloop
  endfacet
  facet normal 0.999137 -0 0.0415289
    outer loop
      vertex 48.5098 -0.95 14.8832
      vertex 48.5166 0 14.7196
      vertex 48.5098 0 14.8832
    endloop
  endfacet
  facet normal 0.999137 0 0.0415289
    outer loop
      vertex 48.5166 0 14.7196
      vertex 48.5098 -0.95 14.8832
      vertex 48.5166 -0.95 14.7196
    endloop
  endfacet
  facet normal 0.991384 -0 0.130986
    outer loop
      vertex 48.4894 -0.95 15.0376
      vertex 48.5098 0 14.8832
      vertex 48.4894 0 15.0376
    endloop
  endfacet
  facet normal 0.991384 0 0.130986
    outer loop
      vertex 48.5098 0 14.8832
      vertex 48.4894 -0.95 15.0376
      vertex 48.5098 -0.95 14.8832
    endloop
  endfacet
  facet normal 0.973846 -0 0.227208
    outer loop
      vertex 48.4555 -0.95 15.1829
      vertex 48.4894 0 15.0376
      vertex 48.4555 0 15.1829
    endloop
  endfacet
  facet normal 0.973846 0 0.227208
    outer loop
      vertex 48.4894 0 15.0376
      vertex 48.4555 -0.95 15.1829
      vertex 48.4894 -0.95 15.0376
    endloop
  endfacet
  facet normal 0.94415 -0 0.329516
    outer loop
      vertex 48.408 -0.95 15.319
      vertex 48.4555 0 15.1829
      vertex 48.408 0 15.319
    endloop
  endfacet
  facet normal 0.94415 0 0.329516
    outer loop
      vertex 48.4555 0 15.1829
      vertex 48.408 -0.95 15.319
      vertex 48.4555 -0.95 15.1829
    endloop
  endfacet
  facet normal 0.905621 -0 0.424089
    outer loop
      vertex 48.3482 -0.95 15.4467
      vertex 48.408 0 15.319
      vertex 48.3482 0 15.4467
    endloop
  endfacet
  facet normal 0.905621 0 0.424089
    outer loop
      vertex 48.408 0 15.319
      vertex 48.3482 -0.95 15.4467
      vertex 48.408 -0.95 15.319
    endloop
  endfacet
  facet normal 0.86014 -0 0.510058
    outer loop
      vertex 48.2771 -0.95 15.5666
      vertex 48.3482 0 15.4467
      vertex 48.2771 0 15.5666
    endloop
  endfacet
  facet normal 0.86014 0 0.510058
    outer loop
      vertex 48.3482 0 15.4467
      vertex 48.2771 -0.95 15.5666
      vertex 48.3482 -0.95 15.4467
    endloop
  endfacet
  facet normal 0.806176 -0 0.591676
    outer loop
      vertex 48.1949 -0.95 15.6786
      vertex 48.2771 0 15.5666
      vertex 48.1949 0 15.6786
    endloop
  endfacet
  facet normal 0.806176 0 0.591676
    outer loop
      vertex 48.2771 0 15.5666
      vertex 48.1949 -0.95 15.6786
      vertex 48.2771 -0.95 15.5666
    endloop
  endfacet
  facet normal 0.744961 -0 0.667108
    outer loop
      vertex 48.1015 -0.95 15.7829
      vertex 48.1949 0 15.6786
      vertex 48.1015 0 15.7829
    endloop
  endfacet
  facet normal 0.744961 0 0.667108
    outer loop
      vertex 48.1949 0 15.6786
      vertex 48.1015 -0.95 15.7829
      vertex 48.1949 -0.95 15.6786
    endloop
  endfacet
  facet normal 0.672366 0 0.740219
    outer loop
      vertex 47.9935 0 15.881
      vertex 48.1015 -0.95 15.7829
      vertex 48.1015 0 15.7829
    endloop
  endfacet
  facet normal 0.672366 0 0.740219
    outer loop
      vertex 48.1015 -0.95 15.7829
      vertex 47.9935 0 15.881
      vertex 47.9935 -0.95 15.881
    endloop
  endfacet
  facet normal 0.597449 0 0.801907
    outer loop
      vertex 47.8676 0 15.9748
      vertex 47.9935 -0.95 15.881
      vertex 47.9935 0 15.881
    endloop
  endfacet
  facet normal 0.597449 0 0.801907
    outer loop
      vertex 47.9935 -0.95 15.881
      vertex 47.8676 0 15.9748
      vertex 47.8676 -0.95 15.9748
    endloop
  endfacet
  facet normal 0.527289 0 0.849686
    outer loop
      vertex 47.7237 0 16.0641
      vertex 47.8676 -0.95 15.9748
      vertex 47.8676 0 15.9748
    endloop
  endfacet
  facet normal 0.527289 0 0.849686
    outer loop
      vertex 47.8676 -0.95 15.9748
      vertex 47.7237 0 16.0641
      vertex 47.7237 -0.95 16.0641
    endloop
  endfacet
  facet normal 0.464416 0 0.885617
    outer loop
      vertex 47.5618 0 16.149
      vertex 47.7237 -0.95 16.0641
      vertex 47.7237 0 16.0641
    endloop
  endfacet
  facet normal 0.464416 0 0.885617
    outer loop
      vertex 47.7237 -0.95 16.0641
      vertex 47.5618 0 16.149
      vertex 47.5618 -0.95 16.149
    endloop
  endfacet
  facet normal 0.393303 0 0.919409
    outer loop
      vertex 47.3638 0 16.2337
      vertex 47.5618 -0.95 16.149
      vertex 47.5618 0 16.149
    endloop
  endfacet
  facet normal 0.393303 0 0.919409
    outer loop
      vertex 47.5618 -0.95 16.149
      vertex 47.3638 0 16.2337
      vertex 47.3638 -0.95 16.2337
    endloop
  endfacet
  facet normal 0.330334 0 0.943864
    outer loop
      vertex 47.1115 0 16.322
      vertex 47.3638 -0.95 16.2337
      vertex 47.3638 0 16.2337
    endloop
  endfacet
  facet normal 0.330334 0 0.943864
    outer loop
      vertex 47.3638 -0.95 16.2337
      vertex 47.1115 0 16.322
      vertex 47.1115 -0.95 16.322
    endloop
  endfacet
  facet normal 0.287491 0 0.957783
    outer loop
      vertex 46.805 0 16.414
      vertex 47.1115 -0.95 16.322
      vertex 47.1115 0 16.322
    endloop
  endfacet
  facet normal 0.287491 0 0.957783
    outer loop
      vertex 47.1115 -0.95 16.322
      vertex 46.805 0 16.414
      vertex 46.805 -0.95 16.414
    endloop
  endfacet
  facet normal 0.256629 0 0.96651
    outer loop
      vertex 46.4442 0 16.5098
      vertex 46.805 -0.95 16.414
      vertex 46.805 0 16.414
    endloop
  endfacet
  facet normal 0.256629 0 0.96651
    outer loop
      vertex 46.805 -0.95 16.414
      vertex 46.4442 0 16.5098
      vertex 46.4442 -0.95 16.5098
    endloop
  endfacet
  facet normal 0.246007 0 0.969268
    outer loop
      vertex 46.0699 0 16.6048
      vertex 46.4442 -0.95 16.5098
      vertex 46.4442 0 16.5098
    endloop
  endfacet
  facet normal 0.246007 0 0.969268
    outer loop
      vertex 46.4442 -0.95 16.5098
      vertex 46.0699 0 16.6048
      vertex 46.0699 -0.95 16.6048
    endloop
  endfacet
  facet normal 0.266793 0 0.963754
    outer loop
      vertex 45.7661 0 16.6889
      vertex 46.0699 -0.95 16.6048
      vertex 46.0699 0 16.6048
    endloop
  endfacet
  facet normal 0.266793 0 0.963754
    outer loop
      vertex 46.0699 -0.95 16.6048
      vertex 45.7661 0 16.6889
      vertex 45.7661 -0.95 16.6889
    endloop
  endfacet
  facet normal 0.299369 0 0.954137
    outer loop
      vertex 45.5328 0 16.7621
      vertex 45.7661 -0.95 16.6889
      vertex 45.7661 0 16.6889
    endloop
  endfacet
  facet normal 0.299369 0 0.954137
    outer loop
      vertex 45.7661 -0.95 16.6889
      vertex 45.5328 0 16.7621
      vertex 45.5328 -0.95 16.7621
    endloop
  endfacet
  facet normal 0.357903 0 0.933759
    outer loop
      vertex 45.37 0 16.8245
      vertex 45.5328 -0.95 16.7621
      vertex 45.5328 0 16.7621
    endloop
  endfacet
  facet normal 0.357903 0 0.933759
    outer loop
      vertex 45.5328 -0.95 16.7621
      vertex 45.37 0 16.8245
      vertex 45.37 -0.95 16.8245
    endloop
  endfacet
  facet normal 0.44811 0 0.893979
    outer loop
      vertex 45.2503 0 16.8845
      vertex 45.37 -0.95 16.8245
      vertex 45.37 0 16.8245
    endloop
  endfacet
  facet normal 0.44811 0 0.893979
    outer loop
      vertex 45.37 -0.95 16.8245
      vertex 45.2503 0 16.8845
      vertex 45.2503 -0.95 16.8845
    endloop
  endfacet
  facet normal 0.536036 0 0.844195
    outer loop
      vertex 45.1462 0 16.9506
      vertex 45.2503 -0.95 16.8845
      vertex 45.2503 0 16.8845
    endloop
  endfacet
  facet normal 0.536036 0 0.844195
    outer loop
      vertex 45.2503 -0.95 16.8845
      vertex 45.1462 0 16.9506
      vertex 45.1462 -0.95 16.9506
    endloop
  endfacet
  facet normal 0.632141 0 0.774854
    outer loop
      vertex 45.0577 0 17.0228
      vertex 45.1462 -0.95 16.9506
      vertex 45.1462 0 16.9506
    endloop
  endfacet
  facet normal 0.632141 0 0.774854
    outer loop
      vertex 45.1462 -0.95 16.9506
      vertex 45.0577 0 17.0228
      vertex 45.0577 -0.95 17.0228
    endloop
  endfacet
  facet normal 0.731894 -0 0.681419
    outer loop
      vertex 44.9848 -0.95 17.1011
      vertex 45.0577 0 17.0228
      vertex 44.9848 0 17.1011
    endloop
  endfacet
  facet normal 0.731894 0 0.681419
    outer loop
      vertex 45.0577 0 17.0228
      vertex 44.9848 -0.95 17.1011
      vertex 45.0577 -0.95 17.0228
    endloop
  endfacet
  facet normal 0.836324 -0 0.548235
    outer loop
      vertex 44.9279 -0.95 17.1879
      vertex 44.9848 0 17.1011
      vertex 44.9279 0 17.1879
    endloop
  endfacet
  facet normal 0.836324 0 0.548235
    outer loop
      vertex 44.9848 0 17.1011
      vertex 44.9279 -0.95 17.1879
      vertex 44.9848 -0.95 17.1011
    endloop
  endfacet
  facet normal 0.923105 -0 0.384548
    outer loop
      vertex 44.8872 -0.95 17.2856
      vertex 44.9279 0 17.1879
      vertex 44.8872 0 17.2856
    endloop
  endfacet
  facet normal 0.923105 0 0.384548
    outer loop
      vertex 44.9279 0 17.1879
      vertex 44.8872 -0.95 17.2856
      vertex 44.9279 -0.95 17.1879
    endloop
  endfacet
  facet normal 0.975634 -0 0.219405
    outer loop
      vertex 44.8628 -0.95 17.3941
      vertex 44.8872 0 17.2856
      vertex 44.8628 0 17.3941
    endloop
  endfacet
  facet normal 0.975634 0 0.219405
    outer loop
      vertex 44.8872 0 17.2856
      vertex 44.8628 -0.95 17.3941
      vertex 44.8872 -0.95 17.2856
    endloop
  endfacet
  facet normal 0.997703 -0 0.0677401
    outer loop
      vertex 44.8547 -0.95 17.5134
      vertex 44.8628 0 17.3941
      vertex 44.8547 0 17.5134
    endloop
  endfacet
  facet normal 0.997703 0 0.0677401
    outer loop
      vertex 44.8628 0 17.3941
      vertex 44.8547 -0.95 17.5134
      vertex 44.8628 -0.95 17.3941
    endloop
  endfacet
  facet normal 0.994754 0 -0.102294
    outer loop
      vertex 44.8743 -0.95 17.704
      vertex 44.8547 0 17.5134
      vertex 44.8743 0 17.704
    endloop
  endfacet
  facet normal 0.994754 0 -0.102294
    outer loop
      vertex 44.8547 0 17.5134
      vertex 44.8743 -0.95 17.704
      vertex 44.8547 -0.95 17.5134
    endloop
  endfacet
  facet normal 0.941483 0 -0.33706
    outer loop
      vertex 44.9333 -0.95 17.8688
      vertex 44.8743 0 17.704
      vertex 44.9333 0 17.8688
    endloop
  endfacet
  facet normal 0.941483 0 -0.33706
    outer loop
      vertex 44.8743 0 17.704
      vertex 44.9333 -0.95 17.8688
      vertex 44.8743 -0.95 17.704
    endloop
  endfacet
  facet normal 0.816463 0 -0.577398
    outer loop
      vertex 45.0316 -0.95 18.0078
      vertex 44.9333 0 17.8688
      vertex 45.0316 0 18.0078
    endloop
  endfacet
  facet normal 0.816463 0 -0.577398
    outer loop
      vertex 44.9333 0 17.8688
      vertex 45.0316 -0.95 18.0078
      vertex 44.9333 -0.95 17.8688
    endloop
  endfacet
  facet normal 0.635038 0 -0.772481
    outer loop
      vertex 45.0316 -0.95 18.0078
      vertex 45.1693 0 18.121
      vertex 45.1693 -0.95 18.121
    endloop
  endfacet
  facet normal 0.635038 0 -0.772481
    outer loop
      vertex 45.1693 0 18.121
      vertex 45.0316 -0.95 18.0078
      vertex 45.0316 0 18.0078
    endloop
  endfacet
  facet normal 0.440379 0 -0.897812
    outer loop
      vertex 45.1693 -0.95 18.121
      vertex 45.3483 0 18.2088
      vertex 45.3483 -0.95 18.2088
    endloop
  endfacet
  facet normal 0.440379 0 -0.897812
    outer loop
      vertex 45.3483 0 18.2088
      vertex 45.1693 -0.95 18.121
      vertex 45.1693 0 18.121
    endloop
  endfacet
  facet normal 0.271635 0 -0.9624
    outer loop
      vertex 45.3483 -0.95 18.2088
      vertex 45.5708 0 18.2716
      vertex 45.5708 -0.95 18.2716
    endloop
  endfacet
  facet normal 0.271635 0 -0.9624
    outer loop
      vertex 45.5708 0 18.2716
      vertex 45.3483 -0.95 18.2088
      vertex 45.3483 0 18.2088
    endloop
  endfacet
  facet normal 0.140065 0 -0.990142
    outer loop
      vertex 45.5708 -0.95 18.2716
      vertex 45.8366 0 18.3092
      vertex 45.8366 -0.95 18.3092
    endloop
  endfacet
  facet normal 0.140065 0 -0.990142
    outer loop
      vertex 45.8366 0 18.3092
      vertex 45.5708 -0.95 18.2716
      vertex 45.5708 0 18.2716
    endloop
  endfacet
  facet normal 0.0403939 0 -0.999184
    outer loop
      vertex 45.8366 -0.95 18.3092
      vertex 46.1458 0 18.3217
      vertex 46.1458 -0.95 18.3217
    endloop
  endfacet
  facet normal 0.0403939 0 -0.999184
    outer loop
      vertex 46.1458 0 18.3217
      vertex 45.8366 -0.95 18.3092
      vertex 45.8366 0 18.3092
    endloop
  endfacet
  facet normal -0.0458395 0 -0.998949
    outer loop
      vertex 46.1458 -0.95 18.3217
      vertex 46.4291 0 18.3087
      vertex 46.4291 -0.95 18.3087
    endloop
  endfacet
  facet normal -0.0458395 0 -0.998949
    outer loop
      vertex 46.4291 0 18.3087
      vertex 46.1458 -0.95 18.3217
      vertex 46.1458 0 18.3217
    endloop
  endfacet
  facet normal -0.153055 0 -0.988218
    outer loop
      vertex 46.4291 -0.95 18.3087
      vertex 46.6822 0 18.2695
      vertex 46.6822 -0.95 18.2695
    endloop
  endfacet
  facet normal -0.153055 0 -0.988218
    outer loop
      vertex 46.6822 0 18.2695
      vertex 46.4291 -0.95 18.3087
      vertex 46.4291 0 18.3087
    endloop
  endfacet
  facet normal -0.281024 0 -0.959701
    outer loop
      vertex 46.6822 -0.95 18.2695
      vertex 46.9052 0 18.2042
      vertex 46.9052 -0.95 18.2042
    endloop
  endfacet
  facet normal -0.281024 0 -0.959701
    outer loop
      vertex 46.9052 0 18.2042
      vertex 46.6822 -0.95 18.2695
      vertex 46.6822 0 18.2695
    endloop
  endfacet
  facet normal -0.42855 0 -0.903518
    outer loop
      vertex 46.9052 -0.95 18.2042
      vertex 47.0979 0 18.1128
      vertex 47.0979 -0.95 18.1128
    endloop
  endfacet
  facet normal -0.42855 0 -0.903518
    outer loop
      vertex 47.0979 0 18.1128
      vertex 46.9052 -0.95 18.2042
      vertex 46.9052 0 18.2042
    endloop
  endfacet
  facet normal -0.584531 0 -0.811371
    outer loop
      vertex 47.0979 -0.95 18.1128
      vertex 47.2585 0 17.9971
      vertex 47.2585 -0.95 17.9971
    endloop
  endfacet
  facet normal -0.584531 0 -0.811371
    outer loop
      vertex 47.2585 0 17.9971
      vertex 47.0979 -0.95 18.1128
      vertex 47.0979 0 18.1128
    endloop
  endfacet
  facet normal -0.738901 0 -0.673814
    outer loop
      vertex 47.3848 -0.95 17.8586
      vertex 47.2585 0 17.9971
      vertex 47.3848 0 17.8586
    endloop
  endfacet
  facet normal -0.738901 -0 -0.673814
    outer loop
      vertex 47.2585 0 17.9971
      vertex 47.3848 -0.95 17.8586
      vertex 47.2585 -0.95 17.9971
    endloop
  endfacet
  facet normal -0.868508 0 -0.495675
    outer loop
      vertex 47.4768 -0.95 17.6974
      vertex 47.3848 0 17.8586
      vertex 47.4768 0 17.6974
    endloop
  endfacet
  facet normal -0.868508 -0 -0.495675
    outer loop
      vertex 47.3848 0 17.8586
      vertex 47.4768 -0.95 17.6974
      vertex 47.3848 -0.95 17.8586
    endloop
  endfacet
  facet normal -0.954036 0 -0.299692
    outer loop
      vertex 47.5346 -0.95 17.5134
      vertex 47.4768 0 17.6974
      vertex 47.5346 0 17.5134
    endloop
  endfacet
  facet normal -0.954036 -0 -0.299692
    outer loop
      vertex 47.4768 0 17.6974
      vertex 47.5346 -0.95 17.5134
      vertex 47.4768 -0.95 17.6974
    endloop
  endfacet
  facet normal 0.122631 0 -0.992452
    outer loop
      vertex 47.5346 -0.95 17.5134
      vertex 48.4135 0 17.622
      vertex 48.4135 -0.95 17.622
    endloop
  endfacet
  facet normal 0.122631 0 -0.992452
    outer loop
      vertex 48.4135 0 17.622
      vertex 47.5346 -0.95 17.5134
      vertex 47.5346 0 17.5134
    endloop
  endfacet
  facet normal 0.960098 -0 0.279664
    outer loop
      vertex 48.3112 -0.95 17.9732
      vertex 48.4135 0 17.622
      vertex 48.3112 0 17.9732
    endloop
  endfacet
  facet normal 0.960098 0 0.279664
    outer loop
      vertex 48.4135 0 17.622
      vertex 48.3112 -0.95 17.9732
      vertex 48.4135 -0.95 17.622
    endloop
  endfacet
  facet normal 0.888664 -0 0.45856
    outer loop
      vertex 48.1565 -0.95 18.273
      vertex 48.3112 0 17.9732
      vertex 48.1565 0 18.273
    endloop
  endfacet
  facet normal 0.888664 0 0.45856
    outer loop
      vertex 48.3112 0 17.9732
      vertex 48.1565 -0.95 18.273
      vertex 48.3112 -0.95 17.9732
    endloop
  endfacet
  facet normal 0.767359 -0 0.641218
    outer loop
      vertex 47.9491 -0.95 18.5212
      vertex 48.1565 0 18.273
      vertex 47.9491 0 18.5212
    endloop
  endfacet
  facet normal 0.767359 0 0.641218
    outer loop
      vertex 48.1565 0 18.273
      vertex 47.9491 -0.95 18.5212
      vertex 48.1565 -0.95 18.273
    endloop
  endfacet
  facet normal 0.603284 0 0.797526
    outer loop
      vertex 47.6892 0 18.7178
      vertex 47.9491 -0.95 18.5212
      vertex 47.9491 0 18.5212
    endloop
  endfacet
  facet normal 0.603284 0 0.797526
    outer loop
      vertex 47.9491 -0.95 18.5212
      vertex 47.6892 0 18.7178
      vertex 47.6892 -0.95 18.7178
    endloop
  endfacet
  facet normal 0.433136 0 0.901329
    outer loop
      vertex 47.3781 0 18.8673
      vertex 47.6892 -0.95 18.7178
      vertex 47.6892 0 18.7178
    endloop
  endfacet
  facet normal 0.433136 0 0.901329
    outer loop
      vertex 47.6892 -0.95 18.7178
      vertex 47.3781 0 18.8673
      vertex 47.3781 -0.95 18.8673
    endloop
  endfacet
  facet normal 0.283763 0 0.958895
    outer loop
      vertex 47.0172 0 18.9741
      vertex 47.3781 -0.95 18.8673
      vertex 47.3781 0 18.8673
    endloop
  endfacet
  facet normal 0.283763 0 0.958895
    outer loop
      vertex 47.3781 -0.95 18.8673
      vertex 47.0172 0 18.9741
      vertex 47.0172 -0.95 18.9741
    endloop
  endfacet
  facet normal 0.154171 0 0.988044
    outer loop
      vertex 46.6064 0 19.0382
      vertex 47.0172 -0.95 18.9741
      vertex 47.0172 0 18.9741
    endloop
  endfacet
  facet normal 0.154171 0 0.988044
    outer loop
      vertex 47.0172 -0.95 18.9741
      vertex 46.6064 0 19.0382
      vertex 46.6064 -0.95 19.0382
    endloop
  endfacet
  facet normal 0.0464111 0 0.998922
    outer loop
      vertex 46.1458 0 19.0596
      vertex 46.6064 -0.95 19.0382
      vertex 46.6064 0 19.0382
    endloop
  endfacet
  facet normal 0.0464111 0 0.998922
    outer loop
      vertex 46.6064 -0.95 19.0382
      vertex 46.1458 0 19.0596
      vertex 46.1458 -0.95 19.0596
    endloop
  endfacet
  facet normal -0.0509818 0 0.9987
    outer loop
      vertex 45.6306 0 19.0333
      vertex 46.1458 -0.95 19.0596
      vertex 46.1458 0 19.0596
    endloop
  endfacet
  facet normal -0.0509818 0 0.9987
    outer loop
      vertex 46.1458 -0.95 19.0596
      vertex 45.6306 0 19.0333
      vertex 45.6306 -0.95 19.0333
    endloop
  endfacet
  facet normal -0.172811 0 0.984955
    outer loop
      vertex 45.1809 0 18.9544
      vertex 45.6306 -0.95 19.0333
      vertex 45.6306 0 19.0333
    endloop
  endfacet
  facet normal -0.172811 0 0.984955
    outer loop
      vertex 45.6306 -0.95 19.0333
      vertex 45.1809 0 18.9544
      vertex 45.1809 -0.95 18.9544
    endloop
  endfacet
  facet normal -0.323235 0 0.946319
    outer loop
      vertex 44.7965 0 18.8231
      vertex 45.1809 -0.95 18.9544
      vertex 45.1809 0 18.9544
    endloop
  endfacet
  facet normal -0.323235 0 0.946319
    outer loop
      vertex 45.1809 -0.95 18.9544
      vertex 44.7965 0 18.8231
      vertex 44.7965 -0.95 18.8231
    endloop
  endfacet
  facet normal -0.499762 0 0.866163
    outer loop
      vertex 44.4776 0 18.6391
      vertex 44.7965 -0.95 18.8231
      vertex 44.7965 0 18.8231
    endloop
  endfacet
  facet normal -0.499762 0 0.866163
    outer loop
      vertex 44.7965 -0.95 18.8231
      vertex 44.4776 0 18.6391
      vertex 44.4776 -0.95 18.6391
    endloop
  endfacet
  facet normal -0.682931 0 0.730483
    outer loop
      vertex 44.2272 0 18.405
      vertex 44.4776 -0.95 18.6391
      vertex 44.4776 0 18.6391
    endloop
  endfacet
  facet normal -0.682931 0 0.730483
    outer loop
      vertex 44.4776 -0.95 18.6391
      vertex 44.2272 0 18.405
      vertex 44.2272 -0.95 18.405
    endloop
  endfacet
  facet normal -0.844462 0 0.535615
    outer loop
      vertex 44.0484 -0.95 18.1231
      vertex 44.2272 0 18.405
      vertex 44.0484 0 18.1231
    endloop
  endfacet
  facet normal -0.844462 0 0.535615
    outer loop
      vertex 44.2272 0 18.405
      vertex 44.0484 -0.95 18.1231
      vertex 44.2272 -0.95 18.405
    endloop
  endfacet
  facet normal -0.950937 0 0.309386
    outer loop
      vertex 43.9411 -0.95 17.7933
      vertex 44.0484 0 18.1231
      vertex 43.9411 0 17.7933
    endloop
  endfacet
  facet normal -0.950937 0 0.309386
    outer loop
      vertex 44.0484 0 18.1231
      vertex 43.9411 -0.95 17.7933
      vertex 44.0484 -0.95 18.1231
    endloop
  endfacet
  facet normal -0.995533 0 0.0944108
    outer loop
      vertex 43.9053 -0.95 17.4158
      vertex 43.9411 0 17.7933
      vertex 43.9053 0 17.4158
    endloop
  endfacet
  facet normal -0.995533 0 0.0944108
    outer loop
      vertex 43.9411 0 17.7933
      vertex 43.9053 -0.95 17.4158
      vertex 43.9411 -0.95 17.7933
    endloop
  endfacet
  facet normal -0.998208 0 -0.0598446
    outer loop
      vertex 43.9178 -0.95 17.2073
      vertex 43.9053 0 17.4158
      vertex 43.9178 0 17.2073
    endloop
  endfacet
  facet normal -0.998208 -0 -0.0598446
    outer loop
      vertex 43.9053 0 17.4158
      vertex 43.9178 -0.95 17.2073
      vertex 43.9053 -0.95 17.4158
    endloop
  endfacet
  facet normal -0.981187 0 -0.193062
    outer loop
      vertex 43.9555 -0.95 17.0157
      vertex 43.9178 0 17.2073
      vertex 43.9555 0 17.0157
    endloop
  endfacet
  facet normal -0.981187 -0 -0.193062
    outer loop
      vertex 43.9178 0 17.2073
      vertex 43.9555 -0.95 17.0157
      vertex 43.9178 -0.95 17.2073
    endloop
  endfacet
  facet normal -0.941155 0 -0.337975
    outer loop
      vertex 44.0182 -0.95 16.8411
      vertex 43.9555 0 17.0157
      vertex 44.0182 0 16.8411
    endloop
  endfacet
  facet normal -0.941155 -0 -0.337975
    outer loop
      vertex 43.9555 0 17.0157
      vertex 44.0182 -0.95 16.8411
      vertex 43.9555 -0.95 17.0157
    endloop
  endfacet
  facet normal -0.873713 0 -0.486442
    outer loop
      vertex 44.106 -0.95 16.6834
      vertex 44.0182 0 16.8411
      vertex 44.106 0 16.6834
    endloop
  endfacet
  facet normal -0.873713 -0 -0.486442
    outer loop
      vertex 44.0182 0 16.8411
      vertex 44.106 -0.95 16.6834
      vertex 44.0182 -0.95 16.8411
    endloop
  endfacet
  facet normal -0.793855 0 -0.608107
    outer loop
      vertex 44.216 -0.95 16.5398
      vertex 44.106 0 16.6834
      vertex 44.216 0 16.5398
    endloop
  endfacet
  facet normal -0.793855 -0 -0.608107
    outer loop
      vertex 44.106 0 16.6834
      vertex 44.216 -0.95 16.5398
      vertex 44.106 -0.95 16.6834
    endloop
  endfacet
  facet normal -0.715163 0 -0.698958
    outer loop
      vertex 44.3454 -0.95 16.4074
      vertex 44.216 0 16.5398
      vertex 44.3454 0 16.4074
    endloop
  endfacet
  facet normal -0.715163 -0 -0.698958
    outer loop
      vertex 44.216 0 16.5398
      vertex 44.3454 -0.95 16.4074
      vertex 44.216 -0.95 16.5398
    endloop
  endfacet
  facet normal -0.631789 0 -0.77514
    outer loop
      vertex 44.3454 -0.95 16.4074
      vertex 44.4941 0 16.2862
      vertex 44.4941 -0.95 16.2862
    endloop
  endfacet
  facet normal -0.631789 0 -0.77514
    outer loop
      vertex 44.4941 0 16.2862
      vertex 44.3454 -0.95 16.4074
      vertex 44.3454 0 16.4074
    endloop
  endfacet
  facet normal -0.548134 0 -0.83639
    outer loop
      vertex 44.4941 -0.95 16.2862
      vertex 44.6621 0 16.1761
      vertex 44.6621 -0.95 16.1761
    endloop
  endfacet
  facet normal -0.548134 0 -0.83639
    outer loop
      vertex 44.6621 0 16.1761
      vertex 44.4941 -0.95 16.2862
      vertex 44.4941 0 16.2862
    endloop
  endfacet
  facet normal -0.450302 0 -0.892876
    outer loop
      vertex 44.6621 -0.95 16.1761
      vertex 44.8701 0 16.0712
      vertex 44.8701 -0.95 16.0712
    endloop
  endfacet
  facet normal -0.450302 0 -0.892876
    outer loop
      vertex 44.8701 0 16.0712
      vertex 44.6621 -0.95 16.1761
      vertex 44.6621 0 16.1761
    endloop
  endfacet
  facet normal -0.36667 0 -0.930351
    outer loop
      vertex 44.8701 -0.95 16.0712
      vertex 45.1388 0 15.9653
      vertex 45.1388 -0.95 15.9653
    endloop
  endfacet
  facet normal -0.36667 0 -0.930351
    outer loop
      vertex 45.1388 0 15.9653
      vertex 44.8701 -0.95 16.0712
      vertex 44.8701 0 16.0712
    endloop
  endfacet
  facet normal -0.308942 0 -0.951081
    outer loop
      vertex 45.1388 -0.95 15.9653
      vertex 45.4682 0 15.8583
      vertex 45.4682 -0.95 15.8583
    endloop
  endfacet
  facet normal -0.308942 0 -0.951081
    outer loop
      vertex 45.4682 0 15.8583
      vertex 45.1388 -0.95 15.9653
      vertex 45.1388 0 15.9653
    endloop
  endfacet
  facet normal -0.266816 0 -0.963748
    outer loop
      vertex 45.4682 -0.95 15.8583
      vertex 45.8583 0 15.7503
      vertex 45.8583 -0.95 15.7503
    endloop
  endfacet
  facet normal -0.266816 0 -0.963748
    outer loop
      vertex 45.8583 0 15.7503
      vertex 45.4682 -0.95 15.8583
      vertex 45.4682 0 15.8583
    endloop
  endfacet
  facet normal -0.254772 0 -0.967001
    outer loop
      vertex 45.8583 -0.95 15.7503
      vertex 46.5582 0 15.5659
      vertex 46.5582 -0.95 15.5659
    endloop
  endfacet
  facet normal -0.254772 0 -0.967001
    outer loop
      vertex 46.5582 0 15.5659
      vertex 45.8583 -0.95 15.7503
      vertex 45.8583 0 15.7503
    endloop
  endfacet
  facet normal -0.291069 0 -0.956702
    outer loop
      vertex 46.5582 -0.95 15.5659
      vertex 46.8057 0 15.4906
      vertex 46.8057 -0.95 15.4906
    endloop
  endfacet
  facet normal -0.291069 0 -0.956702
    outer loop
      vertex 46.8057 0 15.4906
      vertex 46.5582 -0.95 15.5659
      vertex 46.5582 0 15.5659
    endloop
  endfacet
  facet normal -0.372832 0 -0.927899
    outer loop
      vertex 46.8057 -0.95 15.4906
      vertex 47.0165 0 15.4059
      vertex 47.0165 -0.95 15.4059
    endloop
  endfacet
  facet normal -0.372832 0 -0.927899
    outer loop
      vertex 47.0165 0 15.4059
      vertex 46.8057 -0.95 15.4906
      vertex 46.8057 0 15.4906
    endloop
  endfacet
  facet normal -0.475844 0 -0.87953
    outer loop
      vertex 47.0165 -0.95 15.4059
      vertex 47.1908 0 15.3116
      vertex 47.1908 -0.95 15.3116
    endloop
  endfacet
  facet normal -0.475844 0 -0.87953
    outer loop
      vertex 47.1908 0 15.3116
      vertex 47.0165 -0.95 15.4059
      vertex 47.0165 0 15.4059
    endloop
  endfacet
  facet normal -0.601947 0 -0.798536
    outer loop
      vertex 47.1908 -0.95 15.3116
      vertex 47.3285 0 15.2078
      vertex 47.3285 -0.95 15.2078
    endloop
  endfacet
  facet normal -0.601947 0 -0.798536
    outer loop
      vertex 47.3285 0 15.2078
      vertex 47.1908 -0.95 15.3116
      vertex 47.1908 0 15.3116
    endloop
  endfacet
  facet normal -0.745007 0 -0.667056
    outer loop
      vertex 47.4329 -0.95 15.0912
      vertex 47.3285 0 15.2078
      vertex 47.4329 0 15.0912
    endloop
  endfacet
  facet normal -0.745007 -0 -0.667056
    outer loop
      vertex 47.3285 0 15.2078
      vertex 47.4329 -0.95 15.0912
      vertex 47.3285 -0.95 15.2078
    endloop
  endfacet
  facet normal -0.872013 0 -0.489482
    outer loop
      vertex 47.5075 -0.95 14.9583
      vertex 47.4329 0 15.0912
      vertex 47.5075 0 14.9583
    endloop
  endfacet
  facet normal -0.872013 -0 -0.489482
    outer loop
      vertex 47.4329 0 15.0912
      vertex 47.5075 -0.95 14.9583
      vertex 47.4329 -0.95 15.0912
    endloop
  endfacet
  facet normal -0.957756 0 -0.287583
    outer loop
      vertex 47.5523 -0.95 14.8091
      vertex 47.5075 0 14.9583
      vertex 47.5523 0 14.8091
    endloop
  endfacet
  facet normal -0.957756 -0 -0.287583
    outer loop
      vertex 47.5075 0 14.9583
      vertex 47.5523 -0.95 14.8091
      vertex 47.5075 -0.95 14.9583
    endloop
  endfacet
  facet normal -0.995967 0 -0.0897213
    outer loop
      vertex 47.5672 -0.95 14.6437
      vertex 47.5523 0 14.8091
      vertex 47.5672 0 14.6437
    endloop
  endfacet
  facet normal -0.995967 -0 -0.0897213
    outer loop
      vertex 47.5523 0 14.8091
      vertex 47.5672 -0.95 14.6437
      vertex 47.5523 -0.95 14.8091
    endloop
  endfacet
  facet normal -0.994977 0 0.100103
    outer loop
      vertex 47.5457 -0.95 14.43
      vertex 47.5672 0 14.6437
      vertex 47.5457 0 14.43
    endloop
  endfacet
  facet normal -0.994977 0 0.100103
    outer loop
      vertex 47.5672 0 14.6437
      vertex 47.5457 -0.95 14.43
      vertex 47.5672 -0.95 14.6437
    endloop
  endfacet
  facet normal -0.944152 0 0.32951
    outer loop
      vertex 47.4811 -0.95 14.2449
      vertex 47.5457 0 14.43
      vertex 47.4811 0 14.2449
    endloop
  endfacet
  facet normal -0.944152 0 0.32951
    outer loop
      vertex 47.5457 0 14.43
      vertex 47.4811 -0.95 14.2449
      vertex 47.5457 -0.95 14.43
    endloop
  endfacet
  facet normal -0.824119 0 0.566417
    outer loop
      vertex 47.3734 -0.95 14.0882
      vertex 47.4811 0 14.2449
      vertex 47.3734 0 14.0882
    endloop
  endfacet
  facet normal -0.824119 0 0.566417
    outer loop
      vertex 47.4811 0 14.2449
      vertex 47.3734 -0.95 14.0882
      vertex 47.4811 -0.95 14.2449
    endloop
  endfacet
  facet normal -0.647663 0 0.761927
    outer loop
      vertex 47.2227 0 13.9601
      vertex 47.3734 -0.95 14.0882
      vertex 47.3734 0 14.0882
    endloop
  endfacet
  facet normal -0.647663 0 0.761927
    outer loop
      vertex 47.3734 -0.95 14.0882
      vertex 47.2227 0 13.9601
      vertex 47.2227 -0.95 13.9601
    endloop
  endfacet
  facet normal -0.451374 0 0.892335
    outer loop
      vertex 47.0256 0 13.8604
      vertex 47.2227 -0.95 13.9601
      vertex 47.2227 0 13.9601
    endloop
  endfacet
  facet normal -0.451374 0 0.892335
    outer loop
      vertex 47.2227 -0.95 13.9601
      vertex 47.0256 0 13.8604
      vertex 47.0256 -0.95 13.8604
    endloop
  endfacet
  facet normal -0.276878 0 0.960905
    outer loop
      vertex 46.7785 0 13.7892
      vertex 47.0256 -0.95 13.8604
      vertex 47.0256 0 13.8604
    endloop
  endfacet
  facet normal -0.276878 0 0.960905
    outer loop
      vertex 47.0256 -0.95 13.8604
      vertex 46.7785 0 13.7892
      vertex 46.7785 -0.95 13.7892
    endloop
  endfacet
  facet normal -0.142402 0 0.989809
    outer loop
      vertex 46.4817 0 13.7465
      vertex 46.7785 -0.95 13.7892
      vertex 46.7785 0 13.7892
    endloop
  endfacet
  facet normal -0.142402 0 0.989809
    outer loop
      vertex 46.7785 -0.95 13.7892
      vertex 46.4817 0 13.7465
      vertex 46.4817 -0.95 13.7465
    endloop
  endfacet
  facet normal -0.041211 0 0.99915
    outer loop
      vertex 46.135 0 13.7322
      vertex 46.4817 -0.95 13.7465
      vertex 46.4817 0 13.7465
    endloop
  endfacet
  facet normal -0.041211 0 0.99915
    outer loop
      vertex 46.4817 -0.95 13.7465
      vertex 46.135 0 13.7322
      vertex 46.135 -0.95 13.7322
    endloop
  endfacet
  facet normal 0.0416938 0 0.99913
    outer loop
      vertex 45.8067 0 13.7459
      vertex 46.135 -0.95 13.7322
      vertex 46.135 0 13.7322
    endloop
  endfacet
  facet normal 0.0416938 0 0.99913
    outer loop
      vertex 46.135 -0.95 13.7322
      vertex 45.8067 0 13.7459
      vertex 45.8067 -0.95 13.7459
    endloop
  endfacet
  facet normal 0.140562 0 0.990072
    outer loop
      vertex 45.5165 0 13.7871
      vertex 45.8067 -0.95 13.7459
      vertex 45.8067 0 13.7459
    endloop
  endfacet
  facet normal 0.140562 0 0.990072
    outer loop
      vertex 45.8067 -0.95 13.7459
      vertex 45.5165 0 13.7871
      vertex 45.5165 -0.95 13.7871
    endloop
  endfacet
  facet normal 0.262729 0 0.96487
    outer loop
      vertex 45.2642 0 13.8558
      vertex 45.5165 -0.95 13.7871
      vertex 45.5165 0 13.7871
    endloop
  endfacet
  facet normal 0.262729 0 0.96487
    outer loop
      vertex 45.5165 -0.95 13.7871
      vertex 45.2642 0 13.8558
      vertex 45.2642 -0.95 13.8558
    endloop
  endfacet
  facet normal 0.409178 0 0.912455
    outer loop
      vertex 45.0499 0 13.9519
      vertex 45.2642 -0.95 13.8558
      vertex 45.2642 0 13.8558
    endloop
  endfacet
  facet normal 0.409178 0 0.912455
    outer loop
      vertex 45.2642 -0.95 13.8558
      vertex 45.0499 0 13.9519
      vertex 45.0499 -0.95 13.9519
    endloop
  endfacet
  facet normal 0.57555 0 0.817767
    outer loop
      vertex 44.8713 0 14.0776
      vertex 45.0499 -0.95 13.9519
      vertex 45.0499 0 13.9519
    endloop
  endfacet
  facet normal 0.57555 0 0.817767
    outer loop
      vertex 45.0499 -0.95 13.9519
      vertex 44.8713 0 14.0776
      vertex 44.8713 -0.95 14.0776
    endloop
  endfacet
  facet normal 0.733674 -0 0.679501
    outer loop
      vertex 44.7258 -0.95 14.2347
      vertex 44.8713 0 14.0776
      vertex 44.7258 0 14.2347
    endloop
  endfacet
  facet normal 0.733674 0 0.679501
    outer loop
      vertex 44.8713 0 14.0776
      vertex 44.7258 -0.95 14.2347
      vertex 44.8713 -0.95 14.0776
    endloop
  endfacet
  facet normal 0.859536 -0 0.511075
    outer loop
      vertex 44.6136 -0.95 14.4234
      vertex 44.7258 0 14.2347
      vertex 44.6136 0 14.4234
    endloop
  endfacet
  facet normal 0.859536 0 0.511075
    outer loop
      vertex 44.7258 0 14.2347
      vertex 44.6136 -0.95 14.4234
      vertex 44.7258 -0.95 14.2347
    endloop
  endfacet
  facet normal 0.941442 -0 0.337175
    outer loop
      vertex 44.5347 -0.95 14.6437
      vertex 44.6136 0 14.4234
      vertex 44.5347 0 14.6437
    endloop
  endfacet
  facet normal 0.941442 0 0.337175
    outer loop
      vertex 44.6136 0 14.4234
      vertex 44.5347 -0.95 14.6437
      vertex 44.6136 -0.95 14.4234
    endloop
  endfacet
  facet normal -0.191476 0 0.981497
    outer loop
      vertex 43.672 0 14.4754
      vertex 44.5347 -0.95 14.6437
      vertex 44.5347 0 14.6437
    endloop
  endfacet
  facet normal -0.191476 0 0.981497
    outer loop
      vertex 44.5347 -0.95 14.6437
      vertex 43.672 0 14.4754
      vertex 43.672 -0.95 14.4754
    endloop
  endfacet
  facet normal -0.951495 0 -0.307664
    outer loop
      vertex 43.7875 -0.95 14.1182
      vertex 43.672 0 14.4754
      vertex 43.7875 0 14.1182
    endloop
  endfacet
  facet normal -0.951495 -0 -0.307664
    outer loop
      vertex 43.672 0 14.4754
      vertex 43.7875 -0.95 14.1182
      vertex 43.672 -0.95 14.4754
    endloop
  endfacet
  facet normal -0.877819 0 -0.478993
    outer loop
      vertex 43.9548 -0.95 13.8116
      vertex 43.7875 0 14.1182
      vertex 43.9548 0 13.8116
    endloop
  endfacet
  facet normal -0.877819 -0 -0.478993
    outer loop
      vertex 43.7875 0 14.1182
      vertex 43.9548 -0.95 13.8116
      vertex 43.7875 -0.95 14.1182
    endloop
  endfacet
  facet normal -0.759842 0 -0.650107
    outer loop
      vertex 44.174 -0.95 13.5554
      vertex 43.9548 0 13.8116
      vertex 44.174 0 13.5554
    endloop
  endfacet
  facet normal -0.759842 -0 -0.650107
    outer loop
      vertex 43.9548 0 13.8116
      vertex 44.174 -0.95 13.5554
      vertex 43.9548 -0.95 13.8116
    endloop
  endfacet
  facet normal -0.604457 0 -0.796638
    outer loop
      vertex 44.174 -0.95 13.5554
      vertex 44.4451 0 13.3497
      vertex 44.4451 -0.95 13.3497
    endloop
  endfacet
  facet normal -0.604457 0 -0.796638
    outer loop
      vertex 44.4451 0 13.3497
      vertex 44.174 -0.95 13.5554
      vertex 44.174 0 13.5554
    endloop
  endfacet
  facet normal -0.433106 0 -0.901343
    outer loop
      vertex 44.4451 -0.95 13.3497
      vertex 44.7735 0 13.1919
      vertex 44.7735 -0.95 13.1919
    endloop
  endfacet
  facet normal -0.433106 0 -0.901343
    outer loop
      vertex 44.7735 0 13.1919
      vertex 44.4451 -0.95 13.3497
      vertex 44.4451 0 13.3497
    endloop
  endfacet
  facet normal -0.276895 0 -0.9609
    outer loop
      vertex 44.7735 -0.95 13.1919
      vertex 45.1646 0 13.0792
      vertex 45.1646 -0.95 13.0792
    endloop
  endfacet
  facet normal -0.276895 0 -0.9609
    outer loop
      vertex 45.1646 0 13.0792
      vertex 44.7735 -0.95 13.1919
      vertex 44.7735 0 13.1919
    endloop
  endfacet
  facet normal -0.147339 0 -0.989086
    outer loop
      vertex 45.1646 -0.95 13.0792
      vertex 45.6184 0 13.0116
      vertex 45.6184 -0.95 13.0116
    endloop
  endfacet
  facet normal -0.147339 0 -0.989086
    outer loop
      vertex 45.6184 0 13.0116
      vertex 45.1646 -0.95 13.0792
      vertex 45.1646 0 13.0792
    endloop
  endfacet
  facet normal -0.0437058 0 -0.999044
    outer loop
      vertex 45.6184 -0.95 13.0116
      vertex 46.135 0 12.989
      vertex 46.135 -0.95 12.989
    endloop
  endfacet
  facet normal -0.0437058 0 -0.999044
    outer loop
      vertex 46.135 0 12.989
      vertex 45.6184 -0.95 13.0116
      vertex 45.6184 0 13.0116
    endloop
  endfacet
  facet normal 0.0528539 0 -0.998602
    outer loop
      vertex 46.135 -0.95 12.989
      vertex 46.6678 0 13.0172
      vertex 46.6678 -0.95 13.0172
    endloop
  endfacet
  facet normal 0.0528539 0 -0.998602
    outer loop
      vertex 46.6678 0 13.0172
      vertex 46.135 -0.95 12.989
      vertex 46.135 0 12.989
    endloop
  endfacet
  facet normal 0.162065 0 -0.98678
    outer loop
      vertex 21.5281 -0.95 13.0048
      vertex 21.8161 0 13.0521
      vertex 21.8161 -0.95 13.0521
    endloop
  endfacet
  facet normal 0.162065 0 -0.98678
    outer loop
      vertex 21.8161 0 13.0521
      vertex 21.5281 -0.95 13.0048
      vertex 21.5281 0 13.0048
    endloop
  endfacet
  facet normal 0.288726 0 -0.957412
    outer loop
      vertex 21.8161 -0.95 13.0521
      vertex 22.0774 0 13.1309
      vertex 22.0774 -0.95 13.1309
    endloop
  endfacet
  facet normal 0.288726 0 -0.957412
    outer loop
      vertex 22.0774 0 13.1309
      vertex 21.8161 -0.95 13.0521
      vertex 21.8161 0 13.0521
    endloop
  endfacet
  facet normal 0.426094 0 -0.904679
    outer loop
      vertex 22.0774 -0.95 13.1309
      vertex 22.3118 0 13.2413
      vertex 22.3118 -0.95 13.2413
    endloop
  endfacet
  facet normal 0.426094 0 -0.904679
    outer loop
      vertex 22.3118 0 13.2413
      vertex 22.0774 -0.95 13.1309
      vertex 22.0774 0 13.1309
    endloop
  endfacet
  facet normal 0.568691 0 -0.822551
    outer loop
      vertex 22.3118 -0.95 13.2413
      vertex 22.5263 0 13.3896
      vertex 22.5263 -0.95 13.3896
    endloop
  endfacet
  facet normal 0.568691 0 -0.822551
    outer loop
      vertex 22.5263 0 13.3896
      vertex 22.3118 -0.95 13.2413
      vertex 22.3118 0 13.2413
    endloop
  endfacet
  facet normal 0.691687 0 -0.722197
    outer loop
      vertex 22.5263 -0.95 13.3896
      vertex 22.7275 0 13.5823
      vertex 22.7275 -0.95 13.5823
    endloop
  endfacet
  facet normal 0.691687 0 -0.722197
    outer loop
      vertex 22.7275 0 13.5823
      vertex 22.5263 -0.95 13.3896
      vertex 22.5263 0 13.3896
    endloop
  endfacet
  facet normal 0.783697 0 -0.621143
    outer loop
      vertex 22.9155 -0.95 13.8195
      vertex 22.7275 0 13.5823
      vertex 22.9155 0 13.8195
    endloop
  endfacet
  facet normal 0.783697 0 -0.621143
    outer loop
      vertex 22.7275 0 13.5823
      vertex 22.9155 -0.95 13.8195
      vertex 22.7275 -0.95 13.5823
    endloop
  endfacet
  facet normal 0.849622 0 -0.527393
    outer loop
      vertex 23.0903 -0.95 14.1011
      vertex 22.9155 0 13.8195
      vertex 23.0903 0 14.1011
    endloop
  endfacet
  facet normal 0.849622 0 -0.527393
    outer loop
      vertex 22.9155 0 13.8195
      vertex 23.0903 -0.95 14.1011
      vertex 22.9155 -0.95 13.8195
    endloop
  endfacet
  facet normal 0 0 -1
    outer loop
      vertex 23.0903 -0.95 14.1011
      vertex 23.1066 0 14.1011
      vertex 23.1066 -0.95 14.1011
    endloop
  endfacet
  facet normal -0 0 -1
    outer loop
      vertex 23.1066 0 14.1011
      vertex 23.0903 -0.95 14.1011
      vertex 23.0903 0 14.1011
    endloop
  endfacet
  facet normal -0.999652 0 -0.0263734
    outer loop
      vertex 23.1118 -0.95 13.904
      vertex 23.1066 0 14.1011
      vertex 23.1118 0 13.904
    endloop
  endfacet
  facet normal -0.999652 -0 -0.0263734
    outer loop
      vertex 23.1066 0 14.1011
      vertex 23.1118 -0.95 13.904
      vertex 23.1066 -0.95 14.1011
    endloop
  endfacet
  facet normal -0.999548 0 -0.0300478
    outer loop
      vertex 23.1167 -0.95 13.741
      vertex 23.1118 0 13.904
      vertex 23.1167 0 13.741
    endloop
  endfacet
  facet normal -0.999548 -0 -0.0300478
    outer loop
      vertex 23.1118 0 13.904
      vertex 23.1167 -0.95 13.741
      vertex 23.1118 -0.95 13.904
    endloop
  endfacet
  facet normal -0.999362 0 -0.0357192
    outer loop
      vertex 23.1213 -0.95 13.6123
      vertex 23.1167 0 13.741
      vertex 23.1213 0 13.6123
    endloop
  endfacet
  facet normal -0.999362 -0 -0.0357192
    outer loop
      vertex 23.1167 0 13.741
      vertex 23.1213 -0.95 13.6123
      vertex 23.1167 -0.95 13.741
    endloop
  endfacet
  facet normal -0.999012 0 -0.0444476
    outer loop
      vertex 23.1255 -0.95 13.5179
      vertex 23.1213 0 13.6123
      vertex 23.1255 0 13.5179
    endloop
  endfacet
  facet normal -0.999012 -0 -0.0444476
    outer loop
      vertex 23.1213 0 13.6123
      vertex 23.1255 -0.95 13.5179
      vertex 23.1213 -0.95 13.6123
    endloop
  endfacet
  facet normal -0.998654 0 -0.0518609
    outer loop
      vertex 23.1294 -0.95 13.4428
      vertex 23.1255 0 13.5179
      vertex 23.1294 0 13.4428
    endloop
  endfacet
  facet normal -0.998654 -0 -0.0518609
    outer loop
      vertex 23.1255 0 13.5179
      vertex 23.1294 -0.95 13.4428
      vertex 23.1255 -0.95 13.5179
    endloop
  endfacet
  facet normal -0.998706 0 -0.0508535
    outer loop
      vertex 23.133 -0.95 13.3721
      vertex 23.1294 0 13.4428
      vertex 23.133 0 13.3721
    endloop
  endfacet
  facet normal -0.998706 -0 -0.0508535
    outer loop
      vertex 23.1294 0 13.4428
      vertex 23.133 -0.95 13.3721
      vertex 23.1294 -0.95 13.4428
    endloop
  endfacet
  facet normal -0.998834 0 -0.048282
    outer loop
      vertex 23.1362 -0.95 13.3059
      vertex 23.133 0 13.3721
      vertex 23.1362 0 13.3059
    endloop
  endfacet
  facet normal -0.998834 -0 -0.048282
    outer loop
      vertex 23.133 0 13.3721
      vertex 23.1362 -0.95 13.3059
      vertex 23.133 -0.95 13.3721
    endloop
  endfacet
  facet normal -0.998904 0 -0.0467984
    outer loop
      vertex 23.1391 -0.95 13.244
      vertex 23.1362 0 13.3059
      vertex 23.1391 0 13.244
    endloop
  endfacet
  facet normal -0.998904 -0 -0.0467984
    outer loop
      vertex 23.1362 0 13.3059
      vertex 23.1391 -0.95 13.244
      vertex 23.1362 -0.95 13.3059
    endloop
  endfacet
  facet normal -0.998748 0 -0.05003
    outer loop
      vertex 23.1418 -0.95 13.1901
      vertex 23.1391 0 13.244
      vertex 23.1418 0 13.1901
    endloop
  endfacet
  facet normal -0.998748 -0 -0.05003
    outer loop
      vertex 23.1391 0 13.244
      vertex 23.1418 -0.95 13.1901
      vertex 23.1391 -0.95 13.244
    endloop
  endfacet
  facet normal -0.997979 0 -0.0635505
    outer loop
      vertex 23.1445 -0.95 13.1477
      vertex 23.1418 0 13.1901
      vertex 23.1445 0 13.1477
    endloop
  endfacet
  facet normal -0.997979 -0 -0.0635505
    outer loop
      vertex 23.1418 0 13.1901
      vertex 23.1445 -0.95 13.1477
      vertex 23.1418 -0.95 13.1901
    endloop
  endfacet
  facet normal -0.99592 0 -0.0902451
    outer loop
      vertex 23.1473 -0.95 13.1168
      vertex 23.1445 0 13.1477
      vertex 23.1473 0 13.1168
    endloop
  endfacet
  facet normal -0.99592 -0 -0.0902451
    outer loop
      vertex 23.1445 0 13.1477
      vertex 23.1473 -0.95 13.1168
      vertex 23.1445 -0.95 13.1477
    endloop
  endfacet
  facet normal -0.990356 0 -0.138547
    outer loop
      vertex 23.15 -0.95 13.0975
      vertex 23.1473 0 13.1168
      vertex 23.15 0 13.0975
    endloop
  endfacet
  facet normal -0.990356 -0 -0.138547
    outer loop
      vertex 23.1473 0 13.1168
      vertex 23.15 -0.95 13.0975
      vertex 23.1473 -0.95 13.1168
    endloop
  endfacet
  facet normal 0 0 -1
    outer loop
      vertex 23.15 -0.95 13.0975
      vertex 24.0722 0 13.0975
      vertex 24.0722 -0.95 13.0975
    endloop
  endfacet
  facet normal -0 0 -1
    outer loop
      vertex 24.0722 0 13.0975
      vertex 23.15 -0.95 13.0975
      vertex 23.15 0 13.0975
    endloop
  endfacet
  facet normal 0.996263 -0 0.0863672
    outer loop
      vertex 24.058 -0.95 13.2613
      vertex 24.0722 0 13.0975
      vertex 24.058 0 13.2613
    endloop
  endfacet
  facet normal 0.996263 0 0.0863672
    outer loop
      vertex 24.0722 0 13.0975
      vertex 24.058 -0.95 13.2613
      vertex 24.0722 -0.95 13.0975
    endloop
  endfacet
  facet normal 0.999251 -0 0.0386954
    outer loop
      vertex 24.0478 -0.95 13.5247
      vertex 24.058 0 13.2613
      vertex 24.0478 0 13.5247
    endloop
  endfacet
  facet normal 0.999251 0 0.0386954
    outer loop
      vertex 24.058 0 13.2613
      vertex 24.0478 -0.95 13.5247
      vertex 24.058 -0.95 13.2613
    endloop
  endfacet
  facet normal 0.999859 -0 0.0167928
    outer loop
      vertex 24.0417 -0.95 13.8879
      vertex 24.0478 0 13.5247
      vertex 24.0417 0 13.8879
    endloop
  endfacet
  facet normal 0.999859 0 0.0167928
    outer loop
      vertex 24.0478 0 13.5247
      vertex 24.0417 -0.95 13.8879
      vertex 24.0478 -0.95 13.5247
    endloop
  endfacet
  facet normal 0.999991 -0 0.00432148
    outer loop
      vertex 24.0397 -0.95 14.3507
      vertex 24.0417 0 13.8879
      vertex 24.0397 0 14.3507
    endloop
  endfacet
  facet normal 0.999991 0 0.00432148
    outer loop
      vertex 24.0417 0 13.8879
      vertex 24.0397 -0.95 14.3507
      vertex 24.0417 -0.95 13.8879
    endloop
  endfacet
  facet normal 1 -0 0
    outer loop
      vertex 24.0397 -0.95 18.9673
      vertex 24.0397 0 14.3507
      vertex 24.0397 0 18.9673
    endloop
  endfacet
  facet normal 1 0 0
    outer loop
      vertex 24.0397 0 14.3507
      vertex 24.0397 -0.95 18.9673
      vertex 24.0397 -0.95 14.3507
    endloop
  endfacet
  facet normal -0 0 1
    outer loop
      vertex 23.0632 0 18.9673
      vertex 24.0397 -0.95 18.9673
      vertex 24.0397 0 18.9673
    endloop
  endfacet
  facet normal 0 0 1
    outer loop
      vertex 24.0397 -0.95 18.9673
      vertex 23.0632 0 18.9673
      vertex 23.0632 -0.95 18.9673
    endloop
  endfacet
  facet normal -1 0 0
    outer loop
      vertex 23.0632 -0.95 15.5659
      vertex 23.0632 0 18.9673
      vertex 23.0632 0 15.5659
    endloop
  endfacet
  facet normal -1 -0 0
    outer loop
      vertex 23.0632 0 18.9673
      vertex 23.0632 -0.95 15.5659
      vertex 23.0632 -0.95 18.9673
    endloop
  endfacet
  facet normal -0.998041 0 0.0625623
    outer loop
      vertex 23.0378 -0.95 15.1607
      vertex 23.0632 0 15.5659
      vertex 23.0378 0 15.1607
    endloop
  endfacet
  facet normal -0.998041 0 0.0625623
    outer loop
      vertex 23.0632 0 15.5659
      vertex 23.0378 -0.95 15.1607
      vertex 23.0632 -0.95 15.5659
    endloop
  endfacet
  facet normal -0.978081 0 0.208224
    outer loop
      vertex 22.9615 -0.95 14.8023
      vertex 23.0378 0 15.1607
      vertex 22.9615 0 14.8023
    endloop
  endfacet
  facet normal -0.978081 0 0.208224
    outer loop
      vertex 23.0378 0 15.1607
      vertex 22.9615 -0.95 14.8023
      vertex 23.0378 -0.95 15.1607
    endloop
  endfacet
  facet normal -0.925831 0 0.377939
    outer loop
      vertex 22.8343 -0.95 14.4907
      vertex 22.9615 0 14.8023
      vertex 22.8343 0 14.4907
    endloop
  endfacet
  facet normal -0.925831 0 0.377939
    outer loop
      vertex 22.9615 0 14.8023
      vertex 22.8343 -0.95 14.4907
      vertex 22.9615 -0.95 14.8023
    endloop
  endfacet
  facet normal -0.829923 0 0.557879
    outer loop
      vertex 22.6563 -0.95 14.2259
      vertex 22.8343 0 14.4907
      vertex 22.6563 0 14.2259
    endloop
  endfacet
  facet normal -0.829923 0 0.557879
    outer loop
      vertex 22.8343 0 14.4907
      vertex 22.6563 -0.95 14.2259
      vertex 22.8343 -0.95 14.4907
    endloop
  endfacet
  facet normal -0.689101 0 0.724665
    outer loop
      vertex 22.4342 0 14.0147
      vertex 22.6563 -0.95 14.2259
      vertex 22.6563 0 14.2259
    endloop
  endfacet
  facet normal -0.689101 0 0.724665
    outer loop
      vertex 22.6563 -0.95 14.2259
      vertex 22.4342 0 14.0147
      vertex 22.4342 -0.95 14.0147
    endloop
  endfacet
  facet normal -0.502835 0 0.864383
    outer loop
      vertex 22.1748 0 13.8638
      vertex 22.4342 -0.95 14.0147
      vertex 22.4342 0 14.0147
    endloop
  endfacet
  facet normal -0.502835 0 0.864383
    outer loop
      vertex 22.4342 -0.95 14.0147
      vertex 22.1748 0 13.8638
      vertex 22.1748 -0.95 13.8638
    endloop
  endfacet
  facet normal -0.291752 0 0.956494
    outer loop
      vertex 21.8781 0 13.7733
      vertex 22.1748 -0.95 13.8638
      vertex 22.1748 0 13.8638
    endloop
  endfacet
  facet normal -0.291752 0 0.956494
    outer loop
      vertex 22.1748 -0.95 13.8638
      vertex 21.8781 0 13.7733
      vertex 21.8781 -0.95 13.7733
    endloop
  endfacet
  facet normal -0.0900518 0 0.995937
    outer loop
      vertex 21.5441 0 13.7431
      vertex 21.8781 -0.95 13.7733
      vertex 21.8781 0 13.7733
    endloop
  endfacet
  facet normal -0.0900518 0 0.995937
    outer loop
      vertex 21.8781 -0.95 13.7733
      vertex 21.5441 0 13.7431
      vertex 21.5441 -0.95 13.7431
    endloop
  endfacet
  facet normal 0.0387715 0 0.999248
    outer loop
      vertex 21.3173 0 13.7519
      vertex 21.5441 -0.95 13.7431
      vertex 21.5441 0 13.7431
    endloop
  endfacet
  facet normal 0.0387715 0 0.999248
    outer loop
      vertex 21.5441 -0.95 13.7431
      vertex 21.3173 0 13.7519
      vertex 21.3173 -0.95 13.7519
    endloop
  endfacet
  facet normal 0.132853 0 0.991136
    outer loop
      vertex 21.1196 0 13.7784
      vertex 21.3173 -0.95 13.7519
      vertex 21.3173 0 13.7519
    endloop
  endfacet
  facet normal 0.132853 0 0.991136
    outer loop
      vertex 21.3173 -0.95 13.7519
      vertex 21.1196 0 13.7784
      vertex 21.1196 -0.95 13.7784
    endloop
  endfacet
  facet normal 0.252656 0 0.967556
    outer loop
      vertex 20.9511 0 13.8224
      vertex 21.1196 -0.95 13.7784
      vertex 21.1196 0 13.7784
    endloop
  endfacet
  facet normal 0.252656 0 0.967556
    outer loop
      vertex 21.1196 -0.95 13.7784
      vertex 20.9511 0 13.8224
      vertex 20.9511 -0.95 13.8224
    endloop
  endfacet
  facet normal 0.404981 0 0.914325
    outer loop
      vertex 20.8118 0 13.8841
      vertex 20.9511 -0.95 13.8224
      vertex 20.9511 0 13.8224
    endloop
  endfacet
  facet normal 0.404981 0 0.914325
    outer loop
      vertex 20.9511 -0.95 13.8224
      vertex 20.8118 0 13.8841
      vertex 20.8118 -0.95 13.8841
    endloop
  endfacet
  facet normal 0.575302 0 0.817941
    outer loop
      vertex 20.6955 0 13.9659
      vertex 20.8118 -0.95 13.8841
      vertex 20.8118 0 13.8841
    endloop
  endfacet
  facet normal 0.575302 0 0.817941
    outer loop
      vertex 20.8118 -0.95 13.8841
      vertex 20.6955 0 13.9659
      vertex 20.6955 -0.95 13.9659
    endloop
  endfacet
  facet normal 0.722914 -0 0.690939
    outer loop
      vertex 20.5961 -0.95 14.0699
      vertex 20.6955 0 13.9659
      vertex 20.5961 0 14.0699
    endloop
  endfacet
  facet normal 0.722914 0 0.690939
    outer loop
      vertex 20.6955 0 13.9659
      vertex 20.5961 -0.95 14.0699
      vertex 20.6955 -0.95 13.9659
    endloop
  endfacet
  facet normal 0.837914 -0 0.545803
    outer loop
      vertex 20.5137 -0.95 14.1964
      vertex 20.5961 0 14.0699
      vertex 20.5137 0 14.1964
    endloop
  endfacet
  facet normal 0.837914 0 0.545803
    outer loop
      vertex 20.5961 0 14.0699
      vertex 20.5137 -0.95 14.1964
      vertex 20.5961 -0.95 14.0699
    endloop
  endfacet
  facet normal 0.915578 -0 0.402141
    outer loop
      vertex 20.4483 -0.95 14.3453
      vertex 20.5137 0 14.1964
      vertex 20.4483 0 14.3453
    endloop
  endfacet
  facet normal 0.915578 0 0.402141
    outer loop
      vertex 20.5137 0 14.1964
      vertex 20.4483 -0.95 14.3453
      vertex 20.5137 -0.95 14.1964
    endloop
  endfacet
  facet normal 0.962344 -0 0.271836
    outer loop
      vertex 20.3985 -0.95 14.5216
      vertex 20.4483 0 14.3453
      vertex 20.3985 0 14.5216
    endloop
  endfacet
  facet normal 0.962344 0 0.271836
    outer loop
      vertex 20.4483 0 14.3453
      vertex 20.3985 -0.95 14.5216
      vertex 20.4483 -0.95 14.3453
    endloop
  endfacet
  facet normal 0.985775 -0 0.168073
    outer loop
      vertex 20.3629 -0.95 14.7304
      vertex 20.3985 0 14.5216
      vertex 20.3629 0 14.7304
    endloop
  endfacet
  facet normal 0.985775 0 0.168073
    outer loop
      vertex 20.3985 0 14.5216
      vertex 20.3629 -0.95 14.7304
      vertex 20.3985 -0.95 14.5216
    endloop
  endfacet
  facet normal 0.996097 -0 0.088267
    outer loop
      vertex 20.3415 -0.95 14.9719
      vertex 20.3629 0 14.7304
      vertex 20.3415 0 14.9719
    endloop
  endfacet
  facet normal 0.996097 0 0.088267
    outer loop
      vertex 20.3629 0 14.7304
      vertex 20.3415 -0.95 14.9719
      vertex 20.3629 -0.95 14.7304
    endloop
  endfacet
  facet normal 0.999664 -0 0.0259132
    outer loop
      vertex 20.3344 -0.95 15.2458
      vertex 20.3415 0 14.9719
      vertex 20.3344 0 15.2458
    endloop
  endfacet
  facet normal 0.999664 0 0.0259132
    outer loop
      vertex 20.3415 0 14.9719
      vertex 20.3344 -0.95 15.2458
      vertex 20.3415 -0.95 14.9719
    endloop
  endfacet
  facet normal 1 -0 0
    outer loop
      vertex 20.3344 -0.95 18.9673
      vertex 20.3344 0 15.2458
      vertex 20.3344 0 18.9673
    endloop
  endfacet
  facet normal 1 0 0
    outer loop
      vertex 20.3344 0 15.2458
      vertex 20.3344 -0.95 18.9673
      vertex 20.3344 -0.95 15.2458
    endloop
  endfacet
  facet normal -0 0 1
    outer loop
      vertex 19.3525 0 18.9673
      vertex 20.3344 -0.95 18.9673
      vertex 20.3344 0 18.9673
    endloop
  endfacet
  facet normal 0 0 1
    outer loop
      vertex 20.3344 -0.95 18.9673
      vertex 19.3525 0 18.9673
      vertex 19.3525 -0.95 18.9673
    endloop
  endfacet
  facet normal -1 0 0
    outer loop
      vertex 19.3525 -0.95 15.0559
      vertex 19.3525 0 18.9673
      vertex 19.3525 0 15.0559
    endloop
  endfacet
  facet normal -1 -0 0
    outer loop
      vertex 19.3525 0 18.9673
      vertex 19.3525 -0.95 15.0559
      vertex 19.3525 -0.95 18.9673
    endloop
  endfacet
  facet normal -0.998531 0 -0.0541793
    outer loop
      vertex 19.3804 -0.95 14.5417
      vertex 19.3525 0 15.0559
      vertex 19.3804 0 14.5417
    endloop
  endfacet
  facet normal -0.998531 -0 -0.0541793
    outer loop
      vertex 19.3525 0 15.0559
      vertex 19.3804 -0.95 14.5417
      vertex 19.3525 -0.95 15.0559
    endloop
  endfacet
  facet normal -0.981968 0 -0.189048
    outer loop
      vertex 19.4643 -0.95 14.1059
      vertex 19.3804 0 14.5417
      vertex 19.4643 0 14.1059
    endloop
  endfacet
  facet normal -0.981968 -0 -0.189048
    outer loop
      vertex 19.3804 0 14.5417
      vertex 19.4643 -0.95 14.1059
      vertex 19.3804 -0.95 14.5417
    endloop
  endfacet
  facet normal -0.93127 0 -0.364331
    outer loop
      vertex 19.6042 -0.95 13.7483
      vertex 19.4643 0 14.1059
      vertex 19.6042 0 13.7483
    endloop
  endfacet
  facet normal -0.93127 -0 -0.364331
    outer loop
      vertex 19.4643 0 14.1059
      vertex 19.6042 -0.95 13.7483
      vertex 19.4643 -0.95 14.1059
    endloop
  endfacet
  facet normal -0.818736 0 -0.574171
    outer loop
      vertex 19.8 -0.95 13.4691
      vertex 19.6042 0 13.7483
      vertex 19.8 0 13.4691
    endloop
  endfacet
  facet normal -0.818736 -0 -0.574171
    outer loop
      vertex 19.6042 0 13.7483
      vertex 19.8 -0.95 13.4691
      vertex 19.6042 -0.95 13.7483
    endloop
  endfacet
  facet normal -0.633928 0 -0.773392
    outer loop
      vertex 19.8 -0.95 13.4691
      vertex 20.0562 0 13.2591
      vertex 20.0562 -0.95 13.2591
    endloop
  endfacet
  facet normal -0.633928 0 -0.773392
    outer loop
      vertex 20.0562 0 13.2591
      vertex 19.8 -0.95 13.4691
      vertex 19.8 0 13.4691
    endloop
  endfacet
  facet normal -0.423689 0 -0.905808
    outer loop
      vertex 20.0562 -0.95 13.2591
      vertex 20.3771 0 13.109
      vertex 20.3771 -0.95 13.109
    endloop
  endfacet
  facet normal -0.423689 0 -0.905808
    outer loop
      vertex 20.3771 0 13.109
      vertex 20.0562 -0.95 13.2591
      vertex 20.0562 0 13.2591
    endloop
  endfacet
  facet normal -0.227238 0 -0.973839
    outer loop
      vertex 20.3771 -0.95 13.109
      vertex 20.7628 0 13.019
      vertex 20.7628 -0.95 13.019
    endloop
  endfacet
  facet normal -0.227238 0 -0.973839
    outer loop
      vertex 20.7628 0 13.019
      vertex 20.3771 -0.95 13.109
      vertex 20.3771 0 13.109
    endloop
  endfacet
  facet normal -0.0664455 0 -0.99779
    outer loop
      vertex 20.7628 -0.95 13.019
      vertex 21.2133 0 12.989
      vertex 21.2133 -0.95 12.989
    endloop
  endfacet
  facet normal -0.0664455 0 -0.99779
    outer loop
      vertex 21.2133 0 12.989
      vertex 20.7628 -0.95 13.019
      vertex 20.7628 0 13.019
    endloop
  endfacet
  facet normal 0.0501275 0 -0.998743
    outer loop
      vertex 21.2133 -0.95 12.989
      vertex 21.5281 0 13.0048
      vertex 21.5281 -0.95 13.0048
    endloop
  endfacet
  facet normal 0.0501275 0 -0.998743
    outer loop
      vertex 21.5281 0 13.0048
      vertex 21.2133 -0.95 12.989
      vertex 21.2133 0 12.989
    endloop
  endfacet
  facet normal -0 0 1
    outer loop
      vertex 69.0923 0 18.9673
      vertex 70.0688 -0.95 18.9673
      vertex 70.0688 0 18.9673
    endloop
  endfacet
  facet normal 0 0 1
    outer loop
      vertex 70.0688 -0.95 18.9673
      vertex 69.0923 0 18.9673
      vertex 69.0923 -0.95 18.9673
    endloop
  endfacet
  facet normal -1 0 0
    outer loop
      vertex 69.0923 -0.95 13.0975
      vertex 69.0923 0 18.9673
      vertex 69.0923 0 13.0975
    endloop
  endfacet
  facet normal -1 -0 0
    outer loop
      vertex 69.0923 0 18.9673
      vertex 69.0923 -0.95 13.0975
      vertex 69.0923 -0.95 18.9673
    endloop
  endfacet
  facet normal 0 0 -1
    outer loop
      vertex 69.0923 -0.95 13.0975
      vertex 70.0688 0 13.0975
      vertex 70.0688 -0.95 13.0975
    endloop
  endfacet
  facet normal -0 0 -1
    outer loop
      vertex 70.0688 0 13.0975
      vertex 69.0923 -0.95 13.0975
      vertex 69.0923 0 13.0975
    endloop
  endfacet
  facet normal 1 -0 0
    outer loop
      vertex 70.0688 -0.95 18.9673
      vertex 70.0688 0 13.0975
      vertex 70.0688 0 18.9673
    endloop
  endfacet
  facet normal 1 0 0
    outer loop
      vertex 70.0688 0 13.0975
      vertex 70.0688 -0.95 18.9673
      vertex 70.0688 -0.95 13.0975
    endloop
  endfacet
  facet normal 0.162065 0 -0.98678
    outer loop
      vertex 65.2116 -0.95 13.0048
      vertex 65.4996 0 13.0521
      vertex 65.4996 -0.95 13.0521
    endloop
  endfacet
  facet normal 0.162065 0 -0.98678
    outer loop
      vertex 65.4996 0 13.0521
      vertex 65.2116 -0.95 13.0048
      vertex 65.2116 0 13.0048
    endloop
  endfacet
  facet normal 0.288827 0 -0.957381
    outer loop
      vertex 65.4996 -0.95 13.0521
      vertex 65.7608 0 13.1309
      vertex 65.7608 -0.95 13.1309
    endloop
  endfacet
  facet normal 0.288827 0 -0.957381
    outer loop
      vertex 65.7608 0 13.1309
      vertex 65.4996 -0.95 13.0521
      vertex 65.4996 0 13.0521
    endloop
  endfacet
  facet normal 0.425946 0 -0.904749
    outer loop
      vertex 65.7608 -0.95 13.1309
      vertex 65.9953 0 13.2413
      vertex 65.9953 -0.95 13.2413
    endloop
  endfacet
  facet normal 0.425946 0 -0.904749
    outer loop
      vertex 65.9953 0 13.2413
      vertex 65.7608 -0.95 13.1309
      vertex 65.7608 0 13.1309
    endloop
  endfacet
  facet normal 0.568691 0 -0.822551
    outer loop
      vertex 65.9953 -0.95 13.2413
      vertex 66.2098 0 13.3896
      vertex 66.2098 -0.95 13.3896
    endloop
  endfacet
  facet normal 0.568691 0 -0.822551
    outer loop
      vertex 66.2098 0 13.3896
      vertex 65.9953 -0.95 13.2413
      vertex 65.9953 0 13.2413
    endloop
  endfacet
  facet normal 0.691687 0 -0.722197
    outer loop
      vertex 66.2098 -0.95 13.3896
      vertex 66.411 0 13.5823
      vertex 66.411 -0.95 13.5823
    endloop
  endfacet
  facet normal 0.691687 0 -0.722197
    outer loop
      vertex 66.411 0 13.5823
      vertex 66.2098 -0.95 13.3896
      vertex 66.2098 0 13.3896
    endloop
  endfacet
  facet normal 0.783697 0 -0.621143
    outer loop
      vertex 66.599 -0.95 13.8195
      vertex 66.411 0 13.5823
      vertex 66.599 0 13.8195
    endloop
  endfacet
  facet normal 0.783697 0 -0.621143
    outer loop
      vertex 66.411 0 13.5823
      vertex 66.599 -0.95 13.8195
      vertex 66.411 -0.95 13.5823
    endloop
  endfacet
  facet normal 0.849622 0 -0.527393
    outer loop
      vertex 66.7738 -0.95 14.1011
      vertex 66.599 0 13.8195
      vertex 66.7738 0 14.1011
    endloop
  endfacet
  facet normal 0.849622 0 -0.527393
    outer loop
      vertex 66.599 0 13.8195
      vertex 66.7738 -0.95 14.1011
      vertex 66.599 -0.95 13.8195
    endloop
  endfacet
  facet normal 0 0 -1
    outer loop
      vertex 66.7738 -0.95 14.1011
      vertex 66.79 0 14.1011
      vertex 66.79 -0.95 14.1011
    endloop
  endfacet
  facet normal -0 0 -1
    outer loop
      vertex 66.79 0 14.1011
      vertex 66.7738 -0.95 14.1011
      vertex 66.7738 0 14.1011
    endloop
  endfacet
  facet normal -0.999639 0 -0.0268802
    outer loop
      vertex 66.7953 -0.95 13.904
      vertex 66.79 0 14.1011
      vertex 66.7953 0 13.904
    endloop
  endfacet
  facet normal -0.999639 -0 -0.0268802
    outer loop
      vertex 66.79 0 14.1011
      vertex 66.7953 -0.95 13.904
      vertex 66.79 -0.95 14.1011
    endloop
  endfacet
  facet normal -0.999548 0 -0.0300478
    outer loop
      vertex 66.8002 -0.95 13.741
      vertex 66.7953 0 13.904
      vertex 66.8002 0 13.741
    endloop
  endfacet
  facet normal -0.999548 -0 -0.0300478
    outer loop
      vertex 66.7953 0 13.904
      vertex 66.8002 -0.95 13.741
      vertex 66.7953 -0.95 13.904
    endloop
  endfacet
  facet normal -0.999362 0 -0.0357192
    outer loop
      vertex 66.8048 -0.95 13.6123
      vertex 66.8002 0 13.741
      vertex 66.8048 0 13.6123
    endloop
  endfacet
  facet normal -0.999362 -0 -0.0357192
    outer loop
      vertex 66.8002 0 13.741
      vertex 66.8048 -0.95 13.6123
      vertex 66.8002 -0.95 13.741
    endloop
  endfacet
  facet normal -0.999012 0 -0.0444476
    outer loop
      vertex 66.809 -0.95 13.5179
      vertex 66.8048 0 13.6123
      vertex 66.809 0 13.5179
    endloop
  endfacet
  facet normal -0.999012 -0 -0.0444476
    outer loop
      vertex 66.8048 0 13.6123
      vertex 66.809 -0.95 13.5179
      vertex 66.8048 -0.95 13.6123
    endloop
  endfacet
  facet normal -0.998654 0 -0.0518609
    outer loop
      vertex 66.8129 -0.95 13.4428
      vertex 66.809 0 13.5179
      vertex 66.8129 0 13.4428
    endloop
  endfacet
  facet normal -0.998654 -0 -0.0518609
    outer loop
      vertex 66.809 0 13.5179
      vertex 66.8129 -0.95 13.4428
      vertex 66.809 -0.95 13.5179
    endloop
  endfacet
  facet normal -0.998706 0 -0.0508535
    outer loop
      vertex 66.8165 -0.95 13.3721
      vertex 66.8129 0 13.4428
      vertex 66.8165 0 13.3721
    endloop
  endfacet
  facet normal -0.998706 -0 -0.0508535
    outer loop
      vertex 66.8129 0 13.4428
      vertex 66.8165 -0.95 13.3721
      vertex 66.8129 -0.95 13.4428
    endloop
  endfacet
  facet normal -0.998834 0 -0.048282
    outer loop
      vertex 66.8197 -0.95 13.3059
      vertex 66.8165 0 13.3721
      vertex 66.8197 0 13.3059
    endloop
  endfacet
  facet normal -0.998834 -0 -0.048282
    outer loop
      vertex 66.8165 0 13.3721
      vertex 66.8197 -0.95 13.3059
      vertex 66.8165 -0.95 13.3721
    endloop
  endfacet
  facet normal -0.998904 0 -0.0467984
    outer loop
      vertex 66.8226 -0.95 13.244
      vertex 66.8197 0 13.3059
      vertex 66.8226 0 13.244
    endloop
  endfacet
  facet normal -0.998904 -0 -0.0467984
    outer loop
      vertex 66.8197 0 13.3059
      vertex 66.8226 -0.95 13.244
      vertex 66.8197 -0.95 13.3059
    endloop
  endfacet
  facet normal -0.998748 0 -0.05003
    outer loop
      vertex 66.8253 -0.95 13.1901
      vertex 66.8226 0 13.244
      vertex 66.8253 0 13.1901
    endloop
  endfacet
  facet normal -0.998748 -0 -0.05003
    outer loop
      vertex 66.8226 0 13.244
      vertex 66.8253 -0.95 13.1901
      vertex 66.8226 -0.95 13.244
    endloop
  endfacet
  facet normal -0.997979 0 -0.0635505
    outer loop
      vertex 66.828 -0.95 13.1477
      vertex 66.8253 0 13.1901
      vertex 66.828 0 13.1477
    endloop
  endfacet
  facet normal -0.997979 -0 -0.0635505
    outer loop
      vertex 66.8253 0 13.1901
      vertex 66.828 -0.95 13.1477
      vertex 66.8253 -0.95 13.1901
    endloop
  endfacet
  facet normal -0.99592 0 -0.0902451
    outer loop
      vertex 66.8308 -0.95 13.1168
      vertex 66.828 0 13.1477
      vertex 66.8308 0 13.1168
    endloop
  endfacet
  facet normal -0.99592 -0 -0.0902451
    outer loop
      vertex 66.828 0 13.1477
      vertex 66.8308 -0.95 13.1168
      vertex 66.828 -0.95 13.1477
    endloop
  endfacet
  facet normal -0.990356 0 -0.138547
    outer loop
      vertex 66.8335 -0.95 13.0975
      vertex 66.8308 0 13.1168
      vertex 66.8335 0 13.0975
    endloop
  endfacet
  facet normal -0.990356 -0 -0.138547
    outer loop
      vertex 66.8308 0 13.1168
      vertex 66.8335 -0.95 13.0975
      vertex 66.8308 -0.95 13.1168
    endloop
  endfacet
  facet normal 0 0 -1
    outer loop
      vertex 66.8335 -0.95 13.0975
      vertex 67.7557 0 13.0975
      vertex 67.7557 -0.95 13.0975
    endloop
  endfacet
  facet normal -0 0 -1
    outer loop
      vertex 67.7557 0 13.0975
      vertex 66.8335 -0.95 13.0975
      vertex 66.8335 0 13.0975
    endloop
  endfacet
  facet normal 0.996263 -0 0.0863672
    outer loop
      vertex 67.7415 -0.95 13.2613
      vertex 67.7557 0 13.0975
      vertex 67.7415 0 13.2613
    endloop
  endfacet
  facet normal 0.996263 0 0.0863672
    outer loop
      vertex 67.7557 0 13.0975
      vertex 67.7415 -0.95 13.2613
      vertex 67.7557 -0.95 13.0975
    endloop
  endfacet
  facet normal 0.999251 -0 0.0386954
    outer loop
      vertex 67.7313 -0.95 13.5247
      vertex 67.7415 0 13.2613
      vertex 67.7313 0 13.5247
    endloop
  endfacet
  facet normal 0.999251 0 0.0386954
    outer loop
      vertex 67.7415 0 13.2613
      vertex 67.7313 -0.95 13.5247
      vertex 67.7415 -0.95 13.2613
    endloop
  endfacet
  facet normal 0.999859 -0 0.0167928
    outer loop
      vertex 67.7252 -0.95 13.8879
      vertex 67.7313 0 13.5247
      vertex 67.7252 0 13.8879
    endloop
  endfacet
  facet normal 0.999859 0 0.0167928
    outer loop
      vertex 67.7313 0 13.5247
      vertex 67.7252 -0.95 13.8879
      vertex 67.7313 -0.95 13.5247
    endloop
  endfacet
  facet normal 0.999991 -0 0.00432148
    outer loop
      vertex 67.7232 -0.95 14.3507
      vertex 67.7252 0 13.8879
      vertex 67.7232 0 14.3507
    endloop
  endfacet
  facet normal 0.999991 0 0.00432148
    outer loop
      vertex 67.7252 0 13.8879
      vertex 67.7232 -0.95 14.3507
      vertex 67.7252 -0.95 13.8879
    endloop
  endfacet
  facet normal 1 -0 0
    outer loop
      vertex 67.7232 -0.95 18.9673
      vertex 67.7232 0 14.3507
      vertex 67.7232 0 18.9673
    endloop
  endfacet
  facet normal 1 0 0
    outer loop
      vertex 67.7232 0 14.3507
      vertex 67.7232 -0.95 18.9673
      vertex 67.7232 -0.95 14.3507
    endloop
  endfacet
  facet normal -0 0 1
    outer loop
      vertex 66.7467 0 18.9673
      vertex 67.7232 -0.95 18.9673
      vertex 67.7232 0 18.9673
    endloop
  endfacet
  facet normal 0 0 1
    outer loop
      vertex 67.7232 -0.95 18.9673
      vertex 66.7467 0 18.9673
      vertex 66.7467 -0.95 18.9673
    endloop
  endfacet
  facet normal -1 0 0
    outer loop
      vertex 66.7467 -0.95 15.5659
      vertex 66.7467 0 18.9673
      vertex 66.7467 0 15.5659
    endloop
  endfacet
  facet normal -1 -0 0
    outer loop
      vertex 66.7467 0 18.9673
      vertex 66.7467 -0.95 15.5659
      vertex 66.7467 -0.95 18.9673
    endloop
  endfacet
  facet normal -0.998041 0 0.0625623
    outer loop
      vertex 66.7213 -0.95 15.1607
      vertex 66.7467 0 15.5659
      vertex 66.7213 0 15.1607
    endloop
  endfacet
  facet normal -0.998041 0 0.0625623
    outer loop
      vertex 66.7467 0 15.5659
      vertex 66.7213 -0.95 15.1607
      vertex 66.7467 -0.95 15.5659
    endloop
  endfacet
  facet normal -0.978081 0 0.208224
    outer loop
      vertex 66.645 -0.95 14.8023
      vertex 66.7213 0 15.1607
      vertex 66.645 0 14.8023
    endloop
  endfacet
  facet normal -0.978081 0 0.208224
    outer loop
      vertex 66.7213 0 15.1607
      vertex 66.645 -0.95 14.8023
      vertex 66.7213 -0.95 15.1607
    endloop
  endfacet
  facet normal -0.925831 0 0.377939
    outer loop
      vertex 66.5178 -0.95 14.4907
      vertex 66.645 0 14.8023
      vertex 66.5178 0 14.4907
    endloop
  endfacet
  facet normal -0.925831 0 0.377939
    outer loop
      vertex 66.645 0 14.8023
      vertex 66.5178 -0.95 14.4907
      vertex 66.645 -0.95 14.8023
    endloop
  endfacet
  facet normal -0.829923 0 0.557879
    outer loop
      vertex 66.3398 -0.95 14.2259
      vertex 66.5178 0 14.4907
      vertex 66.3398 0 14.2259
    endloop
  endfacet
  facet normal -0.829923 0 0.557879
    outer loop
      vertex 66.5178 0 14.4907
      vertex 66.3398 -0.95 14.2259
      vertex 66.5178 -0.95 14.4907
    endloop
  endfacet
  facet normal -0.689101 0 0.724665
    outer loop
      vertex 66.1177 0 14.0147
      vertex 66.3398 -0.95 14.2259
      vertex 66.3398 0 14.2259
    endloop
  endfacet
  facet normal -0.689101 0 0.724665
    outer loop
      vertex 66.3398 -0.95 14.2259
      vertex 66.1177 0 14.0147
      vertex 66.1177 -0.95 14.0147
    endloop
  endfacet
  facet normal -0.502835 0 0.864383
    outer loop
      vertex 65.8583 0 13.8638
      vertex 66.1177 -0.95 14.0147
      vertex 66.1177 0 14.0147
    endloop
  endfacet
  facet normal -0.502835 0 0.864383
    outer loop
      vertex 66.1177 -0.95 14.0147
      vertex 65.8583 0 13.8638
      vertex 65.8583 -0.95 13.8638
    endloop
  endfacet
  facet normal -0.291752 0 0.956494
    outer loop
      vertex 65.5616 0 13.7733
      vertex 65.8583 -0.95 13.8638
      vertex 65.8583 0 13.8638
    endloop
  endfacet
  facet normal -0.291752 0 0.956494
    outer loop
      vertex 65.8583 -0.95 13.8638
      vertex 65.5616 0 13.7733
      vertex 65.5616 -0.95 13.7733
    endloop
  endfacet
  facet normal -0.0900518 0 0.995937
    outer loop
      vertex 65.2276 0 13.7431
      vertex 65.5616 -0.95 13.7733
      vertex 65.5616 0 13.7733
    endloop
  endfacet
  facet normal -0.0900518 0 0.995937
    outer loop
      vertex 65.5616 -0.95 13.7733
      vertex 65.2276 0 13.7431
      vertex 65.2276 -0.95 13.7431
    endloop
  endfacet
  facet normal 0.0387715 0 0.999248
    outer loop
      vertex 65.0008 0 13.7519
      vertex 65.2276 -0.95 13.7431
      vertex 65.2276 0 13.7431
    endloop
  endfacet
  facet normal 0.0387715 0 0.999248
    outer loop
      vertex 65.2276 -0.95 13.7431
      vertex 65.0008 0 13.7519
      vertex 65.0008 -0.95 13.7519
    endloop
  endfacet
  facet normal 0.132853 0 0.991136
    outer loop
      vertex 64.8031 0 13.7784
      vertex 65.0008 -0.95 13.7519
      vertex 65.0008 0 13.7519
    endloop
  endfacet
  facet normal 0.132853 0 0.991136
    outer loop
      vertex 65.0008 -0.95 13.7519
      vertex 64.8031 0 13.7784
      vertex 64.8031 -0.95 13.7784
    endloop
  endfacet
  facet normal 0.252656 0 0.967556
    outer loop
      vertex 64.6346 0 13.8224
      vertex 64.8031 -0.95 13.7784
      vertex 64.8031 0 13.7784
    endloop
  endfacet
  facet normal 0.252656 0 0.967556
    outer loop
      vertex 64.8031 -0.95 13.7784
      vertex 64.6346 0 13.8224
      vertex 64.6346 -0.95 13.8224
    endloop
  endfacet
  facet normal 0.404738 0 0.914433
    outer loop
      vertex 64.4952 0 13.8841
      vertex 64.6346 -0.95 13.8224
      vertex 64.6346 0 13.8224
    endloop
  endfacet
  facet normal 0.404738 0 0.914433
    outer loop
      vertex 64.6346 -0.95 13.8224
      vertex 64.4952 0 13.8841
      vertex 64.4952 -0.95 13.8841
    endloop
  endfacet
  facet normal 0.575633 0 0.817708
    outer loop
      vertex 64.379 0 13.9659
      vertex 64.4952 -0.95 13.8841
      vertex 64.4952 0 13.8841
    endloop
  endfacet
  facet normal 0.575633 0 0.817708
    outer loop
      vertex 64.4952 -0.95 13.8841
      vertex 64.379 0 13.9659
      vertex 64.379 -0.95 13.9659
    endloop
  endfacet
  facet normal 0.722914 -0 0.690939
    outer loop
      vertex 64.2796 -0.95 14.0699
      vertex 64.379 0 13.9659
      vertex 64.2796 0 14.0699
    endloop
  endfacet
  facet normal 0.722914 0 0.690939
    outer loop
      vertex 64.379 0 13.9659
      vertex 64.2796 -0.95 14.0699
      vertex 64.379 -0.95 13.9659
    endloop
  endfacet
  facet normal 0.837914 -0 0.545803
    outer loop
      vertex 64.1972 -0.95 14.1964
      vertex 64.2796 0 14.0699
      vertex 64.1972 0 14.1964
    endloop
  endfacet
  facet normal 0.837914 0 0.545803
    outer loop
      vertex 64.2796 0 14.0699
      vertex 64.1972 -0.95 14.1964
      vertex 64.2796 -0.95 14.0699
    endloop
  endfacet
  facet normal 0.915578 -0 0.402141
    outer loop
      vertex 64.1318 -0.95 14.3453
      vertex 64.1972 0 14.1964
      vertex 64.1318 0 14.3453
    endloop
  endfacet
  facet normal 0.915578 0 0.402141
    outer loop
      vertex 64.1972 0 14.1964
      vertex 64.1318 -0.95 14.3453
      vertex 64.1972 -0.95 14.1964
    endloop
  endfacet
  facet normal 0.962344 -0 0.271836
    outer loop
      vertex 64.082 -0.95 14.5216
      vertex 64.1318 0 14.3453
      vertex 64.082 0 14.5216
    endloop
  endfacet
  facet normal 0.962344 0 0.271836
    outer loop
      vertex 64.1318 0 14.3453
      vertex 64.082 -0.95 14.5216
      vertex 64.1318 -0.95 14.3453
    endloop
  endfacet
  facet normal 0.985775 -0 0.168073
    outer loop
      vertex 64.0464 -0.95 14.7304
      vertex 64.082 0 14.5216
      vertex 64.0464 0 14.7304
    endloop
  endfacet
  facet normal 0.985775 0 0.168073
    outer loop
      vertex 64.082 0 14.5216
      vertex 64.0464 -0.95 14.7304
      vertex 64.082 -0.95 14.5216
    endloop
  endfacet
  facet normal 0.996097 -0 0.088267
    outer loop
      vertex 64.025 -0.95 14.9719
      vertex 64.0464 0 14.7304
      vertex 64.025 0 14.9719
    endloop
  endfacet
  facet normal 0.996097 0 0.088267
    outer loop
      vertex 64.0464 0 14.7304
      vertex 64.025 -0.95 14.9719
      vertex 64.0464 -0.95 14.7304
    endloop
  endfacet
  facet normal 0.999664 -0 0.0259132
    outer loop
      vertex 64.0179 -0.95 15.2458
      vertex 64.025 0 14.9719
      vertex 64.0179 0 15.2458
    endloop
  endfacet
  facet normal 0.999664 0 0.0259132
    outer loop
      vertex 64.025 0 14.9719
      vertex 64.0179 -0.95 15.2458
      vertex 64.025 -0.95 14.9719
    endloop
  endfacet
  facet normal 1 -0 0
    outer loop
      vertex 64.0179 -0.95 18.9673
      vertex 64.0179 0 15.2458
      vertex 64.0179 0 18.9673
    endloop
  endfacet
  facet normal 1 0 0
    outer loop
      vertex 64.0179 0 15.2458
      vertex 64.0179 -0.95 18.9673
      vertex 64.0179 -0.95 15.2458
    endloop
  endfacet
  facet normal -0 0 1
    outer loop
      vertex 63.036 0 18.9673
      vertex 64.0179 -0.95 18.9673
      vertex 64.0179 0 18.9673
    endloop
  endfacet
  facet normal 0 0 1
    outer loop
      vertex 64.0179 -0.95 18.9673
      vertex 63.036 0 18.9673
      vertex 63.036 -0.95 18.9673
    endloop
  endfacet
  facet normal -1 0 0
    outer loop
      vertex 63.036 -0.95 15.0559
      vertex 63.036 0 18.9673
      vertex 63.036 0 15.0559
    endloop
  endfacet
  facet normal -1 -0 0
    outer loop
      vertex 63.036 0 18.9673
      vertex 63.036 -0.95 15.0559
      vertex 63.036 -0.95 18.9673
    endloop
  endfacet
  facet normal -0.998531 0 -0.0541793
    outer loop
      vertex 63.0639 -0.95 14.5417
      vertex 63.036 0 15.0559
      vertex 63.0639 0 14.5417
    endloop
  endfacet
  facet normal -0.998531 -0 -0.0541793
    outer loop
      vertex 63.036 0 15.0559
      vertex 63.0639 -0.95 14.5417
      vertex 63.036 -0.95 15.0559
    endloop
  endfacet
  facet normal -0.981968 0 -0.189048
    outer loop
      vertex 63.1478 -0.95 14.1059
      vertex 63.0639 0 14.5417
      vertex 63.1478 0 14.1059
    endloop
  endfacet
  facet normal -0.981968 -0 -0.189048
    outer loop
      vertex 63.0639 0 14.5417
      vertex 63.1478 -0.95 14.1059
      vertex 63.0639 -0.95 14.5417
    endloop
  endfacet
  facet normal -0.93127 0 -0.364331
    outer loop
      vertex 63.2877 -0.95 13.7483
      vertex 63.1478 0 14.1059
      vertex 63.2877 0 13.7483
    endloop
  endfacet
  facet normal -0.93127 -0 -0.364331
    outer loop
      vertex 63.1478 0 14.1059
      vertex 63.2877 -0.95 13.7483
      vertex 63.1478 -0.95 14.1059
    endloop
  endfacet
  facet normal -0.818736 0 -0.574171
    outer loop
      vertex 63.4835 -0.95 13.4691
      vertex 63.2877 0 13.7483
      vertex 63.4835 0 13.4691
    endloop
  endfacet
  facet normal -0.818736 -0 -0.574171
    outer loop
      vertex 63.2877 0 13.7483
      vertex 63.4835 -0.95 13.4691
      vertex 63.2877 -0.95 13.7483
    endloop
  endfacet
  facet normal -0.633928 0 -0.773392
    outer loop
      vertex 63.4835 -0.95 13.4691
      vertex 63.7397 0 13.2591
      vertex 63.7397 -0.95 13.2591
    endloop
  endfacet
  facet normal -0.633928 0 -0.773392
    outer loop
      vertex 63.7397 0 13.2591
      vertex 63.4835 -0.95 13.4691
      vertex 63.4835 0 13.4691
    endloop
  endfacet
  facet normal -0.423689 0 -0.905808
    outer loop
      vertex 63.7397 -0.95 13.2591
      vertex 64.0606 0 13.109
      vertex 64.0606 -0.95 13.109
    endloop
  endfacet
  facet normal -0.423689 0 -0.905808
    outer loop
      vertex 64.0606 0 13.109
      vertex 63.7397 -0.95 13.2591
      vertex 63.7397 0 13.2591
    endloop
  endfacet
  facet normal -0.227238 0 -0.973839
    outer loop
      vertex 64.0606 -0.95 13.109
      vertex 64.4463 0 13.019
      vertex 64.4463 -0.95 13.019
    endloop
  endfacet
  facet normal -0.227238 0 -0.973839
    outer loop
      vertex 64.4463 0 13.019
      vertex 64.0606 -0.95 13.109
      vertex 64.0606 0 13.109
    endloop
  endfacet
  facet normal -0.0664455 0 -0.99779
    outer loop
      vertex 64.4463 -0.95 13.019
      vertex 64.8968 0 12.989
      vertex 64.8968 -0.95 12.989
    endloop
  endfacet
  facet normal -0.0664455 0 -0.99779
    outer loop
      vertex 64.8968 0 12.989
      vertex 64.4463 -0.95 13.019
      vertex 64.4463 0 13.019
    endloop
  endfacet
  facet normal 0.0501275 0 -0.998743
    outer loop
      vertex 64.8968 -0.95 12.989
      vertex 65.2116 0 13.0048
      vertex 65.2116 -0.95 13.0048
    endloop
  endfacet
  facet normal 0.0501275 0 -0.998743
    outer loop
      vertex 65.2116 0 13.0048
      vertex 64.8968 -0.95 12.989
      vertex 64.8968 0 12.989
    endloop
  endfacet
endsolid OpenSCAD_Model
