solid OpenSCAD_Model
  facet normal 1 -0 0
    outer loop
      vertex 90 1.5 1.2
      vertex 90 67.7 0
      vertex 90 66.5 1.2
    endloop
  endfacet
  facet normal 1 0 0
    outer loop
      vertex 90 67.7 0
      vertex 90 1.5 1.2
      vertex 90 0.299999 0
    endloop
  endfacet
  facet normal 0 0 -1
    outer loop
      vertex 0 0.299999 0
      vertex 90 67.7 0
      vertex 90 0.299999 0
    endloop
  endfacet
  facet normal -0 0 -1
    outer loop
      vertex 90 67.7 0
      vertex 0 0.299999 0
      vertex 0 67.7 0
    endloop
  endfacet
  facet normal 0 -0.707106 0.707107
    outer loop
      vertex 0 1.5 1.2
      vertex 90 0.299999 0
      vertex 90 1.5 1.2
    endloop
  endfacet
  facet normal 0 -0.707106 0.707107
    outer loop
      vertex 90 0.299999 0
      vertex 0 1.5 1.2
      vertex 0 0.299999 0
    endloop
  endfacet
  facet normal -1 0 0
    outer loop
      vertex 0 67.7 0
      vertex 0 1.5 1.2
      vertex 0 66.5 1.2
    endloop
  endfacet
  facet normal -1 0 -0
    outer loop
      vertex 0 1.5 1.2
      vertex 0 67.7 0
      vertex 0 0.299999 0
    endloop
  endfacet
  facet normal 0 0.707107 0.707107
    outer loop
      vertex 90 67.7 0
      vertex 0 66.5 1.2
      vertex 90 66.5 1.2
    endloop
  endfacet
  facet normal 0 0.707107 0.707107
    outer loop
      vertex 0 66.5 1.2
      vertex 90 67.7 0
      vertex 0 67.7 0
    endloop
  endfacet
  facet normal 0 0 1
    outer loop
      vertex 16.8764 29.4151 1.2
      vertex 12.7425 29.4151 1.2
      vertex 16.8764 25.8725 1.2
    endloop
  endfacet
  facet normal 0 0 1
    outer loop
      vertex 24.0722 25.8725 1.2
      vertex 25.4359 30.4891 1.2
      vertex 25.4338 30.952 1.2
    endloop
  endfacet
  facet normal 0 0 1
    outer loop
      vertex 26.5142 30.0375 1.2
      vertex 29.1412 29.594 1.2
      vertex 29.134 29.868 1.2
    endloop
  endfacet
  facet normal 0 0 1
    outer loop
      vertex 30.4877 41.0752 1.2
      vertex 27.398 36.5725 1.2
      vertex 30.4877 36.5725 1.2
    endloop
  endfacet
  facet normal 0 0 1
    outer loop
      vertex 30.4877 36.5725 1.2
      vertex 30.0112 30.734 1.2
      vertex 30.0951 30.2981 1.2
    endloop
  endfacet
  facet normal 0 0 1
    outer loop
      vertex 30.4877 36.5725 1.2
      vertex 29.8713 31.0915 1.2
      vertex 30.0112 30.734 1.2
    endloop
  endfacet
  facet normal 0 0 1
    outer loop
      vertex 30.4877 36.5725 1.2
      vertex 29.6755 31.3707 1.2
      vertex 29.8713 31.0915 1.2
    endloop
  endfacet
  facet normal 0 -0 1
    outer loop
      vertex 28.7128 31.8208 1.2
      vertex 30.4877 36.5725 1.2
      vertex 27.398 36.5725 1.2
    endloop
  endfacet
  facet normal 0 0 1
    outer loop
      vertex 30.4877 36.5725 1.2
      vertex 29.4193 31.5808 1.2
      vertex 29.6755 31.3707 1.2
    endloop
  endfacet
  facet normal 0 0 1
    outer loop
      vertex 30.4877 36.5725 1.2
      vertex 29.0984 31.7308 1.2
      vertex 29.4193 31.5808 1.2
    endloop
  endfacet
  facet normal 0 0 1
    outer loop
      vertex 30.4877 36.5725 1.2
      vertex 28.7128 31.8208 1.2
      vertex 29.0984 31.7308 1.2
    endloop
  endfacet
  facet normal 0 0 1
    outer loop
      vertex 28.7128 31.8208 1.2
      vertex 27.398 36.5725 1.2
      vertex 28.2624 31.8508 1.2
    endloop
  endfacet
  facet normal 0 0 1
    outer loop
      vertex 28.2624 31.8508 1.2
      vertex 27.398 36.5725 1.2
      vertex 27.9475 31.8351 1.2
    endloop
  endfacet
  facet normal 0 0 1
    outer loop
      vertex 27.9475 31.8351 1.2
      vertex 27.398 36.5725 1.2
      vertex 27.6595 31.7878 1.2
    endloop
  endfacet
  facet normal 0 0 1
    outer loop
      vertex 27.398 36.5725 1.2
      vertex 30.0237 43.37 1.2
      vertex 27.398 43.37 1.2
    endloop
  endfacet
  facet normal 0 0 1
    outer loop
      vertex 26.3256 31.7423 1.2
      vertex 27.6595 31.7878 1.2
      vertex 27.398 36.5725 1.2
    endloop
  endfacet
  facet normal 0 0 1
    outer loop
      vertex 27.6595 31.7878 1.2
      vertex 26.3256 31.7423 1.2
      vertex 27.3982 31.7089 1.2
    endloop
  endfacet
  facet normal 0 0 1
    outer loop
      vertex 27.3982 31.7089 1.2
      vertex 26.3256 31.7423 1.2
      vertex 27.1637 31.5986 1.2
    endloop
  endfacet
  facet normal 0 0 1
    outer loop
      vertex 27.1637 31.5986 1.2
      vertex 26.3256 31.7423 1.2
      vertex 26.9493 31.4502 1.2
    endloop
  endfacet
  facet normal -0 -0 1
    outer loop
      vertex 26.3283 31.723 1.2
      vertex 26.9493 31.4502 1.2
      vertex 26.3256 31.7423 1.2
    endloop
  endfacet
  facet normal -0 -0 1
    outer loop
      vertex 26.331 31.6922 1.2
      vertex 26.9493 31.4502 1.2
      vertex 26.3283 31.723 1.2
    endloop
  endfacet
  facet normal -0 -0 1
    outer loop
      vertex 26.3589 31.0988 1.2
      vertex 26.5601 31.0203 1.2
      vertex 26.3543 31.2274 1.2
    endloop
  endfacet
  facet normal 0 0 1
    outer loop
      vertex 26.3256 31.7423 1.2
      vertex 27.398 36.5725 1.2
      vertex 26.3673 36.5725 1.2
    endloop
  endfacet
  facet normal 0 0 1
    outer loop
      vertex 26.3853 30.7387 1.2
      vertex 26.3638 30.9359 1.2
      vertex 26.369 30.7387 1.2
    endloop
  endfacet
  facet normal -0 0 1
    outer loop
      vertex 23.7416 43.37 1.2
      vertex 26.3673 36.5725 1.2
      vertex 26.3673 43.37 1.2
    endloop
  endfacet
  facet normal 0 0 1
    outer loop
      vertex 26.5601 31.0203 1.2
      vertex 26.3638 30.9359 1.2
      vertex 26.3853 30.7387 1.2
    endloop
  endfacet
  facet normal 0 -0 1
    outer loop
      vertex 26.3638 30.9359 1.2
      vertex 26.5601 31.0203 1.2
      vertex 26.3589 31.0988 1.2
    endloop
  endfacet
  facet normal 0 0 1
    outer loop
      vertex 26.7481 31.2575 1.2
      vertex 26.3543 31.2274 1.2
      vertex 26.5601 31.0203 1.2
    endloop
  endfacet
  facet normal 0 -0 1
    outer loop
      vertex 26.3543 31.2274 1.2
      vertex 26.7481 31.2575 1.2
      vertex 26.35 31.3219 1.2
    endloop
  endfacet
  facet normal -0 -0 1
    outer loop
      vertex 26.35 31.3219 1.2
      vertex 26.7481 31.2575 1.2
      vertex 26.3461 31.397 1.2
    endloop
  endfacet
  facet normal -0 -0 1
    outer loop
      vertex 26.3461 31.397 1.2
      vertex 26.7481 31.2575 1.2
      vertex 26.3426 31.4677 1.2
    endloop
  endfacet
  facet normal -0 -0 1
    outer loop
      vertex 26.3426 31.4677 1.2
      vertex 26.7481 31.2575 1.2
      vertex 26.3393 31.534 1.2
    endloop
  endfacet
  facet normal 0 0 1
    outer loop
      vertex 26.9493 31.4502 1.2
      vertex 26.3393 31.534 1.2
      vertex 26.7481 31.2575 1.2
    endloop
  endfacet
  facet normal -0 -0 1
    outer loop
      vertex 26.3393 31.534 1.2
      vertex 26.9493 31.4502 1.2
      vertex 26.3364 31.5959 1.2
    endloop
  endfacet
  facet normal -0 -0 1
    outer loop
      vertex 26.3364 31.5959 1.2
      vertex 26.9493 31.4502 1.2
      vertex 26.3337 31.6498 1.2
    endloop
  endfacet
  facet normal -0 -0 1
    outer loop
      vertex 26.3337 31.6498 1.2
      vertex 26.9493 31.4502 1.2
      vertex 26.331 31.6922 1.2
    endloop
  endfacet
  facet normal 0 0 1
    outer loop
      vertex 26.3673 36.5725 1.2
      vertex 25.4034 31.7423 1.2
      vertex 26.3256 31.7423 1.2
    endloop
  endfacet
  facet normal 0 0 1
    outer loop
      vertex 17.9125 33.5163 1.2
      vertex 26.3673 36.5725 1.2
      vertex 23.7416 43.37 1.2
    endloop
  endfacet
  facet normal 0 -0 1
    outer loop
      vertex 24.0417 26.6629 1.2
      vertex 25.4034 31.7423 1.2
      vertex 24.0397 27.1257 1.2
    endloop
  endfacet
  facet normal 0 0 1
    outer loop
      vertex 25.4034 31.7423 1.2
      vertex 24.0417 26.6629 1.2
      vertex 24.0722 25.8725 1.2
    endloop
  endfacet
  facet normal 0 0 1
    outer loop
      vertex 24.0722 25.8725 1.2
      vertex 24.0478 26.2997 1.2
      vertex 24.058 26.0363 1.2
    endloop
  endfacet
  facet normal 0 0 1
    outer loop
      vertex 25.4034 31.7423 1.2
      vertex 24.0397 31.7423 1.2
      vertex 24.0397 27.1257 1.2
    endloop
  endfacet
  facet normal 0 0 1
    outer loop
      vertex 26.3673 36.5725 1.2
      vertex 24.0397 31.7423 1.2
      vertex 25.4034 31.7423 1.2
    endloop
  endfacet
  facet normal 0 0 1
    outer loop
      vertex 26.3673 36.5725 1.2
      vertex 23.0632 31.7423 1.2
      vertex 24.0397 31.7423 1.2
    endloop
  endfacet
  facet normal -0 -0 1
    outer loop
      vertex 24.0478 26.2997 1.2
      vertex 24.0722 25.8725 1.2
      vertex 24.0417 26.6629 1.2
    endloop
  endfacet
  facet normal 0 0 1
    outer loop
      vertex 22.9615 27.5773 1.2
      vertex 20.3344 28.0208 1.2
      vertex 20.3415 27.7469 1.2
    endloop
  endfacet
  facet normal 0 0 1
    outer loop
      vertex 16.8764 30.2831 1.2
      vertex 12.7425 33.5163 1.2
      vertex 12.7425 30.2831 1.2
    endloop
  endfacet
  facet normal 0 0 1
    outer loop
      vertex 30.4796 41.7262 1.2
      vertex 30.0237 43.37 1.2
      vertex 30.4857 41.3926 1.2
    endloop
  endfacet
  facet normal 0 0 1
    outer loop
      vertex 30.1231 29.7839 1.2
      vertex 31.5465 31.0317 1.2
      vertex 30.8683 31.0317 1.2
    endloop
  endfacet
  facet normal 0 0 1
    outer loop
      vertex 33.8453 40.23 1.2
      vertex 31.4843 40.0921 1.2
      vertex 33.8028 39.5454 1.2
    endloop
  endfacet
  facet normal 0 0 1
    outer loop
      vertex 31.9624 41.3612 1.2
      vertex 32.4262 41.623 1.2
      vertex 32.1763 41.5248 1.2
    endloop
  endfacet
  facet normal 0 0 1
    outer loop
      vertex 32.4262 41.623 1.2
      vertex 31.9624 41.3612 1.2
      vertex 31.7844 41.1322 1.2
    endloop
  endfacet
  facet normal 0 0 1
    outer loop
      vertex 33.8453 38.8276 1.2
      vertex 31.4643 36.5725 1.2
      vertex 32.523 33.0552 1.2
    endloop
  endfacet
  facet normal 0 0 1
    outer loop
      vertex 32.4262 41.623 1.2
      vertex 31.7844 41.1322 1.2
      vertex 31.6443 40.8421 1.2
    endloop
  endfacet
  facet normal 0 0 1
    outer loop
      vertex 32.4262 41.623 1.2
      vertex 31.6443 40.8421 1.2
      vertex 31.5443 40.4955 1.2
    endloop
  endfacet
  facet normal 0 0 1
    outer loop
      vertex 32.523 33.0552 1.2
      vertex 31.4643 36.5725 1.2
      vertex 31.872 33.0552 1.2
    endloop
  endfacet
  facet normal -0 0 1
    outer loop
      vertex 31.4643 39.6322 1.2
      vertex 33.8028 39.5454 1.2
      vertex 31.4843 40.0921 1.2
    endloop
  endfacet
  facet normal 0 0 1
    outer loop
      vertex 33.8028 39.5454 1.2
      vertex 31.4643 39.6322 1.2
      vertex 33.8453 38.8276 1.2
    endloop
  endfacet
  facet normal 0 0 1
    outer loop
      vertex 33.8453 38.8276 1.2
      vertex 31.4643 39.6322 1.2
      vertex 31.4643 36.5725 1.2
    endloop
  endfacet
  facet normal -0 0 1
    outer loop
      vertex 30.4877 36.5725 1.2
      vertex 31.872 33.0552 1.2
      vertex 31.4643 36.5725 1.2
    endloop
  endfacet
  facet normal 0 0 1
    outer loop
      vertex 31.872 33.0552 1.2
      vertex 30.8683 31.7423 1.2
      vertex 31.5844 31.7423 1.2
    endloop
  endfacet
  facet normal 0 0 1
    outer loop
      vertex 30.0951 30.2981 1.2
      vertex 30.8683 31.7423 1.2
      vertex 30.4877 36.5725 1.2
    endloop
  endfacet
  facet normal 0 0 1
    outer loop
      vertex 31.872 33.0552 1.2
      vertex 30.4877 36.5725 1.2
      vertex 30.8683 31.7423 1.2
    endloop
  endfacet
  facet normal 0 0 1
    outer loop
      vertex 34.2294 29.53 1.2
      vertex 32.523 31.0317 1.2
      vertex 34.1868 28.8454 1.2
    endloop
  endfacet
  facet normal 0 0 1
    outer loop
      vertex 34.1868 28.8454 1.2
      vertex 32.523 27.3264 1.2
      vertex 33.7056 26.6375 1.2
    endloop
  endfacet
  facet normal 0 0 1
    outer loop
      vertex 33.7056 26.6375 1.2
      vertex 32.523 27.3264 1.2
      vertex 33.532 26.6042 1.2
    endloop
  endfacet
  facet normal 0 0 1
    outer loop
      vertex 33.532 26.6042 1.2
      vertex 32.523 27.3264 1.2
      vertex 33.3801 26.5805 1.2
    endloop
  endfacet
  facet normal 0 0 1
    outer loop
      vertex 33.3801 26.5805 1.2
      vertex 32.523 27.3264 1.2
      vertex 33.2499 26.5662 1.2
    endloop
  endfacet
  facet normal -0 -0 1
    outer loop
      vertex 32.5316 27.1306 1.2
      vertex 33.2499 26.5662 1.2
      vertex 32.523 27.3264 1.2
    endloop
  endfacet
  facet normal 0 0 1
    outer loop
      vertex 33.2499 26.5662 1.2
      vertex 32.5316 27.1306 1.2
      vertex 33.1414 26.5615 1.2
    endloop
  endfacet
  facet normal -0 -0 1
    outer loop
      vertex 32.5575 26.9663 1.2
      vertex 33.1414 26.5615 1.2
      vertex 32.5316 27.1306 1.2
    endloop
  endfacet
  facet normal 0 0 1
    outer loop
      vertex 33.1414 26.5615 1.2
      vertex 32.5575 26.9663 1.2
      vertex 32.9832 26.5721 1.2
    endloop
  endfacet
  facet normal 0 0 1
    outer loop
      vertex 32.9832 26.5721 1.2
      vertex 32.5575 26.9663 1.2
      vertex 32.8505 26.6042 1.2
    endloop
  endfacet
  facet normal -0 -0 1
    outer loop
      vertex 32.6008 26.8336 1.2
      vertex 32.8505 26.6042 1.2
      vertex 32.5575 26.9663 1.2
    endloop
  endfacet
  facet normal 0 0 1
    outer loop
      vertex 32.8505 26.6042 1.2
      vertex 32.6008 26.8336 1.2
      vertex 32.7432 26.6576 1.2
    endloop
  endfacet
  facet normal 0 0 1
    outer loop
      vertex 34.1868 28.8454 1.2
      vertex 32.523 31.0317 1.2
      vertex 32.523 27.3264 1.2
    endloop
  endfacet
  facet normal 0 0 1
    outer loop
      vertex 32.7432 26.6576 1.2
      vertex 32.6008 26.8336 1.2
      vertex 32.6613 26.7323 1.2
    endloop
  endfacet
  facet normal 0 0 1
    outer loop
      vertex 32.7121 41.6557 1.2
      vertex 33.8453 40.23 1.2
      vertex 32.8667 41.6523 1.2
    endloop
  endfacet
  facet normal 0 0 1
    outer loop
      vertex 33.005 41.6421 1.2
      vertex 33.2329 41.6015 1.2
      vertex 33.1271 41.6252 1.2
    endloop
  endfacet
  facet normal -0 0 1
    outer loop
      vertex 32.4262 41.623 1.2
      vertex 33.8453 40.23 1.2
      vertex 32.7121 41.6557 1.2
    endloop
  endfacet
  facet normal -0 0 1
    outer loop
      vertex 31.5443 40.4955 1.2
      vertex 33.8453 40.23 1.2
      vertex 32.4262 41.623 1.2
    endloop
  endfacet
  facet normal 0 0 1
    outer loop
      vertex 31.4843 40.0921 1.2
      vertex 33.8453 40.23 1.2
      vertex 31.5443 40.4955 1.2
    endloop
  endfacet
  facet normal 0 0 1
    outer loop
      vertex 33.8453 38.8276 1.2
      vertex 32.523 33.0552 1.2
      vertex 33.608 31.7423 1.2
    endloop
  endfacet
  facet normal 0 0 1
    outer loop
      vertex 33.608 31.7423 1.2
      vertex 32.523 33.0552 1.2
      vertex 32.523 31.7423 1.2
    endloop
  endfacet
  facet normal 0 0 1
    outer loop
      vertex 39.0162 39.3013 1.2
      vertex 38.0018 38.0969 1.2
      vertex 38.8589 37.8528 1.2
    endloop
  endfacet
  facet normal 0 0 1
    outer loop
      vertex 38.0018 38.0969 1.2
      vertex 37.8044 37.7402 1.2
      vertex 37.9185 37.9101 1.2
    endloop
  endfacet
  facet normal 0 0 1
    outer loop
      vertex 38.0018 38.0969 1.2
      vertex 37.6594 37.5873 1.2
      vertex 37.8044 37.7402 1.2
    endloop
  endfacet
  facet normal 0 0 1
    outer loop
      vertex 38.0018 38.0969 1.2
      vertex 37.4836 37.4513 1.2
      vertex 37.6594 37.5873 1.2
    endloop
  endfacet
  facet normal 0 0 1
    outer loop
      vertex 38.0018 38.0969 1.2
      vertex 37.2766 37.3398 1.2
      vertex 37.4836 37.4513 1.2
    endloop
  endfacet
  facet normal -0 0 1
    outer loop
      vertex 34.8281 39.3013 1.2
      vertex 38.0018 38.0969 1.2
      vertex 39.0162 39.3013 1.2
    endloop
  endfacet
  facet normal -0 -0 1
    outer loop
      vertex 34.8542 38.8256 1.2
      vertex 38.0018 38.0969 1.2
      vertex 34.8281 39.3013 1.2
    endloop
  endfacet
  facet normal -0 -0 1
    outer loop
      vertex 34.9325 38.4075 1.2
      vertex 38.0018 38.0969 1.2
      vertex 34.8542 38.8256 1.2
    endloop
  endfacet
  facet normal 0 0 1
    outer loop
      vertex 38.0018 38.0969 1.2
      vertex 37.0381 37.2601 1.2
      vertex 37.2766 37.3398 1.2
    endloop
  endfacet
  facet normal 0 0 1
    outer loop
      vertex 38.0018 38.0969 1.2
      vertex 36.7681 37.2123 1.2
      vertex 37.0381 37.2601 1.2
    endloop
  endfacet
  facet normal 0 0 1
    outer loop
      vertex 36.7681 37.2123 1.2
      vertex 34.9325 38.4075 1.2
      vertex 36.4665 37.1964 1.2
    endloop
  endfacet
  facet normal -0 -0 1
    outer loop
      vertex 35.063 38.0471 1.2
      vertex 36.4665 37.1964 1.2
      vertex 34.9325 38.4075 1.2
    endloop
  endfacet
  facet normal -0 -0 1
    outer loop
      vertex 35.2457 37.7443 1.2
      vertex 36.0891 37.2306 1.2
      vertex 35.063 38.0471 1.2
    endloop
  endfacet
  facet normal 0 0 1
    outer loop
      vertex 36.0891 37.2306 1.2
      vertex 35.2457 37.7443 1.2
      vertex 35.7598 37.3333 1.2
    endloop
  endfacet
  facet normal 0 0 1
    outer loop
      vertex 35.7598 37.3333 1.2
      vertex 35.2457 37.7443 1.2
      vertex 35.4787 37.5045 1.2
    endloop
  endfacet
  facet normal 0 0 1
    outer loop
      vertex 36.4665 37.1964 1.2
      vertex 35.063 38.0471 1.2
      vertex 36.0891 37.2306 1.2
    endloop
  endfacet
  facet normal 0 0 1
    outer loop
      vertex 38.0018 38.0969 1.2
      vertex 34.9325 38.4075 1.2
      vertex 36.7681 37.2123 1.2
    endloop
  endfacet
  facet normal 0 0 1
    outer loop
      vertex 39.4003 28.6013 1.2
      vertex 38.3858 27.3969 1.2
      vertex 39.2429 27.1528 1.2
    endloop
  endfacet
  facet normal 0 0 1
    outer loop
      vertex 38.3858 27.3969 1.2
      vertex 38.1884 27.0402 1.2
      vertex 38.3026 27.2101 1.2
    endloop
  endfacet
  facet normal 0 0 1
    outer loop
      vertex 38.3858 27.3969 1.2
      vertex 38.0435 26.8873 1.2
      vertex 38.1884 27.0402 1.2
    endloop
  endfacet
  facet normal 0 0 1
    outer loop
      vertex 38.3858 27.3969 1.2
      vertex 37.8676 26.7513 1.2
      vertex 38.0435 26.8873 1.2
    endloop
  endfacet
  facet normal 0 0 1
    outer loop
      vertex 38.3858 27.3969 1.2
      vertex 37.6607 26.6398 1.2
      vertex 37.8676 26.7513 1.2
    endloop
  endfacet
  facet normal -0 0 1
    outer loop
      vertex 35.2121 28.6013 1.2
      vertex 38.3858 27.3969 1.2
      vertex 39.4003 28.6013 1.2
    endloop
  endfacet
  facet normal -0 -0 1
    outer loop
      vertex 35.2382 28.1256 1.2
      vertex 38.3858 27.3969 1.2
      vertex 35.2121 28.6013 1.2
    endloop
  endfacet
  facet normal -0 -0 1
    outer loop
      vertex 35.3166 27.7075 1.2
      vertex 38.3858 27.3969 1.2
      vertex 35.2382 28.1256 1.2
    endloop
  endfacet
  facet normal 0 0 1
    outer loop
      vertex 38.3858 27.3969 1.2
      vertex 37.4222 26.5601 1.2
      vertex 37.6607 26.6398 1.2
    endloop
  endfacet
  facet normal 0 0 1
    outer loop
      vertex 38.3858 27.3969 1.2
      vertex 37.1521 26.5123 1.2
      vertex 37.4222 26.5601 1.2
    endloop
  endfacet
  facet normal 0 0 1
    outer loop
      vertex 37.1521 26.5123 1.2
      vertex 35.3166 27.7075 1.2
      vertex 36.8505 26.4964 1.2
    endloop
  endfacet
  facet normal -0 -0 1
    outer loop
      vertex 35.4471 27.3471 1.2
      vertex 36.8505 26.4964 1.2
      vertex 35.3166 27.7075 1.2
    endloop
  endfacet
  facet normal -0 -0 1
    outer loop
      vertex 35.6298 27.0443 1.2
      vertex 36.4731 26.5306 1.2
      vertex 35.4471 27.3471 1.2
    endloop
  endfacet
  facet normal 0 0 1
    outer loop
      vertex 36.4731 26.5306 1.2
      vertex 35.6298 27.0443 1.2
      vertex 36.1439 26.6333 1.2
    endloop
  endfacet
  facet normal 0 0 1
    outer loop
      vertex 36.1439 26.6333 1.2
      vertex 35.6298 27.0443 1.2
      vertex 35.8628 26.8046 1.2
    endloop
  endfacet
  facet normal 0 0 1
    outer loop
      vertex 36.8505 26.4964 1.2
      vertex 35.4471 27.3471 1.2
      vertex 36.4731 26.5306 1.2
    endloop
  endfacet
  facet normal 0 0 1
    outer loop
      vertex 38.3858 27.3969 1.2
      vertex 35.3166 27.7075 1.2
      vertex 37.1521 26.5123 1.2
    endloop
  endfacet
  facet normal 0 0 1
    outer loop
      vertex 42.3708 40.1313 1.2
      vertex 43.6892 40.4731 1.2
      vertex 43.6702 40.8057 1.2
    endloop
  endfacet
  facet normal 0 0 1
    outer loop
      vertex 42.3708 40.1313 1.2
      vertex 43.6702 40.8057 1.2
      vertex 43.6132 41.0874 1.2
    endloop
  endfacet
  facet normal 0 0 1
    outer loop
      vertex 42.3708 40.1313 1.2
      vertex 43.6132 41.0874 1.2
      vertex 43.5182 41.3183 1.2
    endloop
  endfacet
  facet normal 0 0 1
    outer loop
      vertex 43.2117 41.6336 1.2
      vertex 43.5182 41.3183 1.2
      vertex 43.3853 41.4983 1.2
    endloop
  endfacet
  facet normal 0 0 1
    outer loop
      vertex 43.5182 41.3183 1.2
      vertex 43.2117 41.6336 1.2
      vertex 42.3708 40.1313 1.2
    endloop
  endfacet
  facet normal 0 0 1
    outer loop
      vertex 42.3708 40.1313 1.2
      vertex 43.2117 41.6336 1.2
      vertex 42.9947 41.7303 1.2
    endloop
  endfacet
  facet normal 0 0 1
    outer loop
      vertex 42.3708 40.1313 1.2
      vertex 42.9947 41.7303 1.2
      vertex 42.7343 41.7883 1.2
    endloop
  endfacet
  facet normal 0 0 1
    outer loop
      vertex 42.3708 40.1313 1.2
      vertex 42.7343 41.7883 1.2
      vertex 42.4305 41.8076 1.2
    endloop
  endfacet
  facet normal 0 0 1
    outer loop
      vertex 43.6892 40.4731 1.2
      vertex 42.3708 40.1313 1.2
      vertex 43.6892 40.153 1.2
    endloop
  endfacet
  facet normal -0 0 1
    outer loop
      vertex 42.1247 41.7937 1.2
      vertex 42.3708 40.1313 1.2
      vertex 42.4305 41.8076 1.2
    endloop
  endfacet
  facet normal -0 0 1
    outer loop
      vertex 41.8636 41.752 1.2
      vertex 42.3708 40.1313 1.2
      vertex 42.1247 41.7937 1.2
    endloop
  endfacet
  facet normal -0 0 1
    outer loop
      vertex 41.6473 41.6825 1.2
      vertex 42.3708 40.1313 1.2
      vertex 41.8636 41.752 1.2
    endloop
  endfacet
  facet normal 0 0 1
    outer loop
      vertex 42.3708 40.1313 1.2
      vertex 41.6473 41.6825 1.2
      vertex 41.7495 40.0865 1.2
    endloop
  endfacet
  facet normal 0 0 1
    outer loop
      vertex 41.237 41.2963 1.2
      vertex 41.6473 41.6825 1.2
      vertex 41.4757 41.5851 1.2
    endloop
  endfacet
  facet normal 0 0 1
    outer loop
      vertex 41.237 41.2963 1.2
      vertex 41.4757 41.5851 1.2
      vertex 41.3414 41.4573 1.2
    endloop
  endfacet
  facet normal 0 0 1
    outer loop
      vertex 41.6473 41.6825 1.2
      vertex 41.237 41.2963 1.2
      vertex 41.7495 40.0865 1.2
    endloop
  endfacet
  facet normal -0 0 1
    outer loop
      vertex 41.1624 41.102 1.2
      vertex 41.7495 40.0865 1.2
      vertex 41.237 41.2963 1.2
    endloop
  endfacet
  facet normal 0 0 1
    outer loop
      vertex 41.7495 40.0865 1.2
      vertex 41.1624 41.102 1.2
      vertex 41.1176 40.8745 1.2
    endloop
  endfacet
  facet normal 0 0 1
    outer loop
      vertex 41.7495 40.0865 1.2
      vertex 41.1176 40.8745 1.2
      vertex 41.2201 39.9848 1.2
    endloop
  endfacet
  facet normal 0 0 1
    outer loop
      vertex 41.1176 40.8745 1.2
      vertex 40.7825 39.8261 1.2
      vertex 41.2201 39.9848 1.2
    endloop
  endfacet
  facet normal 0 0 1
    outer loop
      vertex 40.0978 40.9667 1.2
      vertex 40.7825 39.8261 1.2
      vertex 41.1176 40.8745 1.2
    endloop
  endfacet
  facet normal 0 0 1
    outer loop
      vertex 40.7825 39.8261 1.2
      vertex 40.0978 40.9667 1.2
      vertex 40.4368 39.6105 1.2
    endloop
  endfacet
  facet normal 0 0 1
    outer loop
      vertex 39.0162 39.4315 1.2
      vertex 40.4368 39.6105 1.2
      vertex 40.0978 40.9667 1.2
    endloop
  endfacet
  facet normal 0 0 1
    outer loop
      vertex 40.4368 39.6105 1.2
      vertex 39.0162 39.4315 1.2
      vertex 40.1746 39.3399 1.2
    endloop
  endfacet
  facet normal 0 0 1
    outer loop
      vertex 39.8652 37.8257 1.2
      vertex 38.8589 37.8528 1.2
      vertex 39.9486 37.4839 1.2
    endloop
  endfacet
  facet normal 0 0 1
    outer loop
      vertex 38.512 37.2452 1.2
      vertex 39.9486 37.4839 1.2
      vertex 38.8589 37.8528 1.2
    endloop
  endfacet
  facet normal 0 0 1
    outer loop
      vertex 39.9486 37.4839 1.2
      vertex 38.7534 31.071 1.2
      vertex 39.2386 30.0962 1.2
    endloop
  endfacet
  facet normal 0 0 1
    outer loop
      vertex 37.9977 36.8112 1.2
      vertex 39.9486 37.4839 1.2
      vertex 38.512 37.2452 1.2
    endloop
  endfacet
  facet normal 0 0 1
    outer loop
      vertex 37.9447 31.6559 1.2
      vertex 39.9486 37.4839 1.2
      vertex 37.9977 36.8112 1.2
    endloop
  endfacet
  facet normal 0 0 1
    outer loop
      vertex 39.9486 37.4839 1.2
      vertex 37.9447 31.6559 1.2
      vertex 38.7534 31.071 1.2
    endloop
  endfacet
  facet normal -0 0 1
    outer loop
      vertex 37.3158 36.5508 1.2
      vertex 37.9447 31.6559 1.2
      vertex 37.9977 36.8112 1.2
    endloop
  endfacet
  facet normal 0 0 1
    outer loop
      vertex 37.3158 36.5508 1.2
      vertex 36.8125 31.8508 1.2
      vertex 37.9447 31.6559 1.2
    endloop
  endfacet
  facet normal -0 0 1
    outer loop
      vertex 36.4665 36.464 1.2
      vertex 36.8125 31.8508 1.2
      vertex 37.3158 36.5508 1.2
    endloop
  endfacet
  facet normal 0 0 1
    outer loop
      vertex 36.4665 36.464 1.2
      vertex 36.217 31.8023 1.2
      vertex 36.8125 31.8508 1.2
    endloop
  endfacet
  facet normal 0 0 1
    outer loop
      vertex 35.8543 36.5125 1.2
      vertex 36.217 31.8023 1.2
      vertex 36.4665 36.464 1.2
    endloop
  endfacet
  facet normal 0 0 1
    outer loop
      vertex 35.8543 36.5125 1.2
      vertex 35.6943 31.6569 1.2
      vertex 36.217 31.8023 1.2
    endloop
  endfacet
  facet normal 0 0 1
    outer loop
      vertex 35.3197 36.658 1.2
      vertex 35.6943 31.6569 1.2
      vertex 35.8543 36.5125 1.2
    endloop
  endfacet
  facet normal -0 0 1
    outer loop
      vertex 33.608 31.7423 1.2
      vertex 35.6943 31.6569 1.2
      vertex 35.3197 36.658 1.2
    endloop
  endfacet
  facet normal 0 0 1
    outer loop
      vertex 35.6943 31.6569 1.2
      vertex 33.608 31.7423 1.2
      vertex 35.2445 31.4144 1.2
    endloop
  endfacet
  facet normal 0 0 1
    outer loop
      vertex 33.608 31.7423 1.2
      vertex 35.3197 36.658 1.2
      vertex 34.8629 36.9004 1.2
    endloop
  endfacet
  facet normal 0 0 1
    outer loop
      vertex 35.2445 31.4144 1.2
      vertex 33.608 31.7423 1.2
      vertex 34.8676 31.0751 1.2
    endloop
  endfacet
  facet normal 0 0 1
    outer loop
      vertex 33.608 31.7423 1.2
      vertex 34.8629 36.9004 1.2
      vertex 34.4836 37.2398 1.2
    endloop
  endfacet
  facet normal 0 0 1
    outer loop
      vertex 33.608 31.0317 1.2
      vertex 34.8676 31.0751 1.2
      vertex 33.608 31.7423 1.2
    endloop
  endfacet
  facet normal 0 0 1
    outer loop
      vertex 34.8676 31.0751 1.2
      vertex 33.608 31.0317 1.2
      vertex 34.5698 30.6448 1.2
    endloop
  endfacet
  facet normal 0 0 1
    outer loop
      vertex 34.5698 30.6448 1.2
      vertex 33.608 31.0317 1.2
      vertex 34.3571 30.1297 1.2
    endloop
  endfacet
  facet normal 0 0 1
    outer loop
      vertex 33.608 31.7423 1.2
      vertex 34.4836 37.2398 1.2
      vertex 34.1857 37.6748 1.2
    endloop
  endfacet
  facet normal 0 0 1
    outer loop
      vertex 39.2386 30.0962 1.2
      vertex 40.5198 30.3752 1.2
      vertex 40.5177 30.6926 1.2
    endloop
  endfacet
  facet normal 0 0 1
    outer loop
      vertex 44.3218 36.5895 1.2
      vertex 43.1648 31.8203 1.2
      vertex 43.2649 31.7966 1.2
    endloop
  endfacet
  facet normal 0 0 1
    outer loop
      vertex 44.001 36.8031 1.2
      vertex 42.8184 36.7434 1.2
      vertex 44.1429 36.6785 1.2
    endloop
  endfacet
  facet normal 0 0 1
    outer loop
      vertex 42.5568 36.6212 1.2
      vertex 44.1429 36.6785 1.2
      vertex 42.8184 36.7434 1.2
    endloop
  endfacet
  facet normal 0 -0 1
    outer loop
      vertex 43.0655 31.8372 1.2
      vertex 44.1429 36.6785 1.2
      vertex 42.5568 36.6212 1.2
    endloop
  endfacet
  facet normal 0 0 1
    outer loop
      vertex 44.1429 36.6785 1.2
      vertex 43.0655 31.8372 1.2
      vertex 43.1648 31.8203 1.2
    endloop
  endfacet
  facet normal 0 0 1
    outer loop
      vertex 43.0655 31.8372 1.2
      vertex 42.5568 36.6212 1.2
      vertex 42.9668 31.8474 1.2
    endloop
  endfacet
  facet normal -0 0 1
    outer loop
      vertex 42.2685 36.5339 1.2
      vertex 42.9668 31.8474 1.2
      vertex 42.5568 36.6212 1.2
    endloop
  endfacet
  facet normal 0 0 1
    outer loop
      vertex 42.9668 31.8474 1.2
      vertex 42.2685 36.5339 1.2
      vertex 42.8688 31.8508 1.2
    endloop
  endfacet
  facet normal 0 0 1
    outer loop
      vertex 42.8688 31.8508 1.2
      vertex 42.2685 36.5339 1.2
      vertex 42.6077 31.8335 1.2
    endloop
  endfacet
  facet normal -0 0 1
    outer loop
      vertex 41.9533 36.4815 1.2
      vertex 42.6077 31.8335 1.2
      vertex 42.2685 36.5339 1.2
    endloop
  endfacet
  facet normal 0 0 1
    outer loop
      vertex 42.6077 31.8335 1.2
      vertex 41.9533 36.4815 1.2
      vertex 42.3778 31.7816 1.2
    endloop
  endfacet
  facet normal -0 0 1
    outer loop
      vertex 41.6113 36.464 1.2
      vertex 42.3778 31.7816 1.2
      vertex 41.9533 36.4815 1.2
    endloop
  endfacet
  facet normal 0 0 1
    outer loop
      vertex 42.3778 31.7816 1.2
      vertex 41.4095 31.7423 1.2
      vertex 42.1791 31.6952 1.2
    endloop
  endfacet
  facet normal 0 0 1
    outer loop
      vertex 42.1791 31.6952 1.2
      vertex 41.4095 31.7423 1.2
      vertex 42.0116 31.5742 1.2
    endloop
  endfacet
  facet normal 0 0 1
    outer loop
      vertex 42.0116 31.5742 1.2
      vertex 41.4095 31.7423 1.2
      vertex 41.8642 31.406 1.2
    endloop
  endfacet
  facet normal 0 0 1
    outer loop
      vertex 42.3778 31.7816 1.2
      vertex 41.6113 36.464 1.2
      vertex 41.4095 31.7423 1.2
    endloop
  endfacet
  facet normal 0 -0 1
    outer loop
      vertex 41.4285 31.2931 1.2
      vertex 41.8642 31.406 1.2
      vertex 41.4095 31.7423 1.2
    endloop
  endfacet
  facet normal 0 0 1
    outer loop
      vertex 41.8642 31.406 1.2
      vertex 41.4285 31.2931 1.2
      vertex 41.7255 31.1782 1.2
    endloop
  endfacet
  facet normal 0 0 1
    outer loop
      vertex 41.7255 31.1782 1.2
      vertex 41.4421 30.9435 1.2
      vertex 41.5956 30.8907 1.2
    endloop
  endfacet
  facet normal 0 0 1
    outer loop
      vertex 41.4746 30.5435 1.2
      vertex 41.4502 30.6936 1.2
      vertex 41.4529 30.5435 1.2
    endloop
  endfacet
  facet normal 0 0 1
    outer loop
      vertex 41.5956 30.8907 1.2
      vertex 41.4502 30.6936 1.2
      vertex 41.4746 30.5435 1.2
    endloop
  endfacet
  facet normal 0 -0 1
    outer loop
      vertex 41.4502 30.6936 1.2
      vertex 41.5956 30.8907 1.2
      vertex 41.4421 30.9435 1.2
    endloop
  endfacet
  facet normal 0 -0 1
    outer loop
      vertex 41.4421 30.9435 1.2
      vertex 41.7255 31.1782 1.2
      vertex 41.4285 31.2931 1.2
    endloop
  endfacet
  facet normal 0 0 1
    outer loop
      vertex 41.1967 36.4932 1.2
      vertex 41.4095 31.7423 1.2
      vertex 41.6113 36.464 1.2
    endloop
  endfacet
  facet normal 0 0 1
    outer loop
      vertex 40.4873 31.7423 1.2
      vertex 41.1967 36.4932 1.2
      vertex 40.8369 36.5807 1.2
    endloop
  endfacet
  facet normal 0 0 1
    outer loop
      vertex 40.4873 31.7423 1.2
      vertex 40.8369 36.5807 1.2
      vertex 40.5321 36.7265 1.2
    endloop
  endfacet
  facet normal 0 0 1
    outer loop
      vertex 41.1967 36.4932 1.2
      vertex 40.4873 31.7423 1.2
      vertex 41.4095 31.7423 1.2
    endloop
  endfacet
  facet normal 0 -0 1
    outer loop
      vertex 40.4873 31.7423 1.2
      vertex 40.5321 36.7265 1.2
      vertex 40.2822 36.9306 1.2
    endloop
  endfacet
  facet normal 0 0 1
    outer loop
      vertex 54.5479 28.5938 1.2
      vertex 48.5098 27.6582 1.2
      vertex 48.5166 27.4946 1.2
    endloop
  endfacet
  facet normal 0 -0 1
    outer loop
      vertex 48.4894 27.8126 1.2
      vertex 49.3524 33.5163 1.2
      vertex 48.4135 30.397 1.2
    endloop
  endfacet
  facet normal 0 0 1
    outer loop
      vertex 49.3524 33.5163 1.2
      vertex 48.4894 27.8126 1.2
      vertex 48.5098 27.6582 1.2
    endloop
  endfacet
  facet normal 0 0 1
    outer loop
      vertex 48.4894 27.8126 1.2
      vertex 48.4135 30.397 1.2
      vertex 48.4555 27.9579 1.2
    endloop
  endfacet
  facet normal 0 0 1
    outer loop
      vertex 49.3524 33.5163 1.2
      vertex 48.3112 30.7482 1.2
      vertex 48.4135 30.397 1.2
    endloop
  endfacet
  facet normal 0 0 1
    outer loop
      vertex 47.6556 36.4866 1.2
      vertex 49.3524 33.5163 1.2
      vertex 48.1721 36.464 1.2
    endloop
  endfacet
  facet normal 0 0 1
    outer loop
      vertex 49.3524 33.5163 1.2
      vertex 48.1565 31.048 1.2
      vertex 48.3112 30.7482 1.2
    endloop
  endfacet
  facet normal 0 0 1
    outer loop
      vertex 49.3524 33.5163 1.2
      vertex 47.9491 31.2962 1.2
      vertex 48.1565 31.048 1.2
    endloop
  endfacet
  facet normal 0 0 1
    outer loop
      vertex 49.3524 33.5163 1.2
      vertex 47.6892 31.4928 1.2
      vertex 47.9491 31.2962 1.2
    endloop
  endfacet
  facet normal 0 0 1
    outer loop
      vertex 47.2018 36.5542 1.2
      vertex 49.3524 33.5163 1.2
      vertex 47.6556 36.4866 1.2
    endloop
  endfacet
  facet normal 0 0 1
    outer loop
      vertex 49.3524 33.5163 1.2
      vertex 47.3781 31.6423 1.2
      vertex 47.6892 31.4928 1.2
    endloop
  endfacet
  facet normal 0 0 1
    outer loop
      vertex 49.3524 33.5163 1.2
      vertex 47.2018 36.5542 1.2
      vertex 46.6064 31.8132 1.2
    endloop
  endfacet
  facet normal 0 0 1
    outer loop
      vertex 49.3524 33.5163 1.2
      vertex 47.0172 31.7491 1.2
      vertex 47.3781 31.6423 1.2
    endloop
  endfacet
  facet normal 0 0 1
    outer loop
      vertex 46.1458 31.8346 1.2
      vertex 47.2018 36.5542 1.2
      vertex 46.8106 36.6669 1.2
    endloop
  endfacet
  facet normal 0 0 1
    outer loop
      vertex 49.3524 33.5163 1.2
      vertex 46.6064 31.8132 1.2
      vertex 47.0172 31.7491 1.2
    endloop
  endfacet
  facet normal 0 0 1
    outer loop
      vertex 45.5444 36.6051 1.2
      vertex 46.8106 36.6669 1.2
      vertex 46.4822 36.8248 1.2
    endloop
  endfacet
  facet normal 0 0 1
    outer loop
      vertex 45.5444 36.6051 1.2
      vertex 46.4822 36.8248 1.2
      vertex 46.2112 37.0304 1.2
    endloop
  endfacet
  facet normal 0 -0 1
    outer loop
      vertex 46.1458 31.8346 1.2
      vertex 46.8106 36.6669 1.2
      vertex 45.5444 36.6051 1.2
    endloop
  endfacet
  facet normal -0 0 1
    outer loop
      vertex 45.5444 37.2127 1.2
      vertex 46.2112 37.0304 1.2
      vertex 45.992 37.2866 1.2
    endloop
  endfacet
  facet normal 0 0 1
    outer loop
      vertex 45.5444 37.2127 1.2
      vertex 45.992 37.2866 1.2
      vertex 45.8246 37.5932 1.2
    endloop
  endfacet
  facet normal 0 0 1
    outer loop
      vertex 45.4573 37.196 1.2
      vertex 45.8246 37.5932 1.2
      vertex 45.7092 37.9504 1.2
    endloop
  endfacet
  facet normal 0 0 1
    outer loop
      vertex 47.2018 36.5542 1.2
      vertex 46.1458 31.8346 1.2
      vertex 46.6064 31.8132 1.2
    endloop
  endfacet
  facet normal 0 0 1
    outer loop
      vertex 48.4135 30.397 1.2
      vertex 48.408 28.094 1.2
      vertex 48.4555 27.9579 1.2
    endloop
  endfacet
  facet normal 0 0 1
    outer loop
      vertex 48.4135 30.397 1.2
      vertex 48.3482 28.2217 1.2
      vertex 48.408 28.094 1.2
    endloop
  endfacet
  facet normal 0 0 1
    outer loop
      vertex 48.4135 30.397 1.2
      vertex 48.2771 28.3416 1.2
      vertex 48.3482 28.2217 1.2
    endloop
  endfacet
  facet normal 0 0 1
    outer loop
      vertex 48.4135 30.397 1.2
      vertex 48.1949 28.4536 1.2
      vertex 48.2771 28.3416 1.2
    endloop
  endfacet
  facet normal 0 0 1
    outer loop
      vertex 48.4135 30.397 1.2
      vertex 48.1015 28.5579 1.2
      vertex 48.1949 28.4536 1.2
    endloop
  endfacet
  facet normal 0 0 1
    outer loop
      vertex 48.4135 30.397 1.2
      vertex 47.9935 28.656 1.2
      vertex 48.1015 28.5579 1.2
    endloop
  endfacet
  facet normal 0 0 1
    outer loop
      vertex 48.4135 30.397 1.2
      vertex 47.8676 28.7498 1.2
      vertex 47.9935 28.656 1.2
    endloop
  endfacet
  facet normal 0 0 1
    outer loop
      vertex 48.4135 30.397 1.2
      vertex 47.7237 28.8391 1.2
      vertex 47.8676 28.7498 1.2
    endloop
  endfacet
  facet normal -0 0 1
    outer loop
      vertex 47.5346 30.2884 1.2
      vertex 47.7237 28.8391 1.2
      vertex 48.4135 30.397 1.2
    endloop
  endfacet
  facet normal 0 0 1
    outer loop
      vertex 47.7237 28.8391 1.2
      vertex 47.5346 30.2884 1.2
      vertex 47.5618 28.924 1.2
    endloop
  endfacet
  facet normal 0 0 1
    outer loop
      vertex 46.4442 29.2848 1.2
      vertex 47.5346 30.2884 1.2
      vertex 47.4768 30.4724 1.2
    endloop
  endfacet
  facet normal 0 0 1
    outer loop
      vertex 46.4442 29.2848 1.2
      vertex 47.4768 30.4724 1.2
      vertex 47.3848 30.6336 1.2
    endloop
  endfacet
  facet normal 0 0 1
    outer loop
      vertex 47.5346 30.2884 1.2
      vertex 47.3638 29.0087 1.2
      vertex 47.5618 28.924 1.2
    endloop
  endfacet
  facet normal 0 0 1
    outer loop
      vertex 46.4442 29.2848 1.2
      vertex 47.3848 30.6336 1.2
      vertex 47.2585 30.7721 1.2
    endloop
  endfacet
  facet normal 0 0 1
    outer loop
      vertex 47.5346 30.2884 1.2
      vertex 47.1115 29.097 1.2
      vertex 47.3638 29.0087 1.2
    endloop
  endfacet
  facet normal 0 0 1
    outer loop
      vertex 46.4442 29.2848 1.2
      vertex 47.2585 30.7721 1.2
      vertex 47.0979 30.8878 1.2
    endloop
  endfacet
  facet normal 0 0 1
    outer loop
      vertex 46.4442 29.2848 1.2
      vertex 47.0979 30.8878 1.2
      vertex 46.9052 30.9792 1.2
    endloop
  endfacet
  facet normal 0 0 1
    outer loop
      vertex 47.5346 30.2884 1.2
      vertex 46.805 29.189 1.2
      vertex 47.1115 29.097 1.2
    endloop
  endfacet
  facet normal 0 0 1
    outer loop
      vertex 46.4442 29.2848 1.2
      vertex 46.9052 30.9792 1.2
      vertex 46.6822 31.0445 1.2
    endloop
  endfacet
  facet normal 0 0 1
    outer loop
      vertex 47.5346 30.2884 1.2
      vertex 46.4442 29.2848 1.2
      vertex 46.805 29.189 1.2
    endloop
  endfacet
  facet normal 0 0 1
    outer loop
      vertex 46.0699 29.3798 1.2
      vertex 46.6822 31.0445 1.2
      vertex 46.4291 31.0837 1.2
    endloop
  endfacet
  facet normal 0 0 1
    outer loop
      vertex 46.0699 29.3798 1.2
      vertex 46.4291 31.0837 1.2
      vertex 46.1458 31.0967 1.2
    endloop
  endfacet
  facet normal 0 0 1
    outer loop
      vertex 46.6822 31.0445 1.2
      vertex 46.0699 29.3798 1.2
      vertex 46.4442 29.2848 1.2
    endloop
  endfacet
  facet normal 0 0 1
    outer loop
      vertex 45.7661 29.4639 1.2
      vertex 46.1458 31.0967 1.2
      vertex 45.8366 31.0842 1.2
    endloop
  endfacet
  facet normal 0 0 1
    outer loop
      vertex 46.1458 31.0967 1.2
      vertex 45.7661 29.4639 1.2
      vertex 46.0699 29.3798 1.2
    endloop
  endfacet
  facet normal 0 0 1
    outer loop
      vertex 45.5328 29.5371 1.2
      vertex 45.8366 31.0842 1.2
      vertex 45.5708 31.0466 1.2
    endloop
  endfacet
  facet normal 0 0 1
    outer loop
      vertex 45.8366 31.0842 1.2
      vertex 45.5328 29.5371 1.2
      vertex 45.7661 29.4639 1.2
    endloop
  endfacet
  facet normal 0 0 1
    outer loop
      vertex 45.5708 31.0466 1.2
      vertex 45.37 29.5995 1.2
      vertex 45.5328 29.5371 1.2
    endloop
  endfacet
  facet normal -0 0 1
    outer loop
      vertex 45.3483 30.9838 1.2
      vertex 45.37 29.5995 1.2
      vertex 45.5708 31.0466 1.2
    endloop
  endfacet
  facet normal 0 0 1
    outer loop
      vertex 45.3483 30.9838 1.2
      vertex 45.2503 29.6595 1.2
      vertex 45.37 29.5995 1.2
    endloop
  endfacet
  facet normal 0 0 1
    outer loop
      vertex 45.1462 29.7256 1.2
      vertex 45.3483 30.9838 1.2
      vertex 45.1693 30.896 1.2
    endloop
  endfacet
  facet normal 0 0 1
    outer loop
      vertex 45.3483 30.9838 1.2
      vertex 45.1462 29.7256 1.2
      vertex 45.2503 29.6595 1.2
    endloop
  endfacet
  facet normal -0 0 1
    outer loop
      vertex 44.8547 30.2884 1.2
      vertex 45.1462 29.7256 1.2
      vertex 45.1693 30.896 1.2
    endloop
  endfacet
  facet normal 0 0 1
    outer loop
      vertex 44.8743 30.479 1.2
      vertex 45.1693 30.896 1.2
      vertex 45.0316 30.7828 1.2
    endloop
  endfacet
  facet normal 0 0 1
    outer loop
      vertex 45.1462 29.7256 1.2
      vertex 44.8547 30.2884 1.2
      vertex 45.0577 29.7978 1.2
    endloop
  endfacet
  facet normal 0 0 1
    outer loop
      vertex 44.8743 30.479 1.2
      vertex 45.0316 30.7828 1.2
      vertex 44.9333 30.6438 1.2
    endloop
  endfacet
  facet normal -0 -0 1
    outer loop
      vertex 44.8628 30.1691 1.2
      vertex 45.0577 29.7978 1.2
      vertex 44.8547 30.2884 1.2
    endloop
  endfacet
  facet normal 0 0 1
    outer loop
      vertex 45.0577 29.7978 1.2
      vertex 44.8628 30.1691 1.2
      vertex 44.9848 29.8761 1.2
    endloop
  endfacet
  facet normal 0 0 1
    outer loop
      vertex 45.1693 30.896 1.2
      vertex 44.8743 30.479 1.2
      vertex 44.8547 30.2884 1.2
    endloop
  endfacet
  facet normal -0 -0 1
    outer loop
      vertex 44.8872 30.0606 1.2
      vertex 44.9848 29.8761 1.2
      vertex 44.8628 30.1691 1.2
    endloop
  endfacet
  facet normal 0 0 1
    outer loop
      vertex 44.9848 29.8761 1.2
      vertex 44.8872 30.0606 1.2
      vertex 44.9279 29.9629 1.2
    endloop
  endfacet
  facet normal 0 0 1
    outer loop
      vertex 49.228 38.7866 1.2
      vertex 49.6044 38.1187 1.2
      vertex 49.5895 38.2841 1.2
    endloop
  endfacet
  facet normal 0 0 1
    outer loop
      vertex 49.3657 38.6828 1.2
      vertex 49.5895 38.2841 1.2
      vertex 49.5447 38.4333 1.2
    endloop
  endfacet
  facet normal 0 0 1
    outer loop
      vertex 49.228 38.7866 1.2
      vertex 49.5895 38.2841 1.2
      vertex 49.3657 38.6828 1.2
    endloop
  endfacet
  facet normal 0 0 1
    outer loop
      vertex 49.3657 38.6828 1.2
      vertex 49.5447 38.4333 1.2
      vertex 49.4701 38.5662 1.2
    endloop
  endfacet
  facet normal 0 -0 1
    outer loop
      vertex 49.2599 37.4351 1.2
      vertex 49.6044 38.1187 1.2
      vertex 49.228 38.7866 1.2
    endloop
  endfacet
  facet normal 0 0 1
    outer loop
      vertex 49.5829 37.905 1.2
      vertex 49.2599 37.4351 1.2
      vertex 49.5183 37.7199 1.2
    endloop
  endfacet
  facet normal 0 0 1
    outer loop
      vertex 49.5183 37.7199 1.2
      vertex 49.2599 37.4351 1.2
      vertex 49.4106 37.5632 1.2
    endloop
  endfacet
  facet normal 0 0 1
    outer loop
      vertex 49.6044 38.1187 1.2
      vertex 49.2599 37.4351 1.2
      vertex 49.5829 37.905 1.2
    endloop
  endfacet
  facet normal 0 0 1
    outer loop
      vertex 49.228 38.7866 1.2
      vertex 49.0627 37.3354 1.2
      vertex 49.2599 37.4351 1.2
    endloop
  endfacet
  facet normal 0 0 1
    outer loop
      vertex 49.0537 38.8809 1.2
      vertex 49.0627 37.3354 1.2
      vertex 49.228 38.7866 1.2
    endloop
  endfacet
  facet normal 0 0 1
    outer loop
      vertex 48.8157 37.2642 1.2
      vertex 49.0537 38.8809 1.2
      vertex 48.8428 38.9656 1.2
    endloop
  endfacet
  facet normal 0 0 1
    outer loop
      vertex 49.0537 38.8809 1.2
      vertex 48.8157 37.2642 1.2
      vertex 49.0627 37.3354 1.2
    endloop
  endfacet
  facet normal 0 0 1
    outer loop
      vertex 48.5189 37.2215 1.2
      vertex 48.8428 38.9656 1.2
      vertex 48.5954 39.0409 1.2
    endloop
  endfacet
  facet normal 0 0 1
    outer loop
      vertex 48.8428 38.9656 1.2
      vertex 48.5189 37.2215 1.2
      vertex 48.8157 37.2642 1.2
    endloop
  endfacet
  facet normal 0 0 1
    outer loop
      vertex 48.5954 39.0409 1.2
      vertex 48.1721 37.2072 1.2
      vertex 48.5189 37.2215 1.2
    endloop
  endfacet
  facet normal 0 0 1
    outer loop
      vertex 47.8439 37.221 1.2
      vertex 48.5954 39.0409 1.2
      vertex 47.8955 39.2253 1.2
    endloop
  endfacet
  facet normal 0 0 1
    outer loop
      vertex 48.5954 39.0409 1.2
      vertex 47.8439 37.221 1.2
      vertex 48.1721 37.2072 1.2
    endloop
  endfacet
  facet normal 0 0 1
    outer loop
      vertex 47.8955 39.2253 1.2
      vertex 47.5537 37.2621 1.2
      vertex 47.8439 37.221 1.2
    endloop
  endfacet
  facet normal 0 0 1
    outer loop
      vertex 46.5718 38.1187 1.2
      vertex 47.8955 39.2253 1.2
      vertex 47.5054 39.3333 1.2
    endloop
  endfacet
  facet normal 0 0 1
    outer loop
      vertex 47.8955 39.2253 1.2
      vertex 47.3014 37.3308 1.2
      vertex 47.5537 37.2621 1.2
    endloop
  endfacet
  facet normal 0 0 1
    outer loop
      vertex 46.5718 38.1187 1.2
      vertex 47.5054 39.3333 1.2
      vertex 47.176 39.4403 1.2
    endloop
  endfacet
  facet normal 0 0 1
    outer loop
      vertex 47.8955 39.2253 1.2
      vertex 46.5718 38.1187 1.2
      vertex 46.6508 37.8984 1.2
    endloop
  endfacet
  facet normal 0 0 1
    outer loop
      vertex 47.8955 39.2253 1.2
      vertex 47.0871 37.4269 1.2
      vertex 47.3014 37.3308 1.2
    endloop
  endfacet
  facet normal 0 0 1
    outer loop
      vertex 46.5718 38.1187 1.2
      vertex 47.176 39.4403 1.2
      vertex 46.9073 39.5462 1.2
    endloop
  endfacet
  facet normal 0 -0 1
    outer loop
      vertex 46.763 37.7097 1.2
      vertex 47.8955 39.2253 1.2
      vertex 46.6508 37.8984 1.2
    endloop
  endfacet
  facet normal 0 0 1
    outer loop
      vertex 46.5718 38.1187 1.2
      vertex 46.9073 39.5462 1.2
      vertex 46.6993 39.6512 1.2
    endloop
  endfacet
  facet normal 0 0 1
    outer loop
      vertex 47.8955 39.2253 1.2
      vertex 46.9084 37.5526 1.2
      vertex 47.0871 37.4269 1.2
    endloop
  endfacet
  facet normal 0 0 1
    outer loop
      vertex 47.8955 39.2253 1.2
      vertex 46.763 37.7097 1.2
      vertex 46.9084 37.5526 1.2
    endloop
  endfacet
  facet normal 0 0 1
    outer loop
      vertex 46.5312 39.7612 1.2
      vertex 46.5718 38.1187 1.2
      vertex 46.6993 39.6512 1.2
    endloop
  endfacet
  facet normal 0 0 1
    outer loop
      vertex 45.7092 37.9504 1.2
      vertex 46.5312 39.7612 1.2
      vertex 46.3826 39.8824 1.2
    endloop
  endfacet
  facet normal 0 0 1
    outer loop
      vertex 45.7092 37.9504 1.2
      vertex 46.3826 39.8824 1.2
      vertex 46.2532 40.0148 1.2
    endloop
  endfacet
  facet normal 0 0 1
    outer loop
      vertex 44.6764 38.0481 1.2
      vertex 46.2532 40.0148 1.2
      vertex 46.1432 40.1584 1.2
    endloop
  endfacet
  facet normal 0 0 1
    outer loop
      vertex 44.6764 40.5762 1.2
      vertex 46.1432 40.1584 1.2
      vertex 46.0554 40.3161 1.2
    endloop
  endfacet
  facet normal 0 0 1
    outer loop
      vertex 44.6764 40.5762 1.2
      vertex 46.0554 40.3161 1.2
      vertex 45.9926 40.4907 1.2
    endloop
  endfacet
  facet normal 0 0 1
    outer loop
      vertex 46.5312 39.7612 1.2
      vertex 45.7092 37.9504 1.2
      vertex 46.5718 38.1187 1.2
    endloop
  endfacet
  facet normal -0 0 1
    outer loop
      vertex 44.6764 40.5762 1.2
      vertex 45.9926 40.4907 1.2
      vertex 45.955 40.6823 1.2
    endloop
  endfacet
  facet normal 0 0 1
    outer loop
      vertex 44.6764 40.5762 1.2
      vertex 45.955 40.6823 1.2
      vertex 45.9425 40.8908 1.2
    endloop
  endfacet
  facet normal -0 0 1
    outer loop
      vertex 45.359 36.5671 1.2
      vertex 46.1458 31.8346 1.2
      vertex 45.5444 36.6051 1.2
    endloop
  endfacet
  facet normal 0 0 1
    outer loop
      vertex 46.1458 31.8346 1.2
      vertex 45.359 36.5671 1.2
      vertex 45.6306 31.8083 1.2
    endloop
  endfacet
  facet normal -0 0 1
    outer loop
      vertex 45.1715 36.54 1.2
      vertex 45.6306 31.8083 1.2
      vertex 45.359 36.5671 1.2
    endloop
  endfacet
  facet normal -0 0 1
    outer loop
      vertex 44.982 36.5237 1.2
      vertex 45.6306 31.8083 1.2
      vertex 45.1715 36.54 1.2
    endloop
  endfacet
  facet normal 0 0 1
    outer loop
      vertex 45.6306 31.8083 1.2
      vertex 44.982 36.5237 1.2
      vertex 45.1809 31.7294 1.2
    endloop
  endfacet
  facet normal -0 0 1
    outer loop
      vertex 44.7904 36.5183 1.2
      vertex 45.1809 31.7294 1.2
      vertex 44.982 36.5237 1.2
    endloop
  endfacet
  facet normal 0 0 1
    outer loop
      vertex 44.5376 36.5361 1.2
      vertex 45.1809 31.7294 1.2
      vertex 44.7904 36.5183 1.2
    endloop
  endfacet
  facet normal -0 0 1
    outer loop
      vertex 43.2649 31.7966 1.2
      vertex 45.1809 31.7294 1.2
      vertex 44.5376 36.5361 1.2
    endloop
  endfacet
  facet normal 0 0 1
    outer loop
      vertex 45.1809 31.7294 1.2
      vertex 43.2649 31.7966 1.2
      vertex 44.7965 31.5981 1.2
    endloop
  endfacet
  facet normal 0 0 1
    outer loop
      vertex 43.2649 31.7966 1.2
      vertex 44.5376 36.5361 1.2
      vertex 44.3218 36.5895 1.2
    endloop
  endfacet
  facet normal 0 0 1
    outer loop
      vertex 44.7965 31.5981 1.2
      vertex 43.2649 31.7966 1.2
      vertex 44.4776 31.4141 1.2
    endloop
  endfacet
  facet normal 0 0 1
    outer loop
      vertex 43.1648 31.8203 1.2
      vertex 44.3218 36.5895 1.2
      vertex 44.1429 36.6785 1.2
    endloop
  endfacet
  facet normal 0 0 1
    outer loop
      vertex 44.4776 31.4141 1.2
      vertex 43.2649 31.7966 1.2
      vertex 44.2272 31.18 1.2
    endloop
  endfacet
  facet normal 0 0 1
    outer loop
      vertex 43.891 36.9656 1.2
      vertex 43.059 36.9077 1.2
      vertex 44.001 36.8031 1.2
    endloop
  endfacet
  facet normal 0 0 1
    outer loop
      vertex 44.2272 31.18 1.2
      vertex 43.2649 31.7966 1.2
      vertex 44.0484 30.8981 1.2
    endloop
  endfacet
  facet normal -0 0 1
    outer loop
      vertex 43.2649 30.9015 1.2
      vertex 44.0484 30.8981 1.2
      vertex 43.2649 31.7966 1.2
    endloop
  endfacet
  facet normal 0 0 1
    outer loop
      vertex 43.059 36.9077 1.2
      vertex 43.891 36.9656 1.2
      vertex 43.2843 37.1211 1.2
    endloop
  endfacet
  facet normal 0 0 1
    outer loop
      vertex 45.7092 37.9504 1.2
      vertex 44.6764 38.0481 1.2
      vertex 44.6836 37.8445 1.2
    endloop
  endfacet
  facet normal 0 0 1
    outer loop
      vertex 47.1908 28.0866 1.2
      vertex 47.5672 27.4187 1.2
      vertex 47.5523 27.5841 1.2
    endloop
  endfacet
  facet normal 0 0 1
    outer loop
      vertex 47.3285 27.9828 1.2
      vertex 47.5523 27.5841 1.2
      vertex 47.5075 27.7333 1.2
    endloop
  endfacet
  facet normal 0 0 1
    outer loop
      vertex 47.1908 28.0866 1.2
      vertex 47.5523 27.5841 1.2
      vertex 47.3285 27.9828 1.2
    endloop
  endfacet
  facet normal 0 0 1
    outer loop
      vertex 47.3285 27.9828 1.2
      vertex 47.5075 27.7333 1.2
      vertex 47.4329 27.8662 1.2
    endloop
  endfacet
  facet normal 0 -0 1
    outer loop
      vertex 47.2227 26.7351 1.2
      vertex 47.5672 27.4187 1.2
      vertex 47.1908 28.0866 1.2
    endloop
  endfacet
  facet normal 0 0 1
    outer loop
      vertex 47.5457 27.205 1.2
      vertex 47.2227 26.7351 1.2
      vertex 47.4811 27.0199 1.2
    endloop
  endfacet
  facet normal 0 0 1
    outer loop
      vertex 47.4811 27.0199 1.2
      vertex 47.2227 26.7351 1.2
      vertex 47.3734 26.8632 1.2
    endloop
  endfacet
  facet normal 0 0 1
    outer loop
      vertex 47.5672 27.4187 1.2
      vertex 47.2227 26.7351 1.2
      vertex 47.5457 27.205 1.2
    endloop
  endfacet
  facet normal 0 0 1
    outer loop
      vertex 47.1908 28.0866 1.2
      vertex 47.0256 26.6354 1.2
      vertex 47.2227 26.7351 1.2
    endloop
  endfacet
  facet normal 0 0 1
    outer loop
      vertex 47.0165 28.1809 1.2
      vertex 47.0256 26.6354 1.2
      vertex 47.1908 28.0866 1.2
    endloop
  endfacet
  facet normal 0 0 1
    outer loop
      vertex 46.7785 26.5642 1.2
      vertex 47.0165 28.1809 1.2
      vertex 46.8057 28.2656 1.2
    endloop
  endfacet
  facet normal 0 0 1
    outer loop
      vertex 47.0165 28.1809 1.2
      vertex 46.7785 26.5642 1.2
      vertex 47.0256 26.6354 1.2
    endloop
  endfacet
  facet normal 0 0 1
    outer loop
      vertex 46.4817 26.5215 1.2
      vertex 46.8057 28.2656 1.2
      vertex 46.5582 28.3409 1.2
    endloop
  endfacet
  facet normal 0 0 1
    outer loop
      vertex 46.8057 28.2656 1.2
      vertex 46.4817 26.5215 1.2
      vertex 46.7785 26.5642 1.2
    endloop
  endfacet
  facet normal 0 0 1
    outer loop
      vertex 46.5582 28.3409 1.2
      vertex 46.135 26.5072 1.2
      vertex 46.4817 26.5215 1.2
    endloop
  endfacet
  facet normal 0 0 1
    outer loop
      vertex 45.8067 26.521 1.2
      vertex 46.5582 28.3409 1.2
      vertex 45.8583 28.5253 1.2
    endloop
  endfacet
  facet normal 0 0 1
    outer loop
      vertex 46.5582 28.3409 1.2
      vertex 45.8067 26.521 1.2
      vertex 46.135 26.5072 1.2
    endloop
  endfacet
  facet normal 0 0 1
    outer loop
      vertex 45.8583 28.5253 1.2
      vertex 45.5165 26.5621 1.2
      vertex 45.8067 26.521 1.2
    endloop
  endfacet
  facet normal 0 0 1
    outer loop
      vertex 44.5347 27.4187 1.2
      vertex 45.8583 28.5253 1.2
      vertex 45.4682 28.6333 1.2
    endloop
  endfacet
  facet normal 0 0 1
    outer loop
      vertex 45.8583 28.5253 1.2
      vertex 45.2642 26.6308 1.2
      vertex 45.5165 26.5621 1.2
    endloop
  endfacet
  facet normal 0 0 1
    outer loop
      vertex 44.5347 27.4187 1.2
      vertex 45.4682 28.6333 1.2
      vertex 45.1388 28.7403 1.2
    endloop
  endfacet
  facet normal 0 0 1
    outer loop
      vertex 45.8583 28.5253 1.2
      vertex 44.5347 27.4187 1.2
      vertex 44.6136 27.1984 1.2
    endloop
  endfacet
  facet normal 0 0 1
    outer loop
      vertex 45.8583 28.5253 1.2
      vertex 45.0499 26.7269 1.2
      vertex 45.2642 26.6308 1.2
    endloop
  endfacet
  facet normal 0 0 1
    outer loop
      vertex 44.5347 27.4187 1.2
      vertex 45.1388 28.7403 1.2
      vertex 44.8701 28.8462 1.2
    endloop
  endfacet
  facet normal 0 -0 1
    outer loop
      vertex 44.7258 27.0097 1.2
      vertex 45.8583 28.5253 1.2
      vertex 44.6136 27.1984 1.2
    endloop
  endfacet
  facet normal 0 0 1
    outer loop
      vertex 44.5347 27.4187 1.2
      vertex 44.8701 28.8462 1.2
      vertex 44.6621 28.9511 1.2
    endloop
  endfacet
  facet normal 0 0 1
    outer loop
      vertex 45.8583 28.5253 1.2
      vertex 44.8713 26.8526 1.2
      vertex 45.0499 26.7269 1.2
    endloop
  endfacet
  facet normal 0 0 1
    outer loop
      vertex 45.8583 28.5253 1.2
      vertex 44.7258 27.0097 1.2
      vertex 44.8713 26.8526 1.2
    endloop
  endfacet
  facet normal 0 0 1
    outer loop
      vertex 44.4941 29.0612 1.2
      vertex 44.5347 27.4187 1.2
      vertex 44.6621 28.9511 1.2
    endloop
  endfacet
  facet normal 0 0 1
    outer loop
      vertex 43.672 27.2504 1.2
      vertex 44.4941 29.0612 1.2
      vertex 44.3454 29.1824 1.2
    endloop
  endfacet
  facet normal 0 0 1
    outer loop
      vertex 43.672 27.2504 1.2
      vertex 44.3454 29.1824 1.2
      vertex 44.216 29.3148 1.2
    endloop
  endfacet
  facet normal 0 0 1
    outer loop
      vertex 43.672 27.2504 1.2
      vertex 44.216 29.3148 1.2
      vertex 44.106 29.4584 1.2
    endloop
  endfacet
  facet normal 0 0 1
    outer loop
      vertex 41.4963 28.9322 1.2
      vertex 44.106 29.4584 1.2
      vertex 44.0182 29.6161 1.2
    endloop
  endfacet
  facet normal 0 0 1
    outer loop
      vertex 41.5163 29.3922 1.2
      vertex 44.0182 29.6161 1.2
      vertex 43.9555 29.7907 1.2
    endloop
  endfacet
  facet normal -0 0 1
    outer loop
      vertex 43.2843 37.1211 1.2
      vertex 43.891 36.9656 1.2
      vertex 43.8078 37.1686 1.2
    endloop
  endfacet
  facet normal -0 0 1
    outer loop
      vertex 43.4944 37.3837 1.2
      vertex 43.8078 37.1686 1.2
      vertex 43.7513 37.4118 1.2
    endloop
  endfacet
  facet normal -0 0 1
    outer loop
      vertex 43.6892 37.6955 1.2
      vertex 43.7513 37.4118 1.2
      vertex 43.7216 37.6955 1.2
    endloop
  endfacet
  facet normal 0 0 1
    outer loop
      vertex 43.7513 37.4118 1.2
      vertex 43.6892 37.6955 1.2
      vertex 43.4944 37.3837 1.2
    endloop
  endfacet
  facet normal 0 0 1
    outer loop
      vertex 44.4941 29.0612 1.2
      vertex 43.672 27.2504 1.2
      vertex 44.5347 27.4187 1.2
    endloop
  endfacet
  facet normal 0 0 1
    outer loop
      vertex 41.6764 30.1421 1.2
      vertex 43.9555 29.7907 1.2
      vertex 43.9178 29.9823 1.2
    endloop
  endfacet
  facet normal 0 0 1
    outer loop
      vertex 43.1591 30.9252 1.2
      vertex 43.9178 29.9823 1.2
      vertex 43.9053 30.1908 1.2
    endloop
  endfacet
  facet normal 0 0 1
    outer loop
      vertex 44.0484 30.8981 1.2
      vertex 43.2649 30.9015 1.2
      vertex 43.9411 30.5683 1.2
    endloop
  endfacet
  facet normal 0 0 1
    outer loop
      vertex 43.8078 37.1686 1.2
      vertex 43.4944 37.3837 1.2
      vertex 43.2843 37.1211 1.2
    endloop
  endfacet
  facet normal 0 0 1
    outer loop
      vertex 49.9271 36.9143 1.2
      vertex 51.9944 36.9441 1.2
      vertex 50.2013 37.1632 1.2
    endloop
  endfacet
  facet normal 0 0 1
    outer loop
      vertex 51.9944 36.9441 1.2
      vertex 49.9271 36.9143 1.2
      vertex 50.3506 33.5163 1.2
    endloop
  endfacet
  facet normal -0 0 1
    outer loop
      vertex 49.5825 36.7173 1.2
      vertex 50.3506 33.5163 1.2
      vertex 49.9271 36.9143 1.2
    endloop
  endfacet
  facet normal -0 0 1
    outer loop
      vertex 49.1751 36.5766 1.2
      vertex 50.3506 33.5163 1.2
      vertex 49.5825 36.7173 1.2
    endloop
  endfacet
  facet normal 0 0 1
    outer loop
      vertex 50.3506 33.5163 1.2
      vertex 49.1751 36.5766 1.2
      vertex 49.3524 33.5163 1.2
    endloop
  endfacet
  facet normal 0 0 1
    outer loop
      vertex 55.1559 38.2773 1.2
      vertex 52.5288 38.7208 1.2
      vertex 52.5359 38.4469 1.2
    endloop
  endfacet
  facet normal 0 0 1
    outer loop
      vertex 51.5469 38.5309 1.2
      vertex 50.4452 38.794 1.2
      vertex 50.4927 38.6579 1.2
    endloop
  endfacet
  facet normal 0 0 1
    outer loop
      vertex 51.5469 38.5309 1.2
      vertex 50.3854 38.9217 1.2
      vertex 50.4452 38.794 1.2
    endloop
  endfacet
  facet normal 0 0 1
    outer loop
      vertex 51.5469 38.5309 1.2
      vertex 50.3143 39.0415 1.2
      vertex 50.3854 38.9217 1.2
    endloop
  endfacet
  facet normal 0 0 1
    outer loop
      vertex 51.5469 38.5309 1.2
      vertex 50.2321 39.1536 1.2
      vertex 50.3143 39.0415 1.2
    endloop
  endfacet
  facet normal 0 0 1
    outer loop
      vertex 50.4506 41.097 1.2
      vertex 50.1387 39.2579 1.2
      vertex 50.2321 39.1536 1.2
    endloop
  endfacet
  facet normal 0 0 1
    outer loop
      vertex 50.4506 41.097 1.2
      vertex 50.0307 39.356 1.2
      vertex 50.1387 39.2579 1.2
    endloop
  endfacet
  facet normal 0 0 1
    outer loop
      vertex 50.4506 41.097 1.2
      vertex 49.9048 39.4498 1.2
      vertex 50.0307 39.356 1.2
    endloop
  endfacet
  facet normal 0 0 1
    outer loop
      vertex 50.4506 41.097 1.2
      vertex 49.7608 39.5391 1.2
      vertex 49.9048 39.4498 1.2
    endloop
  endfacet
  facet normal -0 0 1
    outer loop
      vertex 49.5718 40.9884 1.2
      vertex 49.7608 39.5391 1.2
      vertex 50.4506 41.097 1.2
    endloop
  endfacet
  facet normal 0 0 1
    outer loop
      vertex 49.7608 39.5391 1.2
      vertex 49.5718 40.9884 1.2
      vertex 49.599 39.624 1.2
    endloop
  endfacet
  facet normal 0 0 1
    outer loop
      vertex 48.4814 39.9848 1.2
      vertex 49.5718 40.9884 1.2
      vertex 49.514 41.1724 1.2
    endloop
  endfacet
  facet normal 0 0 1
    outer loop
      vertex 48.4814 39.9848 1.2
      vertex 49.514 41.1724 1.2
      vertex 49.422 41.3336 1.2
    endloop
  endfacet
  facet normal 0 0 1
    outer loop
      vertex 49.5718 40.9884 1.2
      vertex 49.4009 39.7086 1.2
      vertex 49.599 39.624 1.2
    endloop
  endfacet
  facet normal 0 0 1
    outer loop
      vertex 48.4814 39.9848 1.2
      vertex 49.422 41.3336 1.2
      vertex 49.2957 41.4721 1.2
    endloop
  endfacet
  facet normal 0 0 1
    outer loop
      vertex 49.5718 40.9884 1.2
      vertex 49.1487 39.797 1.2
      vertex 49.4009 39.7086 1.2
    endloop
  endfacet
  facet normal 0 0 1
    outer loop
      vertex 48.4814 39.9848 1.2
      vertex 49.2957 41.4721 1.2
      vertex 49.1351 41.5878 1.2
    endloop
  endfacet
  facet normal 0 0 1
    outer loop
      vertex 48.4814 39.9848 1.2
      vertex 49.1351 41.5878 1.2
      vertex 48.9424 41.6792 1.2
    endloop
  endfacet
  facet normal 0 0 1
    outer loop
      vertex 49.5718 40.9884 1.2
      vertex 48.8422 39.8891 1.2
      vertex 49.1487 39.797 1.2
    endloop
  endfacet
  facet normal 0 0 1
    outer loop
      vertex 48.4814 39.9848 1.2
      vertex 48.9424 41.6792 1.2
      vertex 48.7194 41.7445 1.2
    endloop
  endfacet
  facet normal 0 0 1
    outer loop
      vertex 49.5718 40.9884 1.2
      vertex 48.4814 39.9848 1.2
      vertex 48.8422 39.8891 1.2
    endloop
  endfacet
  facet normal 0 0 1
    outer loop
      vertex 48.1071 40.0798 1.2
      vertex 48.7194 41.7445 1.2
      vertex 48.4663 41.7837 1.2
    endloop
  endfacet
  facet normal 0 0 1
    outer loop
      vertex 48.1071 40.0798 1.2
      vertex 48.4663 41.7837 1.2
      vertex 48.183 41.7967 1.2
    endloop
  endfacet
  facet normal 0 0 1
    outer loop
      vertex 48.7194 41.7445 1.2
      vertex 48.1071 40.0798 1.2
      vertex 48.4814 39.9848 1.2
    endloop
  endfacet
  facet normal 0 0 1
    outer loop
      vertex 47.8033 40.1638 1.2
      vertex 48.183 41.7967 1.2
      vertex 47.8738 41.7842 1.2
    endloop
  endfacet
  facet normal 0 0 1
    outer loop
      vertex 48.183 41.7967 1.2
      vertex 47.8033 40.1638 1.2
      vertex 48.1071 40.0798 1.2
    endloop
  endfacet
  facet normal 0 0 1
    outer loop
      vertex 47.57 40.2371 1.2
      vertex 47.8738 41.7842 1.2
      vertex 47.608 41.7466 1.2
    endloop
  endfacet
  facet normal 0 0 1
    outer loop
      vertex 47.8738 41.7842 1.2
      vertex 47.57 40.2371 1.2
      vertex 47.8033 40.1638 1.2
    endloop
  endfacet
  facet normal 0 0 1
    outer loop
      vertex 47.608 41.7466 1.2
      vertex 47.4072 40.2995 1.2
      vertex 47.57 40.2371 1.2
    endloop
  endfacet
  facet normal -0 0 1
    outer loop
      vertex 47.3855 41.6838 1.2
      vertex 47.4072 40.2995 1.2
      vertex 47.608 41.7466 1.2
    endloop
  endfacet
  facet normal 0 0 1
    outer loop
      vertex 47.3855 41.6838 1.2
      vertex 47.2875 40.3595 1.2
      vertex 47.4072 40.2995 1.2
    endloop
  endfacet
  facet normal 0 0 1
    outer loop
      vertex 47.1834 40.4256 1.2
      vertex 47.3855 41.6838 1.2
      vertex 47.2065 41.596 1.2
    endloop
  endfacet
  facet normal 0 0 1
    outer loop
      vertex 47.3855 41.6838 1.2
      vertex 47.1834 40.4256 1.2
      vertex 47.2875 40.3595 1.2
    endloop
  endfacet
  facet normal -0 0 1
    outer loop
      vertex 46.8918 40.9884 1.2
      vertex 47.1834 40.4256 1.2
      vertex 47.2065 41.596 1.2
    endloop
  endfacet
  facet normal 0 0 1
    outer loop
      vertex 46.9115 41.179 1.2
      vertex 47.2065 41.596 1.2
      vertex 47.0688 41.4828 1.2
    endloop
  endfacet
  facet normal 0 0 1
    outer loop
      vertex 47.1834 40.4256 1.2
      vertex 46.8918 40.9884 1.2
      vertex 47.0949 40.4978 1.2
    endloop
  endfacet
  facet normal 0 0 1
    outer loop
      vertex 46.9115 41.179 1.2
      vertex 47.0688 41.4828 1.2
      vertex 46.9705 41.3438 1.2
    endloop
  endfacet
  facet normal -0 -0 1
    outer loop
      vertex 46.9 40.8691 1.2
      vertex 47.0949 40.4978 1.2
      vertex 46.8918 40.9884 1.2
    endloop
  endfacet
  facet normal 0 0 1
    outer loop
      vertex 47.0949 40.4978 1.2
      vertex 46.9 40.8691 1.2
      vertex 47.022 40.5761 1.2
    endloop
  endfacet
  facet normal 0 0 1
    outer loop
      vertex 47.2065 41.596 1.2
      vertex 46.9115 41.179 1.2
      vertex 46.8918 40.9884 1.2
    endloop
  endfacet
  facet normal -0 -0 1
    outer loop
      vertex 46.9244 40.7606 1.2
      vertex 47.022 40.5761 1.2
      vertex 46.9 40.8691 1.2
    endloop
  endfacet
  facet normal 0 0 1
    outer loop
      vertex 47.022 40.5761 1.2
      vertex 46.9244 40.7606 1.2
      vertex 46.965 40.6629 1.2
    endloop
  endfacet
  facet normal -0 0 1
    outer loop
      vertex 55.3444 36.5725 1.2
      vertex 56.6317 33.3753 1.2
      vertex 56.2667 36.5725 1.2
    endloop
  endfacet
  facet normal 0 0 1
    outer loop
      vertex 56.6317 33.3753 1.2
      vertex 55.3444 36.5725 1.2
      vertex 55.981 33.0565 1.2
    endloop
  endfacet
  facet normal 0 0 1
    outer loop
      vertex 54.2718 36.6059 1.2
      vertex 55.981 33.0565 1.2
      vertex 55.3444 36.5725 1.2
    endloop
  endfacet
  facet normal 0 0 1
    outer loop
      vertex 54.7207 36.8646 1.2
      vertex 55.3444 36.5725 1.2
      vertex 55.3417 36.5918 1.2
    endloop
  endfacet
  facet normal 0 0 1
    outer loop
      vertex 54.7207 36.8646 1.2
      vertex 55.3417 36.5918 1.2
      vertex 55.339 36.6227 1.2
    endloop
  endfacet
  facet normal 0 0 1
    outer loop
      vertex 54.7207 36.8646 1.2
      vertex 55.339 36.6227 1.2
      vertex 55.3363 36.6651 1.2
    endloop
  endfacet
  facet normal 0 0 1
    outer loop
      vertex 54.7207 36.8646 1.2
      vertex 55.3363 36.6651 1.2
      vertex 55.3335 36.719 1.2
    endloop
  endfacet
  facet normal 0 0 1
    outer loop
      vertex 54.7207 36.8646 1.2
      vertex 55.3335 36.719 1.2
      vertex 55.3307 36.7809 1.2
    endloop
  endfacet
  facet normal 0 0 1
    outer loop
      vertex 54.922 37.0573 1.2
      vertex 55.3307 36.7809 1.2
      vertex 55.3274 36.8472 1.2
    endloop
  endfacet
  facet normal 0 0 1
    outer loop
      vertex 54.922 37.0573 1.2
      vertex 55.3274 36.8472 1.2
      vertex 55.3239 36.9178 1.2
    endloop
  endfacet
  facet normal 0 0 1
    outer loop
      vertex 54.922 37.0573 1.2
      vertex 55.3239 36.9178 1.2
      vertex 55.3199 36.9929 1.2
    endloop
  endfacet
  facet normal -0 0 1
    outer loop
      vertex 54.922 37.0573 1.2
      vertex 55.3199 36.9929 1.2
      vertex 55.3157 37.0873 1.2
    endloop
  endfacet
  facet normal 0 0 1
    outer loop
      vertex 55.11 37.2945 1.2
      vertex 55.3157 37.0873 1.2
      vertex 55.3112 37.216 1.2
    endloop
  endfacet
  facet normal -0 0 1
    outer loop
      vertex 55.11 37.2945 1.2
      vertex 55.3112 37.216 1.2
      vertex 55.3062 37.379 1.2
    endloop
  endfacet
  facet normal -0 0 1
    outer loop
      vertex 55.2847 37.5761 1.2
      vertex 55.3062 37.379 1.2
      vertex 55.301 37.5761 1.2
    endloop
  endfacet
  facet normal 0 0 1
    outer loop
      vertex 55.3062 37.379 1.2
      vertex 55.2847 37.5761 1.2
      vertex 55.11 37.2945 1.2
    endloop
  endfacet
  facet normal 0 0 1
    outer loop
      vertex 55.3157 37.0873 1.2
      vertex 55.11 37.2945 1.2
      vertex 54.922 37.0573 1.2
    endloop
  endfacet
  facet normal 0 0 1
    outer loop
      vertex 55.3307 36.7809 1.2
      vertex 54.922 37.0573 1.2
      vertex 54.7207 36.8646 1.2
    endloop
  endfacet
  facet normal 0 0 1
    outer loop
      vertex 55.3444 36.5725 1.2
      vertex 54.7207 36.8646 1.2
      vertex 54.5063 36.7163 1.2
    endloop
  endfacet
  facet normal 0 0 1
    outer loop
      vertex 55.3444 36.5725 1.2
      vertex 54.5063 36.7163 1.2
      vertex 54.2718 36.6059 1.2
    endloop
  endfacet
  facet normal -0 0 1
    outer loop
      vertex 54.0105 36.5271 1.2
      vertex 55.981 33.0565 1.2
      vertex 54.2718 36.6059 1.2
    endloop
  endfacet
  facet normal 0 0 1
    outer loop
      vertex 55.981 33.0565 1.2
      vertex 54.0105 36.5271 1.2
      vertex 55.4314 32.6103 1.2
    endloop
  endfacet
  facet normal -0 0 1
    outer loop
      vertex 53.7225 36.4798 1.2
      vertex 55.4314 32.6103 1.2
      vertex 54.0105 36.5271 1.2
    endloop
  endfacet
  facet normal -0 0 1
    outer loop
      vertex 53.4077 36.464 1.2
      vertex 55.4314 32.6103 1.2
      vertex 53.7225 36.4798 1.2
    endloop
  endfacet
  facet normal 0 0 1
    outer loop
      vertex 55.4314 32.6103 1.2
      vertex 53.4077 36.464 1.2
      vertex 54.9947 32.0478 1.2
    endloop
  endfacet
  facet normal 0 0 1
    outer loop
      vertex 57.6303 36.5725 1.2
      vertex 56.2341 37.8257 1.2
      vertex 56.2361 37.3629 1.2
    endloop
  endfacet
  facet normal 0 0 1
    outer loop
      vertex 56.2341 42.4423 1.2
      vertex 57.6303 41.0752 1.2
      vertex 57.6283 41.3926 1.2
    endloop
  endfacet
  facet normal 0 0 1
    outer loop
      vertex 58.6069 36.5725 1.2
      vertex 61.6261 37.2398 1.2
      vertex 61.3283 37.6748 1.2
    endloop
  endfacet
  facet normal 0 0 1
    outer loop
      vertex 61.6261 37.2398 1.2
      vertex 61.2813 32.2689 1.2
      vertex 61.5183 31.8291 1.2
    endloop
  endfacet
  facet normal 0 0 1
    outer loop
      vertex 58.6069 36.5725 1.2
      vertex 61.3283 37.6748 1.2
      vertex 61.1156 38.2041 1.2
    endloop
  endfacet
  facet normal 0 0 1
    outer loop
      vertex 61.6261 37.2398 1.2
      vertex 60.9988 32.6443 1.2
      vertex 61.2813 32.2689 1.2
    endloop
  endfacet
  facet normal 0 0 1
    outer loop
      vertex 58.6069 39.6322 1.2
      vertex 61.1156 38.2041 1.2
      vertex 60.9879 38.8276 1.2
    endloop
  endfacet
  facet normal 0 0 1
    outer loop
      vertex 58.6069 39.6322 1.2
      vertex 60.9879 38.8276 1.2
      vertex 60.9454 39.5454 1.2
    endloop
  endfacet
  facet normal 0 0 1
    outer loop
      vertex 61.6261 37.2398 1.2
      vertex 60.671 32.9552 1.2
      vertex 60.9988 32.6443 1.2
    endloop
  endfacet
  facet normal 0 0 1
    outer loop
      vertex 62.9969 36.5125 1.2
      vertex 61.5183 31.8291 1.2
      vertex 63.036 31.7423 1.2
    endloop
  endfacet
  facet normal 0 0 1
    outer loop
      vertex 63.036 31.7423 1.2
      vertex 61.5183 31.8291 1.2
      vertex 61.6864 29.6971 1.2
    endloop
  endfacet
  facet normal -0 0 1
    outer loop
      vertex 60.5309 31.5362 1.2
      vertex 61.6864 29.6971 1.2
      vertex 61.5183 31.8291 1.2
    endloop
  endfacet
  facet normal 0 0 1
    outer loop
      vertex 58.4477 29.6971 1.2
      vertex 60.3527 31.8396 1.2
      vertex 60.1437 32.099 1.2
    endloop
  endfacet
  facet normal 0 0 1
    outer loop
      vertex 60.3527 31.8396 1.2
      vertex 58.4477 29.6971 1.2
      vertex 60.5309 31.5362 1.2
    endloop
  endfacet
  facet normal 0 0 1
    outer loop
      vertex 58.4477 29.6971 1.2
      vertex 60.1437 32.099 1.2
      vertex 59.9038 32.3143 1.2
    endloop
  endfacet
  facet normal 0 0 1
    outer loop
      vertex 58.4477 29.6971 1.2
      vertex 59.9038 32.3143 1.2
      vertex 59.6331 32.4855 1.2
    endloop
  endfacet
  facet normal 0 0 1
    outer loop
      vertex 58.4477 29.6971 1.2
      vertex 59.6331 32.4855 1.2
      vertex 59.3295 32.6161 1.2
    endloop
  endfacet
  facet normal 0 0 1
    outer loop
      vertex 58.4477 29.6971 1.2
      vertex 59.3295 32.6161 1.2
      vertex 58.9909 32.7093 1.2
    endloop
  endfacet
  facet normal 0 0 1
    outer loop
      vertex 58.4477 29.6971 1.2
      vertex 58.9909 32.7093 1.2
      vertex 58.6174 32.7653 1.2
    endloop
  endfacet
  facet normal 0 0 1
    outer loop
      vertex 60.5309 31.5362 1.2
      vertex 58.4477 29.6971 1.2
      vertex 61.6864 29.6971 1.2
    endloop
  endfacet
  facet normal -0 0 1
    outer loop
      vertex 55.5321 29.0436 1.2
      vertex 58.4477 28.8291 1.2
      vertex 58.4477 29.6971 1.2
    endloop
  endfacet
  facet normal 0 0 1
    outer loop
      vertex 58.209 32.7839 1.2
      vertex 58.4477 29.6971 1.2
      vertex 58.6174 32.7653 1.2
    endloop
  endfacet
  facet normal -0 0 1
    outer loop
      vertex 57.5862 32.7339 1.2
      vertex 58.4477 29.6971 1.2
      vertex 58.209 32.7839 1.2
    endloop
  endfacet
  facet normal 0 -0 1
    outer loop
      vertex 55.5321 29.0436 1.2
      vertex 58.4477 29.6971 1.2
      vertex 55.4856 29.7297 1.2
    endloop
  endfacet
  facet normal -0 0 1
    outer loop
      vertex 57.0413 32.5839 1.2
      vertex 58.4477 29.6971 1.2
      vertex 57.5862 32.7339 1.2
    endloop
  endfacet
  facet normal 0 0 1
    outer loop
      vertex 58.4477 28.8291 1.2
      vertex 55.5321 29.0436 1.2
      vertex 55.6714 28.4338 1.2
    endloop
  endfacet
  facet normal -0 0 1
    outer loop
      vertex 56.5744 32.3338 1.2
      vertex 58.4477 29.6971 1.2
      vertex 57.0413 32.5839 1.2
    endloop
  endfacet
  facet normal 0 0 1
    outer loop
      vertex 58.4477 28.8291 1.2
      vertex 55.6714 28.4338 1.2
      vertex 55.9037 27.9003 1.2
    endloop
  endfacet
  facet normal -0 0 1
    outer loop
      vertex 56.1855 31.9837 1.2
      vertex 58.4477 29.6971 1.2
      vertex 56.5744 32.3338 1.2
    endloop
  endfacet
  facet normal 0 0 1
    outer loop
      vertex 58.4477 28.8291 1.2
      vertex 57.6642 26.6573 1.2
      vertex 58.285 26.6049 1.2
    endloop
  endfacet
  facet normal 0 0 1
    outer loop
      vertex 58.4477 29.6971 1.2
      vertex 56.1855 31.9837 1.2
      vertex 55.8793 31.5428 1.2
    endloop
  endfacet
  facet normal 0 0 1
    outer loop
      vertex 58.4477 28.8291 1.2
      vertex 55.9037 27.9003 1.2
      vertex 56.2289 27.4431 1.2
    endloop
  endfacet
  facet normal 0 0 1
    outer loop
      vertex 58.4477 29.6971 1.2
      vertex 55.8793 31.5428 1.2
      vertex 55.6606 31.0201 1.2
    endloop
  endfacet
  facet normal 0 0 1
    outer loop
      vertex 58.4477 28.8291 1.2
      vertex 57.1145 26.8145 1.2
      vertex 57.6642 26.6573 1.2
    endloop
  endfacet
  facet normal 0 0 1
    outer loop
      vertex 58.4477 29.6971 1.2
      vertex 55.6606 31.0201 1.2
      vertex 55.5294 30.4158 1.2
    endloop
  endfacet
  facet normal 0 0 1
    outer loop
      vertex 58.4477 28.8291 1.2
      vertex 56.2289 27.4431 1.2
      vertex 56.6361 27.0764 1.2
    endloop
  endfacet
  facet normal 0 0 1
    outer loop
      vertex 58.4477 29.6971 1.2
      vertex 55.5294 30.4158 1.2
      vertex 55.4856 29.7297 1.2
    endloop
  endfacet
  facet normal 0 0 1
    outer loop
      vertex 58.4477 28.8291 1.2
      vertex 56.6361 27.0764 1.2
      vertex 57.1145 26.8145 1.2
    endloop
  endfacet
  facet normal 0 0 1
    outer loop
      vertex 60.1476 41.6421 1.2
      vertex 60.9879 40.23 1.2
      vertex 60.2696 41.6252 1.2
    endloop
  endfacet
  facet normal 0 0 1
    outer loop
      vertex 61.6261 37.2398 1.2
      vertex 58.6069 36.5725 1.2
      vertex 59.8718 33.3892 1.2
    endloop
  endfacet
  facet normal 0 0 1
    outer loop
      vertex 60.0092 41.6523 1.2
      vertex 60.9879 40.23 1.2
      vertex 60.1476 41.6421 1.2
    endloop
  endfacet
  facet normal -0 0 1
    outer loop
      vertex 58.6869 40.4955 1.2
      vertex 60.9879 40.23 1.2
      vertex 58.7869 40.8421 1.2
    endloop
  endfacet
  facet normal 0 0 1
    outer loop
      vertex 59.8546 41.6557 1.2
      vertex 60.9879 40.23 1.2
      vertex 60.0092 41.6523 1.2
    endloop
  endfacet
  facet normal 0 0 1
    outer loop
      vertex 61.6261 37.2398 1.2
      vertex 60.2976 33.2017 1.2
      vertex 60.671 32.9552 1.2
    endloop
  endfacet
  facet normal -0 0 1
    outer loop
      vertex 58.927 41.1322 1.2
      vertex 60.9879 40.23 1.2
      vertex 59.8546 41.6557 1.2
    endloop
  endfacet
  facet normal 0 0 1
    outer loop
      vertex 58.927 41.1322 1.2
      vertex 59.8546 41.6557 1.2
      vertex 59.5688 41.623 1.2
    endloop
  endfacet
  facet normal 0 0 1
    outer loop
      vertex 61.6261 37.2398 1.2
      vertex 59.8718 33.3892 1.2
      vertex 60.2976 33.2017 1.2
    endloop
  endfacet
  facet normal 0 0 1
    outer loop
      vertex 59.105 41.3612 1.2
      vertex 59.5688 41.623 1.2
      vertex 59.3189 41.5248 1.2
    endloop
  endfacet
  facet normal 0 0 1
    outer loop
      vertex 59.5688 41.623 1.2
      vertex 59.105 41.3612 1.2
      vertex 58.927 41.1322 1.2
    endloop
  endfacet
  facet normal 0 0 1
    outer loop
      vertex 60.9879 40.23 1.2
      vertex 58.927 41.1322 1.2
      vertex 58.7869 40.8421 1.2
    endloop
  endfacet
  facet normal 0 0 1
    outer loop
      vertex 59.8718 33.3892 1.2
      vertex 58.6069 36.5725 1.2
      vertex 59.3862 33.5231 1.2
    endloop
  endfacet
  facet normal 0 0 1
    outer loop
      vertex 58.6269 40.0921 1.2
      vertex 60.9879 40.23 1.2
      vertex 58.6869 40.4955 1.2
    endloop
  endfacet
  facet normal 0 0 1
    outer loop
      vertex 60.9879 40.23 1.2
      vertex 58.6269 40.0921 1.2
      vertex 60.9454 39.5454 1.2
    endloop
  endfacet
  facet normal 0 0 1
    outer loop
      vertex 60.9454 39.5454 1.2
      vertex 58.6269 40.0921 1.2
      vertex 58.6069 39.6322 1.2
    endloop
  endfacet
  facet normal 0 0 1
    outer loop
      vertex 61.1156 38.2041 1.2
      vertex 58.6069 39.6322 1.2
      vertex 58.6069 36.5725 1.2
    endloop
  endfacet
  facet normal 0 0 1
    outer loop
      vertex 59.3862 33.5231 1.2
      vertex 58.6069 36.5725 1.2
      vertex 58.841 33.6035 1.2
    endloop
  endfacet
  facet normal 0 0 1
    outer loop
      vertex 58.6069 36.5725 1.2
      vertex 58.2361 33.6302 1.2
      vertex 58.841 33.6035 1.2
    endloop
  endfacet
  facet normal -0 0 1
    outer loop
      vertex 57.6303 36.5725 1.2
      vertex 58.2361 33.6302 1.2
      vertex 58.6069 36.5725 1.2
    endloop
  endfacet
  facet normal 0 0 1
    outer loop
      vertex 56.2341 42.4423 1.2
      vertex 57.6283 41.3926 1.2
      vertex 57.6222 41.7262 1.2
    endloop
  endfacet
  facet normal 0 0 1
    outer loop
      vertex 56.2341 42.4423 1.2
      vertex 57.6222 41.7262 1.2
      vertex 57.612 42.0761 1.2
    endloop
  endfacet
  facet normal -0 0 1
    outer loop
      vertex 56.2341 42.4423 1.2
      vertex 57.612 42.0761 1.2
      vertex 57.5978 42.4423 1.2
    endloop
  endfacet
  facet normal 0 0 1
    outer loop
      vertex 57.6303 36.5725 1.2
      vertex 57.3834 33.5665 1.2
      vertex 58.2361 33.6302 1.2
    endloop
  endfacet
  facet normal -0 0 1
    outer loop
      vertex 56.2341 37.8257 1.2
      vertex 57.6303 36.5725 1.2
      vertex 57.6303 41.0752 1.2
    endloop
  endfacet
  facet normal 0 0 1
    outer loop
      vertex 60.7316 28.8291 1.2
      vertex 60.5155 27.266 1.2
      vertex 60.7316 27.4511 1.2
    endloop
  endfacet
  facet normal 0 0 1
    outer loop
      vertex 60.7316 28.8291 1.2
      vertex 60.2685 27.1013 1.2
      vertex 60.5155 27.266 1.2
    endloop
  endfacet
  facet normal -0 0 1
    outer loop
      vertex 58.4477 28.8291 1.2
      vertex 60.2685 27.1013 1.2
      vertex 60.7316 28.8291 1.2
    endloop
  endfacet
  facet normal 0 0 1
    outer loop
      vertex 60.2685 27.1013 1.2
      vertex 58.4477 28.8291 1.2
      vertex 59.9906 26.9568 1.2
    endloop
  endfacet
  facet normal 0 0 1
    outer loop
      vertex 59.9906 26.9568 1.2
      vertex 58.4477 28.8291 1.2
      vertex 59.6819 26.8327 1.2
    endloop
  endfacet
  facet normal 0 0 1
    outer loop
      vertex 59.6819 26.8327 1.2
      vertex 58.4477 28.8291 1.2
      vertex 59.3515 26.7331 1.2
    endloop
  endfacet
  facet normal 0 0 1
    outer loop
      vertex 59.3515 26.7331 1.2
      vertex 58.4477 28.8291 1.2
      vertex 59.0085 26.6619 1.2
    endloop
  endfacet
  facet normal 0 0 1
    outer loop
      vertex 59.0085 26.6619 1.2
      vertex 58.4477 28.8291 1.2
      vertex 58.653 26.6191 1.2
    endloop
  endfacet
  facet normal 0 0 1
    outer loop
      vertex 58.653 26.6191 1.2
      vertex 58.4477 28.8291 1.2
      vertex 58.285 26.6049 1.2
    endloop
  endfacet
  facet normal -0 0 1
    outer loop
      vertex 69.0923 32.9901 1.2
      vertex 70.0688 31.7423 1.2
      vertex 70.0688 32.9901 1.2
    endloop
  endfacet
  facet normal 0 0 1
    outer loop
      vertex 70.0688 31.7423 1.2
      vertex 69.0923 32.9901 1.2
      vertex 69.0923 31.7423 1.2
    endloop
  endfacet
  facet normal -0 0 1
    outer loop
      vertex 78.6009 33.9232 1.2
      vertex 90 1.5 1.2
      vertex 90 66.5 1.2
    endloop
  endfacet
  facet normal 0 0 1
    outer loop
      vertex 90 1.5 1.2
      vertex 78.6009 27.0823 1.2
      vertex 78.6334 25.8725 1.2
    endloop
  endfacet
  facet normal -0 -0 1
    outer loop
      vertex 78.6029 26.6629 1.2
      vertex 78.6334 25.8725 1.2
      vertex 78.6009 27.0823 1.2
    endloop
  endfacet
  facet normal 0 0 1
    outer loop
      vertex 78.6334 25.8725 1.2
      vertex 78.609 26.3214 1.2
      vertex 78.6192 26.058 1.2
    endloop
  endfacet
  facet normal 0 0 1
    outer loop
      vertex 90 1.5 1.2
      vertex 78.6009 33.9232 1.2
      vertex 78.6009 27.0823 1.2
    endloop
  endfacet
  facet normal -0 0 1
    outer loop
      vertex 65.5119 41.771 1.2
      vertex 78.6009 33.9232 1.2
      vertex 90 66.5 1.2
    endloop
  endfacet
  facet normal -0 0 1
    outer loop
      vertex 76.9082 31.6067 1.2
      vertex 77.6244 31.4874 1.2
      vertex 77.6244 33.9232 1.2
    endloop
  endfacet
  facet normal 0 0 1
    outer loop
      vertex 77.6244 31.4874 1.2
      vertex 77.4779 31.0788 1.2
      vertex 77.6244 30.831 1.2
    endloop
  endfacet
  facet normal 0 0 1
    outer loop
      vertex 77.6244 31.4874 1.2
      vertex 77.3097 31.2907 1.2
      vertex 77.4779 31.0788 1.2
    endloop
  endfacet
  facet normal 0 0 1
    outer loop
      vertex 77.6244 31.4874 1.2
      vertex 77.1198 31.4666 1.2
      vertex 77.3097 31.2907 1.2
    endloop
  endfacet
  facet normal 0 0 1
    outer loop
      vertex 77.6244 31.4874 1.2
      vertex 76.9082 31.6067 1.2
      vertex 77.1198 31.4666 1.2
    endloop
  endfacet
  facet normal 0 0 1
    outer loop
      vertex 77.6244 33.9232 1.2
      vertex 76.6719 31.7135 1.2
      vertex 76.9082 31.6067 1.2
    endloop
  endfacet
  facet normal 0 0 1
    outer loop
      vertex 78.6009 33.9232 1.2
      vertex 65.5119 41.771 1.2
      vertex 77.6244 33.9232 1.2
    endloop
  endfacet
  facet normal 0 -0 1
    outer loop
      vertex 75.7961 31.8508 1.2
      vertex 77.6244 33.9232 1.2
      vertex 72.4849 33.9232 1.2
    endloop
  endfacet
  facet normal 0 0 1
    outer loop
      vertex 77.6244 33.9232 1.2
      vertex 76.4078 31.7898 1.2
      vertex 76.6719 31.7135 1.2
    endloop
  endfacet
  facet normal 0 0 1
    outer loop
      vertex 77.6244 33.9232 1.2
      vertex 76.1159 31.8356 1.2
      vertex 76.4078 31.7898 1.2
    endloop
  endfacet
  facet normal 0 0 1
    outer loop
      vertex 77.6244 33.9232 1.2
      vertex 75.7961 31.8508 1.2
      vertex 76.1159 31.8356 1.2
    endloop
  endfacet
  facet normal 0 0 1
    outer loop
      vertex 75.7961 31.8508 1.2
      vertex 72.4849 33.9232 1.2
      vertex 74.8515 31.6589 1.2
    endloop
  endfacet
  facet normal 0 0 1
    outer loop
      vertex 73.772 30.1237 1.2
      vertex 72.4849 33.9232 1.2
      vertex 73.637 28.7803 1.2
    endloop
  endfacet
  facet normal 0 0 1
    outer loop
      vertex 74.1768 31.0832 1.2
      vertex 72.4849 33.9232 1.2
      vertex 73.772 30.1237 1.2
    endloop
  endfacet
  facet normal 0 0 1
    outer loop
      vertex 74.8515 31.6589 1.2
      vertex 72.4849 33.9232 1.2
      vertex 74.1768 31.0832 1.2
    endloop
  endfacet
  facet normal 0 0 1
    outer loop
      vertex 77.6244 33.9232 1.2
      vertex 65.9971 40.7962 1.2
      vertex 72.4849 33.9232 1.2
    endloop
  endfacet
  facet normal 0 0 1
    outer loop
      vertex 70.0688 32.9901 1.2
      vertex 71.5084 33.9232 1.2
      vertex 70.0688 33.9232 1.2
    endloop
  endfacet
  facet normal -0 -0 1
    outer loop
      vertex 66.1588 39.4315 1.2
      vertex 72.4849 33.9232 1.2
      vertex 65.9971 40.7962 1.2
    endloop
  endfacet
  facet normal 0 0 1
    outer loop
      vertex 72.4849 33.9232 1.2
      vertex 66.1588 39.4315 1.2
      vertex 71.5084 33.9232 1.2
    endloop
  endfacet
  facet normal 0 0 1
    outer loop
      vertex 67.7232 31.7423 1.2
      vertex 69.0923 32.9901 1.2
      vertex 69.0923 33.9232 1.2
    endloop
  endfacet
  facet normal 0 0 1
    outer loop
      vertex 69.0923 32.9901 1.2
      vertex 67.7232 31.7423 1.2
      vertex 69.0923 31.7423 1.2
    endloop
  endfacet
  facet normal 0 0 1
    outer loop
      vertex 67.7232 27.1257 1.2
      vertex 69.0923 31.7423 1.2
      vertex 67.7232 31.7423 1.2
    endloop
  endfacet
  facet normal -0 -0 1
    outer loop
      vertex 67.7313 26.2997 1.2
      vertex 69.0923 25.8725 1.2
      vertex 67.7252 26.6629 1.2
    endloop
  endfacet
  facet normal 0 0 1
    outer loop
      vertex 69.0923 25.8725 1.2
      vertex 67.7415 26.0363 1.2
      vertex 67.7557 25.8725 1.2
    endloop
  endfacet
  facet normal -0 -0 1
    outer loop
      vertex 67.7415 26.0363 1.2
      vertex 69.0923 25.8725 1.2
      vertex 67.7313 26.2997 1.2
    endloop
  endfacet
  facet normal 0 0 1
    outer loop
      vertex 69.0923 31.7423 1.2
      vertex 67.7232 27.1257 1.2
      vertex 69.0923 25.8725 1.2
    endloop
  endfacet
  facet normal 0 0 1
    outer loop
      vertex 69.0923 33.9232 1.2
      vertex 66.7467 31.7423 1.2
      vertex 67.7232 31.7423 1.2
    endloop
  endfacet
  facet normal -0 0 1
    outer loop
      vertex 66.1588 39.3013 1.2
      vertex 71.5084 33.9232 1.2
      vertex 66.1588 39.4315 1.2
    endloop
  endfacet
  facet normal -0 0 1
    outer loop
      vertex 64.0179 31.7423 1.2
      vertex 66.7467 28.3409 1.2
      vertex 66.7467 31.7423 1.2
    endloop
  endfacet
  facet normal 0 0 1
    outer loop
      vertex 66.7467 28.3409 1.2
      vertex 64.0179 28.0208 1.2
      vertex 66.7213 27.9357 1.2
    endloop
  endfacet
  facet normal 0 0 1
    outer loop
      vertex 66.7213 27.9357 1.2
      vertex 64.0179 28.0208 1.2
      vertex 66.645 27.5773 1.2
    endloop
  endfacet
  facet normal 0 0 1
    outer loop
      vertex 66.645 27.5773 1.2
      vertex 64.0179 28.0208 1.2
      vertex 66.5178 27.2657 1.2
    endloop
  endfacet
  facet normal 0 0 1
    outer loop
      vertex 70.0688 33.9232 1.2
      vertex 66.0014 37.8528 1.2
      vertex 69.0923 33.9232 1.2
    endloop
  endfacet
  facet normal -0 0 1
    outer loop
      vertex 66.0014 37.8528 1.2
      vertex 70.0688 33.9232 1.2
      vertex 66.1588 39.3013 1.2
    endloop
  endfacet
  facet normal 0 0 1
    outer loop
      vertex 71.5084 33.9232 1.2
      vertex 66.1588 39.3013 1.2
      vertex 70.0688 33.9232 1.2
    endloop
  endfacet
  facet normal 0 0 1
    outer loop
      vertex 77.6244 33.9232 1.2
      vertex 65.5119 41.771 1.2
      vertex 65.9971 40.7962 1.2
    endloop
  endfacet
  facet normal 0 0 1
    outer loop
      vertex 90 66.5 1.2
      vertex 64.7032 42.3559 1.2
      vertex 65.5119 41.771 1.2
    endloop
  endfacet
  facet normal 0 0 1
    outer loop
      vertex 90 66.5 1.2
      vertex 63.571 42.5508 1.2
      vertex 64.7032 42.3559 1.2
    endloop
  endfacet
  facet normal 0 0 1
    outer loop
      vertex 60.0773 42.5474 1.2
      vertex 63.571 42.5508 1.2
      vertex 90 66.5 1.2
    endloop
  endfacet
  facet normal 0 0 1
    outer loop
      vertex 63.571 42.5508 1.2
      vertex 60.0773 42.5474 1.2
      vertex 62.9755 42.5023 1.2
    endloop
  endfacet
  facet normal -0 -0 1
    outer loop
      vertex 60.2754 42.5203 1.2
      vertex 62.9755 42.5023 1.2
      vertex 60.176 42.5372 1.2
    endloop
  endfacet
  facet normal 0 0 1
    outer loop
      vertex 60.2696 41.6252 1.2
      vertex 60.9879 40.23 1.2
      vertex 60.3754 41.6015 1.2
    endloop
  endfacet
  facet normal 0 0 1
    outer loop
      vertex 61.1156 40.8298 1.2
      vertex 60.3754 41.6015 1.2
      vertex 60.9879 40.23 1.2
    endloop
  endfacet
  facet normal 0 0 1
    outer loop
      vertex 61.3283 41.3448 1.2
      vertex 60.3754 41.6015 1.2
      vertex 61.1156 40.8298 1.2
    endloop
  endfacet
  facet normal 0 0 1
    outer loop
      vertex 61.6261 41.7751 1.2
      vertex 60.3754 41.6015 1.2
      vertex 61.3283 41.3448 1.2
    endloop
  endfacet
  facet normal 0 0 1
    outer loop
      vertex 60.3754 41.6015 1.2
      vertex 61.6261 41.7751 1.2
      vertex 60.3754 42.4966 1.2
    endloop
  endfacet
  facet normal 0 0 1
    outer loop
      vertex 62.003 42.1144 1.2
      vertex 60.3754 42.4966 1.2
      vertex 61.6261 41.7751 1.2
    endloop
  endfacet
  facet normal 0 0 1
    outer loop
      vertex 62.4528 42.3569 1.2
      vertex 60.3754 42.4966 1.2
      vertex 62.003 42.1144 1.2
    endloop
  endfacet
  facet normal 0 0 1
    outer loop
      vertex 62.9755 42.5023 1.2
      vertex 60.3754 42.4966 1.2
      vertex 62.4528 42.3569 1.2
    endloop
  endfacet
  facet normal 0 -0 1
    outer loop
      vertex 60.3754 42.4966 1.2
      vertex 62.9755 42.5023 1.2
      vertex 60.2754 42.5203 1.2
    endloop
  endfacet
  facet normal 0 0 1
    outer loop
      vertex 62.9755 42.5023 1.2
      vertex 60.0773 42.5474 1.2
      vertex 60.176 42.5372 1.2
    endloop
  endfacet
  facet normal 0 0 1
    outer loop
      vertex 90 66.5 1.2
      vertex 59.9794 42.5508 1.2
      vertex 60.0773 42.5474 1.2
    endloop
  endfacet
  facet normal 0 0 1
    outer loop
      vertex 90 66.5 1.2
      vertex 59.7183 42.5335 1.2
      vertex 59.9794 42.5508 1.2
    endloop
  endfacet
  facet normal 0 0 1
    outer loop
      vertex 57.5978 42.4423 1.2
      vertex 59.7183 42.5335 1.2
      vertex 90 66.5 1.2
    endloop
  endfacet
  facet normal 0 -0 1
    outer loop
      vertex 58.5201 42.4423 1.2
      vertex 59.7183 42.5335 1.2
      vertex 57.5978 42.4423 1.2
    endloop
  endfacet
  facet normal 0 0 1
    outer loop
      vertex 59.4884 42.4817 1.2
      vertex 58.5201 42.4423 1.2
      vertex 59.2897 42.3952 1.2
    endloop
  endfacet
  facet normal -0 0 1
    outer loop
      vertex 58.5607 41.3936 1.2
      vertex 58.5851 41.2435 1.2
      vertex 58.7062 41.5907 1.2
    endloop
  endfacet
  facet normal 0 0 1
    outer loop
      vertex 58.5851 41.2435 1.2
      vertex 58.5607 41.3936 1.2
      vertex 58.5634 41.2435 1.2
    endloop
  endfacet
  facet normal -0 0 1
    outer loop
      vertex 58.5526 41.6435 1.2
      vertex 58.7062 41.5907 1.2
      vertex 58.836 41.8782 1.2
    endloop
  endfacet
  facet normal 0 0 1
    outer loop
      vertex 58.7062 41.5907 1.2
      vertex 58.5526 41.6435 1.2
      vertex 58.5607 41.3936 1.2
    endloop
  endfacet
  facet normal -0 0 1
    outer loop
      vertex 58.539 41.9931 1.2
      vertex 58.836 41.8782 1.2
      vertex 58.9747 42.106 1.2
    endloop
  endfacet
  facet normal 0 0 1
    outer loop
      vertex 58.5201 42.4423 1.2
      vertex 58.9747 42.106 1.2
      vertex 59.1221 42.2742 1.2
    endloop
  endfacet
  facet normal 0 0 1
    outer loop
      vertex 58.836 41.8782 1.2
      vertex 58.539 41.9931 1.2
      vertex 58.5526 41.6435 1.2
    endloop
  endfacet
  facet normal 0 0 1
    outer loop
      vertex 59.2897 42.3952 1.2
      vertex 58.5201 42.4423 1.2
      vertex 59.1221 42.2742 1.2
    endloop
  endfacet
  facet normal 0 0 1
    outer loop
      vertex 58.9747 42.106 1.2
      vertex 58.5201 42.4423 1.2
      vertex 58.539 41.9931 1.2
    endloop
  endfacet
  facet normal 0 0 1
    outer loop
      vertex 59.7183 42.5335 1.2
      vertex 58.5201 42.4423 1.2
      vertex 59.4884 42.4817 1.2
    endloop
  endfacet
  facet normal -0 -0 1
    outer loop
      vertex 56.2422 36.9997 1.2
      vertex 57.6303 36.5725 1.2
      vertex 56.2361 37.3629 1.2
    endloop
  endfacet
  facet normal 0 0 1
    outer loop
      vertex 57.3834 33.5665 1.2
      vertex 56.2667 36.5725 1.2
      vertex 56.6317 33.3753 1.2
    endloop
  endfacet
  facet normal 0 0 1
    outer loop
      vertex 57.6303 36.5725 1.2
      vertex 56.2667 36.5725 1.2
      vertex 57.3834 33.5665 1.2
    endloop
  endfacet
  facet normal 0 0 1
    outer loop
      vertex 57.6303 36.5725 1.2
      vertex 56.2524 36.7363 1.2
      vertex 56.2667 36.5725 1.2
    endloop
  endfacet
  facet normal -0 -0 1
    outer loop
      vertex 56.2524 36.7363 1.2
      vertex 57.6303 36.5725 1.2
      vertex 56.2422 36.9997 1.2
    endloop
  endfacet
  facet normal 0 0 1
    outer loop
      vertex 56.2341 37.8257 1.2
      vertex 57.6303 41.0752 1.2
      vertex 56.2341 42.4423 1.2
    endloop
  endfacet
  facet normal 0 0 1
    outer loop
      vertex 90 66.5 1.2
      vertex 56.2341 42.4423 1.2
      vertex 57.5978 42.4423 1.2
    endloop
  endfacet
  facet normal 0 0 1
    outer loop
      vertex 90 66.5 1.2
      vertex 55.2576 42.4423 1.2
      vertex 56.2341 42.4423 1.2
    endloop
  endfacet
  facet normal -0 0 1
    outer loop
      vertex 52.5288 42.4423 1.2
      vertex 55.2576 39.0409 1.2
      vertex 55.2576 42.4423 1.2
    endloop
  endfacet
  facet normal 0 0 1
    outer loop
      vertex 52.5288 38.7208 1.2
      vertex 55.2576 39.0409 1.2
      vertex 52.5288 42.4423 1.2
    endloop
  endfacet
  facet normal 0 0 1
    outer loop
      vertex 52.5288 38.7208 1.2
      vertex 55.1559 38.2773 1.2
      vertex 55.2322 38.6357 1.2
    endloop
  endfacet
  facet normal 0 0 1
    outer loop
      vertex 55.1559 38.2773 1.2
      vertex 52.5359 38.4469 1.2
      vertex 55.0287 37.9657 1.2
    endloop
  endfacet
  facet normal 0 0 1
    outer loop
      vertex 55.0287 37.9657 1.2
      vertex 52.5359 38.4469 1.2
      vertex 54.8507 37.7009 1.2
    endloop
  endfacet
  facet normal 0 0 1
    outer loop
      vertex 54.8507 37.7009 1.2
      vertex 52.5359 38.4469 1.2
      vertex 54.6286 37.4897 1.2
    endloop
  endfacet
  facet normal 0 0 1
    outer loop
      vertex 54.6286 37.4897 1.2
      vertex 52.5359 38.4469 1.2
      vertex 54.3693 37.3388 1.2
    endloop
  endfacet
  facet normal 0 0 1
    outer loop
      vertex 54.3693 37.3388 1.2
      vertex 52.5359 38.4469 1.2
      vertex 54.0726 37.2483 1.2
    endloop
  endfacet
  facet normal 0 0 1
    outer loop
      vertex 54.0726 37.2483 1.2
      vertex 52.5359 38.4469 1.2
      vertex 53.7386 37.2181 1.2
    endloop
  endfacet
  facet normal -0 -0 1
    outer loop
      vertex 52.5573 38.2054 1.2
      vertex 53.7386 37.2181 1.2
      vertex 52.5359 38.4469 1.2
    endloop
  endfacet
  facet normal 0 0 1
    outer loop
      vertex 53.7386 37.2181 1.2
      vertex 52.5573 38.2054 1.2
      vertex 53.5118 37.2269 1.2
    endloop
  endfacet
  facet normal -0 -0 1
    outer loop
      vertex 52.5929 37.9966 1.2
      vertex 53.5118 37.2269 1.2
      vertex 52.5573 38.2054 1.2
    endloop
  endfacet
  facet normal 0 0 1
    outer loop
      vertex 53.5118 37.2269 1.2
      vertex 52.5929 37.9966 1.2
      vertex 53.3141 37.2534 1.2
    endloop
  endfacet
  facet normal -0 -0 1
    outer loop
      vertex 52.6427 37.8203 1.2
      vertex 53.3141 37.2534 1.2
      vertex 52.5929 37.9966 1.2
    endloop
  endfacet
  facet normal 0 0 1
    outer loop
      vertex 53.3141 37.2534 1.2
      vertex 52.6427 37.8203 1.2
      vertex 53.1456 37.2974 1.2
    endloop
  endfacet
  facet normal -0 -0 1
    outer loop
      vertex 52.7082 37.6714 1.2
      vertex 53.1456 37.2974 1.2
      vertex 52.6427 37.8203 1.2
    endloop
  endfacet
  facet normal 0 0 1
    outer loop
      vertex 53.1456 37.2974 1.2
      vertex 52.7082 37.6714 1.2
      vertex 53.0062 37.3591 1.2
    endloop
  endfacet
  facet normal -0 -0 1
    outer loop
      vertex 52.7906 37.545 1.2
      vertex 53.0062 37.3591 1.2
      vertex 52.7082 37.6714 1.2
    endloop
  endfacet
  facet normal 0 0 1
    outer loop
      vertex 53.0062 37.3591 1.2
      vertex 52.7906 37.545 1.2
      vertex 52.8899 37.4409 1.2
    endloop
  endfacet
  facet normal -0 0 1
    outer loop
      vertex 52.5288 38.7208 1.2
      vertex 55.2322 38.6357 1.2
      vertex 55.2576 39.0409 1.2
    endloop
  endfacet
  facet normal 0 0 1
    outer loop
      vertex 90 66.5 1.2
      vertex 52.5288 42.4423 1.2
      vertex 55.2576 42.4423 1.2
    endloop
  endfacet
  facet normal 0 0 1
    outer loop
      vertex 90 66.5 1.2
      vertex 51.5469 42.4423 1.2
      vertex 52.5288 42.4423 1.2
    endloop
  endfacet
  facet normal -0 0 1
    outer loop
      vertex 50.4506 41.097 1.2
      vertex 51.5469 38.5309 1.2
      vertex 51.5469 42.4423 1.2
    endloop
  endfacet
  facet normal 0 0 1
    outer loop
      vertex 51.5469 38.5309 1.2
      vertex 50.547 38.3582 1.2
      vertex 50.5538 38.1946 1.2
    endloop
  endfacet
  facet normal 0 0 1
    outer loop
      vertex 51.5469 38.5309 1.2
      vertex 50.5266 38.5126 1.2
      vertex 50.547 38.3582 1.2
    endloop
  endfacet
  facet normal 0 0 1
    outer loop
      vertex 51.5469 38.5309 1.2
      vertex 50.4927 38.6579 1.2
      vertex 50.5266 38.5126 1.2
    endloop
  endfacet
  facet normal -0 0 1
    outer loop
      vertex 50.2321 39.1536 1.2
      vertex 51.5469 38.5309 1.2
      vertex 50.4506 41.097 1.2
    endloop
  endfacet
  facet normal 0 0 1
    outer loop
      vertex 51.5469 42.4423 1.2
      vertex 50.3484 41.4482 1.2
      vertex 50.4506 41.097 1.2
    endloop
  endfacet
  facet normal 0 0 1
    outer loop
      vertex 51.5469 42.4423 1.2
      vertex 50.1936 41.748 1.2
      vertex 50.3484 41.4482 1.2
    endloop
  endfacet
  facet normal -0 0 1
    outer loop
      vertex 48.6436 42.5132 1.2
      vertex 51.5469 42.4423 1.2
      vertex 90 66.5 1.2
    endloop
  endfacet
  facet normal 0 0 1
    outer loop
      vertex 51.5469 42.4423 1.2
      vertex 49.9863 41.9962 1.2
      vertex 50.1936 41.748 1.2
    endloop
  endfacet
  facet normal 0 0 1
    outer loop
      vertex 51.5469 42.4423 1.2
      vertex 49.7264 42.1928 1.2
      vertex 49.9863 41.9962 1.2
    endloop
  endfacet
  facet normal 0 0 1
    outer loop
      vertex 51.5469 42.4423 1.2
      vertex 49.4153 42.3423 1.2
      vertex 49.7264 42.1928 1.2
    endloop
  endfacet
  facet normal 0 0 1
    outer loop
      vertex 51.5469 42.4423 1.2
      vertex 49.0544 42.4491 1.2
      vertex 49.4153 42.3423 1.2
    endloop
  endfacet
  facet normal 0 0 1
    outer loop
      vertex 51.5469 42.4423 1.2
      vertex 48.6436 42.5132 1.2
      vertex 49.0544 42.4491 1.2
    endloop
  endfacet
  facet normal 0 0 1
    outer loop
      vertex 90 66.5 1.2
      vertex 48.183 42.5346 1.2
      vertex 48.6436 42.5132 1.2
    endloop
  endfacet
  facet normal 0 0 1
    outer loop
      vertex 90 66.5 1.2
      vertex 47.6678 42.5083 1.2
      vertex 48.183 42.5346 1.2
    endloop
  endfacet
  facet normal -0 0 1
    outer loop
      vertex 42.9713 42.5191 1.2
      vertex 47.6678 42.5083 1.2
      vertex 90 66.5 1.2
    endloop
  endfacet
  facet normal 0 0 1
    outer loop
      vertex 47.6678 42.5083 1.2
      vertex 42.9713 42.5191 1.2
      vertex 47.218 42.4295 1.2
    endloop
  endfacet
  facet normal 0 0 1
    outer loop
      vertex 46.2112 37.0304 1.2
      vertex 45.5444 37.2127 1.2
      vertex 45.5444 36.6051 1.2
    endloop
  endfacet
  facet normal 0 0 1
    outer loop
      vertex 46.1432 40.1584 1.2
      vertex 44.6764 40.5762 1.2
      vertex 44.6764 38.0481 1.2
    endloop
  endfacet
  facet normal -0 0 1
    outer loop
      vertex 44.6415 41.0279 1.2
      vertex 45.9425 40.8908 1.2
      vertex 45.9782 41.2683 1.2
    endloop
  endfacet
  facet normal 0 -0 1
    outer loop
      vertex 44.7049 37.6677 1.2
      vertex 45.7092 37.9504 1.2
      vertex 44.6836 37.8445 1.2
    endloop
  endfacet
  facet normal 0 0 1
    outer loop
      vertex 45.8246 37.5932 1.2
      vertex 45.4573 37.196 1.2
      vertex 45.5444 37.2127 1.2
    endloop
  endfacet
  facet normal 0 -0 1
    outer loop
      vertex 44.7405 37.5176 1.2
      vertex 45.7092 37.9504 1.2
      vertex 44.7049 37.6677 1.2
    endloop
  endfacet
  facet normal 0 0 1
    outer loop
      vertex 45.7092 37.9504 1.2
      vertex 45.3749 37.1842 1.2
      vertex 45.4573 37.196 1.2
    endloop
  endfacet
  facet normal 0 0 1
    outer loop
      vertex 45.7092 37.9504 1.2
      vertex 45.2973 37.177 1.2
      vertex 45.3749 37.1842 1.2
    endloop
  endfacet
  facet normal 0 0 1
    outer loop
      vertex 45.7092 37.9504 1.2
      vertex 45.2244 37.1747 1.2
      vertex 45.2973 37.177 1.2
    endloop
  endfacet
  facet normal 0 0 1
    outer loop
      vertex 45.7092 37.9504 1.2
      vertex 44.7405 37.5176 1.2
      vertex 45.2244 37.1747 1.2
    endloop
  endfacet
  facet normal 0 0 1
    outer loop
      vertex 45.2244 37.1747 1.2
      vertex 44.7405 37.5176 1.2
      vertex 45.0773 37.1884 1.2
    endloop
  endfacet
  facet normal -0 -0 1
    outer loop
      vertex 44.7904 37.3943 1.2
      vertex 45.0773 37.1884 1.2
      vertex 44.7405 37.5176 1.2
    endloop
  endfacet
  facet normal -0 0 1
    outer loop
      vertex 44.5367 41.4231 1.2
      vertex 45.9782 41.2683 1.2
      vertex 46.0856 41.5981 1.2
    endloop
  endfacet
  facet normal 0 0 1
    outer loop
      vertex 45.0773 37.1884 1.2
      vertex 44.7904 37.3943 1.2
      vertex 44.9559 37.2296 1.2
    endloop
  endfacet
  facet normal 0 0 1
    outer loop
      vertex 44.9559 37.2296 1.2
      vertex 44.7904 37.3943 1.2
      vertex 44.8602 37.2982 1.2
    endloop
  endfacet
  facet normal 0 0 1
    outer loop
      vertex 46.2532 40.0148 1.2
      vertex 44.6764 38.0481 1.2
      vertex 45.7092 37.9504 1.2
    endloop
  endfacet
  facet normal -0 0 1
    outer loop
      vertex 44.3621 41.7616 1.2
      vertex 46.0856 41.5981 1.2
      vertex 46.2644 41.88 1.2
    endloop
  endfacet
  facet normal -0 0 1
    outer loop
      vertex 44.1176 42.0435 1.2
      vertex 46.2644 41.88 1.2
      vertex 46.5148 42.1141 1.2
    endloop
  endfacet
  facet normal 0 0 1
    outer loop
      vertex 45.9425 40.8908 1.2
      vertex 44.6415 41.0279 1.2
      vertex 44.6764 40.5762 1.2
    endloop
  endfacet
  facet normal 0 0 1
    outer loop
      vertex 45.9782 41.2683 1.2
      vertex 44.5367 41.4231 1.2
      vertex 44.6415 41.0279 1.2
    endloop
  endfacet
  facet normal -0 0 1
    outer loop
      vertex 43.804 42.2655 1.2
      vertex 46.5148 42.1141 1.2
      vertex 46.8337 42.298 1.2
    endloop
  endfacet
  facet normal 0 -0 1
    outer loop
      vertex 43.4219 42.424 1.2
      vertex 47.218 42.4295 1.2
      vertex 42.9713 42.5191 1.2
    endloop
  endfacet
  facet normal 0 0 1
    outer loop
      vertex 46.0856 41.5981 1.2
      vertex 44.3621 41.7616 1.2
      vertex 44.5367 41.4231 1.2
    endloop
  endfacet
  facet normal 0 0 1
    outer loop
      vertex 46.2644 41.88 1.2
      vertex 44.1176 42.0435 1.2
      vertex 44.3621 41.7616 1.2
    endloop
  endfacet
  facet normal 0 0 1
    outer loop
      vertex 46.5148 42.1141 1.2
      vertex 43.804 42.2655 1.2
      vertex 44.1176 42.0435 1.2
    endloop
  endfacet
  facet normal 0 0 1
    outer loop
      vertex 46.8337 42.298 1.2
      vertex 43.4219 42.424 1.2
      vertex 43.804 42.2655 1.2
    endloop
  endfacet
  facet normal 0 0 1
    outer loop
      vertex 47.218 42.4295 1.2
      vertex 43.4219 42.424 1.2
      vertex 46.8337 42.298 1.2
    endloop
  endfacet
  facet normal 0 0 1
    outer loop
      vertex 90 66.5 1.2
      vertex 42.4522 42.5508 1.2
      vertex 42.9713 42.5191 1.2
    endloop
  endfacet
  facet normal -0 0 1
    outer loop
      vertex 0 66.5 1.2
      vertex 42.4522 42.5508 1.2
      vertex 90 66.5 1.2
    endloop
  endfacet
  facet normal -0 -0 1
    outer loop
      vertex 30.0237 44.2163 1.2
      vertex 42.4522 42.5508 1.2
      vertex 0 66.5 1.2
    endloop
  endfacet
  facet normal 0 0 1
    outer loop
      vertex 40.1746 39.3399 1.2
      vertex 39.0162 39.4315 1.2
      vertex 39.9873 39.0165 1.2
    endloop
  endfacet
  facet normal 0 0 1
    outer loop
      vertex 40.5198 30.3752 1.2
      vertex 39.2386 30.0962 1.2
      vertex 39.4003 28.7315 1.2
    endloop
  endfacet
  facet normal 0 0 1
    outer loop
      vertex 39.8749 38.6401 1.2
      vertex 38.8589 37.8528 1.2
      vertex 39.8374 38.2108 1.2
    endloop
  endfacet
  facet normal 0 0 1
    outer loop
      vertex 39.9873 39.0165 1.2
      vertex 39.0162 39.3013 1.2
      vertex 39.8749 38.6401 1.2
    endloop
  endfacet
  facet normal -0 0 1
    outer loop
      vertex 39.0162 39.3013 1.2
      vertex 39.9873 39.0165 1.2
      vertex 39.0162 39.4315 1.2
    endloop
  endfacet
  facet normal 0 0 1
    outer loop
      vertex 38.8545 40.7962 1.2
      vertex 40.0978 40.9667 1.2
      vertex 40.3385 41.6598 1.2
    endloop
  endfacet
  facet normal 0 0 1
    outer loop
      vertex 40.0978 40.9667 1.2
      vertex 38.8545 40.7962 1.2
      vertex 39.0162 39.4315 1.2
    endloop
  endfacet
  facet normal -0 0 1
    outer loop
      vertex 38.3693 41.771 1.2
      vertex 40.3385 41.6598 1.2
      vertex 40.8112 42.1548 1.2
    endloop
  endfacet
  facet normal 0 0 1
    outer loop
      vertex 40.3385 41.6598 1.2
      vertex 38.3693 41.771 1.2
      vertex 38.8545 40.7962 1.2
    endloop
  endfacet
  facet normal -0 -0 1
    outer loop
      vertex 36.4285 42.5508 1.2
      vertex 41.5157 42.4518 1.2
      vertex 30.0237 44.2163 1.2
    endloop
  endfacet
  facet normal 0 0 1
    outer loop
      vertex 40.8112 42.1548 1.2
      vertex 37.5606 42.3559 1.2
      vertex 38.3693 41.771 1.2
    endloop
  endfacet
  facet normal 0 0 1
    outer loop
      vertex 41.5157 42.4518 1.2
      vertex 37.5606 42.3559 1.2
      vertex 40.8112 42.1548 1.2
    endloop
  endfacet
  facet normal 0 -0 1
    outer loop
      vertex 37.5606 42.3559 1.2
      vertex 41.5157 42.4518 1.2
      vertex 36.4285 42.5508 1.2
    endloop
  endfacet
  facet normal 0 0 1
    outer loop
      vertex 36.4285 42.5508 1.2
      vertex 30.0237 44.2163 1.2
      vertex 35.8329 42.5023 1.2
    endloop
  endfacet
  facet normal -0 0 1
    outer loop
      vertex 32.523 31.0317 1.2
      vertex 34.2294 29.53 1.2
      vertex 33.608 31.0317 1.2
    endloop
  endfacet
  facet normal 0 0 1
    outer loop
      vertex 32.8667 41.6523 1.2
      vertex 33.8453 40.23 1.2
      vertex 33.005 41.6421 1.2
    endloop
  endfacet
  facet normal 0 0 1
    outer loop
      vertex 33.973 40.8298 1.2
      vertex 33.2329 41.6015 1.2
      vertex 33.8453 40.23 1.2
    endloop
  endfacet
  facet normal 0 0 1
    outer loop
      vertex 34.1857 41.3448 1.2
      vertex 33.2329 41.6015 1.2
      vertex 33.973 40.8298 1.2
    endloop
  endfacet
  facet normal 0 0 1
    outer loop
      vertex 34.4836 41.7751 1.2
      vertex 33.2329 41.6015 1.2
      vertex 34.1857 41.3448 1.2
    endloop
  endfacet
  facet normal 0 0 1
    outer loop
      vertex 33.2329 41.6015 1.2
      vertex 34.4836 41.7751 1.2
      vertex 33.2329 42.4966 1.2
    endloop
  endfacet
  facet normal 0 0 1
    outer loop
      vertex 34.8605 42.1144 1.2
      vertex 33.2329 42.4966 1.2
      vertex 34.4836 41.7751 1.2
    endloop
  endfacet
  facet normal 0 0 1
    outer loop
      vertex 35.3102 42.3569 1.2
      vertex 33.2329 42.4966 1.2
      vertex 34.8605 42.1144 1.2
    endloop
  endfacet
  facet normal -0 -0 1
    outer loop
      vertex 33.1328 42.5203 1.2
      vertex 35.8329 42.5023 1.2
      vertex 30.0237 44.2163 1.2
    endloop
  endfacet
  facet normal 0 0 1
    outer loop
      vertex 35.8329 42.5023 1.2
      vertex 33.2329 42.4966 1.2
      vertex 35.3102 42.3569 1.2
    endloop
  endfacet
  facet normal 0 0 1
    outer loop
      vertex 35.8329 42.5023 1.2
      vertex 33.1328 42.5203 1.2
      vertex 33.2329 42.4966 1.2
    endloop
  endfacet
  facet normal 0 0 1
    outer loop
      vertex 33.1328 42.5203 1.2
      vertex 30.0237 44.2163 1.2
      vertex 33.0334 42.5372 1.2
    endloop
  endfacet
  facet normal 0 0 1
    outer loop
      vertex 33.0334 42.5372 1.2
      vertex 30.0237 44.2163 1.2
      vertex 32.9348 42.5474 1.2
    endloop
  endfacet
  facet normal 0 0 1
    outer loop
      vertex 32.9348 42.5474 1.2
      vertex 30.0237 44.2163 1.2
      vertex 32.8368 42.5508 1.2
    endloop
  endfacet
  facet normal 0 0 1
    outer loop
      vertex 32.8368 42.5508 1.2
      vertex 30.0237 44.2163 1.2
      vertex 32.5757 42.5335 1.2
    endloop
  endfacet
  facet normal -0 0 1
    outer loop
      vertex 31.4182 41.3936 1.2
      vertex 31.4426 41.2435 1.2
      vertex 31.5636 41.5907 1.2
    endloop
  endfacet
  facet normal 0 0 1
    outer loop
      vertex 31.4426 41.2435 1.2
      vertex 31.4182 41.3936 1.2
      vertex 31.4209 41.2435 1.2
    endloop
  endfacet
  facet normal -0 0 1
    outer loop
      vertex 31.41 41.6435 1.2
      vertex 31.5636 41.5907 1.2
      vertex 31.6935 41.8782 1.2
    endloop
  endfacet
  facet normal 0 0 1
    outer loop
      vertex 31.5636 41.5907 1.2
      vertex 31.41 41.6435 1.2
      vertex 31.4182 41.3936 1.2
    endloop
  endfacet
  facet normal -0 0 1
    outer loop
      vertex 31.3965 41.9931 1.2
      vertex 31.6935 41.8782 1.2
      vertex 31.8321 42.106 1.2
    endloop
  endfacet
  facet normal 0 0 1
    outer loop
      vertex 31.3775 42.4423 1.2
      vertex 31.8321 42.106 1.2
      vertex 31.9796 42.2742 1.2
    endloop
  endfacet
  facet normal 0 0 1
    outer loop
      vertex 31.6935 41.8782 1.2
      vertex 31.3965 41.9931 1.2
      vertex 31.41 41.6435 1.2
    endloop
  endfacet
  facet normal 0 0 1
    outer loop
      vertex 31.3775 42.4423 1.2
      vertex 31.9796 42.2742 1.2
      vertex 32.1471 42.3952 1.2
    endloop
  endfacet
  facet normal 0 0 1
    outer loop
      vertex 31.8321 42.106 1.2
      vertex 31.3775 42.4423 1.2
      vertex 31.3965 41.9931 1.2
    endloop
  endfacet
  facet normal 0 0 1
    outer loop
      vertex 32.3458 42.4817 1.2
      vertex 31.3775 42.4423 1.2
      vertex 32.1471 42.3952 1.2
    endloop
  endfacet
  facet normal 0 0 1
    outer loop
      vertex 32.5757 42.5335 1.2
      vertex 30.0237 44.2163 1.2
      vertex 32.3458 42.4817 1.2
    endloop
  endfacet
  facet normal 0 0 1
    outer loop
      vertex 32.3458 42.4817 1.2
      vertex 30.0237 44.2163 1.2
      vertex 31.3775 42.4423 1.2
    endloop
  endfacet
  facet normal 0 0 1
    outer loop
      vertex 30.8683 31.0317 1.2
      vertex 30.0951 30.2981 1.2
      vertex 30.1231 29.7839 1.2
    endloop
  endfacet
  facet normal 0 0 1
    outer loop
      vertex 27.398 36.5725 1.2
      vertex 30.4877 41.0752 1.2
      vertex 30.0237 43.37 1.2
    endloop
  endfacet
  facet normal -0 0 1
    outer loop
      vertex 30.0237 43.37 1.2
      vertex 31.3775 42.4423 1.2
      vertex 30.0237 44.2163 1.2
    endloop
  endfacet
  facet normal 0 0 1
    outer loop
      vertex 42.4522 42.5508 1.2
      vertex 30.0237 44.2163 1.2
      vertex 41.5157 42.4518 1.2
    endloop
  endfacet
  facet normal 0 0 1
    outer loop
      vertex 12.7425 33.5163 1.2
      vertex 23.7416 43.37 1.2
      vertex 23.7416 44.2163 1.2
    endloop
  endfacet
  facet normal -0 0 1
    outer loop
      vertex 20.3344 31.7423 1.2
      vertex 23.0632 28.3409 1.2
      vertex 23.0632 31.7423 1.2
    endloop
  endfacet
  facet normal 0 0 1
    outer loop
      vertex 20.3344 28.0208 1.2
      vertex 23.0632 28.3409 1.2
      vertex 20.3344 31.7423 1.2
    endloop
  endfacet
  facet normal 0 0 1
    outer loop
      vertex 20.3344 28.0208 1.2
      vertex 22.9615 27.5773 1.2
      vertex 23.0378 27.9357 1.2
    endloop
  endfacet
  facet normal 0 0 1
    outer loop
      vertex 22.9615 27.5773 1.2
      vertex 20.3415 27.7469 1.2
      vertex 22.8343 27.2657 1.2
    endloop
  endfacet
  facet normal 0 0 1
    outer loop
      vertex 26.3673 36.5725 1.2
      vertex 17.9125 33.5163 1.2
      vertex 23.0632 31.7423 1.2
    endloop
  endfacet
  facet normal -0 0 1
    outer loop
      vertex 20.3344 28.0208 1.2
      vertex 23.0378 27.9357 1.2
      vertex 23.0632 28.3409 1.2
    endloop
  endfacet
  facet normal 0 0 1
    outer loop
      vertex 22.8343 27.2657 1.2
      vertex 20.3415 27.7469 1.2
      vertex 22.6563 27.0009 1.2
    endloop
  endfacet
  facet normal 0 0 1
    outer loop
      vertex 22.6563 27.0009 1.2
      vertex 20.3415 27.7469 1.2
      vertex 22.4342 26.7897 1.2
    endloop
  endfacet
  facet normal 0 0 1
    outer loop
      vertex 22.4342 26.7897 1.2
      vertex 20.3415 27.7469 1.2
      vertex 22.1748 26.6388 1.2
    endloop
  endfacet
  facet normal 0 0 1
    outer loop
      vertex 22.1748 26.6388 1.2
      vertex 20.3415 27.7469 1.2
      vertex 21.8781 26.5483 1.2
    endloop
  endfacet
  facet normal 0 0 1
    outer loop
      vertex 21.8781 26.5483 1.2
      vertex 20.3415 27.7469 1.2
      vertex 21.5441 26.5181 1.2
    endloop
  endfacet
  facet normal -0 -0 1
    outer loop
      vertex 20.3629 27.5054 1.2
      vertex 21.5441 26.5181 1.2
      vertex 20.3415 27.7469 1.2
    endloop
  endfacet
  facet normal 0 0 1
    outer loop
      vertex 21.5441 26.5181 1.2
      vertex 20.3629 27.5054 1.2
      vertex 21.3173 26.5269 1.2
    endloop
  endfacet
  facet normal -0 -0 1
    outer loop
      vertex 20.3985 27.2966 1.2
      vertex 21.3173 26.5269 1.2
      vertex 20.3629 27.5054 1.2
    endloop
  endfacet
  facet normal 0 0 1
    outer loop
      vertex 21.3173 26.5269 1.2
      vertex 20.3985 27.2966 1.2
      vertex 21.1196 26.5534 1.2
    endloop
  endfacet
  facet normal -0 -0 1
    outer loop
      vertex 20.4483 27.1203 1.2
      vertex 21.1196 26.5534 1.2
      vertex 20.3985 27.2966 1.2
    endloop
  endfacet
  facet normal 0 0 1
    outer loop
      vertex 21.1196 26.5534 1.2
      vertex 20.4483 27.1203 1.2
      vertex 20.9511 26.5974 1.2
    endloop
  endfacet
  facet normal -0 -0 1
    outer loop
      vertex 20.5137 26.9714 1.2
      vertex 20.9511 26.5974 1.2
      vertex 20.4483 27.1203 1.2
    endloop
  endfacet
  facet normal 0 0 1
    outer loop
      vertex 20.9511 26.5974 1.2
      vertex 20.5137 26.9714 1.2
      vertex 20.8118 26.6591 1.2
    endloop
  endfacet
  facet normal -0 -0 1
    outer loop
      vertex 20.5961 26.8449 1.2
      vertex 20.8118 26.6591 1.2
      vertex 20.5137 26.9714 1.2
    endloop
  endfacet
  facet normal 0 0 1
    outer loop
      vertex 20.8118 26.6591 1.2
      vertex 20.5961 26.8449 1.2
      vertex 20.6955 26.7409 1.2
    endloop
  endfacet
  facet normal 0 0 1
    outer loop
      vertex 23.0632 31.7423 1.2
      vertex 17.9125 33.5163 1.2
      vertex 20.3344 31.7423 1.2
    endloop
  endfacet
  facet normal 0 0 1
    outer loop
      vertex 19.3525 31.7423 1.2
      vertex 17.9125 33.5163 1.2
      vertex 19.3525 27.8309 1.2
    endloop
  endfacet
  facet normal 0 0 1
    outer loop
      vertex 20.3344 31.7423 1.2
      vertex 17.9125 33.5163 1.2
      vertex 19.3525 31.7423 1.2
    endloop
  endfacet
  facet normal 0 0 1
    outer loop
      vertex 23.7416 43.37 1.2
      vertex 16.8764 33.5163 1.2
      vertex 17.9125 33.5163 1.2
    endloop
  endfacet
  facet normal 0 0 1
    outer loop
      vertex 16.8764 33.5163 1.2
      vertex 12.7425 33.5163 1.2
      vertex 16.8764 30.2831 1.2
    endloop
  endfacet
  facet normal 0 0 1
    outer loop
      vertex 23.7416 43.37 1.2
      vertex 12.7425 33.5163 1.2
      vertex 16.8764 33.5163 1.2
    endloop
  endfacet
  facet normal 0 0 1
    outer loop
      vertex 23.7416 44.2163 1.2
      vertex 11.7064 33.5163 1.2
      vertex 12.7425 33.5163 1.2
    endloop
  endfacet
  facet normal 0 0 1
    outer loop
      vertex 0 1.5 1.2
      vertex 11.7064 33.5163 1.2
      vertex 0 66.5 1.2
    endloop
  endfacet
  facet normal 0 0 1
    outer loop
      vertex 23.7416 44.2163 1.2
      vertex 0 66.5 1.2
      vertex 11.7064 33.5163 1.2
    endloop
  endfacet
  facet normal 0 0 1
    outer loop
      vertex 30.0237 44.2163 1.2
      vertex 0 66.5 1.2
      vertex 23.7416 44.2163 1.2
    endloop
  endfacet
  facet normal -0 0 1
    outer loop
      vertex 77.7003 25.8725 1.2
      vertex 90 1.5 1.2
      vertex 78.6334 25.8725 1.2
    endloop
  endfacet
  facet normal -0 0 1
    outer loop
      vertex 77.6244 26.8164 1.2
      vertex 77.6472 26.6971 1.2
      vertex 77.6461 26.8164 1.2
    endloop
  endfacet
  facet normal 0 0 1
    outer loop
      vertex 77.4777 26.5544 1.2
      vertex 77.6472 26.6971 1.2
      vertex 77.6244 26.8164 1.2
    endloop
  endfacet
  facet normal 0 0 1
    outer loop
      vertex 77.6472 26.6971 1.2
      vertex 77.4777 26.5544 1.2
      vertex 77.6508 26.5669 1.2
    endloop
  endfacet
  facet normal 0 0 1
    outer loop
      vertex 77.6508 26.5669 1.2
      vertex 77.4777 26.5544 1.2
      vertex 77.6567 26.4258 1.2
    endloop
  endfacet
  facet normal 0 0 1
    outer loop
      vertex 77.309 26.3323 1.2
      vertex 77.6567 26.4258 1.2
      vertex 77.4777 26.5544 1.2
    endloop
  endfacet
  facet normal 0 0 1
    outer loop
      vertex 77.6567 26.4258 1.2
      vertex 77.309 26.3323 1.2
      vertex 77.665 26.2739 1.2
    endloop
  endfacet
  facet normal 0 0 1
    outer loop
      vertex 77.665 26.2739 1.2
      vertex 77.309 26.3323 1.2
      vertex 77.6744 26.1309 1.2
    endloop
  endfacet
  facet normal 0 0 1
    outer loop
      vertex 77.6744 26.1309 1.2
      vertex 77.309 26.3323 1.2
      vertex 77.6834 26.0163 1.2
    endloop
  endfacet
  facet normal -0 0 1
    outer loop
      vertex 77.1183 26.1502 1.2
      vertex 77.6834 26.0163 1.2
      vertex 77.309 26.3323 1.2
    endloop
  endfacet
  facet normal 0 0 1
    outer loop
      vertex 77.6834 26.0163 1.2
      vertex 77.1183 26.1502 1.2
      vertex 77.692 25.9301 1.2
    endloop
  endfacet
  facet normal 0 0 1
    outer loop
      vertex 77.692 25.9301 1.2
      vertex 77.1183 26.1502 1.2
      vertex 77.7003 25.8725 1.2
    endloop
  endfacet
  facet normal -0 0 1
    outer loop
      vertex 76.9055 26.0081 1.2
      vertex 77.7003 25.8725 1.2
      vertex 77.1183 26.1502 1.2
    endloop
  endfacet
  facet normal -0 0 1
    outer loop
      vertex 76.6684 25.9013 1.2
      vertex 77.7003 25.8725 1.2
      vertex 76.9055 26.0081 1.2
    endloop
  endfacet
  facet normal 0 0 1
    outer loop
      vertex 76.4044 25.825 1.2
      vertex 77.7003 25.8725 1.2
      vertex 76.6684 25.9013 1.2
    endloop
  endfacet
  facet normal 0 0 1
    outer loop
      vertex 76.1137 25.7793 1.2
      vertex 77.7003 25.8725 1.2
      vertex 76.4044 25.825 1.2
    endloop
  endfacet
  facet normal 0 0 1
    outer loop
      vertex 77.7003 25.8725 1.2
      vertex 76.1137 25.7793 1.2
      vertex 90 1.5 1.2
    endloop
  endfacet
  facet normal -0 0 1
    outer loop
      vertex 75.7961 25.764 1.2
      vertex 90 1.5 1.2
      vertex 76.1137 25.7793 1.2
    endloop
  endfacet
  facet normal 0 0 1
    outer loop
      vertex 75.2769 25.8108 1.2
      vertex 90 1.5 1.2
      vertex 75.7961 25.764 1.2
    endloop
  endfacet
  facet normal -0 0 1
    outer loop
      vertex 72.4849 25.8725 1.2
      vertex 75.2769 25.8108 1.2
      vertex 74.8312 25.9512 1.2
    endloop
  endfacet
  facet normal 0 0 1
    outer loop
      vertex 72.4849 25.8725 1.2
      vertex 74.8312 25.9512 1.2
      vertex 74.4591 26.1851 1.2
    endloop
  endfacet
  facet normal 0 0 1
    outer loop
      vertex 72.4849 25.8725 1.2
      vertex 74.4591 26.1851 1.2
      vertex 74.1605 26.5127 1.2
    endloop
  endfacet
  facet normal 0 0 1
    outer loop
      vertex 72.4849 25.8725 1.2
      vertex 73.637 28.7803 1.2
      vertex 72.4849 33.9232 1.2
    endloop
  endfacet
  facet normal 0 0 1
    outer loop
      vertex 73.637 28.7803 1.2
      vertex 72.4849 25.8725 1.2
      vertex 73.6697 28.069 1.2
    endloop
  endfacet
  facet normal 0 0 1
    outer loop
      vertex 73.6697 28.069 1.2
      vertex 72.4849 25.8725 1.2
      vertex 73.7679 27.4539 1.2
    endloop
  endfacet
  facet normal 0 0 1
    outer loop
      vertex 72.4849 25.8725 1.2
      vertex 73.9315 26.9351 1.2
      vertex 73.7679 27.4539 1.2
    endloop
  endfacet
  facet normal 0 0 1
    outer loop
      vertex 72.4849 25.8725 1.2
      vertex 74.1605 26.5127 1.2
      vertex 73.9315 26.9351 1.2
    endloop
  endfacet
  facet normal 0 0 1
    outer loop
      vertex 75.2769 25.8108 1.2
      vertex 72.4849 25.8725 1.2
      vertex 90 1.5 1.2
    endloop
  endfacet
  facet normal -0 0 1
    outer loop
      vertex 71.5084 25.8725 1.2
      vertex 90 1.5 1.2
      vertex 72.4849 25.8725 1.2
    endloop
  endfacet
  facet normal 0 0 1
    outer loop
      vertex 70.0688 31.7423 1.2
      vertex 71.5084 33.9232 1.2
      vertex 70.0688 32.9901 1.2
    endloop
  endfacet
  facet normal 0 0 1
    outer loop
      vertex 71.5084 33.9232 1.2
      vertex 70.0688 31.7423 1.2
      vertex 71.5084 25.8725 1.2
    endloop
  endfacet
  facet normal 0 0 1
    outer loop
      vertex 70.0688 25.8725 1.2
      vertex 71.5084 25.8725 1.2
      vertex 70.0688 31.7423 1.2
    endloop
  endfacet
  facet normal -0 0 1
    outer loop
      vertex 70.0688 25.8725 1.2
      vertex 90 1.5 1.2
      vertex 71.5084 25.8725 1.2
    endloop
  endfacet
  facet normal -0 0 1
    outer loop
      vertex 69.0923 25.8725 1.2
      vertex 90 1.5 1.2
      vertex 70.0688 25.8725 1.2
    endloop
  endfacet
  facet normal -0 0 1
    outer loop
      vertex 67.7557 25.8725 1.2
      vertex 90 1.5 1.2
      vertex 69.0923 25.8725 1.2
    endloop
  endfacet
  facet normal -0 0 1
    outer loop
      vertex 66.8335 25.8725 1.2
      vertex 90 1.5 1.2
      vertex 67.7557 25.8725 1.2
    endloop
  endfacet
  facet normal 0 0 1
    outer loop
      vertex 66.411 26.3573 1.2
      vertex 66.8197 26.0809 1.2
      vertex 66.8165 26.1471 1.2
    endloop
  endfacet
  facet normal 0 0 1
    outer loop
      vertex 66.411 26.3573 1.2
      vertex 66.8165 26.1471 1.2
      vertex 66.8129 26.2178 1.2
    endloop
  endfacet
  facet normal 0 0 1
    outer loop
      vertex 66.411 26.3573 1.2
      vertex 66.8129 26.2178 1.2
      vertex 66.809 26.2929 1.2
    endloop
  endfacet
  facet normal -0 0 1
    outer loop
      vertex 66.7738 26.8761 1.2
      vertex 66.7953 26.679 1.2
      vertex 66.79 26.8761 1.2
    endloop
  endfacet
  facet normal 0 0 1
    outer loop
      vertex 66.599 26.5945 1.2
      vertex 66.7953 26.679 1.2
      vertex 66.7738 26.8761 1.2
    endloop
  endfacet
  facet normal 0 0 1
    outer loop
      vertex 66.7953 26.679 1.2
      vertex 66.599 26.5945 1.2
      vertex 66.8002 26.516 1.2
    endloop
  endfacet
  facet normal 0 0 1
    outer loop
      vertex 66.8002 26.516 1.2
      vertex 66.599 26.5945 1.2
      vertex 66.8048 26.3873 1.2
    endloop
  endfacet
  facet normal 0 0 1
    outer loop
      vertex 66.411 26.3573 1.2
      vertex 66.8048 26.3873 1.2
      vertex 66.599 26.5945 1.2
    endloop
  endfacet
  facet normal 0 0 1
    outer loop
      vertex 66.8048 26.3873 1.2
      vertex 66.411 26.3573 1.2
      vertex 66.809 26.2929 1.2
    endloop
  endfacet
  facet normal -0 0 1
    outer loop
      vertex 66.2098 26.1646 1.2
      vertex 66.8197 26.0809 1.2
      vertex 66.411 26.3573 1.2
    endloop
  endfacet
  facet normal 0 0 1
    outer loop
      vertex 66.8197 26.0809 1.2
      vertex 66.2098 26.1646 1.2
      vertex 66.8226 26.019 1.2
    endloop
  endfacet
  facet normal 0 0 1
    outer loop
      vertex 66.8226 26.019 1.2
      vertex 66.2098 26.1646 1.2
      vertex 66.8253 25.9651 1.2
    endloop
  endfacet
  facet normal 0 0 1
    outer loop
      vertex 66.8253 25.9651 1.2
      vertex 66.2098 26.1646 1.2
      vertex 66.828 25.9227 1.2
    endloop
  endfacet
  facet normal 0 0 1
    outer loop
      vertex 66.828 25.9227 1.2
      vertex 66.2098 26.1646 1.2
      vertex 66.8308 25.8918 1.2
    endloop
  endfacet
  facet normal 0 0 1
    outer loop
      vertex 66.8308 25.8918 1.2
      vertex 66.2098 26.1646 1.2
      vertex 66.8335 25.8725 1.2
    endloop
  endfacet
  facet normal -0 0 1
    outer loop
      vertex 65.9953 26.0163 1.2
      vertex 66.8335 25.8725 1.2
      vertex 66.2098 26.1646 1.2
    endloop
  endfacet
  facet normal -0 0 1
    outer loop
      vertex 65.7608 25.9059 1.2
      vertex 66.8335 25.8725 1.2
      vertex 65.9953 26.0163 1.2
    endloop
  endfacet
  facet normal 0 0 1
    outer loop
      vertex 65.4996 25.8271 1.2
      vertex 66.8335 25.8725 1.2
      vertex 65.7608 25.9059 1.2
    endloop
  endfacet
  facet normal 0 0 1
    outer loop
      vertex 65.2116 25.7798 1.2
      vertex 66.8335 25.8725 1.2
      vertex 65.4996 25.8271 1.2
    endloop
  endfacet
  facet normal 0 0 1
    outer loop
      vertex 66.8335 25.8725 1.2
      vertex 65.2116 25.7798 1.2
      vertex 90 1.5 1.2
    endloop
  endfacet
  facet normal -0 0 1
    outer loop
      vertex 64.8968 25.764 1.2
      vertex 90 1.5 1.2
      vertex 65.2116 25.7798 1.2
    endloop
  endfacet
  facet normal 0 0 1
    outer loop
      vertex 64.4463 25.794 1.2
      vertex 90 1.5 1.2
      vertex 64.8968 25.764 1.2
    endloop
  endfacet
  facet normal -0 0 1
    outer loop
      vertex 59.2784 25.8488 1.2
      vertex 64.4463 25.794 1.2
      vertex 64.0606 25.884 1.2
    endloop
  endfacet
  facet normal 0 0 1
    outer loop
      vertex 60.1973 26.1031 1.2
      vertex 64.0606 25.884 1.2
      vertex 63.7397 26.0341 1.2
    endloop
  endfacet
  facet normal 0 0 1
    outer loop
      vertex 60.6209 26.2901 1.2
      vertex 63.7397 26.0341 1.2
      vertex 63.4835 26.2441 1.2
    endloop
  endfacet
  facet normal 0 0 1
    outer loop
      vertex 61.5183 31.8291 1.2
      vertex 62.4623 36.658 1.2
      vertex 62.0054 36.9004 1.2
    endloop
  endfacet
  facet normal 0 0 1
    outer loop
      vertex 63.036 31.7423 1.2
      vertex 61.6864 29.6971 1.2
      vertex 63.036 27.8309 1.2
    endloop
  endfacet
  facet normal 0 0 1
    outer loop
      vertex 61.5183 31.8291 1.2
      vertex 62.0054 36.9004 1.2
      vertex 61.6261 37.2398 1.2
    endloop
  endfacet
  facet normal 0 0 1
    outer loop
      vertex 61.6864 27.0606 1.2
      vertex 63.036 27.8309 1.2
      vertex 61.6864 29.6971 1.2
    endloop
  endfacet
  facet normal 0 0 1
    outer loop
      vertex 63.036 27.8309 1.2
      vertex 61.6864 27.0606 1.2
      vertex 63.0639 27.3167 1.2
    endloop
  endfacet
  facet normal 0 0 1
    outer loop
      vertex 63.0639 27.3167 1.2
      vertex 61.6864 27.0606 1.2
      vertex 63.1478 26.8809 1.2
    endloop
  endfacet
  facet normal 0 0 1
    outer loop
      vertex 63.1478 26.8809 1.2
      vertex 61.6864 27.0606 1.2
      vertex 63.2877 26.5233 1.2
    endloop
  endfacet
  facet normal -0 0 1
    outer loop
      vertex 61.3655 26.7688 1.2
      vertex 63.2877 26.5233 1.2
      vertex 61.6864 27.0606 1.2
    endloop
  endfacet
  facet normal 0 0 1
    outer loop
      vertex 63.2877 26.5233 1.2
      vertex 61.3655 26.7688 1.2
      vertex 63.4835 26.2441 1.2
    endloop
  endfacet
  facet normal -0 0 1
    outer loop
      vertex 61.0103 26.512 1.2
      vertex 63.4835 26.2441 1.2
      vertex 61.3655 26.7688 1.2
    endloop
  endfacet
  facet normal -0 0 1
    outer loop
      vertex 60.6209 26.2901 1.2
      vertex 63.4835 26.2441 1.2
      vertex 61.0103 26.512 1.2
    endloop
  endfacet
  facet normal 0 0 1
    outer loop
      vertex 63.7397 26.0341 1.2
      vertex 60.6209 26.2901 1.2
      vertex 60.1973 26.1031 1.2
    endloop
  endfacet
  facet normal 0 0 1
    outer loop
      vertex 64.0606 25.884 1.2
      vertex 60.1973 26.1031 1.2
      vertex 59.7472 25.9547 1.2
    endloop
  endfacet
  facet normal 0 0 1
    outer loop
      vertex 64.0606 25.884 1.2
      vertex 59.7472 25.9547 1.2
      vertex 59.2784 25.8488 1.2
    endloop
  endfacet
  facet normal 0 0 1
    outer loop
      vertex 64.4463 25.794 1.2
      vertex 59.2784 25.8488 1.2
      vertex 58.791 25.7852 1.2
    endloop
  endfacet
  facet normal 0 0 1
    outer loop
      vertex 64.4463 25.794 1.2
      vertex 58.791 25.7852 1.2
      vertex 90 1.5 1.2
    endloop
  endfacet
  facet normal -0 0 1
    outer loop
      vertex 58.285 25.764 1.2
      vertex 90 1.5 1.2
      vertex 58.791 25.7852 1.2
    endloop
  endfacet
  facet normal 0 0 1
    outer loop
      vertex 57.7062 25.7939 1.2
      vertex 90 1.5 1.2
      vertex 58.285 25.764 1.2
    endloop
  endfacet
  facet normal 0 0 1
    outer loop
      vertex 46.6678 25.7922 1.2
      vertex 57.7062 25.7939 1.2
      vertex 57.1688 25.8834 1.2
    endloop
  endfacet
  facet normal 0 0 1
    outer loop
      vertex 47.1379 25.8766 1.2
      vertex 57.1688 25.8834 1.2
      vertex 56.6727 26.0325 1.2
    endloop
  endfacet
  facet normal 0 0 1
    outer loop
      vertex 47.5453 26.0173 1.2
      vertex 56.6727 26.0325 1.2
      vertex 56.218 26.2414 1.2
    endloop
  endfacet
  facet normal 0 0 1
    outer loop
      vertex 47.8899 26.2143 1.2
      vertex 56.218 26.2414 1.2
      vertex 55.8096 26.5064 1.2
    endloop
  endfacet
  facet normal -0 0 1
    outer loop
      vertex 50.3506 33.5163 1.2
      vertex 54.9947 32.0478 1.2
      vertex 53.4077 36.464 1.2
    endloop
  endfacet
  facet normal 0 0 1
    outer loop
      vertex 54.9947 32.0478 1.2
      vertex 50.3506 33.5163 1.2
      vertex 54.6828 31.3802 1.2
    endloop
  endfacet
  facet normal 0 0 1
    outer loop
      vertex 54.6828 31.3802 1.2
      vertex 50.2312 31.1131 1.2
      vertex 54.4956 30.6075 1.2
    endloop
  endfacet
  facet normal 0 0 1
    outer loop
      vertex 50.2312 31.1131 1.2
      vertex 54.6828 31.3802 1.2
      vertex 50.3506 33.5163 1.2
    endloop
  endfacet
  facet normal 0 0 1
    outer loop
      vertex 50.3506 33.5163 1.2
      vertex 53.4077 36.464 1.2
      vertex 52.9572 36.494 1.2
    endloop
  endfacet
  facet normal 0 0 1
    outer loop
      vertex 54.4956 30.6075 1.2
      vertex 50.2312 31.1131 1.2
      vertex 54.4332 29.7297 1.2
    endloop
  endfacet
  facet normal 0 0 1
    outer loop
      vertex 50.3506 33.5163 1.2
      vertex 52.9572 36.494 1.2
      vertex 52.5715 36.584 1.2
    endloop
  endfacet
  facet normal 0 0 1
    outer loop
      vertex 50.3506 33.5163 1.2
      vertex 52.5715 36.584 1.2
      vertex 52.2506 36.7341 1.2
    endloop
  endfacet
  facet normal 0 0 1
    outer loop
      vertex 54.4332 29.7297 1.2
      vertex 50.2312 31.1131 1.2
      vertex 54.4619 29.1419 1.2
    endloop
  endfacet
  facet normal 0 0 1
    outer loop
      vertex 50.3506 33.5163 1.2
      vertex 52.2506 36.7341 1.2
      vertex 51.9944 36.9441 1.2
    endloop
  endfacet
  facet normal 0 0 1
    outer loop
      vertex 50.2013 37.1632 1.2
      vertex 51.7986 37.2233 1.2
      vertex 50.3971 37.4595 1.2
    endloop
  endfacet
  facet normal -0 0 1
    outer loop
      vertex 50.3971 37.4595 1.2
      vertex 51.7986 37.2233 1.2
      vertex 51.6588 37.5809 1.2
    endloop
  endfacet
  facet normal -0 0 1
    outer loop
      vertex 50.5538 38.1946 1.2
      vertex 51.5749 38.0167 1.2
      vertex 51.5469 38.5309 1.2
    endloop
  endfacet
  facet normal 0 0 1
    outer loop
      vertex 50.5146 37.8033 1.2
      vertex 51.5749 38.0167 1.2
      vertex 50.5538 38.1946 1.2
    endloop
  endfacet
  facet normal 0 0 1
    outer loop
      vertex 51.5749 38.0167 1.2
      vertex 50.5146 37.8033 1.2
      vertex 51.6588 37.5809 1.2
    endloop
  endfacet
  facet normal 0 0 1
    outer loop
      vertex 50.3971 37.4595 1.2
      vertex 51.6588 37.5809 1.2
      vertex 50.5146 37.8033 1.2
    endloop
  endfacet
  facet normal 0 0 1
    outer loop
      vertex 54.4619 29.1419 1.2
      vertex 50.2312 31.1131 1.2
      vertex 54.5479 28.5938 1.2
    endloop
  endfacet
  facet normal 0 0 1
    outer loop
      vertex 51.7986 37.2233 1.2
      vertex 50.2013 37.1632 1.2
      vertex 51.9944 36.9441 1.2
    endloop
  endfacet
  facet normal 0 0 1
    outer loop
      vertex 48.5098 27.6582 1.2
      vertex 54.5479 28.5938 1.2
      vertex 50.2312 31.1131 1.2
    endloop
  endfacet
  facet normal 0 0 1
    outer loop
      vertex 54.5479 28.5938 1.2
      vertex 48.5166 27.4946 1.2
      vertex 54.6911 28.0854 1.2
    endloop
  endfacet
  facet normal 0 0 1
    outer loop
      vertex 48.4774 27.1033 1.2
      vertex 54.6911 28.0854 1.2
      vertex 48.5166 27.4946 1.2
    endloop
  endfacet
  facet normal 0 0 1
    outer loop
      vertex 54.6911 28.0854 1.2
      vertex 48.4774 27.1033 1.2
      vertex 54.8916 27.6167 1.2
    endloop
  endfacet
  facet normal 0 0 1
    outer loop
      vertex 48.3599 26.7595 1.2
      vertex 54.8916 27.6167 1.2
      vertex 48.4774 27.1033 1.2
    endloop
  endfacet
  facet normal 0 0 1
    outer loop
      vertex 48.5098 27.6582 1.2
      vertex 50.2312 31.1131 1.2
      vertex 49.4664 31.1131 1.2
    endloop
  endfacet
  facet normal 0 0 1
    outer loop
      vertex 54.8916 27.6167 1.2
      vertex 48.3599 26.7595 1.2
      vertex 55.1464 27.194 1.2
    endloop
  endfacet
  facet normal -0 0 1
    outer loop
      vertex 48.705 36.4922 1.2
      vertex 49.3524 33.5163 1.2
      vertex 49.1751 36.5766 1.2
    endloop
  endfacet
  facet normal -0 0 1
    outer loop
      vertex 48.1721 36.464 1.2
      vertex 49.3524 33.5163 1.2
      vertex 48.705 36.4922 1.2
    endloop
  endfacet
  facet normal 0 0 1
    outer loop
      vertex 48.5098 27.6582 1.2
      vertex 49.4664 31.1131 1.2
      vertex 49.3524 33.5163 1.2
    endloop
  endfacet
  facet normal 0 0 1
    outer loop
      vertex 55.1464 27.194 1.2
      vertex 48.3599 26.7595 1.2
      vertex 55.4524 26.8239 1.2
    endloop
  endfacet
  facet normal 0 0 1
    outer loop
      vertex 48.1641 26.4632 1.2
      vertex 55.4524 26.8239 1.2
      vertex 48.3599 26.7595 1.2
    endloop
  endfacet
  facet normal 0 0 1
    outer loop
      vertex 55.4524 26.8239 1.2
      vertex 48.1641 26.4632 1.2
      vertex 55.8096 26.5064 1.2
    endloop
  endfacet
  facet normal 0 0 1
    outer loop
      vertex 47.8899 26.2143 1.2
      vertex 55.8096 26.5064 1.2
      vertex 48.1641 26.4632 1.2
    endloop
  endfacet
  facet normal 0 0 1
    outer loop
      vertex 56.218 26.2414 1.2
      vertex 47.8899 26.2143 1.2
      vertex 47.5453 26.0173 1.2
    endloop
  endfacet
  facet normal 0 0 1
    outer loop
      vertex 56.6727 26.0325 1.2
      vertex 47.5453 26.0173 1.2
      vertex 47.1379 25.8766 1.2
    endloop
  endfacet
  facet normal 0 0 1
    outer loop
      vertex 57.1688 25.8834 1.2
      vertex 47.1379 25.8766 1.2
      vertex 46.6678 25.7922 1.2
    endloop
  endfacet
  facet normal 0 0 1
    outer loop
      vertex 57.7062 25.7939 1.2
      vertex 46.6678 25.7922 1.2
      vertex 90 1.5 1.2
    endloop
  endfacet
  facet normal -0 0 1
    outer loop
      vertex 46.135 25.764 1.2
      vertex 90 1.5 1.2
      vertex 46.6678 25.7922 1.2
    endloop
  endfacet
  facet normal 0 0 1
    outer loop
      vertex 0 1.5 1.2
      vertex 46.135 25.764 1.2
      vertex 45.6184 25.7866 1.2
    endloop
  endfacet
  facet normal 0 0 1
    outer loop
      vertex 41.4963 25.8725 1.2
      vertex 45.6184 25.7866 1.2
      vertex 45.1646 25.8542 1.2
    endloop
  endfacet
  facet normal -0 0 1
    outer loop
      vertex 41.4963 25.8725 1.2
      vertex 45.1646 25.8542 1.2
      vertex 44.7735 25.9669 1.2
    endloop
  endfacet
  facet normal 0 0 1
    outer loop
      vertex 41.4963 25.8725 1.2
      vertex 44.7735 25.9669 1.2
      vertex 44.4451 26.1247 1.2
    endloop
  endfacet
  facet normal 0 0 1
    outer loop
      vertex 42.8184 36.7434 1.2
      vertex 44.001 36.8031 1.2
      vertex 43.059 36.9077 1.2
    endloop
  endfacet
  facet normal 0 0 1
    outer loop
      vertex 43.9411 30.5683 1.2
      vertex 43.2649 30.9015 1.2
      vertex 43.9053 30.1908 1.2
    endloop
  endfacet
  facet normal 0 0 1
    outer loop
      vertex 43.1591 30.9252 1.2
      vertex 43.9053 30.1908 1.2
      vertex 43.2649 30.9015 1.2
    endloop
  endfacet
  facet normal 0 0 1
    outer loop
      vertex 43.9178 29.9823 1.2
      vertex 43.1591 30.9252 1.2
      vertex 43.037 30.9421 1.2
    endloop
  endfacet
  facet normal 0 0 1
    outer loop
      vertex 43.9178 29.9823 1.2
      vertex 43.037 30.9421 1.2
      vertex 42.8987 30.9523 1.2
    endloop
  endfacet
  facet normal 0 0 1
    outer loop
      vertex 42.7441 30.9557 1.2
      vertex 43.9178 29.9823 1.2
      vertex 42.8987 30.9523 1.2
    endloop
  endfacet
  facet normal -0 0 1
    outer loop
      vertex 41.8164 30.4322 1.2
      vertex 43.9178 29.9823 1.2
      vertex 42.7441 30.9557 1.2
    endloop
  endfacet
  facet normal 0 0 1
    outer loop
      vertex 41.8164 30.4322 1.2
      vertex 42.7441 30.9557 1.2
      vertex 42.4583 30.923 1.2
    endloop
  endfacet
  facet normal 0 0 1
    outer loop
      vertex 44.0182 29.6161 1.2
      vertex 41.5163 29.3922 1.2
      vertex 41.4963 28.9322 1.2
    endloop
  endfacet
  facet normal 0 0 1
    outer loop
      vertex 41.9944 30.6612 1.2
      vertex 42.4583 30.923 1.2
      vertex 42.2084 30.8248 1.2
    endloop
  endfacet
  facet normal 0 0 1
    outer loop
      vertex 42.4583 30.923 1.2
      vertex 41.9944 30.6612 1.2
      vertex 41.8164 30.4322 1.2
    endloop
  endfacet
  facet normal 0 0 1
    outer loop
      vertex 43.9178 29.9823 1.2
      vertex 41.8164 30.4322 1.2
      vertex 41.6764 30.1421 1.2
    endloop
  endfacet
  facet normal 0 0 1
    outer loop
      vertex 43.9555 29.7907 1.2
      vertex 41.5764 29.7955 1.2
      vertex 41.5163 29.3922 1.2
    endloop
  endfacet
  facet normal 0 0 1
    outer loop
      vertex 43.9555 29.7907 1.2
      vertex 41.6764 30.1421 1.2
      vertex 41.5764 29.7955 1.2
    endloop
  endfacet
  facet normal 0 0 1
    outer loop
      vertex 44.106 29.4584 1.2
      vertex 41.4963 28.9322 1.2
      vertex 43.672 27.2504 1.2
    endloop
  endfacet
  facet normal 0 0 1
    outer loop
      vertex 41.4963 25.8725 1.2
      vertex 43.672 27.2504 1.2
      vertex 41.4963 28.9322 1.2
    endloop
  endfacet
  facet normal 0 0 1
    outer loop
      vertex 43.672 27.2504 1.2
      vertex 41.4963 25.8725 1.2
      vertex 43.7875 26.8932 1.2
    endloop
  endfacet
  facet normal 0 0 1
    outer loop
      vertex 43.7875 26.8932 1.2
      vertex 41.4963 25.8725 1.2
      vertex 43.9548 26.5866 1.2
    endloop
  endfacet
  facet normal 0 0 1
    outer loop
      vertex 43.9548 26.5866 1.2
      vertex 41.4963 25.8725 1.2
      vertex 44.174 26.3304 1.2
    endloop
  endfacet
  facet normal 0 0 1
    outer loop
      vertex 41.4963 25.8725 1.2
      vertex 44.4451 26.1247 1.2
      vertex 44.174 26.3304 1.2
    endloop
  endfacet
  facet normal 0 0 1
    outer loop
      vertex 45.6184 25.7866 1.2
      vertex 41.4963 25.8725 1.2
      vertex 0 1.5 1.2
    endloop
  endfacet
  facet normal 0 0 1
    outer loop
      vertex 0 1.5 1.2
      vertex 41.4963 25.8725 1.2
      vertex 40.5198 25.8725 1.2
    endloop
  endfacet
  facet normal 0 0 1
    outer loop
      vertex 39.2386 30.0962 1.2
      vertex 40.5177 30.6926 1.2
      vertex 40.5117 31.0262 1.2
    endloop
  endfacet
  facet normal 0 0 1
    outer loop
      vertex 39.2386 30.0962 1.2
      vertex 40.5117 31.0262 1.2
      vertex 40.5015 31.3761 1.2
    endloop
  endfacet
  facet normal 0 0 1
    outer loop
      vertex 39.2386 30.0962 1.2
      vertex 40.5015 31.3761 1.2
      vertex 40.4873 31.7423 1.2
    endloop
  endfacet
  facet normal 0 0 1
    outer loop
      vertex 40.0876 37.1856 1.2
      vertex 40.4873 31.7423 1.2
      vertex 40.2822 36.9306 1.2
    endloop
  endfacet
  facet normal 0 0 1
    outer loop
      vertex 39.2386 30.0962 1.2
      vertex 40.0876 37.1856 1.2
      vertex 39.9486 37.4839 1.2
    endloop
  endfacet
  facet normal 0 0 1
    outer loop
      vertex 40.0876 37.1856 1.2
      vertex 39.2386 30.0962 1.2
      vertex 40.4873 31.7423 1.2
    endloop
  endfacet
  facet normal 0 0 1
    outer loop
      vertex 39.8374 38.2108 1.2
      vertex 38.8589 37.8528 1.2
      vertex 39.8652 37.8257 1.2
    endloop
  endfacet
  facet normal 0 0 1
    outer loop
      vertex 38.8589 37.8528 1.2
      vertex 39.8749 38.6401 1.2
      vertex 39.0162 39.3013 1.2
    endloop
  endfacet
  facet normal 0 0 1
    outer loop
      vertex 40.5198 30.3752 1.2
      vertex 39.4003 28.7315 1.2
      vertex 39.4003 28.6013 1.2
    endloop
  endfacet
  facet normal 0 0 1
    outer loop
      vertex 40.5198 30.3752 1.2
      vertex 39.4003 28.6013 1.2
      vertex 40.5198 25.8725 1.2
    endloop
  endfacet
  facet normal -0 0 1
    outer loop
      vertex 39.2429 27.1528 1.2
      vertex 40.5198 25.8725 1.2
      vertex 39.4003 28.6013 1.2
    endloop
  endfacet
  facet normal -0 0 1
    outer loop
      vertex 38.8961 26.5452 1.2
      vertex 40.5198 25.8725 1.2
      vertex 39.2429 27.1528 1.2
    endloop
  endfacet
  facet normal -0 0 1
    outer loop
      vertex 38.3817 26.1112 1.2
      vertex 40.5198 25.8725 1.2
      vertex 38.8961 26.5452 1.2
    endloop
  endfacet
  facet normal 0 0 1
    outer loop
      vertex 37.6999 25.8508 1.2
      vertex 40.5198 25.8725 1.2
      vertex 38.3817 26.1112 1.2
    endloop
  endfacet
  facet normal 0 0 1
    outer loop
      vertex 36.8505 25.764 1.2
      vertex 40.5198 25.8725 1.2
      vertex 37.6999 25.8508 1.2
    endloop
  endfacet
  facet normal 0 0 1
    outer loop
      vertex 40.5198 25.8725 1.2
      vertex 36.8505 25.764 1.2
      vertex 0 1.5 1.2
    endloop
  endfacet
  facet normal -0 0 1
    outer loop
      vertex 32.9692 25.7939 1.2
      vertex 36.8505 25.764 1.2
      vertex 36.2384 25.8125 1.2
    endloop
  endfacet
  facet normal -0 0 1
    outer loop
      vertex 33.7056 25.916 1.2
      vertex 36.2384 25.8125 1.2
      vertex 35.7038 25.958 1.2
    endloop
  endfacet
  facet normal 0 0 1
    outer loop
      vertex 33.608 31.7423 1.2
      vertex 34.1857 37.6748 1.2
      vertex 33.973 38.2041 1.2
    endloop
  endfacet
  facet normal 0 0 1
    outer loop
      vertex 33.608 31.7423 1.2
      vertex 33.973 38.2041 1.2
      vertex 33.8453 38.8276 1.2
    endloop
  endfacet
  facet normal 0 0 1
    outer loop
      vertex 33.005 41.6421 1.2
      vertex 33.8453 40.23 1.2
      vertex 33.2329 41.6015 1.2
    endloop
  endfacet
  facet normal 0 0 1
    outer loop
      vertex 34.3571 30.1297 1.2
      vertex 33.608 31.0317 1.2
      vertex 34.2294 29.53 1.2
    endloop
  endfacet
  facet normal 0 0 1
    outer loop
      vertex 33.7056 26.6375 1.2
      vertex 34.2294 28.1276 1.2
      vertex 34.1868 28.8454 1.2
    endloop
  endfacet
  facet normal 0 0 1
    outer loop
      vertex 33.7056 26.6375 1.2
      vertex 34.3571 27.5041 1.2
      vertex 34.2294 28.1276 1.2
    endloop
  endfacet
  facet normal 0 0 1
    outer loop
      vertex 33.7056 26.6375 1.2
      vertex 34.5698 26.9748 1.2
      vertex 34.3571 27.5041 1.2
    endloop
  endfacet
  facet normal -0 0 1
    outer loop
      vertex 33.7056 26.6375 1.2
      vertex 34.8676 26.5398 1.2
      vertex 34.5698 26.9748 1.2
    endloop
  endfacet
  facet normal 0 0 1
    outer loop
      vertex 33.7056 25.916 1.2
      vertex 34.8676 26.5398 1.2
      vertex 33.7056 26.6375 1.2
    endloop
  endfacet
  facet normal 0 0 1
    outer loop
      vertex 34.8676 26.5398 1.2
      vertex 33.7056 25.916 1.2
      vertex 35.2469 26.2004 1.2
    endloop
  endfacet
  facet normal 0 0 1
    outer loop
      vertex 35.2469 26.2004 1.2
      vertex 33.7056 25.916 1.2
      vertex 35.7038 25.958 1.2
    endloop
  endfacet
  facet normal 0 0 1
    outer loop
      vertex 36.2384 25.8125 1.2
      vertex 33.7056 25.916 1.2
      vertex 33.4628 25.859 1.2
    endloop
  endfacet
  facet normal 0 0 1
    outer loop
      vertex 36.2384 25.8125 1.2
      vertex 33.4628 25.859 1.2
      vertex 33.2174 25.8183 1.2
    endloop
  endfacet
  facet normal 0 0 1
    outer loop
      vertex 32.9692 25.7939 1.2
      vertex 36.2384 25.8125 1.2
      vertex 33.2174 25.8183 1.2
    endloop
  endfacet
  facet normal 0 0 1
    outer loop
      vertex 36.8505 25.764 1.2
      vertex 32.9692 25.7939 1.2
      vertex 0 1.5 1.2
    endloop
  endfacet
  facet normal 0 0 1
    outer loop
      vertex 0 1.5 1.2
      vertex 32.9692 25.7939 1.2
      vertex 32.7182 25.7857 1.2
    endloop
  endfacet
  facet normal 0 0 1
    outer loop
      vertex 30.1231 25.8725 1.2
      vertex 32.7182 25.7857 1.2
      vertex 32.2056 25.8688 1.2
    endloop
  endfacet
  facet normal 0 0 1
    outer loop
      vertex 31.5465 31.0317 1.2
      vertex 30.1231 29.7839 1.2
      vertex 31.5465 27.1148 1.2
    endloop
  endfacet
  facet normal 0 0 1
    outer loop
      vertex 30.4695 42.0761 1.2
      vertex 30.0237 43.37 1.2
      vertex 30.4796 41.7262 1.2
    endloop
  endfacet
  facet normal 0 0 1
    outer loop
      vertex 30.4553 42.4423 1.2
      vertex 30.0237 43.37 1.2
      vertex 30.4695 42.0761 1.2
    endloop
  endfacet
  facet normal 0 0 1
    outer loop
      vertex 31.3775 42.4423 1.2
      vertex 30.0237 43.37 1.2
      vertex 30.4553 42.4423 1.2
    endloop
  endfacet
  facet normal 0 0 1
    outer loop
      vertex 30.4857 41.3926 1.2
      vertex 30.0237 43.37 1.2
      vertex 30.4877 41.0752 1.2
    endloop
  endfacet
  facet normal 0 0 1
    outer loop
      vertex 30.8683 31.7423 1.2
      vertex 30.0951 30.2981 1.2
      vertex 30.8683 31.0317 1.2
    endloop
  endfacet
  facet normal 0 0 1
    outer loop
      vertex 30.1231 25.8725 1.2
      vertex 31.5465 27.1148 1.2
      vertex 30.1231 29.7839 1.2
    endloop
  endfacet
  facet normal 0 0 1
    outer loop
      vertex 31.5465 27.1148 1.2
      vertex 30.1231 25.8725 1.2
      vertex 31.6197 26.5333 1.2
    endloop
  endfacet
  facet normal 0 0 1
    outer loop
      vertex 30.1231 25.8725 1.2
      vertex 31.8394 26.118 1.2
      vertex 31.6197 26.5333 1.2
    endloop
  endfacet
  facet normal -0 0 1
    outer loop
      vertex 30.1231 25.8725 1.2
      vertex 32.2056 25.8688 1.2
      vertex 31.8394 26.118 1.2
    endloop
  endfacet
  facet normal 0 0 1
    outer loop
      vertex 32.7182 25.7857 1.2
      vertex 30.1231 25.8725 1.2
      vertex 0 1.5 1.2
    endloop
  endfacet
  facet normal 0 0 1
    outer loop
      vertex 0 1.5 1.2
      vertex 30.1231 25.8725 1.2
      vertex 29.1412 25.8725 1.2
    endloop
  endfacet
  facet normal 0 0 1
    outer loop
      vertex 27.9314 31.0967 1.2
      vertex 29.134 29.868 1.2
      vertex 29.1127 30.1094 1.2
    endloop
  endfacet
  facet normal 0 0 1
    outer loop
      vertex 28.1582 31.0879 1.2
      vertex 29.1127 30.1094 1.2
      vertex 29.0771 30.3183 1.2
    endloop
  endfacet
  facet normal 0 0 1
    outer loop
      vertex 28.3559 31.0615 1.2
      vertex 29.0771 30.3183 1.2
      vertex 29.0272 30.4946 1.2
    endloop
  endfacet
  facet normal 0 0 1
    outer loop
      vertex 28.3559 31.0615 1.2
      vertex 29.0272 30.4946 1.2
      vertex 28.9618 30.6434 1.2
    endloop
  endfacet
  facet normal 0 0 1
    outer loop
      vertex 28.5244 31.0174 1.2
      vertex 28.9618 30.6434 1.2
      vertex 28.8794 30.7699 1.2
    endloop
  endfacet
  facet normal 0 0 1
    outer loop
      vertex 28.5244 31.0174 1.2
      vertex 28.8794 30.7699 1.2
      vertex 28.78 30.874 1.2
    endloop
  endfacet
  facet normal 0 0 1
    outer loop
      vertex 28.5244 31.0174 1.2
      vertex 28.78 30.874 1.2
      vertex 28.6637 30.9557 1.2
    endloop
  endfacet
  facet normal 0 0 1
    outer loop
      vertex 28.9618 30.6434 1.2
      vertex 28.5244 31.0174 1.2
      vertex 28.3559 31.0615 1.2
    endloop
  endfacet
  facet normal 0 0 1
    outer loop
      vertex 29.0771 30.3183 1.2
      vertex 28.3559 31.0615 1.2
      vertex 28.1582 31.0879 1.2
    endloop
  endfacet
  facet normal 0 0 1
    outer loop
      vertex 29.1127 30.1094 1.2
      vertex 28.1582 31.0879 1.2
      vertex 27.9314 31.0967 1.2
    endloop
  endfacet
  facet normal 0 0 1
    outer loop
      vertex 29.134 29.868 1.2
      vertex 27.9314 31.0967 1.2
      vertex 27.5974 31.0666 1.2
    endloop
  endfacet
  facet normal 0 0 1
    outer loop
      vertex 29.134 29.868 1.2
      vertex 27.5974 31.0666 1.2
      vertex 26.8193 30.6139 1.2
    endloop
  endfacet
  facet normal 0 0 1
    outer loop
      vertex 26.8193 30.6139 1.2
      vertex 27.5974 31.0666 1.2
      vertex 27.3008 30.976 1.2
    endloop
  endfacet
  facet normal 0 0 1
    outer loop
      vertex 26.8193 30.6139 1.2
      vertex 27.3008 30.976 1.2
      vertex 27.0414 30.8252 1.2
    endloop
  endfacet
  facet normal 0 0 1
    outer loop
      vertex 29.134 29.868 1.2
      vertex 26.8193 30.6139 1.2
      vertex 26.6413 30.3491 1.2
    endloop
  endfacet
  facet normal 0 0 1
    outer loop
      vertex 29.134 29.868 1.2
      vertex 26.6413 30.3491 1.2
      vertex 26.5142 30.0375 1.2
    endloop
  endfacet
  facet normal 0 0 1
    outer loop
      vertex 29.1412 29.594 1.2
      vertex 26.5142 30.0375 1.2
      vertex 26.4379 29.6792 1.2
    endloop
  endfacet
  facet normal 0 0 1
    outer loop
      vertex 29.1412 29.594 1.2
      vertex 26.4379 29.6792 1.2
      vertex 26.4124 29.2739 1.2
    endloop
  endfacet
  facet normal 0 0 1
    outer loop
      vertex 29.1412 29.594 1.2
      vertex 26.4124 29.2739 1.2
      vertex 29.1412 25.8725 1.2
    endloop
  endfacet
  facet normal 0 0 1
    outer loop
      vertex 26.4124 25.8725 1.2
      vertex 29.1412 25.8725 1.2
      vertex 26.4124 29.2739 1.2
    endloop
  endfacet
  facet normal 0 0 1
    outer loop
      vertex 0 1.5 1.2
      vertex 29.1412 25.8725 1.2
      vertex 26.4124 25.8725 1.2
    endloop
  endfacet
  facet normal 0 0 1
    outer loop
      vertex 0 1.5 1.2
      vertex 26.4124 25.8725 1.2
      vertex 25.4359 25.8725 1.2
    endloop
  endfacet
  facet normal 0 0 1
    outer loop
      vertex 24.0722 25.8725 1.2
      vertex 25.4338 30.952 1.2
      vertex 25.4277 31.3151 1.2
    endloop
  endfacet
  facet normal 0 0 1
    outer loop
      vertex 25.4034 31.7423 1.2
      vertex 25.4277 31.3151 1.2
      vertex 25.4176 31.5786 1.2
    endloop
  endfacet
  facet normal 0 0 1
    outer loop
      vertex 25.4277 31.3151 1.2
      vertex 25.4034 31.7423 1.2
      vertex 24.0722 25.8725 1.2
    endloop
  endfacet
  facet normal 0 0 1
    outer loop
      vertex 25.4359 30.4891 1.2
      vertex 24.0722 25.8725 1.2
      vertex 25.4359 25.8725 1.2
    endloop
  endfacet
  facet normal 0 0 1
    outer loop
      vertex 0 1.5 1.2
      vertex 25.4359 25.8725 1.2
      vertex 24.0722 25.8725 1.2
    endloop
  endfacet
  facet normal 0 0 1
    outer loop
      vertex 0 1.5 1.2
      vertex 24.0722 25.8725 1.2
      vertex 23.15 25.8725 1.2
    endloop
  endfacet
  facet normal 0 0 1
    outer loop
      vertex 22.7275 26.3573 1.2
      vertex 23.1362 26.0809 1.2
      vertex 23.133 26.1471 1.2
    endloop
  endfacet
  facet normal 0 0 1
    outer loop
      vertex 22.7275 26.3573 1.2
      vertex 23.133 26.1471 1.2
      vertex 23.1294 26.2178 1.2
    endloop
  endfacet
  facet normal 0 0 1
    outer loop
      vertex 22.7275 26.3573 1.2
      vertex 23.1294 26.2178 1.2
      vertex 23.1255 26.2929 1.2
    endloop
  endfacet
  facet normal -0 0 1
    outer loop
      vertex 23.0903 26.8761 1.2
      vertex 23.1118 26.679 1.2
      vertex 23.1066 26.8761 1.2
    endloop
  endfacet
  facet normal 0 0 1
    outer loop
      vertex 22.9155 26.5945 1.2
      vertex 23.1118 26.679 1.2
      vertex 23.0903 26.8761 1.2
    endloop
  endfacet
  facet normal 0 0 1
    outer loop
      vertex 23.1118 26.679 1.2
      vertex 22.9155 26.5945 1.2
      vertex 23.1167 26.516 1.2
    endloop
  endfacet
  facet normal 0 0 1
    outer loop
      vertex 23.1167 26.516 1.2
      vertex 22.9155 26.5945 1.2
      vertex 23.1213 26.3873 1.2
    endloop
  endfacet
  facet normal 0 0 1
    outer loop
      vertex 22.7275 26.3573 1.2
      vertex 23.1213 26.3873 1.2
      vertex 22.9155 26.5945 1.2
    endloop
  endfacet
  facet normal 0 0 1
    outer loop
      vertex 23.1213 26.3873 1.2
      vertex 22.7275 26.3573 1.2
      vertex 23.1255 26.2929 1.2
    endloop
  endfacet
  facet normal -0 0 1
    outer loop
      vertex 22.5263 26.1646 1.2
      vertex 23.1362 26.0809 1.2
      vertex 22.7275 26.3573 1.2
    endloop
  endfacet
  facet normal 0 0 1
    outer loop
      vertex 23.1362 26.0809 1.2
      vertex 22.5263 26.1646 1.2
      vertex 23.1391 26.019 1.2
    endloop
  endfacet
  facet normal 0 0 1
    outer loop
      vertex 23.1391 26.019 1.2
      vertex 22.5263 26.1646 1.2
      vertex 23.1418 25.9651 1.2
    endloop
  endfacet
  facet normal 0 0 1
    outer loop
      vertex 23.1418 25.9651 1.2
      vertex 22.5263 26.1646 1.2
      vertex 23.1445 25.9227 1.2
    endloop
  endfacet
  facet normal 0 0 1
    outer loop
      vertex 23.1445 25.9227 1.2
      vertex 22.5263 26.1646 1.2
      vertex 23.1473 25.8918 1.2
    endloop
  endfacet
  facet normal 0 0 1
    outer loop
      vertex 23.1473 25.8918 1.2
      vertex 22.5263 26.1646 1.2
      vertex 23.15 25.8725 1.2
    endloop
  endfacet
  facet normal -0 0 1
    outer loop
      vertex 22.3118 26.0163 1.2
      vertex 23.15 25.8725 1.2
      vertex 22.5263 26.1646 1.2
    endloop
  endfacet
  facet normal -0 0 1
    outer loop
      vertex 22.0774 25.9059 1.2
      vertex 23.15 25.8725 1.2
      vertex 22.3118 26.0163 1.2
    endloop
  endfacet
  facet normal 0 0 1
    outer loop
      vertex 21.8161 25.8271 1.2
      vertex 23.15 25.8725 1.2
      vertex 22.0774 25.9059 1.2
    endloop
  endfacet
  facet normal 0 0 1
    outer loop
      vertex 21.5281 25.7798 1.2
      vertex 23.15 25.8725 1.2
      vertex 21.8161 25.8271 1.2
    endloop
  endfacet
  facet normal 0 0 1
    outer loop
      vertex 23.15 25.8725 1.2
      vertex 21.5281 25.7798 1.2
      vertex 0 1.5 1.2
    endloop
  endfacet
  facet normal 0 0 1
    outer loop
      vertex 0 1.5 1.2
      vertex 21.5281 25.7798 1.2
      vertex 21.2133 25.764 1.2
    endloop
  endfacet
  facet normal 0 0 1
    outer loop
      vertex 0 1.5 1.2
      vertex 21.2133 25.764 1.2
      vertex 20.7628 25.794 1.2
    endloop
  endfacet
  facet normal -0 0 1
    outer loop
      vertex 17.9125 25.8725 1.2
      vertex 20.7628 25.794 1.2
      vertex 20.3771 25.884 1.2
    endloop
  endfacet
  facet normal 0 0 1
    outer loop
      vertex 17.9125 25.8725 1.2
      vertex 19.3525 27.8309 1.2
      vertex 17.9125 33.5163 1.2
    endloop
  endfacet
  facet normal 0 0 1
    outer loop
      vertex 19.3525 27.8309 1.2
      vertex 17.9125 25.8725 1.2
      vertex 19.3804 27.3167 1.2
    endloop
  endfacet
  facet normal 0 0 1
    outer loop
      vertex 19.3804 27.3167 1.2
      vertex 17.9125 25.8725 1.2
      vertex 19.4643 26.8809 1.2
    endloop
  endfacet
  facet normal 0 0 1
    outer loop
      vertex 17.9125 25.8725 1.2
      vertex 19.6042 26.5233 1.2
      vertex 19.4643 26.8809 1.2
    endloop
  endfacet
  facet normal 0 0 1
    outer loop
      vertex 17.9125 25.8725 1.2
      vertex 19.8 26.2441 1.2
      vertex 19.6042 26.5233 1.2
    endloop
  endfacet
  facet normal 0 0 1
    outer loop
      vertex 17.9125 25.8725 1.2
      vertex 20.0562 26.0341 1.2
      vertex 19.8 26.2441 1.2
    endloop
  endfacet
  facet normal 0 0 1
    outer loop
      vertex 17.9125 25.8725 1.2
      vertex 20.3771 25.884 1.2
      vertex 20.0562 26.0341 1.2
    endloop
  endfacet
  facet normal 0 0 1
    outer loop
      vertex 20.7628 25.794 1.2
      vertex 17.9125 25.8725 1.2
      vertex 0 1.5 1.2
    endloop
  endfacet
  facet normal 0 0 1
    outer loop
      vertex 0 1.5 1.2
      vertex 17.9125 25.8725 1.2
      vertex 16.8764 25.8725 1.2
    endloop
  endfacet
  facet normal 0 0 1
    outer loop
      vertex 12.7425 25.8725 1.2
      vertex 16.8764 25.8725 1.2
      vertex 12.7425 29.4151 1.2
    endloop
  endfacet
  facet normal 0 0 1
    outer loop
      vertex 0 1.5 1.2
      vertex 16.8764 25.8725 1.2
      vertex 12.7425 25.8725 1.2
    endloop
  endfacet
  facet normal 0 0 1
    outer loop
      vertex 0 1.5 1.2
      vertex 12.7425 25.8725 1.2
      vertex 11.7064 25.8725 1.2
    endloop
  endfacet
  facet normal 0 0 1
    outer loop
      vertex 46.135 25.764 1.2
      vertex 0 1.5 1.2
      vertex 90 1.5 1.2
    endloop
  endfacet
  facet normal 0 0 1
    outer loop
      vertex 11.7064 33.5163 1.2
      vertex 0 1.5 1.2
      vertex 11.7064 25.8725 1.2
    endloop
  endfacet
  facet normal -0 -0 1
    outer loop
      vertex 78.609 26.3214 1.2
      vertex 78.6334 25.8725 1.2
      vertex 78.6029 26.6629 1.2
    endloop
  endfacet
  facet normal 0 0 1
    outer loop
      vertex 77.6353 30.831 1.2
      vertex 77.6244 31.4874 1.2
      vertex 77.6244 30.831 1.2
    endloop
  endfacet
  facet normal 0 0 1
    outer loop
      vertex 69.0923 25.8725 1.2
      vertex 67.7232 27.1257 1.2
      vertex 67.7252 26.6629 1.2
    endloop
  endfacet
  facet normal -0 0 1
    outer loop
      vertex 65.6546 37.2452 1.2
      vertex 69.0923 33.9232 1.2
      vertex 66.0014 37.8528 1.2
    endloop
  endfacet
  facet normal -0 0 1
    outer loop
      vertex 65.1402 36.8112 1.2
      vertex 69.0923 33.9232 1.2
      vertex 65.6546 37.2452 1.2
    endloop
  endfacet
  facet normal 0 0 1
    outer loop
      vertex 69.0923 33.9232 1.2
      vertex 65.1402 36.8112 1.2
      vertex 66.7467 31.7423 1.2
    endloop
  endfacet
  facet normal 0 0 1
    outer loop
      vertex 66.1588 39.3013 1.2
      vertex 65.1443 38.0969 1.2
      vertex 66.0014 37.8528 1.2
    endloop
  endfacet
  facet normal 0 0 1
    outer loop
      vertex 65.1443 38.0969 1.2
      vertex 64.9469 37.7402 1.2
      vertex 65.0611 37.9101 1.2
    endloop
  endfacet
  facet normal 0 0 1
    outer loop
      vertex 65.1443 38.0969 1.2
      vertex 64.802 37.5873 1.2
      vertex 64.9469 37.7402 1.2
    endloop
  endfacet
  facet normal 0 0 1
    outer loop
      vertex 65.1443 38.0969 1.2
      vertex 64.6261 37.4513 1.2
      vertex 64.802 37.5873 1.2
    endloop
  endfacet
  facet normal 0 0 1
    outer loop
      vertex 65.1443 38.0969 1.2
      vertex 64.4192 37.3398 1.2
      vertex 64.6261 37.4513 1.2
    endloop
  endfacet
  facet normal -0 0 1
    outer loop
      vertex 61.9706 39.3013 1.2
      vertex 65.1443 38.0969 1.2
      vertex 66.1588 39.3013 1.2
    endloop
  endfacet
  facet normal -0 -0 1
    outer loop
      vertex 61.9967 38.8256 1.2
      vertex 65.1443 38.0969 1.2
      vertex 61.9706 39.3013 1.2
    endloop
  endfacet
  facet normal -0 -0 1
    outer loop
      vertex 62.0751 38.4075 1.2
      vertex 65.1443 38.0969 1.2
      vertex 61.9967 38.8256 1.2
    endloop
  endfacet
  facet normal 0 0 1
    outer loop
      vertex 65.1443 38.0969 1.2
      vertex 64.1807 37.2601 1.2
      vertex 64.4192 37.3398 1.2
    endloop
  endfacet
  facet normal 0 0 1
    outer loop
      vertex 65.1443 38.0969 1.2
      vertex 63.9106 37.2123 1.2
      vertex 64.1807 37.2601 1.2
    endloop
  endfacet
  facet normal 0 0 1
    outer loop
      vertex 63.9106 37.2123 1.2
      vertex 62.0751 38.4075 1.2
      vertex 63.609 37.1964 1.2
    endloop
  endfacet
  facet normal -0 -0 1
    outer loop
      vertex 62.2056 38.0471 1.2
      vertex 63.609 37.1964 1.2
      vertex 62.0751 38.4075 1.2
    endloop
  endfacet
  facet normal -0 -0 1
    outer loop
      vertex 62.3883 37.7443 1.2
      vertex 63.2316 37.2306 1.2
      vertex 62.2056 38.0471 1.2
    endloop
  endfacet
  facet normal 0 0 1
    outer loop
      vertex 63.2316 37.2306 1.2
      vertex 62.3883 37.7443 1.2
      vertex 62.9024 37.3333 1.2
    endloop
  endfacet
  facet normal 0 0 1
    outer loop
      vertex 62.9024 37.3333 1.2
      vertex 62.3883 37.7443 1.2
      vertex 62.6213 37.5045 1.2
    endloop
  endfacet
  facet normal 0 0 1
    outer loop
      vertex 63.609 37.1964 1.2
      vertex 62.2056 38.0471 1.2
      vertex 63.2316 37.2306 1.2
    endloop
  endfacet
  facet normal 0 0 1
    outer loop
      vertex 65.1443 38.0969 1.2
      vertex 62.0751 38.4075 1.2
      vertex 63.9106 37.2123 1.2
    endloop
  endfacet
  facet normal 0 0 1
    outer loop
      vertex 66.7467 28.3409 1.2
      vertex 64.0179 31.7423 1.2
      vertex 64.0179 28.0208 1.2
    endloop
  endfacet
  facet normal -0 -0 1
    outer loop
      vertex 64.025 27.7469 1.2
      vertex 66.5178 27.2657 1.2
      vertex 64.0179 28.0208 1.2
    endloop
  endfacet
  facet normal 0 0 1
    outer loop
      vertex 66.5178 27.2657 1.2
      vertex 64.025 27.7469 1.2
      vertex 66.3398 27.0009 1.2
    endloop
  endfacet
  facet normal 0 0 1
    outer loop
      vertex 66.3398 27.0009 1.2
      vertex 64.025 27.7469 1.2
      vertex 66.1177 26.7897 1.2
    endloop
  endfacet
  facet normal -0 0 1
    outer loop
      vertex 64.4584 36.5508 1.2
      vertex 66.7467 31.7423 1.2
      vertex 65.1402 36.8112 1.2
    endloop
  endfacet
  facet normal 0 0 1
    outer loop
      vertex 66.1177 26.7897 1.2
      vertex 64.025 27.7469 1.2
      vertex 65.8583 26.6388 1.2
    endloop
  endfacet
  facet normal 0 0 1
    outer loop
      vertex 65.8583 26.6388 1.2
      vertex 64.025 27.7469 1.2
      vertex 65.5616 26.5483 1.2
    endloop
  endfacet
  facet normal 0 0 1
    outer loop
      vertex 65.5616 26.5483 1.2
      vertex 64.025 27.7469 1.2
      vertex 65.2276 26.5181 1.2
    endloop
  endfacet
  facet normal -0 -0 1
    outer loop
      vertex 64.0464 27.5054 1.2
      vertex 65.2276 26.5181 1.2
      vertex 64.025 27.7469 1.2
    endloop
  endfacet
  facet normal 0 0 1
    outer loop
      vertex 66.7467 31.7423 1.2
      vertex 64.4584 36.5508 1.2
      vertex 64.0179 31.7423 1.2
    endloop
  endfacet
  facet normal 0 0 1
    outer loop
      vertex 65.2276 26.5181 1.2
      vertex 64.0464 27.5054 1.2
      vertex 65.0008 26.5269 1.2
    endloop
  endfacet
  facet normal -0 -0 1
    outer loop
      vertex 64.082 27.2966 1.2
      vertex 65.0008 26.5269 1.2
      vertex 64.0464 27.5054 1.2
    endloop
  endfacet
  facet normal 0 0 1
    outer loop
      vertex 65.0008 26.5269 1.2
      vertex 64.082 27.2966 1.2
      vertex 64.8031 26.5534 1.2
    endloop
  endfacet
  facet normal -0 -0 1
    outer loop
      vertex 64.1318 27.1203 1.2
      vertex 64.8031 26.5534 1.2
      vertex 64.082 27.2966 1.2
    endloop
  endfacet
  facet normal 0 0 1
    outer loop
      vertex 64.8031 26.5534 1.2
      vertex 64.1318 27.1203 1.2
      vertex 64.6346 26.5974 1.2
    endloop
  endfacet
  facet normal -0 -0 1
    outer loop
      vertex 64.1972 26.9714 1.2
      vertex 64.6346 26.5974 1.2
      vertex 64.1318 27.1203 1.2
    endloop
  endfacet
  facet normal -0 -0 1
    outer loop
      vertex 64.2796 26.8449 1.2
      vertex 64.4952 26.6591 1.2
      vertex 64.1972 26.9714 1.2
    endloop
  endfacet
  facet normal 0 0 1
    outer loop
      vertex 64.6346 26.5974 1.2
      vertex 64.1972 26.9714 1.2
      vertex 64.4952 26.6591 1.2
    endloop
  endfacet
  facet normal -0 0 1
    outer loop
      vertex 63.609 36.464 1.2
      vertex 64.0179 31.7423 1.2
      vertex 64.4584 36.5508 1.2
    endloop
  endfacet
  facet normal 0 0 1
    outer loop
      vertex 63.609 36.464 1.2
      vertex 63.036 31.7423 1.2
      vertex 64.0179 31.7423 1.2
    endloop
  endfacet
  facet normal 0 0 1
    outer loop
      vertex 61.5183 31.8291 1.2
      vertex 62.9969 36.5125 1.2
      vertex 62.4623 36.658 1.2
    endloop
  endfacet
  facet normal 0 0 1
    outer loop
      vertex 62.9969 36.5125 1.2
      vertex 63.036 31.7423 1.2
      vertex 63.609 36.464 1.2
    endloop
  endfacet
  facet normal 0 0 1
    outer loop
      vertex 64.4952 26.6591 1.2
      vertex 64.2796 26.8449 1.2
      vertex 64.379 26.7409 1.2
    endloop
  endfacet
  facet normal -0 0 1
    outer loop
      vertex 34.9671 40.7911 1.2
      vertex 37.9471 40.4824 1.2
      vertex 37.8484 40.8522 1.2
    endloop
  endfacet
  facet normal 0 0 1
    outer loop
      vertex 36.757 41.8027 1.2
      vertex 37.8484 40.8522 1.2
      vertex 37.7111 41.1592 1.2
    endloop
  endfacet
  facet normal 0 0 1
    outer loop
      vertex 37.0591 41.7228 1.2
      vertex 37.7111 41.1592 1.2
      vertex 37.5351 41.4035 1.2
    endloop
  endfacet
  facet normal 0 0 1
    outer loop
      vertex 37.0591 41.7228 1.2
      vertex 37.5351 41.4035 1.2
      vertex 37.3185 41.5898 1.2
    endloop
  endfacet
  facet normal 0 0 1
    outer loop
      vertex 37.7111 41.1592 1.2
      vertex 37.0591 41.7228 1.2
      vertex 36.757 41.8027 1.2
    endloop
  endfacet
  facet normal 0 0 1
    outer loop
      vertex 37.8484 40.8522 1.2
      vertex 36.757 41.8027 1.2
      vertex 36.4122 41.8293 1.2
    endloop
  endfacet
  facet normal 0 0 1
    outer loop
      vertex 37.8484 40.8522 1.2
      vertex 36.4122 41.8293 1.2
      vertex 34.9671 40.7911 1.2
    endloop
  endfacet
  facet normal 0 0 1
    outer loop
      vertex 35.1029 41.095 1.2
      vertex 36.4122 41.8293 1.2
      vertex 36.0753 41.7996 1.2
    endloop
  endfacet
  facet normal 0 0 1
    outer loop
      vertex 35.2865 41.3546 1.2
      vertex 36.0753 41.7996 1.2
      vertex 35.7754 41.7106 1.2
    endloop
  endfacet
  facet normal 0 0 1
    outer loop
      vertex 35.2865 41.3546 1.2
      vertex 35.7754 41.7106 1.2
      vertex 35.5125 41.5623 1.2
    endloop
  endfacet
  facet normal 0 0 1
    outer loop
      vertex 36.0753 41.7996 1.2
      vertex 35.2865 41.3546 1.2
      vertex 35.1029 41.095 1.2
    endloop
  endfacet
  facet normal 0 0 1
    outer loop
      vertex 36.4122 41.8293 1.2
      vertex 35.1029 41.095 1.2
      vertex 34.9671 40.7911 1.2
    endloop
  endfacet
  facet normal 0 0 1
    outer loop
      vertex 37.9471 40.4824 1.2
      vertex 34.9671 40.7911 1.2
      vertex 34.8791 40.4427 1.2
    endloop
  endfacet
  facet normal 0 0 1
    outer loop
      vertex 34.8389 40.0499 1.2
      vertex 37.9471 40.4824 1.2
      vertex 34.8791 40.4427 1.2
    endloop
  endfacet
  facet normal 0 0 1
    outer loop
      vertex 37.9471 40.4824 1.2
      vertex 34.8389 40.0499 1.2
      vertex 38.0071 40.0499 1.2
    endloop
  endfacet
  facet normal -0 0 1
    outer loop
      vertex 42.6204 39.4478 1.2
      vertex 43.6892 38.9867 1.2
      vertex 43.6892 39.4695 1.2
    endloop
  endfacet
  facet normal 0 0 1
    outer loop
      vertex 43.6892 38.9867 1.2
      vertex 42.6204 39.4478 1.2
      vertex 43.6741 38.763 1.2
    endloop
  endfacet
  facet normal 0 0 1
    outer loop
      vertex 43.6741 38.763 1.2
      vertex 42.6204 39.4478 1.2
      vertex 43.6288 38.5425 1.2
    endloop
  endfacet
  facet normal 0 0 1
    outer loop
      vertex 43.6288 38.5425 1.2
      vertex 42.6204 39.4478 1.2
      vertex 43.5533 38.325 1.2
    endloop
  endfacet
  facet normal 0 0 1
    outer loop
      vertex 43.5533 38.325 1.2
      vertex 42.6204 39.4478 1.2
      vertex 43.4477 38.1105 1.2
    endloop
  endfacet
  facet normal 0 0 1
    outer loop
      vertex 43.4477 38.1105 1.2
      vertex 42.6204 39.4478 1.2
      vertex 43.316 37.9089 1.2
    endloop
  endfacet
  facet normal 0 0 1
    outer loop
      vertex 43.316 37.9089 1.2
      vertex 42.6204 39.4478 1.2
      vertex 43.1622 37.7301 1.2
    endloop
  endfacet
  facet normal -0 0 1
    outer loop
      vertex 42.2968 39.4349 1.2
      vertex 43.1622 37.7301 1.2
      vertex 42.6204 39.4478 1.2
    endloop
  endfacet
  facet normal 0 0 1
    outer loop
      vertex 43.1622 37.7301 1.2
      vertex 42.2968 39.4349 1.2
      vertex 42.9864 37.5739 1.2
    endloop
  endfacet
  facet normal 0 0 1
    outer loop
      vertex 42.9864 37.5739 1.2
      vertex 42.2968 39.4349 1.2
      vertex 42.7885 37.4405 1.2
    endloop
  endfacet
  facet normal -0 0 1
    outer loop
      vertex 42.0148 39.4071 1.2
      vertex 42.7885 37.4405 1.2
      vertex 42.2968 39.4349 1.2
    endloop
  endfacet
  facet normal 0 0 1
    outer loop
      vertex 42.7885 37.4405 1.2
      vertex 42.0148 39.4071 1.2
      vertex 42.5722 37.3337 1.2
    endloop
  endfacet
  facet normal 0 0 1
    outer loop
      vertex 42.5722 37.3337 1.2
      vertex 42.0148 39.4071 1.2
      vertex 42.341 37.2574 1.2
    endloop
  endfacet
  facet normal -0 0 1
    outer loop
      vertex 41.7746 39.3643 1.2
      vertex 42.341 37.2574 1.2
      vertex 42.0148 39.4071 1.2
    endloop
  endfacet
  facet normal 0 0 1
    outer loop
      vertex 42.341 37.2574 1.2
      vertex 41.7746 39.3643 1.2
      vertex 42.0949 37.2116 1.2
    endloop
  endfacet
  facet normal -0 0 1
    outer loop
      vertex 41.576 39.3067 1.2
      vertex 42.0949 37.2116 1.2
      vertex 41.7746 39.3643 1.2
    endloop
  endfacet
  facet normal -0 0 1
    outer loop
      vertex 40.8529 38.4038 1.2
      vertex 42.0949 37.2116 1.2
      vertex 41.576 39.3067 1.2
    endloop
  endfacet
  facet normal 0 0 1
    outer loop
      vertex 42.0949 37.2116 1.2
      vertex 40.8529 38.4038 1.2
      vertex 41.8338 37.1964 1.2
    endloop
  endfacet
  facet normal -0 0 1
    outer loop
      vertex 40.841 38.1946 1.2
      vertex 41.8338 37.1964 1.2
      vertex 40.8529 38.4038 1.2
    endloop
  endfacet
  facet normal 0 0 1
    outer loop
      vertex 40.8529 38.4038 1.2
      vertex 41.576 39.3067 1.2
      vertex 41.4087 39.2328 1.2
    endloop
  endfacet
  facet normal 0 0 1
    outer loop
      vertex 40.8885 38.592 1.2
      vertex 41.4087 39.2328 1.2
      vertex 41.2621 39.1412 1.2
    endloop
  endfacet
  facet normal 0 0 1
    outer loop
      vertex 41.8338 37.1964 1.2
      vertex 40.841 38.1946 1.2
      vertex 41.6088 37.2126 1.2
    endloop
  endfacet
  facet normal 0 0 1
    outer loop
      vertex 40.8885 38.592 1.2
      vertex 41.2621 39.1412 1.2
      vertex 41.1361 39.032 1.2
    endloop
  endfacet
  facet normal -0 -0 1
    outer loop
      vertex 40.8571 37.9694 1.2
      vertex 41.6088 37.2126 1.2
      vertex 40.841 38.1946 1.2
    endloop
  endfacet
  facet normal 0 0 1
    outer loop
      vertex 40.8885 38.592 1.2
      vertex 41.1361 39.032 1.2
      vertex 41.0308 38.9052 1.2
    endloop
  endfacet
  facet normal -0 -0 1
    outer loop
      vertex 40.9054 37.7714 1.2
      vertex 41.4113 37.2614 1.2
      vertex 40.8571 37.9694 1.2
    endloop
  endfacet
  facet normal 0 0 1
    outer loop
      vertex 40.8885 38.592 1.2
      vertex 41.0308 38.9052 1.2
      vertex 40.9478 38.7591 1.2
    endloop
  endfacet
  facet normal 0 0 1
    outer loop
      vertex 41.4113 37.2614 1.2
      vertex 40.9054 37.7714 1.2
      vertex 41.2413 37.3428 1.2
    endloop
  endfacet
  facet normal 0 0 1
    outer loop
      vertex 41.4087 39.2328 1.2
      vertex 40.8885 38.592 1.2
      vertex 40.8529 38.4038 1.2
    endloop
  endfacet
  facet normal 0 0 1
    outer loop
      vertex 41.6088 37.2126 1.2
      vertex 40.8571 37.9694 1.2
      vertex 41.4113 37.2614 1.2
    endloop
  endfacet
  facet normal 0 0 1
    outer loop
      vertex 41.2413 37.3428 1.2
      vertex 40.9054 37.7714 1.2
      vertex 41.0987 37.4567 1.2
    endloop
  endfacet
  facet normal 0 0 1
    outer loop
      vertex 41.0987 37.4567 1.2
      vertex 40.9054 37.7714 1.2
      vertex 40.9859 37.6005 1.2
    endloop
  endfacet
  facet normal -0 0 1
    outer loop
      vertex 62.1097 40.7911 1.2
      vertex 65.0897 40.4824 1.2
      vertex 64.991 40.8522 1.2
    endloop
  endfacet
  facet normal 0 0 1
    outer loop
      vertex 63.8996 41.8027 1.2
      vertex 64.991 40.8522 1.2
      vertex 64.8537 41.1592 1.2
    endloop
  endfacet
  facet normal 0 0 1
    outer loop
      vertex 64.2017 41.7228 1.2
      vertex 64.8537 41.1592 1.2
      vertex 64.6777 41.4035 1.2
    endloop
  endfacet
  facet normal 0 0 1
    outer loop
      vertex 64.2017 41.7228 1.2
      vertex 64.6777 41.4035 1.2
      vertex 64.461 41.5898 1.2
    endloop
  endfacet
  facet normal 0 0 1
    outer loop
      vertex 64.8537 41.1592 1.2
      vertex 64.2017 41.7228 1.2
      vertex 63.8996 41.8027 1.2
    endloop
  endfacet
  facet normal 0 0 1
    outer loop
      vertex 64.991 40.8522 1.2
      vertex 63.8996 41.8027 1.2
      vertex 63.5548 41.8293 1.2
    endloop
  endfacet
  facet normal 0 0 1
    outer loop
      vertex 64.991 40.8522 1.2
      vertex 63.5548 41.8293 1.2
      vertex 62.1097 40.7911 1.2
    endloop
  endfacet
  facet normal 0 0 1
    outer loop
      vertex 62.2455 41.095 1.2
      vertex 63.5548 41.8293 1.2
      vertex 63.2179 41.7996 1.2
    endloop
  endfacet
  facet normal 0 0 1
    outer loop
      vertex 62.429 41.3546 1.2
      vertex 63.2179 41.7996 1.2
      vertex 62.918 41.7106 1.2
    endloop
  endfacet
  facet normal 0 0 1
    outer loop
      vertex 62.429 41.3546 1.2
      vertex 62.918 41.7106 1.2
      vertex 62.655 41.5623 1.2
    endloop
  endfacet
  facet normal 0 0 1
    outer loop
      vertex 63.2179 41.7996 1.2
      vertex 62.429 41.3546 1.2
      vertex 62.2455 41.095 1.2
    endloop
  endfacet
  facet normal 0 0 1
    outer loop
      vertex 63.5548 41.8293 1.2
      vertex 62.2455 41.095 1.2
      vertex 62.1097 40.7911 1.2
    endloop
  endfacet
  facet normal 0 0 1
    outer loop
      vertex 65.0897 40.4824 1.2
      vertex 62.1097 40.7911 1.2
      vertex 62.0217 40.4427 1.2
    endloop
  endfacet
  facet normal 0 0 1
    outer loop
      vertex 61.9815 40.0499 1.2
      vertex 65.0897 40.4824 1.2
      vertex 62.0217 40.4427 1.2
    endloop
  endfacet
  facet normal 0 0 1
    outer loop
      vertex 65.0897 40.4824 1.2
      vertex 61.9815 40.0499 1.2
      vertex 65.1497 40.0499 1.2
    endloop
  endfacet
  facet normal -0 0 1
    outer loop
      vertex 35.3512 30.0911 1.2
      vertex 38.3312 29.7824 1.2
      vertex 38.2325 30.1521 1.2
    endloop
  endfacet
  facet normal 0 0 1
    outer loop
      vertex 37.1411 31.1027 1.2
      vertex 38.2325 30.1521 1.2
      vertex 38.0952 30.4592 1.2
    endloop
  endfacet
  facet normal 0 0 1
    outer loop
      vertex 37.4432 31.0228 1.2
      vertex 38.0952 30.4592 1.2
      vertex 37.9192 30.7034 1.2
    endloop
  endfacet
  facet normal 0 0 1
    outer loop
      vertex 37.4432 31.0228 1.2
      vertex 37.9192 30.7034 1.2
      vertex 37.7025 30.8898 1.2
    endloop
  endfacet
  facet normal 0 0 1
    outer loop
      vertex 38.0952 30.4592 1.2
      vertex 37.4432 31.0228 1.2
      vertex 37.1411 31.1027 1.2
    endloop
  endfacet
  facet normal 0 0 1
    outer loop
      vertex 38.2325 30.1521 1.2
      vertex 37.1411 31.1027 1.2
      vertex 36.7963 31.1293 1.2
    endloop
  endfacet
  facet normal 0 0 1
    outer loop
      vertex 38.2325 30.1521 1.2
      vertex 36.7963 31.1293 1.2
      vertex 35.3512 30.0911 1.2
    endloop
  endfacet
  facet normal 0 0 1
    outer loop
      vertex 35.487 30.395 1.2
      vertex 36.7963 31.1293 1.2
      vertex 36.4594 31.0996 1.2
    endloop
  endfacet
  facet normal 0 0 1
    outer loop
      vertex 35.6705 30.6546 1.2
      vertex 36.4594 31.0996 1.2
      vertex 36.1595 31.0106 1.2
    endloop
  endfacet
  facet normal 0 0 1
    outer loop
      vertex 35.6705 30.6546 1.2
      vertex 36.1595 31.0106 1.2
      vertex 35.8965 30.8623 1.2
    endloop
  endfacet
  facet normal 0 0 1
    outer loop
      vertex 36.4594 31.0996 1.2
      vertex 35.6705 30.6546 1.2
      vertex 35.487 30.395 1.2
    endloop
  endfacet
  facet normal 0 0 1
    outer loop
      vertex 36.7963 31.1293 1.2
      vertex 35.487 30.395 1.2
      vertex 35.3512 30.0911 1.2
    endloop
  endfacet
  facet normal 0 0 1
    outer loop
      vertex 38.3312 29.7824 1.2
      vertex 35.3512 30.0911 1.2
      vertex 35.2632 29.7427 1.2
    endloop
  endfacet
  facet normal 0 0 1
    outer loop
      vertex 35.223 29.3499 1.2
      vertex 38.3312 29.7824 1.2
      vertex 35.2632 29.7427 1.2
    endloop
  endfacet
  facet normal 0 0 1
    outer loop
      vertex 38.3312 29.7824 1.2
      vertex 35.223 29.3499 1.2
      vertex 38.3912 29.3499 1.2
    endloop
  endfacet
  facet normal -0 0 1
    outer loop
      vertex 74.6828 29.3833 1.2
      vertex 77.6244 28.8779 1.2
      vertex 77.601 29.4221 1.2
    endloop
  endfacet
  facet normal 0 0 1
    outer loop
      vertex 74.6828 29.3833 1.2
      vertex 77.601 29.4221 1.2
      vertex 77.5308 29.8884 1.2
    endloop
  endfacet
  facet normal 0 0 1
    outer loop
      vertex 77.6244 28.8779 1.2
      vertex 74.6623 28.8128 1.2
      vertex 77.601 28.3127 1.2
    endloop
  endfacet
  facet normal 0 0 1
    outer loop
      vertex 74.7444 29.8687 1.2
      vertex 77.5308 29.8884 1.2
      vertex 77.4138 30.2766 1.2
    endloop
  endfacet
  facet normal 0 -0 1
    outer loop
      vertex 74.6826 28.2408 1.2
      vertex 77.601 28.3127 1.2
      vertex 74.6623 28.8128 1.2
    endloop
  endfacet
  facet normal 0 0 1
    outer loop
      vertex 76.4383 31.0954 1.2
      vertex 77.4138 30.2766 1.2
      vertex 77.2501 30.5868 1.2
    endloop
  endfacet
  facet normal 0 0 1
    outer loop
      vertex 77.601 28.3127 1.2
      vertex 74.6826 28.2408 1.2
      vertex 77.5308 27.8269 1.2
    endloop
  endfacet
  facet normal 0 0 1
    outer loop
      vertex 76.7645 30.9937 1.2
      vertex 77.2501 30.5868 1.2
      vertex 77.0351 30.8241 1.2
    endloop
  endfacet
  facet normal 0 -0 1
    outer loop
      vertex 74.7437 27.7563 1.2
      vertex 77.5308 27.8269 1.2
      vertex 74.6826 28.2408 1.2
    endloop
  endfacet
  facet normal 0 0 1
    outer loop
      vertex 77.2501 30.5868 1.2
      vertex 76.7645 30.9937 1.2
      vertex 76.4383 31.0954 1.2
    endloop
  endfacet
  facet normal 0 0 1
    outer loop
      vertex 77.5308 27.8269 1.2
      vertex 74.7437 27.7563 1.2
      vertex 77.4138 27.4203 1.2
    endloop
  endfacet
  facet normal 0 0 1
    outer loop
      vertex 77.4138 30.2766 1.2
      vertex 76.4383 31.0954 1.2
      vertex 74.7444 29.8687 1.2
    endloop
  endfacet
  facet normal 0 -0 1
    outer loop
      vertex 76.4323 26.554 1.2
      vertex 77.4138 27.4203 1.2
      vertex 74.7437 27.7563 1.2
    endloop
  endfacet
  facet normal 0 0 1
    outer loop
      vertex 74.8469 30.2689 1.2
      vertex 76.4383 31.0954 1.2
      vertex 76.0565 31.1293 1.2
    endloop
  endfacet
  facet normal 0 0 1
    outer loop
      vertex 77.4138 27.4203 1.2
      vertex 76.4323 26.554 1.2
      vertex 77.2501 27.0932 1.2
    endloop
  endfacet
  facet normal 0 0 1
    outer loop
      vertex 74.8469 30.2689 1.2
      vertex 76.0565 31.1293 1.2
      vertex 75.7133 31.0952 1.2
    endloop
  endfacet
  facet normal 0 -0 1
    outer loop
      vertex 76.7618 26.6619 1.2
      vertex 77.2501 27.0932 1.2
      vertex 76.4323 26.554 1.2
    endloop
  endfacet
  facet normal 0 0 1
    outer loop
      vertex 74.9905 30.5841 1.2
      vertex 75.7133 31.0952 1.2
      vertex 75.4212 30.993 1.2
    endloop
  endfacet
  facet normal 0 0 1
    outer loop
      vertex 77.2501 27.0932 1.2
      vertex 76.7618 26.6619 1.2
      vertex 77.0344 26.8416 1.2
    endloop
  endfacet
  facet normal 0 0 1
    outer loop
      vertex 74.9905 30.5841 1.2
      vertex 75.4212 30.993 1.2
      vertex 75.1803 30.8226 1.2
    endloop
  endfacet
  facet normal 0 0 1
    outer loop
      vertex 76.4323 26.554 1.2
      vertex 74.7437 27.7563 1.2
      vertex 76.0457 26.5181 1.2
    endloop
  endfacet
  facet normal 0 0 1
    outer loop
      vertex 75.7133 31.0952 1.2
      vertex 74.9905 30.5841 1.2
      vertex 74.8469 30.2689 1.2
    endloop
  endfacet
  facet normal -0 -0 1
    outer loop
      vertex 74.8454 27.3593 1.2
      vertex 76.0457 26.5181 1.2
      vertex 74.7437 27.7563 1.2
    endloop
  endfacet
  facet normal 0 0 1
    outer loop
      vertex 76.4383 31.0954 1.2
      vertex 74.8469 30.2689 1.2
      vertex 74.7444 29.8687 1.2
    endloop
  endfacet
  facet normal 0 0 1
    outer loop
      vertex 76.0457 26.5181 1.2
      vertex 74.8454 27.3593 1.2
      vertex 75.705 26.5513 1.2
    endloop
  endfacet
  facet normal 0 0 1
    outer loop
      vertex 77.5308 29.8884 1.2
      vertex 74.7444 29.8687 1.2
      vertex 74.6828 29.3833 1.2
    endloop
  endfacet
  facet normal -0 -0 1
    outer loop
      vertex 74.9878 27.0497 1.2
      vertex 75.705 26.5513 1.2
      vertex 74.8454 27.3593 1.2
    endloop
  endfacet
  facet normal 0 0 1
    outer loop
      vertex 77.6244 28.8779 1.2
      vertex 74.6828 29.3833 1.2
      vertex 74.6623 28.8128 1.2
    endloop
  endfacet
  facet normal 0 0 1
    outer loop
      vertex 75.705 26.5513 1.2
      vertex 74.9878 27.0497 1.2
      vertex 75.4151 26.651 1.2
    endloop
  endfacet
  facet normal 0 0 1
    outer loop
      vertex 75.4151 26.651 1.2
      vertex 74.9878 27.0497 1.2
      vertex 75.176 26.8171 1.2
    endloop
  endfacet
  facet normal 0 0 1
    outer loop
      vertex 30.0237 44.2163 2.15
      vertex 27.398 43.37 2.15
      vertex 30.0237 43.37 2.15
    endloop
  endfacet
  facet normal 0 0 1
    outer loop
      vertex 27.398 43.37 2.15
      vertex 26.3673 43.37 2.15
      vertex 27.398 36.5725 2.15
    endloop
  endfacet
  facet normal 0 0 1
    outer loop
      vertex 30.0237 44.2163 2.15
      vertex 26.3673 43.37 2.15
      vertex 27.398 43.37 2.15
    endloop
  endfacet
  facet normal -0 0 1
    outer loop
      vertex 23.7416 44.2163 2.15
      vertex 26.3673 43.37 2.15
      vertex 30.0237 44.2163 2.15
    endloop
  endfacet
  facet normal 0 0 1
    outer loop
      vertex 26.3673 43.37 2.15
      vertex 23.7416 44.2163 2.15
      vertex 23.7416 43.37 2.15
    endloop
  endfacet
  facet normal 0 0 1
    outer loop
      vertex 27.398 36.5725 2.15
      vertex 26.3673 43.37 2.15
      vertex 26.3673 36.5725 2.15
    endloop
  endfacet
  facet normal 0 0 1
    outer loop
      vertex 31.4209 41.2435 2.15
      vertex 30.4857 41.3926 2.15
      vertex 30.4877 41.0752 2.15
    endloop
  endfacet
  facet normal 0 0 1
    outer loop
      vertex 31.3965 41.9931 2.15
      vertex 30.4796 41.7262 2.15
      vertex 30.4857 41.3926 2.15
    endloop
  endfacet
  facet normal 0 0 1
    outer loop
      vertex 31.3965 41.9931 2.15
      vertex 30.4695 42.0761 2.15
      vertex 30.4796 41.7262 2.15
    endloop
  endfacet
  facet normal 0 -0 1
    outer loop
      vertex 30.4695 42.0761 2.15
      vertex 31.3775 42.4423 2.15
      vertex 30.4553 42.4423 2.15
    endloop
  endfacet
  facet normal 0 0 1
    outer loop
      vertex 33.005 41.6421 2.15
      vertex 33.2329 42.4966 2.15
      vertex 33.1328 42.5203 2.15
    endloop
  endfacet
  facet normal 0 0 1
    outer loop
      vertex 33.2329 42.4966 2.15
      vertex 33.1271 41.6252 2.15
      vertex 33.2329 41.6015 2.15
    endloop
  endfacet
  facet normal 0 0 1
    outer loop
      vertex 33.005 41.6421 2.15
      vertex 33.1328 42.5203 2.15
      vertex 33.0334 42.5372 2.15
    endloop
  endfacet
  facet normal 0 0 1
    outer loop
      vertex 33.2329 42.4966 2.15
      vertex 33.005 41.6421 2.15
      vertex 33.1271 41.6252 2.15
    endloop
  endfacet
  facet normal 0 0 1
    outer loop
      vertex 32.8667 41.6523 2.15
      vertex 33.0334 42.5372 2.15
      vertex 32.9348 42.5474 2.15
    endloop
  endfacet
  facet normal 0 0 1
    outer loop
      vertex 33.0334 42.5372 2.15
      vertex 32.8667 41.6523 2.15
      vertex 33.005 41.6421 2.15
    endloop
  endfacet
  facet normal 0 0 1
    outer loop
      vertex 32.8368 42.5508 2.15
      vertex 32.8667 41.6523 2.15
      vertex 32.9348 42.5474 2.15
    endloop
  endfacet
  facet normal 0 0 1
    outer loop
      vertex 32.8368 42.5508 2.15
      vertex 32.7121 41.6557 2.15
      vertex 32.8667 41.6523 2.15
    endloop
  endfacet
  facet normal -0 0 1
    outer loop
      vertex 32.5757 42.5335 2.15
      vertex 32.7121 41.6557 2.15
      vertex 32.8368 42.5508 2.15
    endloop
  endfacet
  facet normal -0 0 1
    outer loop
      vertex 32.3458 42.4817 2.15
      vertex 32.7121 41.6557 2.15
      vertex 32.5757 42.5335 2.15
    endloop
  endfacet
  facet normal 0 0 1
    outer loop
      vertex 32.7121 41.6557 2.15
      vertex 32.3458 42.4817 2.15
      vertex 32.4262 41.623 2.15
    endloop
  endfacet
  facet normal -0 0 1
    outer loop
      vertex 32.1471 42.3952 2.15
      vertex 32.4262 41.623 2.15
      vertex 32.3458 42.4817 2.15
    endloop
  endfacet
  facet normal -0 0 1
    outer loop
      vertex 31.9796 42.2742 2.15
      vertex 32.4262 41.623 2.15
      vertex 32.1471 42.3952 2.15
    endloop
  endfacet
  facet normal -0 0 1
    outer loop
      vertex 31.8321 42.106 2.15
      vertex 32.4262 41.623 2.15
      vertex 31.9796 42.2742 2.15
    endloop
  endfacet
  facet normal 0 0 1
    outer loop
      vertex 32.4262 41.623 2.15
      vertex 31.8321 42.106 2.15
      vertex 32.1763 41.5248 2.15
    endloop
  endfacet
  facet normal -0 0 1
    outer loop
      vertex 31.6935 41.8782 2.15
      vertex 32.1763 41.5248 2.15
      vertex 31.8321 42.106 2.15
    endloop
  endfacet
  facet normal 0 0 1
    outer loop
      vertex 32.1763 41.5248 2.15
      vertex 31.6935 41.8782 2.15
      vertex 31.9624 41.3612 2.15
    endloop
  endfacet
  facet normal -0 0 1
    outer loop
      vertex 31.5636 41.5907 2.15
      vertex 31.9624 41.3612 2.15
      vertex 31.6935 41.8782 2.15
    endloop
  endfacet
  facet normal 0 0 1
    outer loop
      vertex 31.9624 41.3612 2.15
      vertex 31.5636 41.5907 2.15
      vertex 31.7844 41.1322 2.15
    endloop
  endfacet
  facet normal -0 0 1
    outer loop
      vertex 31.4426 41.2435 2.15
      vertex 31.7844 41.1322 2.15
      vertex 31.5636 41.5907 2.15
    endloop
  endfacet
  facet normal 0 0 1
    outer loop
      vertex 31.7844 41.1322 2.15
      vertex 31.4426 41.2435 2.15
      vertex 31.6443 40.8421 2.15
    endloop
  endfacet
  facet normal -0 0 1
    outer loop
      vertex 31.4209 41.2435 2.15
      vertex 31.6443 40.8421 2.15
      vertex 31.4426 41.2435 2.15
    endloop
  endfacet
  facet normal 0 0 1
    outer loop
      vertex 31.6443 40.8421 2.15
      vertex 31.4209 41.2435 2.15
      vertex 31.5443 40.4955 2.15
    endloop
  endfacet
  facet normal -0 0 1
    outer loop
      vertex 30.4877 41.0752 2.15
      vertex 31.5443 40.4955 2.15
      vertex 31.4209 41.2435 2.15
    endloop
  endfacet
  facet normal 0 0 1
    outer loop
      vertex 31.5443 40.4955 2.15
      vertex 30.4877 41.0752 2.15
      vertex 31.4843 40.0921 2.15
    endloop
  endfacet
  facet normal 0 0 1
    outer loop
      vertex 31.4843 40.0921 2.15
      vertex 30.4877 41.0752 2.15
      vertex 31.4643 39.6322 2.15
    endloop
  endfacet
  facet normal -0 0 1
    outer loop
      vertex 30.4857 41.3926 2.15
      vertex 31.4209 41.2435 2.15
      vertex 31.4182 41.3936 2.15
    endloop
  endfacet
  facet normal 0 0 1
    outer loop
      vertex 30.4857 41.3926 2.15
      vertex 31.4182 41.3936 2.15
      vertex 31.41 41.6435 2.15
    endloop
  endfacet
  facet normal 0 0 1
    outer loop
      vertex 30.4857 41.3926 2.15
      vertex 31.41 41.6435 2.15
      vertex 31.3965 41.9931 2.15
    endloop
  endfacet
  facet normal -0 0 1
    outer loop
      vertex 30.4695 42.0761 2.15
      vertex 31.3965 41.9931 2.15
      vertex 31.3775 42.4423 2.15
    endloop
  endfacet
  facet normal 0 0 1
    outer loop
      vertex 30.4877 36.5725 2.15
      vertex 31.4643 39.6322 2.15
      vertex 30.4877 41.0752 2.15
    endloop
  endfacet
  facet normal 0 0 1
    outer loop
      vertex 31.4643 39.6322 2.15
      vertex 30.4877 36.5725 2.15
      vertex 31.4643 36.5725 2.15
    endloop
  endfacet
  facet normal 0 0 1
    outer loop
      vertex 65.9971 40.7962 2.15
      vertex 65.0897 40.4824 2.15
      vertex 65.1497 40.0499 2.15
    endloop
  endfacet
  facet normal 0 0 1
    outer loop
      vertex 65.9971 40.7962 2.15
      vertex 64.991 40.8522 2.15
      vertex 65.0897 40.4824 2.15
    endloop
  endfacet
  facet normal 0 0 1
    outer loop
      vertex 65.5119 41.771 2.15
      vertex 64.8537 41.1592 2.15
      vertex 64.991 40.8522 2.15
    endloop
  endfacet
  facet normal 0 0 1
    outer loop
      vertex 64.6777 41.4035 2.15
      vertex 65.5119 41.771 2.15
      vertex 64.7032 42.3559 2.15
    endloop
  endfacet
  facet normal 0 0 1
    outer loop
      vertex 65.5119 41.771 2.15
      vertex 64.6777 41.4035 2.15
      vertex 64.8537 41.1592 2.15
    endloop
  endfacet
  facet normal 0 0 1
    outer loop
      vertex 64.7032 42.3559 2.15
      vertex 64.461 41.5898 2.15
      vertex 64.6777 41.4035 2.15
    endloop
  endfacet
  facet normal 0 0 1
    outer loop
      vertex 64.7032 42.3559 2.15
      vertex 64.2017 41.7228 2.15
      vertex 64.461 41.5898 2.15
    endloop
  endfacet
  facet normal 0 0 1
    outer loop
      vertex 64.7032 42.3559 2.15
      vertex 63.8996 41.8027 2.15
      vertex 64.2017 41.7228 2.15
    endloop
  endfacet
  facet normal 0 0 1
    outer loop
      vertex 63.571 42.5508 2.15
      vertex 63.8996 41.8027 2.15
      vertex 64.7032 42.3559 2.15
    endloop
  endfacet
  facet normal 0 0 1
    outer loop
      vertex 63.571 42.5508 2.15
      vertex 63.5548 41.8293 2.15
      vertex 63.8996 41.8027 2.15
    endloop
  endfacet
  facet normal 0 0 1
    outer loop
      vertex 63.571 42.5508 2.15
      vertex 63.2179 41.7996 2.15
      vertex 63.5548 41.8293 2.15
    endloop
  endfacet
  facet normal -0 0 1
    outer loop
      vertex 62.9755 42.5023 2.15
      vertex 63.2179 41.7996 2.15
      vertex 63.571 42.5508 2.15
    endloop
  endfacet
  facet normal 0 0 1
    outer loop
      vertex 62.9755 42.5023 2.15
      vertex 62.918 41.7106 2.15
      vertex 63.2179 41.7996 2.15
    endloop
  endfacet
  facet normal -0 0 1
    outer loop
      vertex 62.4528 42.3569 2.15
      vertex 62.918 41.7106 2.15
      vertex 62.9755 42.5023 2.15
    endloop
  endfacet
  facet normal 0 0 1
    outer loop
      vertex 62.918 41.7106 2.15
      vertex 62.4528 42.3569 2.15
      vertex 62.655 41.5623 2.15
    endloop
  endfacet
  facet normal -0 0 1
    outer loop
      vertex 62.003 42.1144 2.15
      vertex 62.655 41.5623 2.15
      vertex 62.4528 42.3569 2.15
    endloop
  endfacet
  facet normal 0 0 1
    outer loop
      vertex 62.655 41.5623 2.15
      vertex 62.003 42.1144 2.15
      vertex 62.429 41.3546 2.15
    endloop
  endfacet
  facet normal -0 0 1
    outer loop
      vertex 61.6261 41.7751 2.15
      vertex 62.429 41.3546 2.15
      vertex 62.003 42.1144 2.15
    endloop
  endfacet
  facet normal 0 0 1
    outer loop
      vertex 62.429 41.3546 2.15
      vertex 61.6261 41.7751 2.15
      vertex 62.2455 41.095 2.15
    endloop
  endfacet
  facet normal -0 0 1
    outer loop
      vertex 61.3283 41.3448 2.15
      vertex 62.2455 41.095 2.15
      vertex 61.6261 41.7751 2.15
    endloop
  endfacet
  facet normal 0 0 1
    outer loop
      vertex 62.2455 41.095 2.15
      vertex 61.3283 41.3448 2.15
      vertex 62.1097 40.7911 2.15
    endloop
  endfacet
  facet normal -0 0 1
    outer loop
      vertex 61.1156 40.8298 2.15
      vertex 62.1097 40.7911 2.15
      vertex 61.3283 41.3448 2.15
    endloop
  endfacet
  facet normal 0 0 1
    outer loop
      vertex 62.1097 40.7911 2.15
      vertex 61.1156 40.8298 2.15
      vertex 62.0217 40.4427 2.15
    endloop
  endfacet
  facet normal -0 0 1
    outer loop
      vertex 65.1497 40.0499 2.15
      vertex 66.1588 39.4315 2.15
      vertex 65.9971 40.7962 2.15
    endloop
  endfacet
  facet normal -0 0 1
    outer loop
      vertex 64.991 40.8522 2.15
      vertex 65.9971 40.7962 2.15
      vertex 65.5119 41.771 2.15
    endloop
  endfacet
  facet normal 0 0 1
    outer loop
      vertex 66.1588 39.4315 2.15
      vertex 65.1497 40.0499 2.15
      vertex 66.1588 39.3013 2.15
    endloop
  endfacet
  facet normal 0 0 1
    outer loop
      vertex 61.9706 39.3013 2.15
      vertex 65.1497 40.0499 2.15
      vertex 61.9815 40.0499 2.15
    endloop
  endfacet
  facet normal 0 0 1
    outer loop
      vertex 65.1497 40.0499 2.15
      vertex 61.9706 39.3013 2.15
      vertex 66.1588 39.3013 2.15
    endloop
  endfacet
  facet normal -0 0 1
    outer loop
      vertex 65.0611 37.9101 2.15
      vertex 66.0014 37.8528 2.15
      vertex 65.1443 38.0969 2.15
    endloop
  endfacet
  facet normal 0 0 1
    outer loop
      vertex 66.0014 37.8528 2.15
      vertex 65.0611 37.9101 2.15
      vertex 65.6546 37.2452 2.15
    endloop
  endfacet
  facet normal -0 0 1
    outer loop
      vertex 64.9469 37.7402 2.15
      vertex 65.6546 37.2452 2.15
      vertex 65.0611 37.9101 2.15
    endloop
  endfacet
  facet normal -0 0 1
    outer loop
      vertex 64.802 37.5873 2.15
      vertex 65.6546 37.2452 2.15
      vertex 64.9469 37.7402 2.15
    endloop
  endfacet
  facet normal 0 0 1
    outer loop
      vertex 65.6546 37.2452 2.15
      vertex 64.802 37.5873 2.15
      vertex 65.1402 36.8112 2.15
    endloop
  endfacet
  facet normal -0 0 1
    outer loop
      vertex 64.6261 37.4513 2.15
      vertex 65.1402 36.8112 2.15
      vertex 64.802 37.5873 2.15
    endloop
  endfacet
  facet normal -0 0 1
    outer loop
      vertex 64.4192 37.3398 2.15
      vertex 65.1402 36.8112 2.15
      vertex 64.6261 37.4513 2.15
    endloop
  endfacet
  facet normal 0 0 1
    outer loop
      vertex 65.1402 36.8112 2.15
      vertex 64.4192 37.3398 2.15
      vertex 64.4584 36.5508 2.15
    endloop
  endfacet
  facet normal -0 0 1
    outer loop
      vertex 64.1807 37.2601 2.15
      vertex 64.4584 36.5508 2.15
      vertex 64.4192 37.3398 2.15
    endloop
  endfacet
  facet normal -0 0 1
    outer loop
      vertex 63.9106 37.2123 2.15
      vertex 64.4584 36.5508 2.15
      vertex 64.1807 37.2601 2.15
    endloop
  endfacet
  facet normal 0 0 1
    outer loop
      vertex 63.609 36.464 2.15
      vertex 63.9106 37.2123 2.15
      vertex 63.609 37.1964 2.15
    endloop
  endfacet
  facet normal 0 0 1
    outer loop
      vertex 63.9106 37.2123 2.15
      vertex 63.609 36.464 2.15
      vertex 64.4584 36.5508 2.15
    endloop
  endfacet
  facet normal 0 0 1
    outer loop
      vertex 63.2316 37.2306 2.15
      vertex 63.609 36.464 2.15
      vertex 63.609 37.1964 2.15
    endloop
  endfacet
  facet normal 0 0 1
    outer loop
      vertex 63.2316 37.2306 2.15
      vertex 62.9969 36.5125 2.15
      vertex 63.609 36.464 2.15
    endloop
  endfacet
  facet normal 0 0 1
    outer loop
      vertex 62.9024 37.3333 2.15
      vertex 62.9969 36.5125 2.15
      vertex 63.2316 37.2306 2.15
    endloop
  endfacet
  facet normal 0 0 1
    outer loop
      vertex 62.4623 36.658 2.15
      vertex 62.9024 37.3333 2.15
      vertex 62.6213 37.5045 2.15
    endloop
  endfacet
  facet normal 0 0 1
    outer loop
      vertex 62.9024 37.3333 2.15
      vertex 62.4623 36.658 2.15
      vertex 62.9969 36.5125 2.15
    endloop
  endfacet
  facet normal 0 0 1
    outer loop
      vertex 62.0054 36.9004 2.15
      vertex 62.6213 37.5045 2.15
      vertex 62.3883 37.7443 2.15
    endloop
  endfacet
  facet normal 0 0 1
    outer loop
      vertex 61.6261 37.2398 2.15
      vertex 62.3883 37.7443 2.15
      vertex 62.2056 38.0471 2.15
    endloop
  endfacet
  facet normal 0 0 1
    outer loop
      vertex 61.3283 37.6748 2.15
      vertex 62.2056 38.0471 2.15
      vertex 62.0751 38.4075 2.15
    endloop
  endfacet
  facet normal 0 0 1
    outer loop
      vertex 62.6213 37.5045 2.15
      vertex 62.0054 36.9004 2.15
      vertex 62.4623 36.658 2.15
    endloop
  endfacet
  facet normal 0 0 1
    outer loop
      vertex 61.1156 38.2041 2.15
      vertex 62.0751 38.4075 2.15
      vertex 61.9967 38.8256 2.15
    endloop
  endfacet
  facet normal -0 0 1
    outer loop
      vertex 60.9879 38.8276 2.15
      vertex 61.9967 38.8256 2.15
      vertex 61.9706 39.3013 2.15
    endloop
  endfacet
  facet normal 0 0 1
    outer loop
      vertex 60.9879 40.23 2.15
      vertex 62.0217 40.4427 2.15
      vertex 61.1156 40.8298 2.15
    endloop
  endfacet
  facet normal 0 -0 1
    outer loop
      vertex 60.9879 38.8276 2.15
      vertex 61.9706 39.3013 2.15
      vertex 60.9454 39.5454 2.15
    endloop
  endfacet
  facet normal 0 0 1
    outer loop
      vertex 62.0217 40.4427 2.15
      vertex 60.9879 40.23 2.15
      vertex 61.9815 40.0499 2.15
    endloop
  endfacet
  facet normal 0 0 1
    outer loop
      vertex 61.9967 38.8256 2.15
      vertex 60.9879 38.8276 2.15
      vertex 61.1156 38.2041 2.15
    endloop
  endfacet
  facet normal 0 0 1
    outer loop
      vertex 60.9454 39.5454 2.15
      vertex 61.9815 40.0499 2.15
      vertex 60.9879 40.23 2.15
    endloop
  endfacet
  facet normal 0 0 1
    outer loop
      vertex 62.0751 38.4075 2.15
      vertex 61.1156 38.2041 2.15
      vertex 61.3283 37.6748 2.15
    endloop
  endfacet
  facet normal 0 0 1
    outer loop
      vertex 61.9815 40.0499 2.15
      vertex 60.9454 39.5454 2.15
      vertex 61.9706 39.3013 2.15
    endloop
  endfacet
  facet normal 0 0 1
    outer loop
      vertex 62.2056 38.0471 2.15
      vertex 61.3283 37.6748 2.15
      vertex 61.6261 37.2398 2.15
    endloop
  endfacet
  facet normal 0 0 1
    outer loop
      vertex 62.3883 37.7443 2.15
      vertex 61.6261 37.2398 2.15
      vertex 62.0054 36.9004 2.15
    endloop
  endfacet
  facet normal 0 0 1
    outer loop
      vertex 38.8545 40.7962 2.15
      vertex 37.9471 40.4824 2.15
      vertex 38.0071 40.0499 2.15
    endloop
  endfacet
  facet normal 0 0 1
    outer loop
      vertex 38.8545 40.7962 2.15
      vertex 37.8484 40.8522 2.15
      vertex 37.9471 40.4824 2.15
    endloop
  endfacet
  facet normal 0 0 1
    outer loop
      vertex 38.3693 41.771 2.15
      vertex 37.7111 41.1592 2.15
      vertex 37.8484 40.8522 2.15
    endloop
  endfacet
  facet normal 0 0 1
    outer loop
      vertex 37.5351 41.4035 2.15
      vertex 38.3693 41.771 2.15
      vertex 37.5606 42.3559 2.15
    endloop
  endfacet
  facet normal 0 0 1
    outer loop
      vertex 38.3693 41.771 2.15
      vertex 37.5351 41.4035 2.15
      vertex 37.7111 41.1592 2.15
    endloop
  endfacet
  facet normal 0 0 1
    outer loop
      vertex 37.5606 42.3559 2.15
      vertex 37.3185 41.5898 2.15
      vertex 37.5351 41.4035 2.15
    endloop
  endfacet
  facet normal 0 0 1
    outer loop
      vertex 37.5606 42.3559 2.15
      vertex 37.0591 41.7228 2.15
      vertex 37.3185 41.5898 2.15
    endloop
  endfacet
  facet normal 0 0 1
    outer loop
      vertex 37.5606 42.3559 2.15
      vertex 36.757 41.8027 2.15
      vertex 37.0591 41.7228 2.15
    endloop
  endfacet
  facet normal 0 0 1
    outer loop
      vertex 36.4285 42.5508 2.15
      vertex 36.757 41.8027 2.15
      vertex 37.5606 42.3559 2.15
    endloop
  endfacet
  facet normal 0 0 1
    outer loop
      vertex 36.4285 42.5508 2.15
      vertex 36.4122 41.8293 2.15
      vertex 36.757 41.8027 2.15
    endloop
  endfacet
  facet normal 0 0 1
    outer loop
      vertex 36.4285 42.5508 2.15
      vertex 36.0753 41.7996 2.15
      vertex 36.4122 41.8293 2.15
    endloop
  endfacet
  facet normal -0 0 1
    outer loop
      vertex 35.8329 42.5023 2.15
      vertex 36.0753 41.7996 2.15
      vertex 36.4285 42.5508 2.15
    endloop
  endfacet
  facet normal 0 0 1
    outer loop
      vertex 35.8329 42.5023 2.15
      vertex 35.7754 41.7106 2.15
      vertex 36.0753 41.7996 2.15
    endloop
  endfacet
  facet normal -0 0 1
    outer loop
      vertex 35.3102 42.3569 2.15
      vertex 35.7754 41.7106 2.15
      vertex 35.8329 42.5023 2.15
    endloop
  endfacet
  facet normal 0 0 1
    outer loop
      vertex 35.7754 41.7106 2.15
      vertex 35.3102 42.3569 2.15
      vertex 35.5125 41.5623 2.15
    endloop
  endfacet
  facet normal -0 0 1
    outer loop
      vertex 34.8605 42.1144 2.15
      vertex 35.5125 41.5623 2.15
      vertex 35.3102 42.3569 2.15
    endloop
  endfacet
  facet normal 0 0 1
    outer loop
      vertex 35.5125 41.5623 2.15
      vertex 34.8605 42.1144 2.15
      vertex 35.2865 41.3546 2.15
    endloop
  endfacet
  facet normal -0 0 1
    outer loop
      vertex 34.4836 41.7751 2.15
      vertex 35.2865 41.3546 2.15
      vertex 34.8605 42.1144 2.15
    endloop
  endfacet
  facet normal 0 0 1
    outer loop
      vertex 35.2865 41.3546 2.15
      vertex 34.4836 41.7751 2.15
      vertex 35.1029 41.095 2.15
    endloop
  endfacet
  facet normal -0 0 1
    outer loop
      vertex 34.1857 41.3448 2.15
      vertex 35.1029 41.095 2.15
      vertex 34.4836 41.7751 2.15
    endloop
  endfacet
  facet normal 0 0 1
    outer loop
      vertex 35.1029 41.095 2.15
      vertex 34.1857 41.3448 2.15
      vertex 34.9671 40.7911 2.15
    endloop
  endfacet
  facet normal -0 0 1
    outer loop
      vertex 33.973 40.8298 2.15
      vertex 34.9671 40.7911 2.15
      vertex 34.1857 41.3448 2.15
    endloop
  endfacet
  facet normal 0 0 1
    outer loop
      vertex 34.9671 40.7911 2.15
      vertex 33.973 40.8298 2.15
      vertex 34.8791 40.4427 2.15
    endloop
  endfacet
  facet normal -0 0 1
    outer loop
      vertex 38.0071 40.0499 2.15
      vertex 39.0162 39.4315 2.15
      vertex 38.8545 40.7962 2.15
    endloop
  endfacet
  facet normal -0 0 1
    outer loop
      vertex 37.8484 40.8522 2.15
      vertex 38.8545 40.7962 2.15
      vertex 38.3693 41.771 2.15
    endloop
  endfacet
  facet normal 0 0 1
    outer loop
      vertex 39.0162 39.4315 2.15
      vertex 38.0071 40.0499 2.15
      vertex 39.0162 39.3013 2.15
    endloop
  endfacet
  facet normal 0 0 1
    outer loop
      vertex 34.8281 39.3013 2.15
      vertex 38.0071 40.0499 2.15
      vertex 34.8389 40.0499 2.15
    endloop
  endfacet
  facet normal 0 0 1
    outer loop
      vertex 38.0071 40.0499 2.15
      vertex 34.8281 39.3013 2.15
      vertex 39.0162 39.3013 2.15
    endloop
  endfacet
  facet normal -0 0 1
    outer loop
      vertex 37.9185 37.9101 2.15
      vertex 38.8589 37.8528 2.15
      vertex 38.0018 38.0969 2.15
    endloop
  endfacet
  facet normal 0 0 1
    outer loop
      vertex 38.8589 37.8528 2.15
      vertex 37.9185 37.9101 2.15
      vertex 38.512 37.2452 2.15
    endloop
  endfacet
  facet normal -0 0 1
    outer loop
      vertex 37.8044 37.7402 2.15
      vertex 38.512 37.2452 2.15
      vertex 37.9185 37.9101 2.15
    endloop
  endfacet
  facet normal -0 0 1
    outer loop
      vertex 37.6594 37.5873 2.15
      vertex 38.512 37.2452 2.15
      vertex 37.8044 37.7402 2.15
    endloop
  endfacet
  facet normal 0 0 1
    outer loop
      vertex 38.512 37.2452 2.15
      vertex 37.6594 37.5873 2.15
      vertex 37.9977 36.8112 2.15
    endloop
  endfacet
  facet normal -0 0 1
    outer loop
      vertex 37.4836 37.4513 2.15
      vertex 37.9977 36.8112 2.15
      vertex 37.6594 37.5873 2.15
    endloop
  endfacet
  facet normal -0 0 1
    outer loop
      vertex 37.2766 37.3398 2.15
      vertex 37.9977 36.8112 2.15
      vertex 37.4836 37.4513 2.15
    endloop
  endfacet
  facet normal 0 0 1
    outer loop
      vertex 37.9977 36.8112 2.15
      vertex 37.2766 37.3398 2.15
      vertex 37.3158 36.5508 2.15
    endloop
  endfacet
  facet normal -0 0 1
    outer loop
      vertex 37.0381 37.2601 2.15
      vertex 37.3158 36.5508 2.15
      vertex 37.2766 37.3398 2.15
    endloop
  endfacet
  facet normal -0 0 1
    outer loop
      vertex 36.7681 37.2123 2.15
      vertex 37.3158 36.5508 2.15
      vertex 37.0381 37.2601 2.15
    endloop
  endfacet
  facet normal 0 0 1
    outer loop
      vertex 36.4665 36.464 2.15
      vertex 36.7681 37.2123 2.15
      vertex 36.4665 37.1964 2.15
    endloop
  endfacet
  facet normal 0 0 1
    outer loop
      vertex 36.7681 37.2123 2.15
      vertex 36.4665 36.464 2.15
      vertex 37.3158 36.5508 2.15
    endloop
  endfacet
  facet normal 0 0 1
    outer loop
      vertex 36.0891 37.2306 2.15
      vertex 36.4665 36.464 2.15
      vertex 36.4665 37.1964 2.15
    endloop
  endfacet
  facet normal 0 0 1
    outer loop
      vertex 36.0891 37.2306 2.15
      vertex 35.8543 36.5125 2.15
      vertex 36.4665 36.464 2.15
    endloop
  endfacet
  facet normal 0 0 1
    outer loop
      vertex 35.7598 37.3333 2.15
      vertex 35.8543 36.5125 2.15
      vertex 36.0891 37.2306 2.15
    endloop
  endfacet
  facet normal 0 0 1
    outer loop
      vertex 35.3197 36.658 2.15
      vertex 35.7598 37.3333 2.15
      vertex 35.4787 37.5045 2.15
    endloop
  endfacet
  facet normal 0 0 1
    outer loop
      vertex 35.7598 37.3333 2.15
      vertex 35.3197 36.658 2.15
      vertex 35.8543 36.5125 2.15
    endloop
  endfacet
  facet normal 0 0 1
    outer loop
      vertex 34.8629 36.9004 2.15
      vertex 35.4787 37.5045 2.15
      vertex 35.2457 37.7443 2.15
    endloop
  endfacet
  facet normal 0 0 1
    outer loop
      vertex 34.4836 37.2398 2.15
      vertex 35.2457 37.7443 2.15
      vertex 35.063 38.0471 2.15
    endloop
  endfacet
  facet normal 0 0 1
    outer loop
      vertex 34.1857 37.6748 2.15
      vertex 35.063 38.0471 2.15
      vertex 34.9325 38.4075 2.15
    endloop
  endfacet
  facet normal 0 0 1
    outer loop
      vertex 35.4787 37.5045 2.15
      vertex 34.8629 36.9004 2.15
      vertex 35.3197 36.658 2.15
    endloop
  endfacet
  facet normal 0 0 1
    outer loop
      vertex 33.973 38.2041 2.15
      vertex 34.9325 38.4075 2.15
      vertex 34.8542 38.8256 2.15
    endloop
  endfacet
  facet normal -0 0 1
    outer loop
      vertex 33.8453 38.8276 2.15
      vertex 34.8542 38.8256 2.15
      vertex 34.8281 39.3013 2.15
    endloop
  endfacet
  facet normal 0 0 1
    outer loop
      vertex 33.8453 40.23 2.15
      vertex 34.8791 40.4427 2.15
      vertex 33.973 40.8298 2.15
    endloop
  endfacet
  facet normal 0 -0 1
    outer loop
      vertex 33.8453 38.8276 2.15
      vertex 34.8281 39.3013 2.15
      vertex 33.8028 39.5454 2.15
    endloop
  endfacet
  facet normal 0 0 1
    outer loop
      vertex 34.8791 40.4427 2.15
      vertex 33.8453 40.23 2.15
      vertex 34.8389 40.0499 2.15
    endloop
  endfacet
  facet normal 0 0 1
    outer loop
      vertex 34.8542 38.8256 2.15
      vertex 33.8453 38.8276 2.15
      vertex 33.973 38.2041 2.15
    endloop
  endfacet
  facet normal 0 0 1
    outer loop
      vertex 33.8028 39.5454 2.15
      vertex 34.8389 40.0499 2.15
      vertex 33.8453 40.23 2.15
    endloop
  endfacet
  facet normal 0 0 1
    outer loop
      vertex 34.9325 38.4075 2.15
      vertex 33.973 38.2041 2.15
      vertex 34.1857 37.6748 2.15
    endloop
  endfacet
  facet normal 0 0 1
    outer loop
      vertex 34.8389 40.0499 2.15
      vertex 33.8028 39.5454 2.15
      vertex 34.8281 39.3013 2.15
    endloop
  endfacet
  facet normal 0 0 1
    outer loop
      vertex 35.063 38.0471 2.15
      vertex 34.1857 37.6748 2.15
      vertex 34.4836 37.2398 2.15
    endloop
  endfacet
  facet normal 0 0 1
    outer loop
      vertex 35.2457 37.7443 2.15
      vertex 34.4836 37.2398 2.15
      vertex 34.8629 36.9004 2.15
    endloop
  endfacet
  facet normal 0 0 1
    outer loop
      vertex 58.5634 41.2435 2.15
      vertex 57.6283 41.3926 2.15
      vertex 57.6303 41.0752 2.15
    endloop
  endfacet
  facet normal 0 0 1
    outer loop
      vertex 58.539 41.9931 2.15
      vertex 57.6222 41.7262 2.15
      vertex 57.6283 41.3926 2.15
    endloop
  endfacet
  facet normal 0 0 1
    outer loop
      vertex 58.539 41.9931 2.15
      vertex 57.612 42.0761 2.15
      vertex 57.6222 41.7262 2.15
    endloop
  endfacet
  facet normal 0 -0 1
    outer loop
      vertex 57.612 42.0761 2.15
      vertex 58.5201 42.4423 2.15
      vertex 57.5978 42.4423 2.15
    endloop
  endfacet
  facet normal 0 0 1
    outer loop
      vertex 60.1476 41.6421 2.15
      vertex 60.3754 42.4966 2.15
      vertex 60.2754 42.5203 2.15
    endloop
  endfacet
  facet normal 0 0 1
    outer loop
      vertex 60.3754 42.4966 2.15
      vertex 60.2696 41.6252 2.15
      vertex 60.3754 41.6015 2.15
    endloop
  endfacet
  facet normal 0 0 1
    outer loop
      vertex 60.1476 41.6421 2.15
      vertex 60.2754 42.5203 2.15
      vertex 60.176 42.5372 2.15
    endloop
  endfacet
  facet normal 0 0 1
    outer loop
      vertex 60.3754 42.4966 2.15
      vertex 60.1476 41.6421 2.15
      vertex 60.2696 41.6252 2.15
    endloop
  endfacet
  facet normal 0 0 1
    outer loop
      vertex 60.0092 41.6523 2.15
      vertex 60.176 42.5372 2.15
      vertex 60.0773 42.5474 2.15
    endloop
  endfacet
  facet normal 0 0 1
    outer loop
      vertex 60.176 42.5372 2.15
      vertex 60.0092 41.6523 2.15
      vertex 60.1476 41.6421 2.15
    endloop
  endfacet
  facet normal 0 0 1
    outer loop
      vertex 59.9794 42.5508 2.15
      vertex 60.0092 41.6523 2.15
      vertex 60.0773 42.5474 2.15
    endloop
  endfacet
  facet normal 0 0 1
    outer loop
      vertex 59.9794 42.5508 2.15
      vertex 59.8546 41.6557 2.15
      vertex 60.0092 41.6523 2.15
    endloop
  endfacet
  facet normal -0 0 1
    outer loop
      vertex 59.7183 42.5335 2.15
      vertex 59.8546 41.6557 2.15
      vertex 59.9794 42.5508 2.15
    endloop
  endfacet
  facet normal -0 0 1
    outer loop
      vertex 59.4884 42.4817 2.15
      vertex 59.8546 41.6557 2.15
      vertex 59.7183 42.5335 2.15
    endloop
  endfacet
  facet normal 0 0 1
    outer loop
      vertex 59.8546 41.6557 2.15
      vertex 59.4884 42.4817 2.15
      vertex 59.5688 41.623 2.15
    endloop
  endfacet
  facet normal -0 0 1
    outer loop
      vertex 59.2897 42.3952 2.15
      vertex 59.5688 41.623 2.15
      vertex 59.4884 42.4817 2.15
    endloop
  endfacet
  facet normal -0 0 1
    outer loop
      vertex 59.1221 42.2742 2.15
      vertex 59.5688 41.623 2.15
      vertex 59.2897 42.3952 2.15
    endloop
  endfacet
  facet normal -0 0 1
    outer loop
      vertex 58.9747 42.106 2.15
      vertex 59.5688 41.623 2.15
      vertex 59.1221 42.2742 2.15
    endloop
  endfacet
  facet normal 0 0 1
    outer loop
      vertex 59.5688 41.623 2.15
      vertex 58.9747 42.106 2.15
      vertex 59.3189 41.5248 2.15
    endloop
  endfacet
  facet normal -0 0 1
    outer loop
      vertex 58.836 41.8782 2.15
      vertex 59.3189 41.5248 2.15
      vertex 58.9747 42.106 2.15
    endloop
  endfacet
  facet normal 0 0 1
    outer loop
      vertex 59.3189 41.5248 2.15
      vertex 58.836 41.8782 2.15
      vertex 59.105 41.3612 2.15
    endloop
  endfacet
  facet normal -0 0 1
    outer loop
      vertex 58.7062 41.5907 2.15
      vertex 59.105 41.3612 2.15
      vertex 58.836 41.8782 2.15
    endloop
  endfacet
  facet normal 0 0 1
    outer loop
      vertex 59.105 41.3612 2.15
      vertex 58.7062 41.5907 2.15
      vertex 58.927 41.1322 2.15
    endloop
  endfacet
  facet normal -0 0 1
    outer loop
      vertex 58.5851 41.2435 2.15
      vertex 58.927 41.1322 2.15
      vertex 58.7062 41.5907 2.15
    endloop
  endfacet
  facet normal 0 0 1
    outer loop
      vertex 58.927 41.1322 2.15
      vertex 58.5851 41.2435 2.15
      vertex 58.7869 40.8421 2.15
    endloop
  endfacet
  facet normal -0 0 1
    outer loop
      vertex 58.5634 41.2435 2.15
      vertex 58.7869 40.8421 2.15
      vertex 58.5851 41.2435 2.15
    endloop
  endfacet
  facet normal 0 0 1
    outer loop
      vertex 58.7869 40.8421 2.15
      vertex 58.5634 41.2435 2.15
      vertex 58.6869 40.4955 2.15
    endloop
  endfacet
  facet normal -0 0 1
    outer loop
      vertex 57.6303 41.0752 2.15
      vertex 58.6869 40.4955 2.15
      vertex 58.5634 41.2435 2.15
    endloop
  endfacet
  facet normal 0 0 1
    outer loop
      vertex 58.6869 40.4955 2.15
      vertex 57.6303 41.0752 2.15
      vertex 58.6269 40.0921 2.15
    endloop
  endfacet
  facet normal 0 0 1
    outer loop
      vertex 58.6269 40.0921 2.15
      vertex 57.6303 41.0752 2.15
      vertex 58.6069 39.6322 2.15
    endloop
  endfacet
  facet normal -0 0 1
    outer loop
      vertex 57.6283 41.3926 2.15
      vertex 58.5634 41.2435 2.15
      vertex 58.5607 41.3936 2.15
    endloop
  endfacet
  facet normal 0 0 1
    outer loop
      vertex 57.6283 41.3926 2.15
      vertex 58.5607 41.3936 2.15
      vertex 58.5526 41.6435 2.15
    endloop
  endfacet
  facet normal 0 0 1
    outer loop
      vertex 57.6283 41.3926 2.15
      vertex 58.5526 41.6435 2.15
      vertex 58.539 41.9931 2.15
    endloop
  endfacet
  facet normal -0 0 1
    outer loop
      vertex 57.612 42.0761 2.15
      vertex 58.539 41.9931 2.15
      vertex 58.5201 42.4423 2.15
    endloop
  endfacet
  facet normal 0 0 1
    outer loop
      vertex 57.6303 36.5725 2.15
      vertex 58.6069 39.6322 2.15
      vertex 57.6303 41.0752 2.15
    endloop
  endfacet
  facet normal 0 0 1
    outer loop
      vertex 58.6069 39.6322 2.15
      vertex 57.6303 36.5725 2.15
      vertex 58.6069 36.5725 2.15
    endloop
  endfacet
  facet normal -0 0 1
    outer loop
      vertex 43.6702 40.8057 2.15
      vertex 44.6764 40.5762 2.15
      vertex 44.6415 41.0279 2.15
    endloop
  endfacet
  facet normal -0 0 1
    outer loop
      vertex 45.4573 37.196 2.15
      vertex 45.5444 36.6051 2.15
      vertex 45.5444 37.2127 2.15
    endloop
  endfacet
  facet normal -0 0 1
    outer loop
      vertex 45.3749 37.1842 2.15
      vertex 45.5444 36.6051 2.15
      vertex 45.4573 37.196 2.15
    endloop
  endfacet
  facet normal 0 0 1
    outer loop
      vertex 45.3749 37.1842 2.15
      vertex 45.359 36.5671 2.15
      vertex 45.5444 36.6051 2.15
    endloop
  endfacet
  facet normal -0 0 1
    outer loop
      vertex 45.2973 37.177 2.15
      vertex 45.359 36.5671 2.15
      vertex 45.3749 37.1842 2.15
    endloop
  endfacet
  facet normal -0 0 1
    outer loop
      vertex 45.2244 37.1747 2.15
      vertex 45.359 36.5671 2.15
      vertex 45.2973 37.177 2.15
    endloop
  endfacet
  facet normal 0 0 1
    outer loop
      vertex 45.2244 37.1747 2.15
      vertex 45.1715 36.54 2.15
      vertex 45.359 36.5671 2.15
    endloop
  endfacet
  facet normal 0 0 1
    outer loop
      vertex 45.0773 37.1884 2.15
      vertex 45.1715 36.54 2.15
      vertex 45.2244 37.1747 2.15
    endloop
  endfacet
  facet normal 0 0 1
    outer loop
      vertex 45.0773 37.1884 2.15
      vertex 44.982 36.5237 2.15
      vertex 45.1715 36.54 2.15
    endloop
  endfacet
  facet normal 0 0 1
    outer loop
      vertex 44.9559 37.2296 2.15
      vertex 44.982 36.5237 2.15
      vertex 45.0773 37.1884 2.15
    endloop
  endfacet
  facet normal 0 0 1
    outer loop
      vertex 44.5376 36.5361 2.15
      vertex 44.9559 37.2296 2.15
      vertex 44.8602 37.2982 2.15
    endloop
  endfacet
  facet normal 0 0 1
    outer loop
      vertex 44.9559 37.2296 2.15
      vertex 44.7904 36.5183 2.15
      vertex 44.982 36.5237 2.15
    endloop
  endfacet
  facet normal 0 0 1
    outer loop
      vertex 44.1429 36.6785 2.15
      vertex 44.8602 37.2982 2.15
      vertex 44.7904 37.3943 2.15
    endloop
  endfacet
  facet normal 0 0 1
    outer loop
      vertex 43.8078 37.1686 2.15
      vertex 44.7904 37.3943 2.15
      vertex 44.7405 37.5176 2.15
    endloop
  endfacet
  facet normal 0 0 1
    outer loop
      vertex 43.7513 37.4118 2.15
      vertex 44.7405 37.5176 2.15
      vertex 44.7049 37.6677 2.15
    endloop
  endfacet
  facet normal -0 0 1
    outer loop
      vertex 43.7216 37.6955 2.15
      vertex 44.7049 37.6677 2.15
      vertex 44.6836 37.8445 2.15
    endloop
  endfacet
  facet normal 0 0 1
    outer loop
      vertex 44.9559 37.2296 2.15
      vertex 44.5376 36.5361 2.15
      vertex 44.7904 36.5183 2.15
    endloop
  endfacet
  facet normal 0 0 1
    outer loop
      vertex 43.7216 37.6955 2.15
      vertex 44.6836 37.8445 2.15
      vertex 44.6764 38.0481 2.15
    endloop
  endfacet
  facet normal 0 0 1
    outer loop
      vertex 44.6764 40.5762 2.15
      vertex 43.6892 39.4695 2.15
      vertex 44.6764 38.0481 2.15
    endloop
  endfacet
  facet normal -0 0 1
    outer loop
      vertex 43.6132 41.0874 2.15
      vertex 44.6415 41.0279 2.15
      vertex 44.5367 41.4231 2.15
    endloop
  endfacet
  facet normal 0 0 1
    outer loop
      vertex 43.6132 41.0874 2.15
      vertex 44.5367 41.4231 2.15
      vertex 44.3621 41.7616 2.15
    endloop
  endfacet
  facet normal 0 0 1
    outer loop
      vertex 44.6764 38.0481 2.15
      vertex 43.6892 39.4695 2.15
      vertex 43.6892 38.9867 2.15
    endloop
  endfacet
  facet normal -0 0 1
    outer loop
      vertex 43.6288 38.5425 2.15
      vertex 44.6764 38.0481 2.15
      vertex 43.6741 38.763 2.15
    endloop
  endfacet
  facet normal 0 0 1
    outer loop
      vertex 43.5182 41.3183 2.15
      vertex 44.3621 41.7616 2.15
      vertex 44.1176 42.0435 2.15
    endloop
  endfacet
  facet normal -0 0 1
    outer loop
      vertex 43.6741 38.763 2.15
      vertex 44.6764 38.0481 2.15
      vertex 43.6892 38.9867 2.15
    endloop
  endfacet
  facet normal 0 0 1
    outer loop
      vertex 44.7405 37.5176 2.15
      vertex 43.7513 37.4118 2.15
      vertex 43.8078 37.1686 2.15
    endloop
  endfacet
  facet normal 0 0 1
    outer loop
      vertex 44.7904 37.3943 2.15
      vertex 43.8078 37.1686 2.15
      vertex 43.891 36.9656 2.15
    endloop
  endfacet
  facet normal 0 0 1
    outer loop
      vertex 43.3853 41.4983 2.15
      vertex 44.1176 42.0435 2.15
      vertex 43.804 42.2655 2.15
    endloop
  endfacet
  facet normal 0 0 1
    outer loop
      vertex 44.7049 37.6677 2.15
      vertex 43.7216 37.6955 2.15
      vertex 43.7513 37.4118 2.15
    endloop
  endfacet
  facet normal 0 0 1
    outer loop
      vertex 44.8602 37.2982 2.15
      vertex 44.3218 36.5895 2.15
      vertex 44.5376 36.5361 2.15
    endloop
  endfacet
  facet normal 0 0 1
    outer loop
      vertex 44.6764 40.5762 2.15
      vertex 43.6892 40.4731 2.15
      vertex 43.6892 40.153 2.15
    endloop
  endfacet
  facet normal 0 0 1
    outer loop
      vertex 44.6764 40.5762 2.15
      vertex 43.6702 40.8057 2.15
      vertex 43.6892 40.4731 2.15
    endloop
  endfacet
  facet normal 0 0 1
    outer loop
      vertex 44.6415 41.0279 2.15
      vertex 43.6132 41.0874 2.15
      vertex 43.6702 40.8057 2.15
    endloop
  endfacet
  facet normal 0 0 1
    outer loop
      vertex 44.3621 41.7616 2.15
      vertex 43.5182 41.3183 2.15
      vertex 43.6132 41.0874 2.15
    endloop
  endfacet
  facet normal 0 0 1
    outer loop
      vertex 43.2117 41.6336 2.15
      vertex 43.804 42.2655 2.15
      vertex 43.4219 42.424 2.15
    endloop
  endfacet
  facet normal 0 0 1
    outer loop
      vertex 44.1176 42.0435 2.15
      vertex 43.3853 41.4983 2.15
      vertex 43.5182 41.3183 2.15
    endloop
  endfacet
  facet normal 0 0 1
    outer loop
      vertex 43.804 42.2655 2.15
      vertex 43.2117 41.6336 2.15
      vertex 43.3853 41.4983 2.15
    endloop
  endfacet
  facet normal 0 0 1
    outer loop
      vertex 43.4219 42.424 2.15
      vertex 42.9947 41.7303 2.15
      vertex 43.2117 41.6336 2.15
    endloop
  endfacet
  facet normal 0 0 1
    outer loop
      vertex 42.9713 42.5191 2.15
      vertex 42.9947 41.7303 2.15
      vertex 43.4219 42.424 2.15
    endloop
  endfacet
  facet normal 0 0 1
    outer loop
      vertex 42.9713 42.5191 2.15
      vertex 42.7343 41.7883 2.15
      vertex 42.9947 41.7303 2.15
    endloop
  endfacet
  facet normal 0 0 1
    outer loop
      vertex 42.4522 42.5508 2.15
      vertex 42.7343 41.7883 2.15
      vertex 42.9713 42.5191 2.15
    endloop
  endfacet
  facet normal 0 0 1
    outer loop
      vertex 42.4522 42.5508 2.15
      vertex 42.4305 41.8076 2.15
      vertex 42.7343 41.7883 2.15
    endloop
  endfacet
  facet normal 0 0 1
    outer loop
      vertex 42.4522 42.5508 2.15
      vertex 42.1247 41.7937 2.15
      vertex 42.4305 41.8076 2.15
    endloop
  endfacet
  facet normal -0 0 1
    outer loop
      vertex 41.5157 42.4518 2.15
      vertex 42.1247 41.7937 2.15
      vertex 42.4522 42.5508 2.15
    endloop
  endfacet
  facet normal 0 0 1
    outer loop
      vertex 42.1247 41.7937 2.15
      vertex 41.5157 42.4518 2.15
      vertex 41.8636 41.752 2.15
    endloop
  endfacet
  facet normal 0 0 1
    outer loop
      vertex 41.8636 41.752 2.15
      vertex 41.5157 42.4518 2.15
      vertex 41.6473 41.6825 2.15
    endloop
  endfacet
  facet normal 0 0 1
    outer loop
      vertex 41.5157 42.4518 2.15
      vertex 41.4757 41.5851 2.15
      vertex 41.6473 41.6825 2.15
    endloop
  endfacet
  facet normal -0 0 1
    outer loop
      vertex 40.8112 42.1548 2.15
      vertex 41.4757 41.5851 2.15
      vertex 41.5157 42.4518 2.15
    endloop
  endfacet
  facet normal 0 0 1
    outer loop
      vertex 41.4757 41.5851 2.15
      vertex 40.8112 42.1548 2.15
      vertex 41.3414 41.4573 2.15
    endloop
  endfacet
  facet normal 0 0 1
    outer loop
      vertex 41.3414 41.4573 2.15
      vertex 40.8112 42.1548 2.15
      vertex 41.237 41.2963 2.15
    endloop
  endfacet
  facet normal -0 0 1
    outer loop
      vertex 40.3385 41.6598 2.15
      vertex 41.237 41.2963 2.15
      vertex 40.8112 42.1548 2.15
    endloop
  endfacet
  facet normal 0 0 1
    outer loop
      vertex 41.237 41.2963 2.15
      vertex 40.3385 41.6598 2.15
      vertex 41.1624 41.102 2.15
    endloop
  endfacet
  facet normal 0 0 1
    outer loop
      vertex 40.0978 40.9667 2.15
      vertex 41.1624 41.102 2.15
      vertex 40.3385 41.6598 2.15
    endloop
  endfacet
  facet normal 0 0 1
    outer loop
      vertex 41.1624 41.102 2.15
      vertex 40.0978 40.9667 2.15
      vertex 41.1176 40.8745 2.15
    endloop
  endfacet
  facet normal 0 0 1
    outer loop
      vertex 43.6892 40.153 2.15
      vertex 42.6204 39.4478 2.15
      vertex 43.6892 39.4695 2.15
    endloop
  endfacet
  facet normal -0 0 1
    outer loop
      vertex 42.3708 40.1313 2.15
      vertex 42.6204 39.4478 2.15
      vertex 43.6892 40.153 2.15
    endloop
  endfacet
  facet normal 0 0 1
    outer loop
      vertex 42.3708 40.1313 2.15
      vertex 42.2968 39.4349 2.15
      vertex 42.6204 39.4478 2.15
    endloop
  endfacet
  facet normal 0 0 1
    outer loop
      vertex 42.3708 40.1313 2.15
      vertex 42.0148 39.4071 2.15
      vertex 42.2968 39.4349 2.15
    endloop
  endfacet
  facet normal -0 0 1
    outer loop
      vertex 41.7495 40.0865 2.15
      vertex 42.0148 39.4071 2.15
      vertex 42.3708 40.1313 2.15
    endloop
  endfacet
  facet normal 0 0 1
    outer loop
      vertex 42.0148 39.4071 2.15
      vertex 41.7495 40.0865 2.15
      vertex 41.7746 39.3643 2.15
    endloop
  endfacet
  facet normal 0 0 1
    outer loop
      vertex 41.7495 40.0865 2.15
      vertex 41.576 39.3067 2.15
      vertex 41.7746 39.3643 2.15
    endloop
  endfacet
  facet normal -0 0 1
    outer loop
      vertex 41.2201 39.9848 2.15
      vertex 41.576 39.3067 2.15
      vertex 41.7495 40.0865 2.15
    endloop
  endfacet
  facet normal 0 0 1
    outer loop
      vertex 41.576 39.3067 2.15
      vertex 41.2201 39.9848 2.15
      vertex 41.4087 39.2328 2.15
    endloop
  endfacet
  facet normal -0 0 1
    outer loop
      vertex 40.7825 39.8261 2.15
      vertex 41.4087 39.2328 2.15
      vertex 41.2201 39.9848 2.15
    endloop
  endfacet
  facet normal 0 0 1
    outer loop
      vertex 41.4087 39.2328 2.15
      vertex 40.7825 39.8261 2.15
      vertex 41.2621 39.1412 2.15
    endloop
  endfacet
  facet normal 0 0 1
    outer loop
      vertex 41.2621 39.1412 2.15
      vertex 40.7825 39.8261 2.15
      vertex 41.1361 39.032 2.15
    endloop
  endfacet
  facet normal -0 0 1
    outer loop
      vertex 40.4368 39.6105 2.15
      vertex 41.1361 39.032 2.15
      vertex 40.7825 39.8261 2.15
    endloop
  endfacet
  facet normal 0 0 1
    outer loop
      vertex 41.1361 39.032 2.15
      vertex 40.4368 39.6105 2.15
      vertex 41.0308 38.9052 2.15
    endloop
  endfacet
  facet normal -0 0 1
    outer loop
      vertex 40.1746 39.3399 2.15
      vertex 41.0308 38.9052 2.15
      vertex 40.4368 39.6105 2.15
    endloop
  endfacet
  facet normal 0 0 1
    outer loop
      vertex 41.0308 38.9052 2.15
      vertex 40.1746 39.3399 2.15
      vertex 40.9478 38.7591 2.15
    endloop
  endfacet
  facet normal -0 0 1
    outer loop
      vertex 39.9873 39.0165 2.15
      vertex 40.9478 38.7591 2.15
      vertex 40.1746 39.3399 2.15
    endloop
  endfacet
  facet normal 0 0 1
    outer loop
      vertex 40.9478 38.7591 2.15
      vertex 39.9873 39.0165 2.15
      vertex 40.8885 38.592 2.15
    endloop
  endfacet
  facet normal 0 -0 1
    outer loop
      vertex 39.8652 37.8257 2.15
      vertex 40.841 38.1946 2.15
      vertex 39.8374 38.2108 2.15
    endloop
  endfacet
  facet normal -0 0 1
    outer loop
      vertex 39.8749 38.6401 2.15
      vertex 40.8885 38.592 2.15
      vertex 39.9873 39.0165 2.15
    endloop
  endfacet
  facet normal 0 -0 1
    outer loop
      vertex 39.9486 37.4839 2.15
      vertex 40.841 38.1946 2.15
      vertex 39.8652 37.8257 2.15
    endloop
  endfacet
  facet normal 0 0 1
    outer loop
      vertex 40.8885 38.592 2.15
      vertex 39.8749 38.6401 2.15
      vertex 40.8529 38.4038 2.15
    endloop
  endfacet
  facet normal 0 -0 1
    outer loop
      vertex 40.0876 37.1856 2.15
      vertex 40.841 38.1946 2.15
      vertex 39.9486 37.4839 2.15
    endloop
  endfacet
  facet normal 0 0 1
    outer loop
      vertex 39.8374 38.2108 2.15
      vertex 40.8529 38.4038 2.15
      vertex 39.8749 38.6401 2.15
    endloop
  endfacet
  facet normal 0 -0 1
    outer loop
      vertex 40.2822 36.9306 2.15
      vertex 40.841 38.1946 2.15
      vertex 40.0876 37.1856 2.15
    endloop
  endfacet
  facet normal 0 0 1
    outer loop
      vertex 40.8529 38.4038 2.15
      vertex 39.8374 38.2108 2.15
      vertex 40.841 38.1946 2.15
    endloop
  endfacet
  facet normal 0 0 1
    outer loop
      vertex 40.841 38.1946 2.15
      vertex 40.5321 36.7265 2.15
      vertex 40.8369 36.5807 2.15
    endloop
  endfacet
  facet normal 0 0 1
    outer loop
      vertex 40.841 38.1946 2.15
      vertex 40.2822 36.9306 2.15
      vertex 40.5321 36.7265 2.15
    endloop
  endfacet
  facet normal 0 0 1
    outer loop
      vertex 44.6764 40.5762 2.15
      vertex 43.6892 40.153 2.15
      vertex 43.6892 39.4695 2.15
    endloop
  endfacet
  facet normal 0 0 1
    outer loop
      vertex 44.8602 37.2982 2.15
      vertex 44.1429 36.6785 2.15
      vertex 44.3218 36.5895 2.15
    endloop
  endfacet
  facet normal 0 0 1
    outer loop
      vertex 44.7904 37.3943 2.15
      vertex 44.001 36.8031 2.15
      vertex 44.1429 36.6785 2.15
    endloop
  endfacet
  facet normal 0 0 1
    outer loop
      vertex 44.7904 37.3943 2.15
      vertex 43.891 36.9656 2.15
      vertex 44.001 36.8031 2.15
    endloop
  endfacet
  facet normal -0 0 1
    outer loop
      vertex 43.5533 38.325 2.15
      vertex 44.6764 38.0481 2.15
      vertex 43.6288 38.5425 2.15
    endloop
  endfacet
  facet normal 0 0 1
    outer loop
      vertex 44.6764 38.0481 2.15
      vertex 43.5533 38.325 2.15
      vertex 43.7216 37.6955 2.15
    endloop
  endfacet
  facet normal -0 0 1
    outer loop
      vertex 43.4477 38.1105 2.15
      vertex 43.7216 37.6955 2.15
      vertex 43.5533 38.325 2.15
    endloop
  endfacet
  facet normal 0 0 1
    outer loop
      vertex 43.7216 37.6955 2.15
      vertex 43.4477 38.1105 2.15
      vertex 43.6892 37.6955 2.15
    endloop
  endfacet
  facet normal -0 0 1
    outer loop
      vertex 43.316 37.9089 2.15
      vertex 43.6892 37.6955 2.15
      vertex 43.4477 38.1105 2.15
    endloop
  endfacet
  facet normal -0 0 1
    outer loop
      vertex 43.1622 37.7301 2.15
      vertex 43.6892 37.6955 2.15
      vertex 43.316 37.9089 2.15
    endloop
  endfacet
  facet normal 0 0 1
    outer loop
      vertex 43.6892 37.6955 2.15
      vertex 43.1622 37.7301 2.15
      vertex 43.4944 37.3837 2.15
    endloop
  endfacet
  facet normal -0 0 1
    outer loop
      vertex 42.9864 37.5739 2.15
      vertex 43.4944 37.3837 2.15
      vertex 43.1622 37.7301 2.15
    endloop
  endfacet
  facet normal 0 0 1
    outer loop
      vertex 43.4944 37.3837 2.15
      vertex 42.9864 37.5739 2.15
      vertex 43.2843 37.1211 2.15
    endloop
  endfacet
  facet normal -0 0 1
    outer loop
      vertex 42.7885 37.4405 2.15
      vertex 43.2843 37.1211 2.15
      vertex 42.9864 37.5739 2.15
    endloop
  endfacet
  facet normal 0 0 1
    outer loop
      vertex 43.2843 37.1211 2.15
      vertex 42.7885 37.4405 2.15
      vertex 43.059 36.9077 2.15
    endloop
  endfacet
  facet normal -0 0 1
    outer loop
      vertex 42.5722 37.3337 2.15
      vertex 43.059 36.9077 2.15
      vertex 42.7885 37.4405 2.15
    endloop
  endfacet
  facet normal 0 0 1
    outer loop
      vertex 43.059 36.9077 2.15
      vertex 42.5722 37.3337 2.15
      vertex 42.8184 36.7434 2.15
    endloop
  endfacet
  facet normal -0 0 1
    outer loop
      vertex 42.341 37.2574 2.15
      vertex 42.8184 36.7434 2.15
      vertex 42.5722 37.3337 2.15
    endloop
  endfacet
  facet normal 0 0 1
    outer loop
      vertex 42.8184 36.7434 2.15
      vertex 42.341 37.2574 2.15
      vertex 42.5568 36.6212 2.15
    endloop
  endfacet
  facet normal 0 0 1
    outer loop
      vertex 42.341 37.2574 2.15
      vertex 42.2685 36.5339 2.15
      vertex 42.5568 36.6212 2.15
    endloop
  endfacet
  facet normal -0 0 1
    outer loop
      vertex 42.0949 37.2116 2.15
      vertex 42.2685 36.5339 2.15
      vertex 42.341 37.2574 2.15
    endloop
  endfacet
  facet normal 0 0 1
    outer loop
      vertex 42.0949 37.2116 2.15
      vertex 41.9533 36.4815 2.15
      vertex 42.2685 36.5339 2.15
    endloop
  endfacet
  facet normal -0 0 1
    outer loop
      vertex 41.8338 37.1964 2.15
      vertex 41.9533 36.4815 2.15
      vertex 42.0949 37.2116 2.15
    endloop
  endfacet
  facet normal 0 0 1
    outer loop
      vertex 41.8338 37.1964 2.15
      vertex 41.6113 36.464 2.15
      vertex 41.9533 36.4815 2.15
    endloop
  endfacet
  facet normal 0 0 1
    outer loop
      vertex 41.6088 37.2126 2.15
      vertex 41.6113 36.464 2.15
      vertex 41.8338 37.1964 2.15
    endloop
  endfacet
  facet normal 0 0 1
    outer loop
      vertex 41.1967 36.4932 2.15
      vertex 41.6088 37.2126 2.15
      vertex 41.4113 37.2614 2.15
    endloop
  endfacet
  facet normal 0 0 1
    outer loop
      vertex 41.1967 36.4932 2.15
      vertex 41.4113 37.2614 2.15
      vertex 41.2413 37.3428 2.15
    endloop
  endfacet
  facet normal 0 0 1
    outer loop
      vertex 41.6088 37.2126 2.15
      vertex 41.1967 36.4932 2.15
      vertex 41.6113 36.464 2.15
    endloop
  endfacet
  facet normal 0 0 1
    outer loop
      vertex 40.8369 36.5807 2.15
      vertex 41.2413 37.3428 2.15
      vertex 41.0987 37.4567 2.15
    endloop
  endfacet
  facet normal 0 0 1
    outer loop
      vertex 40.8369 36.5807 2.15
      vertex 41.0987 37.4567 2.15
      vertex 40.9859 37.6005 2.15
    endloop
  endfacet
  facet normal 0 0 1
    outer loop
      vertex 40.8369 36.5807 2.15
      vertex 40.9859 37.6005 2.15
      vertex 40.9054 37.7714 2.15
    endloop
  endfacet
  facet normal 0 0 1
    outer loop
      vertex 40.8369 36.5807 2.15
      vertex 40.9054 37.7714 2.15
      vertex 40.8571 37.9694 2.15
    endloop
  endfacet
  facet normal 0 0 1
    outer loop
      vertex 41.2413 37.3428 2.15
      vertex 40.8369 36.5807 2.15
      vertex 41.1967 36.4932 2.15
    endloop
  endfacet
  facet normal 0 0 1
    outer loop
      vertex 40.8369 36.5807 2.15
      vertex 40.8571 37.9694 2.15
      vertex 40.841 38.1946 2.15
    endloop
  endfacet
  facet normal 0 0 1
    outer loop
      vertex 49.514 41.1724 2.15
      vertex 50.3484 41.4482 2.15
      vertex 50.1936 41.748 2.15
    endloop
  endfacet
  facet normal 0 0 1
    outer loop
      vertex 49.422 41.3336 2.15
      vertex 50.1936 41.748 2.15
      vertex 49.9863 41.9962 2.15
    endloop
  endfacet
  facet normal 0 0 1
    outer loop
      vertex 49.2957 41.4721 2.15
      vertex 49.9863 41.9962 2.15
      vertex 49.7264 42.1928 2.15
    endloop
  endfacet
  facet normal 0 0 1
    outer loop
      vertex 50.1936 41.748 2.15
      vertex 49.422 41.3336 2.15
      vertex 49.514 41.1724 2.15
    endloop
  endfacet
  facet normal 0 0 1
    outer loop
      vertex 50.3484 41.4482 2.15
      vertex 49.5718 40.9884 2.15
      vertex 50.4506 41.097 2.15
    endloop
  endfacet
  facet normal 0 -0 1
    outer loop
      vertex 49.5718 40.9884 2.15
      vertex 50.3484 41.4482 2.15
      vertex 49.514 41.1724 2.15
    endloop
  endfacet
  facet normal 0 0 1
    outer loop
      vertex 49.1351 41.5878 2.15
      vertex 49.7264 42.1928 2.15
      vertex 49.4153 42.3423 2.15
    endloop
  endfacet
  facet normal 0 0 1
    outer loop
      vertex 49.9863 41.9962 2.15
      vertex 49.2957 41.4721 2.15
      vertex 49.422 41.3336 2.15
    endloop
  endfacet
  facet normal 0 0 1
    outer loop
      vertex 49.7264 42.1928 2.15
      vertex 49.1351 41.5878 2.15
      vertex 49.2957 41.4721 2.15
    endloop
  endfacet
  facet normal 0 0 1
    outer loop
      vertex 48.9424 41.6792 2.15
      vertex 49.4153 42.3423 2.15
      vertex 49.0544 42.4491 2.15
    endloop
  endfacet
  facet normal 0 0 1
    outer loop
      vertex 49.4153 42.3423 2.15
      vertex 48.9424 41.6792 2.15
      vertex 49.1351 41.5878 2.15
    endloop
  endfacet
  facet normal 0 0 1
    outer loop
      vertex 49.0544 42.4491 2.15
      vertex 48.7194 41.7445 2.15
      vertex 48.9424 41.6792 2.15
    endloop
  endfacet
  facet normal 0 0 1
    outer loop
      vertex 48.6436 42.5132 2.15
      vertex 48.7194 41.7445 2.15
      vertex 49.0544 42.4491 2.15
    endloop
  endfacet
  facet normal 0 0 1
    outer loop
      vertex 48.6436 42.5132 2.15
      vertex 48.4663 41.7837 2.15
      vertex 48.7194 41.7445 2.15
    endloop
  endfacet
  facet normal 0 0 1
    outer loop
      vertex 48.183 42.5346 2.15
      vertex 48.4663 41.7837 2.15
      vertex 48.6436 42.5132 2.15
    endloop
  endfacet
  facet normal 0 0 1
    outer loop
      vertex 48.183 42.5346 2.15
      vertex 48.183 41.7967 2.15
      vertex 48.4663 41.7837 2.15
    endloop
  endfacet
  facet normal 0 0 1
    outer loop
      vertex 48.183 42.5346 2.15
      vertex 47.8738 41.7842 2.15
      vertex 48.183 41.7967 2.15
    endloop
  endfacet
  facet normal -0 0 1
    outer loop
      vertex 47.6678 42.5083 2.15
      vertex 47.8738 41.7842 2.15
      vertex 48.183 42.5346 2.15
    endloop
  endfacet
  facet normal 0 0 1
    outer loop
      vertex 47.6678 42.5083 2.15
      vertex 47.608 41.7466 2.15
      vertex 47.8738 41.7842 2.15
    endloop
  endfacet
  facet normal -0 0 1
    outer loop
      vertex 47.218 42.4295 2.15
      vertex 47.608 41.7466 2.15
      vertex 47.6678 42.5083 2.15
    endloop
  endfacet
  facet normal 0 0 1
    outer loop
      vertex 47.608 41.7466 2.15
      vertex 47.218 42.4295 2.15
      vertex 47.3855 41.6838 2.15
    endloop
  endfacet
  facet normal -0 0 1
    outer loop
      vertex 46.8337 42.298 2.15
      vertex 47.3855 41.6838 2.15
      vertex 47.218 42.4295 2.15
    endloop
  endfacet
  facet normal 0 0 1
    outer loop
      vertex 47.3855 41.6838 2.15
      vertex 46.8337 42.298 2.15
      vertex 47.2065 41.596 2.15
    endloop
  endfacet
  facet normal 0 0 1
    outer loop
      vertex 47.2065 41.596 2.15
      vertex 46.8337 42.298 2.15
      vertex 47.0688 41.4828 2.15
    endloop
  endfacet
  facet normal -0 0 1
    outer loop
      vertex 46.5148 42.1141 2.15
      vertex 47.0688 41.4828 2.15
      vertex 46.8337 42.298 2.15
    endloop
  endfacet
  facet normal 0 0 1
    outer loop
      vertex 47.0688 41.4828 2.15
      vertex 46.2644 41.88 2.15
      vertex 46.9705 41.3438 2.15
    endloop
  endfacet
  facet normal -0 0 1
    outer loop
      vertex 46.2644 41.88 2.15
      vertex 47.0688 41.4828 2.15
      vertex 46.5148 42.1141 2.15
    endloop
  endfacet
  facet normal 0 0 1
    outer loop
      vertex 49.228 38.7866 2.15
      vertex 49.7608 39.5391 2.15
      vertex 49.599 39.624 2.15
    endloop
  endfacet
  facet normal 0 0 1
    outer loop
      vertex 49.7608 39.5391 2.15
      vertex 49.5895 38.2841 2.15
      vertex 49.6044 38.1187 2.15
    endloop
  endfacet
  facet normal 0 0 1
    outer loop
      vertex 49.7608 39.5391 2.15
      vertex 49.5447 38.4333 2.15
      vertex 49.5895 38.2841 2.15
    endloop
  endfacet
  facet normal 0 0 1
    outer loop
      vertex 49.7608 39.5391 2.15
      vertex 49.4701 38.5662 2.15
      vertex 49.5447 38.4333 2.15
    endloop
  endfacet
  facet normal 0 0 1
    outer loop
      vertex 49.0537 38.8809 2.15
      vertex 49.599 39.624 2.15
      vertex 49.4009 39.7086 2.15
    endloop
  endfacet
  facet normal 0 0 1
    outer loop
      vertex 49.7608 39.5391 2.15
      vertex 49.3657 38.6828 2.15
      vertex 49.4701 38.5662 2.15
    endloop
  endfacet
  facet normal 0 0 1
    outer loop
      vertex 49.7608 39.5391 2.15
      vertex 49.228 38.7866 2.15
      vertex 49.3657 38.6828 2.15
    endloop
  endfacet
  facet normal 0 0 1
    outer loop
      vertex 49.0537 38.8809 2.15
      vertex 49.4009 39.7086 2.15
      vertex 49.1487 39.797 2.15
    endloop
  endfacet
  facet normal 0 0 1
    outer loop
      vertex 49.599 39.624 2.15
      vertex 49.0537 38.8809 2.15
      vertex 49.228 38.7866 2.15
    endloop
  endfacet
  facet normal 0 0 1
    outer loop
      vertex 49.1487 39.797 2.15
      vertex 48.8428 38.9656 2.15
      vertex 49.0537 38.8809 2.15
    endloop
  endfacet
  facet normal 0 0 1
    outer loop
      vertex 48.8422 39.8891 2.15
      vertex 48.8428 38.9656 2.15
      vertex 49.1487 39.797 2.15
    endloop
  endfacet
  facet normal 0 0 1
    outer loop
      vertex 48.8422 39.8891 2.15
      vertex 48.5954 39.0409 2.15
      vertex 48.8428 38.9656 2.15
    endloop
  endfacet
  facet normal 0 0 1
    outer loop
      vertex 48.4814 39.9848 2.15
      vertex 48.5954 39.0409 2.15
      vertex 48.8422 39.8891 2.15
    endloop
  endfacet
  facet normal 0 0 1
    outer loop
      vertex 47.8955 39.2253 2.15
      vertex 48.4814 39.9848 2.15
      vertex 48.1071 40.0798 2.15
    endloop
  endfacet
  facet normal 0 0 1
    outer loop
      vertex 48.4814 39.9848 2.15
      vertex 47.8955 39.2253 2.15
      vertex 48.5954 39.0409 2.15
    endloop
  endfacet
  facet normal 0 0 1
    outer loop
      vertex 47.8033 40.1638 2.15
      vertex 47.8955 39.2253 2.15
      vertex 48.1071 40.0798 2.15
    endloop
  endfacet
  facet normal 0 0 1
    outer loop
      vertex 47.5054 39.3333 2.15
      vertex 47.8033 40.1638 2.15
      vertex 47.57 40.2371 2.15
    endloop
  endfacet
  facet normal 0 0 1
    outer loop
      vertex 47.8033 40.1638 2.15
      vertex 47.5054 39.3333 2.15
      vertex 47.8955 39.2253 2.15
    endloop
  endfacet
  facet normal 0 0 1
    outer loop
      vertex 47.176 39.4403 2.15
      vertex 47.57 40.2371 2.15
      vertex 47.4072 40.2995 2.15
    endloop
  endfacet
  facet normal 0 0 1
    outer loop
      vertex 46.9073 39.5462 2.15
      vertex 47.4072 40.2995 2.15
      vertex 47.2875 40.3595 2.15
    endloop
  endfacet
  facet normal 0 0 1
    outer loop
      vertex 46.6993 39.6512 2.15
      vertex 47.2875 40.3595 2.15
      vertex 47.1834 40.4256 2.15
    endloop
  endfacet
  facet normal 0 0 1
    outer loop
      vertex 47.57 40.2371 2.15
      vertex 47.176 39.4403 2.15
      vertex 47.5054 39.3333 2.15
    endloop
  endfacet
  facet normal 0 0 1
    outer loop
      vertex 46.5312 39.7612 2.15
      vertex 47.1834 40.4256 2.15
      vertex 47.0949 40.4978 2.15
    endloop
  endfacet
  facet normal 0 0 1
    outer loop
      vertex 46.3826 39.8824 2.15
      vertex 47.0949 40.4978 2.15
      vertex 47.022 40.5761 2.15
    endloop
  endfacet
  facet normal 0 0 1
    outer loop
      vertex 46.2532 40.0148 2.15
      vertex 47.022 40.5761 2.15
      vertex 46.965 40.6629 2.15
    endloop
  endfacet
  facet normal 0 0 1
    outer loop
      vertex 46.0554 40.3161 2.15
      vertex 46.965 40.6629 2.15
      vertex 46.9244 40.7606 2.15
    endloop
  endfacet
  facet normal 0 0 1
    outer loop
      vertex 47.4072 40.2995 2.15
      vertex 46.9073 39.5462 2.15
      vertex 47.176 39.4403 2.15
    endloop
  endfacet
  facet normal 0 0 1
    outer loop
      vertex 45.955 40.6823 2.15
      vertex 46.9244 40.7606 2.15
      vertex 46.9 40.8691 2.15
    endloop
  endfacet
  facet normal -0 0 1
    outer loop
      vertex 45.9425 40.8908 2.15
      vertex 46.9 40.8691 2.15
      vertex 46.8918 40.9884 2.15
    endloop
  endfacet
  facet normal -0 0 1
    outer loop
      vertex 46.0856 41.5981 2.15
      vertex 46.9705 41.3438 2.15
      vertex 46.2644 41.88 2.15
    endloop
  endfacet
  facet normal 0 0 1
    outer loop
      vertex 47.2875 40.3595 2.15
      vertex 46.6993 39.6512 2.15
      vertex 46.9073 39.5462 2.15
    endloop
  endfacet
  facet normal 0 0 1
    outer loop
      vertex 47.1834 40.4256 2.15
      vertex 46.5312 39.7612 2.15
      vertex 46.6993 39.6512 2.15
    endloop
  endfacet
  facet normal 0 0 1
    outer loop
      vertex 46.9705 41.3438 2.15
      vertex 46.0856 41.5981 2.15
      vertex 46.9115 41.179 2.15
    endloop
  endfacet
  facet normal 0 0 1
    outer loop
      vertex 46.9 40.8691 2.15
      vertex 45.9425 40.8908 2.15
      vertex 45.955 40.6823 2.15
    endloop
  endfacet
  facet normal -0 0 1
    outer loop
      vertex 45.9782 41.2683 2.15
      vertex 46.9115 41.179 2.15
      vertex 46.0856 41.5981 2.15
    endloop
  endfacet
  facet normal 0 0 1
    outer loop
      vertex 47.0949 40.4978 2.15
      vertex 46.3826 39.8824 2.15
      vertex 46.5312 39.7612 2.15
    endloop
  endfacet
  facet normal 0 0 1
    outer loop
      vertex 47.022 40.5761 2.15
      vertex 46.2532 40.0148 2.15
      vertex 46.3826 39.8824 2.15
    endloop
  endfacet
  facet normal 0 0 1
    outer loop
      vertex 46.9115 41.179 2.15
      vertex 45.9782 41.2683 2.15
      vertex 46.8918 40.9884 2.15
    endloop
  endfacet
  facet normal 0 0 1
    outer loop
      vertex 46.9244 40.7606 2.15
      vertex 45.955 40.6823 2.15
      vertex 45.9926 40.4907 2.15
    endloop
  endfacet
  facet normal 0 0 1
    outer loop
      vertex 46.965 40.6629 2.15
      vertex 46.1432 40.1584 2.15
      vertex 46.2532 40.0148 2.15
    endloop
  endfacet
  facet normal 0 0 1
    outer loop
      vertex 46.8918 40.9884 2.15
      vertex 45.9782 41.2683 2.15
      vertex 45.9425 40.8908 2.15
    endloop
  endfacet
  facet normal 0 0 1
    outer loop
      vertex 46.9244 40.7606 2.15
      vertex 45.9926 40.4907 2.15
      vertex 46.0554 40.3161 2.15
    endloop
  endfacet
  facet normal 0 0 1
    outer loop
      vertex 46.965 40.6629 2.15
      vertex 46.0554 40.3161 2.15
      vertex 46.1432 40.1584 2.15
    endloop
  endfacet
  facet normal 0 0 1
    outer loop
      vertex 49.6044 38.1187 2.15
      vertex 50.547 38.3582 2.15
      vertex 50.5266 38.5126 2.15
    endloop
  endfacet
  facet normal 0 0 1
    outer loop
      vertex 50.547 38.3582 2.15
      vertex 49.6044 38.1187 2.15
      vertex 50.5538 38.1946 2.15
    endloop
  endfacet
  facet normal 0 0 1
    outer loop
      vertex 49.6044 38.1187 2.15
      vertex 50.5266 38.5126 2.15
      vertex 50.4927 38.6579 2.15
    endloop
  endfacet
  facet normal 0 0 1
    outer loop
      vertex 49.6044 38.1187 2.15
      vertex 50.4927 38.6579 2.15
      vertex 50.4452 38.794 2.15
    endloop
  endfacet
  facet normal 0 0 1
    outer loop
      vertex 50.5538 38.1946 2.15
      vertex 49.6044 38.1187 2.15
      vertex 50.5146 37.8033 2.15
    endloop
  endfacet
  facet normal 0 0 1
    outer loop
      vertex 49.6044 38.1187 2.15
      vertex 50.4452 38.794 2.15
      vertex 50.3854 38.9217 2.15
    endloop
  endfacet
  facet normal 0 0 1
    outer loop
      vertex 49.6044 38.1187 2.15
      vertex 50.3854 38.9217 2.15
      vertex 50.3143 39.0415 2.15
    endloop
  endfacet
  facet normal 0 0 1
    outer loop
      vertex 49.6044 38.1187 2.15
      vertex 50.3143 39.0415 2.15
      vertex 50.2321 39.1536 2.15
    endloop
  endfacet
  facet normal -0 0 1
    outer loop
      vertex 49.5829 37.905 2.15
      vertex 50.5146 37.8033 2.15
      vertex 49.6044 38.1187 2.15
    endloop
  endfacet
  facet normal 0 0 1
    outer loop
      vertex 49.6044 38.1187 2.15
      vertex 50.2321 39.1536 2.15
      vertex 50.1387 39.2579 2.15
    endloop
  endfacet
  facet normal 0 0 1
    outer loop
      vertex 49.6044 38.1187 2.15
      vertex 50.1387 39.2579 2.15
      vertex 50.0307 39.356 2.15
    endloop
  endfacet
  facet normal 0 0 1
    outer loop
      vertex 50.5146 37.8033 2.15
      vertex 49.5829 37.905 2.15
      vertex 50.3971 37.4595 2.15
    endloop
  endfacet
  facet normal 0 0 1
    outer loop
      vertex 49.6044 38.1187 2.15
      vertex 50.0307 39.356 2.15
      vertex 49.9048 39.4498 2.15
    endloop
  endfacet
  facet normal 0 0 1
    outer loop
      vertex 49.6044 38.1187 2.15
      vertex 49.9048 39.4498 2.15
      vertex 49.7608 39.5391 2.15
    endloop
  endfacet
  facet normal -0 0 1
    outer loop
      vertex 49.5183 37.7199 2.15
      vertex 50.3971 37.4595 2.15
      vertex 49.5829 37.905 2.15
    endloop
  endfacet
  facet normal 0 0 1
    outer loop
      vertex 50.3971 37.4595 2.15
      vertex 49.5183 37.7199 2.15
      vertex 50.2013 37.1632 2.15
    endloop
  endfacet
  facet normal -0 0 1
    outer loop
      vertex 49.4106 37.5632 2.15
      vertex 50.2013 37.1632 2.15
      vertex 49.5183 37.7199 2.15
    endloop
  endfacet
  facet normal 0 0 1
    outer loop
      vertex 50.2013 37.1632 2.15
      vertex 49.4106 37.5632 2.15
      vertex 49.9271 36.9143 2.15
    endloop
  endfacet
  facet normal -0 0 1
    outer loop
      vertex 49.2599 37.4351 2.15
      vertex 49.9271 36.9143 2.15
      vertex 49.4106 37.5632 2.15
    endloop
  endfacet
  facet normal 0 0 1
    outer loop
      vertex 49.9271 36.9143 2.15
      vertex 49.2599 37.4351 2.15
      vertex 49.5825 36.7173 2.15
    endloop
  endfacet
  facet normal -0 0 1
    outer loop
      vertex 49.0627 37.3354 2.15
      vertex 49.5825 36.7173 2.15
      vertex 49.2599 37.4351 2.15
    endloop
  endfacet
  facet normal 0 0 1
    outer loop
      vertex 49.5825 36.7173 2.15
      vertex 49.0627 37.3354 2.15
      vertex 49.1751 36.5766 2.15
    endloop
  endfacet
  facet normal -0 0 1
    outer loop
      vertex 48.8157 37.2642 2.15
      vertex 49.1751 36.5766 2.15
      vertex 49.0627 37.3354 2.15
    endloop
  endfacet
  facet normal 0 0 1
    outer loop
      vertex 48.8157 37.2642 2.15
      vertex 48.705 36.4922 2.15
      vertex 49.1751 36.5766 2.15
    endloop
  endfacet
  facet normal -0 0 1
    outer loop
      vertex 48.5189 37.2215 2.15
      vertex 48.705 36.4922 2.15
      vertex 48.8157 37.2642 2.15
    endloop
  endfacet
  facet normal 0 0 1
    outer loop
      vertex 48.1721 36.464 2.15
      vertex 48.5189 37.2215 2.15
      vertex 48.1721 37.2072 2.15
    endloop
  endfacet
  facet normal 0 0 1
    outer loop
      vertex 48.5189 37.2215 2.15
      vertex 48.1721 36.464 2.15
      vertex 48.705 36.4922 2.15
    endloop
  endfacet
  facet normal 0 0 1
    outer loop
      vertex 47.8439 37.221 2.15
      vertex 48.1721 36.464 2.15
      vertex 48.1721 37.2072 2.15
    endloop
  endfacet
  facet normal 0 0 1
    outer loop
      vertex 47.8439 37.221 2.15
      vertex 47.6556 36.4866 2.15
      vertex 48.1721 36.464 2.15
    endloop
  endfacet
  facet normal 0 0 1
    outer loop
      vertex 47.5537 37.2621 2.15
      vertex 47.6556 36.4866 2.15
      vertex 47.8439 37.221 2.15
    endloop
  endfacet
  facet normal 0 0 1
    outer loop
      vertex 47.2018 36.5542 2.15
      vertex 47.5537 37.2621 2.15
      vertex 47.3014 37.3308 2.15
    endloop
  endfacet
  facet normal 0 0 1
    outer loop
      vertex 47.5537 37.2621 2.15
      vertex 47.2018 36.5542 2.15
      vertex 47.6556 36.4866 2.15
    endloop
  endfacet
  facet normal 0 0 1
    outer loop
      vertex 46.8106 36.6669 2.15
      vertex 47.3014 37.3308 2.15
      vertex 47.0871 37.4269 2.15
    endloop
  endfacet
  facet normal 0 0 1
    outer loop
      vertex 46.4822 36.8248 2.15
      vertex 47.0871 37.4269 2.15
      vertex 46.9084 37.5526 2.15
    endloop
  endfacet
  facet normal 0 0 1
    outer loop
      vertex 47.3014 37.3308 2.15
      vertex 46.8106 36.6669 2.15
      vertex 47.2018 36.5542 2.15
    endloop
  endfacet
  facet normal 0 0 1
    outer loop
      vertex 46.2112 37.0304 2.15
      vertex 46.9084 37.5526 2.15
      vertex 46.763 37.7097 2.15
    endloop
  endfacet
  facet normal 0 0 1
    outer loop
      vertex 45.992 37.2866 2.15
      vertex 46.763 37.7097 2.15
      vertex 46.6508 37.8984 2.15
    endloop
  endfacet
  facet normal 0 0 1
    outer loop
      vertex 45.8246 37.5932 2.15
      vertex 46.6508 37.8984 2.15
      vertex 46.5718 38.1187 2.15
    endloop
  endfacet
  facet normal 0 0 1
    outer loop
      vertex 47.0871 37.4269 2.15
      vertex 46.4822 36.8248 2.15
      vertex 46.8106 36.6669 2.15
    endloop
  endfacet
  facet normal 0 0 1
    outer loop
      vertex 46.9084 37.5526 2.15
      vertex 46.2112 37.0304 2.15
      vertex 46.4822 36.8248 2.15
    endloop
  endfacet
  facet normal 0 0 1
    outer loop
      vertex 46.763 37.7097 2.15
      vertex 45.992 37.2866 2.15
      vertex 46.2112 37.0304 2.15
    endloop
  endfacet
  facet normal 0 0 1
    outer loop
      vertex 46.6508 37.8984 2.15
      vertex 45.8246 37.5932 2.15
      vertex 45.992 37.2866 2.15
    endloop
  endfacet
  facet normal 0 -0 1
    outer loop
      vertex 45.8246 37.5932 2.15
      vertex 46.5718 38.1187 2.15
      vertex 45.7092 37.9504 2.15
    endloop
  endfacet
  facet normal -0 0 1
    outer loop
      vertex 51.5469 42.4423 2.15
      vertex 52.5288 38.7208 2.15
      vertex 52.5288 42.4423 2.15
    endloop
  endfacet
  facet normal 0 -0 1
    outer loop
      vertex 51.5749 38.0167 2.15
      vertex 52.5288 38.7208 2.15
      vertex 51.5469 38.5309 2.15
    endloop
  endfacet
  facet normal 0 -0 1
    outer loop
      vertex 51.6588 37.5809 2.15
      vertex 52.5288 38.7208 2.15
      vertex 51.5749 38.0167 2.15
    endloop
  endfacet
  facet normal 0 -0 1
    outer loop
      vertex 51.7986 37.2233 2.15
      vertex 52.5288 38.7208 2.15
      vertex 51.6588 37.5809 2.15
    endloop
  endfacet
  facet normal 0 -0 1
    outer loop
      vertex 51.9944 36.9441 2.15
      vertex 52.5288 38.7208 2.15
      vertex 51.7986 37.2233 2.15
    endloop
  endfacet
  facet normal 0 0 1
    outer loop
      vertex 52.5288 38.7208 2.15
      vertex 51.5469 42.4423 2.15
      vertex 51.5469 38.5309 2.15
    endloop
  endfacet
  facet normal 0 0 1
    outer loop
      vertex 52.5288 38.7208 2.15
      vertex 51.9944 36.9441 2.15
      vertex 52.2506 36.7341 2.15
    endloop
  endfacet
  facet normal -0 0 1
    outer loop
      vertex 55.2576 39.0409 2.15
      vertex 56.2341 37.8257 2.15
      vertex 56.2341 42.4423 2.15
    endloop
  endfacet
  facet normal 0 -0 1
    outer loop
      vertex 55.3335 36.719 2.15
      vertex 56.2341 37.8257 2.15
      vertex 55.3307 36.7809 2.15
    endloop
  endfacet
  facet normal 0 -0 1
    outer loop
      vertex 55.3363 36.6651 2.15
      vertex 56.2341 37.8257 2.15
      vertex 55.3335 36.719 2.15
    endloop
  endfacet
  facet normal 0 0 1
    outer loop
      vertex 55.3444 36.5725 2.15
      vertex 55.339 36.6227 2.15
      vertex 55.3417 36.5918 2.15
    endloop
  endfacet
  facet normal 0 0 1
    outer loop
      vertex 55.3444 36.5725 2.15
      vertex 55.3363 36.6651 2.15
      vertex 55.339 36.6227 2.15
    endloop
  endfacet
  facet normal 0 0 1
    outer loop
      vertex 56.2341 37.8257 2.15
      vertex 55.3363 36.6651 2.15
      vertex 55.3444 36.5725 2.15
    endloop
  endfacet
  facet normal 0 0 1
    outer loop
      vertex 56.2341 37.8257 2.15
      vertex 55.3274 36.8472 2.15
      vertex 55.3307 36.7809 2.15
    endloop
  endfacet
  facet normal 0 0 1
    outer loop
      vertex 56.2341 37.8257 2.15
      vertex 55.3239 36.9178 2.15
      vertex 55.3274 36.8472 2.15
    endloop
  endfacet
  facet normal 0 0 1
    outer loop
      vertex 56.2341 37.8257 2.15
      vertex 55.3199 36.9929 2.15
      vertex 55.3239 36.9178 2.15
    endloop
  endfacet
  facet normal 0 0 1
    outer loop
      vertex 56.2341 37.8257 2.15
      vertex 55.3157 37.0873 2.15
      vertex 55.3199 36.9929 2.15
    endloop
  endfacet
  facet normal 0 0 1
    outer loop
      vertex 56.2341 37.8257 2.15
      vertex 55.3112 37.216 2.15
      vertex 55.3157 37.0873 2.15
    endloop
  endfacet
  facet normal 0 0 1
    outer loop
      vertex 56.2341 37.8257 2.15
      vertex 55.3062 37.379 2.15
      vertex 55.3112 37.216 2.15
    endloop
  endfacet
  facet normal 0 0 1
    outer loop
      vertex 56.2341 37.8257 2.15
      vertex 55.301 37.5761 2.15
      vertex 55.3062 37.379 2.15
    endloop
  endfacet
  facet normal -0 0 1
    outer loop
      vertex 55.2322 38.6357 2.15
      vertex 56.2341 37.8257 2.15
      vertex 55.2576 39.0409 2.15
    endloop
  endfacet
  facet normal 0 0 1
    outer loop
      vertex 55.2576 39.0409 2.15
      vertex 56.2341 42.4423 2.15
      vertex 55.2576 42.4423 2.15
    endloop
  endfacet
  facet normal -0 0 1
    outer loop
      vertex 55.1559 38.2773 2.15
      vertex 56.2341 37.8257 2.15
      vertex 55.2322 38.6357 2.15
    endloop
  endfacet
  facet normal 0 0 1
    outer loop
      vertex 56.2341 37.8257 2.15
      vertex 55.1559 38.2773 2.15
      vertex 55.301 37.5761 2.15
    endloop
  endfacet
  facet normal -0 0 1
    outer loop
      vertex 55.0287 37.9657 2.15
      vertex 55.301 37.5761 2.15
      vertex 55.1559 38.2773 2.15
    endloop
  endfacet
  facet normal 0 0 1
    outer loop
      vertex 55.301 37.5761 2.15
      vertex 55.0287 37.9657 2.15
      vertex 55.2847 37.5761 2.15
    endloop
  endfacet
  facet normal -0 0 1
    outer loop
      vertex 54.8507 37.7009 2.15
      vertex 55.2847 37.5761 2.15
      vertex 55.0287 37.9657 2.15
    endloop
  endfacet
  facet normal 0 0 1
    outer loop
      vertex 55.2847 37.5761 2.15
      vertex 54.8507 37.7009 2.15
      vertex 55.11 37.2945 2.15
    endloop
  endfacet
  facet normal -0 0 1
    outer loop
      vertex 54.6286 37.4897 2.15
      vertex 55.11 37.2945 2.15
      vertex 54.8507 37.7009 2.15
    endloop
  endfacet
  facet normal 0 0 1
    outer loop
      vertex 55.11 37.2945 2.15
      vertex 54.6286 37.4897 2.15
      vertex 54.922 37.0573 2.15
    endloop
  endfacet
  facet normal -0 0 1
    outer loop
      vertex 54.3693 37.3388 2.15
      vertex 54.922 37.0573 2.15
      vertex 54.6286 37.4897 2.15
    endloop
  endfacet
  facet normal 0 0 1
    outer loop
      vertex 54.922 37.0573 2.15
      vertex 54.3693 37.3388 2.15
      vertex 54.7207 36.8646 2.15
    endloop
  endfacet
  facet normal 0 0 1
    outer loop
      vertex 54.7207 36.8646 2.15
      vertex 54.3693 37.3388 2.15
      vertex 54.5063 36.7163 2.15
    endloop
  endfacet
  facet normal -0 0 1
    outer loop
      vertex 54.0726 37.2483 2.15
      vertex 54.5063 36.7163 2.15
      vertex 54.3693 37.3388 2.15
    endloop
  endfacet
  facet normal 0 0 1
    outer loop
      vertex 54.5063 36.7163 2.15
      vertex 54.0726 37.2483 2.15
      vertex 54.2718 36.6059 2.15
    endloop
  endfacet
  facet normal 0 0 1
    outer loop
      vertex 54.0726 37.2483 2.15
      vertex 54.0105 36.5271 2.15
      vertex 54.2718 36.6059 2.15
    endloop
  endfacet
  facet normal -0 0 1
    outer loop
      vertex 53.7386 37.2181 2.15
      vertex 54.0105 36.5271 2.15
      vertex 54.0726 37.2483 2.15
    endloop
  endfacet
  facet normal 0 0 1
    outer loop
      vertex 53.7386 37.2181 2.15
      vertex 53.7225 36.4798 2.15
      vertex 54.0105 36.5271 2.15
    endloop
  endfacet
  facet normal 0 0 1
    outer loop
      vertex 53.5118 37.2269 2.15
      vertex 53.7225 36.4798 2.15
      vertex 53.7386 37.2181 2.15
    endloop
  endfacet
  facet normal 0 0 1
    outer loop
      vertex 53.5118 37.2269 2.15
      vertex 53.4077 36.464 2.15
      vertex 53.7225 36.4798 2.15
    endloop
  endfacet
  facet normal 0 0 1
    outer loop
      vertex 53.3141 37.2534 2.15
      vertex 53.4077 36.464 2.15
      vertex 53.5118 37.2269 2.15
    endloop
  endfacet
  facet normal 0 0 1
    outer loop
      vertex 52.9572 36.494 2.15
      vertex 53.3141 37.2534 2.15
      vertex 53.1456 37.2974 2.15
    endloop
  endfacet
  facet normal 0 0 1
    outer loop
      vertex 52.9572 36.494 2.15
      vertex 53.1456 37.2974 2.15
      vertex 53.0062 37.3591 2.15
    endloop
  endfacet
  facet normal 0 0 1
    outer loop
      vertex 53.3141 37.2534 2.15
      vertex 52.9572 36.494 2.15
      vertex 53.4077 36.464 2.15
    endloop
  endfacet
  facet normal 0 0 1
    outer loop
      vertex 52.5715 36.584 2.15
      vertex 53.0062 37.3591 2.15
      vertex 52.8899 37.4409 2.15
    endloop
  endfacet
  facet normal 0 0 1
    outer loop
      vertex 52.2506 36.7341 2.15
      vertex 52.8899 37.4409 2.15
      vertex 52.7906 37.545 2.15
    endloop
  endfacet
  facet normal 0 0 1
    outer loop
      vertex 52.2506 36.7341 2.15
      vertex 52.7906 37.545 2.15
      vertex 52.7082 37.6714 2.15
    endloop
  endfacet
  facet normal 0 0 1
    outer loop
      vertex 52.2506 36.7341 2.15
      vertex 52.7082 37.6714 2.15
      vertex 52.6427 37.8203 2.15
    endloop
  endfacet
  facet normal 0 0 1
    outer loop
      vertex 52.2506 36.7341 2.15
      vertex 52.6427 37.8203 2.15
      vertex 52.5929 37.9966 2.15
    endloop
  endfacet
  facet normal 0 0 1
    outer loop
      vertex 53.0062 37.3591 2.15
      vertex 52.5715 36.584 2.15
      vertex 52.9572 36.494 2.15
    endloop
  endfacet
  facet normal 0 0 1
    outer loop
      vertex 52.2506 36.7341 2.15
      vertex 52.5929 37.9966 2.15
      vertex 52.5573 38.2054 2.15
    endloop
  endfacet
  facet normal 0 0 1
    outer loop
      vertex 52.2506 36.7341 2.15
      vertex 52.5573 38.2054 2.15
      vertex 52.5359 38.4469 2.15
    endloop
  endfacet
  facet normal 0 0 1
    outer loop
      vertex 52.2506 36.7341 2.15
      vertex 52.5359 38.4469 2.15
      vertex 52.5288 38.7208 2.15
    endloop
  endfacet
  facet normal 0 0 1
    outer loop
      vertex 52.8899 37.4409 2.15
      vertex 52.2506 36.7341 2.15
      vertex 52.5715 36.584 2.15
    endloop
  endfacet
  facet normal 0 0 1
    outer loop
      vertex 56.2524 36.7363 2.15
      vertex 55.3444 36.5725 2.15
      vertex 56.2667 36.5725 2.15
    endloop
  endfacet
  facet normal 0 0 1
    outer loop
      vertex 56.2422 36.9997 2.15
      vertex 55.3444 36.5725 2.15
      vertex 56.2524 36.7363 2.15
    endloop
  endfacet
  facet normal 0 0 1
    outer loop
      vertex 56.2361 37.3629 2.15
      vertex 55.3444 36.5725 2.15
      vertex 56.2422 36.9997 2.15
    endloop
  endfacet
  facet normal 0 0 1
    outer loop
      vertex 55.3444 36.5725 2.15
      vertex 56.2361 37.3629 2.15
      vertex 56.2341 37.8257 2.15
    endloop
  endfacet
  facet normal 0 -1 0
    outer loop
      vertex 27.398 43.37 1.2
      vertex 30.0237 43.37 2.15
      vertex 27.398 43.37 2.15
    endloop
  endfacet
  facet normal 0 -1 -0
    outer loop
      vertex 30.0237 43.37 2.15
      vertex 27.398 43.37 1.2
      vertex 30.0237 43.37 1.2
    endloop
  endfacet
  facet normal 1 -0 0
    outer loop
      vertex 30.0237 43.37 2.15
      vertex 30.0237 44.2163 1.2
      vertex 30.0237 44.2163 2.15
    endloop
  endfacet
  facet normal 1 0 0
    outer loop
      vertex 30.0237 44.2163 1.2
      vertex 30.0237 43.37 2.15
      vertex 30.0237 43.37 1.2
    endloop
  endfacet
  facet normal 0 1 -0
    outer loop
      vertex 30.0237 44.2163 1.2
      vertex 23.7416 44.2163 2.15
      vertex 30.0237 44.2163 2.15
    endloop
  endfacet
  facet normal 0 1 0
    outer loop
      vertex 23.7416 44.2163 2.15
      vertex 30.0237 44.2163 1.2
      vertex 23.7416 44.2163 1.2
    endloop
  endfacet
  facet normal -1 0 0
    outer loop
      vertex 23.7416 43.37 1.2
      vertex 23.7416 44.2163 2.15
      vertex 23.7416 44.2163 1.2
    endloop
  endfacet
  facet normal -1 -0 0
    outer loop
      vertex 23.7416 44.2163 2.15
      vertex 23.7416 43.37 1.2
      vertex 23.7416 43.37 2.15
    endloop
  endfacet
  facet normal 0 -1 0
    outer loop
      vertex 23.7416 43.37 1.2
      vertex 26.3673 43.37 2.15
      vertex 23.7416 43.37 2.15
    endloop
  endfacet
  facet normal 0 -1 -0
    outer loop
      vertex 26.3673 43.37 2.15
      vertex 23.7416 43.37 1.2
      vertex 26.3673 43.37 1.2
    endloop
  endfacet
  facet normal -1 0 0
    outer loop
      vertex 26.3673 36.5725 1.2
      vertex 26.3673 43.37 2.15
      vertex 26.3673 43.37 1.2
    endloop
  endfacet
  facet normal -1 -0 0
    outer loop
      vertex 26.3673 43.37 2.15
      vertex 26.3673 36.5725 1.2
      vertex 26.3673 36.5725 2.15
    endloop
  endfacet
  facet normal 0 -1 0
    outer loop
      vertex 26.3673 36.5725 1.2
      vertex 27.398 36.5725 2.15
      vertex 26.3673 36.5725 2.15
    endloop
  endfacet
  facet normal 0 -1 -0
    outer loop
      vertex 27.398 36.5725 2.15
      vertex 26.3673 36.5725 1.2
      vertex 27.398 36.5725 1.2
    endloop
  endfacet
  facet normal 1 -0 0
    outer loop
      vertex 27.398 36.5725 2.15
      vertex 27.398 43.37 1.2
      vertex 27.398 43.37 2.15
    endloop
  endfacet
  facet normal 1 0 0
    outer loop
      vertex 27.398 43.37 1.2
      vertex 27.398 36.5725 2.15
      vertex 27.398 36.5725 1.2
    endloop
  endfacet
  facet normal 0.999056 -0.0434467 0
    outer loop
      vertex 31.4643 39.6322 2.15
      vertex 31.4843 40.0921 1.2
      vertex 31.4843 40.0921 2.15
    endloop
  endfacet
  facet normal 0.999056 -0.0434467 0
    outer loop
      vertex 31.4843 40.0921 1.2
      vertex 31.4643 39.6322 2.15
      vertex 31.4643 39.6322 1.2
    endloop
  endfacet
  facet normal 0.989119 -0.147117 0
    outer loop
      vertex 31.4843 40.0921 2.15
      vertex 31.5443 40.4955 1.2
      vertex 31.5443 40.4955 2.15
    endloop
  endfacet
  facet normal 0.989119 -0.147117 0
    outer loop
      vertex 31.5443 40.4955 1.2
      vertex 31.4843 40.0921 2.15
      vertex 31.4843 40.0921 1.2
    endloop
  endfacet
  facet normal 0.960809 -0.27721 0
    outer loop
      vertex 31.5443 40.4955 2.15
      vertex 31.6443 40.8421 1.2
      vertex 31.6443 40.8421 2.15
    endloop
  endfacet
  facet normal 0.960809 -0.27721 0
    outer loop
      vertex 31.6443 40.8421 1.2
      vertex 31.5443 40.4955 2.15
      vertex 31.5443 40.4955 1.2
    endloop
  endfacet
  facet normal 0.900489 -0.434879 0
    outer loop
      vertex 31.6443 40.8421 2.15
      vertex 31.7844 41.1322 1.2
      vertex 31.7844 41.1322 2.15
    endloop
  endfacet
  facet normal 0.900489 -0.434879 0
    outer loop
      vertex 31.7844 41.1322 1.2
      vertex 31.6443 40.8421 2.15
      vertex 31.6443 40.8421 1.2
    endloop
  endfacet
  facet normal 0.789538 -0.613702 0
    outer loop
      vertex 31.7844 41.1322 2.15
      vertex 31.9624 41.3612 1.2
      vertex 31.9624 41.3612 2.15
    endloop
  endfacet
  facet normal 0.789538 -0.613702 0
    outer loop
      vertex 31.9624 41.3612 1.2
      vertex 31.7844 41.1322 2.15
      vertex 31.7844 41.1322 1.2
    endloop
  endfacet
  facet normal 0.607519 -0.794305 0
    outer loop
      vertex 31.9624 41.3612 1.2
      vertex 32.1763 41.5248 2.15
      vertex 31.9624 41.3612 2.15
    endloop
  endfacet
  facet normal 0.607519 -0.794305 0
    outer loop
      vertex 32.1763 41.5248 2.15
      vertex 31.9624 41.3612 1.2
      vertex 32.1763 41.5248 1.2
    endloop
  endfacet
  facet normal 0.365733 -0.93072 0
    outer loop
      vertex 32.1763 41.5248 1.2
      vertex 32.4262 41.623 2.15
      vertex 32.1763 41.5248 2.15
    endloop
  endfacet
  facet normal 0.365733 -0.93072 0
    outer loop
      vertex 32.4262 41.623 2.15
      vertex 32.1763 41.5248 1.2
      vertex 32.4262 41.623 1.2
    endloop
  endfacet
  facet normal 0.113635 -0.993523 0
    outer loop
      vertex 32.4262 41.623 1.2
      vertex 32.7121 41.6557 2.15
      vertex 32.4262 41.623 2.15
    endloop
  endfacet
  facet normal 0.113635 -0.993523 0
    outer loop
      vertex 32.7121 41.6557 2.15
      vertex 32.4262 41.623 1.2
      vertex 32.7121 41.6557 1.2
    endloop
  endfacet
  facet normal -0.0219869 -0.999758 0
    outer loop
      vertex 32.7121 41.6557 1.2
      vertex 32.8667 41.6523 2.15
      vertex 32.7121 41.6557 2.15
    endloop
  endfacet
  facet normal -0.0219869 -0.999758 -0
    outer loop
      vertex 32.8667 41.6523 2.15
      vertex 32.7121 41.6557 1.2
      vertex 32.8667 41.6523 1.2
    endloop
  endfacet
  facet normal -0.0735529 -0.997291 0
    outer loop
      vertex 32.8667 41.6523 1.2
      vertex 33.005 41.6421 2.15
      vertex 32.8667 41.6523 2.15
    endloop
  endfacet
  facet normal -0.0735529 -0.997291 -0
    outer loop
      vertex 33.005 41.6421 2.15
      vertex 32.8667 41.6523 1.2
      vertex 33.005 41.6421 1.2
    endloop
  endfacet
  facet normal -0.137104 -0.990557 0
    outer loop
      vertex 33.005 41.6421 1.2
      vertex 33.1271 41.6252 2.15
      vertex 33.005 41.6421 2.15
    endloop
  endfacet
  facet normal -0.137104 -0.990557 -0
    outer loop
      vertex 33.1271 41.6252 2.15
      vertex 33.005 41.6421 1.2
      vertex 33.1271 41.6252 1.2
    endloop
  endfacet
  facet normal -0.21859 -0.975817 0
    outer loop
      vertex 33.1271 41.6252 1.2
      vertex 33.2329 41.6015 2.15
      vertex 33.1271 41.6252 2.15
    endloop
  endfacet
  facet normal -0.21859 -0.975817 -0
    outer loop
      vertex 33.2329 41.6015 2.15
      vertex 33.1271 41.6252 1.2
      vertex 33.2329 41.6015 1.2
    endloop
  endfacet
  facet normal 1 -0 0
    outer loop
      vertex 33.2329 41.6015 2.15
      vertex 33.2329 42.4966 1.2
      vertex 33.2329 42.4966 2.15
    endloop
  endfacet
  facet normal 1 0 0
    outer loop
      vertex 33.2329 42.4966 1.2
      vertex 33.2329 41.6015 2.15
      vertex 33.2329 41.6015 1.2
    endloop
  endfacet
  facet normal 0.230394 0.973097 -0
    outer loop
      vertex 33.2329 42.4966 1.2
      vertex 33.1328 42.5203 2.15
      vertex 33.2329 42.4966 2.15
    endloop
  endfacet
  facet normal 0.230394 0.973097 0
    outer loop
      vertex 33.1328 42.5203 2.15
      vertex 33.2329 42.4966 1.2
      vertex 33.1328 42.5203 1.2
    endloop
  endfacet
  facet normal 0.167615 0.985853 -0
    outer loop
      vertex 33.1328 42.5203 1.2
      vertex 33.0334 42.5372 2.15
      vertex 33.1328 42.5203 2.15
    endloop
  endfacet
  facet normal 0.167615 0.985853 0
    outer loop
      vertex 33.0334 42.5372 2.15
      vertex 33.1328 42.5203 1.2
      vertex 33.0334 42.5372 1.2
    endloop
  endfacet
  facet normal 0.102899 0.994692 -0
    outer loop
      vertex 33.0334 42.5372 1.2
      vertex 32.9348 42.5474 2.15
      vertex 33.0334 42.5372 2.15
    endloop
  endfacet
  facet normal 0.102899 0.994692 0
    outer loop
      vertex 32.9348 42.5474 2.15
      vertex 33.0334 42.5372 1.2
      vertex 32.9348 42.5474 1.2
    endloop
  endfacet
  facet normal 0.034673 0.999399 -0
    outer loop
      vertex 32.9348 42.5474 1.2
      vertex 32.8368 42.5508 2.15
      vertex 32.9348 42.5474 2.15
    endloop
  endfacet
  facet normal 0.034673 0.999399 0
    outer loop
      vertex 32.8368 42.5508 2.15
      vertex 32.9348 42.5474 1.2
      vertex 32.8368 42.5508 1.2
    endloop
  endfacet
  facet normal -0.0661132 0.997812 0
    outer loop
      vertex 32.8368 42.5508 1.2
      vertex 32.5757 42.5335 2.15
      vertex 32.8368 42.5508 2.15
    endloop
  endfacet
  facet normal -0.0661132 0.997812 0
    outer loop
      vertex 32.5757 42.5335 2.15
      vertex 32.8368 42.5508 1.2
      vertex 32.5757 42.5335 1.2
    endloop
  endfacet
  facet normal -0.219805 0.975544 0
    outer loop
      vertex 32.5757 42.5335 1.2
      vertex 32.3458 42.4817 2.15
      vertex 32.5757 42.5335 2.15
    endloop
  endfacet
  facet normal -0.219805 0.975544 0
    outer loop
      vertex 32.3458 42.4817 2.15
      vertex 32.5757 42.5335 1.2
      vertex 32.3458 42.4817 1.2
    endloop
  endfacet
  facet normal -0.399148 0.916887 0
    outer loop
      vertex 32.3458 42.4817 1.2
      vertex 32.1471 42.3952 2.15
      vertex 32.3458 42.4817 2.15
    endloop
  endfacet
  facet normal -0.399148 0.916887 0
    outer loop
      vertex 32.1471 42.3952 2.15
      vertex 32.3458 42.4817 1.2
      vertex 32.1471 42.3952 1.2
    endloop
  endfacet
  facet normal -0.585579 0.810615 0
    outer loop
      vertex 32.1471 42.3952 1.2
      vertex 31.9796 42.2742 2.15
      vertex 32.1471 42.3952 2.15
    endloop
  endfacet
  facet normal -0.585579 0.810615 0
    outer loop
      vertex 31.9796 42.2742 2.15
      vertex 32.1471 42.3952 1.2
      vertex 31.9796 42.2742 1.2
    endloop
  endfacet
  facet normal -0.751856 0.659327 0
    outer loop
      vertex 31.8321 42.106 1.2
      vertex 31.9796 42.2742 2.15
      vertex 31.9796 42.2742 1.2
    endloop
  endfacet
  facet normal -0.751856 0.659327 0
    outer loop
      vertex 31.9796 42.2742 2.15
      vertex 31.8321 42.106 1.2
      vertex 31.8321 42.106 2.15
    endloop
  endfacet
  facet normal -0.8543 0.51978 0
    outer loop
      vertex 31.6935 41.8782 1.2
      vertex 31.8321 42.106 2.15
      vertex 31.8321 42.106 1.2
    endloop
  endfacet
  facet normal -0.8543 0.51978 0
    outer loop
      vertex 31.8321 42.106 2.15
      vertex 31.6935 41.8782 1.2
      vertex 31.6935 41.8782 2.15
    endloop
  endfacet
  facet normal -0.911298 0.411748 0
    outer loop
      vertex 31.5636 41.5907 1.2
      vertex 31.6935 41.8782 2.15
      vertex 31.6935 41.8782 1.2
    endloop
  endfacet
  facet normal -0.911298 0.411748 0
    outer loop
      vertex 31.6935 41.8782 2.15
      vertex 31.5636 41.5907 1.2
      vertex 31.5636 41.5907 2.15
    endloop
  endfacet
  facet normal -0.944298 0.32909 0
    outer loop
      vertex 31.4426 41.2435 1.2
      vertex 31.5636 41.5907 2.15
      vertex 31.5636 41.5907 1.2
    endloop
  endfacet
  facet normal -0.944298 0.32909 0
    outer loop
      vertex 31.5636 41.5907 2.15
      vertex 31.4426 41.2435 1.2
      vertex 31.4426 41.2435 2.15
    endloop
  endfacet
  facet normal 0 1 -0
    outer loop
      vertex 31.4426 41.2435 1.2
      vertex 31.4209 41.2435 2.15
      vertex 31.4426 41.2435 2.15
    endloop
  endfacet
  facet normal 0 1 0
    outer loop
      vertex 31.4209 41.2435 2.15
      vertex 31.4426 41.2435 1.2
      vertex 31.4209 41.2435 1.2
    endloop
  endfacet
  facet normal 0.999838 0.0179851 0
    outer loop
      vertex 31.4209 41.2435 2.15
      vertex 31.4182 41.3936 1.2
      vertex 31.4182 41.3936 2.15
    endloop
  endfacet
  facet normal 0.999838 0.0179851 0
    outer loop
      vertex 31.4182 41.3936 1.2
      vertex 31.4209 41.2435 2.15
      vertex 31.4209 41.2435 1.2
    endloop
  endfacet
  facet normal 0.999462 0.0327955 0
    outer loop
      vertex 31.4182 41.3936 2.15
      vertex 31.41 41.6435 1.2
      vertex 31.41 41.6435 2.15
    endloop
  endfacet
  facet normal 0.999462 0.0327955 0
    outer loop
      vertex 31.41 41.6435 1.2
      vertex 31.4182 41.3936 2.15
      vertex 31.4182 41.3936 1.2
    endloop
  endfacet
  facet normal 0.999255 0.0385868 0
    outer loop
      vertex 31.41 41.6435 2.15
      vertex 31.3965 41.9931 1.2
      vertex 31.3965 41.9931 2.15
    endloop
  endfacet
  facet normal 0.999255 0.0385868 0
    outer loop
      vertex 31.3965 41.9931 1.2
      vertex 31.41 41.6435 2.15
      vertex 31.41 41.6435 1.2
    endloop
  endfacet
  facet normal 0.999107 0.0422596 0
    outer loop
      vertex 31.3965 41.9931 2.15
      vertex 31.3775 42.4423 1.2
      vertex 31.3775 42.4423 2.15
    endloop
  endfacet
  facet normal 0.999107 0.0422596 0
    outer loop
      vertex 31.3775 42.4423 1.2
      vertex 31.3965 41.9931 2.15
      vertex 31.3965 41.9931 1.2
    endloop
  endfacet
  facet normal 0 1 -0
    outer loop
      vertex 31.3775 42.4423 1.2
      vertex 30.4553 42.4423 2.15
      vertex 31.3775 42.4423 2.15
    endloop
  endfacet
  facet normal 0 1 0
    outer loop
      vertex 30.4553 42.4423 2.15
      vertex 31.3775 42.4423 1.2
      vertex 30.4553 42.4423 1.2
    endloop
  endfacet
  facet normal -0.999249 -0.0387475 0
    outer loop
      vertex 30.4695 42.0761 1.2
      vertex 30.4553 42.4423 2.15
      vertex 30.4553 42.4423 1.2
    endloop
  endfacet
  facet normal -0.999249 -0.0387475 0
    outer loop
      vertex 30.4553 42.4423 2.15
      vertex 30.4695 42.0761 1.2
      vertex 30.4695 42.0761 2.15
    endloop
  endfacet
  facet normal -0.999584 -0.0288534 0
    outer loop
      vertex 30.4796 41.7262 1.2
      vertex 30.4695 42.0761 2.15
      vertex 30.4695 42.0761 1.2
    endloop
  endfacet
  facet normal -0.999584 -0.0288534 0
    outer loop
      vertex 30.4695 42.0761 2.15
      vertex 30.4796 41.7262 1.2
      vertex 30.4796 41.7262 2.15
    endloop
  endfacet
  facet normal -0.999833 -0.0182823 0
    outer loop
      vertex 30.4857 41.3926 1.2
      vertex 30.4796 41.7262 2.15
      vertex 30.4796 41.7262 1.2
    endloop
  endfacet
  facet normal -0.999833 -0.0182823 0
    outer loop
      vertex 30.4796 41.7262 2.15
      vertex 30.4857 41.3926 1.2
      vertex 30.4857 41.3926 2.15
    endloop
  endfacet
  facet normal -0.99998 -0.00630107 0
    outer loop
      vertex 30.4877 41.0752 1.2
      vertex 30.4857 41.3926 2.15
      vertex 30.4857 41.3926 1.2
    endloop
  endfacet
  facet normal -0.99998 -0.00630107 0
    outer loop
      vertex 30.4857 41.3926 2.15
      vertex 30.4877 41.0752 1.2
      vertex 30.4877 41.0752 2.15
    endloop
  endfacet
  facet normal -1 0 0
    outer loop
      vertex 30.4877 36.5725 1.2
      vertex 30.4877 41.0752 2.15
      vertex 30.4877 41.0752 1.2
    endloop
  endfacet
  facet normal -1 -0 0
    outer loop
      vertex 30.4877 41.0752 2.15
      vertex 30.4877 36.5725 1.2
      vertex 30.4877 36.5725 2.15
    endloop
  endfacet
  facet normal 0 -1 0
    outer loop
      vertex 30.4877 36.5725 1.2
      vertex 31.4643 36.5725 2.15
      vertex 30.4877 36.5725 2.15
    endloop
  endfacet
  facet normal 0 -1 -0
    outer loop
      vertex 31.4643 36.5725 2.15
      vertex 30.4877 36.5725 1.2
      vertex 31.4643 36.5725 1.2
    endloop
  endfacet
  facet normal 1 -0 0
    outer loop
      vertex 31.4643 36.5725 2.15
      vertex 31.4643 39.6322 1.2
      vertex 31.4643 39.6322 2.15
    endloop
  endfacet
  facet normal 1 0 0
    outer loop
      vertex 31.4643 39.6322 1.2
      vertex 31.4643 36.5725 2.15
      vertex 31.4643 36.5725 1.2
    endloop
  endfacet
  facet normal 0.356793 -0.934184 0
    outer loop
      vertex 64.4584 36.5508 1.2
      vertex 65.1402 36.8112 2.15
      vertex 64.4584 36.5508 2.15
    endloop
  endfacet
  facet normal 0.356793 -0.934184 0
    outer loop
      vertex 65.1402 36.8112 2.15
      vertex 64.4584 36.5508 1.2
      vertex 65.1402 36.8112 1.2
    endloop
  endfacet
  facet normal 0.644849 -0.76431 0
    outer loop
      vertex 65.1402 36.8112 1.2
      vertex 65.6546 37.2452 2.15
      vertex 65.1402 36.8112 2.15
    endloop
  endfacet
  facet normal 0.644849 -0.76431 0
    outer loop
      vertex 65.6546 37.2452 2.15
      vertex 65.1402 36.8112 1.2
      vertex 65.6546 37.2452 1.2
    endloop
  endfacet
  facet normal 0.868489 -0.495708 0
    outer loop
      vertex 65.6546 37.2452 2.15
      vertex 66.0014 37.8528 1.2
      vertex 66.0014 37.8528 2.15
    endloop
  endfacet
  facet normal 0.868489 -0.495708 0
    outer loop
      vertex 66.0014 37.8528 1.2
      vertex 65.6546 37.2452 2.15
      vertex 65.6546 37.2452 1.2
    endloop
  endfacet
  facet normal 0.273906 0.961756 -0
    outer loop
      vertex 66.0014 37.8528 1.2
      vertex 65.1443 38.0969 2.15
      vertex 66.0014 37.8528 2.15
    endloop
  endfacet
  facet normal 0.273906 0.961756 0
    outer loop
      vertex 65.1443 38.0969 2.15
      vertex 66.0014 37.8528 1.2
      vertex 65.1443 38.0969 1.2
    endloop
  endfacet
  facet normal -0.913489 0.406864 0
    outer loop
      vertex 65.0611 37.9101 1.2
      vertex 65.1443 38.0969 2.15
      vertex 65.1443 38.0969 1.2
    endloop
  endfacet
  facet normal -0.913489 0.406864 0
    outer loop
      vertex 65.1443 38.0969 2.15
      vertex 65.0611 37.9101 1.2
      vertex 65.0611 37.9101 2.15
    endloop
  endfacet
  facet normal -0.82994 0.557853 0
    outer loop
      vertex 64.9469 37.7402 1.2
      vertex 65.0611 37.9101 2.15
      vertex 65.0611 37.9101 1.2
    endloop
  endfacet
  facet normal -0.82994 0.557853 0
    outer loop
      vertex 65.0611 37.9101 2.15
      vertex 64.9469 37.7402 1.2
      vertex 64.9469 37.7402 2.15
    endloop
  endfacet
  facet normal -0.72584 0.687863 0
    outer loop
      vertex 64.802 37.5873 1.2
      vertex 64.9469 37.7402 2.15
      vertex 64.9469 37.7402 1.2
    endloop
  endfacet
  facet normal -0.72584 0.687863 0
    outer loop
      vertex 64.9469 37.7402 2.15
      vertex 64.802 37.5873 1.2
      vertex 64.802 37.5873 2.15
    endloop
  endfacet
  facet normal -0.611665 0.791117 0
    outer loop
      vertex 64.802 37.5873 1.2
      vertex 64.6261 37.4513 2.15
      vertex 64.802 37.5873 2.15
    endloop
  endfacet
  facet normal -0.611665 0.791117 0
    outer loop
      vertex 64.6261 37.4513 2.15
      vertex 64.802 37.5873 1.2
      vertex 64.6261 37.4513 1.2
    endloop
  endfacet
  facet normal -0.474404 0.880307 0
    outer loop
      vertex 64.6261 37.4513 1.2
      vertex 64.4192 37.3398 2.15
      vertex 64.6261 37.4513 2.15
    endloop
  endfacet
  facet normal -0.474404 0.880307 0
    outer loop
      vertex 64.4192 37.3398 2.15
      vertex 64.6261 37.4513 1.2
      vertex 64.4192 37.3398 1.2
    endloop
  endfacet
  facet normal -0.316943 0.948444 0
    outer loop
      vertex 64.4192 37.3398 1.2
      vertex 64.1807 37.2601 2.15
      vertex 64.4192 37.3398 2.15
    endloop
  endfacet
  facet normal -0.316943 0.948444 0
    outer loop
      vertex 64.1807 37.2601 2.15
      vertex 64.4192 37.3398 1.2
      vertex 64.1807 37.2601 1.2
    endloop
  endfacet
  facet normal -0.174264 0.984699 0
    outer loop
      vertex 64.1807 37.2601 1.2
      vertex 63.9106 37.2123 2.15
      vertex 64.1807 37.2601 2.15
    endloop
  endfacet
  facet normal -0.174264 0.984699 0
    outer loop
      vertex 63.9106 37.2123 2.15
      vertex 64.1807 37.2601 1.2
      vertex 63.9106 37.2123 1.2
    endloop
  endfacet
  facet normal -0.0526457 0.998613 0
    outer loop
      vertex 63.9106 37.2123 1.2
      vertex 63.609 37.1964 2.15
      vertex 63.9106 37.2123 2.15
    endloop
  endfacet
  facet normal -0.0526457 0.998613 0
    outer loop
      vertex 63.609 37.1964 2.15
      vertex 63.9106 37.2123 1.2
      vertex 63.609 37.1964 1.2
    endloop
  endfacet
  facet normal 0.0902502 0.995919 -0
    outer loop
      vertex 63.609 37.1964 1.2
      vertex 63.2316 37.2306 2.15
      vertex 63.609 37.1964 2.15
    endloop
  endfacet
  facet normal 0.0902502 0.995919 0
    outer loop
      vertex 63.2316 37.2306 2.15
      vertex 63.609 37.1964 1.2
      vertex 63.2316 37.2306 1.2
    endloop
  endfacet
  facet normal 0.297813 0.954624 -0
    outer loop
      vertex 63.2316 37.2306 1.2
      vertex 62.9024 37.3333 2.15
      vertex 63.2316 37.2306 2.15
    endloop
  endfacet
  facet normal 0.297813 0.954624 0
    outer loop
      vertex 62.9024 37.3333 2.15
      vertex 63.2316 37.2306 1.2
      vertex 62.9024 37.3333 1.2
    endloop
  endfacet
  facet normal 0.520159 0.854069 -0
    outer loop
      vertex 62.9024 37.3333 1.2
      vertex 62.6213 37.5045 2.15
      vertex 62.9024 37.3333 2.15
    endloop
  endfacet
  facet normal 0.520159 0.854069 0
    outer loop
      vertex 62.6213 37.5045 2.15
      vertex 62.9024 37.3333 1.2
      vertex 62.6213 37.5045 1.2
    endloop
  endfacet
  facet normal 0.717203 0.696865 0
    outer loop
      vertex 62.6213 37.5045 2.15
      vertex 62.3883 37.7443 1.2
      vertex 62.3883 37.7443 2.15
    endloop
  endfacet
  facet normal 0.717203 0.696865 0
    outer loop
      vertex 62.3883 37.7443 1.2
      vertex 62.6213 37.5045 2.15
      vertex 62.6213 37.5045 1.2
    endloop
  endfacet
  facet normal 0.856218 0.516615 0
    outer loop
      vertex 62.3883 37.7443 2.15
      vertex 62.2056 38.0471 1.2
      vertex 62.2056 38.0471 2.15
    endloop
  endfacet
  facet normal 0.856218 0.516615 0
    outer loop
      vertex 62.2056 38.0471 1.2
      vertex 62.3883 37.7443 2.15
      vertex 62.3883 37.7443 1.2
    endloop
  endfacet
  facet normal 0.940257 0.340465 0
    outer loop
      vertex 62.2056 38.0471 2.15
      vertex 62.0751 38.4075 1.2
      vertex 62.0751 38.4075 2.15
    endloop
  endfacet
  facet normal 0.940257 0.340465 0
    outer loop
      vertex 62.0751 38.4075 1.2
      vertex 62.2056 38.0471 2.15
      vertex 62.2056 38.0471 1.2
    endloop
  endfacet
  facet normal 0.98287 0.184303 0
    outer loop
      vertex 62.0751 38.4075 2.15
      vertex 61.9967 38.8256 1.2
      vertex 61.9967 38.8256 2.15
    endloop
  endfacet
  facet normal 0.98287 0.184303 0
    outer loop
      vertex 61.9967 38.8256 1.2
      vertex 62.0751 38.4075 2.15
      vertex 62.0751 38.4075 1.2
    endloop
  endfacet
  facet normal 0.998498 0.0547841 0
    outer loop
      vertex 61.9967 38.8256 2.15
      vertex 61.9706 39.3013 1.2
      vertex 61.9706 39.3013 2.15
    endloop
  endfacet
  facet normal 0.998498 0.0547841 0
    outer loop
      vertex 61.9706 39.3013 1.2
      vertex 61.9967 38.8256 2.15
      vertex 61.9967 38.8256 1.2
    endloop
  endfacet
  facet normal 0 -1 0
    outer loop
      vertex 61.9706 39.3013 1.2
      vertex 66.1588 39.3013 2.15
      vertex 61.9706 39.3013 2.15
    endloop
  endfacet
  facet normal 0 -1 -0
    outer loop
      vertex 66.1588 39.3013 2.15
      vertex 61.9706 39.3013 1.2
      vertex 66.1588 39.3013 1.2
    endloop
  endfacet
  facet normal 1 -0 0
    outer loop
      vertex 66.1588 39.3013 2.15
      vertex 66.1588 39.4315 1.2
      vertex 66.1588 39.4315 2.15
    endloop
  endfacet
  facet normal 1 0 0
    outer loop
      vertex 66.1588 39.4315 1.2
      vertex 66.1588 39.3013 2.15
      vertex 66.1588 39.3013 1.2
    endloop
  endfacet
  facet normal 0.993053 0.117664 0
    outer loop
      vertex 66.1588 39.4315 2.15
      vertex 65.9971 40.7962 1.2
      vertex 65.9971 40.7962 2.15
    endloop
  endfacet
  facet normal 0.993053 0.117664 0
    outer loop
      vertex 65.9971 40.7962 1.2
      vertex 66.1588 39.4315 2.15
      vertex 66.1588 39.4315 1.2
    endloop
  endfacet
  facet normal 0.895234 0.445597 0
    outer loop
      vertex 65.9971 40.7962 2.15
      vertex 65.5119 41.771 1.2
      vertex 65.5119 41.771 2.15
    endloop
  endfacet
  facet normal 0.895234 0.445597 0
    outer loop
      vertex 65.5119 41.771 1.2
      vertex 65.9971 40.7962 2.15
      vertex 65.9971 40.7962 1.2
    endloop
  endfacet
  facet normal 0.586043 0.81028 -0
    outer loop
      vertex 65.5119 41.771 1.2
      vertex 64.7032 42.3559 2.15
      vertex 65.5119 41.771 2.15
    endloop
  endfacet
  facet normal 0.586043 0.81028 0
    outer loop
      vertex 64.7032 42.3559 2.15
      vertex 65.5119 41.771 1.2
      vertex 64.7032 42.3559 1.2
    endloop
  endfacet
  facet normal 0.169647 0.985505 -0
    outer loop
      vertex 64.7032 42.3559 1.2
      vertex 63.571 42.5508 2.15
      vertex 64.7032 42.3559 2.15
    endloop
  endfacet
  facet normal 0.169647 0.985505 0
    outer loop
      vertex 63.571 42.5508 2.15
      vertex 64.7032 42.3559 1.2
      vertex 63.571 42.5508 1.2
    endloop
  endfacet
  facet normal -0.0811754 0.9967 0
    outer loop
      vertex 63.571 42.5508 1.2
      vertex 62.9755 42.5023 2.15
      vertex 63.571 42.5508 2.15
    endloop
  endfacet
  facet normal -0.0811754 0.9967 0
    outer loop
      vertex 62.9755 42.5023 2.15
      vertex 63.571 42.5508 1.2
      vertex 62.9755 42.5023 1.2
    endloop
  endfacet
  facet normal -0.267996 0.96342 0
    outer loop
      vertex 62.9755 42.5023 1.2
      vertex 62.4528 42.3569 2.15
      vertex 62.9755 42.5023 2.15
    endloop
  endfacet
  facet normal -0.267996 0.96342 0
    outer loop
      vertex 62.4528 42.3569 2.15
      vertex 62.9755 42.5023 1.2
      vertex 62.4528 42.3569 1.2
    endloop
  endfacet
  facet normal -0.474555 0.880226 0
    outer loop
      vertex 62.4528 42.3569 1.2
      vertex 62.003 42.1144 2.15
      vertex 62.4528 42.3569 2.15
    endloop
  endfacet
  facet normal -0.474555 0.880226 0
    outer loop
      vertex 62.003 42.1144 2.15
      vertex 62.4528 42.3569 1.2
      vertex 62.003 42.1144 1.2
    endloop
  endfacet
  facet normal -0.669063 0.743206 0
    outer loop
      vertex 62.003 42.1144 1.2
      vertex 61.6261 41.7751 2.15
      vertex 62.003 42.1144 2.15
    endloop
  endfacet
  facet normal -0.669063 0.743206 0
    outer loop
      vertex 61.6261 41.7751 2.15
      vertex 62.003 42.1144 1.2
      vertex 61.6261 41.7751 1.2
    endloop
  endfacet
  facet normal -0.822282 0.569081 0
    outer loop
      vertex 61.3283 41.3448 1.2
      vertex 61.6261 41.7751 2.15
      vertex 61.6261 41.7751 1.2
    endloop
  endfacet
  facet normal -0.822282 0.569081 0
    outer loop
      vertex 61.6261 41.7751 2.15
      vertex 61.3283 41.3448 1.2
      vertex 61.3283 41.3448 2.15
    endloop
  endfacet
  facet normal -0.924272 0.381733 0
    outer loop
      vertex 61.1156 40.8298 1.2
      vertex 61.3283 41.3448 2.15
      vertex 61.3283 41.3448 1.2
    endloop
  endfacet
  facet normal -0.924272 0.381733 0
    outer loop
      vertex 61.3283 41.3448 2.15
      vertex 61.1156 40.8298 1.2
      vertex 61.1156 40.8298 2.15
    endloop
  endfacet
  facet normal -0.978078 0.208237 0
    outer loop
      vertex 60.9879 40.23 1.2
      vertex 61.1156 40.8298 2.15
      vertex 61.1156 40.8298 1.2
    endloop
  endfacet
  facet normal -0.978078 0.208237 0
    outer loop
      vertex 61.1156 40.8298 2.15
      vertex 60.9879 40.23 1.2
      vertex 60.9879 40.23 2.15
    endloop
  endfacet
  facet normal -0.998079 0.0619608 0
    outer loop
      vertex 60.9454 39.5454 1.2
      vertex 60.9879 40.23 2.15
      vertex 60.9879 40.23 1.2
    endloop
  endfacet
  facet normal -0.998079 0.0619608 0
    outer loop
      vertex 60.9879 40.23 2.15
      vertex 60.9454 39.5454 1.2
      vertex 60.9454 39.5454 2.15
    endloop
  endfacet
  facet normal -0.998252 -0.0591052 0
    outer loop
      vertex 60.9879 38.8276 1.2
      vertex 60.9454 39.5454 2.15
      vertex 60.9454 39.5454 1.2
    endloop
  endfacet
  facet normal -0.998252 -0.0591052 0
    outer loop
      vertex 60.9454 39.5454 2.15
      vertex 60.9879 38.8276 1.2
      vertex 60.9879 38.8276 2.15
    endloop
  endfacet
  facet normal -0.979664 -0.200646 0
    outer loop
      vertex 61.1156 38.2041 1.2
      vertex 60.9879 38.8276 2.15
      vertex 60.9879 38.8276 1.2
    endloop
  endfacet
  facet normal -0.979664 -0.200646 0
    outer loop
      vertex 60.9879 38.8276 2.15
      vertex 61.1156 38.2041 1.2
      vertex 61.1156 38.2041 2.15
    endloop
  endfacet
  facet normal -0.927883 -0.372871 0
    outer loop
      vertex 61.3283 37.6748 1.2
      vertex 61.1156 38.2041 2.15
      vertex 61.1156 38.2041 1.2
    endloop
  endfacet
  facet normal -0.927883 -0.372871 0
    outer loop
      vertex 61.1156 38.2041 2.15
      vertex 61.3283 37.6748 1.2
      vertex 61.3283 37.6748 2.15
    endloop
  endfacet
  facet normal -0.825158 -0.564902 0
    outer loop
      vertex 61.6261 37.2398 1.2
      vertex 61.3283 37.6748 2.15
      vertex 61.3283 37.6748 1.2
    endloop
  endfacet
  facet normal -0.825158 -0.564902 0
    outer loop
      vertex 61.3283 37.6748 2.15
      vertex 61.6261 37.2398 1.2
      vertex 61.6261 37.2398 2.15
    endloop
  endfacet
  facet normal -0.666824 -0.745216 0
    outer loop
      vertex 61.6261 37.2398 1.2
      vertex 62.0054 36.9004 2.15
      vertex 61.6261 37.2398 2.15
    endloop
  endfacet
  facet normal -0.666824 -0.745216 -0
    outer loop
      vertex 62.0054 36.9004 2.15
      vertex 61.6261 37.2398 1.2
      vertex 62.0054 36.9004 1.2
    endloop
  endfacet
  facet normal -0.46866 -0.883378 0
    outer loop
      vertex 62.0054 36.9004 1.2
      vertex 62.4623 36.658 2.15
      vertex 62.0054 36.9004 2.15
    endloop
  endfacet
  facet normal -0.46866 -0.883378 -0
    outer loop
      vertex 62.4623 36.658 2.15
      vertex 62.0054 36.9004 1.2
      vertex 62.4623 36.658 1.2
    endloop
  endfacet
  facet normal -0.262613 -0.964901 0
    outer loop
      vertex 62.4623 36.658 1.2
      vertex 62.9969 36.5125 2.15
      vertex 62.4623 36.658 2.15
    endloop
  endfacet
  facet normal -0.262613 -0.964901 -0
    outer loop
      vertex 62.9969 36.5125 2.15
      vertex 62.4623 36.658 1.2
      vertex 62.9969 36.5125 1.2
    endloop
  endfacet
  facet normal -0.0789879 -0.996876 0
    outer loop
      vertex 62.9969 36.5125 1.2
      vertex 63.609 36.464 2.15
      vertex 62.9969 36.5125 2.15
    endloop
  endfacet
  facet normal -0.0789879 -0.996876 -0
    outer loop
      vertex 63.609 36.464 2.15
      vertex 62.9969 36.5125 1.2
      vertex 63.609 36.464 1.2
    endloop
  endfacet
  facet normal 0.10166 -0.994819 0
    outer loop
      vertex 63.609 36.464 1.2
      vertex 64.4584 36.5508 2.15
      vertex 63.609 36.464 2.15
    endloop
  endfacet
  facet normal 0.10166 -0.994819 0
    outer loop
      vertex 64.4584 36.5508 2.15
      vertex 63.609 36.464 1.2
      vertex 64.4584 36.5508 1.2
    endloop
  endfacet
  facet normal 0.994804 -0.10181 0
    outer loop
      vertex 61.9815 40.0499 2.15
      vertex 62.0217 40.4427 1.2
      vertex 62.0217 40.4427 2.15
    endloop
  endfacet
  facet normal 0.994804 -0.10181 0
    outer loop
      vertex 62.0217 40.4427 1.2
      vertex 61.9815 40.0499 2.15
      vertex 61.9815 40.0499 1.2
    endloop
  endfacet
  facet normal 0.96955 -0.244892 0
    outer loop
      vertex 62.0217 40.4427 2.15
      vertex 62.1097 40.7911 1.2
      vertex 62.1097 40.7911 2.15
    endloop
  endfacet
  facet normal 0.96955 -0.244892 0
    outer loop
      vertex 62.1097 40.7911 1.2
      vertex 62.0217 40.4427 2.15
      vertex 62.0217 40.4427 1.2
    endloop
  endfacet
  facet normal 0.912992 -0.407977 0
    outer loop
      vertex 62.1097 40.7911 2.15
      vertex 62.2455 41.095 1.2
      vertex 62.2455 41.095 2.15
    endloop
  endfacet
  facet normal 0.912992 -0.407977 0
    outer loop
      vertex 62.2455 41.095 1.2
      vertex 62.1097 40.7911 2.15
      vertex 62.1097 40.7911 1.2
    endloop
  endfacet
  facet normal 0.816593 -0.577214 0
    outer loop
      vertex 62.2455 41.095 2.15
      vertex 62.429 41.3546 1.2
      vertex 62.429 41.3546 2.15
    endloop
  endfacet
  facet normal 0.816593 -0.577214 0
    outer loop
      vertex 62.429 41.3546 1.2
      vertex 62.2455 41.095 2.15
      vertex 62.2455 41.095 1.2
    endloop
  endfacet
  facet normal 0.676668 -0.736288 0
    outer loop
      vertex 62.429 41.3546 1.2
      vertex 62.655 41.5623 2.15
      vertex 62.429 41.3546 2.15
    endloop
  endfacet
  facet normal 0.676668 -0.736288 0
    outer loop
      vertex 62.655 41.5623 2.15
      vertex 62.429 41.3546 1.2
      vertex 62.655 41.5623 1.2
    endloop
  endfacet
  facet normal 0.491173 -0.871062 0
    outer loop
      vertex 62.655 41.5623 1.2
      vertex 62.918 41.7106 2.15
      vertex 62.655 41.5623 2.15
    endloop
  endfacet
  facet normal 0.491173 -0.871062 0
    outer loop
      vertex 62.918 41.7106 2.15
      vertex 62.655 41.5623 1.2
      vertex 62.918 41.7106 1.2
    endloop
  endfacet
  facet normal 0.284502 -0.958675 0
    outer loop
      vertex 62.918 41.7106 1.2
      vertex 63.2179 41.7996 2.15
      vertex 62.918 41.7106 2.15
    endloop
  endfacet
  facet normal 0.284502 -0.958675 0
    outer loop
      vertex 63.2179 41.7996 2.15
      vertex 62.918 41.7106 1.2
      vertex 63.2179 41.7996 1.2
    endloop
  endfacet
  facet normal 0.0878161 -0.996137 0
    outer loop
      vertex 63.2179 41.7996 1.2
      vertex 63.5548 41.8293 2.15
      vertex 63.2179 41.7996 2.15
    endloop
  endfacet
  facet normal 0.0878161 -0.996137 0
    outer loop
      vertex 63.5548 41.8293 2.15
      vertex 63.2179 41.7996 1.2
      vertex 63.5548 41.8293 1.2
    endloop
  endfacet
  facet normal -0.0769176 -0.997037 0
    outer loop
      vertex 63.5548 41.8293 1.2
      vertex 63.8996 41.8027 2.15
      vertex 63.5548 41.8293 2.15
    endloop
  endfacet
  facet normal -0.0769176 -0.997037 -0
    outer loop
      vertex 63.8996 41.8027 2.15
      vertex 63.5548 41.8293 1.2
      vertex 63.8996 41.8027 1.2
    endloop
  endfacet
  facet normal -0.25569 -0.966759 0
    outer loop
      vertex 63.8996 41.8027 1.2
      vertex 64.2017 41.7228 2.15
      vertex 63.8996 41.8027 2.15
    endloop
  endfacet
  facet normal -0.25569 -0.966759 -0
    outer loop
      vertex 64.2017 41.7228 2.15
      vertex 63.8996 41.8027 1.2
      vertex 64.2017 41.7228 1.2
    endloop
  endfacet
  facet normal -0.456386 -0.889782 0
    outer loop
      vertex 64.2017 41.7228 1.2
      vertex 64.461 41.5898 2.15
      vertex 64.2017 41.7228 2.15
    endloop
  endfacet
  facet normal -0.456386 -0.889782 -0
    outer loop
      vertex 64.461 41.5898 2.15
      vertex 64.2017 41.7228 1.2
      vertex 64.461 41.5898 1.2
    endloop
  endfacet
  facet normal -0.651915 -0.758292 0
    outer loop
      vertex 64.461 41.5898 1.2
      vertex 64.6777 41.4035 2.15
      vertex 64.461 41.5898 2.15
    endloop
  endfacet
  facet normal -0.651915 -0.758292 -0
    outer loop
      vertex 64.6777 41.4035 2.15
      vertex 64.461 41.5898 1.2
      vertex 64.6777 41.4035 1.2
    endloop
  endfacet
  facet normal -0.811371 -0.584532 0
    outer loop
      vertex 64.8537 41.1592 1.2
      vertex 64.6777 41.4035 2.15
      vertex 64.6777 41.4035 1.2
    endloop
  endfacet
  facet normal -0.811371 -0.584532 0
    outer loop
      vertex 64.6777 41.4035 2.15
      vertex 64.8537 41.1592 1.2
      vertex 64.8537 41.1592 2.15
    endloop
  endfacet
  facet normal -0.912865 -0.408262 0
    outer loop
      vertex 64.991 40.8522 1.2
      vertex 64.8537 41.1592 2.15
      vertex 64.8537 41.1592 1.2
    endloop
  endfacet
  facet normal -0.912865 -0.408262 0
    outer loop
      vertex 64.8537 41.1592 2.15
      vertex 64.991 40.8522 1.2
      vertex 64.991 40.8522 2.15
    endloop
  endfacet
  facet normal -0.966179 -0.257874 0
    outer loop
      vertex 65.0897 40.4824 1.2
      vertex 64.991 40.8522 2.15
      vertex 64.991 40.8522 1.2
    endloop
  endfacet
  facet normal -0.966179 -0.257874 0
    outer loop
      vertex 64.991 40.8522 2.15
      vertex 65.0897 40.4824 1.2
      vertex 65.0897 40.4824 2.15
    endloop
  endfacet
  facet normal -0.990514 -0.137412 0
    outer loop
      vertex 65.1497 40.0499 1.2
      vertex 65.0897 40.4824 2.15
      vertex 65.0897 40.4824 1.2
    endloop
  endfacet
  facet normal -0.990514 -0.137412 0
    outer loop
      vertex 65.0897 40.4824 2.15
      vertex 65.1497 40.0499 1.2
      vertex 65.1497 40.0499 2.15
    endloop
  endfacet
  facet normal 0 1 -0
    outer loop
      vertex 65.1497 40.0499 1.2
      vertex 61.9815 40.0499 2.15
      vertex 65.1497 40.0499 2.15
    endloop
  endfacet
  facet normal 0 1 0
    outer loop
      vertex 61.9815 40.0499 2.15
      vertex 65.1497 40.0499 1.2
      vertex 61.9815 40.0499 1.2
    endloop
  endfacet
  facet normal 0.356747 -0.934201 0
    outer loop
      vertex 37.3158 36.5508 1.2
      vertex 37.9977 36.8112 2.15
      vertex 37.3158 36.5508 2.15
    endloop
  endfacet
  facet normal 0.356747 -0.934201 0
    outer loop
      vertex 37.9977 36.8112 2.15
      vertex 37.3158 36.5508 1.2
      vertex 37.9977 36.8112 1.2
    endloop
  endfacet
  facet normal 0.644922 -0.764248 0
    outer loop
      vertex 37.9977 36.8112 1.2
      vertex 38.512 37.2452 2.15
      vertex 37.9977 36.8112 2.15
    endloop
  endfacet
  facet normal 0.644922 -0.764248 0
    outer loop
      vertex 38.512 37.2452 2.15
      vertex 37.9977 36.8112 1.2
      vertex 38.512 37.2452 1.2
    endloop
  endfacet
  facet normal 0.868428 -0.495816 0
    outer loop
      vertex 38.512 37.2452 2.15
      vertex 38.8589 37.8528 1.2
      vertex 38.8589 37.8528 2.15
    endloop
  endfacet
  facet normal 0.868428 -0.495816 0
    outer loop
      vertex 38.8589 37.8528 1.2
      vertex 38.512 37.2452 2.15
      vertex 38.512 37.2452 1.2
    endloop
  endfacet
  facet normal 0.273906 0.961756 -0
    outer loop
      vertex 38.8589 37.8528 1.2
      vertex 38.0018 38.0969 2.15
      vertex 38.8589 37.8528 2.15
    endloop
  endfacet
  facet normal 0.273906 0.961756 0
    outer loop
      vertex 38.0018 38.0969 2.15
      vertex 38.8589 37.8528 1.2
      vertex 38.0018 38.0969 1.2
    endloop
  endfacet
  facet normal -0.913307 0.407272 0
    outer loop
      vertex 37.9185 37.9101 1.2
      vertex 38.0018 38.0969 2.15
      vertex 38.0018 38.0969 1.2
    endloop
  endfacet
  facet normal -0.913307 0.407272 0
    outer loop
      vertex 38.0018 38.0969 2.15
      vertex 37.9185 37.9101 1.2
      vertex 37.9185 37.9101 2.15
    endloop
  endfacet
  facet normal -0.830166 0.557516 0
    outer loop
      vertex 37.8044 37.7402 1.2
      vertex 37.9185 37.9101 2.15
      vertex 37.9185 37.9101 1.2
    endloop
  endfacet
  facet normal -0.830166 0.557516 0
    outer loop
      vertex 37.9185 37.9101 2.15
      vertex 37.8044 37.7402 1.2
      vertex 37.8044 37.7402 2.15
    endloop
  endfacet
  facet normal -0.725603 0.688113 0
    outer loop
      vertex 37.6594 37.5873 1.2
      vertex 37.8044 37.7402 2.15
      vertex 37.8044 37.7402 1.2
    endloop
  endfacet
  facet normal -0.725603 0.688113 0
    outer loop
      vertex 37.8044 37.7402 2.15
      vertex 37.6594 37.5873 1.2
      vertex 37.6594 37.5873 2.15
    endloop
  endfacet
  facet normal -0.611883 0.790948 0
    outer loop
      vertex 37.6594 37.5873 1.2
      vertex 37.4836 37.4513 2.15
      vertex 37.6594 37.5873 2.15
    endloop
  endfacet
  facet normal -0.611883 0.790948 0
    outer loop
      vertex 37.4836 37.4513 2.15
      vertex 37.6594 37.5873 1.2
      vertex 37.4836 37.4513 1.2
    endloop
  endfacet
  facet normal -0.474227 0.880403 0
    outer loop
      vertex 37.4836 37.4513 1.2
      vertex 37.2766 37.3398 2.15
      vertex 37.4836 37.4513 2.15
    endloop
  endfacet
  facet normal -0.474227 0.880403 0
    outer loop
      vertex 37.2766 37.3398 2.15
      vertex 37.4836 37.4513 1.2
      vertex 37.2766 37.3398 1.2
    endloop
  endfacet
  facet normal -0.316943 0.948444 0
    outer loop
      vertex 37.2766 37.3398 1.2
      vertex 37.0381 37.2601 2.15
      vertex 37.2766 37.3398 2.15
    endloop
  endfacet
  facet normal -0.316943 0.948444 0
    outer loop
      vertex 37.0381 37.2601 2.15
      vertex 37.2766 37.3398 1.2
      vertex 37.0381 37.2601 1.2
    endloop
  endfacet
  facet normal -0.174326 0.984688 0
    outer loop
      vertex 37.0381 37.2601 1.2
      vertex 36.7681 37.2123 2.15
      vertex 37.0381 37.2601 2.15
    endloop
  endfacet
  facet normal -0.174326 0.984688 0
    outer loop
      vertex 36.7681 37.2123 2.15
      vertex 37.0381 37.2601 1.2
      vertex 36.7681 37.2123 1.2
    endloop
  endfacet
  facet normal -0.0526457 0.998613 0
    outer loop
      vertex 36.7681 37.2123 1.2
      vertex 36.4665 37.1964 2.15
      vertex 36.7681 37.2123 2.15
    endloop
  endfacet
  facet normal -0.0526457 0.998613 0
    outer loop
      vertex 36.4665 37.1964 2.15
      vertex 36.7681 37.2123 1.2
      vertex 36.4665 37.1964 1.2
    endloop
  endfacet
  facet normal 0.0902502 0.995919 -0
    outer loop
      vertex 36.4665 37.1964 1.2
      vertex 36.0891 37.2306 2.15
      vertex 36.4665 37.1964 2.15
    endloop
  endfacet
  facet normal 0.0902502 0.995919 0
    outer loop
      vertex 36.0891 37.2306 2.15
      vertex 36.4665 37.1964 1.2
      vertex 36.0891 37.2306 1.2
    endloop
  endfacet
  facet normal 0.29773 0.95465 -0
    outer loop
      vertex 36.0891 37.2306 1.2
      vertex 35.7598 37.3333 2.15
      vertex 36.0891 37.2306 2.15
    endloop
  endfacet
  facet normal 0.29773 0.95465 0
    outer loop
      vertex 35.7598 37.3333 2.15
      vertex 36.0891 37.2306 1.2
      vertex 35.7598 37.3333 1.2
    endloop
  endfacet
  facet normal 0.520159 0.854069 -0
    outer loop
      vertex 35.7598 37.3333 1.2
      vertex 35.4787 37.5045 2.15
      vertex 35.7598 37.3333 2.15
    endloop
  endfacet
  facet normal 0.520159 0.854069 0
    outer loop
      vertex 35.4787 37.5045 2.15
      vertex 35.7598 37.3333 1.2
      vertex 35.4787 37.5045 1.2
    endloop
  endfacet
  facet normal 0.717203 0.696865 0
    outer loop
      vertex 35.4787 37.5045 2.15
      vertex 35.2457 37.7443 1.2
      vertex 35.2457 37.7443 2.15
    endloop
  endfacet
  facet normal 0.717203 0.696865 0
    outer loop
      vertex 35.2457 37.7443 1.2
      vertex 35.4787 37.5045 2.15
      vertex 35.4787 37.5045 1.2
    endloop
  endfacet
  facet normal 0.856218 0.516615 0
    outer loop
      vertex 35.2457 37.7443 2.15
      vertex 35.063 38.0471 1.2
      vertex 35.063 38.0471 2.15
    endloop
  endfacet
  facet normal 0.856218 0.516615 0
    outer loop
      vertex 35.063 38.0471 1.2
      vertex 35.2457 37.7443 2.15
      vertex 35.2457 37.7443 1.2
    endloop
  endfacet
  facet normal 0.940257 0.340465 0
    outer loop
      vertex 35.063 38.0471 2.15
      vertex 34.9325 38.4075 1.2
      vertex 34.9325 38.4075 2.15
    endloop
  endfacet
  facet normal 0.940257 0.340465 0
    outer loop
      vertex 34.9325 38.4075 1.2
      vertex 35.063 38.0471 2.15
      vertex 35.063 38.0471 1.2
    endloop
  endfacet
  facet normal 0.982912 0.184076 0
    outer loop
      vertex 34.9325 38.4075 2.15
      vertex 34.8542 38.8256 1.2
      vertex 34.8542 38.8256 2.15
    endloop
  endfacet
  facet normal 0.982912 0.184076 0
    outer loop
      vertex 34.8542 38.8256 1.2
      vertex 34.9325 38.4075 2.15
      vertex 34.9325 38.4075 1.2
    endloop
  endfacet
  facet normal 0.998498 0.0547841 0
    outer loop
      vertex 34.8542 38.8256 2.15
      vertex 34.8281 39.3013 1.2
      vertex 34.8281 39.3013 2.15
    endloop
  endfacet
  facet normal 0.998498 0.0547841 0
    outer loop
      vertex 34.8281 39.3013 1.2
      vertex 34.8542 38.8256 2.15
      vertex 34.8542 38.8256 1.2
    endloop
  endfacet
  facet normal 0 -1 0
    outer loop
      vertex 34.8281 39.3013 1.2
      vertex 39.0162 39.3013 2.15
      vertex 34.8281 39.3013 2.15
    endloop
  endfacet
  facet normal 0 -1 -0
    outer loop
      vertex 39.0162 39.3013 2.15
      vertex 34.8281 39.3013 1.2
      vertex 39.0162 39.3013 1.2
    endloop
  endfacet
  facet normal 1 -0 0
    outer loop
      vertex 39.0162 39.3013 2.15
      vertex 39.0162 39.4315 1.2
      vertex 39.0162 39.4315 2.15
    endloop
  endfacet
  facet normal 1 0 0
    outer loop
      vertex 39.0162 39.4315 1.2
      vertex 39.0162 39.3013 2.15
      vertex 39.0162 39.3013 1.2
    endloop
  endfacet
  facet normal 0.993053 0.117664 0
    outer loop
      vertex 39.0162 39.4315 2.15
      vertex 38.8545 40.7962 1.2
      vertex 38.8545 40.7962 2.15
    endloop
  endfacet
  facet normal 0.993053 0.117664 0
    outer loop
      vertex 38.8545 40.7962 1.2
      vertex 39.0162 39.4315 2.15
      vertex 39.0162 39.4315 1.2
    endloop
  endfacet
  facet normal 0.895234 0.445597 0
    outer loop
      vertex 38.8545 40.7962 2.15
      vertex 38.3693 41.771 1.2
      vertex 38.3693 41.771 2.15
    endloop
  endfacet
  facet normal 0.895234 0.445597 0
    outer loop
      vertex 38.3693 41.771 1.2
      vertex 38.8545 40.7962 2.15
      vertex 38.8545 40.7962 1.2
    endloop
  endfacet
  facet normal 0.586043 0.81028 -0
    outer loop
      vertex 38.3693 41.771 1.2
      vertex 37.5606 42.3559 2.15
      vertex 38.3693 41.771 2.15
    endloop
  endfacet
  facet normal 0.586043 0.81028 0
    outer loop
      vertex 37.5606 42.3559 2.15
      vertex 38.3693 41.771 1.2
      vertex 37.5606 42.3559 1.2
    endloop
  endfacet
  facet normal 0.169662 0.985502 -0
    outer loop
      vertex 37.5606 42.3559 1.2
      vertex 36.4285 42.5508 2.15
      vertex 37.5606 42.3559 2.15
    endloop
  endfacet
  facet normal 0.169662 0.985502 0
    outer loop
      vertex 36.4285 42.5508 2.15
      vertex 37.5606 42.3559 1.2
      vertex 36.4285 42.5508 1.2
    endloop
  endfacet
  facet normal -0.0811618 0.996701 0
    outer loop
      vertex 36.4285 42.5508 1.2
      vertex 35.8329 42.5023 2.15
      vertex 36.4285 42.5508 2.15
    endloop
  endfacet
  facet normal -0.0811618 0.996701 0
    outer loop
      vertex 35.8329 42.5023 2.15
      vertex 36.4285 42.5508 1.2
      vertex 35.8329 42.5023 1.2
    endloop
  endfacet
  facet normal -0.267996 0.96342 0
    outer loop
      vertex 35.8329 42.5023 1.2
      vertex 35.3102 42.3569 2.15
      vertex 35.8329 42.5023 2.15
    endloop
  endfacet
  facet normal -0.267996 0.96342 0
    outer loop
      vertex 35.3102 42.3569 2.15
      vertex 35.8329 42.5023 1.2
      vertex 35.3102 42.3569 1.2
    endloop
  endfacet
  facet normal -0.474637 0.880182 0
    outer loop
      vertex 35.3102 42.3569 1.2
      vertex 34.8605 42.1144 2.15
      vertex 35.3102 42.3569 2.15
    endloop
  endfacet
  facet normal -0.474637 0.880182 0
    outer loop
      vertex 34.8605 42.1144 2.15
      vertex 35.3102 42.3569 1.2
      vertex 34.8605 42.1144 1.2
    endloop
  endfacet
  facet normal -0.669063 0.743206 0
    outer loop
      vertex 34.8605 42.1144 1.2
      vertex 34.4836 41.7751 2.15
      vertex 34.8605 42.1144 2.15
    endloop
  endfacet
  facet normal -0.669063 0.743206 0
    outer loop
      vertex 34.4836 41.7751 2.15
      vertex 34.8605 42.1144 1.2
      vertex 34.4836 41.7751 1.2
    endloop
  endfacet
  facet normal -0.822192 0.56921 0
    outer loop
      vertex 34.1857 41.3448 1.2
      vertex 34.4836 41.7751 2.15
      vertex 34.4836 41.7751 1.2
    endloop
  endfacet
  facet normal -0.822192 0.56921 0
    outer loop
      vertex 34.4836 41.7751 2.15
      vertex 34.1857 41.3448 1.2
      vertex 34.1857 41.3448 2.15
    endloop
  endfacet
  facet normal -0.924272 0.381733 0
    outer loop
      vertex 33.973 40.8298 1.2
      vertex 34.1857 41.3448 2.15
      vertex 34.1857 41.3448 1.2
    endloop
  endfacet
  facet normal -0.924272 0.381733 0
    outer loop
      vertex 34.1857 41.3448 2.15
      vertex 33.973 40.8298 1.2
      vertex 33.973 40.8298 2.15
    endloop
  endfacet
  facet normal -0.978078 0.208237 0
    outer loop
      vertex 33.8453 40.23 1.2
      vertex 33.973 40.8298 2.15
      vertex 33.973 40.8298 1.2
    endloop
  endfacet
  facet normal -0.978078 0.208237 0
    outer loop
      vertex 33.973 40.8298 2.15
      vertex 33.8453 40.23 1.2
      vertex 33.8453 40.23 2.15
    endloop
  endfacet
  facet normal -0.998079 0.0619608 0
    outer loop
      vertex 33.8028 39.5454 1.2
      vertex 33.8453 40.23 2.15
      vertex 33.8453 40.23 1.2
    endloop
  endfacet
  facet normal -0.998079 0.0619608 0
    outer loop
      vertex 33.8453 40.23 2.15
      vertex 33.8028 39.5454 1.2
      vertex 33.8028 39.5454 2.15
    endloop
  endfacet
  facet normal -0.998252 -0.0591052 0
    outer loop
      vertex 33.8453 38.8276 1.2
      vertex 33.8028 39.5454 2.15
      vertex 33.8028 39.5454 1.2
    endloop
  endfacet
  facet normal -0.998252 -0.0591052 0
    outer loop
      vertex 33.8028 39.5454 2.15
      vertex 33.8453 38.8276 1.2
      vertex 33.8453 38.8276 2.15
    endloop
  endfacet
  facet normal -0.979664 -0.200646 0
    outer loop
      vertex 33.973 38.2041 1.2
      vertex 33.8453 38.8276 2.15
      vertex 33.8453 38.8276 1.2
    endloop
  endfacet
  facet normal -0.979664 -0.200646 0
    outer loop
      vertex 33.8453 38.8276 2.15
      vertex 33.973 38.2041 1.2
      vertex 33.973 38.2041 2.15
    endloop
  endfacet
  facet normal -0.927883 -0.372871 0
    outer loop
      vertex 34.1857 37.6748 1.2
      vertex 33.973 38.2041 2.15
      vertex 33.973 38.2041 1.2
    endloop
  endfacet
  facet normal -0.927883 -0.372871 0
    outer loop
      vertex 33.973 38.2041 2.15
      vertex 34.1857 37.6748 1.2
      vertex 34.1857 37.6748 2.15
    endloop
  endfacet
  facet normal -0.82507 -0.565031 0
    outer loop
      vertex 34.4836 37.2398 1.2
      vertex 34.1857 37.6748 2.15
      vertex 34.1857 37.6748 1.2
    endloop
  endfacet
  facet normal -0.82507 -0.565031 0
    outer loop
      vertex 34.1857 37.6748 2.15
      vertex 34.4836 37.2398 1.2
      vertex 34.4836 37.2398 2.15
    endloop
  endfacet
  facet normal -0.666824 -0.745216 0
    outer loop
      vertex 34.4836 37.2398 1.2
      vertex 34.8629 36.9004 2.15
      vertex 34.4836 37.2398 2.15
    endloop
  endfacet
  facet normal -0.666824 -0.745216 -0
    outer loop
      vertex 34.8629 36.9004 2.15
      vertex 34.4836 37.2398 1.2
      vertex 34.8629 36.9004 1.2
    endloop
  endfacet
  facet normal -0.46874 -0.883336 0
    outer loop
      vertex 34.8629 36.9004 1.2
      vertex 35.3197 36.658 2.15
      vertex 34.8629 36.9004 2.15
    endloop
  endfacet
  facet normal -0.46874 -0.883336 -0
    outer loop
      vertex 35.3197 36.658 2.15
      vertex 34.8629 36.9004 1.2
      vertex 35.3197 36.658 1.2
    endloop
  endfacet
  facet normal -0.262613 -0.964901 0
    outer loop
      vertex 35.3197 36.658 1.2
      vertex 35.8543 36.5125 2.15
      vertex 35.3197 36.658 2.15
    endloop
  endfacet
  facet normal -0.262613 -0.964901 -0
    outer loop
      vertex 35.8543 36.5125 2.15
      vertex 35.3197 36.658 1.2
      vertex 35.8543 36.5125 1.2
    endloop
  endfacet
  facet normal -0.078975 -0.996877 0
    outer loop
      vertex 35.8543 36.5125 1.2
      vertex 36.4665 36.464 2.15
      vertex 35.8543 36.5125 2.15
    endloop
  endfacet
  facet normal -0.078975 -0.996877 -0
    outer loop
      vertex 36.4665 36.464 2.15
      vertex 35.8543 36.5125 1.2
      vertex 36.4665 36.464 1.2
    endloop
  endfacet
  facet normal 0.101672 -0.994818 0
    outer loop
      vertex 36.4665 36.464 1.2
      vertex 37.3158 36.5508 2.15
      vertex 36.4665 36.464 2.15
    endloop
  endfacet
  facet normal 0.101672 -0.994818 0
    outer loop
      vertex 37.3158 36.5508 2.15
      vertex 36.4665 36.464 1.2
      vertex 37.3158 36.5508 1.2
    endloop
  endfacet
  facet normal 0.994804 -0.10181 0
    outer loop
      vertex 34.8389 40.0499 2.15
      vertex 34.8791 40.4427 1.2
      vertex 34.8791 40.4427 2.15
    endloop
  endfacet
  facet normal 0.994804 -0.10181 0
    outer loop
      vertex 34.8791 40.4427 1.2
      vertex 34.8389 40.0499 2.15
      vertex 34.8389 40.0499 1.2
    endloop
  endfacet
  facet normal 0.96955 -0.244892 0
    outer loop
      vertex 34.8791 40.4427 2.15
      vertex 34.9671 40.7911 1.2
      vertex 34.9671 40.7911 2.15
    endloop
  endfacet
  facet normal 0.96955 -0.244892 0
    outer loop
      vertex 34.9671 40.7911 1.2
      vertex 34.8791 40.4427 2.15
      vertex 34.8791 40.4427 1.2
    endloop
  endfacet
  facet normal 0.912992 -0.407977 0
    outer loop
      vertex 34.9671 40.7911 2.15
      vertex 35.1029 41.095 1.2
      vertex 35.1029 41.095 2.15
    endloop
  endfacet
  facet normal 0.912992 -0.407977 0
    outer loop
      vertex 35.1029 41.095 1.2
      vertex 34.9671 40.7911 2.15
      vertex 34.9671 40.7911 1.2
    endloop
  endfacet
  facet normal 0.816445 -0.577424 0
    outer loop
      vertex 35.1029 41.095 2.15
      vertex 35.2865 41.3546 1.2
      vertex 35.2865 41.3546 2.15
    endloop
  endfacet
  facet normal 0.816445 -0.577424 0
    outer loop
      vertex 35.2865 41.3546 1.2
      vertex 35.1029 41.095 2.15
      vertex 35.1029 41.095 1.2
    endloop
  endfacet
  facet normal 0.676668 -0.736288 0
    outer loop
      vertex 35.2865 41.3546 1.2
      vertex 35.5125 41.5623 2.15
      vertex 35.2865 41.3546 2.15
    endloop
  endfacet
  facet normal 0.676668 -0.736288 0
    outer loop
      vertex 35.5125 41.5623 2.15
      vertex 35.2865 41.3546 1.2
      vertex 35.5125 41.5623 1.2
    endloop
  endfacet
  facet normal 0.491315 -0.870982 0
    outer loop
      vertex 35.5125 41.5623 1.2
      vertex 35.7754 41.7106 2.15
      vertex 35.5125 41.5623 2.15
    endloop
  endfacet
  facet normal 0.491315 -0.870982 0
    outer loop
      vertex 35.7754 41.7106 2.15
      vertex 35.5125 41.5623 1.2
      vertex 35.7754 41.7106 1.2
    endloop
  endfacet
  facet normal 0.284502 -0.958675 0
    outer loop
      vertex 35.7754 41.7106 1.2
      vertex 36.0753 41.7996 2.15
      vertex 35.7754 41.7106 2.15
    endloop
  endfacet
  facet normal 0.284502 -0.958675 0
    outer loop
      vertex 36.0753 41.7996 2.15
      vertex 35.7754 41.7106 1.2
      vertex 36.0753 41.7996 1.2
    endloop
  endfacet
  facet normal 0.0878161 -0.996137 0
    outer loop
      vertex 36.0753 41.7996 1.2
      vertex 36.4122 41.8293 2.15
      vertex 36.0753 41.7996 2.15
    endloop
  endfacet
  facet normal 0.0878161 -0.996137 0
    outer loop
      vertex 36.4122 41.8293 2.15
      vertex 36.0753 41.7996 1.2
      vertex 36.4122 41.8293 1.2
    endloop
  endfacet
  facet normal -0.0769176 -0.997037 0
    outer loop
      vertex 36.4122 41.8293 1.2
      vertex 36.757 41.8027 2.15
      vertex 36.4122 41.8293 2.15
    endloop
  endfacet
  facet normal -0.0769176 -0.997037 -0
    outer loop
      vertex 36.757 41.8027 2.15
      vertex 36.4122 41.8293 1.2
      vertex 36.757 41.8027 1.2
    endloop
  endfacet
  facet normal -0.25569 -0.966759 0
    outer loop
      vertex 36.757 41.8027 1.2
      vertex 37.0591 41.7228 2.15
      vertex 36.757 41.8027 2.15
    endloop
  endfacet
  facet normal -0.25569 -0.966759 -0
    outer loop
      vertex 37.0591 41.7228 2.15
      vertex 36.757 41.8027 1.2
      vertex 37.0591 41.7228 1.2
    endloop
  endfacet
  facet normal -0.456247 -0.889853 0
    outer loop
      vertex 37.0591 41.7228 1.2
      vertex 37.3185 41.5898 2.15
      vertex 37.0591 41.7228 2.15
    endloop
  endfacet
  facet normal -0.456247 -0.889853 -0
    outer loop
      vertex 37.3185 41.5898 2.15
      vertex 37.0591 41.7228 1.2
      vertex 37.3185 41.5898 1.2
    endloop
  endfacet
  facet normal -0.652088 -0.758144 0
    outer loop
      vertex 37.3185 41.5898 1.2
      vertex 37.5351 41.4035 2.15
      vertex 37.3185 41.5898 2.15
    endloop
  endfacet
  facet normal -0.652088 -0.758144 -0
    outer loop
      vertex 37.5351 41.4035 2.15
      vertex 37.3185 41.5898 1.2
      vertex 37.5351 41.4035 1.2
    endloop
  endfacet
  facet normal -0.811371 -0.584532 0
    outer loop
      vertex 37.7111 41.1592 1.2
      vertex 37.5351 41.4035 2.15
      vertex 37.5351 41.4035 1.2
    endloop
  endfacet
  facet normal -0.811371 -0.584532 0
    outer loop
      vertex 37.5351 41.4035 2.15
      vertex 37.7111 41.1592 1.2
      vertex 37.7111 41.1592 2.15
    endloop
  endfacet
  facet normal -0.912865 -0.408262 0
    outer loop
      vertex 37.8484 40.8522 1.2
      vertex 37.7111 41.1592 2.15
      vertex 37.7111 41.1592 1.2
    endloop
  endfacet
  facet normal -0.912865 -0.408262 0
    outer loop
      vertex 37.7111 41.1592 2.15
      vertex 37.8484 40.8522 1.2
      vertex 37.8484 40.8522 2.15
    endloop
  endfacet
  facet normal -0.966179 -0.257874 0
    outer loop
      vertex 37.9471 40.4824 1.2
      vertex 37.8484 40.8522 2.15
      vertex 37.8484 40.8522 1.2
    endloop
  endfacet
  facet normal -0.966179 -0.257874 0
    outer loop
      vertex 37.8484 40.8522 2.15
      vertex 37.9471 40.4824 1.2
      vertex 37.9471 40.4824 2.15
    endloop
  endfacet
  facet normal -0.990514 -0.137412 0
    outer loop
      vertex 38.0071 40.0499 1.2
      vertex 37.9471 40.4824 2.15
      vertex 37.9471 40.4824 1.2
    endloop
  endfacet
  facet normal -0.990514 -0.137412 0
    outer loop
      vertex 37.9471 40.4824 2.15
      vertex 38.0071 40.0499 1.2
      vertex 38.0071 40.0499 2.15
    endloop
  endfacet
  facet normal 0 1 -0
    outer loop
      vertex 38.0071 40.0499 1.2
      vertex 34.8389 40.0499 2.15
      vertex 38.0071 40.0499 2.15
    endloop
  endfacet
  facet normal 0 1 0
    outer loop
      vertex 34.8389 40.0499 2.15
      vertex 38.0071 40.0499 1.2
      vertex 34.8389 40.0499 1.2
    endloop
  endfacet
  facet normal 0.999056 -0.0434467 0
    outer loop
      vertex 58.6069 39.6322 2.15
      vertex 58.6269 40.0921 1.2
      vertex 58.6269 40.0921 2.15
    endloop
  endfacet
  facet normal 0.999056 -0.0434467 0
    outer loop
      vertex 58.6269 40.0921 1.2
      vertex 58.6069 39.6322 2.15
      vertex 58.6069 39.6322 1.2
    endloop
  endfacet
  facet normal 0.989119 -0.147117 0
    outer loop
      vertex 58.6269 40.0921 2.15
      vertex 58.6869 40.4955 1.2
      vertex 58.6869 40.4955 2.15
    endloop
  endfacet
  facet normal 0.989119 -0.147117 0
    outer loop
      vertex 58.6869 40.4955 1.2
      vertex 58.6269 40.0921 2.15
      vertex 58.6269 40.0921 1.2
    endloop
  endfacet
  facet normal 0.960809 -0.27721 0
    outer loop
      vertex 58.6869 40.4955 2.15
      vertex 58.7869 40.8421 1.2
      vertex 58.7869 40.8421 2.15
    endloop
  endfacet
  facet normal 0.960809 -0.27721 0
    outer loop
      vertex 58.7869 40.8421 1.2
      vertex 58.6869 40.4955 2.15
      vertex 58.6869 40.4955 1.2
    endloop
  endfacet
  facet normal 0.900489 -0.434879 0
    outer loop
      vertex 58.7869 40.8421 2.15
      vertex 58.927 41.1322 1.2
      vertex 58.927 41.1322 2.15
    endloop
  endfacet
  facet normal 0.900489 -0.434879 0
    outer loop
      vertex 58.927 41.1322 1.2
      vertex 58.7869 40.8421 2.15
      vertex 58.7869 40.8421 1.2
    endloop
  endfacet
  facet normal 0.789538 -0.613702 0
    outer loop
      vertex 58.927 41.1322 2.15
      vertex 59.105 41.3612 1.2
      vertex 59.105 41.3612 2.15
    endloop
  endfacet
  facet normal 0.789538 -0.613702 0
    outer loop
      vertex 59.105 41.3612 1.2
      vertex 58.927 41.1322 2.15
      vertex 58.927 41.1322 1.2
    endloop
  endfacet
  facet normal 0.607519 -0.794305 0
    outer loop
      vertex 59.105 41.3612 1.2
      vertex 59.3189 41.5248 2.15
      vertex 59.105 41.3612 2.15
    endloop
  endfacet
  facet normal 0.607519 -0.794305 0
    outer loop
      vertex 59.3189 41.5248 2.15
      vertex 59.105 41.3612 1.2
      vertex 59.3189 41.5248 1.2
    endloop
  endfacet
  facet normal 0.365733 -0.93072 0
    outer loop
      vertex 59.3189 41.5248 1.2
      vertex 59.5688 41.623 2.15
      vertex 59.3189 41.5248 2.15
    endloop
  endfacet
  facet normal 0.365733 -0.93072 0
    outer loop
      vertex 59.5688 41.623 2.15
      vertex 59.3189 41.5248 1.2
      vertex 59.5688 41.623 1.2
    endloop
  endfacet
  facet normal 0.113674 -0.993518 0
    outer loop
      vertex 59.5688 41.623 1.2
      vertex 59.8546 41.6557 2.15
      vertex 59.5688 41.623 2.15
    endloop
  endfacet
  facet normal 0.113674 -0.993518 0
    outer loop
      vertex 59.8546 41.6557 2.15
      vertex 59.5688 41.623 1.2
      vertex 59.8546 41.6557 1.2
    endloop
  endfacet
  facet normal -0.0219869 -0.999758 0
    outer loop
      vertex 59.8546 41.6557 1.2
      vertex 60.0092 41.6523 2.15
      vertex 59.8546 41.6557 2.15
    endloop
  endfacet
  facet normal -0.0219869 -0.999758 -0
    outer loop
      vertex 60.0092 41.6523 2.15
      vertex 59.8546 41.6557 1.2
      vertex 60.0092 41.6523 1.2
    endloop
  endfacet
  facet normal -0.0735001 -0.997295 0
    outer loop
      vertex 60.0092 41.6523 1.2
      vertex 60.1476 41.6421 2.15
      vertex 60.0092 41.6523 2.15
    endloop
  endfacet
  facet normal -0.0735001 -0.997295 -0
    outer loop
      vertex 60.1476 41.6421 2.15
      vertex 60.0092 41.6523 1.2
      vertex 60.1476 41.6421 1.2
    endloop
  endfacet
  facet normal -0.137214 -0.990541 0
    outer loop
      vertex 60.1476 41.6421 1.2
      vertex 60.2696 41.6252 2.15
      vertex 60.1476 41.6421 2.15
    endloop
  endfacet
  facet normal -0.137214 -0.990541 -0
    outer loop
      vertex 60.2696 41.6252 2.15
      vertex 60.1476 41.6421 1.2
      vertex 60.2696 41.6252 1.2
    endloop
  endfacet
  facet normal -0.21859 -0.975817 0
    outer loop
      vertex 60.2696 41.6252 1.2
      vertex 60.3754 41.6015 2.15
      vertex 60.2696 41.6252 2.15
    endloop
  endfacet
  facet normal -0.21859 -0.975817 -0
    outer loop
      vertex 60.3754 41.6015 2.15
      vertex 60.2696 41.6252 1.2
      vertex 60.3754 41.6015 1.2
    endloop
  endfacet
  facet normal 1 -0 0
    outer loop
      vertex 60.3754 41.6015 2.15
      vertex 60.3754 42.4966 1.2
      vertex 60.3754 42.4966 2.15
    endloop
  endfacet
  facet normal 1 0 0
    outer loop
      vertex 60.3754 42.4966 1.2
      vertex 60.3754 41.6015 2.15
      vertex 60.3754 41.6015 1.2
    endloop
  endfacet
  facet normal 0.230612 0.973046 -0
    outer loop
      vertex 60.3754 42.4966 1.2
      vertex 60.2754 42.5203 2.15
      vertex 60.3754 42.4966 2.15
    endloop
  endfacet
  facet normal 0.230612 0.973046 0
    outer loop
      vertex 60.2754 42.5203 2.15
      vertex 60.3754 42.4966 1.2
      vertex 60.2754 42.5203 1.2
    endloop
  endfacet
  facet normal 0.167615 0.985853 -0
    outer loop
      vertex 60.2754 42.5203 1.2
      vertex 60.176 42.5372 2.15
      vertex 60.2754 42.5203 2.15
    endloop
  endfacet
  facet normal 0.167615 0.985853 0
    outer loop
      vertex 60.176 42.5372 2.15
      vertex 60.2754 42.5203 1.2
      vertex 60.176 42.5372 1.2
    endloop
  endfacet
  facet normal 0.102796 0.994702 -0
    outer loop
      vertex 60.176 42.5372 1.2
      vertex 60.0773 42.5474 2.15
      vertex 60.176 42.5372 2.15
    endloop
  endfacet
  facet normal 0.102796 0.994702 0
    outer loop
      vertex 60.0773 42.5474 2.15
      vertex 60.176 42.5372 1.2
      vertex 60.0773 42.5474 1.2
    endloop
  endfacet
  facet normal 0.0347084 0.999397 -0
    outer loop
      vertex 60.0773 42.5474 1.2
      vertex 59.9794 42.5508 2.15
      vertex 60.0773 42.5474 2.15
    endloop
  endfacet
  facet normal 0.0347084 0.999397 0
    outer loop
      vertex 59.9794 42.5508 2.15
      vertex 60.0773 42.5474 1.2
      vertex 59.9794 42.5508 1.2
    endloop
  endfacet
  facet normal -0.0661132 0.997812 0
    outer loop
      vertex 59.9794 42.5508 1.2
      vertex 59.7183 42.5335 2.15
      vertex 59.9794 42.5508 2.15
    endloop
  endfacet
  facet normal -0.0661132 0.997812 0
    outer loop
      vertex 59.7183 42.5335 2.15
      vertex 59.9794 42.5508 1.2
      vertex 59.7183 42.5335 1.2
    endloop
  endfacet
  facet normal -0.219805 0.975544 0
    outer loop
      vertex 59.7183 42.5335 1.2
      vertex 59.4884 42.4817 2.15
      vertex 59.7183 42.5335 2.15
    endloop
  endfacet
  facet normal -0.219805 0.975544 0
    outer loop
      vertex 59.4884 42.4817 2.15
      vertex 59.7183 42.5335 1.2
      vertex 59.4884 42.4817 1.2
    endloop
  endfacet
  facet normal -0.399148 0.916887 0
    outer loop
      vertex 59.4884 42.4817 1.2
      vertex 59.2897 42.3952 2.15
      vertex 59.4884 42.4817 2.15
    endloop
  endfacet
  facet normal -0.399148 0.916887 0
    outer loop
      vertex 59.2897 42.3952 2.15
      vertex 59.4884 42.4817 1.2
      vertex 59.2897 42.3952 1.2
    endloop
  endfacet
  facet normal -0.585349 0.810781 0
    outer loop
      vertex 59.2897 42.3952 1.2
      vertex 59.1221 42.2742 2.15
      vertex 59.2897 42.3952 2.15
    endloop
  endfacet
  facet normal -0.585349 0.810781 0
    outer loop
      vertex 59.1221 42.2742 2.15
      vertex 59.2897 42.3952 1.2
      vertex 59.1221 42.2742 1.2
    endloop
  endfacet
  facet normal -0.752078 0.659074 0
    outer loop
      vertex 58.9747 42.106 1.2
      vertex 59.1221 42.2742 2.15
      vertex 59.1221 42.2742 1.2
    endloop
  endfacet
  facet normal -0.752078 0.659074 0
    outer loop
      vertex 59.1221 42.2742 2.15
      vertex 58.9747 42.106 1.2
      vertex 58.9747 42.106 2.15
    endloop
  endfacet
  facet normal -0.854133 0.520054 0
    outer loop
      vertex 58.836 41.8782 1.2
      vertex 58.9747 42.106 2.15
      vertex 58.9747 42.106 1.2
    endloop
  endfacet
  facet normal -0.854133 0.520054 0
    outer loop
      vertex 58.9747 42.106 2.15
      vertex 58.836 41.8782 1.2
      vertex 58.836 41.8782 2.15
    endloop
  endfacet
  facet normal -0.911417 0.411485 0
    outer loop
      vertex 58.7062 41.5907 1.2
      vertex 58.836 41.8782 2.15
      vertex 58.836 41.8782 1.2
    endloop
  endfacet
  facet normal -0.911417 0.411485 0
    outer loop
      vertex 58.836 41.8782 2.15
      vertex 58.7062 41.5907 1.2
      vertex 58.7062 41.5907 2.15
    endloop
  endfacet
  facet normal -0.944214 0.329333 0
    outer loop
      vertex 58.5851 41.2435 1.2
      vertex 58.7062 41.5907 2.15
      vertex 58.7062 41.5907 1.2
    endloop
  endfacet
  facet normal -0.944214 0.329333 0
    outer loop
      vertex 58.7062 41.5907 2.15
      vertex 58.5851 41.2435 1.2
      vertex 58.5851 41.2435 2.15
    endloop
  endfacet
  facet normal 0 1 -0
    outer loop
      vertex 58.5851 41.2435 1.2
      vertex 58.5634 41.2435 2.15
      vertex 58.5851 41.2435 2.15
    endloop
  endfacet
  facet normal 0 1 0
    outer loop
      vertex 58.5634 41.2435 2.15
      vertex 58.5851 41.2435 1.2
      vertex 58.5634 41.2435 1.2
    endloop
  endfacet
  facet normal 0.999838 0.0179851 0
    outer loop
      vertex 58.5634 41.2435 2.15
      vertex 58.5607 41.3936 1.2
      vertex 58.5607 41.3936 2.15
    endloop
  endfacet
  facet normal 0.999838 0.0179851 0
    outer loop
      vertex 58.5607 41.3936 1.2
      vertex 58.5634 41.2435 2.15
      vertex 58.5634 41.2435 1.2
    endloop
  endfacet
  facet normal 0.999475 0.032396 0
    outer loop
      vertex 58.5607 41.3936 2.15
      vertex 58.5526 41.6435 1.2
      vertex 58.5526 41.6435 2.15
    endloop
  endfacet
  facet normal 0.999475 0.032396 0
    outer loop
      vertex 58.5526 41.6435 1.2
      vertex 58.5607 41.3936 2.15
      vertex 58.5607 41.3936 1.2
    endloop
  endfacet
  facet normal 0.999244 0.0388722 0
    outer loop
      vertex 58.5526 41.6435 2.15
      vertex 58.539 41.9931 1.2
      vertex 58.539 41.9931 2.15
    endloop
  endfacet
  facet normal 0.999244 0.0388722 0
    outer loop
      vertex 58.539 41.9931 1.2
      vertex 58.5526 41.6435 2.15
      vertex 58.5526 41.6435 1.2
    endloop
  endfacet
  facet normal 0.999116 0.0420376 0
    outer loop
      vertex 58.539 41.9931 2.15
      vertex 58.5201 42.4423 1.2
      vertex 58.5201 42.4423 2.15
    endloop
  endfacet
  facet normal 0.999116 0.0420376 0
    outer loop
      vertex 58.5201 42.4423 1.2
      vertex 58.539 41.9931 2.15
      vertex 58.539 41.9931 1.2
    endloop
  endfacet
  facet normal 0 1 -0
    outer loop
      vertex 58.5201 42.4423 1.2
      vertex 57.5978 42.4423 2.15
      vertex 58.5201 42.4423 2.15
    endloop
  endfacet
  facet normal 0 1 0
    outer loop
      vertex 57.5978 42.4423 2.15
      vertex 58.5201 42.4423 1.2
      vertex 57.5978 42.4423 1.2
    endloop
  endfacet
  facet normal -0.999249 -0.0387475 0
    outer loop
      vertex 57.612 42.0761 1.2
      vertex 57.5978 42.4423 2.15
      vertex 57.5978 42.4423 1.2
    endloop
  endfacet
  facet normal -0.999249 -0.0387475 0
    outer loop
      vertex 57.5978 42.4423 2.15
      vertex 57.612 42.0761 1.2
      vertex 57.612 42.0761 2.15
    endloop
  endfacet
  facet normal -0.999575 -0.0291388 0
    outer loop
      vertex 57.6222 41.7262 1.2
      vertex 57.612 42.0761 2.15
      vertex 57.612 42.0761 1.2
    endloop
  endfacet
  facet normal -0.999575 -0.0291388 0
    outer loop
      vertex 57.612 42.0761 2.15
      vertex 57.6222 41.7262 1.2
      vertex 57.6222 41.7262 2.15
    endloop
  endfacet
  facet normal -0.999833 -0.0182823 0
    outer loop
      vertex 57.6283 41.3926 1.2
      vertex 57.6222 41.7262 2.15
      vertex 57.6222 41.7262 1.2
    endloop
  endfacet
  facet normal -0.999833 -0.0182823 0
    outer loop
      vertex 57.6222 41.7262 2.15
      vertex 57.6283 41.3926 1.2
      vertex 57.6283 41.3926 2.15
    endloop
  endfacet
  facet normal -0.99998 -0.00630107 0
    outer loop
      vertex 57.6303 41.0752 1.2
      vertex 57.6283 41.3926 2.15
      vertex 57.6283 41.3926 1.2
    endloop
  endfacet
  facet normal -0.99998 -0.00630107 0
    outer loop
      vertex 57.6283 41.3926 2.15
      vertex 57.6303 41.0752 1.2
      vertex 57.6303 41.0752 2.15
    endloop
  endfacet
  facet normal -1 0 0
    outer loop
      vertex 57.6303 36.5725 1.2
      vertex 57.6303 41.0752 2.15
      vertex 57.6303 41.0752 1.2
    endloop
  endfacet
  facet normal -1 -0 0
    outer loop
      vertex 57.6303 41.0752 2.15
      vertex 57.6303 36.5725 1.2
      vertex 57.6303 36.5725 2.15
    endloop
  endfacet
  facet normal 0 -1 0
    outer loop
      vertex 57.6303 36.5725 1.2
      vertex 58.6069 36.5725 2.15
      vertex 57.6303 36.5725 2.15
    endloop
  endfacet
  facet normal 0 -1 -0
    outer loop
      vertex 58.6069 36.5725 2.15
      vertex 57.6303 36.5725 1.2
      vertex 58.6069 36.5725 1.2
    endloop
  endfacet
  facet normal 1 -0 0
    outer loop
      vertex 58.6069 36.5725 2.15
      vertex 58.6069 39.6322 1.2
      vertex 58.6069 39.6322 2.15
    endloop
  endfacet
  facet normal 1 0 0
    outer loop
      vertex 58.6069 39.6322 1.2
      vertex 58.6069 36.5725 2.15
      vertex 58.6069 36.5725 1.2
    endloop
  endfacet
  facet normal 0.163993 -0.986462 0
    outer loop
      vertex 41.9533 36.4815 1.2
      vertex 42.2685 36.5339 2.15
      vertex 41.9533 36.4815 2.15
    endloop
  endfacet
  facet normal 0.163993 -0.986462 0
    outer loop
      vertex 42.2685 36.5339 2.15
      vertex 41.9533 36.4815 1.2
      vertex 42.2685 36.5339 1.2
    endloop
  endfacet
  facet normal 0.289814 -0.957083 0
    outer loop
      vertex 42.2685 36.5339 1.2
      vertex 42.5568 36.6212 2.15
      vertex 42.2685 36.5339 2.15
    endloop
  endfacet
  facet normal 0.289814 -0.957083 0
    outer loop
      vertex 42.5568 36.6212 2.15
      vertex 42.2685 36.5339 1.2
      vertex 42.5568 36.6212 1.2
    endloop
  endfacet
  facet normal 0.423227 -0.906024 0
    outer loop
      vertex 42.5568 36.6212 1.2
      vertex 42.8184 36.7434 2.15
      vertex 42.5568 36.6212 2.15
    endloop
  endfacet
  facet normal 0.423227 -0.906024 0
    outer loop
      vertex 42.8184 36.7434 2.15
      vertex 42.5568 36.6212 1.2
      vertex 42.8184 36.7434 1.2
    endloop
  endfacet
  facet normal 0.563933 -0.82582 0
    outer loop
      vertex 42.8184 36.7434 1.2
      vertex 43.059 36.9077 2.15
      vertex 42.8184 36.7434 2.15
    endloop
  endfacet
  facet normal 0.563933 -0.82582 0
    outer loop
      vertex 43.059 36.9077 2.15
      vertex 42.8184 36.7434 1.2
      vertex 43.059 36.9077 1.2
    endloop
  endfacet
  facet normal 0.687673 -0.72602 0
    outer loop
      vertex 43.059 36.9077 1.2
      vertex 43.2843 37.1211 2.15
      vertex 43.059 36.9077 2.15
    endloop
  endfacet
  facet normal 0.687673 -0.72602 0
    outer loop
      vertex 43.2843 37.1211 2.15
      vertex 43.059 36.9077 1.2
      vertex 43.2843 37.1211 1.2
    endloop
  endfacet
  facet normal 0.78084 -0.624731 0
    outer loop
      vertex 43.2843 37.1211 2.15
      vertex 43.4944 37.3837 1.2
      vertex 43.4944 37.3837 2.15
    endloop
  endfacet
  facet normal 0.78084 -0.624731 0
    outer loop
      vertex 43.4944 37.3837 1.2
      vertex 43.2843 37.1211 2.15
      vertex 43.2843 37.1211 1.2
    endloop
  endfacet
  facet normal 0.84809 -0.529852 0
    outer loop
      vertex 43.4944 37.3837 2.15
      vertex 43.6892 37.6955 1.2
      vertex 43.6892 37.6955 2.15
    endloop
  endfacet
  facet normal 0.84809 -0.529852 0
    outer loop
      vertex 43.6892 37.6955 1.2
      vertex 43.4944 37.3837 2.15
      vertex 43.4944 37.3837 1.2
    endloop
  endfacet
  facet normal 0 -1 0
    outer loop
      vertex 43.6892 37.6955 1.2
      vertex 43.7216 37.6955 2.15
      vertex 43.6892 37.6955 2.15
    endloop
  endfacet
  facet normal 0 -1 -0
    outer loop
      vertex 43.7216 37.6955 2.15
      vertex 43.6892 37.6955 1.2
      vertex 43.7216 37.6955 1.2
    endloop
  endfacet
  facet normal -0.994565 -0.104119 0
    outer loop
      vertex 43.7513 37.4118 1.2
      vertex 43.7216 37.6955 2.15
      vertex 43.7216 37.6955 1.2
    endloop
  endfacet
  facet normal -0.994565 -0.104119 0
    outer loop
      vertex 43.7216 37.6955 2.15
      vertex 43.7513 37.4118 1.2
      vertex 43.7513 37.4118 2.15
    endloop
  endfacet
  facet normal -0.974059 -0.226293 0
    outer loop
      vertex 43.8078 37.1686 1.2
      vertex 43.7513 37.4118 2.15
      vertex 43.7513 37.4118 1.2
    endloop
  endfacet
  facet normal -0.974059 -0.226293 0
    outer loop
      vertex 43.7513 37.4118 2.15
      vertex 43.8078 37.1686 1.2
      vertex 43.8078 37.1686 2.15
    endloop
  endfacet
  facet normal -0.9253 -0.379236 0
    outer loop
      vertex 43.891 36.9656 1.2
      vertex 43.8078 37.1686 2.15
      vertex 43.8078 37.1686 1.2
    endloop
  endfacet
  facet normal -0.9253 -0.379236 0
    outer loop
      vertex 43.8078 37.1686 2.15
      vertex 43.891 36.9656 1.2
      vertex 43.891 36.9656 2.15
    endloop
  endfacet
  facet normal -0.828109 -0.560566 0
    outer loop
      vertex 44.001 36.8031 1.2
      vertex 43.891 36.9656 2.15
      vertex 43.891 36.9656 1.2
    endloop
  endfacet
  facet normal -0.828109 -0.560566 0
    outer loop
      vertex 43.891 36.9656 2.15
      vertex 44.001 36.8031 1.2
      vertex 44.001 36.8031 2.15
    endloop
  endfacet
  facet normal -0.659816 -0.751427 0
    outer loop
      vertex 44.001 36.8031 1.2
      vertex 44.1429 36.6785 2.15
      vertex 44.001 36.8031 2.15
    endloop
  endfacet
  facet normal -0.659816 -0.751427 -0
    outer loop
      vertex 44.1429 36.6785 2.15
      vertex 44.001 36.8031 1.2
      vertex 44.1429 36.6785 1.2
    endloop
  endfacet
  facet normal -0.445411 -0.895326 0
    outer loop
      vertex 44.1429 36.6785 1.2
      vertex 44.3218 36.5895 2.15
      vertex 44.1429 36.6785 2.15
    endloop
  endfacet
  facet normal -0.445411 -0.895326 -0
    outer loop
      vertex 44.3218 36.5895 2.15
      vertex 44.1429 36.6785 1.2
      vertex 44.3218 36.5895 1.2
    endloop
  endfacet
  facet normal -0.240206 -0.970722 0
    outer loop
      vertex 44.3218 36.5895 1.2
      vertex 44.5376 36.5361 2.15
      vertex 44.3218 36.5895 2.15
    endloop
  endfacet
  facet normal -0.240206 -0.970722 -0
    outer loop
      vertex 44.5376 36.5361 2.15
      vertex 44.3218 36.5895 1.2
      vertex 44.5376 36.5361 1.2
    endloop
  endfacet
  facet normal -0.0702375 -0.99753 0
    outer loop
      vertex 44.5376 36.5361 1.2
      vertex 44.7904 36.5183 2.15
      vertex 44.5376 36.5361 2.15
    endloop
  endfacet
  facet normal -0.0702375 -0.99753 -0
    outer loop
      vertex 44.7904 36.5183 2.15
      vertex 44.5376 36.5361 1.2
      vertex 44.7904 36.5183 1.2
    endloop
  endfacet
  facet normal 0.0281725 -0.999603 0
    outer loop
      vertex 44.7904 36.5183 1.2
      vertex 44.982 36.5237 2.15
      vertex 44.7904 36.5183 2.15
    endloop
  endfacet
  facet normal 0.0281725 -0.999603 0
    outer loop
      vertex 44.982 36.5237 2.15
      vertex 44.7904 36.5183 1.2
      vertex 44.982 36.5237 1.2
    endloop
  endfacet
  facet normal 0.0856994 -0.996321 0
    outer loop
      vertex 44.982 36.5237 1.2
      vertex 45.1715 36.54 2.15
      vertex 44.982 36.5237 2.15
    endloop
  endfacet
  facet normal 0.0856994 -0.996321 0
    outer loop
      vertex 45.1715 36.54 2.15
      vertex 44.982 36.5237 1.2
      vertex 45.1715 36.54 1.2
    endloop
  endfacet
  facet normal 0.143047 -0.989716 0
    outer loop
      vertex 45.1715 36.54 1.2
      vertex 45.359 36.5671 2.15
      vertex 45.1715 36.54 2.15
    endloop
  endfacet
  facet normal 0.143047 -0.989716 0
    outer loop
      vertex 45.359 36.5671 2.15
      vertex 45.1715 36.54 1.2
      vertex 45.359 36.5671 1.2
    endloop
  endfacet
  facet normal 0.200788 -0.979635 0
    outer loop
      vertex 45.359 36.5671 1.2
      vertex 45.5444 36.6051 2.15
      vertex 45.359 36.5671 2.15
    endloop
  endfacet
  facet normal 0.200788 -0.979635 0
    outer loop
      vertex 45.5444 36.6051 2.15
      vertex 45.359 36.5671 1.2
      vertex 45.5444 36.6051 1.2
    endloop
  endfacet
  facet normal 1 -0 0
    outer loop
      vertex 45.5444 36.6051 2.15
      vertex 45.5444 37.2127 1.2
      vertex 45.5444 37.2127 2.15
    endloop
  endfacet
  facet normal 1 0 0
    outer loop
      vertex 45.5444 37.2127 1.2
      vertex 45.5444 36.6051 2.15
      vertex 45.5444 36.6051 1.2
    endloop
  endfacet
  facet normal -0.188304 0.982111 0
    outer loop
      vertex 45.5444 37.2127 1.2
      vertex 45.4573 37.196 2.15
      vertex 45.5444 37.2127 2.15
    endloop
  endfacet
  facet normal -0.188304 0.982111 0
    outer loop
      vertex 45.4573 37.196 2.15
      vertex 45.5444 37.2127 1.2
      vertex 45.4573 37.196 1.2
    endloop
  endfacet
  facet normal -0.141758 0.989901 0
    outer loop
      vertex 45.4573 37.196 1.2
      vertex 45.3749 37.1842 2.15
      vertex 45.4573 37.196 2.15
    endloop
  endfacet
  facet normal -0.141758 0.989901 0
    outer loop
      vertex 45.3749 37.1842 2.15
      vertex 45.4573 37.196 1.2
      vertex 45.3749 37.1842 1.2
    endloop
  endfacet
  facet normal -0.0923867 0.995723 0
    outer loop
      vertex 45.3749 37.1842 1.2
      vertex 45.2973 37.177 2.15
      vertex 45.3749 37.1842 2.15
    endloop
  endfacet
  facet normal -0.0923867 0.995723 0
    outer loop
      vertex 45.2973 37.177 2.15
      vertex 45.3749 37.1842 1.2
      vertex 45.2973 37.177 1.2
    endloop
  endfacet
  facet normal -0.0315344 0.999503 0
    outer loop
      vertex 45.2973 37.177 1.2
      vertex 45.2244 37.1747 2.15
      vertex 45.2973 37.177 2.15
    endloop
  endfacet
  facet normal -0.0315344 0.999503 0
    outer loop
      vertex 45.2244 37.1747 2.15
      vertex 45.2973 37.177 1.2
      vertex 45.2244 37.1747 1.2
    endloop
  endfacet
  facet normal 0.0927326 0.995691 -0
    outer loop
      vertex 45.2244 37.1747 1.2
      vertex 45.0773 37.1884 2.15
      vertex 45.2244 37.1747 2.15
    endloop
  endfacet
  facet normal 0.0927326 0.995691 0
    outer loop
      vertex 45.0773 37.1884 2.15
      vertex 45.2244 37.1747 1.2
      vertex 45.0773 37.1884 1.2
    endloop
  endfacet
  facet normal 0.321371 0.946953 -0
    outer loop
      vertex 45.0773 37.1884 1.2
      vertex 44.9559 37.2296 2.15
      vertex 45.0773 37.1884 2.15
    endloop
  endfacet
  facet normal 0.321371 0.946953 0
    outer loop
      vertex 44.9559 37.2296 2.15
      vertex 45.0773 37.1884 1.2
      vertex 44.9559 37.2296 1.2
    endloop
  endfacet
  facet normal 0.582603 0.812757 -0
    outer loop
      vertex 44.9559 37.2296 1.2
      vertex 44.8602 37.2982 2.15
      vertex 44.9559 37.2296 2.15
    endloop
  endfacet
  facet normal 0.582603 0.812757 0
    outer loop
      vertex 44.8602 37.2982 2.15
      vertex 44.9559 37.2296 1.2
      vertex 44.8602 37.2982 1.2
    endloop
  endfacet
  facet normal 0.8091 0.587671 0
    outer loop
      vertex 44.8602 37.2982 2.15
      vertex 44.7904 37.3943 1.2
      vertex 44.7904 37.3943 2.15
    endloop
  endfacet
  facet normal 0.8091 0.587671 0
    outer loop
      vertex 44.7904 37.3943 1.2
      vertex 44.8602 37.2982 2.15
      vertex 44.8602 37.2982 1.2
    endloop
  endfacet
  facet normal 0.926965 0.375147 0
    outer loop
      vertex 44.7904 37.3943 2.15
      vertex 44.7405 37.5176 1.2
      vertex 44.7405 37.5176 2.15
    endloop
  endfacet
  facet normal 0.926965 0.375147 0
    outer loop
      vertex 44.7405 37.5176 1.2
      vertex 44.7904 37.3943 2.15
      vertex 44.7904 37.3943 1.2
    endloop
  endfacet
  facet normal 0.973008 0.230773 0
    outer loop
      vertex 44.7405 37.5176 2.15
      vertex 44.7049 37.6677 1.2
      vertex 44.7049 37.6677 2.15
    endloop
  endfacet
  facet normal 0.973008 0.230773 0
    outer loop
      vertex 44.7049 37.6677 1.2
      vertex 44.7405 37.5176 2.15
      vertex 44.7405 37.5176 1.2
    endloop
  endfacet
  facet normal 0.992821 0.11961 0
    outer loop
      vertex 44.7049 37.6677 2.15
      vertex 44.6836 37.8445 1.2
      vertex 44.6836 37.8445 2.15
    endloop
  endfacet
  facet normal 0.992821 0.11961 0
    outer loop
      vertex 44.6836 37.8445 1.2
      vertex 44.7049 37.6677 2.15
      vertex 44.7049 37.6677 1.2
    endloop
  endfacet
  facet normal 0.999375 0.0353414 0
    outer loop
      vertex 44.6836 37.8445 2.15
      vertex 44.6764 38.0481 1.2
      vertex 44.6764 38.0481 2.15
    endloop
  endfacet
  facet normal 0.999375 0.0353414 0
    outer loop
      vertex 44.6764 38.0481 1.2
      vertex 44.6836 37.8445 2.15
      vertex 44.6836 37.8445 1.2
    endloop
  endfacet
  facet normal 1 -0 0
    outer loop
      vertex 44.6764 38.0481 2.15
      vertex 44.6764 40.5762 1.2
      vertex 44.6764 40.5762 2.15
    endloop
  endfacet
  facet normal 1 0 0
    outer loop
      vertex 44.6764 40.5762 1.2
      vertex 44.6764 38.0481 2.15
      vertex 44.6764 38.0481 1.2
    endloop
  endfacet
  facet normal 0.997028 0.0770341 0
    outer loop
      vertex 44.6764 40.5762 2.15
      vertex 44.6415 41.0279 1.2
      vertex 44.6415 41.0279 2.15
    endloop
  endfacet
  facet normal 0.997028 0.0770341 0
    outer loop
      vertex 44.6415 41.0279 1.2
      vertex 44.6764 40.5762 2.15
      vertex 44.6764 40.5762 1.2
    endloop
  endfacet
  facet normal 0.966591 0.256323 0
    outer loop
      vertex 44.6415 41.0279 2.15
      vertex 44.5367 41.4231 1.2
      vertex 44.5367 41.4231 2.15
    endloop
  endfacet
  facet normal 0.966591 0.256323 0
    outer loop
      vertex 44.5367 41.4231 1.2
      vertex 44.6415 41.0279 2.15
      vertex 44.6415 41.0279 1.2
    endloop
  endfacet
  facet normal 0.888738 0.458416 0
    outer loop
      vertex 44.5367 41.4231 2.15
      vertex 44.3621 41.7616 1.2
      vertex 44.3621 41.7616 2.15
    endloop
  endfacet
  facet normal 0.888738 0.458416 0
    outer loop
      vertex 44.3621 41.7616 1.2
      vertex 44.5367 41.4231 2.15
      vertex 44.5367 41.4231 1.2
    endloop
  endfacet
  facet normal 0.755441 0.655216 0
    outer loop
      vertex 44.3621 41.7616 2.15
      vertex 44.1176 42.0435 1.2
      vertex 44.1176 42.0435 2.15
    endloop
  endfacet
  facet normal 0.755441 0.655216 0
    outer loop
      vertex 44.1176 42.0435 1.2
      vertex 44.3621 41.7616 2.15
      vertex 44.3621 41.7616 1.2
    endloop
  endfacet
  facet normal 0.577786 0.816188 -0
    outer loop
      vertex 44.1176 42.0435 1.2
      vertex 43.804 42.2655 2.15
      vertex 44.1176 42.0435 2.15
    endloop
  endfacet
  facet normal 0.577786 0.816188 0
    outer loop
      vertex 43.804 42.2655 2.15
      vertex 44.1176 42.0435 1.2
      vertex 43.804 42.2655 1.2
    endloop
  endfacet
  facet normal 0.383156 0.923684 -0
    outer loop
      vertex 43.804 42.2655 1.2
      vertex 43.4219 42.424 2.15
      vertex 43.804 42.2655 2.15
    endloop
  endfacet
  facet normal 0.383156 0.923684 0
    outer loop
      vertex 43.4219 42.424 2.15
      vertex 43.804 42.2655 1.2
      vertex 43.4219 42.424 1.2
    endloop
  endfacet
  facet normal 0.206503 0.978446 -0
    outer loop
      vertex 43.4219 42.424 1.2
      vertex 42.9713 42.5191 2.15
      vertex 43.4219 42.424 2.15
    endloop
  endfacet
  facet normal 0.206503 0.978446 0
    outer loop
      vertex 42.9713 42.5191 2.15
      vertex 43.4219 42.424 1.2
      vertex 42.9713 42.5191 1.2
    endloop
  endfacet
  facet normal 0.0609537 0.998141 -0
    outer loop
      vertex 42.9713 42.5191 1.2
      vertex 42.4522 42.5508 2.15
      vertex 42.9713 42.5191 2.15
    endloop
  endfacet
  facet normal 0.0609537 0.998141 0
    outer loop
      vertex 42.4522 42.5508 2.15
      vertex 42.9713 42.5191 1.2
      vertex 42.4522 42.5508 1.2
    endloop
  endfacet
  facet normal -0.105127 0.994459 0
    outer loop
      vertex 42.4522 42.5508 1.2
      vertex 41.5157 42.4518 2.15
      vertex 42.4522 42.5508 2.15
    endloop
  endfacet
  facet normal -0.105127 0.994459 0
    outer loop
      vertex 41.5157 42.4518 2.15
      vertex 42.4522 42.5508 1.2
      vertex 41.5157 42.4518 1.2
    endloop
  endfacet
  facet normal -0.388466 0.921463 0
    outer loop
      vertex 41.5157 42.4518 1.2
      vertex 40.8112 42.1548 2.15
      vertex 41.5157 42.4518 2.15
    endloop
  endfacet
  facet normal -0.388466 0.921463 0
    outer loop
      vertex 40.8112 42.1548 2.15
      vertex 41.5157 42.4518 1.2
      vertex 40.8112 42.1548 1.2
    endloop
  endfacet
  facet normal -0.72321 0.690629 0
    outer loop
      vertex 40.3385 41.6598 1.2
      vertex 40.8112 42.1548 2.15
      vertex 40.8112 42.1548 1.2
    endloop
  endfacet
  facet normal -0.72321 0.690629 0
    outer loop
      vertex 40.8112 42.1548 2.15
      vertex 40.3385 41.6598 1.2
      vertex 40.3385 41.6598 2.15
    endloop
  endfacet
  facet normal -0.944657 0.328061 0
    outer loop
      vertex 40.0978 40.9667 1.2
      vertex 40.3385 41.6598 2.15
      vertex 40.3385 41.6598 1.2
    endloop
  endfacet
  facet normal -0.944657 0.328061 0
    outer loop
      vertex 40.3385 41.6598 2.15
      vertex 40.0978 40.9667 1.2
      vertex 40.0978 40.9667 2.15
    endloop
  endfacet
  facet normal -0.0900426 -0.995938 0
    outer loop
      vertex 40.0978 40.9667 1.2
      vertex 41.1176 40.8745 2.15
      vertex 40.0978 40.9667 2.15
    endloop
  endfacet
  facet normal -0.0900426 -0.995938 -0
    outer loop
      vertex 41.1176 40.8745 2.15
      vertex 40.0978 40.9667 1.2
      vertex 41.1176 40.8745 1.2
    endloop
  endfacet
  facet normal 0.981157 -0.193212 0
    outer loop
      vertex 41.1176 40.8745 2.15
      vertex 41.1624 41.102 1.2
      vertex 41.1624 41.102 2.15
    endloop
  endfacet
  facet normal 0.981157 -0.193212 0
    outer loop
      vertex 41.1624 41.102 1.2
      vertex 41.1176 40.8745 2.15
      vertex 41.1176 40.8745 1.2
    endloop
  endfacet
  facet normal 0.933556 -0.358432 0
    outer loop
      vertex 41.1624 41.102 2.15
      vertex 41.237 41.2963 1.2
      vertex 41.237 41.2963 2.15
    endloop
  endfacet
  facet normal 0.933556 -0.358432 0
    outer loop
      vertex 41.237 41.2963 1.2
      vertex 41.1624 41.102 2.15
      vertex 41.1624 41.102 1.2
    endloop
  endfacet
  facet normal 0.839038 -0.544072 0
    outer loop
      vertex 41.237 41.2963 2.15
      vertex 41.3414 41.4573 1.2
      vertex 41.3414 41.4573 2.15
    endloop
  endfacet
  facet normal 0.839038 -0.544072 0
    outer loop
      vertex 41.3414 41.4573 1.2
      vertex 41.237 41.2963 2.15
      vertex 41.237 41.2963 1.2
    endloop
  endfacet
  facet normal 0.689359 -0.72442 0
    outer loop
      vertex 41.3414 41.4573 1.2
      vertex 41.4757 41.5851 2.15
      vertex 41.3414 41.4573 2.15
    endloop
  endfacet
  facet normal 0.689359 -0.72442 0
    outer loop
      vertex 41.4757 41.5851 2.15
      vertex 41.3414 41.4573 1.2
      vertex 41.4757 41.5851 1.2
    endloop
  endfacet
  facet normal 0.493626 -0.869674 0
    outer loop
      vertex 41.4757 41.5851 1.2
      vertex 41.6473 41.6825 2.15
      vertex 41.4757 41.5851 2.15
    endloop
  endfacet
  facet normal 0.493626 -0.869674 0
    outer loop
      vertex 41.6473 41.6825 2.15
      vertex 41.4757 41.5851 1.2
      vertex 41.6473 41.6825 1.2
    endloop
  endfacet
  facet normal 0.305909 -0.952061 0
    outer loop
      vertex 41.6473 41.6825 1.2
      vertex 41.8636 41.752 2.15
      vertex 41.6473 41.6825 2.15
    endloop
  endfacet
  facet normal 0.305909 -0.952061 0
    outer loop
      vertex 41.8636 41.752 2.15
      vertex 41.6473 41.6825 1.2
      vertex 41.8636 41.752 1.2
    endloop
  endfacet
  facet normal 0.15771 -0.987485 0
    outer loop
      vertex 41.8636 41.752 1.2
      vertex 42.1247 41.7937 2.15
      vertex 41.8636 41.752 2.15
    endloop
  endfacet
  facet normal 0.15771 -0.987485 0
    outer loop
      vertex 42.1247 41.7937 2.15
      vertex 41.8636 41.752 1.2
      vertex 42.1247 41.7937 1.2
    endloop
  endfacet
  facet normal 0.0454077 -0.998969 0
    outer loop
      vertex 42.1247 41.7937 1.2
      vertex 42.4305 41.8076 2.15
      vertex 42.1247 41.7937 2.15
    endloop
  endfacet
  facet normal 0.0454077 -0.998969 0
    outer loop
      vertex 42.4305 41.8076 2.15
      vertex 42.1247 41.7937 1.2
      vertex 42.4305 41.8076 1.2
    endloop
  endfacet
  facet normal -0.0634008 -0.997988 0
    outer loop
      vertex 42.4305 41.8076 1.2
      vertex 42.7343 41.7883 2.15
      vertex 42.4305 41.8076 2.15
    endloop
  endfacet
  facet normal -0.0634008 -0.997988 -0
    outer loop
      vertex 42.7343 41.7883 2.15
      vertex 42.4305 41.8076 1.2
      vertex 42.7343 41.7883 1.2
    endloop
  endfacet
  facet normal -0.217407 -0.976081 0
    outer loop
      vertex 42.7343 41.7883 1.2
      vertex 42.9947 41.7303 2.15
      vertex 42.7343 41.7883 2.15
    endloop
  endfacet
  facet normal -0.217407 -0.976081 -0
    outer loop
      vertex 42.9947 41.7303 2.15
      vertex 42.7343 41.7883 1.2
      vertex 42.9947 41.7303 1.2
    endloop
  endfacet
  facet normal -0.407037 -0.913412 0
    outer loop
      vertex 42.9947 41.7303 1.2
      vertex 43.2117 41.6336 2.15
      vertex 42.9947 41.7303 2.15
    endloop
  endfacet
  facet normal -0.407037 -0.913412 -0
    outer loop
      vertex 43.2117 41.6336 2.15
      vertex 42.9947 41.7303 1.2
      vertex 43.2117 41.6336 1.2
    endloop
  endfacet
  facet normal -0.614727 -0.78874 0
    outer loop
      vertex 43.2117 41.6336 1.2
      vertex 43.3853 41.4983 2.15
      vertex 43.2117 41.6336 2.15
    endloop
  endfacet
  facet normal -0.614727 -0.78874 -0
    outer loop
      vertex 43.3853 41.4983 2.15
      vertex 43.2117 41.6336 1.2
      vertex 43.3853 41.4983 1.2
    endloop
  endfacet
  facet normal -0.804483 -0.593976 0
    outer loop
      vertex 43.5182 41.3183 1.2
      vertex 43.3853 41.4983 2.15
      vertex 43.3853 41.4983 1.2
    endloop
  endfacet
  facet normal -0.804483 -0.593976 0
    outer loop
      vertex 43.3853 41.4983 2.15
      vertex 43.5182 41.3183 1.2
      vertex 43.5182 41.3183 2.15
    endloop
  endfacet
  facet normal -0.924786 -0.380488 0
    outer loop
      vertex 43.6132 41.0874 1.2
      vertex 43.5182 41.3183 2.15
      vertex 43.5182 41.3183 1.2
    endloop
  endfacet
  facet normal -0.924786 -0.380488 0
    outer loop
      vertex 43.5182 41.3183 2.15
      vertex 43.6132 41.0874 1.2
      vertex 43.6132 41.0874 2.15
    endloop
  endfacet
  facet normal -0.980137 -0.198324 0
    outer loop
      vertex 43.6702 40.8057 1.2
      vertex 43.6132 41.0874 2.15
      vertex 43.6132 41.0874 1.2
    endloop
  endfacet
  facet normal -0.980137 -0.198324 0
    outer loop
      vertex 43.6132 41.0874 2.15
      vertex 43.6702 40.8057 1.2
      vertex 43.6702 40.8057 2.15
    endloop
  endfacet
  facet normal -0.998372 -0.0570327 0
    outer loop
      vertex 43.6892 40.4731 1.2
      vertex 43.6702 40.8057 2.15
      vertex 43.6702 40.8057 1.2
    endloop
  endfacet
  facet normal -0.998372 -0.0570327 0
    outer loop
      vertex 43.6702 40.8057 2.15
      vertex 43.6892 40.4731 1.2
      vertex 43.6892 40.4731 2.15
    endloop
  endfacet
  facet normal -1 0 0
    outer loop
      vertex 43.6892 40.153 1.2
      vertex 43.6892 40.4731 2.15
      vertex 43.6892 40.4731 1.2
    endloop
  endfacet
  facet normal -1 -0 0
    outer loop
      vertex 43.6892 40.4731 2.15
      vertex 43.6892 40.153 1.2
      vertex 43.6892 40.153 2.15
    endloop
  endfacet
  facet normal -0.0164571 0.999865 0
    outer loop
      vertex 43.6892 40.153 1.2
      vertex 42.3708 40.1313 2.15
      vertex 43.6892 40.153 2.15
    endloop
  endfacet
  facet normal -0.0164571 0.999865 0
    outer loop
      vertex 42.3708 40.1313 2.15
      vertex 43.6892 40.153 1.2
      vertex 42.3708 40.1313 1.2
    endloop
  endfacet
  facet normal -0.0719201 0.99741 0
    outer loop
      vertex 42.3708 40.1313 1.2
      vertex 41.7495 40.0865 2.15
      vertex 42.3708 40.1313 2.15
    endloop
  endfacet
  facet normal -0.0719201 0.99741 0
    outer loop
      vertex 41.7495 40.0865 2.15
      vertex 42.3708 40.1313 1.2
      vertex 41.7495 40.0865 1.2
    endloop
  endfacet
  facet normal -0.188655 0.982043 0
    outer loop
      vertex 41.7495 40.0865 1.2
      vertex 41.2201 39.9848 2.15
      vertex 41.7495 40.0865 2.15
    endloop
  endfacet
  facet normal -0.188655 0.982043 0
    outer loop
      vertex 41.2201 39.9848 2.15
      vertex 41.7495 40.0865 1.2
      vertex 41.2201 39.9848 1.2
    endloop
  endfacet
  facet normal -0.340932 0.940088 0
    outer loop
      vertex 41.2201 39.9848 1.2
      vertex 40.7825 39.8261 2.15
      vertex 41.2201 39.9848 2.15
    endloop
  endfacet
  facet normal -0.340932 0.940088 0
    outer loop
      vertex 40.7825 39.8261 2.15
      vertex 41.2201 39.9848 1.2
      vertex 40.7825 39.8261 1.2
    endloop
  endfacet
  facet normal -0.529182 0.848508 0
    outer loop
      vertex 40.7825 39.8261 1.2
      vertex 40.4368 39.6105 2.15
      vertex 40.7825 39.8261 2.15
    endloop
  endfacet
  facet normal -0.529182 0.848508 0
    outer loop
      vertex 40.4368 39.6105 2.15
      vertex 40.7825 39.8261 1.2
      vertex 40.4368 39.6105 1.2
    endloop
  endfacet
  facet normal -0.718166 0.695872 0
    outer loop
      vertex 40.1746 39.3399 1.2
      vertex 40.4368 39.6105 2.15
      vertex 40.4368 39.6105 1.2
    endloop
  endfacet
  facet normal -0.718166 0.695872 0
    outer loop
      vertex 40.4368 39.6105 2.15
      vertex 40.1746 39.3399 1.2
      vertex 40.1746 39.3399 2.15
    endloop
  endfacet
  facet normal -0.865347 0.501173 0
    outer loop
      vertex 39.9873 39.0165 1.2
      vertex 40.1746 39.3399 2.15
      vertex 40.1746 39.3399 1.2
    endloop
  endfacet
  facet normal -0.865347 0.501173 0
    outer loop
      vertex 40.1746 39.3399 2.15
      vertex 39.9873 39.0165 1.2
      vertex 39.9873 39.0165 2.15
    endloop
  endfacet
  facet normal -0.95819 0.286133 0
    outer loop
      vertex 39.8749 38.6401 1.2
      vertex 39.9873 39.0165 2.15
      vertex 39.9873 39.0165 1.2
    endloop
  endfacet
  facet normal -0.95819 0.286133 0
    outer loop
      vertex 39.9873 39.0165 2.15
      vertex 39.8749 38.6401 1.2
      vertex 39.8749 38.6401 2.15
    endloop
  endfacet
  facet normal -0.996207 0.0870201 0
    outer loop
      vertex 39.8374 38.2108 1.2
      vertex 39.8749 38.6401 2.15
      vertex 39.8749 38.6401 1.2
    endloop
  endfacet
  facet normal -0.996207 0.0870201 0
    outer loop
      vertex 39.8749 38.6401 2.15
      vertex 39.8374 38.2108 1.2
      vertex 39.8374 38.2108 2.15
    endloop
  endfacet
  facet normal -0.997405 -0.0720017 0
    outer loop
      vertex 39.8652 37.8257 1.2
      vertex 39.8374 38.2108 2.15
      vertex 39.8374 38.2108 1.2
    endloop
  endfacet
  facet normal -0.997405 -0.0720017 0
    outer loop
      vertex 39.8374 38.2108 2.15
      vertex 39.8652 37.8257 1.2
      vertex 39.8652 37.8257 2.15
    endloop
  endfacet
  facet normal -0.971498 -0.237048 0
    outer loop
      vertex 39.9486 37.4839 1.2
      vertex 39.8652 37.8257 2.15
      vertex 39.8652 37.8257 1.2
    endloop
  endfacet
  facet normal -0.971498 -0.237048 0
    outer loop
      vertex 39.8652 37.8257 2.15
      vertex 39.9486 37.4839 1.2
      vertex 39.9486 37.4839 2.15
    endloop
  endfacet
  facet normal -0.906424 -0.42237 0
    outer loop
      vertex 40.0876 37.1856 1.2
      vertex 39.9486 37.4839 2.15
      vertex 39.9486 37.4839 1.2
    endloop
  endfacet
  facet normal -0.906424 -0.42237 0
    outer loop
      vertex 39.9486 37.4839 2.15
      vertex 40.0876 37.1856 1.2
      vertex 40.0876 37.1856 2.15
    endloop
  endfacet
  facet normal -0.794959 -0.606663 0
    outer loop
      vertex 40.2822 36.9306 1.2
      vertex 40.0876 37.1856 2.15
      vertex 40.0876 37.1856 1.2
    endloop
  endfacet
  facet normal -0.794959 -0.606663 0
    outer loop
      vertex 40.0876 37.1856 2.15
      vertex 40.2822 36.9306 1.2
      vertex 40.2822 36.9306 2.15
    endloop
  endfacet
  facet normal -0.632562 -0.774509 0
    outer loop
      vertex 40.2822 36.9306 1.2
      vertex 40.5321 36.7265 2.15
      vertex 40.2822 36.9306 2.15
    endloop
  endfacet
  facet normal -0.632562 -0.774509 -0
    outer loop
      vertex 40.5321 36.7265 2.15
      vertex 40.2822 36.9306 1.2
      vertex 40.5321 36.7265 1.2
    endloop
  endfacet
  facet normal -0.431518 -0.902104 0
    outer loop
      vertex 40.5321 36.7265 1.2
      vertex 40.8369 36.5807 2.15
      vertex 40.5321 36.7265 2.15
    endloop
  endfacet
  facet normal -0.431518 -0.902104 -0
    outer loop
      vertex 40.8369 36.5807 2.15
      vertex 40.5321 36.7265 1.2
      vertex 40.8369 36.5807 1.2
    endloop
  endfacet
  facet normal -0.236303 -0.971679 0
    outer loop
      vertex 40.8369 36.5807 1.2
      vertex 41.1967 36.4932 2.15
      vertex 40.8369 36.5807 2.15
    endloop
  endfacet
  facet normal -0.236303 -0.971679 -0
    outer loop
      vertex 41.1967 36.4932 2.15
      vertex 40.8369 36.5807 1.2
      vertex 41.1967 36.4932 1.2
    endloop
  endfacet
  facet normal -0.0702553 -0.997529 0
    outer loop
      vertex 41.1967 36.4932 1.2
      vertex 41.6113 36.464 2.15
      vertex 41.1967 36.4932 2.15
    endloop
  endfacet
  facet normal -0.0702553 -0.997529 -0
    outer loop
      vertex 41.6113 36.464 2.15
      vertex 41.1967 36.4932 1.2
      vertex 41.6113 36.464 1.2
    endloop
  endfacet
  facet normal 0.0511027 -0.998693 0
    outer loop
      vertex 41.6113 36.464 1.2
      vertex 41.9533 36.4815 2.15
      vertex 41.6113 36.464 2.15
    endloop
  endfacet
  facet normal 0.0511027 -0.998693 0
    outer loop
      vertex 41.9533 36.4815 2.15
      vertex 41.6113 36.464 1.2
      vertex 41.9533 36.4815 1.2
    endloop
  endfacet
  facet normal 0.239875 0.970804 -0
    outer loop
      vertex 41.6088 37.2126 1.2
      vertex 41.4113 37.2614 2.15
      vertex 41.6088 37.2126 2.15
    endloop
  endfacet
  facet normal 0.239875 0.970804 0
    outer loop
      vertex 41.4113 37.2614 2.15
      vertex 41.6088 37.2126 1.2
      vertex 41.4113 37.2614 1.2
    endloop
  endfacet
  facet normal 0.431868 0.901937 -0
    outer loop
      vertex 41.4113 37.2614 1.2
      vertex 41.2413 37.3428 2.15
      vertex 41.4113 37.2614 2.15
    endloop
  endfacet
  facet normal 0.431868 0.901937 0
    outer loop
      vertex 41.2413 37.3428 2.15
      vertex 41.4113 37.2614 1.2
      vertex 41.2413 37.3428 1.2
    endloop
  endfacet
  facet normal 0.624093 0.78135 -0
    outer loop
      vertex 41.2413 37.3428 1.2
      vertex 41.0987 37.4567 2.15
      vertex 41.2413 37.3428 2.15
    endloop
  endfacet
  facet normal 0.624093 0.78135 0
    outer loop
      vertex 41.0987 37.4567 2.15
      vertex 41.2413 37.3428 1.2
      vertex 41.0987 37.4567 1.2
    endloop
  endfacet
  facet normal 0.786812 0.617193 0
    outer loop
      vertex 41.0987 37.4567 2.15
      vertex 40.9859 37.6005 1.2
      vertex 40.9859 37.6005 2.15
    endloop
  endfacet
  facet normal 0.786812 0.617193 0
    outer loop
      vertex 40.9859 37.6005 1.2
      vertex 41.0987 37.4567 2.15
      vertex 41.0987 37.4567 1.2
    endloop
  endfacet
  facet normal 0.904663 0.426128 0
    outer loop
      vertex 40.9859 37.6005 2.15
      vertex 40.9054 37.7714 1.2
      vertex 40.9054 37.7714 2.15
    endloop
  endfacet
  facet normal 0.904663 0.426128 0
    outer loop
      vertex 40.9054 37.7714 1.2
      vertex 40.9859 37.6005 2.15
      vertex 40.9859 37.6005 1.2
    endloop
  endfacet
  facet normal 0.971512 0.23699 0
    outer loop
      vertex 40.9054 37.7714 2.15
      vertex 40.8571 37.9694 1.2
      vertex 40.8571 37.9694 2.15
    endloop
  endfacet
  facet normal 0.971512 0.23699 0
    outer loop
      vertex 40.8571 37.9694 1.2
      vertex 40.9054 37.7714 2.15
      vertex 40.9054 37.7714 1.2
    endloop
  endfacet
  facet normal 0.997454 0.07131 0
    outer loop
      vertex 40.8571 37.9694 2.15
      vertex 40.841 38.1946 1.2
      vertex 40.841 38.1946 2.15
    endloop
  endfacet
  facet normal 0.997454 0.07131 0
    outer loop
      vertex 40.841 38.1946 1.2
      vertex 40.8571 37.9694 2.15
      vertex 40.8571 37.9694 1.2
    endloop
  endfacet
  facet normal 0.998386 -0.0567916 0
    outer loop
      vertex 40.841 38.1946 2.15
      vertex 40.8529 38.4038 1.2
      vertex 40.8529 38.4038 2.15
    endloop
  endfacet
  facet normal 0.998386 -0.0567916 0
    outer loop
      vertex 40.8529 38.4038 1.2
      vertex 40.841 38.1946 2.15
      vertex 40.841 38.1946 1.2
    endloop
  endfacet
  facet normal 0.982575 -0.185864 0
    outer loop
      vertex 40.8529 38.4038 2.15
      vertex 40.8885 38.592 1.2
      vertex 40.8885 38.592 2.15
    endloop
  endfacet
  facet normal 0.982575 -0.185864 0
    outer loop
      vertex 40.8885 38.592 1.2
      vertex 40.8529 38.4038 2.15
      vertex 40.8529 38.4038 1.2
    endloop
  endfacet
  facet normal 0.942416 -0.334442 0
    outer loop
      vertex 40.8885 38.592 2.15
      vertex 40.9478 38.7591 1.2
      vertex 40.9478 38.7591 2.15
    endloop
  endfacet
  facet normal 0.942416 -0.334442 0
    outer loop
      vertex 40.9478 38.7591 1.2
      vertex 40.8885 38.592 2.15
      vertex 40.8885 38.592 1.2
    endloop
  endfacet
  facet normal 0.869486 -0.493958 0
    outer loop
      vertex 40.9478 38.7591 2.15
      vertex 41.0308 38.9052 1.2
      vertex 41.0308 38.9052 2.15
    endloop
  endfacet
  facet normal 0.869486 -0.493958 0
    outer loop
      vertex 41.0308 38.9052 1.2
      vertex 40.9478 38.7591 2.15
      vertex 40.9478 38.7591 1.2
    endloop
  endfacet
  facet normal 0.769314 -0.638871 0
    outer loop
      vertex 41.0308 38.9052 2.15
      vertex 41.1361 39.032 1.2
      vertex 41.1361 39.032 2.15
    endloop
  endfacet
  facet normal 0.769314 -0.638871 0
    outer loop
      vertex 41.1361 39.032 1.2
      vertex 41.0308 38.9052 2.15
      vertex 41.0308 38.9052 1.2
    endloop
  endfacet
  facet normal 0.654931 -0.755689 0
    outer loop
      vertex 41.1361 39.032 1.2
      vertex 41.2621 39.1412 2.15
      vertex 41.1361 39.032 2.15
    endloop
  endfacet
  facet normal 0.654931 -0.755689 0
    outer loop
      vertex 41.2621 39.1412 2.15
      vertex 41.1361 39.032 1.2
      vertex 41.2621 39.1412 1.2
    endloop
  endfacet
  facet normal 0.529895 -0.848063 0
    outer loop
      vertex 41.2621 39.1412 1.2
      vertex 41.4087 39.2328 2.15
      vertex 41.2621 39.1412 2.15
    endloop
  endfacet
  facet normal 0.529895 -0.848063 0
    outer loop
      vertex 41.4087 39.2328 2.15
      vertex 41.2621 39.1412 1.2
      vertex 41.4087 39.2328 1.2
    endloop
  endfacet
  facet normal 0.404057 -0.914734 0
    outer loop
      vertex 41.4087 39.2328 1.2
      vertex 41.576 39.3067 2.15
      vertex 41.4087 39.2328 2.15
    endloop
  endfacet
  facet normal 0.404057 -0.914734 0
    outer loop
      vertex 41.576 39.3067 2.15
      vertex 41.4087 39.2328 1.2
      vertex 41.576 39.3067 1.2
    endloop
  endfacet
  facet normal 0.278551 -0.960421 0
    outer loop
      vertex 41.576 39.3067 1.2
      vertex 41.7746 39.3643 2.15
      vertex 41.576 39.3067 2.15
    endloop
  endfacet
  facet normal 0.278551 -0.960421 0
    outer loop
      vertex 41.7746 39.3643 2.15
      vertex 41.576 39.3067 1.2
      vertex 41.7746 39.3643 1.2
    endloop
  endfacet
  facet normal 0.175422 -0.984493 0
    outer loop
      vertex 41.7746 39.3643 1.2
      vertex 42.0148 39.4071 2.15
      vertex 41.7746 39.3643 2.15
    endloop
  endfacet
  facet normal 0.175422 -0.984493 0
    outer loop
      vertex 42.0148 39.4071 2.15
      vertex 41.7746 39.3643 1.2
      vertex 42.0148 39.4071 1.2
    endloop
  endfacet
  facet normal 0.098106 -0.995176 0
    outer loop
      vertex 42.0148 39.4071 1.2
      vertex 42.2968 39.4349 2.15
      vertex 42.0148 39.4071 2.15
    endloop
  endfacet
  facet normal 0.098106 -0.995176 0
    outer loop
      vertex 42.2968 39.4349 2.15
      vertex 42.0148 39.4071 1.2
      vertex 42.2968 39.4349 1.2
    endloop
  endfacet
  facet normal 0.0398324 -0.999206 0
    outer loop
      vertex 42.2968 39.4349 1.2
      vertex 42.6204 39.4478 2.15
      vertex 42.2968 39.4349 2.15
    endloop
  endfacet
  facet normal 0.0398324 -0.999206 0
    outer loop
      vertex 42.6204 39.4478 2.15
      vertex 42.2968 39.4349 1.2
      vertex 42.6204 39.4478 1.2
    endloop
  endfacet
  facet normal 0.020299 -0.999794 0
    outer loop
      vertex 42.6204 39.4478 1.2
      vertex 43.6892 39.4695 2.15
      vertex 42.6204 39.4478 2.15
    endloop
  endfacet
  facet normal 0.020299 -0.999794 0
    outer loop
      vertex 43.6892 39.4695 2.15
      vertex 42.6204 39.4478 1.2
      vertex 43.6892 39.4695 1.2
    endloop
  endfacet
  facet normal -1 0 0
    outer loop
      vertex 43.6892 38.9867 1.2
      vertex 43.6892 39.4695 2.15
      vertex 43.6892 39.4695 1.2
    endloop
  endfacet
  facet normal -1 -0 0
    outer loop
      vertex 43.6892 39.4695 2.15
      vertex 43.6892 38.9867 1.2
      vertex 43.6892 38.9867 2.15
    endloop
  endfacet
  facet normal -0.99773 0.0673479 0
    outer loop
      vertex 43.6741 38.763 1.2
      vertex 43.6892 38.9867 2.15
      vertex 43.6892 38.9867 1.2
    endloop
  endfacet
  facet normal -0.99773 0.0673479 0
    outer loop
      vertex 43.6892 38.9867 2.15
      vertex 43.6741 38.763 1.2
      vertex 43.6741 38.763 2.15
    endloop
  endfacet
  facet normal -0.979542 0.201239 0
    outer loop
      vertex 43.6288 38.5425 1.2
      vertex 43.6741 38.763 2.15
      vertex 43.6741 38.763 1.2
    endloop
  endfacet
  facet normal -0.979542 0.201239 0
    outer loop
      vertex 43.6741 38.763 2.15
      vertex 43.6288 38.5425 1.2
      vertex 43.6288 38.5425 2.15
    endloop
  endfacet
  facet normal -0.944702 0.327931 0
    outer loop
      vertex 43.5533 38.325 1.2
      vertex 43.6288 38.5425 2.15
      vertex 43.6288 38.5425 1.2
    endloop
  endfacet
  facet normal -0.944702 0.327931 0
    outer loop
      vertex 43.6288 38.5425 2.15
      vertex 43.5533 38.325 1.2
      vertex 43.5533 38.325 2.15
    endloop
  endfacet
  facet normal -0.897171 0.441684 0
    outer loop
      vertex 43.4477 38.1105 1.2
      vertex 43.5533 38.325 2.15
      vertex 43.5533 38.325 1.2
    endloop
  endfacet
  facet normal -0.897171 0.441684 0
    outer loop
      vertex 43.5533 38.325 2.15
      vertex 43.4477 38.1105 1.2
      vertex 43.4477 38.1105 2.15
    endloop
  endfacet
  facet normal -0.837189 0.546914 0
    outer loop
      vertex 43.316 37.9089 1.2
      vertex 43.4477 38.1105 2.15
      vertex 43.4477 38.1105 1.2
    endloop
  endfacet
  facet normal -0.837189 0.546914 0
    outer loop
      vertex 43.4477 38.1105 2.15
      vertex 43.316 37.9089 1.2
      vertex 43.316 37.9089 2.15
    endloop
  endfacet
  facet normal -0.758118 0.652117 0
    outer loop
      vertex 43.1622 37.7301 1.2
      vertex 43.316 37.9089 2.15
      vertex 43.316 37.9089 1.2
    endloop
  endfacet
  facet normal -0.758118 0.652117 0
    outer loop
      vertex 43.316 37.9089 2.15
      vertex 43.1622 37.7301 1.2
      vertex 43.1622 37.7301 2.15
    endloop
  endfacet
  facet normal -0.664205 0.74755 0
    outer loop
      vertex 43.1622 37.7301 1.2
      vertex 42.9864 37.5739 2.15
      vertex 43.1622 37.7301 2.15
    endloop
  endfacet
  facet normal -0.664205 0.74755 0
    outer loop
      vertex 42.9864 37.5739 2.15
      vertex 43.1622 37.7301 1.2
      vertex 42.9864 37.5739 1.2
    endloop
  endfacet
  facet normal -0.558947 0.829203 0
    outer loop
      vertex 42.9864 37.5739 1.2
      vertex 42.7885 37.4405 2.15
      vertex 42.9864 37.5739 2.15
    endloop
  endfacet
  facet normal -0.558947 0.829203 0
    outer loop
      vertex 42.7885 37.4405 2.15
      vertex 42.9864 37.5739 1.2
      vertex 42.7885 37.4405 1.2
    endloop
  endfacet
  facet normal -0.442731 0.896655 0
    outer loop
      vertex 42.7885 37.4405 1.2
      vertex 42.5722 37.3337 2.15
      vertex 42.7885 37.4405 2.15
    endloop
  endfacet
  facet normal -0.442731 0.896655 0
    outer loop
      vertex 42.5722 37.3337 2.15
      vertex 42.7885 37.4405 1.2
      vertex 42.5722 37.3337 1.2
    endloop
  endfacet
  facet normal -0.313392 0.949624 0
    outer loop
      vertex 42.5722 37.3337 1.2
      vertex 42.341 37.2574 2.15
      vertex 42.5722 37.3337 2.15
    endloop
  endfacet
  facet normal -0.313392 0.949624 0
    outer loop
      vertex 42.341 37.2574 2.15
      vertex 42.5722 37.3337 1.2
      vertex 42.341 37.2574 1.2
    endloop
  endfacet
  facet normal -0.182962 0.98312 0
    outer loop
      vertex 42.341 37.2574 1.2
      vertex 42.0949 37.2116 2.15
      vertex 42.341 37.2574 2.15
    endloop
  endfacet
  facet normal -0.182962 0.98312 0
    outer loop
      vertex 42.0949 37.2116 2.15
      vertex 42.341 37.2574 1.2
      vertex 42.0949 37.2116 1.2
    endloop
  endfacet
  facet normal -0.0581168 0.99831 0
    outer loop
      vertex 42.0949 37.2116 1.2
      vertex 41.8338 37.1964 2.15
      vertex 42.0949 37.2116 2.15
    endloop
  endfacet
  facet normal -0.0581168 0.99831 0
    outer loop
      vertex 41.8338 37.1964 2.15
      vertex 42.0949 37.2116 1.2
      vertex 41.8338 37.1964 1.2
    endloop
  endfacet
  facet normal 0.0718141 0.997418 -0
    outer loop
      vertex 41.8338 37.1964 1.2
      vertex 41.6088 37.2126 2.15
      vertex 41.8338 37.1964 2.15
    endloop
  endfacet
  facet normal 0.0718141 0.997418 0
    outer loop
      vertex 41.6088 37.2126 2.15
      vertex 41.8338 37.1964 1.2
      vertex 41.6088 37.2126 1.2
    endloop
  endfacet
  facet normal 0.176711 -0.984263 0
    outer loop
      vertex 48.705 36.4922 1.2
      vertex 49.1751 36.5766 2.15
      vertex 48.705 36.4922 2.15
    endloop
  endfacet
  facet normal 0.176711 -0.984263 0
    outer loop
      vertex 49.1751 36.5766 2.15
      vertex 48.705 36.4922 1.2
      vertex 49.1751 36.5766 1.2
    endloop
  endfacet
  facet normal 0.326441 -0.945218 0
    outer loop
      vertex 49.1751 36.5766 1.2
      vertex 49.5825 36.7173 2.15
      vertex 49.1751 36.5766 2.15
    endloop
  endfacet
  facet normal 0.326441 -0.945218 0
    outer loop
      vertex 49.5825 36.7173 2.15
      vertex 49.1751 36.5766 1.2
      vertex 49.5825 36.7173 1.2
    endloop
  endfacet
  facet normal 0.496302 -0.86815 0
    outer loop
      vertex 49.5825 36.7173 1.2
      vertex 49.9271 36.9143 2.15
      vertex 49.5825 36.7173 2.15
    endloop
  endfacet
  facet normal 0.496302 -0.86815 0
    outer loop
      vertex 49.9271 36.9143 2.15
      vertex 49.5825 36.7173 1.2
      vertex 49.9271 36.9143 1.2
    endloop
  endfacet
  facet normal 0.672122 -0.740441 0
    outer loop
      vertex 49.9271 36.9143 1.2
      vertex 50.2013 37.1632 2.15
      vertex 49.9271 36.9143 2.15
    endloop
  endfacet
  facet normal 0.672122 -0.740441 0
    outer loop
      vertex 50.2013 37.1632 2.15
      vertex 49.9271 36.9143 1.2
      vertex 50.2013 37.1632 1.2
    endloop
  endfacet
  facet normal 0.834296 -0.551317 0
    outer loop
      vertex 50.2013 37.1632 2.15
      vertex 50.3971 37.4595 1.2
      vertex 50.3971 37.4595 2.15
    endloop
  endfacet
  facet normal 0.834296 -0.551317 0
    outer loop
      vertex 50.3971 37.4595 1.2
      vertex 50.2013 37.1632 2.15
      vertex 50.2013 37.1632 1.2
    endloop
  endfacet
  facet normal 0.946262 -0.323402 0
    outer loop
      vertex 50.3971 37.4595 2.15
      vertex 50.5146 37.8033 1.2
      vertex 50.5146 37.8033 2.15
    endloop
  endfacet
  facet normal 0.946262 -0.323402 0
    outer loop
      vertex 50.5146 37.8033 1.2
      vertex 50.3971 37.4595 2.15
      vertex 50.3971 37.4595 1.2
    endloop
  endfacet
  facet normal 0.99502 -0.09968 0
    outer loop
      vertex 50.5146 37.8033 2.15
      vertex 50.5538 38.1946 1.2
      vertex 50.5538 38.1946 2.15
    endloop
  endfacet
  facet normal 0.99502 -0.09968 0
    outer loop
      vertex 50.5538 38.1946 1.2
      vertex 50.5146 37.8033 2.15
      vertex 50.5146 37.8033 1.2
    endloop
  endfacet
  facet normal 0.999137 0.0415289 0
    outer loop
      vertex 50.5538 38.1946 2.15
      vertex 50.547 38.3582 1.2
      vertex 50.547 38.3582 2.15
    endloop
  endfacet
  facet normal 0.999137 0.0415289 0
    outer loop
      vertex 50.547 38.3582 1.2
      vertex 50.5538 38.1946 2.15
      vertex 50.5538 38.1946 1.2
    endloop
  endfacet
  facet normal 0.991384 0.130986 0
    outer loop
      vertex 50.547 38.3582 2.15
      vertex 50.5266 38.5126 1.2
      vertex 50.5266 38.5126 2.15
    endloop
  endfacet
  facet normal 0.991384 0.130986 0
    outer loop
      vertex 50.5266 38.5126 1.2
      vertex 50.547 38.3582 2.15
      vertex 50.547 38.3582 1.2
    endloop
  endfacet
  facet normal 0.973846 0.227208 0
    outer loop
      vertex 50.5266 38.5126 2.15
      vertex 50.4927 38.6579 1.2
      vertex 50.4927 38.6579 2.15
    endloop
  endfacet
  facet normal 0.973846 0.227208 0
    outer loop
      vertex 50.4927 38.6579 1.2
      vertex 50.5266 38.5126 2.15
      vertex 50.5266 38.5126 1.2
    endloop
  endfacet
  facet normal 0.94415 0.329516 0
    outer loop
      vertex 50.4927 38.6579 2.15
      vertex 50.4452 38.794 1.2
      vertex 50.4452 38.794 2.15
    endloop
  endfacet
  facet normal 0.94415 0.329516 0
    outer loop
      vertex 50.4452 38.794 1.2
      vertex 50.4927 38.6579 2.15
      vertex 50.4927 38.6579 1.2
    endloop
  endfacet
  facet normal 0.905621 0.424089 0
    outer loop
      vertex 50.4452 38.794 2.15
      vertex 50.3854 38.9217 1.2
      vertex 50.3854 38.9217 2.15
    endloop
  endfacet
  facet normal 0.905621 0.424089 0
    outer loop
      vertex 50.3854 38.9217 1.2
      vertex 50.4452 38.794 2.15
      vertex 50.4452 38.794 1.2
    endloop
  endfacet
  facet normal 0.859953 0.510373 0
    outer loop
      vertex 50.3854 38.9217 2.15
      vertex 50.3143 39.0415 1.2
      vertex 50.3143 39.0415 2.15
    endloop
  endfacet
  facet normal 0.859953 0.510373 0
    outer loop
      vertex 50.3143 39.0415 1.2
      vertex 50.3854 38.9217 2.15
      vertex 50.3854 38.9217 1.2
    endloop
  endfacet
  facet normal 0.806428 0.591332 0
    outer loop
      vertex 50.3143 39.0415 2.15
      vertex 50.2321 39.1536 1.2
      vertex 50.2321 39.1536 2.15
    endloop
  endfacet
  facet normal 0.806428 0.591332 0
    outer loop
      vertex 50.2321 39.1536 1.2
      vertex 50.3143 39.0415 2.15
      vertex 50.3143 39.0415 1.2
    endloop
  endfacet
  facet normal 0.744961 0.667108 0
    outer loop
      vertex 50.2321 39.1536 2.15
      vertex 50.1387 39.2579 1.2
      vertex 50.1387 39.2579 2.15
    endloop
  endfacet
  facet normal 0.744961 0.667108 0
    outer loop
      vertex 50.1387 39.2579 1.2
      vertex 50.2321 39.1536 2.15
      vertex 50.2321 39.1536 1.2
    endloop
  endfacet
  facet normal 0.672366 0.740219 -0
    outer loop
      vertex 50.1387 39.2579 1.2
      vertex 50.0307 39.356 2.15
      vertex 50.1387 39.2579 2.15
    endloop
  endfacet
  facet normal 0.672366 0.740219 0
    outer loop
      vertex 50.0307 39.356 2.15
      vertex 50.1387 39.2579 1.2
      vertex 50.0307 39.356 1.2
    endloop
  endfacet
  facet normal 0.597449 0.801907 -0
    outer loop
      vertex 50.0307 39.356 1.2
      vertex 49.9048 39.4498 2.15
      vertex 50.0307 39.356 2.15
    endloop
  endfacet
  facet normal 0.597449 0.801907 0
    outer loop
      vertex 49.9048 39.4498 2.15
      vertex 50.0307 39.356 1.2
      vertex 49.9048 39.4498 1.2
    endloop
  endfacet
  facet normal 0.527025 0.84985 -0
    outer loop
      vertex 49.9048 39.4498 1.2
      vertex 49.7608 39.5391 2.15
      vertex 49.9048 39.4498 2.15
    endloop
  endfacet
  facet normal 0.527025 0.84985 0
    outer loop
      vertex 49.7608 39.5391 2.15
      vertex 49.9048 39.4498 1.2
      vertex 49.7608 39.5391 1.2
    endloop
  endfacet
  facet normal 0.464641 0.885499 -0
    outer loop
      vertex 49.7608 39.5391 1.2
      vertex 49.599 39.624 2.15
      vertex 49.7608 39.5391 2.15
    endloop
  endfacet
  facet normal 0.464641 0.885499 0
    outer loop
      vertex 49.599 39.624 2.15
      vertex 49.7608 39.5391 1.2
      vertex 49.599 39.624 1.2
    endloop
  endfacet
  facet normal 0.392742 0.919649 -0
    outer loop
      vertex 49.599 39.624 1.2
      vertex 49.4009 39.7086 2.15
      vertex 49.599 39.624 2.15
    endloop
  endfacet
  facet normal 0.392742 0.919649 0
    outer loop
      vertex 49.4009 39.7086 2.15
      vertex 49.599 39.624 1.2
      vertex 49.4009 39.7086 1.2
    endloop
  endfacet
  facet normal 0.330784 0.943707 -0
    outer loop
      vertex 49.4009 39.7086 1.2
      vertex 49.1487 39.797 2.15
      vertex 49.4009 39.7086 2.15
    endloop
  endfacet
  facet normal 0.330784 0.943707 0
    outer loop
      vertex 49.1487 39.797 2.15
      vertex 49.4009 39.7086 1.2
      vertex 49.1487 39.797 1.2
    endloop
  endfacet
  facet normal 0.287778 0.957697 -0
    outer loop
      vertex 49.1487 39.797 1.2
      vertex 48.8422 39.8891 2.15
      vertex 49.1487 39.797 2.15
    endloop
  endfacet
  facet normal 0.287778 0.957697 0
    outer loop
      vertex 48.8422 39.8891 2.15
      vertex 49.1487 39.797 1.2
      vertex 48.8422 39.8891 1.2
    endloop
  endfacet
  facet normal 0.256379 0.966576 -0
    outer loop
      vertex 48.8422 39.8891 1.2
      vertex 48.4814 39.9848 2.15
      vertex 48.8422 39.8891 2.15
    endloop
  endfacet
  facet normal 0.256379 0.966576 0
    outer loop
      vertex 48.4814 39.9848 2.15
      vertex 48.8422 39.8891 1.2
      vertex 48.4814 39.9848 1.2
    endloop
  endfacet
  facet normal 0.246007 0.969268 -0
    outer loop
      vertex 48.4814 39.9848 1.2
      vertex 48.1071 40.0798 2.15
      vertex 48.4814 39.9848 2.15
    endloop
  endfacet
  facet normal 0.246007 0.969268 0
    outer loop
      vertex 48.1071 40.0798 2.15
      vertex 48.4814 39.9848 1.2
      vertex 48.1071 40.0798 1.2
    endloop
  endfacet
  facet normal 0.266498 0.963835 -0
    outer loop
      vertex 48.1071 40.0798 1.2
      vertex 47.8033 40.1638 2.15
      vertex 48.1071 40.0798 2.15
    endloop
  endfacet
  facet normal 0.266498 0.963835 0
    outer loop
      vertex 47.8033 40.1638 2.15
      vertex 48.1071 40.0798 1.2
      vertex 47.8033 40.1638 1.2
    endloop
  endfacet
  facet normal 0.299742 0.95402 -0
    outer loop
      vertex 47.8033 40.1638 1.2
      vertex 47.57 40.2371 2.15
      vertex 47.8033 40.1638 2.15
    endloop
  endfacet
  facet normal 0.299742 0.95402 0
    outer loop
      vertex 47.57 40.2371 2.15
      vertex 47.8033 40.1638 1.2
      vertex 47.57 40.2371 1.2
    endloop
  endfacet
  facet normal 0.357903 0.933759 -0
    outer loop
      vertex 47.57 40.2371 1.2
      vertex 47.4072 40.2995 2.15
      vertex 47.57 40.2371 2.15
    endloop
  endfacet
  facet normal 0.357903 0.933759 0
    outer loop
      vertex 47.4072 40.2995 2.15
      vertex 47.57 40.2371 1.2
      vertex 47.4072 40.2995 1.2
    endloop
  endfacet
  facet normal 0.44811 0.893979 -0
    outer loop
      vertex 47.4072 40.2995 1.2
      vertex 47.2875 40.3595 2.15
      vertex 47.4072 40.2995 2.15
    endloop
  endfacet
  facet normal 0.44811 0.893979 0
    outer loop
      vertex 47.2875 40.3595 2.15
      vertex 47.4072 40.2995 1.2
      vertex 47.2875 40.3595 1.2
    endloop
  endfacet
  facet normal 0.536036 0.844195 -0
    outer loop
      vertex 47.2875 40.3595 1.2
      vertex 47.1834 40.4256 2.15
      vertex 47.2875 40.3595 2.15
    endloop
  endfacet
  facet normal 0.536036 0.844195 0
    outer loop
      vertex 47.1834 40.4256 2.15
      vertex 47.2875 40.3595 1.2
      vertex 47.1834 40.4256 1.2
    endloop
  endfacet
  facet normal 0.632141 0.774854 -0
    outer loop
      vertex 47.1834 40.4256 1.2
      vertex 47.0949 40.4978 2.15
      vertex 47.1834 40.4256 2.15
    endloop
  endfacet
  facet normal 0.632141 0.774854 0
    outer loop
      vertex 47.0949 40.4978 2.15
      vertex 47.1834 40.4256 1.2
      vertex 47.0949 40.4978 1.2
    endloop
  endfacet
  facet normal 0.731894 0.681419 0
    outer loop
      vertex 47.0949 40.4978 2.15
      vertex 47.022 40.5761 1.2
      vertex 47.022 40.5761 2.15
    endloop
  endfacet
  facet normal 0.731894 0.681419 0
    outer loop
      vertex 47.022 40.5761 1.2
      vertex 47.0949 40.4978 2.15
      vertex 47.0949 40.4978 1.2
    endloop
  endfacet
  facet normal 0.835882 0.548909 0
    outer loop
      vertex 47.022 40.5761 2.15
      vertex 46.965 40.6629 1.2
      vertex 46.965 40.6629 2.15
    endloop
  endfacet
  facet normal 0.835882 0.548909 0
    outer loop
      vertex 46.965 40.6629 1.2
      vertex 47.022 40.5761 2.15
      vertex 47.022 40.5761 1.2
    endloop
  endfacet
  facet normal 0.92344 0.383743 0
    outer loop
      vertex 46.965 40.6629 2.15
      vertex 46.9244 40.7606 1.2
      vertex 46.9244 40.7606 2.15
    endloop
  endfacet
  facet normal 0.92344 0.383743 0
    outer loop
      vertex 46.9244 40.7606 1.2
      vertex 46.965 40.6629 2.15
      vertex 46.965 40.6629 1.2
    endloop
  endfacet
  facet normal 0.975634 0.219405 0
    outer loop
      vertex 46.9244 40.7606 2.15
      vertex 46.9 40.8691 1.2
      vertex 46.9 40.8691 2.15
    endloop
  endfacet
  facet normal 0.975634 0.219405 0
    outer loop
      vertex 46.9 40.8691 1.2
      vertex 46.9244 40.7606 2.15
      vertex 46.9244 40.7606 1.2
    endloop
  endfacet
  facet normal 0.997646 0.0685725 0
    outer loop
      vertex 46.9 40.8691 2.15
      vertex 46.8918 40.9884 1.2
      vertex 46.8918 40.9884 2.15
    endloop
  endfacet
  facet normal 0.997646 0.0685725 0
    outer loop
      vertex 46.8918 40.9884 1.2
      vertex 46.9 40.8691 2.15
      vertex 46.9 40.8691 1.2
    endloop
  endfacet
  facet normal 0.994701 -0.10281 0
    outer loop
      vertex 46.8918 40.9884 2.15
      vertex 46.9115 41.179 1.2
      vertex 46.9115 41.179 2.15
    endloop
  endfacet
  facet normal 0.994701 -0.10281 0
    outer loop
      vertex 46.9115 41.179 1.2
      vertex 46.8918 40.9884 2.15
      vertex 46.8918 40.9884 1.2
    endloop
  endfacet
  facet normal 0.941483 -0.33706 0
    outer loop
      vertex 46.9115 41.179 2.15
      vertex 46.9705 41.3438 1.2
      vertex 46.9705 41.3438 2.15
    endloop
  endfacet
  facet normal 0.941483 -0.33706 0
    outer loop
      vertex 46.9705 41.3438 1.2
      vertex 46.9115 41.179 2.15
      vertex 46.9115 41.179 1.2
    endloop
  endfacet
  facet normal 0.816463 -0.577398 0
    outer loop
      vertex 46.9705 41.3438 2.15
      vertex 47.0688 41.4828 1.2
      vertex 47.0688 41.4828 2.15
    endloop
  endfacet
  facet normal 0.816463 -0.577398 0
    outer loop
      vertex 47.0688 41.4828 1.2
      vertex 46.9705 41.3438 2.15
      vertex 46.9705 41.3438 1.2
    endloop
  endfacet
  facet normal 0.635038 -0.772481 0
    outer loop
      vertex 47.0688 41.4828 1.2
      vertex 47.2065 41.596 2.15
      vertex 47.0688 41.4828 2.15
    endloop
  endfacet
  facet normal 0.635038 -0.772481 0
    outer loop
      vertex 47.2065 41.596 2.15
      vertex 47.0688 41.4828 1.2
      vertex 47.2065 41.596 1.2
    endloop
  endfacet
  facet normal 0.440379 -0.897812 0
    outer loop
      vertex 47.2065 41.596 1.2
      vertex 47.3855 41.6838 2.15
      vertex 47.2065 41.596 2.15
    endloop
  endfacet
  facet normal 0.440379 -0.897812 0
    outer loop
      vertex 47.3855 41.6838 2.15
      vertex 47.2065 41.596 1.2
      vertex 47.3855 41.6838 1.2
    endloop
  endfacet
  facet normal 0.271635 -0.9624 0
    outer loop
      vertex 47.3855 41.6838 1.2
      vertex 47.608 41.7466 2.15
      vertex 47.3855 41.6838 2.15
    endloop
  endfacet
  facet normal 0.271635 -0.9624 0
    outer loop
      vertex 47.608 41.7466 2.15
      vertex 47.3855 41.6838 1.2
      vertex 47.608 41.7466 1.2
    endloop
  endfacet
  facet normal 0.140065 -0.990142 0
    outer loop
      vertex 47.608 41.7466 1.2
      vertex 47.8738 41.7842 2.15
      vertex 47.608 41.7466 2.15
    endloop
  endfacet
  facet normal 0.140065 -0.990142 0
    outer loop
      vertex 47.8738 41.7842 2.15
      vertex 47.608 41.7466 1.2
      vertex 47.8738 41.7842 1.2
    endloop
  endfacet
  facet normal 0.0403939 -0.999184 0
    outer loop
      vertex 47.8738 41.7842 1.2
      vertex 48.183 41.7967 2.15
      vertex 47.8738 41.7842 2.15
    endloop
  endfacet
  facet normal 0.0403939 -0.999184 0
    outer loop
      vertex 48.183 41.7967 2.15
      vertex 47.8738 41.7842 1.2
      vertex 48.183 41.7967 1.2
    endloop
  endfacet
  facet normal -0.0458395 -0.998949 0
    outer loop
      vertex 48.183 41.7967 1.2
      vertex 48.4663 41.7837 2.15
      vertex 48.183 41.7967 2.15
    endloop
  endfacet
  facet normal -0.0458395 -0.998949 -0
    outer loop
      vertex 48.4663 41.7837 2.15
      vertex 48.183 41.7967 1.2
      vertex 48.4663 41.7837 1.2
    endloop
  endfacet
  facet normal -0.153055 -0.988218 0
    outer loop
      vertex 48.4663 41.7837 1.2
      vertex 48.7194 41.7445 2.15
      vertex 48.4663 41.7837 2.15
    endloop
  endfacet
  facet normal -0.153055 -0.988218 -0
    outer loop
      vertex 48.7194 41.7445 2.15
      vertex 48.4663 41.7837 1.2
      vertex 48.7194 41.7445 1.2
    endloop
  endfacet
  facet normal -0.281024 -0.959701 0
    outer loop
      vertex 48.7194 41.7445 1.2
      vertex 48.9424 41.6792 2.15
      vertex 48.7194 41.7445 2.15
    endloop
  endfacet
  facet normal -0.281024 -0.959701 -0
    outer loop
      vertex 48.9424 41.6792 2.15
      vertex 48.7194 41.7445 1.2
      vertex 48.9424 41.6792 1.2
    endloop
  endfacet
  facet normal -0.42855 -0.903518 0
    outer loop
      vertex 48.9424 41.6792 1.2
      vertex 49.1351 41.5878 2.15
      vertex 48.9424 41.6792 2.15
    endloop
  endfacet
  facet normal -0.42855 -0.903518 -0
    outer loop
      vertex 49.1351 41.5878 2.15
      vertex 48.9424 41.6792 1.2
      vertex 49.1351 41.5878 1.2
    endloop
  endfacet
  facet normal -0.584531 -0.811371 0
    outer loop
      vertex 49.1351 41.5878 1.2
      vertex 49.2957 41.4721 2.15
      vertex 49.1351 41.5878 2.15
    endloop
  endfacet
  facet normal -0.584531 -0.811371 -0
    outer loop
      vertex 49.2957 41.4721 2.15
      vertex 49.1351 41.5878 1.2
      vertex 49.2957 41.4721 1.2
    endloop
  endfacet
  facet normal -0.738901 -0.673814 0
    outer loop
      vertex 49.422 41.3336 1.2
      vertex 49.2957 41.4721 2.15
      vertex 49.2957 41.4721 1.2
    endloop
  endfacet
  facet normal -0.738901 -0.673814 0
    outer loop
      vertex 49.2957 41.4721 2.15
      vertex 49.422 41.3336 1.2
      vertex 49.422 41.3336 2.15
    endloop
  endfacet
  facet normal -0.868508 -0.495675 0
    outer loop
      vertex 49.514 41.1724 1.2
      vertex 49.422 41.3336 2.15
      vertex 49.422 41.3336 1.2
    endloop
  endfacet
  facet normal -0.868508 -0.495675 0
    outer loop
      vertex 49.422 41.3336 2.15
      vertex 49.514 41.1724 1.2
      vertex 49.514 41.1724 2.15
    endloop
  endfacet
  facet normal -0.954036 -0.299692 0
    outer loop
      vertex 49.5718 40.9884 1.2
      vertex 49.514 41.1724 2.15
      vertex 49.514 41.1724 1.2
    endloop
  endfacet
  facet normal -0.954036 -0.299692 0
    outer loop
      vertex 49.514 41.1724 2.15
      vertex 49.5718 40.9884 1.2
      vertex 49.5718 40.9884 2.15
    endloop
  endfacet
  facet normal 0.122645 -0.992451 0
    outer loop
      vertex 49.5718 40.9884 1.2
      vertex 50.4506 41.097 2.15
      vertex 49.5718 40.9884 2.15
    endloop
  endfacet
  facet normal 0.122645 -0.992451 0
    outer loop
      vertex 50.4506 41.097 2.15
      vertex 49.5718 40.9884 1.2
      vertex 50.4506 41.097 1.2
    endloop
  endfacet
  facet normal 0.960171 0.279412 0
    outer loop
      vertex 50.4506 41.097 2.15
      vertex 50.3484 41.4482 1.2
      vertex 50.3484 41.4482 2.15
    endloop
  endfacet
  facet normal 0.960171 0.279412 0
    outer loop
      vertex 50.3484 41.4482 1.2
      vertex 50.4506 41.097 2.15
      vertex 50.4506 41.097 1.2
    endloop
  endfacet
  facet normal 0.888543 0.458794 0
    outer loop
      vertex 50.3484 41.4482 2.15
      vertex 50.1936 41.748 1.2
      vertex 50.1936 41.748 2.15
    endloop
  endfacet
  facet normal 0.888543 0.458794 0
    outer loop
      vertex 50.1936 41.748 1.2
      vertex 50.3484 41.4482 2.15
      vertex 50.3484 41.4482 1.2
    endloop
  endfacet
  facet normal 0.767511 0.641036 0
    outer loop
      vertex 50.1936 41.748 2.15
      vertex 49.9863 41.9962 1.2
      vertex 49.9863 41.9962 2.15
    endloop
  endfacet
  facet normal 0.767511 0.641036 0
    outer loop
      vertex 49.9863 41.9962 1.2
      vertex 50.1936 41.748 2.15
      vertex 50.1936 41.748 1.2
    endloop
  endfacet
  facet normal 0.603284 0.797526 -0
    outer loop
      vertex 49.9863 41.9962 1.2
      vertex 49.7264 42.1928 2.15
      vertex 49.9863 41.9962 2.15
    endloop
  endfacet
  facet normal 0.603284 0.797526 0
    outer loop
      vertex 49.7264 42.1928 2.15
      vertex 49.9863 41.9962 1.2
      vertex 49.7264 42.1928 1.2
    endloop
  endfacet
  facet normal 0.433136 0.901329 -0
    outer loop
      vertex 49.7264 42.1928 1.2
      vertex 49.4153 42.3423 2.15
      vertex 49.7264 42.1928 2.15
    endloop
  endfacet
  facet normal 0.433136 0.901329 0
    outer loop
      vertex 49.4153 42.3423 2.15
      vertex 49.7264 42.1928 1.2
      vertex 49.4153 42.3423 1.2
    endloop
  endfacet
  facet normal 0.283763 0.958895 -0
    outer loop
      vertex 49.4153 42.3423 1.2
      vertex 49.0544 42.4491 2.15
      vertex 49.4153 42.3423 2.15
    endloop
  endfacet
  facet normal 0.283763 0.958895 0
    outer loop
      vertex 49.0544 42.4491 2.15
      vertex 49.4153 42.3423 1.2
      vertex 49.0544 42.4491 1.2
    endloop
  endfacet
  facet normal 0.154171 0.988044 -0
    outer loop
      vertex 49.0544 42.4491 1.2
      vertex 48.6436 42.5132 2.15
      vertex 49.0544 42.4491 2.15
    endloop
  endfacet
  facet normal 0.154171 0.988044 0
    outer loop
      vertex 48.6436 42.5132 2.15
      vertex 49.0544 42.4491 1.2
      vertex 48.6436 42.5132 1.2
    endloop
  endfacet
  facet normal 0.0464111 0.998922 -0
    outer loop
      vertex 48.6436 42.5132 1.2
      vertex 48.183 42.5346 2.15
      vertex 48.6436 42.5132 2.15
    endloop
  endfacet
  facet normal 0.0464111 0.998922 0
    outer loop
      vertex 48.183 42.5346 2.15
      vertex 48.6436 42.5132 1.2
      vertex 48.183 42.5346 1.2
    endloop
  endfacet
  facet normal -0.0509818 0.9987 0
    outer loop
      vertex 48.183 42.5346 1.2
      vertex 47.6678 42.5083 2.15
      vertex 48.183 42.5346 2.15
    endloop
  endfacet
  facet normal -0.0509818 0.9987 0
    outer loop
      vertex 47.6678 42.5083 2.15
      vertex 48.183 42.5346 1.2
      vertex 47.6678 42.5083 1.2
    endloop
  endfacet
  facet normal -0.172561 0.984999 0
    outer loop
      vertex 47.6678 42.5083 1.2
      vertex 47.218 42.4295 2.15
      vertex 47.6678 42.5083 2.15
    endloop
  endfacet
  facet normal -0.172561 0.984999 0
    outer loop
      vertex 47.218 42.4295 2.15
      vertex 47.6678 42.5083 1.2
      vertex 47.218 42.4295 1.2
    endloop
  endfacet
  facet normal -0.323751 0.946142 0
    outer loop
      vertex 47.218 42.4295 1.2
      vertex 46.8337 42.298 2.15
      vertex 47.218 42.4295 2.15
    endloop
  endfacet
  facet normal -0.323751 0.946142 0
    outer loop
      vertex 46.8337 42.298 2.15
      vertex 47.218 42.4295 1.2
      vertex 46.8337 42.298 1.2
    endloop
  endfacet
  facet normal -0.499558 0.866281 0
    outer loop
      vertex 46.8337 42.298 1.2
      vertex 46.5148 42.1141 2.15
      vertex 46.8337 42.298 2.15
    endloop
  endfacet
  facet normal -0.499558 0.866281 0
    outer loop
      vertex 46.5148 42.1141 2.15
      vertex 46.8337 42.298 1.2
      vertex 46.5148 42.1141 1.2
    endloop
  endfacet
  facet normal -0.682931 0.730483 0
    outer loop
      vertex 46.5148 42.1141 1.2
      vertex 46.2644 41.88 2.15
      vertex 46.5148 42.1141 2.15
    endloop
  endfacet
  facet normal -0.682931 0.730483 0
    outer loop
      vertex 46.2644 41.88 2.15
      vertex 46.5148 42.1141 1.2
      vertex 46.2644 41.88 1.2
    endloop
  endfacet
  facet normal -0.844462 0.535615 0
    outer loop
      vertex 46.0856 41.5981 1.2
      vertex 46.2644 41.88 2.15
      vertex 46.2644 41.88 1.2
    endloop
  endfacet
  facet normal -0.844462 0.535615 0
    outer loop
      vertex 46.2644 41.88 2.15
      vertex 46.0856 41.5981 1.2
      vertex 46.0856 41.5981 2.15
    endloop
  endfacet
  facet normal -0.950852 0.309647 0
    outer loop
      vertex 45.9782 41.2683 1.2
      vertex 46.0856 41.5981 2.15
      vertex 46.0856 41.5981 1.2
    endloop
  endfacet
  facet normal -0.950852 0.309647 0
    outer loop
      vertex 46.0856 41.5981 2.15
      vertex 45.9782 41.2683 1.2
      vertex 45.9782 41.2683 2.15
    endloop
  endfacet
  facet normal -0.995558 0.0941495 0
    outer loop
      vertex 45.9425 40.8908 1.2
      vertex 45.9782 41.2683 2.15
      vertex 45.9782 41.2683 1.2
    endloop
  endfacet
  facet normal -0.995558 0.0941495 0
    outer loop
      vertex 45.9782 41.2683 2.15
      vertex 45.9425 40.8908 1.2
      vertex 45.9425 40.8908 2.15
    endloop
  endfacet
  facet normal -0.998208 -0.0598446 0
    outer loop
      vertex 45.955 40.6823 1.2
      vertex 45.9425 40.8908 2.15
      vertex 45.9425 40.8908 1.2
    endloop
  endfacet
  facet normal -0.998208 -0.0598446 0
    outer loop
      vertex 45.9425 40.8908 2.15
      vertex 45.955 40.6823 1.2
      vertex 45.955 40.6823 2.15
    endloop
  endfacet
  facet normal -0.981283 -0.192569 0
    outer loop
      vertex 45.9926 40.4907 1.2
      vertex 45.955 40.6823 2.15
      vertex 45.955 40.6823 1.2
    endloop
  endfacet
  facet normal -0.981283 -0.192569 0
    outer loop
      vertex 45.955 40.6823 2.15
      vertex 45.9926 40.4907 1.2
      vertex 45.9926 40.4907 2.15
    endloop
  endfacet
  facet normal -0.940984 -0.338452 0
    outer loop
      vertex 46.0554 40.3161 1.2
      vertex 45.9926 40.4907 2.15
      vertex 45.9926 40.4907 1.2
    endloop
  endfacet
  facet normal -0.940984 -0.338452 0
    outer loop
      vertex 45.9926 40.4907 2.15
      vertex 46.0554 40.3161 1.2
      vertex 46.0554 40.3161 2.15
    endloop
  endfacet
  facet normal -0.873713 -0.486442 0
    outer loop
      vertex 46.1432 40.1584 1.2
      vertex 46.0554 40.3161 2.15
      vertex 46.0554 40.3161 1.2
    endloop
  endfacet
  facet normal -0.873713 -0.486442 0
    outer loop
      vertex 46.0554 40.3161 2.15
      vertex 46.1432 40.1584 1.2
      vertex 46.1432 40.1584 2.15
    endloop
  endfacet
  facet normal -0.793855 -0.608107 0
    outer loop
      vertex 46.2532 40.0148 1.2
      vertex 46.1432 40.1584 2.15
      vertex 46.1432 40.1584 1.2
    endloop
  endfacet
  facet normal -0.793855 -0.608107 0
    outer loop
      vertex 46.1432 40.1584 2.15
      vertex 46.2532 40.0148 1.2
      vertex 46.2532 40.0148 2.15
    endloop
  endfacet
  facet normal -0.715163 -0.698958 0
    outer loop
      vertex 46.3826 39.8824 1.2
      vertex 46.2532 40.0148 2.15
      vertex 46.2532 40.0148 1.2
    endloop
  endfacet
  facet normal -0.715163 -0.698958 0
    outer loop
      vertex 46.2532 40.0148 2.15
      vertex 46.3826 39.8824 1.2
      vertex 46.3826 39.8824 2.15
    endloop
  endfacet
  facet normal -0.632044 -0.774932 0
    outer loop
      vertex 46.3826 39.8824 1.2
      vertex 46.5312 39.7612 2.15
      vertex 46.3826 39.8824 2.15
    endloop
  endfacet
  facet normal -0.632044 -0.774932 -0
    outer loop
      vertex 46.5312 39.7612 2.15
      vertex 46.3826 39.8824 1.2
      vertex 46.5312 39.7612 1.2
    endloop
  endfacet
  facet normal -0.547558 -0.836768 0
    outer loop
      vertex 46.5312 39.7612 1.2
      vertex 46.6993 39.6512 2.15
      vertex 46.5312 39.7612 2.15
    endloop
  endfacet
  facet normal -0.547558 -0.836768 -0
    outer loop
      vertex 46.6993 39.6512 2.15
      vertex 46.5312 39.7612 1.2
      vertex 46.6993 39.6512 1.2
    endloop
  endfacet
  facet normal -0.450644 -0.892704 0
    outer loop
      vertex 46.6993 39.6512 1.2
      vertex 46.9073 39.5462 2.15
      vertex 46.6993 39.6512 2.15
    endloop
  endfacet
  facet normal -0.450644 -0.892704 -0
    outer loop
      vertex 46.9073 39.5462 2.15
      vertex 46.6993 39.6512 1.2
      vertex 46.9073 39.5462 1.2
    endloop
  endfacet
  facet normal -0.36667 -0.930351 0
    outer loop
      vertex 46.9073 39.5462 1.2
      vertex 47.176 39.4403 2.15
      vertex 46.9073 39.5462 2.15
    endloop
  endfacet
  facet normal -0.36667 -0.930351 -0
    outer loop
      vertex 47.176 39.4403 2.15
      vertex 46.9073 39.5462 1.2
      vertex 47.176 39.4403 1.2
    endloop
  endfacet
  facet normal -0.308942 -0.951081 0
    outer loop
      vertex 47.176 39.4403 1.2
      vertex 47.5054 39.3333 2.15
      vertex 47.176 39.4403 2.15
    endloop
  endfacet
  facet normal -0.308942 -0.951081 -0
    outer loop
      vertex 47.5054 39.3333 2.15
      vertex 47.176 39.4403 1.2
      vertex 47.5054 39.3333 1.2
    endloop
  endfacet
  facet normal -0.266816 -0.963748 0
    outer loop
      vertex 47.5054 39.3333 1.2
      vertex 47.8955 39.2253 2.15
      vertex 47.5054 39.3333 2.15
    endloop
  endfacet
  facet normal -0.266816 -0.963748 -0
    outer loop
      vertex 47.8955 39.2253 2.15
      vertex 47.5054 39.3333 1.2
      vertex 47.8955 39.2253 1.2
    endloop
  endfacet
  facet normal -0.254772 -0.967001 0
    outer loop
      vertex 47.8955 39.2253 1.2
      vertex 48.5954 39.0409 2.15
      vertex 47.8955 39.2253 2.15
    endloop
  endfacet
  facet normal -0.254772 -0.967001 -0
    outer loop
      vertex 48.5954 39.0409 2.15
      vertex 47.8955 39.2253 1.2
      vertex 48.5954 39.0409 1.2
    endloop
  endfacet
  facet normal -0.291177 -0.956669 0
    outer loop
      vertex 48.5954 39.0409 1.2
      vertex 48.8428 38.9656 2.15
      vertex 48.5954 39.0409 2.15
    endloop
  endfacet
  facet normal -0.291177 -0.956669 -0
    outer loop
      vertex 48.8428 38.9656 2.15
      vertex 48.5954 39.0409 1.2
      vertex 48.8428 38.9656 1.2
    endloop
  endfacet
  facet normal -0.37268 -0.92796 0
    outer loop
      vertex 48.8428 38.9656 1.2
      vertex 49.0537 38.8809 2.15
      vertex 48.8428 38.9656 2.15
    endloop
  endfacet
  facet normal -0.37268 -0.92796 -0
    outer loop
      vertex 49.0537 38.8809 2.15
      vertex 48.8428 38.9656 1.2
      vertex 49.0537 38.8809 1.2
    endloop
  endfacet
  facet normal -0.475844 -0.87953 0
    outer loop
      vertex 49.0537 38.8809 1.2
      vertex 49.228 38.7866 2.15
      vertex 49.0537 38.8809 2.15
    endloop
  endfacet
  facet normal -0.475844 -0.87953 -0
    outer loop
      vertex 49.228 38.7866 2.15
      vertex 49.0537 38.8809 1.2
      vertex 49.228 38.7866 1.2
    endloop
  endfacet
  facet normal -0.601947 -0.798536 0
    outer loop
      vertex 49.228 38.7866 1.2
      vertex 49.3657 38.6828 2.15
      vertex 49.228 38.7866 2.15
    endloop
  endfacet
  facet normal -0.601947 -0.798536 -0
    outer loop
      vertex 49.3657 38.6828 2.15
      vertex 49.228 38.7866 1.2
      vertex 49.3657 38.6828 1.2
    endloop
  endfacet
  facet normal -0.745007 -0.667056 0
    outer loop
      vertex 49.4701 38.5662 1.2
      vertex 49.3657 38.6828 2.15
      vertex 49.3657 38.6828 1.2
    endloop
  endfacet
  facet normal -0.745007 -0.667056 0
    outer loop
      vertex 49.3657 38.6828 2.15
      vertex 49.4701 38.5662 1.2
      vertex 49.4701 38.5662 2.15
    endloop
  endfacet
  facet normal -0.872013 -0.489482 0
    outer loop
      vertex 49.5447 38.4333 1.2
      vertex 49.4701 38.5662 2.15
      vertex 49.4701 38.5662 1.2
    endloop
  endfacet
  facet normal -0.872013 -0.489482 0
    outer loop
      vertex 49.4701 38.5662 2.15
      vertex 49.5447 38.4333 1.2
      vertex 49.5447 38.4333 2.15
    endloop
  endfacet
  facet normal -0.957756 -0.287583 0
    outer loop
      vertex 49.5895 38.2841 1.2
      vertex 49.5447 38.4333 2.15
      vertex 49.5447 38.4333 1.2
    endloop
  endfacet
  facet normal -0.957756 -0.287583 0
    outer loop
      vertex 49.5447 38.4333 2.15
      vertex 49.5895 38.2841 1.2
      vertex 49.5895 38.2841 2.15
    endloop
  endfacet
  facet normal -0.995967 -0.0897213 0
    outer loop
      vertex 49.6044 38.1187 1.2
      vertex 49.5895 38.2841 2.15
      vertex 49.5895 38.2841 1.2
    endloop
  endfacet
  facet normal -0.995967 -0.0897213 0
    outer loop
      vertex 49.5895 38.2841 2.15
      vertex 49.6044 38.1187 1.2
      vertex 49.6044 38.1187 2.15
    endloop
  endfacet
  facet normal -0.994977 0.100103 0
    outer loop
      vertex 49.5829 37.905 1.2
      vertex 49.6044 38.1187 2.15
      vertex 49.6044 38.1187 1.2
    endloop
  endfacet
  facet normal -0.994977 0.100103 0
    outer loop
      vertex 49.6044 38.1187 2.15
      vertex 49.5829 37.905 1.2
      vertex 49.5829 37.905 2.15
    endloop
  endfacet
  facet normal -0.944152 0.32951 0
    outer loop
      vertex 49.5183 37.7199 1.2
      vertex 49.5829 37.905 2.15
      vertex 49.5829 37.905 1.2
    endloop
  endfacet
  facet normal -0.944152 0.32951 0
    outer loop
      vertex 49.5829 37.905 2.15
      vertex 49.5183 37.7199 1.2
      vertex 49.5183 37.7199 2.15
    endloop
  endfacet
  facet normal -0.824119 0.566417 0
    outer loop
      vertex 49.4106 37.5632 1.2
      vertex 49.5183 37.7199 2.15
      vertex 49.5183 37.7199 1.2
    endloop
  endfacet
  facet normal -0.824119 0.566417 0
    outer loop
      vertex 49.5183 37.7199 2.15
      vertex 49.4106 37.5632 1.2
      vertex 49.4106 37.5632 2.15
    endloop
  endfacet
  facet normal -0.647663 0.761927 0
    outer loop
      vertex 49.4106 37.5632 1.2
      vertex 49.2599 37.4351 2.15
      vertex 49.4106 37.5632 2.15
    endloop
  endfacet
  facet normal -0.647663 0.761927 0
    outer loop
      vertex 49.2599 37.4351 2.15
      vertex 49.4106 37.5632 1.2
      vertex 49.2599 37.4351 1.2
    endloop
  endfacet
  facet normal -0.451192 0.892427 0
    outer loop
      vertex 49.2599 37.4351 1.2
      vertex 49.0627 37.3354 2.15
      vertex 49.2599 37.4351 2.15
    endloop
  endfacet
  facet normal -0.451192 0.892427 0
    outer loop
      vertex 49.0627 37.3354 2.15
      vertex 49.2599 37.4351 1.2
      vertex 49.0627 37.3354 1.2
    endloop
  endfacet
  facet normal -0.276981 0.960875 0
    outer loop
      vertex 49.0627 37.3354 1.2
      vertex 48.8157 37.2642 2.15
      vertex 49.0627 37.3354 2.15
    endloop
  endfacet
  facet normal -0.276981 0.960875 0
    outer loop
      vertex 48.8157 37.2642 2.15
      vertex 49.0627 37.3354 1.2
      vertex 48.8157 37.2642 1.2
    endloop
  endfacet
  facet normal -0.142402 0.989809 0
    outer loop
      vertex 48.8157 37.2642 1.2
      vertex 48.5189 37.2215 2.15
      vertex 48.8157 37.2642 2.15
    endloop
  endfacet
  facet normal -0.142402 0.989809 0
    outer loop
      vertex 48.5189 37.2215 2.15
      vertex 48.8157 37.2642 1.2
      vertex 48.5189 37.2215 1.2
    endloop
  endfacet
  facet normal -0.0411991 0.999151 0
    outer loop
      vertex 48.5189 37.2215 1.2
      vertex 48.1721 37.2072 2.15
      vertex 48.5189 37.2215 2.15
    endloop
  endfacet
  facet normal -0.0411991 0.999151 0
    outer loop
      vertex 48.1721 37.2072 2.15
      vertex 48.5189 37.2215 1.2
      vertex 48.1721 37.2072 1.2
    endloop
  endfacet
  facet normal 0.0420104 0.999117 -0
    outer loop
      vertex 48.1721 37.2072 1.2
      vertex 47.8439 37.221 2.15
      vertex 48.1721 37.2072 2.15
    endloop
  endfacet
  facet normal 0.0420104 0.999117 0
    outer loop
      vertex 47.8439 37.221 2.15
      vertex 48.1721 37.2072 1.2
      vertex 47.8439 37.221 1.2
    endloop
  endfacet
  facet normal 0.140227 0.990119 -0
    outer loop
      vertex 47.8439 37.221 1.2
      vertex 47.5537 37.2621 2.15
      vertex 47.8439 37.221 2.15
    endloop
  endfacet
  facet normal 0.140227 0.990119 0
    outer loop
      vertex 47.5537 37.2621 2.15
      vertex 47.8439 37.221 1.2
      vertex 47.5537 37.2621 1.2
    endloop
  endfacet
  facet normal 0.262729 0.96487 -0
    outer loop
      vertex 47.5537 37.2621 1.2
      vertex 47.3014 37.3308 2.15
      vertex 47.5537 37.2621 2.15
    endloop
  endfacet
  facet normal 0.262729 0.96487 0
    outer loop
      vertex 47.3014 37.3308 2.15
      vertex 47.5537 37.2621 1.2
      vertex 47.3014 37.3308 1.2
    endloop
  endfacet
  facet normal 0.409178 0.912455 -0
    outer loop
      vertex 47.3014 37.3308 1.2
      vertex 47.0871 37.4269 2.15
      vertex 47.3014 37.3308 2.15
    endloop
  endfacet
  facet normal 0.409178 0.912455 0
    outer loop
      vertex 47.0871 37.4269 2.15
      vertex 47.3014 37.3308 1.2
      vertex 47.0871 37.4269 1.2
    endloop
  endfacet
  facet normal 0.575335 0.817918 -0
    outer loop
      vertex 47.0871 37.4269 1.2
      vertex 46.9084 37.5526 2.15
      vertex 47.0871 37.4269 2.15
    endloop
  endfacet
  facet normal 0.575335 0.817918 0
    outer loop
      vertex 46.9084 37.5526 2.15
      vertex 47.0871 37.4269 1.2
      vertex 46.9084 37.5526 1.2
    endloop
  endfacet
  facet normal 0.733907 0.67925 0
    outer loop
      vertex 46.9084 37.5526 2.15
      vertex 46.763 37.7097 1.2
      vertex 46.763 37.7097 2.15
    endloop
  endfacet
  facet normal 0.733907 0.67925 0
    outer loop
      vertex 46.763 37.7097 1.2
      vertex 46.9084 37.5526 2.15
      vertex 46.9084 37.5526 1.2
    endloop
  endfacet
  facet normal 0.859536 0.511075 0
    outer loop
      vertex 46.763 37.7097 2.15
      vertex 46.6508 37.8984 1.2
      vertex 46.6508 37.8984 2.15
    endloop
  endfacet
  facet normal 0.859536 0.511075 0
    outer loop
      vertex 46.6508 37.8984 1.2
      vertex 46.763 37.7097 2.15
      vertex 46.763 37.7097 1.2
    endloop
  endfacet
  facet normal 0.941306 0.337554 0
    outer loop
      vertex 46.6508 37.8984 2.15
      vertex 46.5718 38.1187 1.2
      vertex 46.5718 38.1187 2.15
    endloop
  endfacet
  facet normal 0.941306 0.337554 0
    outer loop
      vertex 46.5718 38.1187 1.2
      vertex 46.6508 37.8984 2.15
      vertex 46.6508 37.8984 1.2
    endloop
  endfacet
  facet normal -0.191497 0.981493 0
    outer loop
      vertex 46.5718 38.1187 1.2
      vertex 45.7092 37.9504 2.15
      vertex 46.5718 38.1187 2.15
    endloop
  endfacet
  facet normal -0.191497 0.981493 0
    outer loop
      vertex 45.7092 37.9504 2.15
      vertex 46.5718 38.1187 1.2
      vertex 45.7092 37.9504 1.2
    endloop
  endfacet
  facet normal -0.951573 -0.307423 0
    outer loop
      vertex 45.8246 37.5932 1.2
      vertex 45.7092 37.9504 2.15
      vertex 45.7092 37.9504 1.2
    endloop
  endfacet
  facet normal -0.951573 -0.307423 0
    outer loop
      vertex 45.7092 37.9504 2.15
      vertex 45.8246 37.5932 1.2
      vertex 45.8246 37.5932 2.15
    endloop
  endfacet
  facet normal -0.877699 -0.479213 0
    outer loop
      vertex 45.992 37.2866 1.2
      vertex 45.8246 37.5932 2.15
      vertex 45.8246 37.5932 1.2
    endloop
  endfacet
  facet normal -0.877699 -0.479213 0
    outer loop
      vertex 45.8246 37.5932 2.15
      vertex 45.992 37.2866 1.2
      vertex 45.992 37.2866 2.15
    endloop
  endfacet
  facet normal -0.759842 -0.650107 0
    outer loop
      vertex 46.2112 37.0304 1.2
      vertex 45.992 37.2866 2.15
      vertex 45.992 37.2866 1.2
    endloop
  endfacet
  facet normal -0.759842 -0.650107 0
    outer loop
      vertex 45.992 37.2866 2.15
      vertex 46.2112 37.0304 1.2
      vertex 46.2112 37.0304 2.15
    endloop
  endfacet
  facet normal -0.604412 -0.796672 0
    outer loop
      vertex 46.2112 37.0304 1.2
      vertex 46.4822 36.8248 2.15
      vertex 46.2112 37.0304 2.15
    endloop
  endfacet
  facet normal -0.604412 -0.796672 -0
    outer loop
      vertex 46.4822 36.8248 2.15
      vertex 46.2112 37.0304 1.2
      vertex 46.4822 36.8248 1.2
    endloop
  endfacet
  facet normal -0.433329 -0.901236 0
    outer loop
      vertex 46.4822 36.8248 1.2
      vertex 46.8106 36.6669 2.15
      vertex 46.4822 36.8248 2.15
    endloop
  endfacet
  facet normal -0.433329 -0.901236 -0
    outer loop
      vertex 46.8106 36.6669 2.15
      vertex 46.4822 36.8248 1.2
      vertex 46.8106 36.6669 1.2
    endloop
  endfacet
  facet normal -0.276829 -0.960919 0
    outer loop
      vertex 46.8106 36.6669 1.2
      vertex 47.2018 36.5542 2.15
      vertex 46.8106 36.6669 2.15
    endloop
  endfacet
  facet normal -0.276829 -0.960919 -0
    outer loop
      vertex 47.2018 36.5542 2.15
      vertex 46.8106 36.6669 1.2
      vertex 47.2018 36.5542 1.2
    endloop
  endfacet
  facet normal -0.147339 -0.989086 0
    outer loop
      vertex 47.2018 36.5542 1.2
      vertex 47.6556 36.4866 2.15
      vertex 47.2018 36.5542 2.15
    endloop
  endfacet
  facet normal -0.147339 -0.989086 -0
    outer loop
      vertex 47.6556 36.4866 2.15
      vertex 47.2018 36.5542 1.2
      vertex 47.6556 36.4866 1.2
    endloop
  endfacet
  facet normal -0.0437142 -0.999044 0
    outer loop
      vertex 47.6556 36.4866 1.2
      vertex 48.1721 36.464 2.15
      vertex 47.6556 36.4866 2.15
    endloop
  endfacet
  facet normal -0.0437142 -0.999044 -0
    outer loop
      vertex 48.1721 36.464 2.15
      vertex 47.6556 36.4866 1.2
      vertex 48.1721 36.464 1.2
    endloop
  endfacet
  facet normal 0.0528441 -0.998603 0
    outer loop
      vertex 48.1721 36.464 1.2
      vertex 48.705 36.4922 2.15
      vertex 48.1721 36.464 2.15
    endloop
  endfacet
  facet normal 0.0528441 -0.998603 0
    outer loop
      vertex 48.705 36.4922 2.15
      vertex 48.1721 36.464 1.2
      vertex 48.705 36.4922 1.2
    endloop
  endfacet
  facet normal 0.162065 -0.98678 0
    outer loop
      vertex 53.7225 36.4798 1.2
      vertex 54.0105 36.5271 2.15
      vertex 53.7225 36.4798 2.15
    endloop
  endfacet
  facet normal 0.162065 -0.98678 0
    outer loop
      vertex 54.0105 36.5271 2.15
      vertex 53.7225 36.4798 1.2
      vertex 54.0105 36.5271 1.2
    endloop
  endfacet
  facet normal 0.288726 -0.957412 0
    outer loop
      vertex 54.0105 36.5271 1.2
      vertex 54.2718 36.6059 2.15
      vertex 54.0105 36.5271 2.15
    endloop
  endfacet
  facet normal 0.288726 -0.957412 0
    outer loop
      vertex 54.2718 36.6059 2.15
      vertex 54.0105 36.5271 1.2
      vertex 54.2718 36.6059 1.2
    endloop
  endfacet
  facet normal 0.425946 -0.904749 0
    outer loop
      vertex 54.2718 36.6059 1.2
      vertex 54.5063 36.7163 2.15
      vertex 54.2718 36.6059 2.15
    endloop
  endfacet
  facet normal 0.425946 -0.904749 0
    outer loop
      vertex 54.5063 36.7163 2.15
      vertex 54.2718 36.6059 1.2
      vertex 54.5063 36.7163 1.2
    endloop
  endfacet
  facet normal 0.568871 -0.822427 0
    outer loop
      vertex 54.5063 36.7163 1.2
      vertex 54.7207 36.8646 2.15
      vertex 54.5063 36.7163 2.15
    endloop
  endfacet
  facet normal 0.568871 -0.822427 0
    outer loop
      vertex 54.7207 36.8646 2.15
      vertex 54.5063 36.7163 1.2
      vertex 54.7207 36.8646 1.2
    endloop
  endfacet
  facet normal 0.691508 -0.722369 0
    outer loop
      vertex 54.7207 36.8646 1.2
      vertex 54.922 37.0573 2.15
      vertex 54.7207 36.8646 2.15
    endloop
  endfacet
  facet normal 0.691508 -0.722369 0
    outer loop
      vertex 54.922 37.0573 2.15
      vertex 54.7207 36.8646 1.2
      vertex 54.922 37.0573 1.2
    endloop
  endfacet
  facet normal 0.783697 -0.621143 0
    outer loop
      vertex 54.922 37.0573 2.15
      vertex 55.11 37.2945 1.2
      vertex 55.11 37.2945 2.15
    endloop
  endfacet
  facet normal 0.783697 -0.621143 0
    outer loop
      vertex 55.11 37.2945 1.2
      vertex 54.922 37.0573 2.15
      vertex 54.922 37.0573 1.2
    endloop
  endfacet
  facet normal 0.849757 -0.527175 0
    outer loop
      vertex 55.11 37.2945 2.15
      vertex 55.2847 37.5761 1.2
      vertex 55.2847 37.5761 2.15
    endloop
  endfacet
  facet normal 0.849757 -0.527175 0
    outer loop
      vertex 55.2847 37.5761 1.2
      vertex 55.11 37.2945 2.15
      vertex 55.11 37.2945 1.2
    endloop
  endfacet
  facet normal 0 -1 0
    outer loop
      vertex 55.2847 37.5761 1.2
      vertex 55.301 37.5761 2.15
      vertex 55.2847 37.5761 2.15
    endloop
  endfacet
  facet normal 0 -1 -0
    outer loop
      vertex 55.301 37.5761 2.15
      vertex 55.2847 37.5761 1.2
      vertex 55.301 37.5761 1.2
    endloop
  endfacet
  facet normal -0.999652 -0.0263734 0
    outer loop
      vertex 55.3062 37.379 1.2
      vertex 55.301 37.5761 2.15
      vertex 55.301 37.5761 1.2
    endloop
  endfacet
  facet normal -0.999652 -0.0263734 0
    outer loop
      vertex 55.301 37.5761 2.15
      vertex 55.3062 37.379 1.2
      vertex 55.3062 37.379 2.15
    endloop
  endfacet
  facet normal -0.99953 -0.0306604 0
    outer loop
      vertex 55.3112 37.216 1.2
      vertex 55.3062 37.379 2.15
      vertex 55.3062 37.379 1.2
    endloop
  endfacet
  facet normal -0.99953 -0.0306604 0
    outer loop
      vertex 55.3062 37.379 2.15
      vertex 55.3112 37.216 1.2
      vertex 55.3112 37.216 2.15
    endloop
  endfacet
  facet normal -0.999389 -0.0349437 0
    outer loop
      vertex 55.3157 37.0873 1.2
      vertex 55.3112 37.216 2.15
      vertex 55.3112 37.216 1.2
    endloop
  endfacet
  facet normal -0.999389 -0.0349437 0
    outer loop
      vertex 55.3112 37.216 2.15
      vertex 55.3157 37.0873 1.2
      vertex 55.3157 37.0873 2.15
    endloop
  endfacet
  facet normal -0.999012 -0.0444476 0
    outer loop
      vertex 55.3199 36.9929 1.2
      vertex 55.3157 37.0873 2.15
      vertex 55.3157 37.0873 1.2
    endloop
  endfacet
  facet normal -0.999012 -0.0444476 0
    outer loop
      vertex 55.3157 37.0873 2.15
      vertex 55.3199 36.9929 1.2
      vertex 55.3199 36.9929 2.15
    endloop
  endfacet
  facet normal -0.998585 -0.0531869 0
    outer loop
      vertex 55.3239 36.9178 1.2
      vertex 55.3199 36.9929 2.15
      vertex 55.3199 36.9929 1.2
    endloop
  endfacet
  facet normal -0.998585 -0.0531869 0
    outer loop
      vertex 55.3199 36.9929 2.15
      vertex 55.3239 36.9178 1.2
      vertex 55.3239 36.9178 2.15
    endloop
  endfacet
  facet normal -0.998773 -0.0495143 0
    outer loop
      vertex 55.3274 36.8472 1.2
      vertex 55.3239 36.9178 2.15
      vertex 55.3239 36.9178 1.2
    endloop
  endfacet
  facet normal -0.998773 -0.0495143 0
    outer loop
      vertex 55.3239 36.9178 2.15
      vertex 55.3274 36.8472 1.2
      vertex 55.3274 36.8472 2.15
    endloop
  endfacet
  facet normal -0.998764 -0.0497122 0
    outer loop
      vertex 55.3307 36.7809 1.2
      vertex 55.3274 36.8472 2.15
      vertex 55.3274 36.8472 1.2
    endloop
  endfacet
  facet normal -0.998764 -0.0497122 0
    outer loop
      vertex 55.3274 36.8472 2.15
      vertex 55.3307 36.7809 1.2
      vertex 55.3307 36.7809 2.15
    endloop
  endfacet
  facet normal -0.998978 -0.045188 0
    outer loop
      vertex 55.3335 36.719 1.2
      vertex 55.3307 36.7809 2.15
      vertex 55.3307 36.7809 1.2
    endloop
  endfacet
  facet normal -0.998978 -0.045188 0
    outer loop
      vertex 55.3307 36.7809 2.15
      vertex 55.3335 36.719 1.2
      vertex 55.3335 36.719 2.15
    endloop
  endfacet
  facet normal -0.998653 -0.0518781 0
    outer loop
      vertex 55.3363 36.6651 1.2
      vertex 55.3335 36.719 2.15
      vertex 55.3335 36.719 1.2
    endloop
  endfacet
  facet normal -0.998653 -0.0518781 0
    outer loop
      vertex 55.3335 36.719 2.15
      vertex 55.3363 36.6651 1.2
      vertex 55.3363 36.6651 2.15
    endloop
  endfacet
  facet normal -0.997979 -0.0635505 0
    outer loop
      vertex 55.339 36.6227 1.2
      vertex 55.3363 36.6651 2.15
      vertex 55.3363 36.6651 1.2
    endloop
  endfacet
  facet normal -0.997979 -0.0635505 0
    outer loop
      vertex 55.3363 36.6651 2.15
      vertex 55.339 36.6227 1.2
      vertex 55.339 36.6227 2.15
    endloop
  endfacet
  facet normal -0.996204 -0.087047 0
    outer loop
      vertex 55.3417 36.5918 1.2
      vertex 55.339 36.6227 2.15
      vertex 55.339 36.6227 1.2
    endloop
  endfacet
  facet normal -0.996204 -0.087047 0
    outer loop
      vertex 55.339 36.6227 2.15
      vertex 55.3417 36.5918 1.2
      vertex 55.3417 36.5918 2.15
    endloop
  endfacet
  facet normal -0.990356 -0.138547 0
    outer loop
      vertex 55.3444 36.5725 1.2
      vertex 55.3417 36.5918 2.15
      vertex 55.3417 36.5918 1.2
    endloop
  endfacet
  facet normal -0.990356 -0.138547 0
    outer loop
      vertex 55.3417 36.5918 2.15
      vertex 55.3444 36.5725 1.2
      vertex 55.3444 36.5725 2.15
    endloop
  endfacet
  facet normal 0 -1 0
    outer loop
      vertex 55.3444 36.5725 1.2
      vertex 56.2667 36.5725 2.15
      vertex 55.3444 36.5725 2.15
    endloop
  endfacet
  facet normal 0 -1 -0
    outer loop
      vertex 56.2667 36.5725 2.15
      vertex 55.3444 36.5725 1.2
      vertex 56.2667 36.5725 1.2
    endloop
  endfacet
  facet normal 0.996211 0.0869708 0
    outer loop
      vertex 56.2667 36.5725 2.15
      vertex 56.2524 36.7363 1.2
      vertex 56.2524 36.7363 2.15
    endloop
  endfacet
  facet normal 0.996211 0.0869708 0
    outer loop
      vertex 56.2524 36.7363 1.2
      vertex 56.2667 36.5725 2.15
      vertex 56.2667 36.5725 1.2
    endloop
  endfacet
  facet normal 0.999251 0.0386954 0
    outer loop
      vertex 56.2524 36.7363 2.15
      vertex 56.2422 36.9997 1.2
      vertex 56.2422 36.9997 2.15
    endloop
  endfacet
  facet normal 0.999251 0.0386954 0
    outer loop
      vertex 56.2422 36.9997 1.2
      vertex 56.2524 36.7363 2.15
      vertex 56.2524 36.7363 1.2
    endloop
  endfacet
  facet normal 0.999859 0.0167928 0
    outer loop
      vertex 56.2422 36.9997 2.15
      vertex 56.2361 37.3629 1.2
      vertex 56.2361 37.3629 2.15
    endloop
  endfacet
  facet normal 0.999859 0.0167928 0
    outer loop
      vertex 56.2361 37.3629 1.2
      vertex 56.2422 36.9997 2.15
      vertex 56.2422 36.9997 1.2
    endloop
  endfacet
  facet normal 0.999991 0.00432148 0
    outer loop
      vertex 56.2361 37.3629 2.15
      vertex 56.2341 37.8257 1.2
      vertex 56.2341 37.8257 2.15
    endloop
  endfacet
  facet normal 0.999991 0.00432148 0
    outer loop
      vertex 56.2341 37.8257 1.2
      vertex 56.2361 37.3629 2.15
      vertex 56.2361 37.3629 1.2
    endloop
  endfacet
  facet normal 1 -0 0
    outer loop
      vertex 56.2341 37.8257 2.15
      vertex 56.2341 42.4423 1.2
      vertex 56.2341 42.4423 2.15
    endloop
  endfacet
  facet normal 1 0 0
    outer loop
      vertex 56.2341 42.4423 1.2
      vertex 56.2341 37.8257 2.15
      vertex 56.2341 37.8257 1.2
    endloop
  endfacet
  facet normal 0 1 -0
    outer loop
      vertex 56.2341 42.4423 1.2
      vertex 55.2576 42.4423 2.15
      vertex 56.2341 42.4423 2.15
    endloop
  endfacet
  facet normal 0 1 0
    outer loop
      vertex 55.2576 42.4423 2.15
      vertex 56.2341 42.4423 1.2
      vertex 55.2576 42.4423 1.2
    endloop
  endfacet
  facet normal -1 0 0
    outer loop
      vertex 55.2576 39.0409 1.2
      vertex 55.2576 42.4423 2.15
      vertex 55.2576 42.4423 1.2
    endloop
  endfacet
  facet normal -1 -0 0
    outer loop
      vertex 55.2576 42.4423 2.15
      vertex 55.2576 39.0409 1.2
      vertex 55.2576 39.0409 2.15
    endloop
  endfacet
  facet normal -0.998041 0.0625623 0
    outer loop
      vertex 55.2322 38.6357 1.2
      vertex 55.2576 39.0409 2.15
      vertex 55.2576 39.0409 1.2
    endloop
  endfacet
  facet normal -0.998041 0.0625623 0
    outer loop
      vertex 55.2576 39.0409 2.15
      vertex 55.2322 38.6357 1.2
      vertex 55.2322 38.6357 2.15
    endloop
  endfacet
  facet normal -0.978081 0.208224 0
    outer loop
      vertex 55.1559 38.2773 1.2
      vertex 55.2322 38.6357 2.15
      vertex 55.2322 38.6357 1.2
    endloop
  endfacet
  facet normal -0.978081 0.208224 0
    outer loop
      vertex 55.2322 38.6357 2.15
      vertex 55.1559 38.2773 1.2
      vertex 55.1559 38.2773 2.15
    endloop
  endfacet
  facet normal -0.925831 0.377939 0
    outer loop
      vertex 55.0287 37.9657 1.2
      vertex 55.1559 38.2773 2.15
      vertex 55.1559 38.2773 1.2
    endloop
  endfacet
  facet normal -0.925831 0.377939 0
    outer loop
      vertex 55.1559 38.2773 2.15
      vertex 55.0287 37.9657 1.2
      vertex 55.0287 37.9657 2.15
    endloop
  endfacet
  facet normal -0.829923 0.557879 0
    outer loop
      vertex 54.8507 37.7009 1.2
      vertex 55.0287 37.9657 2.15
      vertex 55.0287 37.9657 1.2
    endloop
  endfacet
  facet normal -0.829923 0.557879 0
    outer loop
      vertex 55.0287 37.9657 2.15
      vertex 54.8507 37.7009 1.2
      vertex 54.8507 37.7009 2.15
    endloop
  endfacet
  facet normal -0.689101 0.724665 0
    outer loop
      vertex 54.8507 37.7009 1.2
      vertex 54.6286 37.4897 2.15
      vertex 54.8507 37.7009 2.15
    endloop
  endfacet
  facet normal -0.689101 0.724665 0
    outer loop
      vertex 54.6286 37.4897 2.15
      vertex 54.8507 37.7009 1.2
      vertex 54.6286 37.4897 1.2
    endloop
  endfacet
  facet normal -0.50298 0.864298 0
    outer loop
      vertex 54.6286 37.4897 1.2
      vertex 54.3693 37.3388 2.15
      vertex 54.6286 37.4897 2.15
    endloop
  endfacet
  facet normal -0.50298 0.864298 0
    outer loop
      vertex 54.3693 37.3388 2.15
      vertex 54.6286 37.4897 1.2
      vertex 54.3693 37.3388 1.2
    endloop
  endfacet
  facet normal -0.291752 0.956494 0
    outer loop
      vertex 54.3693 37.3388 1.2
      vertex 54.0726 37.2483 2.15
      vertex 54.3693 37.3388 2.15
    endloop
  endfacet
  facet normal -0.291752 0.956494 0
    outer loop
      vertex 54.0726 37.2483 2.15
      vertex 54.3693 37.3388 1.2
      vertex 54.0726 37.2483 1.2
    endloop
  endfacet
  facet normal -0.0900518 0.995937 0
    outer loop
      vertex 54.0726 37.2483 1.2
      vertex 53.7386 37.2181 2.15
      vertex 54.0726 37.2483 2.15
    endloop
  endfacet
  facet normal -0.0900518 0.995937 0
    outer loop
      vertex 53.7386 37.2181 2.15
      vertex 54.0726 37.2483 1.2
      vertex 53.7386 37.2181 1.2
    endloop
  endfacet
  facet normal 0.0387715 0.999248 -0
    outer loop
      vertex 53.7386 37.2181 1.2
      vertex 53.5118 37.2269 2.15
      vertex 53.7386 37.2181 2.15
    endloop
  endfacet
  facet normal 0.0387715 0.999248 0
    outer loop
      vertex 53.5118 37.2269 2.15
      vertex 53.7386 37.2181 1.2
      vertex 53.5118 37.2269 1.2
    endloop
  endfacet
  facet normal 0.132853 0.991136 -0
    outer loop
      vertex 53.5118 37.2269 1.2
      vertex 53.3141 37.2534 2.15
      vertex 53.5118 37.2269 2.15
    endloop
  endfacet
  facet normal 0.132853 0.991136 0
    outer loop
      vertex 53.3141 37.2534 2.15
      vertex 53.5118 37.2269 1.2
      vertex 53.3141 37.2534 1.2
    endloop
  endfacet
  facet normal 0.252656 0.967556 -0
    outer loop
      vertex 53.3141 37.2534 1.2
      vertex 53.1456 37.2974 2.15
      vertex 53.3141 37.2534 2.15
    endloop
  endfacet
  facet normal 0.252656 0.967556 0
    outer loop
      vertex 53.1456 37.2974 2.15
      vertex 53.3141 37.2534 1.2
      vertex 53.1456 37.2974 1.2
    endloop
  endfacet
  facet normal 0.404738 0.914433 -0
    outer loop
      vertex 53.1456 37.2974 1.2
      vertex 53.0062 37.3591 2.15
      vertex 53.1456 37.2974 2.15
    endloop
  endfacet
  facet normal 0.404738 0.914433 0
    outer loop
      vertex 53.0062 37.3591 2.15
      vertex 53.1456 37.2974 1.2
      vertex 53.0062 37.3591 1.2
    endloop
  endfacet
  facet normal 0.575302 0.817941 -0
    outer loop
      vertex 53.0062 37.3591 1.2
      vertex 52.8899 37.4409 2.15
      vertex 53.0062 37.3591 2.15
    endloop
  endfacet
  facet normal 0.575302 0.817941 0
    outer loop
      vertex 52.8899 37.4409 2.15
      vertex 53.0062 37.3591 1.2
      vertex 52.8899 37.4409 1.2
    endloop
  endfacet
  facet normal 0.723592 0.690228 0
    outer loop
      vertex 52.8899 37.4409 2.15
      vertex 52.7906 37.545 1.2
      vertex 52.7906 37.545 2.15
    endloop
  endfacet
  facet normal 0.723592 0.690228 0
    outer loop
      vertex 52.7906 37.545 1.2
      vertex 52.8899 37.4409 2.15
      vertex 52.8899 37.4409 1.2
    endloop
  endfacet
  facet normal 0.837716 0.546106 0
    outer loop
      vertex 52.7906 37.545 2.15
      vertex 52.7082 37.6714 1.2
      vertex 52.7082 37.6714 2.15
    endloop
  endfacet
  facet normal 0.837716 0.546106 0
    outer loop
      vertex 52.7082 37.6714 1.2
      vertex 52.7906 37.545 2.15
      vertex 52.7906 37.545 1.2
    endloop
  endfacet
  facet normal 0.915351 0.402656 0
    outer loop
      vertex 52.7082 37.6714 2.15
      vertex 52.6427 37.8203 1.2
      vertex 52.6427 37.8203 2.15
    endloop
  endfacet
  facet normal 0.915351 0.402656 0
    outer loop
      vertex 52.6427 37.8203 1.2
      vertex 52.7082 37.6714 2.15
      vertex 52.7082 37.6714 1.2
    endloop
  endfacet
  facet normal 0.962344 0.271836 0
    outer loop
      vertex 52.6427 37.8203 2.15
      vertex 52.5929 37.9966 1.2
      vertex 52.5929 37.9966 2.15
    endloop
  endfacet
  facet normal 0.962344 0.271836 0
    outer loop
      vertex 52.5929 37.9966 1.2
      vertex 52.6427 37.8203 2.15
      vertex 52.6427 37.8203 1.2
    endloop
  endfacet
  facet normal 0.985775 0.168073 0
    outer loop
      vertex 52.5929 37.9966 2.15
      vertex 52.5573 38.2054 1.2
      vertex 52.5573 38.2054 2.15
    endloop
  endfacet
  facet normal 0.985775 0.168073 0
    outer loop
      vertex 52.5573 38.2054 1.2
      vertex 52.5929 37.9966 2.15
      vertex 52.5929 37.9966 1.2
    endloop
  endfacet
  facet normal 0.996097 0.088267 0
    outer loop
      vertex 52.5573 38.2054 2.15
      vertex 52.5359 38.4469 1.2
      vertex 52.5359 38.4469 2.15
    endloop
  endfacet
  facet normal 0.996097 0.088267 0
    outer loop
      vertex 52.5359 38.4469 1.2
      vertex 52.5573 38.2054 2.15
      vertex 52.5573 38.2054 1.2
    endloop
  endfacet
  facet normal 0.999664 0.0259132 0
    outer loop
      vertex 52.5359 38.4469 2.15
      vertex 52.5288 38.7208 1.2
      vertex 52.5288 38.7208 2.15
    endloop
  endfacet
  facet normal 0.999664 0.0259132 0
    outer loop
      vertex 52.5288 38.7208 1.2
      vertex 52.5359 38.4469 2.15
      vertex 52.5359 38.4469 1.2
    endloop
  endfacet
  facet normal 1 -0 0
    outer loop
      vertex 52.5288 38.7208 2.15
      vertex 52.5288 42.4423 1.2
      vertex 52.5288 42.4423 2.15
    endloop
  endfacet
  facet normal 1 0 0
    outer loop
      vertex 52.5288 42.4423 1.2
      vertex 52.5288 38.7208 2.15
      vertex 52.5288 38.7208 1.2
    endloop
  endfacet
  facet normal 0 1 -0
    outer loop
      vertex 52.5288 42.4423 1.2
      vertex 51.5469 42.4423 2.15
      vertex 52.5288 42.4423 2.15
    endloop
  endfacet
  facet normal 0 1 0
    outer loop
      vertex 51.5469 42.4423 2.15
      vertex 52.5288 42.4423 1.2
      vertex 51.5469 42.4423 1.2
    endloop
  endfacet
  facet normal -1 0 0
    outer loop
      vertex 51.5469 38.5309 1.2
      vertex 51.5469 42.4423 2.15
      vertex 51.5469 42.4423 1.2
    endloop
  endfacet
  facet normal -1 -0 0
    outer loop
      vertex 51.5469 42.4423 2.15
      vertex 51.5469 38.5309 1.2
      vertex 51.5469 38.5309 2.15
    endloop
  endfacet
  facet normal -0.998521 -0.054373 0
    outer loop
      vertex 51.5749 38.0167 1.2
      vertex 51.5469 38.5309 2.15
      vertex 51.5469 38.5309 1.2
    endloop
  endfacet
  facet normal -0.998521 -0.054373 0
    outer loop
      vertex 51.5469 38.5309 2.15
      vertex 51.5749 38.0167 1.2
      vertex 51.5749 38.0167 2.15
    endloop
  endfacet
  facet normal -0.981968 -0.189048 0
    outer loop
      vertex 51.6588 37.5809 1.2
      vertex 51.5749 38.0167 2.15
      vertex 51.5749 38.0167 1.2
    endloop
  endfacet
  facet normal -0.981968 -0.189048 0
    outer loop
      vertex 51.5749 38.0167 2.15
      vertex 51.6588 37.5809 1.2
      vertex 51.6588 37.5809 2.15
    endloop
  endfacet
  facet normal -0.931358 -0.364105 0
    outer loop
      vertex 51.7986 37.2233 1.2
      vertex 51.6588 37.5809 2.15
      vertex 51.6588 37.5809 1.2
    endloop
  endfacet
  facet normal -0.931358 -0.364105 0
    outer loop
      vertex 51.6588 37.5809 2.15
      vertex 51.7986 37.2233 1.2
      vertex 51.7986 37.2233 2.15
    endloop
  endfacet
  facet normal -0.818736 -0.574171 0
    outer loop
      vertex 51.9944 36.9441 1.2
      vertex 51.7986 37.2233 2.15
      vertex 51.7986 37.2233 1.2
    endloop
  endfacet
  facet normal -0.818736 -0.574171 0
    outer loop
      vertex 51.7986 37.2233 2.15
      vertex 51.9944 36.9441 1.2
      vertex 51.9944 36.9441 2.15
    endloop
  endfacet
  facet normal -0.633928 -0.773392 0
    outer loop
      vertex 51.9944 36.9441 1.2
      vertex 52.2506 36.7341 2.15
      vertex 51.9944 36.9441 2.15
    endloop
  endfacet
  facet normal -0.633928 -0.773392 -0
    outer loop
      vertex 52.2506 36.7341 2.15
      vertex 51.9944 36.9441 1.2
      vertex 52.2506 36.7341 1.2
    endloop
  endfacet
  facet normal -0.423689 -0.905808 0
    outer loop
      vertex 52.2506 36.7341 1.2
      vertex 52.5715 36.584 2.15
      vertex 52.2506 36.7341 2.15
    endloop
  endfacet
  facet normal -0.423689 -0.905808 -0
    outer loop
      vertex 52.5715 36.584 2.15
      vertex 52.2506 36.7341 1.2
      vertex 52.5715 36.584 1.2
    endloop
  endfacet
  facet normal -0.227238 -0.973839 0
    outer loop
      vertex 52.5715 36.584 1.2
      vertex 52.9572 36.494 2.15
      vertex 52.5715 36.584 2.15
    endloop
  endfacet
  facet normal -0.227238 -0.973839 -0
    outer loop
      vertex 52.9572 36.494 2.15
      vertex 52.5715 36.584 1.2
      vertex 52.9572 36.494 1.2
    endloop
  endfacet
  facet normal -0.0664455 -0.99779 0
    outer loop
      vertex 52.9572 36.494 1.2
      vertex 53.4077 36.464 2.15
      vertex 52.9572 36.494 2.15
    endloop
  endfacet
  facet normal -0.0664455 -0.99779 -0
    outer loop
      vertex 53.4077 36.464 2.15
      vertex 52.9572 36.494 1.2
      vertex 53.4077 36.464 1.2
    endloop
  endfacet
  facet normal 0.0501275 -0.998743 0
    outer loop
      vertex 53.4077 36.464 1.2
      vertex 53.7225 36.4798 2.15
      vertex 53.4077 36.464 2.15
    endloop
  endfacet
  facet normal 0.0501275 -0.998743 0
    outer loop
      vertex 53.7225 36.4798 2.15
      vertex 53.4077 36.464 1.2
      vertex 53.7225 36.4798 1.2
    endloop
  endfacet
  facet normal -0 0 1
    outer loop
      vertex 69.0923 33.9232 2.15
      vertex 70.0688 32.9901 2.15
      vertex 70.0688 33.9232 2.15
    endloop
  endfacet
  facet normal 0 0 1
    outer loop
      vertex 70.0688 32.9901 2.15
      vertex 69.0923 33.9232 2.15
      vertex 69.0923 32.9901 2.15
    endloop
  endfacet
  facet normal 0 0 1
    outer loop
      vertex 78.6009 27.0823 2.15
      vertex 77.601 29.4221 2.15
      vertex 77.6244 28.8779 2.15
    endloop
  endfacet
  facet normal 0 0 1
    outer loop
      vertex 77.6353 30.831 2.15
      vertex 77.5308 29.8884 2.15
      vertex 77.601 29.4221 2.15
    endloop
  endfacet
  facet normal 0 0 1
    outer loop
      vertex 77.2501 30.5868 2.15
      vertex 77.6244 30.831 2.15
      vertex 77.4779 31.0788 2.15
    endloop
  endfacet
  facet normal 0 0 1
    outer loop
      vertex 77.6353 30.831 2.15
      vertex 77.4138 30.2766 2.15
      vertex 77.5308 29.8884 2.15
    endloop
  endfacet
  facet normal 0 0 1
    outer loop
      vertex 77.0351 30.8241 2.15
      vertex 77.4779 31.0788 2.15
      vertex 77.3097 31.2907 2.15
    endloop
  endfacet
  facet normal 0 0 1
    outer loop
      vertex 77.6244 30.831 2.15
      vertex 77.2501 30.5868 2.15
      vertex 77.4138 30.2766 2.15
    endloop
  endfacet
  facet normal 0 0 1
    outer loop
      vertex 76.7645 30.9937 2.15
      vertex 77.3097 31.2907 2.15
      vertex 77.1198 31.4666 2.15
    endloop
  endfacet
  facet normal 0 0 1
    outer loop
      vertex 77.4779 31.0788 2.15
      vertex 77.0351 30.8241 2.15
      vertex 77.2501 30.5868 2.15
    endloop
  endfacet
  facet normal 0 0 1
    outer loop
      vertex 76.7645 30.9937 2.15
      vertex 77.1198 31.4666 2.15
      vertex 76.9082 31.6067 2.15
    endloop
  endfacet
  facet normal 0 0 1
    outer loop
      vertex 77.3097 31.2907 2.15
      vertex 76.7645 30.9937 2.15
      vertex 77.0351 30.8241 2.15
    endloop
  endfacet
  facet normal 0 0 1
    outer loop
      vertex 76.4383 31.0954 2.15
      vertex 76.9082 31.6067 2.15
      vertex 76.6719 31.7135 2.15
    endloop
  endfacet
  facet normal 0 0 1
    outer loop
      vertex 76.9082 31.6067 2.15
      vertex 76.4383 31.0954 2.15
      vertex 76.7645 30.9937 2.15
    endloop
  endfacet
  facet normal 0 0 1
    outer loop
      vertex 76.4078 31.7898 2.15
      vertex 76.4383 31.0954 2.15
      vertex 76.6719 31.7135 2.15
    endloop
  endfacet
  facet normal 0 0 1
    outer loop
      vertex 76.0565 31.1293 2.15
      vertex 76.4078 31.7898 2.15
      vertex 76.1159 31.8356 2.15
    endloop
  endfacet
  facet normal 0 0 1
    outer loop
      vertex 76.4078 31.7898 2.15
      vertex 76.0565 31.1293 2.15
      vertex 76.4383 31.0954 2.15
    endloop
  endfacet
  facet normal 0 0 1
    outer loop
      vertex 75.7961 31.8508 2.15
      vertex 76.0565 31.1293 2.15
      vertex 76.1159 31.8356 2.15
    endloop
  endfacet
  facet normal 0 0 1
    outer loop
      vertex 75.7961 31.8508 2.15
      vertex 75.7133 31.0952 2.15
      vertex 76.0565 31.1293 2.15
    endloop
  endfacet
  facet normal 0 0 1
    outer loop
      vertex 75.7961 31.8508 2.15
      vertex 75.4212 30.993 2.15
      vertex 75.7133 31.0952 2.15
    endloop
  endfacet
  facet normal -0 0 1
    outer loop
      vertex 74.8515 31.6589 2.15
      vertex 75.4212 30.993 2.15
      vertex 75.7961 31.8508 2.15
    endloop
  endfacet
  facet normal 0 0 1
    outer loop
      vertex 75.4212 30.993 2.15
      vertex 74.8515 31.6589 2.15
      vertex 75.1803 30.8226 2.15
    endloop
  endfacet
  facet normal -0 0 1
    outer loop
      vertex 74.1768 31.0832 2.15
      vertex 75.1803 30.8226 2.15
      vertex 74.8515 31.6589 2.15
    endloop
  endfacet
  facet normal 0 0 1
    outer loop
      vertex 75.1803 30.8226 2.15
      vertex 74.1768 31.0832 2.15
      vertex 74.9905 30.5841 2.15
    endloop
  endfacet
  facet normal 0 0 1
    outer loop
      vertex 74.9905 30.5841 2.15
      vertex 74.1768 31.0832 2.15
      vertex 74.8469 30.2689 2.15
    endloop
  endfacet
  facet normal 0 0 1
    outer loop
      vertex 73.772 30.1237 2.15
      vertex 74.8469 30.2689 2.15
      vertex 74.1768 31.0832 2.15
    endloop
  endfacet
  facet normal 0 0 1
    outer loop
      vertex 73.637 28.7803 2.15
      vertex 74.6623 28.8128 2.15
      vertex 74.6828 29.3833 2.15
    endloop
  endfacet
  facet normal 0 0 1
    outer loop
      vertex 74.8469 30.2689 2.15
      vertex 73.772 30.1237 2.15
      vertex 74.7444 29.8687 2.15
    endloop
  endfacet
  facet normal 0 0 1
    outer loop
      vertex 74.7444 29.8687 2.15
      vertex 73.772 30.1237 2.15
      vertex 74.6828 29.3833 2.15
    endloop
  endfacet
  facet normal 0 0 1
    outer loop
      vertex 74.6623 28.8128 2.15
      vertex 73.637 28.7803 2.15
      vertex 73.6697 28.069 2.15
    endloop
  endfacet
  facet normal 0 0 1
    outer loop
      vertex 74.6623 28.8128 2.15
      vertex 73.6697 28.069 2.15
      vertex 73.7679 27.4539 2.15
    endloop
  endfacet
  facet normal 0 0 1
    outer loop
      vertex 74.6828 29.3833 2.15
      vertex 73.772 30.1237 2.15
      vertex 73.637 28.7803 2.15
    endloop
  endfacet
  facet normal 0 0 1
    outer loop
      vertex 74.6623 28.8128 2.15
      vertex 73.7679 27.4539 2.15
      vertex 73.9315 26.9351 2.15
    endloop
  endfacet
  facet normal 0 -0 1
    outer loop
      vertex 74.1605 26.5127 2.15
      vertex 74.6623 28.8128 2.15
      vertex 73.9315 26.9351 2.15
    endloop
  endfacet
  facet normal 0 0 1
    outer loop
      vertex 74.6623 28.8128 2.15
      vertex 74.1605 26.5127 2.15
      vertex 74.4591 26.1851 2.15
    endloop
  endfacet
  facet normal -0 0 1
    outer loop
      vertex 77.6353 30.831 2.15
      vertex 78.6009 27.0823 2.15
      vertex 78.6009 33.9232 2.15
    endloop
  endfacet
  facet normal 0 -0 1
    outer loop
      vertex 77.6472 26.6971 2.15
      vertex 78.6009 27.0823 2.15
      vertex 77.6461 26.8164 2.15
    endloop
  endfacet
  facet normal 0 -0 1
    outer loop
      vertex 77.6744 26.1309 2.15
      vertex 78.6009 27.0823 2.15
      vertex 77.665 26.2739 2.15
    endloop
  endfacet
  facet normal 0 -0 1
    outer loop
      vertex 77.692 25.9301 2.15
      vertex 78.6009 27.0823 2.15
      vertex 77.6834 26.0163 2.15
    endloop
  endfacet
  facet normal 0 0 1
    outer loop
      vertex 78.6009 27.0823 2.15
      vertex 77.692 25.9301 2.15
      vertex 77.7003 25.8725 2.15
    endloop
  endfacet
  facet normal 0 -0 1
    outer loop
      vertex 77.6834 26.0163 2.15
      vertex 78.6009 27.0823 2.15
      vertex 77.6744 26.1309 2.15
    endloop
  endfacet
  facet normal 0 0 1
    outer loop
      vertex 78.6009 27.0823 2.15
      vertex 77.6567 26.4258 2.15
      vertex 77.665 26.2739 2.15
    endloop
  endfacet
  facet normal 0 0 1
    outer loop
      vertex 78.6009 27.0823 2.15
      vertex 77.6508 26.5669 2.15
      vertex 77.6567 26.4258 2.15
    endloop
  endfacet
  facet normal 0 0 1
    outer loop
      vertex 78.6009 27.0823 2.15
      vertex 77.6472 26.6971 2.15
      vertex 77.6508 26.5669 2.15
    endloop
  endfacet
  facet normal -0 0 1
    outer loop
      vertex 77.601 29.4221 2.15
      vertex 78.6009 27.0823 2.15
      vertex 77.6353 30.831 2.15
    endloop
  endfacet
  facet normal 0 0 1
    outer loop
      vertex 77.6244 31.4874 2.15
      vertex 78.6009 33.9232 2.15
      vertex 77.6244 33.9232 2.15
    endloop
  endfacet
  facet normal 0 0 1
    outer loop
      vertex 78.6009 33.9232 2.15
      vertex 77.6244 31.4874 2.15
      vertex 77.6353 30.831 2.15
    endloop
  endfacet
  facet normal 0 0 1
    outer loop
      vertex 78.6192 26.058 2.15
      vertex 77.7003 25.8725 2.15
      vertex 78.6334 25.8725 2.15
    endloop
  endfacet
  facet normal 0 0 1
    outer loop
      vertex 78.609 26.3214 2.15
      vertex 77.7003 25.8725 2.15
      vertex 78.6192 26.058 2.15
    endloop
  endfacet
  facet normal 0 0 1
    outer loop
      vertex 78.6029 26.6629 2.15
      vertex 77.7003 25.8725 2.15
      vertex 78.609 26.3214 2.15
    endloop
  endfacet
  facet normal 0 0 1
    outer loop
      vertex 77.7003 25.8725 2.15
      vertex 78.6029 26.6629 2.15
      vertex 78.6009 27.0823 2.15
    endloop
  endfacet
  facet normal 0 0 1
    outer loop
      vertex 77.4138 30.2766 2.15
      vertex 77.6353 30.831 2.15
      vertex 77.6244 30.831 2.15
    endloop
  endfacet
  facet normal -0 0 1
    outer loop
      vertex 77.601 28.3127 2.15
      vertex 78.6009 27.0823 2.15
      vertex 77.6244 28.8779 2.15
    endloop
  endfacet
  facet normal -0 0 1
    outer loop
      vertex 77.5308 27.8269 2.15
      vertex 78.6009 27.0823 2.15
      vertex 77.601 28.3127 2.15
    endloop
  endfacet
  facet normal -0 0 1
    outer loop
      vertex 77.4138 27.4203 2.15
      vertex 78.6009 27.0823 2.15
      vertex 77.5308 27.8269 2.15
    endloop
  endfacet
  facet normal 0 0 1
    outer loop
      vertex 78.6009 27.0823 2.15
      vertex 77.4138 27.4203 2.15
      vertex 77.6461 26.8164 2.15
    endloop
  endfacet
  facet normal 0 0 1
    outer loop
      vertex 77.6461 26.8164 2.15
      vertex 77.4138 27.4203 2.15
      vertex 77.6244 26.8164 2.15
    endloop
  endfacet
  facet normal -0 0 1
    outer loop
      vertex 77.2501 27.0932 2.15
      vertex 77.6244 26.8164 2.15
      vertex 77.4138 27.4203 2.15
    endloop
  endfacet
  facet normal 0 0 1
    outer loop
      vertex 77.6244 26.8164 2.15
      vertex 77.2501 27.0932 2.15
      vertex 77.4777 26.5544 2.15
    endloop
  endfacet
  facet normal -0 0 1
    outer loop
      vertex 77.0344 26.8416 2.15
      vertex 77.4777 26.5544 2.15
      vertex 77.2501 27.0932 2.15
    endloop
  endfacet
  facet normal 0 0 1
    outer loop
      vertex 77.4777 26.5544 2.15
      vertex 77.0344 26.8416 2.15
      vertex 77.309 26.3323 2.15
    endloop
  endfacet
  facet normal -0 0 1
    outer loop
      vertex 76.7618 26.6619 2.15
      vertex 77.309 26.3323 2.15
      vertex 77.0344 26.8416 2.15
    endloop
  endfacet
  facet normal 0 0 1
    outer loop
      vertex 77.309 26.3323 2.15
      vertex 76.7618 26.6619 2.15
      vertex 77.1183 26.1502 2.15
    endloop
  endfacet
  facet normal 0 0 1
    outer loop
      vertex 77.1183 26.1502 2.15
      vertex 76.7618 26.6619 2.15
      vertex 76.9055 26.0081 2.15
    endloop
  endfacet
  facet normal -0 0 1
    outer loop
      vertex 76.4323 26.554 2.15
      vertex 76.9055 26.0081 2.15
      vertex 76.7618 26.6619 2.15
    endloop
  endfacet
  facet normal 0 0 1
    outer loop
      vertex 76.9055 26.0081 2.15
      vertex 76.4323 26.554 2.15
      vertex 76.6684 25.9013 2.15
    endloop
  endfacet
  facet normal 0 0 1
    outer loop
      vertex 76.4323 26.554 2.15
      vertex 76.4044 25.825 2.15
      vertex 76.6684 25.9013 2.15
    endloop
  endfacet
  facet normal -0 0 1
    outer loop
      vertex 76.0457 26.5181 2.15
      vertex 76.4044 25.825 2.15
      vertex 76.4323 26.554 2.15
    endloop
  endfacet
  facet normal 0 0 1
    outer loop
      vertex 76.4044 25.825 2.15
      vertex 76.0457 26.5181 2.15
      vertex 76.1137 25.7793 2.15
    endloop
  endfacet
  facet normal 0 0 1
    outer loop
      vertex 76.0457 26.5181 2.15
      vertex 75.7961 25.764 2.15
      vertex 76.1137 25.7793 2.15
    endloop
  endfacet
  facet normal 0 0 1
    outer loop
      vertex 75.705 26.5513 2.15
      vertex 75.7961 25.764 2.15
      vertex 76.0457 26.5181 2.15
    endloop
  endfacet
  facet normal 0 0 1
    outer loop
      vertex 75.2769 25.8108 2.15
      vertex 75.705 26.5513 2.15
      vertex 75.4151 26.651 2.15
    endloop
  endfacet
  facet normal 0 0 1
    outer loop
      vertex 75.705 26.5513 2.15
      vertex 75.2769 25.8108 2.15
      vertex 75.7961 25.764 2.15
    endloop
  endfacet
  facet normal 0 0 1
    outer loop
      vertex 74.8312 25.9512 2.15
      vertex 75.4151 26.651 2.15
      vertex 75.176 26.8171 2.15
    endloop
  endfacet
  facet normal 0 0 1
    outer loop
      vertex 74.4591 26.1851 2.15
      vertex 75.176 26.8171 2.15
      vertex 74.9878 27.0497 2.15
    endloop
  endfacet
  facet normal 0 0 1
    outer loop
      vertex 74.4591 26.1851 2.15
      vertex 74.9878 27.0497 2.15
      vertex 74.8454 27.3593 2.15
    endloop
  endfacet
  facet normal 0 0 1
    outer loop
      vertex 75.4151 26.651 2.15
      vertex 74.8312 25.9512 2.15
      vertex 75.2769 25.8108 2.15
    endloop
  endfacet
  facet normal 0 0 1
    outer loop
      vertex 74.4591 26.1851 2.15
      vertex 74.8454 27.3593 2.15
      vertex 74.7437 27.7563 2.15
    endloop
  endfacet
  facet normal 0 0 1
    outer loop
      vertex 74.4591 26.1851 2.15
      vertex 74.7437 27.7563 2.15
      vertex 74.6826 28.2408 2.15
    endloop
  endfacet
  facet normal 0 0 1
    outer loop
      vertex 75.176 26.8171 2.15
      vertex 74.4591 26.1851 2.15
      vertex 74.8312 25.9512 2.15
    endloop
  endfacet
  facet normal 0 0 1
    outer loop
      vertex 74.4591 26.1851 2.15
      vertex 74.6826 28.2408 2.15
      vertex 74.6623 28.8128 2.15
    endloop
  endfacet
  facet normal -0 0 1
    outer loop
      vertex 71.5084 33.9232 2.15
      vertex 72.4849 25.8725 2.15
      vertex 72.4849 33.9232 2.15
    endloop
  endfacet
  facet normal 0 0 1
    outer loop
      vertex 72.4849 25.8725 2.15
      vertex 71.5084 33.9232 2.15
      vertex 71.5084 25.8725 2.15
    endloop
  endfacet
  facet normal 0 0 1
    outer loop
      vertex 60.3527 31.8396 2.15
      vertex 61.2813 32.2689 2.15
      vertex 60.9988 32.6443 2.15
    endloop
  endfacet
  facet normal 0 0 1
    outer loop
      vertex 60.1437 32.099 2.15
      vertex 60.9988 32.6443 2.15
      vertex 60.671 32.9552 2.15
    endloop
  endfacet
  facet normal 0 -0 1
    outer loop
      vertex 60.5309 31.5362 2.15
      vertex 61.2813 32.2689 2.15
      vertex 60.3527 31.8396 2.15
    endloop
  endfacet
  facet normal 0 0 1
    outer loop
      vertex 61.2813 32.2689 2.15
      vertex 60.5309 31.5362 2.15
      vertex 61.5183 31.8291 2.15
    endloop
  endfacet
  facet normal 0 0 1
    outer loop
      vertex 59.9038 32.3143 2.15
      vertex 60.671 32.9552 2.15
      vertex 60.2976 33.2017 2.15
    endloop
  endfacet
  facet normal 0 0 1
    outer loop
      vertex 60.9988 32.6443 2.15
      vertex 60.1437 32.099 2.15
      vertex 60.3527 31.8396 2.15
    endloop
  endfacet
  facet normal 0 0 1
    outer loop
      vertex 60.671 32.9552 2.15
      vertex 59.9038 32.3143 2.15
      vertex 60.1437 32.099 2.15
    endloop
  endfacet
  facet normal 0 0 1
    outer loop
      vertex 59.6331 32.4855 2.15
      vertex 60.2976 33.2017 2.15
      vertex 59.8718 33.3892 2.15
    endloop
  endfacet
  facet normal 0 0 1
    outer loop
      vertex 60.2976 33.2017 2.15
      vertex 59.6331 32.4855 2.15
      vertex 59.9038 32.3143 2.15
    endloop
  endfacet
  facet normal 0 0 1
    outer loop
      vertex 59.3295 32.6161 2.15
      vertex 59.8718 33.3892 2.15
      vertex 59.3862 33.5231 2.15
    endloop
  endfacet
  facet normal 0 0 1
    outer loop
      vertex 59.8718 33.3892 2.15
      vertex 59.3295 32.6161 2.15
      vertex 59.6331 32.4855 2.15
    endloop
  endfacet
  facet normal 0 0 1
    outer loop
      vertex 59.3862 33.5231 2.15
      vertex 58.9909 32.7093 2.15
      vertex 59.3295 32.6161 2.15
    endloop
  endfacet
  facet normal 0 0 1
    outer loop
      vertex 58.841 33.6035 2.15
      vertex 58.9909 32.7093 2.15
      vertex 59.3862 33.5231 2.15
    endloop
  endfacet
  facet normal 0 0 1
    outer loop
      vertex 58.841 33.6035 2.15
      vertex 58.6174 32.7653 2.15
      vertex 58.9909 32.7093 2.15
    endloop
  endfacet
  facet normal 0 0 1
    outer loop
      vertex 58.2361 33.6302 2.15
      vertex 58.6174 32.7653 2.15
      vertex 58.841 33.6035 2.15
    endloop
  endfacet
  facet normal 0 0 1
    outer loop
      vertex 58.2361 33.6302 2.15
      vertex 58.209 32.7839 2.15
      vertex 58.6174 32.7653 2.15
    endloop
  endfacet
  facet normal 0 0 1
    outer loop
      vertex 58.2361 33.6302 2.15
      vertex 57.5862 32.7339 2.15
      vertex 58.209 32.7839 2.15
    endloop
  endfacet
  facet normal -0 0 1
    outer loop
      vertex 57.3834 33.5665 2.15
      vertex 57.5862 32.7339 2.15
      vertex 58.2361 33.6302 2.15
    endloop
  endfacet
  facet normal 0 0 1
    outer loop
      vertex 57.3834 33.5665 2.15
      vertex 57.0413 32.5839 2.15
      vertex 57.5862 32.7339 2.15
    endloop
  endfacet
  facet normal -0 0 1
    outer loop
      vertex 56.6317 33.3753 2.15
      vertex 57.0413 32.5839 2.15
      vertex 57.3834 33.5665 2.15
    endloop
  endfacet
  facet normal 0 0 1
    outer loop
      vertex 56.6317 33.3753 2.15
      vertex 56.5744 32.3338 2.15
      vertex 57.0413 32.5839 2.15
    endloop
  endfacet
  facet normal -0 0 1
    outer loop
      vertex 55.981 33.0565 2.15
      vertex 56.5744 32.3338 2.15
      vertex 56.6317 33.3753 2.15
    endloop
  endfacet
  facet normal 0 0 1
    outer loop
      vertex 56.5744 32.3338 2.15
      vertex 55.981 33.0565 2.15
      vertex 56.1855 31.9837 2.15
    endloop
  endfacet
  facet normal -0 0 1
    outer loop
      vertex 55.4314 32.6103 2.15
      vertex 56.1855 31.9837 2.15
      vertex 55.981 33.0565 2.15
    endloop
  endfacet
  facet normal 0 0 1
    outer loop
      vertex 56.1855 31.9837 2.15
      vertex 55.4314 32.6103 2.15
      vertex 55.8793 31.5428 2.15
    endloop
  endfacet
  facet normal -0 0 1
    outer loop
      vertex 54.9947 32.0478 2.15
      vertex 55.8793 31.5428 2.15
      vertex 55.4314 32.6103 2.15
    endloop
  endfacet
  facet normal 0 0 1
    outer loop
      vertex 54.6828 31.3802 2.15
      vertex 55.8793 31.5428 2.15
      vertex 54.9947 32.0478 2.15
    endloop
  endfacet
  facet normal 0 0 1
    outer loop
      vertex 55.8793 31.5428 2.15
      vertex 54.6828 31.3802 2.15
      vertex 55.6606 31.0201 2.15
    endloop
  endfacet
  facet normal 0 0 1
    outer loop
      vertex 54.4956 30.6075 2.15
      vertex 55.6606 31.0201 2.15
      vertex 54.6828 31.3802 2.15
    endloop
  endfacet
  facet normal 0 -0 1
    outer loop
      vertex 54.4619 29.1419 2.15
      vertex 55.4856 29.7297 2.15
      vertex 54.4332 29.7297 2.15
    endloop
  endfacet
  facet normal 0 0 1
    outer loop
      vertex 55.6606 31.0201 2.15
      vertex 54.4956 30.6075 2.15
      vertex 55.5294 30.4158 2.15
    endloop
  endfacet
  facet normal 0 -0 1
    outer loop
      vertex 54.5479 28.5938 2.15
      vertex 55.4856 29.7297 2.15
      vertex 54.4619 29.1419 2.15
    endloop
  endfacet
  facet normal 0 -0 1
    outer loop
      vertex 54.6911 28.0854 2.15
      vertex 55.4856 29.7297 2.15
      vertex 54.5479 28.5938 2.15
    endloop
  endfacet
  facet normal 0 0 1
    outer loop
      vertex 54.4332 29.7297 2.15
      vertex 55.5294 30.4158 2.15
      vertex 54.4956 30.6075 2.15
    endloop
  endfacet
  facet normal 0 -0 1
    outer loop
      vertex 54.8916 27.6167 2.15
      vertex 55.4856 29.7297 2.15
      vertex 54.6911 28.0854 2.15
    endloop
  endfacet
  facet normal 0 0 1
    outer loop
      vertex 55.5294 30.4158 2.15
      vertex 54.4332 29.7297 2.15
      vertex 55.4856 29.7297 2.15
    endloop
  endfacet
  facet normal 0 -0 1
    outer loop
      vertex 55.1464 27.194 2.15
      vertex 55.4856 29.7297 2.15
      vertex 54.8916 27.6167 2.15
    endloop
  endfacet
  facet normal 0 0 1
    outer loop
      vertex 55.4856 29.7297 2.15
      vertex 55.1464 27.194 2.15
      vertex 55.4524 26.8239 2.15
    endloop
  endfacet
  facet normal -0 0 1
    outer loop
      vertex 60.7316 28.8291 2.15
      vertex 61.6864 27.0606 2.15
      vertex 61.6864 29.6971 2.15
    endloop
  endfacet
  facet normal -0 0 1
    outer loop
      vertex 60.7316 27.4511 2.15
      vertex 61.6864 27.0606 2.15
      vertex 60.7316 28.8291 2.15
    endloop
  endfacet
  facet normal 0 0 1
    outer loop
      vertex 61.6864 27.0606 2.15
      vertex 60.7316 27.4511 2.15
      vertex 61.3655 26.7688 2.15
    endloop
  endfacet
  facet normal -0 0 1
    outer loop
      vertex 58.4477 29.6971 2.15
      vertex 60.7316 28.8291 2.15
      vertex 61.6864 29.6971 2.15
    endloop
  endfacet
  facet normal 0 0 1
    outer loop
      vertex 60.7316 28.8291 2.15
      vertex 58.4477 29.6971 2.15
      vertex 58.4477 28.8291 2.15
    endloop
  endfacet
  facet normal 0 0 1
    outer loop
      vertex 61.3655 26.7688 2.15
      vertex 60.7316 27.4511 2.15
      vertex 61.0103 26.512 2.15
    endloop
  endfacet
  facet normal -0 0 1
    outer loop
      vertex 60.5155 27.266 2.15
      vertex 61.0103 26.512 2.15
      vertex 60.7316 27.4511 2.15
    endloop
  endfacet
  facet normal -0 0 1
    outer loop
      vertex 60.2685 27.1013 2.15
      vertex 61.0103 26.512 2.15
      vertex 60.5155 27.266 2.15
    endloop
  endfacet
  facet normal 0 0 1
    outer loop
      vertex 61.0103 26.512 2.15
      vertex 60.2685 27.1013 2.15
      vertex 60.6209 26.2901 2.15
    endloop
  endfacet
  facet normal -0 0 1
    outer loop
      vertex 59.9906 26.9568 2.15
      vertex 60.6209 26.2901 2.15
      vertex 60.2685 27.1013 2.15
    endloop
  endfacet
  facet normal 0 0 1
    outer loop
      vertex 60.6209 26.2901 2.15
      vertex 59.9906 26.9568 2.15
      vertex 60.1973 26.1031 2.15
    endloop
  endfacet
  facet normal -0 0 1
    outer loop
      vertex 59.6819 26.8327 2.15
      vertex 60.1973 26.1031 2.15
      vertex 59.9906 26.9568 2.15
    endloop
  endfacet
  facet normal 0 0 1
    outer loop
      vertex 60.1973 26.1031 2.15
      vertex 59.6819 26.8327 2.15
      vertex 59.7472 25.9547 2.15
    endloop
  endfacet
  facet normal -0 0 1
    outer loop
      vertex 59.3515 26.7331 2.15
      vertex 59.7472 25.9547 2.15
      vertex 59.6819 26.8327 2.15
    endloop
  endfacet
  facet normal 0 0 1
    outer loop
      vertex 59.3515 26.7331 2.15
      vertex 59.2784 25.8488 2.15
      vertex 59.7472 25.9547 2.15
    endloop
  endfacet
  facet normal -0 0 1
    outer loop
      vertex 59.0085 26.6619 2.15
      vertex 59.2784 25.8488 2.15
      vertex 59.3515 26.7331 2.15
    endloop
  endfacet
  facet normal 0 0 1
    outer loop
      vertex 59.0085 26.6619 2.15
      vertex 58.791 25.7852 2.15
      vertex 59.2784 25.8488 2.15
    endloop
  endfacet
  facet normal -0 0 1
    outer loop
      vertex 58.653 26.6191 2.15
      vertex 58.791 25.7852 2.15
      vertex 59.0085 26.6619 2.15
    endloop
  endfacet
  facet normal 0 0 1
    outer loop
      vertex 58.285 25.764 2.15
      vertex 58.653 26.6191 2.15
      vertex 58.285 26.6049 2.15
    endloop
  endfacet
  facet normal 0 0 1
    outer loop
      vertex 58.653 26.6191 2.15
      vertex 58.285 25.764 2.15
      vertex 58.791 25.7852 2.15
    endloop
  endfacet
  facet normal 0 0 1
    outer loop
      vertex 58.285 26.6049 2.15
      vertex 57.7062 25.7939 2.15
      vertex 58.285 25.764 2.15
    endloop
  endfacet
  facet normal 0 0 1
    outer loop
      vertex 57.6642 26.6573 2.15
      vertex 57.7062 25.7939 2.15
      vertex 58.285 26.6049 2.15
    endloop
  endfacet
  facet normal 0 0 1
    outer loop
      vertex 57.6642 26.6573 2.15
      vertex 57.1688 25.8834 2.15
      vertex 57.7062 25.7939 2.15
    endloop
  endfacet
  facet normal 0 0 1
    outer loop
      vertex 57.1145 26.8145 2.15
      vertex 57.1688 25.8834 2.15
      vertex 57.6642 26.6573 2.15
    endloop
  endfacet
  facet normal 0 0 1
    outer loop
      vertex 57.1145 26.8145 2.15
      vertex 56.6727 26.0325 2.15
      vertex 57.1688 25.8834 2.15
    endloop
  endfacet
  facet normal 0 0 1
    outer loop
      vertex 56.6361 27.0764 2.15
      vertex 56.6727 26.0325 2.15
      vertex 57.1145 26.8145 2.15
    endloop
  endfacet
  facet normal 0 0 1
    outer loop
      vertex 55.8096 26.5064 2.15
      vertex 56.6361 27.0764 2.15
      vertex 56.2289 27.4431 2.15
    endloop
  endfacet
  facet normal 0 0 1
    outer loop
      vertex 56.6361 27.0764 2.15
      vertex 56.218 26.2414 2.15
      vertex 56.6727 26.0325 2.15
    endloop
  endfacet
  facet normal 0 0 1
    outer loop
      vertex 55.4524 26.8239 2.15
      vertex 56.2289 27.4431 2.15
      vertex 55.9037 27.9003 2.15
    endloop
  endfacet
  facet normal 0 0 1
    outer loop
      vertex 56.6361 27.0764 2.15
      vertex 55.8096 26.5064 2.15
      vertex 56.218 26.2414 2.15
    endloop
  endfacet
  facet normal 0 0 1
    outer loop
      vertex 55.4524 26.8239 2.15
      vertex 55.9037 27.9003 2.15
      vertex 55.6714 28.4338 2.15
    endloop
  endfacet
  facet normal 0 0 1
    outer loop
      vertex 55.4524 26.8239 2.15
      vertex 55.6714 28.4338 2.15
      vertex 55.5321 29.0436 2.15
    endloop
  endfacet
  facet normal 0 0 1
    outer loop
      vertex 56.2289 27.4431 2.15
      vertex 55.4524 26.8239 2.15
      vertex 55.8096 26.5064 2.15
    endloop
  endfacet
  facet normal 0 0 1
    outer loop
      vertex 55.4524 26.8239 2.15
      vertex 55.5321 29.0436 2.15
      vertex 55.4856 29.7297 2.15
    endloop
  endfacet
  facet normal -0 0 1
    outer loop
      vertex 11.7064 33.5163 2.15
      vertex 12.7425 30.2831 2.15
      vertex 12.7425 33.5163 2.15
    endloop
  endfacet
  facet normal 0 0 1
    outer loop
      vertex 12.7425 30.2831 2.15
      vertex 11.7064 33.5163 2.15
      vertex 12.7425 29.4151 2.15
    endloop
  endfacet
  facet normal 0 0 1
    outer loop
      vertex 11.7064 25.8725 2.15
      vertex 12.7425 29.4151 2.15
      vertex 11.7064 33.5163 2.15
    endloop
  endfacet
  facet normal 0 0 1
    outer loop
      vertex 12.7425 29.4151 2.15
      vertex 11.7064 25.8725 2.15
      vertex 12.7425 25.8725 2.15
    endloop
  endfacet
  facet normal -0 0 1
    outer loop
      vertex 12.7425 30.2831 2.15
      vertex 16.8764 29.4151 2.15
      vertex 16.8764 30.2831 2.15
    endloop
  endfacet
  facet normal 0 0 1
    outer loop
      vertex 16.8764 29.4151 2.15
      vertex 12.7425 30.2831 2.15
      vertex 12.7425 29.4151 2.15
    endloop
  endfacet
  facet normal 0 0 1
    outer loop
      vertex 16.8764 30.2831 2.15
      vertex 17.9125 33.5163 2.15
      vertex 16.8764 33.5163 2.15
    endloop
  endfacet
  facet normal 0 0 1
    outer loop
      vertex 16.8764 29.4151 2.15
      vertex 17.9125 33.5163 2.15
      vertex 16.8764 30.2831 2.15
    endloop
  endfacet
  facet normal 0 0 1
    outer loop
      vertex 17.9125 33.5163 2.15
      vertex 16.8764 29.4151 2.15
      vertex 17.9125 25.8725 2.15
    endloop
  endfacet
  facet normal 0 0 1
    outer loop
      vertex 17.9125 25.8725 2.15
      vertex 16.8764 29.4151 2.15
      vertex 16.8764 25.8725 2.15
    endloop
  endfacet
  facet normal 0 0 1
    outer loop
      vertex 50.3506 33.5163 2.15
      vertex 49.4664 31.1131 2.15
      vertex 50.2312 31.1131 2.15
    endloop
  endfacet
  facet normal 0 -0 1
    outer loop
      vertex 49.4664 31.1131 2.15
      vertex 50.3506 33.5163 2.15
      vertex 49.3524 33.5163 2.15
    endloop
  endfacet
  facet normal -0 0 1
    outer loop
      vertex 30.8683 31.7423 2.15
      vertex 31.5465 31.0317 2.15
      vertex 31.5844 31.7423 2.15
    endloop
  endfacet
  facet normal 0 0 1
    outer loop
      vertex 31.5465 31.0317 2.15
      vertex 30.8683 31.7423 2.15
      vertex 30.8683 31.0317 2.15
    endloop
  endfacet
  facet normal -0 0 1
    outer loop
      vertex 31.872 33.0552 2.15
      vertex 32.523 31.7423 2.15
      vertex 32.523 33.0552 2.15
    endloop
  endfacet
  facet normal 0 0 1
    outer loop
      vertex 32.523 31.7423 2.15
      vertex 31.5844 31.7423 2.15
      vertex 32.523 31.0317 2.15
    endloop
  endfacet
  facet normal 0 0 1
    outer loop
      vertex 32.523 31.0317 2.15
      vertex 31.5465 31.0317 2.15
      vertex 32.523 27.3264 2.15
    endloop
  endfacet
  facet normal 0 0 1
    outer loop
      vertex 32.523 31.7423 2.15
      vertex 31.872 33.0552 2.15
      vertex 31.5844 31.7423 2.15
    endloop
  endfacet
  facet normal 0 0 1
    outer loop
      vertex 31.5465 27.1148 2.15
      vertex 32.523 27.3264 2.15
      vertex 31.5465 31.0317 2.15
    endloop
  endfacet
  facet normal 0 -0 1
    outer loop
      vertex 31.6197 26.5333 2.15
      vertex 32.523 27.3264 2.15
      vertex 31.5465 27.1148 2.15
    endloop
  endfacet
  facet normal 0 0 1
    outer loop
      vertex 32.523 31.0317 2.15
      vertex 31.5844 31.7423 2.15
      vertex 31.5465 31.0317 2.15
    endloop
  endfacet
  facet normal 0 -0 1
    outer loop
      vertex 31.8394 26.118 2.15
      vertex 32.523 27.3264 2.15
      vertex 31.6197 26.5333 2.15
    endloop
  endfacet
  facet normal 0 0 1
    outer loop
      vertex 32.523 27.3264 2.15
      vertex 31.8394 26.118 2.15
      vertex 32.2056 25.8688 2.15
    endloop
  endfacet
  facet normal -0 0 1
    outer loop
      vertex 32.523 31.7423 2.15
      vertex 33.608 31.0317 2.15
      vertex 33.608 31.7423 2.15
    endloop
  endfacet
  facet normal 0 0 1
    outer loop
      vertex 33.608 31.0317 2.15
      vertex 32.523 31.7423 2.15
      vertex 32.523 31.0317 2.15
    endloop
  endfacet
  facet normal -0 0 1
    outer loop
      vertex 33.532 26.6042 2.15
      vertex 33.7056 25.916 2.15
      vertex 33.7056 26.6375 2.15
    endloop
  endfacet
  facet normal -0 0 1
    outer loop
      vertex 33.3801 26.5805 2.15
      vertex 33.7056 25.916 2.15
      vertex 33.532 26.6042 2.15
    endloop
  endfacet
  facet normal 0 0 1
    outer loop
      vertex 33.7056 25.916 2.15
      vertex 33.3801 26.5805 2.15
      vertex 33.4628 25.859 2.15
    endloop
  endfacet
  facet normal -0 0 1
    outer loop
      vertex 33.2499 26.5662 2.15
      vertex 33.4628 25.859 2.15
      vertex 33.3801 26.5805 2.15
    endloop
  endfacet
  facet normal 0 0 1
    outer loop
      vertex 33.2499 26.5662 2.15
      vertex 33.2174 25.8183 2.15
      vertex 33.4628 25.859 2.15
    endloop
  endfacet
  facet normal -0 0 1
    outer loop
      vertex 33.1414 26.5615 2.15
      vertex 33.2174 25.8183 2.15
      vertex 33.2499 26.5662 2.15
    endloop
  endfacet
  facet normal 0 0 1
    outer loop
      vertex 32.9692 25.7939 2.15
      vertex 33.1414 26.5615 2.15
      vertex 32.9832 26.5721 2.15
    endloop
  endfacet
  facet normal 0 0 1
    outer loop
      vertex 33.1414 26.5615 2.15
      vertex 32.9692 25.7939 2.15
      vertex 33.2174 25.8183 2.15
    endloop
  endfacet
  facet normal 0 0 1
    outer loop
      vertex 32.7182 25.7857 2.15
      vertex 32.9832 26.5721 2.15
      vertex 32.8505 26.6042 2.15
    endloop
  endfacet
  facet normal 0 0 1
    outer loop
      vertex 32.7182 25.7857 2.15
      vertex 32.8505 26.6042 2.15
      vertex 32.7432 26.6576 2.15
    endloop
  endfacet
  facet normal 0 0 1
    outer loop
      vertex 32.9832 26.5721 2.15
      vertex 32.7182 25.7857 2.15
      vertex 32.9692 25.7939 2.15
    endloop
  endfacet
  facet normal 0 0 1
    outer loop
      vertex 32.2056 25.8688 2.15
      vertex 32.7432 26.6576 2.15
      vertex 32.6613 26.7323 2.15
    endloop
  endfacet
  facet normal 0 0 1
    outer loop
      vertex 32.2056 25.8688 2.15
      vertex 32.6613 26.7323 2.15
      vertex 32.6008 26.8336 2.15
    endloop
  endfacet
  facet normal 0 0 1
    outer loop
      vertex 32.2056 25.8688 2.15
      vertex 32.6008 26.8336 2.15
      vertex 32.5575 26.9663 2.15
    endloop
  endfacet
  facet normal 0 0 1
    outer loop
      vertex 32.2056 25.8688 2.15
      vertex 32.5575 26.9663 2.15
      vertex 32.5316 27.1306 2.15
    endloop
  endfacet
  facet normal 0 0 1
    outer loop
      vertex 32.7432 26.6576 2.15
      vertex 32.2056 25.8688 2.15
      vertex 32.7182 25.7857 2.15
    endloop
  endfacet
  facet normal 0 0 1
    outer loop
      vertex 32.2056 25.8688 2.15
      vertex 32.5316 27.1306 2.15
      vertex 32.523 27.3264 2.15
    endloop
  endfacet
  facet normal 0 0 1
    outer loop
      vertex 26.369 30.7387 2.15
      vertex 25.4338 30.952 2.15
      vertex 25.4359 30.4891 2.15
    endloop
  endfacet
  facet normal 0 0 1
    outer loop
      vertex 26.331 31.6922 2.15
      vertex 25.4277 31.3151 2.15
      vertex 25.4338 30.952 2.15
    endloop
  endfacet
  facet normal 0 0 1
    outer loop
      vertex 26.331 31.6922 2.15
      vertex 25.4176 31.5786 2.15
      vertex 25.4277 31.3151 2.15
    endloop
  endfacet
  facet normal 0 -0 1
    outer loop
      vertex 25.4176 31.5786 2.15
      vertex 26.3256 31.7423 2.15
      vertex 25.4034 31.7423 2.15
    endloop
  endfacet
  facet normal 0 0 1
    outer loop
      vertex 30.1231 29.7839 2.15
      vertex 29.134 29.868 2.15
      vertex 29.1412 29.594 2.15
    endloop
  endfacet
  facet normal 0 0 1
    outer loop
      vertex 29.6755 31.3707 2.15
      vertex 29.1127 30.1094 2.15
      vertex 29.134 29.868 2.15
    endloop
  endfacet
  facet normal 0 0 1
    outer loop
      vertex 28.78 30.874 2.15
      vertex 29.4193 31.5808 2.15
      vertex 29.0984 31.7308 2.15
    endloop
  endfacet
  facet normal 0 0 1
    outer loop
      vertex 29.6755 31.3707 2.15
      vertex 29.0771 30.3183 2.15
      vertex 29.1127 30.1094 2.15
    endloop
  endfacet
  facet normal 0 0 1
    outer loop
      vertex 29.6755 31.3707 2.15
      vertex 29.0272 30.4946 2.15
      vertex 29.0771 30.3183 2.15
    endloop
  endfacet
  facet normal 0 0 1
    outer loop
      vertex 29.6755 31.3707 2.15
      vertex 28.9618 30.6434 2.15
      vertex 29.0272 30.4946 2.15
    endloop
  endfacet
  facet normal 0 0 1
    outer loop
      vertex 29.6755 31.3707 2.15
      vertex 28.8794 30.7699 2.15
      vertex 28.9618 30.6434 2.15
    endloop
  endfacet
  facet normal 0 0 1
    outer loop
      vertex 29.4193 31.5808 2.15
      vertex 28.78 30.874 2.15
      vertex 28.8794 30.7699 2.15
    endloop
  endfacet
  facet normal 0 0 1
    outer loop
      vertex 28.6637 30.9557 2.15
      vertex 29.0984 31.7308 2.15
      vertex 28.7128 31.8208 2.15
    endloop
  endfacet
  facet normal 0 0 1
    outer loop
      vertex 29.0984 31.7308 2.15
      vertex 28.6637 30.9557 2.15
      vertex 28.78 30.874 2.15
    endloop
  endfacet
  facet normal 0 0 1
    outer loop
      vertex 28.7128 31.8208 2.15
      vertex 28.5244 31.0174 2.15
      vertex 28.6637 30.9557 2.15
    endloop
  endfacet
  facet normal 0 0 1
    outer loop
      vertex 28.7128 31.8208 2.15
      vertex 28.3559 31.0615 2.15
      vertex 28.5244 31.0174 2.15
    endloop
  endfacet
  facet normal 0 0 1
    outer loop
      vertex 28.2624 31.8508 2.15
      vertex 28.3559 31.0615 2.15
      vertex 28.7128 31.8208 2.15
    endloop
  endfacet
  facet normal 0 0 1
    outer loop
      vertex 28.2624 31.8508 2.15
      vertex 28.1582 31.0879 2.15
      vertex 28.3559 31.0615 2.15
    endloop
  endfacet
  facet normal -0 0 1
    outer loop
      vertex 27.9475 31.8351 2.15
      vertex 28.1582 31.0879 2.15
      vertex 28.2624 31.8508 2.15
    endloop
  endfacet
  facet normal 0 0 1
    outer loop
      vertex 27.9475 31.8351 2.15
      vertex 27.9314 31.0967 2.15
      vertex 28.1582 31.0879 2.15
    endloop
  endfacet
  facet normal -0 0 1
    outer loop
      vertex 27.6595 31.7878 2.15
      vertex 27.9314 31.0967 2.15
      vertex 27.9475 31.8351 2.15
    endloop
  endfacet
  facet normal 0 0 1
    outer loop
      vertex 27.6595 31.7878 2.15
      vertex 27.5974 31.0666 2.15
      vertex 27.9314 31.0967 2.15
    endloop
  endfacet
  facet normal -0 0 1
    outer loop
      vertex 27.3982 31.7089 2.15
      vertex 27.5974 31.0666 2.15
      vertex 27.6595 31.7878 2.15
    endloop
  endfacet
  facet normal -0 0 1
    outer loop
      vertex 27.1637 31.5986 2.15
      vertex 27.5974 31.0666 2.15
      vertex 27.3982 31.7089 2.15
    endloop
  endfacet
  facet normal 0 0 1
    outer loop
      vertex 27.5974 31.0666 2.15
      vertex 27.1637 31.5986 2.15
      vertex 27.3008 30.976 2.15
    endloop
  endfacet
  facet normal -0 0 1
    outer loop
      vertex 26.9493 31.4502 2.15
      vertex 27.3008 30.976 2.15
      vertex 27.1637 31.5986 2.15
    endloop
  endfacet
  facet normal -0 0 1
    outer loop
      vertex 26.7481 31.2575 2.15
      vertex 27.3008 30.976 2.15
      vertex 26.9493 31.4502 2.15
    endloop
  endfacet
  facet normal 0 0 1
    outer loop
      vertex 27.3008 30.976 2.15
      vertex 26.7481 31.2575 2.15
      vertex 27.0414 30.8252 2.15
    endloop
  endfacet
  facet normal -0 0 1
    outer loop
      vertex 26.5601 31.0203 2.15
      vertex 27.0414 30.8252 2.15
      vertex 26.7481 31.2575 2.15
    endloop
  endfacet
  facet normal 0 0 1
    outer loop
      vertex 27.0414 30.8252 2.15
      vertex 26.5601 31.0203 2.15
      vertex 26.8193 30.6139 2.15
    endloop
  endfacet
  facet normal -0 0 1
    outer loop
      vertex 26.3853 30.7387 2.15
      vertex 26.8193 30.6139 2.15
      vertex 26.5601 31.0203 2.15
    endloop
  endfacet
  facet normal 0 0 1
    outer loop
      vertex 26.8193 30.6139 2.15
      vertex 26.3853 30.7387 2.15
      vertex 26.6413 30.3491 2.15
    endloop
  endfacet
  facet normal -0 0 1
    outer loop
      vertex 26.369 30.7387 2.15
      vertex 26.6413 30.3491 2.15
      vertex 26.3853 30.7387 2.15
    endloop
  endfacet
  facet normal 0 0 1
    outer loop
      vertex 26.6413 30.3491 2.15
      vertex 26.369 30.7387 2.15
      vertex 26.5142 30.0375 2.15
    endloop
  endfacet
  facet normal -0 0 1
    outer loop
      vertex 25.4359 30.4891 2.15
      vertex 26.5142 30.0375 2.15
      vertex 26.369 30.7387 2.15
    endloop
  endfacet
  facet normal 0 0 1
    outer loop
      vertex 26.5142 30.0375 2.15
      vertex 25.4359 30.4891 2.15
      vertex 26.4379 29.6792 2.15
    endloop
  endfacet
  facet normal 0 0 1
    outer loop
      vertex 26.4379 29.6792 2.15
      vertex 25.4359 30.4891 2.15
      vertex 26.4124 29.2739 2.15
    endloop
  endfacet
  facet normal 0 0 1
    outer loop
      vertex 25.4338 30.952 2.15
      vertex 26.369 30.7387 2.15
      vertex 26.3638 30.9359 2.15
    endloop
  endfacet
  facet normal -0 0 1
    outer loop
      vertex 25.4338 30.952 2.15
      vertex 26.3638 30.9359 2.15
      vertex 26.3589 31.0988 2.15
    endloop
  endfacet
  facet normal 0 0 1
    outer loop
      vertex 25.4338 30.952 2.15
      vertex 26.3589 31.0988 2.15
      vertex 26.3543 31.2274 2.15
    endloop
  endfacet
  facet normal 0 0 1
    outer loop
      vertex 25.4338 30.952 2.15
      vertex 26.3543 31.2274 2.15
      vertex 26.35 31.3219 2.15
    endloop
  endfacet
  facet normal 0 0 1
    outer loop
      vertex 25.4338 30.952 2.15
      vertex 26.35 31.3219 2.15
      vertex 26.3461 31.397 2.15
    endloop
  endfacet
  facet normal 0 0 1
    outer loop
      vertex 25.4338 30.952 2.15
      vertex 26.3461 31.397 2.15
      vertex 26.3426 31.4677 2.15
    endloop
  endfacet
  facet normal 0 0 1
    outer loop
      vertex 25.4338 30.952 2.15
      vertex 26.3426 31.4677 2.15
      vertex 26.3393 31.534 2.15
    endloop
  endfacet
  facet normal 0 0 1
    outer loop
      vertex 25.4338 30.952 2.15
      vertex 26.3393 31.534 2.15
      vertex 26.3364 31.5959 2.15
    endloop
  endfacet
  facet normal 0 0 1
    outer loop
      vertex 25.4338 30.952 2.15
      vertex 26.3364 31.5959 2.15
      vertex 26.3337 31.6498 2.15
    endloop
  endfacet
  facet normal 0 0 1
    outer loop
      vertex 25.4338 30.952 2.15
      vertex 26.3337 31.6498 2.15
      vertex 26.331 31.6922 2.15
    endloop
  endfacet
  facet normal 0 0 1
    outer loop
      vertex 26.3256 31.7423 2.15
      vertex 26.331 31.6922 2.15
      vertex 26.3283 31.723 2.15
    endloop
  endfacet
  facet normal 0 0 1
    outer loop
      vertex 25.4176 31.5786 2.15
      vertex 26.331 31.6922 2.15
      vertex 26.3256 31.7423 2.15
    endloop
  endfacet
  facet normal 0 0 1
    outer loop
      vertex 25.4359 25.8725 2.15
      vertex 26.4124 29.2739 2.15
      vertex 25.4359 30.4891 2.15
    endloop
  endfacet
  facet normal 0 0 1
    outer loop
      vertex 26.4124 29.2739 2.15
      vertex 25.4359 25.8725 2.15
      vertex 26.4124 25.8725 2.15
    endloop
  endfacet
  facet normal -0 0 1
    outer loop
      vertex 29.134 29.868 2.15
      vertex 30.1231 29.7839 2.15
      vertex 30.0951 30.2981 2.15
    endloop
  endfacet
  facet normal 0 0 1
    outer loop
      vertex 29.134 29.868 2.15
      vertex 30.0951 30.2981 2.15
      vertex 30.0112 30.734 2.15
    endloop
  endfacet
  facet normal 0 0 1
    outer loop
      vertex 29.134 29.868 2.15
      vertex 30.0112 30.734 2.15
      vertex 29.8713 31.0915 2.15
    endloop
  endfacet
  facet normal 0 0 1
    outer loop
      vertex 29.134 29.868 2.15
      vertex 29.8713 31.0915 2.15
      vertex 29.6755 31.3707 2.15
    endloop
  endfacet
  facet normal 0 0 1
    outer loop
      vertex 28.8794 30.7699 2.15
      vertex 29.6755 31.3707 2.15
      vertex 29.4193 31.5808 2.15
    endloop
  endfacet
  facet normal 0 0 1
    outer loop
      vertex 30.1231 29.7839 2.15
      vertex 29.1412 29.594 2.15
      vertex 30.1231 25.8725 2.15
    endloop
  endfacet
  facet normal 0 0 1
    outer loop
      vertex 30.1231 25.8725 2.15
      vertex 29.1412 29.594 2.15
      vertex 29.1412 25.8725 2.15
    endloop
  endfacet
  facet normal 0 0 1
    outer loop
      vertex 39.2386 30.0962 2.15
      vertex 38.3312 29.7824 2.15
      vertex 38.3912 29.3499 2.15
    endloop
  endfacet
  facet normal 0 0 1
    outer loop
      vertex 39.2386 30.0962 2.15
      vertex 38.2325 30.1521 2.15
      vertex 38.3312 29.7824 2.15
    endloop
  endfacet
  facet normal 0 0 1
    outer loop
      vertex 38.7534 31.071 2.15
      vertex 38.0952 30.4592 2.15
      vertex 38.2325 30.1521 2.15
    endloop
  endfacet
  facet normal 0 0 1
    outer loop
      vertex 37.9192 30.7034 2.15
      vertex 38.7534 31.071 2.15
      vertex 37.9447 31.6559 2.15
    endloop
  endfacet
  facet normal 0 0 1
    outer loop
      vertex 38.7534 31.071 2.15
      vertex 37.9192 30.7034 2.15
      vertex 38.0952 30.4592 2.15
    endloop
  endfacet
  facet normal 0 0 1
    outer loop
      vertex 37.9447 31.6559 2.15
      vertex 37.7025 30.8898 2.15
      vertex 37.9192 30.7034 2.15
    endloop
  endfacet
  facet normal 0 0 1
    outer loop
      vertex 37.9447 31.6559 2.15
      vertex 37.4432 31.0228 2.15
      vertex 37.7025 30.8898 2.15
    endloop
  endfacet
  facet normal 0 0 1
    outer loop
      vertex 37.9447 31.6559 2.15
      vertex 37.1411 31.1027 2.15
      vertex 37.4432 31.0228 2.15
    endloop
  endfacet
  facet normal 0 0 1
    outer loop
      vertex 36.8125 31.8508 2.15
      vertex 37.1411 31.1027 2.15
      vertex 37.9447 31.6559 2.15
    endloop
  endfacet
  facet normal 0 0 1
    outer loop
      vertex 36.8125 31.8508 2.15
      vertex 36.7963 31.1293 2.15
      vertex 37.1411 31.1027 2.15
    endloop
  endfacet
  facet normal 0 0 1
    outer loop
      vertex 36.8125 31.8508 2.15
      vertex 36.4594 31.0996 2.15
      vertex 36.7963 31.1293 2.15
    endloop
  endfacet
  facet normal -0 0 1
    outer loop
      vertex 36.217 31.8023 2.15
      vertex 36.4594 31.0996 2.15
      vertex 36.8125 31.8508 2.15
    endloop
  endfacet
  facet normal 0 0 1
    outer loop
      vertex 36.217 31.8023 2.15
      vertex 36.1595 31.0106 2.15
      vertex 36.4594 31.0996 2.15
    endloop
  endfacet
  facet normal -0 0 1
    outer loop
      vertex 35.6943 31.6569 2.15
      vertex 36.1595 31.0106 2.15
      vertex 36.217 31.8023 2.15
    endloop
  endfacet
  facet normal 0 0 1
    outer loop
      vertex 36.1595 31.0106 2.15
      vertex 35.6943 31.6569 2.15
      vertex 35.8965 30.8623 2.15
    endloop
  endfacet
  facet normal -0 0 1
    outer loop
      vertex 35.2445 31.4144 2.15
      vertex 35.8965 30.8623 2.15
      vertex 35.6943 31.6569 2.15
    endloop
  endfacet
  facet normal 0 0 1
    outer loop
      vertex 35.8965 30.8623 2.15
      vertex 35.2445 31.4144 2.15
      vertex 35.6705 30.6546 2.15
    endloop
  endfacet
  facet normal -0 0 1
    outer loop
      vertex 34.8676 31.0751 2.15
      vertex 35.6705 30.6546 2.15
      vertex 35.2445 31.4144 2.15
    endloop
  endfacet
  facet normal 0 0 1
    outer loop
      vertex 35.6705 30.6546 2.15
      vertex 34.8676 31.0751 2.15
      vertex 35.487 30.395 2.15
    endloop
  endfacet
  facet normal -0 0 1
    outer loop
      vertex 34.5698 30.6448 2.15
      vertex 35.487 30.395 2.15
      vertex 34.8676 31.0751 2.15
    endloop
  endfacet
  facet normal 0 0 1
    outer loop
      vertex 35.487 30.395 2.15
      vertex 34.5698 30.6448 2.15
      vertex 35.3512 30.0911 2.15
    endloop
  endfacet
  facet normal -0 0 1
    outer loop
      vertex 34.3571 30.1297 2.15
      vertex 35.3512 30.0911 2.15
      vertex 34.5698 30.6448 2.15
    endloop
  endfacet
  facet normal 0 0 1
    outer loop
      vertex 35.3512 30.0911 2.15
      vertex 34.3571 30.1297 2.15
      vertex 35.2632 29.7427 2.15
    endloop
  endfacet
  facet normal -0 0 1
    outer loop
      vertex 38.3912 29.3499 2.15
      vertex 39.4003 28.7315 2.15
      vertex 39.2386 30.0962 2.15
    endloop
  endfacet
  facet normal -0 0 1
    outer loop
      vertex 38.2325 30.1521 2.15
      vertex 39.2386 30.0962 2.15
      vertex 38.7534 31.071 2.15
    endloop
  endfacet
  facet normal 0 0 1
    outer loop
      vertex 39.4003 28.7315 2.15
      vertex 38.3912 29.3499 2.15
      vertex 39.4003 28.6013 2.15
    endloop
  endfacet
  facet normal 0 0 1
    outer loop
      vertex 35.2121 28.6013 2.15
      vertex 38.3912 29.3499 2.15
      vertex 35.223 29.3499 2.15
    endloop
  endfacet
  facet normal 0 0 1
    outer loop
      vertex 38.3912 29.3499 2.15
      vertex 35.2121 28.6013 2.15
      vertex 39.4003 28.6013 2.15
    endloop
  endfacet
  facet normal -0 0 1
    outer loop
      vertex 38.3026 27.2101 2.15
      vertex 39.2429 27.1528 2.15
      vertex 38.3858 27.3969 2.15
    endloop
  endfacet
  facet normal 0 0 1
    outer loop
      vertex 39.2429 27.1528 2.15
      vertex 38.3026 27.2101 2.15
      vertex 38.8961 26.5452 2.15
    endloop
  endfacet
  facet normal -0 0 1
    outer loop
      vertex 38.1884 27.0402 2.15
      vertex 38.8961 26.5452 2.15
      vertex 38.3026 27.2101 2.15
    endloop
  endfacet
  facet normal -0 0 1
    outer loop
      vertex 38.0435 26.8873 2.15
      vertex 38.8961 26.5452 2.15
      vertex 38.1884 27.0402 2.15
    endloop
  endfacet
  facet normal 0 0 1
    outer loop
      vertex 38.8961 26.5452 2.15
      vertex 38.0435 26.8873 2.15
      vertex 38.3817 26.1112 2.15
    endloop
  endfacet
  facet normal -0 0 1
    outer loop
      vertex 37.8676 26.7513 2.15
      vertex 38.3817 26.1112 2.15
      vertex 38.0435 26.8873 2.15
    endloop
  endfacet
  facet normal -0 0 1
    outer loop
      vertex 37.6607 26.6398 2.15
      vertex 38.3817 26.1112 2.15
      vertex 37.8676 26.7513 2.15
    endloop
  endfacet
  facet normal 0 0 1
    outer loop
      vertex 38.3817 26.1112 2.15
      vertex 37.6607 26.6398 2.15
      vertex 37.6999 25.8508 2.15
    endloop
  endfacet
  facet normal -0 0 1
    outer loop
      vertex 37.4222 26.5601 2.15
      vertex 37.6999 25.8508 2.15
      vertex 37.6607 26.6398 2.15
    endloop
  endfacet
  facet normal -0 0 1
    outer loop
      vertex 37.1521 26.5123 2.15
      vertex 37.6999 25.8508 2.15
      vertex 37.4222 26.5601 2.15
    endloop
  endfacet
  facet normal 0 0 1
    outer loop
      vertex 36.8505 25.764 2.15
      vertex 37.1521 26.5123 2.15
      vertex 36.8505 26.4964 2.15
    endloop
  endfacet
  facet normal 0 0 1
    outer loop
      vertex 37.1521 26.5123 2.15
      vertex 36.8505 25.764 2.15
      vertex 37.6999 25.8508 2.15
    endloop
  endfacet
  facet normal 0 0 1
    outer loop
      vertex 36.4731 26.5306 2.15
      vertex 36.8505 25.764 2.15
      vertex 36.8505 26.4964 2.15
    endloop
  endfacet
  facet normal 0 0 1
    outer loop
      vertex 36.4731 26.5306 2.15
      vertex 36.2384 25.8125 2.15
      vertex 36.8505 25.764 2.15
    endloop
  endfacet
  facet normal 0 0 1
    outer loop
      vertex 36.1439 26.6333 2.15
      vertex 36.2384 25.8125 2.15
      vertex 36.4731 26.5306 2.15
    endloop
  endfacet
  facet normal 0 0 1
    outer loop
      vertex 35.7038 25.958 2.15
      vertex 36.1439 26.6333 2.15
      vertex 35.8628 26.8046 2.15
    endloop
  endfacet
  facet normal 0 0 1
    outer loop
      vertex 36.1439 26.6333 2.15
      vertex 35.7038 25.958 2.15
      vertex 36.2384 25.8125 2.15
    endloop
  endfacet
  facet normal 0 0 1
    outer loop
      vertex 35.2469 26.2004 2.15
      vertex 35.8628 26.8046 2.15
      vertex 35.6298 27.0443 2.15
    endloop
  endfacet
  facet normal 0 0 1
    outer loop
      vertex 34.8676 26.5398 2.15
      vertex 35.6298 27.0443 2.15
      vertex 35.4471 27.3471 2.15
    endloop
  endfacet
  facet normal 0 0 1
    outer loop
      vertex 34.5698 26.9748 2.15
      vertex 35.4471 27.3471 2.15
      vertex 35.3166 27.7075 2.15
    endloop
  endfacet
  facet normal 0 0 1
    outer loop
      vertex 35.8628 26.8046 2.15
      vertex 35.2469 26.2004 2.15
      vertex 35.7038 25.958 2.15
    endloop
  endfacet
  facet normal 0 0 1
    outer loop
      vertex 34.3571 27.5041 2.15
      vertex 35.3166 27.7075 2.15
      vertex 35.2382 28.1256 2.15
    endloop
  endfacet
  facet normal -0 0 1
    outer loop
      vertex 34.2294 28.1276 2.15
      vertex 35.2382 28.1256 2.15
      vertex 35.2121 28.6013 2.15
    endloop
  endfacet
  facet normal 0 0 1
    outer loop
      vertex 34.2294 29.53 2.15
      vertex 35.2632 29.7427 2.15
      vertex 34.3571 30.1297 2.15
    endloop
  endfacet
  facet normal 0 -0 1
    outer loop
      vertex 34.2294 28.1276 2.15
      vertex 35.2121 28.6013 2.15
      vertex 34.1868 28.8454 2.15
    endloop
  endfacet
  facet normal 0 0 1
    outer loop
      vertex 35.2632 29.7427 2.15
      vertex 34.2294 29.53 2.15
      vertex 35.223 29.3499 2.15
    endloop
  endfacet
  facet normal 0 0 1
    outer loop
      vertex 35.2382 28.1256 2.15
      vertex 34.2294 28.1276 2.15
      vertex 34.3571 27.5041 2.15
    endloop
  endfacet
  facet normal 0 0 1
    outer loop
      vertex 34.1868 28.8454 2.15
      vertex 35.223 29.3499 2.15
      vertex 34.2294 29.53 2.15
    endloop
  endfacet
  facet normal 0 0 1
    outer loop
      vertex 35.3166 27.7075 2.15
      vertex 34.3571 27.5041 2.15
      vertex 34.5698 26.9748 2.15
    endloop
  endfacet
  facet normal 0 0 1
    outer loop
      vertex 35.223 29.3499 2.15
      vertex 34.1868 28.8454 2.15
      vertex 35.2121 28.6013 2.15
    endloop
  endfacet
  facet normal 0 0 1
    outer loop
      vertex 35.4471 27.3471 2.15
      vertex 34.5698 26.9748 2.15
      vertex 34.8676 26.5398 2.15
    endloop
  endfacet
  facet normal 0 0 1
    outer loop
      vertex 35.6298 27.0443 2.15
      vertex 34.8676 26.5398 2.15
      vertex 35.2469 26.2004 2.15
    endloop
  endfacet
  facet normal 0 0 1
    outer loop
      vertex 41.4529 30.5435 2.15
      vertex 40.5177 30.6926 2.15
      vertex 40.5198 30.3752 2.15
    endloop
  endfacet
  facet normal 0 0 1
    outer loop
      vertex 41.4285 31.2931 2.15
      vertex 40.5117 31.0262 2.15
      vertex 40.5177 30.6926 2.15
    endloop
  endfacet
  facet normal 0 0 1
    outer loop
      vertex 41.4285 31.2931 2.15
      vertex 40.5015 31.3761 2.15
      vertex 40.5117 31.0262 2.15
    endloop
  endfacet
  facet normal 0 -0 1
    outer loop
      vertex 40.5015 31.3761 2.15
      vertex 41.4095 31.7423 2.15
      vertex 40.4873 31.7423 2.15
    endloop
  endfacet
  facet normal 0 0 1
    outer loop
      vertex 43.037 30.9421 2.15
      vertex 43.2649 31.7966 2.15
      vertex 43.1648 31.8203 2.15
    endloop
  endfacet
  facet normal 0 0 1
    outer loop
      vertex 43.2649 31.7966 2.15
      vertex 43.1591 30.9252 2.15
      vertex 43.2649 30.9015 2.15
    endloop
  endfacet
  facet normal 0 0 1
    outer loop
      vertex 43.037 30.9421 2.15
      vertex 43.1648 31.8203 2.15
      vertex 43.0655 31.8372 2.15
    endloop
  endfacet
  facet normal 0 0 1
    outer loop
      vertex 43.2649 31.7966 2.15
      vertex 43.037 30.9421 2.15
      vertex 43.1591 30.9252 2.15
    endloop
  endfacet
  facet normal 0 0 1
    outer loop
      vertex 42.8987 30.9523 2.15
      vertex 43.0655 31.8372 2.15
      vertex 42.9668 31.8474 2.15
    endloop
  endfacet
  facet normal 0 0 1
    outer loop
      vertex 43.0655 31.8372 2.15
      vertex 42.8987 30.9523 2.15
      vertex 43.037 30.9421 2.15
    endloop
  endfacet
  facet normal 0 0 1
    outer loop
      vertex 42.8688 31.8508 2.15
      vertex 42.8987 30.9523 2.15
      vertex 42.9668 31.8474 2.15
    endloop
  endfacet
  facet normal 0 0 1
    outer loop
      vertex 42.8688 31.8508 2.15
      vertex 42.7441 30.9557 2.15
      vertex 42.8987 30.9523 2.15
    endloop
  endfacet
  facet normal -0 0 1
    outer loop
      vertex 42.6077 31.8335 2.15
      vertex 42.7441 30.9557 2.15
      vertex 42.8688 31.8508 2.15
    endloop
  endfacet
  facet normal -0 0 1
    outer loop
      vertex 42.3778 31.7816 2.15
      vertex 42.7441 30.9557 2.15
      vertex 42.6077 31.8335 2.15
    endloop
  endfacet
  facet normal 0 0 1
    outer loop
      vertex 42.7441 30.9557 2.15
      vertex 42.3778 31.7816 2.15
      vertex 42.4583 30.923 2.15
    endloop
  endfacet
  facet normal -0 0 1
    outer loop
      vertex 42.1791 31.6952 2.15
      vertex 42.4583 30.923 2.15
      vertex 42.3778 31.7816 2.15
    endloop
  endfacet
  facet normal -0 0 1
    outer loop
      vertex 42.0116 31.5742 2.15
      vertex 42.4583 30.923 2.15
      vertex 42.1791 31.6952 2.15
    endloop
  endfacet
  facet normal -0 0 1
    outer loop
      vertex 41.8642 31.406 2.15
      vertex 42.4583 30.923 2.15
      vertex 42.0116 31.5742 2.15
    endloop
  endfacet
  facet normal 0 0 1
    outer loop
      vertex 42.4583 30.923 2.15
      vertex 41.8642 31.406 2.15
      vertex 42.2084 30.8248 2.15
    endloop
  endfacet
  facet normal -0 0 1
    outer loop
      vertex 41.7255 31.1782 2.15
      vertex 42.2084 30.8248 2.15
      vertex 41.8642 31.406 2.15
    endloop
  endfacet
  facet normal 0 0 1
    outer loop
      vertex 42.2084 30.8248 2.15
      vertex 41.7255 31.1782 2.15
      vertex 41.9944 30.6612 2.15
    endloop
  endfacet
  facet normal -0 0 1
    outer loop
      vertex 41.5956 30.8907 2.15
      vertex 41.9944 30.6612 2.15
      vertex 41.7255 31.1782 2.15
    endloop
  endfacet
  facet normal 0 0 1
    outer loop
      vertex 41.9944 30.6612 2.15
      vertex 41.5956 30.8907 2.15
      vertex 41.8164 30.4322 2.15
    endloop
  endfacet
  facet normal -0 0 1
    outer loop
      vertex 41.4746 30.5435 2.15
      vertex 41.8164 30.4322 2.15
      vertex 41.5956 30.8907 2.15
    endloop
  endfacet
  facet normal 0 0 1
    outer loop
      vertex 41.8164 30.4322 2.15
      vertex 41.4746 30.5435 2.15
      vertex 41.6764 30.1421 2.15
    endloop
  endfacet
  facet normal -0 0 1
    outer loop
      vertex 41.4529 30.5435 2.15
      vertex 41.6764 30.1421 2.15
      vertex 41.4746 30.5435 2.15
    endloop
  endfacet
  facet normal 0 0 1
    outer loop
      vertex 41.6764 30.1421 2.15
      vertex 41.4529 30.5435 2.15
      vertex 41.5764 29.7955 2.15
    endloop
  endfacet
  facet normal -0 0 1
    outer loop
      vertex 40.5198 30.3752 2.15
      vertex 41.5764 29.7955 2.15
      vertex 41.4529 30.5435 2.15
    endloop
  endfacet
  facet normal 0 0 1
    outer loop
      vertex 41.5764 29.7955 2.15
      vertex 40.5198 30.3752 2.15
      vertex 41.5163 29.3922 2.15
    endloop
  endfacet
  facet normal 0 0 1
    outer loop
      vertex 41.5163 29.3922 2.15
      vertex 40.5198 30.3752 2.15
      vertex 41.4963 28.9322 2.15
    endloop
  endfacet
  facet normal -0 0 1
    outer loop
      vertex 40.5177 30.6926 2.15
      vertex 41.4529 30.5435 2.15
      vertex 41.4502 30.6936 2.15
    endloop
  endfacet
  facet normal 0 0 1
    outer loop
      vertex 40.5177 30.6926 2.15
      vertex 41.4502 30.6936 2.15
      vertex 41.4421 30.9435 2.15
    endloop
  endfacet
  facet normal 0 0 1
    outer loop
      vertex 40.5177 30.6926 2.15
      vertex 41.4421 30.9435 2.15
      vertex 41.4285 31.2931 2.15
    endloop
  endfacet
  facet normal -0 0 1
    outer loop
      vertex 40.5015 31.3761 2.15
      vertex 41.4285 31.2931 2.15
      vertex 41.4095 31.7423 2.15
    endloop
  endfacet
  facet normal 0 0 1
    outer loop
      vertex 40.5198 25.8725 2.15
      vertex 41.4963 28.9322 2.15
      vertex 40.5198 30.3752 2.15
    endloop
  endfacet
  facet normal 0 0 1
    outer loop
      vertex 41.4963 28.9322 2.15
      vertex 40.5198 25.8725 2.15
      vertex 41.4963 25.8725 2.15
    endloop
  endfacet
  facet normal 0 0 1
    outer loop
      vertex 47.4768 30.4724 2.15
      vertex 48.3112 30.7482 2.15
      vertex 48.1565 31.048 2.15
    endloop
  endfacet
  facet normal 0 0 1
    outer loop
      vertex 47.3848 30.6336 2.15
      vertex 48.1565 31.048 2.15
      vertex 47.9491 31.2962 2.15
    endloop
  endfacet
  facet normal 0 0 1
    outer loop
      vertex 47.2585 30.7721 2.15
      vertex 47.9491 31.2962 2.15
      vertex 47.6892 31.4928 2.15
    endloop
  endfacet
  facet normal 0 0 1
    outer loop
      vertex 48.1565 31.048 2.15
      vertex 47.3848 30.6336 2.15
      vertex 47.4768 30.4724 2.15
    endloop
  endfacet
  facet normal 0 0 1
    outer loop
      vertex 48.3112 30.7482 2.15
      vertex 47.5346 30.2884 2.15
      vertex 48.4135 30.397 2.15
    endloop
  endfacet
  facet normal 0 -0 1
    outer loop
      vertex 47.5346 30.2884 2.15
      vertex 48.3112 30.7482 2.15
      vertex 47.4768 30.4724 2.15
    endloop
  endfacet
  facet normal 0 0 1
    outer loop
      vertex 47.0979 30.8878 2.15
      vertex 47.6892 31.4928 2.15
      vertex 47.3781 31.6423 2.15
    endloop
  endfacet
  facet normal 0 0 1
    outer loop
      vertex 47.9491 31.2962 2.15
      vertex 47.2585 30.7721 2.15
      vertex 47.3848 30.6336 2.15
    endloop
  endfacet
  facet normal 0 0 1
    outer loop
      vertex 47.6892 31.4928 2.15
      vertex 47.0979 30.8878 2.15
      vertex 47.2585 30.7721 2.15
    endloop
  endfacet
  facet normal 0 0 1
    outer loop
      vertex 46.9052 30.9792 2.15
      vertex 47.3781 31.6423 2.15
      vertex 47.0172 31.7491 2.15
    endloop
  endfacet
  facet normal 0 0 1
    outer loop
      vertex 47.3781 31.6423 2.15
      vertex 46.9052 30.9792 2.15
      vertex 47.0979 30.8878 2.15
    endloop
  endfacet
  facet normal 0 0 1
    outer loop
      vertex 47.0172 31.7491 2.15
      vertex 46.6822 31.0445 2.15
      vertex 46.9052 30.9792 2.15
    endloop
  endfacet
  facet normal 0 0 1
    outer loop
      vertex 46.6064 31.8132 2.15
      vertex 46.6822 31.0445 2.15
      vertex 47.0172 31.7491 2.15
    endloop
  endfacet
  facet normal 0 0 1
    outer loop
      vertex 46.6064 31.8132 2.15
      vertex 46.4291 31.0837 2.15
      vertex 46.6822 31.0445 2.15
    endloop
  endfacet
  facet normal 0 0 1
    outer loop
      vertex 46.1458 31.8346 2.15
      vertex 46.4291 31.0837 2.15
      vertex 46.6064 31.8132 2.15
    endloop
  endfacet
  facet normal 0 0 1
    outer loop
      vertex 46.1458 31.8346 2.15
      vertex 46.1458 31.0967 2.15
      vertex 46.4291 31.0837 2.15
    endloop
  endfacet
  facet normal 0 0 1
    outer loop
      vertex 46.1458 31.8346 2.15
      vertex 45.8366 31.0842 2.15
      vertex 46.1458 31.0967 2.15
    endloop
  endfacet
  facet normal -0 0 1
    outer loop
      vertex 45.6306 31.8083 2.15
      vertex 45.8366 31.0842 2.15
      vertex 46.1458 31.8346 2.15
    endloop
  endfacet
  facet normal 0 0 1
    outer loop
      vertex 45.6306 31.8083 2.15
      vertex 45.5708 31.0466 2.15
      vertex 45.8366 31.0842 2.15
    endloop
  endfacet
  facet normal -0 0 1
    outer loop
      vertex 45.1809 31.7294 2.15
      vertex 45.5708 31.0466 2.15
      vertex 45.6306 31.8083 2.15
    endloop
  endfacet
  facet normal 0 0 1
    outer loop
      vertex 45.5708 31.0466 2.15
      vertex 45.1809 31.7294 2.15
      vertex 45.3483 30.9838 2.15
    endloop
  endfacet
  facet normal -0 0 1
    outer loop
      vertex 44.7965 31.5981 2.15
      vertex 45.3483 30.9838 2.15
      vertex 45.1809 31.7294 2.15
    endloop
  endfacet
  facet normal 0 0 1
    outer loop
      vertex 45.3483 30.9838 2.15
      vertex 44.7965 31.5981 2.15
      vertex 45.1693 30.896 2.15
    endloop
  endfacet
  facet normal 0 0 1
    outer loop
      vertex 45.1693 30.896 2.15
      vertex 44.7965 31.5981 2.15
      vertex 45.0316 30.7828 2.15
    endloop
  endfacet
  facet normal -0 0 1
    outer loop
      vertex 44.4776 31.4141 2.15
      vertex 45.0316 30.7828 2.15
      vertex 44.7965 31.5981 2.15
    endloop
  endfacet
  facet normal 0 0 1
    outer loop
      vertex 45.0316 30.7828 2.15
      vertex 44.2272 31.18 2.15
      vertex 44.9333 30.6438 2.15
    endloop
  endfacet
  facet normal -0 0 1
    outer loop
      vertex 44.2272 31.18 2.15
      vertex 45.0316 30.7828 2.15
      vertex 44.4776 31.4141 2.15
    endloop
  endfacet
  facet normal 0 0 1
    outer loop
      vertex 47.1908 28.0866 2.15
      vertex 47.7237 28.8391 2.15
      vertex 47.5618 28.924 2.15
    endloop
  endfacet
  facet normal 0 0 1
    outer loop
      vertex 47.7237 28.8391 2.15
      vertex 47.5523 27.5841 2.15
      vertex 47.5672 27.4187 2.15
    endloop
  endfacet
  facet normal 0 0 1
    outer loop
      vertex 47.7237 28.8391 2.15
      vertex 47.5075 27.7333 2.15
      vertex 47.5523 27.5841 2.15
    endloop
  endfacet
  facet normal 0 0 1
    outer loop
      vertex 47.7237 28.8391 2.15
      vertex 47.4329 27.8662 2.15
      vertex 47.5075 27.7333 2.15
    endloop
  endfacet
  facet normal 0 0 1
    outer loop
      vertex 47.0165 28.1809 2.15
      vertex 47.5618 28.924 2.15
      vertex 47.3638 29.0087 2.15
    endloop
  endfacet
  facet normal 0 0 1
    outer loop
      vertex 47.7237 28.8391 2.15
      vertex 47.3285 27.9828 2.15
      vertex 47.4329 27.8662 2.15
    endloop
  endfacet
  facet normal 0 0 1
    outer loop
      vertex 47.7237 28.8391 2.15
      vertex 47.1908 28.0866 2.15
      vertex 47.3285 27.9828 2.15
    endloop
  endfacet
  facet normal 0 0 1
    outer loop
      vertex 47.0165 28.1809 2.15
      vertex 47.3638 29.0087 2.15
      vertex 47.1115 29.097 2.15
    endloop
  endfacet
  facet normal 0 0 1
    outer loop
      vertex 47.5618 28.924 2.15
      vertex 47.0165 28.1809 2.15
      vertex 47.1908 28.0866 2.15
    endloop
  endfacet
  facet normal 0 0 1
    outer loop
      vertex 47.1115 29.097 2.15
      vertex 46.8057 28.2656 2.15
      vertex 47.0165 28.1809 2.15
    endloop
  endfacet
  facet normal 0 0 1
    outer loop
      vertex 46.805 29.189 2.15
      vertex 46.8057 28.2656 2.15
      vertex 47.1115 29.097 2.15
    endloop
  endfacet
  facet normal 0 0 1
    outer loop
      vertex 46.805 29.189 2.15
      vertex 46.5582 28.3409 2.15
      vertex 46.8057 28.2656 2.15
    endloop
  endfacet
  facet normal 0 0 1
    outer loop
      vertex 46.4442 29.2848 2.15
      vertex 46.5582 28.3409 2.15
      vertex 46.805 29.189 2.15
    endloop
  endfacet
  facet normal 0 0 1
    outer loop
      vertex 45.8583 28.5253 2.15
      vertex 46.4442 29.2848 2.15
      vertex 46.0699 29.3798 2.15
    endloop
  endfacet
  facet normal 0 0 1
    outer loop
      vertex 46.4442 29.2848 2.15
      vertex 45.8583 28.5253 2.15
      vertex 46.5582 28.3409 2.15
    endloop
  endfacet
  facet normal 0 0 1
    outer loop
      vertex 45.7661 29.4639 2.15
      vertex 45.8583 28.5253 2.15
      vertex 46.0699 29.3798 2.15
    endloop
  endfacet
  facet normal 0 0 1
    outer loop
      vertex 45.4682 28.6333 2.15
      vertex 45.7661 29.4639 2.15
      vertex 45.5328 29.5371 2.15
    endloop
  endfacet
  facet normal 0 0 1
    outer loop
      vertex 45.7661 29.4639 2.15
      vertex 45.4682 28.6333 2.15
      vertex 45.8583 28.5253 2.15
    endloop
  endfacet
  facet normal 0 0 1
    outer loop
      vertex 45.1388 28.7403 2.15
      vertex 45.5328 29.5371 2.15
      vertex 45.37 29.5995 2.15
    endloop
  endfacet
  facet normal 0 0 1
    outer loop
      vertex 44.8701 28.8462 2.15
      vertex 45.37 29.5995 2.15
      vertex 45.2503 29.6595 2.15
    endloop
  endfacet
  facet normal 0 0 1
    outer loop
      vertex 44.6621 28.9511 2.15
      vertex 45.2503 29.6595 2.15
      vertex 45.1462 29.7256 2.15
    endloop
  endfacet
  facet normal 0 0 1
    outer loop
      vertex 45.5328 29.5371 2.15
      vertex 45.1388 28.7403 2.15
      vertex 45.4682 28.6333 2.15
    endloop
  endfacet
  facet normal 0 0 1
    outer loop
      vertex 44.4941 29.0612 2.15
      vertex 45.1462 29.7256 2.15
      vertex 45.0577 29.7978 2.15
    endloop
  endfacet
  facet normal 0 0 1
    outer loop
      vertex 44.3454 29.1824 2.15
      vertex 45.0577 29.7978 2.15
      vertex 44.9848 29.8761 2.15
    endloop
  endfacet
  facet normal 0 0 1
    outer loop
      vertex 44.216 29.3148 2.15
      vertex 44.9848 29.8761 2.15
      vertex 44.9279 29.9629 2.15
    endloop
  endfacet
  facet normal 0 0 1
    outer loop
      vertex 44.0182 29.6161 2.15
      vertex 44.9279 29.9629 2.15
      vertex 44.8872 30.0606 2.15
    endloop
  endfacet
  facet normal 0 0 1
    outer loop
      vertex 45.37 29.5995 2.15
      vertex 44.8701 28.8462 2.15
      vertex 45.1388 28.7403 2.15
    endloop
  endfacet
  facet normal 0 0 1
    outer loop
      vertex 43.9178 29.9823 2.15
      vertex 44.8872 30.0606 2.15
      vertex 44.8628 30.1691 2.15
    endloop
  endfacet
  facet normal -0 0 1
    outer loop
      vertex 43.9053 30.1908 2.15
      vertex 44.8628 30.1691 2.15
      vertex 44.8547 30.2884 2.15
    endloop
  endfacet
  facet normal -0 0 1
    outer loop
      vertex 44.0484 30.8981 2.15
      vertex 44.9333 30.6438 2.15
      vertex 44.2272 31.18 2.15
    endloop
  endfacet
  facet normal 0 0 1
    outer loop
      vertex 45.2503 29.6595 2.15
      vertex 44.6621 28.9511 2.15
      vertex 44.8701 28.8462 2.15
    endloop
  endfacet
  facet normal 0 0 1
    outer loop
      vertex 45.1462 29.7256 2.15
      vertex 44.4941 29.0612 2.15
      vertex 44.6621 28.9511 2.15
    endloop
  endfacet
  facet normal 0 0 1
    outer loop
      vertex 44.9333 30.6438 2.15
      vertex 44.0484 30.8981 2.15
      vertex 44.8743 30.479 2.15
    endloop
  endfacet
  facet normal 0 0 1
    outer loop
      vertex 44.8628 30.1691 2.15
      vertex 43.9053 30.1908 2.15
      vertex 43.9178 29.9823 2.15
    endloop
  endfacet
  facet normal -0 0 1
    outer loop
      vertex 43.9411 30.5683 2.15
      vertex 44.8743 30.479 2.15
      vertex 44.0484 30.8981 2.15
    endloop
  endfacet
  facet normal 0 0 1
    outer loop
      vertex 45.0577 29.7978 2.15
      vertex 44.3454 29.1824 2.15
      vertex 44.4941 29.0612 2.15
    endloop
  endfacet
  facet normal 0 0 1
    outer loop
      vertex 44.9848 29.8761 2.15
      vertex 44.216 29.3148 2.15
      vertex 44.3454 29.1824 2.15
    endloop
  endfacet
  facet normal 0 0 1
    outer loop
      vertex 44.8743 30.479 2.15
      vertex 43.9411 30.5683 2.15
      vertex 44.8547 30.2884 2.15
    endloop
  endfacet
  facet normal 0 0 1
    outer loop
      vertex 44.8872 30.0606 2.15
      vertex 43.9178 29.9823 2.15
      vertex 43.9555 29.7907 2.15
    endloop
  endfacet
  facet normal 0 0 1
    outer loop
      vertex 44.9279 29.9629 2.15
      vertex 44.106 29.4584 2.15
      vertex 44.216 29.3148 2.15
    endloop
  endfacet
  facet normal 0 0 1
    outer loop
      vertex 44.8547 30.2884 2.15
      vertex 43.9411 30.5683 2.15
      vertex 43.9053 30.1908 2.15
    endloop
  endfacet
  facet normal 0 0 1
    outer loop
      vertex 44.8872 30.0606 2.15
      vertex 43.9555 29.7907 2.15
      vertex 44.0182 29.6161 2.15
    endloop
  endfacet
  facet normal 0 0 1
    outer loop
      vertex 44.9279 29.9629 2.15
      vertex 44.0182 29.6161 2.15
      vertex 44.106 29.4584 2.15
    endloop
  endfacet
  facet normal 0 0 1
    outer loop
      vertex 47.5672 27.4187 2.15
      vertex 48.5098 27.6582 2.15
      vertex 48.4894 27.8126 2.15
    endloop
  endfacet
  facet normal 0 0 1
    outer loop
      vertex 48.5098 27.6582 2.15
      vertex 47.5672 27.4187 2.15
      vertex 48.5166 27.4946 2.15
    endloop
  endfacet
  facet normal 0 0 1
    outer loop
      vertex 47.5672 27.4187 2.15
      vertex 48.4894 27.8126 2.15
      vertex 48.4555 27.9579 2.15
    endloop
  endfacet
  facet normal 0 0 1
    outer loop
      vertex 47.5672 27.4187 2.15
      vertex 48.4555 27.9579 2.15
      vertex 48.408 28.094 2.15
    endloop
  endfacet
  facet normal 0 0 1
    outer loop
      vertex 48.5166 27.4946 2.15
      vertex 47.5672 27.4187 2.15
      vertex 48.4774 27.1033 2.15
    endloop
  endfacet
  facet normal 0 0 1
    outer loop
      vertex 47.5672 27.4187 2.15
      vertex 48.408 28.094 2.15
      vertex 48.3482 28.2217 2.15
    endloop
  endfacet
  facet normal 0 0 1
    outer loop
      vertex 47.5672 27.4187 2.15
      vertex 48.3482 28.2217 2.15
      vertex 48.2771 28.3416 2.15
    endloop
  endfacet
  facet normal 0 0 1
    outer loop
      vertex 47.5672 27.4187 2.15
      vertex 48.2771 28.3416 2.15
      vertex 48.1949 28.4536 2.15
    endloop
  endfacet
  facet normal -0 0 1
    outer loop
      vertex 47.5457 27.205 2.15
      vertex 48.4774 27.1033 2.15
      vertex 47.5672 27.4187 2.15
    endloop
  endfacet
  facet normal 0 0 1
    outer loop
      vertex 47.5672 27.4187 2.15
      vertex 48.1949 28.4536 2.15
      vertex 48.1015 28.5579 2.15
    endloop
  endfacet
  facet normal 0 0 1
    outer loop
      vertex 47.5672 27.4187 2.15
      vertex 48.1015 28.5579 2.15
      vertex 47.9935 28.656 2.15
    endloop
  endfacet
  facet normal 0 0 1
    outer loop
      vertex 48.4774 27.1033 2.15
      vertex 47.5457 27.205 2.15
      vertex 48.3599 26.7595 2.15
    endloop
  endfacet
  facet normal 0 0 1
    outer loop
      vertex 47.5672 27.4187 2.15
      vertex 47.9935 28.656 2.15
      vertex 47.8676 28.7498 2.15
    endloop
  endfacet
  facet normal 0 0 1
    outer loop
      vertex 47.5672 27.4187 2.15
      vertex 47.8676 28.7498 2.15
      vertex 47.7237 28.8391 2.15
    endloop
  endfacet
  facet normal -0 0 1
    outer loop
      vertex 47.4811 27.0199 2.15
      vertex 48.3599 26.7595 2.15
      vertex 47.5457 27.205 2.15
    endloop
  endfacet
  facet normal 0 0 1
    outer loop
      vertex 48.3599 26.7595 2.15
      vertex 47.4811 27.0199 2.15
      vertex 48.1641 26.4632 2.15
    endloop
  endfacet
  facet normal -0 0 1
    outer loop
      vertex 47.3734 26.8632 2.15
      vertex 48.1641 26.4632 2.15
      vertex 47.4811 27.0199 2.15
    endloop
  endfacet
  facet normal 0 0 1
    outer loop
      vertex 48.1641 26.4632 2.15
      vertex 47.3734 26.8632 2.15
      vertex 47.8899 26.2143 2.15
    endloop
  endfacet
  facet normal -0 0 1
    outer loop
      vertex 47.2227 26.7351 2.15
      vertex 47.8899 26.2143 2.15
      vertex 47.3734 26.8632 2.15
    endloop
  endfacet
  facet normal 0 0 1
    outer loop
      vertex 47.8899 26.2143 2.15
      vertex 47.2227 26.7351 2.15
      vertex 47.5453 26.0173 2.15
    endloop
  endfacet
  facet normal -0 0 1
    outer loop
      vertex 47.0256 26.6354 2.15
      vertex 47.5453 26.0173 2.15
      vertex 47.2227 26.7351 2.15
    endloop
  endfacet
  facet normal 0 0 1
    outer loop
      vertex 47.5453 26.0173 2.15
      vertex 47.0256 26.6354 2.15
      vertex 47.1379 25.8766 2.15
    endloop
  endfacet
  facet normal -0 0 1
    outer loop
      vertex 46.7785 26.5642 2.15
      vertex 47.1379 25.8766 2.15
      vertex 47.0256 26.6354 2.15
    endloop
  endfacet
  facet normal 0 0 1
    outer loop
      vertex 46.7785 26.5642 2.15
      vertex 46.6678 25.7922 2.15
      vertex 47.1379 25.8766 2.15
    endloop
  endfacet
  facet normal -0 0 1
    outer loop
      vertex 46.4817 26.5215 2.15
      vertex 46.6678 25.7922 2.15
      vertex 46.7785 26.5642 2.15
    endloop
  endfacet
  facet normal 0 0 1
    outer loop
      vertex 46.135 25.764 2.15
      vertex 46.4817 26.5215 2.15
      vertex 46.135 26.5072 2.15
    endloop
  endfacet
  facet normal 0 0 1
    outer loop
      vertex 46.4817 26.5215 2.15
      vertex 46.135 25.764 2.15
      vertex 46.6678 25.7922 2.15
    endloop
  endfacet
  facet normal 0 0 1
    outer loop
      vertex 45.8067 26.521 2.15
      vertex 46.135 25.764 2.15
      vertex 46.135 26.5072 2.15
    endloop
  endfacet
  facet normal 0 0 1
    outer loop
      vertex 45.8067 26.521 2.15
      vertex 45.6184 25.7866 2.15
      vertex 46.135 25.764 2.15
    endloop
  endfacet
  facet normal 0 0 1
    outer loop
      vertex 45.5165 26.5621 2.15
      vertex 45.6184 25.7866 2.15
      vertex 45.8067 26.521 2.15
    endloop
  endfacet
  facet normal 0 0 1
    outer loop
      vertex 45.1646 25.8542 2.15
      vertex 45.5165 26.5621 2.15
      vertex 45.2642 26.6308 2.15
    endloop
  endfacet
  facet normal 0 0 1
    outer loop
      vertex 45.5165 26.5621 2.15
      vertex 45.1646 25.8542 2.15
      vertex 45.6184 25.7866 2.15
    endloop
  endfacet
  facet normal 0 0 1
    outer loop
      vertex 44.7735 25.9669 2.15
      vertex 45.2642 26.6308 2.15
      vertex 45.0499 26.7269 2.15
    endloop
  endfacet
  facet normal 0 0 1
    outer loop
      vertex 44.4451 26.1247 2.15
      vertex 45.0499 26.7269 2.15
      vertex 44.8713 26.8526 2.15
    endloop
  endfacet
  facet normal 0 0 1
    outer loop
      vertex 45.2642 26.6308 2.15
      vertex 44.7735 25.9669 2.15
      vertex 45.1646 25.8542 2.15
    endloop
  endfacet
  facet normal 0 0 1
    outer loop
      vertex 44.174 26.3304 2.15
      vertex 44.8713 26.8526 2.15
      vertex 44.7258 27.0097 2.15
    endloop
  endfacet
  facet normal 0 0 1
    outer loop
      vertex 43.9548 26.5866 2.15
      vertex 44.7258 27.0097 2.15
      vertex 44.6136 27.1984 2.15
    endloop
  endfacet
  facet normal 0 0 1
    outer loop
      vertex 43.7875 26.8932 2.15
      vertex 44.6136 27.1984 2.15
      vertex 44.5347 27.4187 2.15
    endloop
  endfacet
  facet normal 0 0 1
    outer loop
      vertex 45.0499 26.7269 2.15
      vertex 44.4451 26.1247 2.15
      vertex 44.7735 25.9669 2.15
    endloop
  endfacet
  facet normal 0 0 1
    outer loop
      vertex 44.8713 26.8526 2.15
      vertex 44.174 26.3304 2.15
      vertex 44.4451 26.1247 2.15
    endloop
  endfacet
  facet normal 0 0 1
    outer loop
      vertex 44.7258 27.0097 2.15
      vertex 43.9548 26.5866 2.15
      vertex 44.174 26.3304 2.15
    endloop
  endfacet
  facet normal 0 0 1
    outer loop
      vertex 44.6136 27.1984 2.15
      vertex 43.7875 26.8932 2.15
      vertex 43.9548 26.5866 2.15
    endloop
  endfacet
  facet normal 0 -0 1
    outer loop
      vertex 43.7875 26.8932 2.15
      vertex 44.5347 27.4187 2.15
      vertex 43.672 27.2504 2.15
    endloop
  endfacet
  facet normal -0 0 1
    outer loop
      vertex 19.3525 31.7423 2.15
      vertex 20.3344 28.0208 2.15
      vertex 20.3344 31.7423 2.15
    endloop
  endfacet
  facet normal 0 -0 1
    outer loop
      vertex 19.3804 27.3167 2.15
      vertex 20.3344 28.0208 2.15
      vertex 19.3525 27.8309 2.15
    endloop
  endfacet
  facet normal 0 -0 1
    outer loop
      vertex 19.4643 26.8809 2.15
      vertex 20.3344 28.0208 2.15
      vertex 19.3804 27.3167 2.15
    endloop
  endfacet
  facet normal 0 -0 1
    outer loop
      vertex 19.6042 26.5233 2.15
      vertex 20.3344 28.0208 2.15
      vertex 19.4643 26.8809 2.15
    endloop
  endfacet
  facet normal 0 -0 1
    outer loop
      vertex 19.8 26.2441 2.15
      vertex 20.3344 28.0208 2.15
      vertex 19.6042 26.5233 2.15
    endloop
  endfacet
  facet normal 0 0 1
    outer loop
      vertex 20.3344 28.0208 2.15
      vertex 19.3525 31.7423 2.15
      vertex 19.3525 27.8309 2.15
    endloop
  endfacet
  facet normal 0 0 1
    outer loop
      vertex 20.3344 28.0208 2.15
      vertex 19.8 26.2441 2.15
      vertex 20.0562 26.0341 2.15
    endloop
  endfacet
  facet normal -0 0 1
    outer loop
      vertex 23.0632 28.3409 2.15
      vertex 24.0397 27.1257 2.15
      vertex 24.0397 31.7423 2.15
    endloop
  endfacet
  facet normal 0 -0 1
    outer loop
      vertex 23.1391 26.019 2.15
      vertex 24.0397 27.1257 2.15
      vertex 23.1362 26.0809 2.15
    endloop
  endfacet
  facet normal 0 -0 1
    outer loop
      vertex 23.1418 25.9651 2.15
      vertex 24.0397 27.1257 2.15
      vertex 23.1391 26.019 2.15
    endloop
  endfacet
  facet normal 0 0 1
    outer loop
      vertex 23.15 25.8725 2.15
      vertex 23.1445 25.9227 2.15
      vertex 23.1473 25.8918 2.15
    endloop
  endfacet
  facet normal -0 -0 1
    outer loop
      vertex 23.1445 25.9227 2.15
      vertex 23.15 25.8725 2.15
      vertex 23.1418 25.9651 2.15
    endloop
  endfacet
  facet normal 0 0 1
    outer loop
      vertex 24.0397 27.1257 2.15
      vertex 23.1418 25.9651 2.15
      vertex 23.15 25.8725 2.15
    endloop
  endfacet
  facet normal 0 0 1
    outer loop
      vertex 24.0397 27.1257 2.15
      vertex 23.133 26.1471 2.15
      vertex 23.1362 26.0809 2.15
    endloop
  endfacet
  facet normal 0 0 1
    outer loop
      vertex 24.0397 27.1257 2.15
      vertex 23.1294 26.2178 2.15
      vertex 23.133 26.1471 2.15
    endloop
  endfacet
  facet normal 0 0 1
    outer loop
      vertex 24.0397 27.1257 2.15
      vertex 23.1255 26.2929 2.15
      vertex 23.1294 26.2178 2.15
    endloop
  endfacet
  facet normal 0 0 1
    outer loop
      vertex 24.0397 27.1257 2.15
      vertex 23.1213 26.3873 2.15
      vertex 23.1255 26.2929 2.15
    endloop
  endfacet
  facet normal 0 0 1
    outer loop
      vertex 24.0397 27.1257 2.15
      vertex 23.1167 26.516 2.15
      vertex 23.1213 26.3873 2.15
    endloop
  endfacet
  facet normal 0 0 1
    outer loop
      vertex 24.0397 27.1257 2.15
      vertex 23.1118 26.679 2.15
      vertex 23.1167 26.516 2.15
    endloop
  endfacet
  facet normal 0 0 1
    outer loop
      vertex 24.0397 27.1257 2.15
      vertex 23.1066 26.8761 2.15
      vertex 23.1118 26.679 2.15
    endloop
  endfacet
  facet normal -0 0 1
    outer loop
      vertex 23.0378 27.9357 2.15
      vertex 24.0397 27.1257 2.15
      vertex 23.0632 28.3409 2.15
    endloop
  endfacet
  facet normal 0 0 1
    outer loop
      vertex 23.0632 28.3409 2.15
      vertex 24.0397 31.7423 2.15
      vertex 23.0632 31.7423 2.15
    endloop
  endfacet
  facet normal -0 0 1
    outer loop
      vertex 22.9615 27.5773 2.15
      vertex 24.0397 27.1257 2.15
      vertex 23.0378 27.9357 2.15
    endloop
  endfacet
  facet normal 0 0 1
    outer loop
      vertex 24.0397 27.1257 2.15
      vertex 22.9615 27.5773 2.15
      vertex 23.1066 26.8761 2.15
    endloop
  endfacet
  facet normal -0 0 1
    outer loop
      vertex 22.8343 27.2657 2.15
      vertex 23.1066 26.8761 2.15
      vertex 22.9615 27.5773 2.15
    endloop
  endfacet
  facet normal 0 0 1
    outer loop
      vertex 23.1066 26.8761 2.15
      vertex 22.8343 27.2657 2.15
      vertex 23.0903 26.8761 2.15
    endloop
  endfacet
  facet normal -0 0 1
    outer loop
      vertex 22.6563 27.0009 2.15
      vertex 23.0903 26.8761 2.15
      vertex 22.8343 27.2657 2.15
    endloop
  endfacet
  facet normal 0 0 1
    outer loop
      vertex 23.0903 26.8761 2.15
      vertex 22.6563 27.0009 2.15
      vertex 22.9155 26.5945 2.15
    endloop
  endfacet
  facet normal -0 0 1
    outer loop
      vertex 22.4342 26.7897 2.15
      vertex 22.9155 26.5945 2.15
      vertex 22.6563 27.0009 2.15
    endloop
  endfacet
  facet normal 0 0 1
    outer loop
      vertex 22.9155 26.5945 2.15
      vertex 22.4342 26.7897 2.15
      vertex 22.7275 26.3573 2.15
    endloop
  endfacet
  facet normal -0 0 1
    outer loop
      vertex 22.1748 26.6388 2.15
      vertex 22.7275 26.3573 2.15
      vertex 22.4342 26.7897 2.15
    endloop
  endfacet
  facet normal 0 0 1
    outer loop
      vertex 22.7275 26.3573 2.15
      vertex 22.1748 26.6388 2.15
      vertex 22.5263 26.1646 2.15
    endloop
  endfacet
  facet normal 0 0 1
    outer loop
      vertex 22.5263 26.1646 2.15
      vertex 22.1748 26.6388 2.15
      vertex 22.3118 26.0163 2.15
    endloop
  endfacet
  facet normal -0 0 1
    outer loop
      vertex 21.8781 26.5483 2.15
      vertex 22.3118 26.0163 2.15
      vertex 22.1748 26.6388 2.15
    endloop
  endfacet
  facet normal 0 0 1
    outer loop
      vertex 22.3118 26.0163 2.15
      vertex 21.8781 26.5483 2.15
      vertex 22.0774 25.9059 2.15
    endloop
  endfacet
  facet normal 0 0 1
    outer loop
      vertex 21.8781 26.5483 2.15
      vertex 21.8161 25.8271 2.15
      vertex 22.0774 25.9059 2.15
    endloop
  endfacet
  facet normal -0 0 1
    outer loop
      vertex 21.5441 26.5181 2.15
      vertex 21.8161 25.8271 2.15
      vertex 21.8781 26.5483 2.15
    endloop
  endfacet
  facet normal 0 0 1
    outer loop
      vertex 21.5441 26.5181 2.15
      vertex 21.5281 25.7798 2.15
      vertex 21.8161 25.8271 2.15
    endloop
  endfacet
  facet normal 0 0 1
    outer loop
      vertex 21.3173 26.5269 2.15
      vertex 21.5281 25.7798 2.15
      vertex 21.5441 26.5181 2.15
    endloop
  endfacet
  facet normal 0 0 1
    outer loop
      vertex 21.3173 26.5269 2.15
      vertex 21.2133 25.764 2.15
      vertex 21.5281 25.7798 2.15
    endloop
  endfacet
  facet normal 0 0 1
    outer loop
      vertex 21.1196 26.5534 2.15
      vertex 21.2133 25.764 2.15
      vertex 21.3173 26.5269 2.15
    endloop
  endfacet
  facet normal 0 0 1
    outer loop
      vertex 20.7628 25.794 2.15
      vertex 21.1196 26.5534 2.15
      vertex 20.9511 26.5974 2.15
    endloop
  endfacet
  facet normal 0 0 1
    outer loop
      vertex 20.7628 25.794 2.15
      vertex 20.9511 26.5974 2.15
      vertex 20.8118 26.6591 2.15
    endloop
  endfacet
  facet normal 0 0 1
    outer loop
      vertex 21.1196 26.5534 2.15
      vertex 20.7628 25.794 2.15
      vertex 21.2133 25.764 2.15
    endloop
  endfacet
  facet normal 0 0 1
    outer loop
      vertex 20.3771 25.884 2.15
      vertex 20.8118 26.6591 2.15
      vertex 20.6955 26.7409 2.15
    endloop
  endfacet
  facet normal 0 0 1
    outer loop
      vertex 20.0562 26.0341 2.15
      vertex 20.6955 26.7409 2.15
      vertex 20.5961 26.8449 2.15
    endloop
  endfacet
  facet normal 0 0 1
    outer loop
      vertex 20.0562 26.0341 2.15
      vertex 20.5961 26.8449 2.15
      vertex 20.5137 26.9714 2.15
    endloop
  endfacet
  facet normal 0 0 1
    outer loop
      vertex 20.0562 26.0341 2.15
      vertex 20.5137 26.9714 2.15
      vertex 20.4483 27.1203 2.15
    endloop
  endfacet
  facet normal 0 0 1
    outer loop
      vertex 20.0562 26.0341 2.15
      vertex 20.4483 27.1203 2.15
      vertex 20.3985 27.2966 2.15
    endloop
  endfacet
  facet normal 0 0 1
    outer loop
      vertex 20.8118 26.6591 2.15
      vertex 20.3771 25.884 2.15
      vertex 20.7628 25.794 2.15
    endloop
  endfacet
  facet normal 0 0 1
    outer loop
      vertex 20.0562 26.0341 2.15
      vertex 20.3985 27.2966 2.15
      vertex 20.3629 27.5054 2.15
    endloop
  endfacet
  facet normal 0 0 1
    outer loop
      vertex 20.0562 26.0341 2.15
      vertex 20.3629 27.5054 2.15
      vertex 20.3415 27.7469 2.15
    endloop
  endfacet
  facet normal 0 0 1
    outer loop
      vertex 20.0562 26.0341 2.15
      vertex 20.3415 27.7469 2.15
      vertex 20.3344 28.0208 2.15
    endloop
  endfacet
  facet normal 0 0 1
    outer loop
      vertex 20.6955 26.7409 2.15
      vertex 20.0562 26.0341 2.15
      vertex 20.3771 25.884 2.15
    endloop
  endfacet
  facet normal 0 0 1
    outer loop
      vertex 24.058 26.0363 2.15
      vertex 23.15 25.8725 2.15
      vertex 24.0722 25.8725 2.15
    endloop
  endfacet
  facet normal 0 0 1
    outer loop
      vertex 24.0478 26.2997 2.15
      vertex 23.15 25.8725 2.15
      vertex 24.058 26.0363 2.15
    endloop
  endfacet
  facet normal 0 0 1
    outer loop
      vertex 24.0417 26.6629 2.15
      vertex 23.15 25.8725 2.15
      vertex 24.0478 26.2997 2.15
    endloop
  endfacet
  facet normal 0 0 1
    outer loop
      vertex 23.15 25.8725 2.15
      vertex 24.0417 26.6629 2.15
      vertex 24.0397 27.1257 2.15
    endloop
  endfacet
  facet normal -0 0 1
    outer loop
      vertex 69.0923 31.7423 2.15
      vertex 70.0688 25.8725 2.15
      vertex 70.0688 31.7423 2.15
    endloop
  endfacet
  facet normal 0 0 1
    outer loop
      vertex 70.0688 25.8725 2.15
      vertex 69.0923 31.7423 2.15
      vertex 69.0923 25.8725 2.15
    endloop
  endfacet
  facet normal -0 0 1
    outer loop
      vertex 63.036 31.7423 2.15
      vertex 64.0179 28.0208 2.15
      vertex 64.0179 31.7423 2.15
    endloop
  endfacet
  facet normal 0 -0 1
    outer loop
      vertex 63.0639 27.3167 2.15
      vertex 64.0179 28.0208 2.15
      vertex 63.036 27.8309 2.15
    endloop
  endfacet
  facet normal 0 -0 1
    outer loop
      vertex 63.1478 26.8809 2.15
      vertex 64.0179 28.0208 2.15
      vertex 63.0639 27.3167 2.15
    endloop
  endfacet
  facet normal 0 -0 1
    outer loop
      vertex 63.2877 26.5233 2.15
      vertex 64.0179 28.0208 2.15
      vertex 63.1478 26.8809 2.15
    endloop
  endfacet
  facet normal 0 -0 1
    outer loop
      vertex 63.4835 26.2441 2.15
      vertex 64.0179 28.0208 2.15
      vertex 63.2877 26.5233 2.15
    endloop
  endfacet
  facet normal 0 0 1
    outer loop
      vertex 64.0179 28.0208 2.15
      vertex 63.036 31.7423 2.15
      vertex 63.036 27.8309 2.15
    endloop
  endfacet
  facet normal 0 0 1
    outer loop
      vertex 64.0179 28.0208 2.15
      vertex 63.4835 26.2441 2.15
      vertex 63.7397 26.0341 2.15
    endloop
  endfacet
  facet normal -0 0 1
    outer loop
      vertex 66.7467 28.3409 2.15
      vertex 67.7232 27.1257 2.15
      vertex 67.7232 31.7423 2.15
    endloop
  endfacet
  facet normal 0 -0 1
    outer loop
      vertex 66.8226 26.019 2.15
      vertex 67.7232 27.1257 2.15
      vertex 66.8197 26.0809 2.15
    endloop
  endfacet
  facet normal 0 -0 1
    outer loop
      vertex 66.8253 25.9651 2.15
      vertex 67.7232 27.1257 2.15
      vertex 66.8226 26.019 2.15
    endloop
  endfacet
  facet normal 0 0 1
    outer loop
      vertex 66.8335 25.8725 2.15
      vertex 66.828 25.9227 2.15
      vertex 66.8308 25.8918 2.15
    endloop
  endfacet
  facet normal -0 -0 1
    outer loop
      vertex 66.828 25.9227 2.15
      vertex 66.8335 25.8725 2.15
      vertex 66.8253 25.9651 2.15
    endloop
  endfacet
  facet normal 0 0 1
    outer loop
      vertex 67.7232 27.1257 2.15
      vertex 66.8253 25.9651 2.15
      vertex 66.8335 25.8725 2.15
    endloop
  endfacet
  facet normal 0 0 1
    outer loop
      vertex 67.7232 27.1257 2.15
      vertex 66.8165 26.1471 2.15
      vertex 66.8197 26.0809 2.15
    endloop
  endfacet
  facet normal 0 0 1
    outer loop
      vertex 67.7232 27.1257 2.15
      vertex 66.8129 26.2178 2.15
      vertex 66.8165 26.1471 2.15
    endloop
  endfacet
  facet normal 0 0 1
    outer loop
      vertex 67.7232 27.1257 2.15
      vertex 66.809 26.2929 2.15
      vertex 66.8129 26.2178 2.15
    endloop
  endfacet
  facet normal 0 0 1
    outer loop
      vertex 67.7232 27.1257 2.15
      vertex 66.8048 26.3873 2.15
      vertex 66.809 26.2929 2.15
    endloop
  endfacet
  facet normal 0 0 1
    outer loop
      vertex 67.7232 27.1257 2.15
      vertex 66.8002 26.516 2.15
      vertex 66.8048 26.3873 2.15
    endloop
  endfacet
  facet normal 0 0 1
    outer loop
      vertex 67.7232 27.1257 2.15
      vertex 66.7953 26.679 2.15
      vertex 66.8002 26.516 2.15
    endloop
  endfacet
  facet normal 0 0 1
    outer loop
      vertex 67.7232 27.1257 2.15
      vertex 66.79 26.8761 2.15
      vertex 66.7953 26.679 2.15
    endloop
  endfacet
  facet normal -0 0 1
    outer loop
      vertex 66.7213 27.9357 2.15
      vertex 67.7232 27.1257 2.15
      vertex 66.7467 28.3409 2.15
    endloop
  endfacet
  facet normal 0 0 1
    outer loop
      vertex 66.7467 28.3409 2.15
      vertex 67.7232 31.7423 2.15
      vertex 66.7467 31.7423 2.15
    endloop
  endfacet
  facet normal -0 0 1
    outer loop
      vertex 66.645 27.5773 2.15
      vertex 67.7232 27.1257 2.15
      vertex 66.7213 27.9357 2.15
    endloop
  endfacet
  facet normal 0 0 1
    outer loop
      vertex 67.7232 27.1257 2.15
      vertex 66.645 27.5773 2.15
      vertex 66.79 26.8761 2.15
    endloop
  endfacet
  facet normal -0 0 1
    outer loop
      vertex 66.5178 27.2657 2.15
      vertex 66.79 26.8761 2.15
      vertex 66.645 27.5773 2.15
    endloop
  endfacet
  facet normal 0 0 1
    outer loop
      vertex 66.79 26.8761 2.15
      vertex 66.5178 27.2657 2.15
      vertex 66.7738 26.8761 2.15
    endloop
  endfacet
  facet normal -0 0 1
    outer loop
      vertex 66.3398 27.0009 2.15
      vertex 66.7738 26.8761 2.15
      vertex 66.5178 27.2657 2.15
    endloop
  endfacet
  facet normal 0 0 1
    outer loop
      vertex 66.7738 26.8761 2.15
      vertex 66.3398 27.0009 2.15
      vertex 66.599 26.5945 2.15
    endloop
  endfacet
  facet normal -0 0 1
    outer loop
      vertex 66.1177 26.7897 2.15
      vertex 66.599 26.5945 2.15
      vertex 66.3398 27.0009 2.15
    endloop
  endfacet
  facet normal 0 0 1
    outer loop
      vertex 66.599 26.5945 2.15
      vertex 66.1177 26.7897 2.15
      vertex 66.411 26.3573 2.15
    endloop
  endfacet
  facet normal -0 0 1
    outer loop
      vertex 65.8583 26.6388 2.15
      vertex 66.411 26.3573 2.15
      vertex 66.1177 26.7897 2.15
    endloop
  endfacet
  facet normal 0 0 1
    outer loop
      vertex 66.411 26.3573 2.15
      vertex 65.8583 26.6388 2.15
      vertex 66.2098 26.1646 2.15
    endloop
  endfacet
  facet normal 0 0 1
    outer loop
      vertex 66.2098 26.1646 2.15
      vertex 65.8583 26.6388 2.15
      vertex 65.9953 26.0163 2.15
    endloop
  endfacet
  facet normal -0 0 1
    outer loop
      vertex 65.5616 26.5483 2.15
      vertex 65.9953 26.0163 2.15
      vertex 65.8583 26.6388 2.15
    endloop
  endfacet
  facet normal 0 0 1
    outer loop
      vertex 65.9953 26.0163 2.15
      vertex 65.5616 26.5483 2.15
      vertex 65.7608 25.9059 2.15
    endloop
  endfacet
  facet normal 0 0 1
    outer loop
      vertex 65.5616 26.5483 2.15
      vertex 65.4996 25.8271 2.15
      vertex 65.7608 25.9059 2.15
    endloop
  endfacet
  facet normal -0 0 1
    outer loop
      vertex 65.2276 26.5181 2.15
      vertex 65.4996 25.8271 2.15
      vertex 65.5616 26.5483 2.15
    endloop
  endfacet
  facet normal 0 0 1
    outer loop
      vertex 65.2276 26.5181 2.15
      vertex 65.2116 25.7798 2.15
      vertex 65.4996 25.8271 2.15
    endloop
  endfacet
  facet normal 0 0 1
    outer loop
      vertex 65.0008 26.5269 2.15
      vertex 65.2116 25.7798 2.15
      vertex 65.2276 26.5181 2.15
    endloop
  endfacet
  facet normal 0 0 1
    outer loop
      vertex 65.0008 26.5269 2.15
      vertex 64.8968 25.764 2.15
      vertex 65.2116 25.7798 2.15
    endloop
  endfacet
  facet normal 0 0 1
    outer loop
      vertex 64.8031 26.5534 2.15
      vertex 64.8968 25.764 2.15
      vertex 65.0008 26.5269 2.15
    endloop
  endfacet
  facet normal 0 0 1
    outer loop
      vertex 64.4463 25.794 2.15
      vertex 64.8031 26.5534 2.15
      vertex 64.6346 26.5974 2.15
    endloop
  endfacet
  facet normal 0 0 1
    outer loop
      vertex 64.4463 25.794 2.15
      vertex 64.6346 26.5974 2.15
      vertex 64.4952 26.6591 2.15
    endloop
  endfacet
  facet normal 0 0 1
    outer loop
      vertex 64.8031 26.5534 2.15
      vertex 64.4463 25.794 2.15
      vertex 64.8968 25.764 2.15
    endloop
  endfacet
  facet normal 0 0 1
    outer loop
      vertex 64.0606 25.884 2.15
      vertex 64.4952 26.6591 2.15
      vertex 64.379 26.7409 2.15
    endloop
  endfacet
  facet normal 0 0 1
    outer loop
      vertex 63.7397 26.0341 2.15
      vertex 64.379 26.7409 2.15
      vertex 64.2796 26.8449 2.15
    endloop
  endfacet
  facet normal 0 0 1
    outer loop
      vertex 63.7397 26.0341 2.15
      vertex 64.2796 26.8449 2.15
      vertex 64.1972 26.9714 2.15
    endloop
  endfacet
  facet normal 0 0 1
    outer loop
      vertex 63.7397 26.0341 2.15
      vertex 64.1972 26.9714 2.15
      vertex 64.1318 27.1203 2.15
    endloop
  endfacet
  facet normal 0 0 1
    outer loop
      vertex 63.7397 26.0341 2.15
      vertex 64.1318 27.1203 2.15
      vertex 64.082 27.2966 2.15
    endloop
  endfacet
  facet normal 0 0 1
    outer loop
      vertex 64.4952 26.6591 2.15
      vertex 64.0606 25.884 2.15
      vertex 64.4463 25.794 2.15
    endloop
  endfacet
  facet normal 0 0 1
    outer loop
      vertex 63.7397 26.0341 2.15
      vertex 64.082 27.2966 2.15
      vertex 64.0464 27.5054 2.15
    endloop
  endfacet
  facet normal 0 0 1
    outer loop
      vertex 63.7397 26.0341 2.15
      vertex 64.0464 27.5054 2.15
      vertex 64.025 27.7469 2.15
    endloop
  endfacet
  facet normal 0 0 1
    outer loop
      vertex 63.7397 26.0341 2.15
      vertex 64.025 27.7469 2.15
      vertex 64.0179 28.0208 2.15
    endloop
  endfacet
  facet normal 0 0 1
    outer loop
      vertex 64.379 26.7409 2.15
      vertex 63.7397 26.0341 2.15
      vertex 64.0606 25.884 2.15
    endloop
  endfacet
  facet normal 0 0 1
    outer loop
      vertex 67.7415 26.0363 2.15
      vertex 66.8335 25.8725 2.15
      vertex 67.7557 25.8725 2.15
    endloop
  endfacet
  facet normal 0 0 1
    outer loop
      vertex 67.7313 26.2997 2.15
      vertex 66.8335 25.8725 2.15
      vertex 67.7415 26.0363 2.15
    endloop
  endfacet
  facet normal 0 0 1
    outer loop
      vertex 67.7252 26.6629 2.15
      vertex 66.8335 25.8725 2.15
      vertex 67.7313 26.2997 2.15
    endloop
  endfacet
  facet normal 0 0 1
    outer loop
      vertex 66.8335 25.8725 2.15
      vertex 67.7252 26.6629 2.15
      vertex 67.7232 27.1257 2.15
    endloop
  endfacet
  facet normal 0 1 -0
    outer loop
      vertex 70.0688 33.9232 1.2
      vertex 69.0923 33.9232 2.15
      vertex 70.0688 33.9232 2.15
    endloop
  endfacet
  facet normal 0 1 0
    outer loop
      vertex 69.0923 33.9232 2.15
      vertex 70.0688 33.9232 1.2
      vertex 69.0923 33.9232 1.2
    endloop
  endfacet
  facet normal -1 0 0
    outer loop
      vertex 69.0923 32.9901 1.2
      vertex 69.0923 33.9232 2.15
      vertex 69.0923 33.9232 1.2
    endloop
  endfacet
  facet normal -1 -0 0
    outer loop
      vertex 69.0923 33.9232 2.15
      vertex 69.0923 32.9901 1.2
      vertex 69.0923 32.9901 2.15
    endloop
  endfacet
  facet normal 0 -1 0
    outer loop
      vertex 69.0923 32.9901 1.2
      vertex 70.0688 32.9901 2.15
      vertex 69.0923 32.9901 2.15
    endloop
  endfacet
  facet normal 0 -1 -0
    outer loop
      vertex 70.0688 32.9901 2.15
      vertex 69.0923 32.9901 1.2
      vertex 70.0688 32.9901 1.2
    endloop
  endfacet
  facet normal 1 -0 0
    outer loop
      vertex 70.0688 32.9901 2.15
      vertex 70.0688 33.9232 1.2
      vertex 70.0688 33.9232 2.15
    endloop
  endfacet
  facet normal 1 0 0
    outer loop
      vertex 70.0688 33.9232 1.2
      vertex 70.0688 32.9901 2.15
      vertex 70.0688 32.9901 1.2
    endloop
  endfacet
  facet normal 0.155299 -0.987867 0
    outer loop
      vertex 76.1137 25.7793 1.2
      vertex 76.4044 25.825 2.15
      vertex 76.1137 25.7793 2.15
    endloop
  endfacet
  facet normal 0.155299 -0.987867 0
    outer loop
      vertex 76.4044 25.825 2.15
      vertex 76.1137 25.7793 1.2
      vertex 76.4044 25.825 1.2
    endloop
  endfacet
  facet normal 0.277652 -0.960682 0
    outer loop
      vertex 76.4044 25.825 1.2
      vertex 76.6684 25.9013 2.15
      vertex 76.4044 25.825 2.15
    endloop
  endfacet
  facet normal 0.277652 -0.960682 0
    outer loop
      vertex 76.6684 25.9013 2.15
      vertex 76.4044 25.825 1.2
      vertex 76.6684 25.9013 1.2
    endloop
  endfacet
  facet normal 0.4107 -0.91177 0
    outer loop
      vertex 76.6684 25.9013 1.2
      vertex 76.9055 26.0081 2.15
      vertex 76.6684 25.9013 2.15
    endloop
  endfacet
  facet normal 0.4107 -0.91177 0
    outer loop
      vertex 76.9055 26.0081 2.15
      vertex 76.6684 25.9013 1.2
      vertex 76.9055 26.0081 1.2
    endloop
  endfacet
  facet normal 0.555331 -0.831629 0
    outer loop
      vertex 76.9055 26.0081 1.2
      vertex 77.1183 26.1502 2.15
      vertex 76.9055 26.0081 2.15
    endloop
  endfacet
  facet normal 0.555331 -0.831629 0
    outer loop
      vertex 77.1183 26.1502 2.15
      vertex 76.9055 26.0081 1.2
      vertex 77.1183 26.1502 1.2
    endloop
  endfacet
  facet normal 0.690611 -0.723226 0
    outer loop
      vertex 77.1183 26.1502 1.2
      vertex 77.309 26.3323 2.15
      vertex 77.1183 26.1502 2.15
    endloop
  endfacet
  facet normal 0.690611 -0.723226 0
    outer loop
      vertex 77.309 26.3323 2.15
      vertex 77.1183 26.1502 1.2
      vertex 77.309 26.3323 1.2
    endloop
  endfacet
  facet normal 0.796328 -0.604865 0
    outer loop
      vertex 77.309 26.3323 2.15
      vertex 77.4777 26.5544 1.2
      vertex 77.4777 26.5544 2.15
    endloop
  endfacet
  facet normal 0.796328 -0.604865 0
    outer loop
      vertex 77.4777 26.5544 1.2
      vertex 77.309 26.3323 2.15
      vertex 77.309 26.3323 1.2
    endloop
  endfacet
  facet normal 0.872534 -0.488553 0
    outer loop
      vertex 77.4777 26.5544 2.15
      vertex 77.6244 26.8164 1.2
      vertex 77.6244 26.8164 2.15
    endloop
  endfacet
  facet normal 0.872534 -0.488553 0
    outer loop
      vertex 77.6244 26.8164 1.2
      vertex 77.4777 26.5544 2.15
      vertex 77.4777 26.5544 1.2
    endloop
  endfacet
  facet normal 0 -1 0
    outer loop
      vertex 77.6244 26.8164 1.2
      vertex 77.6461 26.8164 2.15
      vertex 77.6244 26.8164 2.15
    endloop
  endfacet
  facet normal 0 -1 -0
    outer loop
      vertex 77.6461 26.8164 2.15
      vertex 77.6244 26.8164 1.2
      vertex 77.6461 26.8164 1.2
    endloop
  endfacet
  facet normal -0.999957 -0.00922006 0
    outer loop
      vertex 77.6472 26.6971 1.2
      vertex 77.6461 26.8164 2.15
      vertex 77.6461 26.8164 1.2
    endloop
  endfacet
  facet normal -0.999957 -0.00922006 0
    outer loop
      vertex 77.6461 26.8164 2.15
      vertex 77.6472 26.6971 1.2
      vertex 77.6472 26.6971 2.15
    endloop
  endfacet
  facet normal -0.999618 -0.0276392 0
    outer loop
      vertex 77.6508 26.5669 1.2
      vertex 77.6472 26.6971 2.15
      vertex 77.6472 26.6971 1.2
    endloop
  endfacet
  facet normal -0.999618 -0.0276392 0
    outer loop
      vertex 77.6472 26.6971 2.15
      vertex 77.6508 26.5669 1.2
      vertex 77.6508 26.5669 2.15
    endloop
  endfacet
  facet normal -0.999127 -0.0417778 0
    outer loop
      vertex 77.6567 26.4258 1.2
      vertex 77.6508 26.5669 2.15
      vertex 77.6508 26.5669 1.2
    endloop
  endfacet
  facet normal -0.999127 -0.0417778 0
    outer loop
      vertex 77.6508 26.5669 2.15
      vertex 77.6567 26.4258 1.2
      vertex 77.6567 26.4258 2.15
    endloop
  endfacet
  facet normal -0.998511 -0.0545598 0
    outer loop
      vertex 77.665 26.2739 1.2
      vertex 77.6567 26.4258 2.15
      vertex 77.6567 26.4258 1.2
    endloop
  endfacet
  facet normal -0.998511 -0.0545598 0
    outer loop
      vertex 77.6567 26.4258 2.15
      vertex 77.665 26.2739 1.2
      vertex 77.665 26.2739 2.15
    endloop
  endfacet
  facet normal -0.997846 -0.0655927 0
    outer loop
      vertex 77.6744 26.1309 1.2
      vertex 77.665 26.2739 2.15
      vertex 77.665 26.2739 1.2
    endloop
  endfacet
  facet normal -0.997846 -0.0655927 0
    outer loop
      vertex 77.665 26.2739 2.15
      vertex 77.6744 26.1309 1.2
      vertex 77.6744 26.1309 2.15
    endloop
  endfacet
  facet normal -0.99693 -0.078293 0
    outer loop
      vertex 77.6834 26.0163 1.2
      vertex 77.6744 26.1309 2.15
      vertex 77.6744 26.1309 1.2
    endloop
  endfacet
  facet normal -0.99693 -0.078293 0
    outer loop
      vertex 77.6744 26.1309 2.15
      vertex 77.6834 26.0163 1.2
      vertex 77.6834 26.0163 2.15
    endloop
  endfacet
  facet normal -0.99506 -0.0992751 0
    outer loop
      vertex 77.692 25.9301 1.2
      vertex 77.6834 26.0163 2.15
      vertex 77.6834 26.0163 1.2
    endloop
  endfacet
  facet normal -0.99506 -0.0992751 0
    outer loop
      vertex 77.6834 26.0163 2.15
      vertex 77.692 25.9301 1.2
      vertex 77.692 25.9301 2.15
    endloop
  endfacet
  facet normal -0.989777 -0.142624 0
    outer loop
      vertex 77.7003 25.8725 1.2
      vertex 77.692 25.9301 2.15
      vertex 77.692 25.9301 1.2
    endloop
  endfacet
  facet normal -0.989777 -0.142624 0
    outer loop
      vertex 77.692 25.9301 2.15
      vertex 77.7003 25.8725 1.2
      vertex 77.7003 25.8725 2.15
    endloop
  endfacet
  facet normal 0 -1 0
    outer loop
      vertex 77.7003 25.8725 1.2
      vertex 78.6334 25.8725 2.15
      vertex 77.7003 25.8725 2.15
    endloop
  endfacet
  facet normal 0 -1 -0
    outer loop
      vertex 78.6334 25.8725 2.15
      vertex 77.7003 25.8725 1.2
      vertex 78.6334 25.8725 1.2
    endloop
  endfacet
  facet normal 0.997083 0.0763266 0
    outer loop
      vertex 78.6334 25.8725 2.15
      vertex 78.6192 26.058 1.2
      vertex 78.6192 26.058 2.15
    endloop
  endfacet
  facet normal 0.997083 0.0763266 0
    outer loop
      vertex 78.6192 26.058 1.2
      vertex 78.6334 25.8725 2.15
      vertex 78.6334 25.8725 1.2
    endloop
  endfacet
  facet normal 0.999251 0.0386954 0
    outer loop
      vertex 78.6192 26.058 2.15
      vertex 78.609 26.3214 1.2
      vertex 78.609 26.3214 2.15
    endloop
  endfacet
  facet normal 0.999251 0.0386954 0
    outer loop
      vertex 78.609 26.3214 1.2
      vertex 78.6192 26.058 2.15
      vertex 78.6192 26.058 1.2
    endloop
  endfacet
  facet normal 0.999841 0.0178595 0
    outer loop
      vertex 78.609 26.3214 2.15
      vertex 78.6029 26.6629 1.2
      vertex 78.6029 26.6629 2.15
    endloop
  endfacet
  facet normal 0.999841 0.0178595 0
    outer loop
      vertex 78.6029 26.6629 1.2
      vertex 78.609 26.3214 2.15
      vertex 78.609 26.3214 1.2
    endloop
  endfacet
  facet normal 0.999989 0.00476866 0
    outer loop
      vertex 78.6029 26.6629 2.15
      vertex 78.6009 27.0823 1.2
      vertex 78.6009 27.0823 2.15
    endloop
  endfacet
  facet normal 0.999989 0.00476866 0
    outer loop
      vertex 78.6009 27.0823 1.2
      vertex 78.6029 26.6629 2.15
      vertex 78.6029 26.6629 1.2
    endloop
  endfacet
  facet normal 1 -0 0
    outer loop
      vertex 78.6009 27.0823 2.15
      vertex 78.6009 33.9232 1.2
      vertex 78.6009 33.9232 2.15
    endloop
  endfacet
  facet normal 1 0 0
    outer loop
      vertex 78.6009 33.9232 1.2
      vertex 78.6009 27.0823 2.15
      vertex 78.6009 27.0823 1.2
    endloop
  endfacet
  facet normal 0 1 -0
    outer loop
      vertex 78.6009 33.9232 1.2
      vertex 77.6244 33.9232 2.15
      vertex 78.6009 33.9232 2.15
    endloop
  endfacet
  facet normal 0 1 0
    outer loop
      vertex 77.6244 33.9232 2.15
      vertex 78.6009 33.9232 1.2
      vertex 77.6244 33.9232 1.2
    endloop
  endfacet
  facet normal -1 0 0
    outer loop
      vertex 77.6244 31.4874 1.2
      vertex 77.6244 33.9232 2.15
      vertex 77.6244 33.9232 1.2
    endloop
  endfacet
  facet normal -1 -0 0
    outer loop
      vertex 77.6244 33.9232 2.15
      vertex 77.6244 31.4874 1.2
      vertex 77.6244 31.4874 2.15
    endloop
  endfacet
  facet normal -0.999862 -0.0166034 0
    outer loop
      vertex 77.6353 30.831 1.2
      vertex 77.6244 31.4874 2.15
      vertex 77.6244 31.4874 1.2
    endloop
  endfacet
  facet normal -0.999862 -0.0166034 0
    outer loop
      vertex 77.6244 31.4874 2.15
      vertex 77.6353 30.831 1.2
      vertex 77.6353 30.831 2.15
    endloop
  endfacet
  facet normal 0 1 -0
    outer loop
      vertex 77.6353 30.831 1.2
      vertex 77.6244 30.831 2.15
      vertex 77.6353 30.831 2.15
    endloop
  endfacet
  facet normal 0 1 0
    outer loop
      vertex 77.6244 30.831 2.15
      vertex 77.6353 30.831 1.2
      vertex 77.6244 30.831 1.2
    endloop
  endfacet
  facet normal 0.860816 0.508917 0
    outer loop
      vertex 77.6244 30.831 2.15
      vertex 77.4779 31.0788 1.2
      vertex 77.4779 31.0788 2.15
    endloop
  endfacet
  facet normal 0.860816 0.508917 0
    outer loop
      vertex 77.4779 31.0788 1.2
      vertex 77.6244 30.831 2.15
      vertex 77.6244 30.831 1.2
    endloop
  endfacet
  facet normal 0.783243 0.621715 0
    outer loop
      vertex 77.4779 31.0788 2.15
      vertex 77.3097 31.2907 1.2
      vertex 77.3097 31.2907 2.15
    endloop
  endfacet
  facet normal 0.783243 0.621715 0
    outer loop
      vertex 77.3097 31.2907 1.2
      vertex 77.4779 31.0788 2.15
      vertex 77.4779 31.0788 1.2
    endloop
  endfacet
  facet normal 0.679547 0.733632 -0
    outer loop
      vertex 77.3097 31.2907 1.2
      vertex 77.1198 31.4666 2.15
      vertex 77.3097 31.2907 2.15
    endloop
  endfacet
  facet normal 0.679547 0.733632 0
    outer loop
      vertex 77.1198 31.4666 2.15
      vertex 77.3097 31.2907 1.2
      vertex 77.1198 31.4666 1.2
    endloop
  endfacet
  facet normal 0.55206 0.833804 -0
    outer loop
      vertex 77.1198 31.4666 1.2
      vertex 76.9082 31.6067 2.15
      vertex 77.1198 31.4666 2.15
    endloop
  endfacet
  facet normal 0.55206 0.833804 0
    outer loop
      vertex 76.9082 31.6067 2.15
      vertex 77.1198 31.4666 1.2
      vertex 76.9082 31.6067 1.2
    endloop
  endfacet
  facet normal 0.411855 0.911249 -0
    outer loop
      vertex 76.9082 31.6067 1.2
      vertex 76.6719 31.7135 2.15
      vertex 76.9082 31.6067 2.15
    endloop
  endfacet
  facet normal 0.411855 0.911249 0
    outer loop
      vertex 76.6719 31.7135 2.15
      vertex 76.9082 31.6067 1.2
      vertex 76.6719 31.7135 1.2
    endloop
  endfacet
  facet normal 0.277555 0.96071 -0
    outer loop
      vertex 76.6719 31.7135 1.2
      vertex 76.4078 31.7898 2.15
      vertex 76.6719 31.7135 2.15
    endloop
  endfacet
  facet normal 0.277555 0.96071 0
    outer loop
      vertex 76.4078 31.7898 2.15
      vertex 76.6719 31.7135 1.2
      vertex 76.4078 31.7898 1.2
    endloop
  endfacet
  facet normal 0.155007 0.987913 -0
    outer loop
      vertex 76.4078 31.7898 1.2
      vertex 76.1159 31.8356 2.15
      vertex 76.4078 31.7898 2.15
    endloop
  endfacet
  facet normal 0.155007 0.987913 0
    outer loop
      vertex 76.1159 31.8356 2.15
      vertex 76.4078 31.7898 1.2
      vertex 76.1159 31.8356 1.2
    endloop
  endfacet
  facet normal 0.0474761 0.998872 -0
    outer loop
      vertex 76.1159 31.8356 1.2
      vertex 75.7961 31.8508 2.15
      vertex 76.1159 31.8356 2.15
    endloop
  endfacet
  facet normal 0.0474761 0.998872 0
    outer loop
      vertex 75.7961 31.8508 2.15
      vertex 76.1159 31.8356 1.2
      vertex 75.7961 31.8508 1.2
    endloop
  endfacet
  facet normal -0.199088 0.979982 0
    outer loop
      vertex 75.7961 31.8508 1.2
      vertex 74.8515 31.6589 2.15
      vertex 75.7961 31.8508 2.15
    endloop
  endfacet
  facet normal -0.199088 0.979982 0
    outer loop
      vertex 74.8515 31.6589 2.15
      vertex 75.7961 31.8508 1.2
      vertex 74.8515 31.6589 1.2
    endloop
  endfacet
  facet normal -0.649091 0.760711 0
    outer loop
      vertex 74.8515 31.6589 1.2
      vertex 74.1768 31.0832 2.15
      vertex 74.8515 31.6589 2.15
    endloop
  endfacet
  facet normal -0.649091 0.760711 0
    outer loop
      vertex 74.1768 31.0832 2.15
      vertex 74.8515 31.6589 1.2
      vertex 74.1768 31.0832 1.2
    endloop
  endfacet
  facet normal -0.92136 0.388709 0
    outer loop
      vertex 73.772 30.1237 1.2
      vertex 74.1768 31.0832 2.15
      vertex 74.1768 31.0832 1.2
    endloop
  endfacet
  facet normal -0.92136 0.388709 0
    outer loop
      vertex 74.1768 31.0832 2.15
      vertex 73.772 30.1237 1.2
      vertex 73.772 30.1237 2.15
    endloop
  endfacet
  facet normal -0.994989 0.0999877 0
    outer loop
      vertex 73.637 28.7803 1.2
      vertex 73.772 30.1237 2.15
      vertex 73.772 30.1237 1.2
    endloop
  endfacet
  facet normal -0.994989 0.0999877 0
    outer loop
      vertex 73.772 30.1237 2.15
      vertex 73.637 28.7803 1.2
      vertex 73.637 28.7803 2.15
    endloop
  endfacet
  facet normal -0.998945 -0.0459237 0
    outer loop
      vertex 73.6697 28.069 1.2
      vertex 73.637 28.7803 2.15
      vertex 73.637 28.7803 1.2
    endloop
  endfacet
  facet normal -0.998945 -0.0459237 0
    outer loop
      vertex 73.637 28.7803 2.15
      vertex 73.6697 28.069 1.2
      vertex 73.6697 28.069 2.15
    endloop
  endfacet
  facet normal -0.987495 -0.157652 0
    outer loop
      vertex 73.7679 27.4539 1.2
      vertex 73.6697 28.069 2.15
      vertex 73.6697 28.069 1.2
    endloop
  endfacet
  facet normal -0.987495 -0.157652 0
    outer loop
      vertex 73.6697 28.069 2.15
      vertex 73.7679 27.4539 1.2
      vertex 73.7679 27.4539 2.15
    endloop
  endfacet
  facet normal -0.953705 -0.300744 0
    outer loop
      vertex 73.9315 26.9351 1.2
      vertex 73.7679 27.4539 2.15
      vertex 73.7679 27.4539 1.2
    endloop
  endfacet
  facet normal -0.953705 -0.300744 0
    outer loop
      vertex 73.7679 27.4539 2.15
      vertex 73.9315 26.9351 1.2
      vertex 73.9315 26.9351 2.15
    endloop
  endfacet
  facet normal -0.879118 -0.476605 0
    outer loop
      vertex 74.1605 26.5127 1.2
      vertex 73.9315 26.9351 2.15
      vertex 73.9315 26.9351 1.2
    endloop
  endfacet
  facet normal -0.879118 -0.476605 0
    outer loop
      vertex 73.9315 26.9351 2.15
      vertex 74.1605 26.5127 1.2
      vertex 74.1605 26.5127 2.15
    endloop
  endfacet
  facet normal -0.739062 -0.673638 0
    outer loop
      vertex 74.4591 26.1851 1.2
      vertex 74.1605 26.5127 2.15
      vertex 74.1605 26.5127 1.2
    endloop
  endfacet
  facet normal -0.739062 -0.673638 0
    outer loop
      vertex 74.1605 26.5127 2.15
      vertex 74.4591 26.1851 1.2
      vertex 74.4591 26.1851 2.15
    endloop
  endfacet
  facet normal -0.532186 -0.846628 0
    outer loop
      vertex 74.4591 26.1851 1.2
      vertex 74.8312 25.9512 2.15
      vertex 74.4591 26.1851 2.15
    endloop
  endfacet
  facet normal -0.532186 -0.846628 -0
    outer loop
      vertex 74.8312 25.9512 2.15
      vertex 74.4591 26.1851 1.2
      vertex 74.8312 25.9512 1.2
    endloop
  endfacet
  facet normal -0.300455 -0.953796 0
    outer loop
      vertex 74.8312 25.9512 1.2
      vertex 75.2769 25.8108 2.15
      vertex 74.8312 25.9512 2.15
    endloop
  endfacet
  facet normal -0.300455 -0.953796 -0
    outer loop
      vertex 75.2769 25.8108 2.15
      vertex 74.8312 25.9512 1.2
      vertex 75.2769 25.8108 1.2
    endloop
  endfacet
  facet normal -0.0897747 -0.995962 0
    outer loop
      vertex 75.2769 25.8108 1.2
      vertex 75.7961 25.764 2.15
      vertex 75.2769 25.8108 2.15
    endloop
  endfacet
  facet normal -0.0897747 -0.995962 -0
    outer loop
      vertex 75.7961 25.764 2.15
      vertex 75.2769 25.8108 1.2
      vertex 75.7961 25.764 1.2
    endloop
  endfacet
  facet normal 0.048118 -0.998842 0
    outer loop
      vertex 75.7961 25.764 1.2
      vertex 76.1137 25.7793 2.15
      vertex 75.7961 25.764 2.15
    endloop
  endfacet
  facet normal 0.048118 -0.998842 0
    outer loop
      vertex 76.1137 25.7793 2.15
      vertex 75.7961 25.764 1.2
      vertex 76.1137 25.7793 1.2
    endloop
  endfacet
  facet normal 0.325217 0.94564 -0
    outer loop
      vertex 75.705 26.5513 1.2
      vertex 75.4151 26.651 2.15
      vertex 75.705 26.5513 2.15
    endloop
  endfacet
  facet normal 0.325217 0.94564 0
    outer loop
      vertex 75.4151 26.651 2.15
      vertex 75.705 26.5513 1.2
      vertex 75.4151 26.651 1.2
    endloop
  endfacet
  facet normal 0.570531 0.821276 -0
    outer loop
      vertex 75.4151 26.651 1.2
      vertex 75.176 26.8171 2.15
      vertex 75.4151 26.651 2.15
    endloop
  endfacet
  facet normal 0.570531 0.821276 0
    outer loop
      vertex 75.176 26.8171 2.15
      vertex 75.4151 26.651 1.2
      vertex 75.176 26.8171 1.2
    endloop
  endfacet
  facet normal 0.777401 0.629006 0
    outer loop
      vertex 75.176 26.8171 2.15
      vertex 74.9878 27.0497 1.2
      vertex 74.9878 27.0497 2.15
    endloop
  endfacet
  facet normal 0.777401 0.629006 0
    outer loop
      vertex 74.9878 27.0497 1.2
      vertex 75.176 26.8171 2.15
      vertex 75.176 26.8171 1.2
    endloop
  endfacet
  facet normal 0.908508 0.417867 0
    outer loop
      vertex 74.9878 27.0497 2.15
      vertex 74.8454 27.3593 1.2
      vertex 74.8454 27.3593 2.15
    endloop
  endfacet
  facet normal 0.908508 0.417867 0
    outer loop
      vertex 74.8454 27.3593 1.2
      vertex 74.9878 27.0497 2.15
      vertex 74.9878 27.0497 1.2
    endloop
  endfacet
  facet normal 0.96872 0.248158 0
    outer loop
      vertex 74.8454 27.3593 2.15
      vertex 74.7437 27.7563 1.2
      vertex 74.7437 27.7563 2.15
    endloop
  endfacet
  facet normal 0.96872 0.248158 0
    outer loop
      vertex 74.7437 27.7563 1.2
      vertex 74.8454 27.3593 2.15
      vertex 74.8454 27.3593 1.2
    endloop
  endfacet
  facet normal 0.992142 0.125118 0
    outer loop
      vertex 74.7437 27.7563 2.15
      vertex 74.6826 28.2408 1.2
      vertex 74.6826 28.2408 2.15
    endloop
  endfacet
  facet normal 0.992142 0.125118 0
    outer loop
      vertex 74.6826 28.2408 1.2
      vertex 74.7437 27.7563 2.15
      vertex 74.7437 27.7563 1.2
    endloop
  endfacet
  facet normal 0.999371 0.0354672 0
    outer loop
      vertex 74.6826 28.2408 2.15
      vertex 74.6623 28.8128 1.2
      vertex 74.6623 28.8128 2.15
    endloop
  endfacet
  facet normal 0.999371 0.0354672 0
    outer loop
      vertex 74.6623 28.8128 1.2
      vertex 74.6826 28.2408 2.15
      vertex 74.6826 28.2408 1.2
    endloop
  endfacet
  facet normal 0.999355 -0.0359102 0
    outer loop
      vertex 74.6623 28.8128 2.15
      vertex 74.6828 29.3833 1.2
      vertex 74.6828 29.3833 2.15
    endloop
  endfacet
  facet normal 0.999355 -0.0359102 0
    outer loop
      vertex 74.6828 29.3833 1.2
      vertex 74.6623 28.8128 2.15
      vertex 74.6623 28.8128 1.2
    endloop
  endfacet
  facet normal 0.992043 -0.125896 0
    outer loop
      vertex 74.6828 29.3833 2.15
      vertex 74.7444 29.8687 1.2
      vertex 74.7444 29.8687 2.15
    endloop
  endfacet
  facet normal 0.992043 -0.125896 0
    outer loop
      vertex 74.7444 29.8687 1.2
      vertex 74.6828 29.3833 2.15
      vertex 74.6828 29.3833 1.2
    endloop
  endfacet
  facet normal 0.968731 -0.248113 0
    outer loop
      vertex 74.7444 29.8687 2.15
      vertex 74.8469 30.2689 1.2
      vertex 74.8469 30.2689 2.15
    endloop
  endfacet
  facet normal 0.968731 -0.248113 0
    outer loop
      vertex 74.8469 30.2689 1.2
      vertex 74.7444 29.8687 2.15
      vertex 74.7444 29.8687 1.2
    endloop
  endfacet
  facet normal 0.91001 -0.414586 0
    outer loop
      vertex 74.8469 30.2689 2.15
      vertex 74.9905 30.5841 1.2
      vertex 74.9905 30.5841 2.15
    endloop
  endfacet
  facet normal 0.91001 -0.414586 0
    outer loop
      vertex 74.9905 30.5841 1.2
      vertex 74.8469 30.2689 2.15
      vertex 74.8469 30.2689 1.2
    endloop
  endfacet
  facet normal 0.782467 -0.622693 0
    outer loop
      vertex 74.9905 30.5841 2.15
      vertex 75.1803 30.8226 1.2
      vertex 75.1803 30.8226 2.15
    endloop
  endfacet
  facet normal 0.782467 -0.622693 0
    outer loop
      vertex 75.1803 30.8226 1.2
      vertex 74.9905 30.5841 2.15
      vertex 74.9905 30.5841 1.2
    endloop
  endfacet
  facet normal 0.577481 -0.816404 0
    outer loop
      vertex 75.1803 30.8226 1.2
      vertex 75.4212 30.993 2.15
      vertex 75.1803 30.8226 2.15
    endloop
  endfacet
  facet normal 0.577481 -0.816404 0
    outer loop
      vertex 75.4212 30.993 2.15
      vertex 75.1803 30.8226 1.2
      vertex 75.4212 30.993 1.2
    endloop
  endfacet
  facet normal 0.33025 -0.943894 0
    outer loop
      vertex 75.4212 30.993 1.2
      vertex 75.7133 31.0952 2.15
      vertex 75.4212 30.993 2.15
    endloop
  endfacet
  facet normal 0.33025 -0.943894 0
    outer loop
      vertex 75.7133 31.0952 2.15
      vertex 75.4212 30.993 1.2
      vertex 75.7133 31.0952 1.2
    endloop
  endfacet
  facet normal 0.0988721 -0.9951 0
    outer loop
      vertex 75.7133 31.0952 1.2
      vertex 76.0565 31.1293 2.15
      vertex 75.7133 31.0952 2.15
    endloop
  endfacet
  facet normal 0.0988721 -0.9951 0
    outer loop
      vertex 76.0565 31.1293 2.15
      vertex 75.7133 31.0952 1.2
      vertex 76.0565 31.1293 1.2
    endloop
  endfacet
  facet normal -0.088442 -0.996081 0
    outer loop
      vertex 76.0565 31.1293 1.2
      vertex 76.4383 31.0954 2.15
      vertex 76.0565 31.1293 2.15
    endloop
  endfacet
  facet normal -0.088442 -0.996081 -0
    outer loop
      vertex 76.4383 31.0954 2.15
      vertex 76.0565 31.1293 1.2
      vertex 76.4383 31.0954 1.2
    endloop
  endfacet
  facet normal -0.297642 -0.954678 0
    outer loop
      vertex 76.4383 31.0954 1.2
      vertex 76.7645 30.9937 2.15
      vertex 76.4383 31.0954 2.15
    endloop
  endfacet
  facet normal -0.297642 -0.954678 -0
    outer loop
      vertex 76.7645 30.9937 2.15
      vertex 76.4383 31.0954 1.2
      vertex 76.7645 30.9937 1.2
    endloop
  endfacet
  facet normal -0.531068 -0.847329 0
    outer loop
      vertex 76.7645 30.9937 1.2
      vertex 77.0351 30.8241 2.15
      vertex 76.7645 30.9937 2.15
    endloop
  endfacet
  facet normal -0.531068 -0.847329 -0
    outer loop
      vertex 77.0351 30.8241 2.15
      vertex 76.7645 30.9937 1.2
      vertex 77.0351 30.8241 1.2
    endloop
  endfacet
  facet normal -0.741069 -0.671428 0
    outer loop
      vertex 77.2501 30.5868 1.2
      vertex 77.0351 30.8241 2.15
      vertex 77.0351 30.8241 1.2
    endloop
  endfacet
  facet normal -0.741069 -0.671428 0
    outer loop
      vertex 77.0351 30.8241 2.15
      vertex 77.2501 30.5868 1.2
      vertex 77.2501 30.5868 2.15
    endloop
  endfacet
  facet normal -0.884404 -0.466721 0
    outer loop
      vertex 77.4138 30.2766 1.2
      vertex 77.2501 30.5868 2.15
      vertex 77.2501 30.5868 1.2
    endloop
  endfacet
  facet normal -0.884404 -0.466721 0
    outer loop
      vertex 77.2501 30.5868 2.15
      vertex 77.4138 30.2766 1.2
      vertex 77.4138 30.2766 2.15
    endloop
  endfacet
  facet normal -0.957459 -0.28857 0
    outer loop
      vertex 77.5308 29.8884 1.2
      vertex 77.4138 30.2766 2.15
      vertex 77.4138 30.2766 1.2
    endloop
  endfacet
  facet normal -0.957459 -0.28857 0
    outer loop
      vertex 77.4138 30.2766 2.15
      vertex 77.5308 29.8884 1.2
      vertex 77.5308 29.8884 2.15
    endloop
  endfacet
  facet normal -0.988857 -0.148869 0
    outer loop
      vertex 77.601 29.4221 1.2
      vertex 77.5308 29.8884 2.15
      vertex 77.5308 29.8884 1.2
    endloop
  endfacet
  facet normal -0.988857 -0.148869 0
    outer loop
      vertex 77.5308 29.8884 2.15
      vertex 77.601 29.4221 1.2
      vertex 77.601 29.4221 2.15
    endloop
  endfacet
  facet normal -0.999077 -0.0429592 0
    outer loop
      vertex 77.6244 28.8779 1.2
      vertex 77.601 29.4221 2.15
      vertex 77.601 29.4221 1.2
    endloop
  endfacet
  facet normal -0.999077 -0.0429592 0
    outer loop
      vertex 77.601 29.4221 2.15
      vertex 77.6244 28.8779 1.2
      vertex 77.6244 28.8779 2.15
    endloop
  endfacet
  facet normal -0.999144 0.0413658 0
    outer loop
      vertex 77.601 28.3127 1.2
      vertex 77.6244 28.8779 2.15
      vertex 77.6244 28.8779 1.2
    endloop
  endfacet
  facet normal -0.999144 0.0413658 0
    outer loop
      vertex 77.6244 28.8779 2.15
      vertex 77.601 28.3127 1.2
      vertex 77.601 28.3127 2.15
    endloop
  endfacet
  facet normal -0.98972 0.143018 0
    outer loop
      vertex 77.5308 27.8269 1.2
      vertex 77.601 28.3127 2.15
      vertex 77.601 28.3127 1.2
    endloop
  endfacet
  facet normal -0.98972 0.143018 0
    outer loop
      vertex 77.601 28.3127 2.15
      vertex 77.5308 27.8269 1.2
      vertex 77.5308 27.8269 2.15
    endloop
  endfacet
  facet normal -0.961005 0.276531 0
    outer loop
      vertex 77.4138 27.4203 1.2
      vertex 77.5308 27.8269 2.15
      vertex 77.5308 27.8269 1.2
    endloop
  endfacet
  facet normal -0.961005 0.276531 0
    outer loop
      vertex 77.5308 27.8269 2.15
      vertex 77.4138 27.4203 1.2
      vertex 77.4138 27.4203 2.15
    endloop
  endfacet
  facet normal -0.894263 0.447542 0
    outer loop
      vertex 77.2501 27.0932 1.2
      vertex 77.4138 27.4203 2.15
      vertex 77.4138 27.4203 1.2
    endloop
  endfacet
  facet normal -0.894263 0.447542 0
    outer loop
      vertex 77.4138 27.4203 2.15
      vertex 77.2501 27.0932 1.2
      vertex 77.2501 27.0932 2.15
    endloop
  endfacet
  facet normal -0.759193 0.650866 0
    outer loop
      vertex 77.0344 26.8416 1.2
      vertex 77.2501 27.0932 2.15
      vertex 77.2501 27.0932 1.2
    endloop
  endfacet
  facet normal -0.759193 0.650866 0
    outer loop
      vertex 77.2501 27.0932 2.15
      vertex 77.0344 26.8416 1.2
      vertex 77.0344 26.8416 2.15
    endloop
  endfacet
  facet normal -0.550381 0.834913 0
    outer loop
      vertex 77.0344 26.8416 1.2
      vertex 76.7618 26.6619 2.15
      vertex 77.0344 26.8416 2.15
    endloop
  endfacet
  facet normal -0.550381 0.834913 0
    outer loop
      vertex 76.7618 26.6619 2.15
      vertex 77.0344 26.8416 1.2
      vertex 76.7618 26.6619 1.2
    endloop
  endfacet
  facet normal -0.311205 0.950343 0
    outer loop
      vertex 76.7618 26.6619 1.2
      vertex 76.4323 26.554 2.15
      vertex 76.7618 26.6619 2.15
    endloop
  endfacet
  facet normal -0.311205 0.950343 0
    outer loop
      vertex 76.4323 26.554 2.15
      vertex 76.7618 26.6619 1.2
      vertex 76.4323 26.554 1.2
    endloop
  endfacet
  facet normal -0.092463 0.995716 0
    outer loop
      vertex 76.4323 26.554 1.2
      vertex 76.0457 26.5181 2.15
      vertex 76.4323 26.554 2.15
    endloop
  endfacet
  facet normal -0.092463 0.995716 0
    outer loop
      vertex 76.0457 26.5181 2.15
      vertex 76.4323 26.554 1.2
      vertex 76.0457 26.5181 1.2
    endloop
  endfacet
  facet normal 0.096987 0.995286 -0
    outer loop
      vertex 76.0457 26.5181 1.2
      vertex 75.705 26.5513 2.15
      vertex 76.0457 26.5181 2.15
    endloop
  endfacet
  facet normal 0.096987 0.995286 0
    outer loop
      vertex 75.705 26.5513 2.15
      vertex 76.0457 26.5181 1.2
      vertex 75.705 26.5513 1.2
    endloop
  endfacet
  facet normal 0 1 -0
    outer loop
      vertex 72.4849 33.9232 1.2
      vertex 71.5084 33.9232 2.15
      vertex 72.4849 33.9232 2.15
    endloop
  endfacet
  facet normal 0 1 0
    outer loop
      vertex 71.5084 33.9232 2.15
      vertex 72.4849 33.9232 1.2
      vertex 71.5084 33.9232 1.2
    endloop
  endfacet
  facet normal -1 0 0
    outer loop
      vertex 71.5084 25.8725 1.2
      vertex 71.5084 33.9232 2.15
      vertex 71.5084 33.9232 1.2
    endloop
  endfacet
  facet normal -1 -0 0
    outer loop
      vertex 71.5084 33.9232 2.15
      vertex 71.5084 25.8725 1.2
      vertex 71.5084 25.8725 2.15
    endloop
  endfacet
  facet normal 0 -1 0
    outer loop
      vertex 71.5084 25.8725 1.2
      vertex 72.4849 25.8725 2.15
      vertex 71.5084 25.8725 2.15
    endloop
  endfacet
  facet normal 0 -1 -0
    outer loop
      vertex 72.4849 25.8725 2.15
      vertex 71.5084 25.8725 1.2
      vertex 72.4849 25.8725 1.2
    endloop
  endfacet
  facet normal 1 -0 0
    outer loop
      vertex 72.4849 25.8725 2.15
      vertex 72.4849 33.9232 1.2
      vertex 72.4849 33.9232 2.15
    endloop
  endfacet
  facet normal 1 0 0
    outer loop
      vertex 72.4849 33.9232 1.2
      vertex 72.4849 25.8725 2.15
      vertex 72.4849 25.8725 1.2
    endloop
  endfacet
  facet normal 0.129391 -0.991594 0
    outer loop
      vertex 58.791 25.7852 1.2
      vertex 59.2784 25.8488 2.15
      vertex 58.791 25.7852 2.15
    endloop
  endfacet
  facet normal 0.129391 -0.991594 0
    outer loop
      vertex 59.2784 25.8488 2.15
      vertex 58.791 25.7852 1.2
      vertex 59.2784 25.8488 1.2
    endloop
  endfacet
  facet normal 0.220344 -0.975422 0
    outer loop
      vertex 59.2784 25.8488 1.2
      vertex 59.7472 25.9547 2.15
      vertex 59.2784 25.8488 2.15
    endloop
  endfacet
  facet normal 0.220344 -0.975422 0
    outer loop
      vertex 59.7472 25.9547 2.15
      vertex 59.2784 25.8488 1.2
      vertex 59.7472 25.9547 1.2
    endloop
  endfacet
  facet normal 0.313124 -0.949712 0
    outer loop
      vertex 59.7472 25.9547 1.2
      vertex 60.1973 26.1031 2.15
      vertex 59.7472 25.9547 2.15
    endloop
  endfacet
  facet normal 0.313124 -0.949712 0
    outer loop
      vertex 60.1973 26.1031 2.15
      vertex 59.7472 25.9547 1.2
      vertex 60.1973 26.1031 1.2
    endloop
  endfacet
  facet normal 0.403853 -0.914824 0
    outer loop
      vertex 60.1973 26.1031 1.2
      vertex 60.6209 26.2901 2.15
      vertex 60.1973 26.1031 2.15
    endloop
  endfacet
  facet normal 0.403853 -0.914824 0
    outer loop
      vertex 60.6209 26.2901 2.15
      vertex 60.1973 26.1031 1.2
      vertex 60.6209 26.2901 1.2
    endloop
  endfacet
  facet normal 0.495105 -0.868833 0
    outer loop
      vertex 60.6209 26.2901 1.2
      vertex 61.0103 26.512 2.15
      vertex 60.6209 26.2901 2.15
    endloop
  endfacet
  facet normal 0.495105 -0.868833 0
    outer loop
      vertex 61.0103 26.512 2.15
      vertex 60.6209 26.2901 1.2
      vertex 61.0103 26.512 1.2
    endloop
  endfacet
  facet normal 0.58589 -0.81039 0
    outer loop
      vertex 61.0103 26.512 1.2
      vertex 61.3655 26.7688 2.15
      vertex 61.0103 26.512 2.15
    endloop
  endfacet
  facet normal 0.58589 -0.81039 0
    outer loop
      vertex 61.3655 26.7688 2.15
      vertex 61.0103 26.512 1.2
      vertex 61.3655 26.7688 1.2
    endloop
  endfacet
  facet normal 0.672765 -0.739857 0
    outer loop
      vertex 61.3655 26.7688 1.2
      vertex 61.6864 27.0606 2.15
      vertex 61.3655 26.7688 2.15
    endloop
  endfacet
  facet normal 0.672765 -0.739857 0
    outer loop
      vertex 61.6864 27.0606 2.15
      vertex 61.3655 26.7688 1.2
      vertex 61.6864 27.0606 1.2
    endloop
  endfacet
  facet normal 1 -0 0
    outer loop
      vertex 61.6864 27.0606 2.15
      vertex 61.6864 29.6971 1.2
      vertex 61.6864 29.6971 2.15
    endloop
  endfacet
  facet normal 1 0 0
    outer loop
      vertex 61.6864 29.6971 1.2
      vertex 61.6864 27.0606 2.15
      vertex 61.6864 27.0606 1.2
    endloop
  endfacet
  facet normal 0 1 -0
    outer loop
      vertex 61.6864 29.6971 1.2
      vertex 58.4477 29.6971 2.15
      vertex 61.6864 29.6971 2.15
    endloop
  endfacet
  facet normal 0 1 0
    outer loop
      vertex 58.4477 29.6971 2.15
      vertex 61.6864 29.6971 1.2
      vertex 58.4477 29.6971 1.2
    endloop
  endfacet
  facet normal -1 0 0
    outer loop
      vertex 58.4477 28.8291 1.2
      vertex 58.4477 29.6971 2.15
      vertex 58.4477 29.6971 1.2
    endloop
  endfacet
  facet normal -1 -0 0
    outer loop
      vertex 58.4477 29.6971 2.15
      vertex 58.4477 28.8291 1.2
      vertex 58.4477 28.8291 2.15
    endloop
  endfacet
  facet normal 0 -1 0
    outer loop
      vertex 58.4477 28.8291 1.2
      vertex 60.7316 28.8291 2.15
      vertex 58.4477 28.8291 2.15
    endloop
  endfacet
  facet normal 0 -1 -0
    outer loop
      vertex 60.7316 28.8291 2.15
      vertex 58.4477 28.8291 1.2
      vertex 60.7316 28.8291 1.2
    endloop
  endfacet
  facet normal -1 0 0
    outer loop
      vertex 60.7316 27.4511 1.2
      vertex 60.7316 28.8291 2.15
      vertex 60.7316 28.8291 1.2
    endloop
  endfacet
  facet normal -1 -0 0
    outer loop
      vertex 60.7316 28.8291 2.15
      vertex 60.7316 27.4511 1.2
      vertex 60.7316 27.4511 2.15
    endloop
  endfacet
  facet normal -0.650531 0.75948 0
    outer loop
      vertex 60.7316 27.4511 1.2
      vertex 60.5155 27.266 2.15
      vertex 60.7316 27.4511 2.15
    endloop
  endfacet
  facet normal -0.650531 0.75948 0
    outer loop
      vertex 60.5155 27.266 2.15
      vertex 60.7316 27.4511 1.2
      vertex 60.5155 27.266 1.2
    endloop
  endfacet
  facet normal -0.554778 0.831998 0
    outer loop
      vertex 60.5155 27.266 1.2
      vertex 60.2685 27.1013 2.15
      vertex 60.5155 27.266 2.15
    endloop
  endfacet
  facet normal -0.554778 0.831998 0
    outer loop
      vertex 60.2685 27.1013 2.15
      vertex 60.5155 27.266 1.2
      vertex 60.2685 27.1013 1.2
    endloop
  endfacet
  facet normal -0.461333 0.887227 0
    outer loop
      vertex 60.2685 27.1013 1.2
      vertex 59.9906 26.9568 2.15
      vertex 60.2685 27.1013 2.15
    endloop
  endfacet
  facet normal -0.461333 0.887227 0
    outer loop
      vertex 59.9906 26.9568 2.15
      vertex 60.2685 27.1013 1.2
      vertex 59.9906 26.9568 1.2
    endloop
  endfacet
  facet normal -0.372997 0.927833 0
    outer loop
      vertex 59.9906 26.9568 1.2
      vertex 59.6819 26.8327 2.15
      vertex 59.9906 26.9568 2.15
    endloop
  endfacet
  facet normal -0.372997 0.927833 0
    outer loop
      vertex 59.6819 26.8327 2.15
      vertex 59.9906 26.9568 1.2
      vertex 59.6819 26.8327 1.2
    endloop
  endfacet
  facet normal -0.288624 0.957443 0
    outer loop
      vertex 59.6819 26.8327 1.2
      vertex 59.3515 26.7331 2.15
      vertex 59.6819 26.8327 2.15
    endloop
  endfacet
  facet normal -0.288624 0.957443 0
    outer loop
      vertex 59.3515 26.7331 2.15
      vertex 59.6819 26.8327 1.2
      vertex 59.3515 26.7331 1.2
    endloop
  endfacet
  facet normal -0.203247 0.979127 0
    outer loop
      vertex 59.3515 26.7331 1.2
      vertex 59.0085 26.6619 2.15
      vertex 59.3515 26.7331 2.15
    endloop
  endfacet
  facet normal -0.203247 0.979127 0
    outer loop
      vertex 59.0085 26.6619 2.15
      vertex 59.3515 26.7331 1.2
      vertex 59.0085 26.6619 1.2
    endloop
  endfacet
  facet normal -0.119531 0.992831 0
    outer loop
      vertex 59.0085 26.6619 1.2
      vertex 58.653 26.6191 2.15
      vertex 59.0085 26.6619 2.15
    endloop
  endfacet
  facet normal -0.119531 0.992831 0
    outer loop
      vertex 58.653 26.6191 2.15
      vertex 59.0085 26.6619 1.2
      vertex 58.653 26.6191 1.2
    endloop
  endfacet
  facet normal -0.0385583 0.999256 0
    outer loop
      vertex 58.653 26.6191 1.2
      vertex 58.285 26.6049 2.15
      vertex 58.653 26.6191 2.15
    endloop
  endfacet
  facet normal -0.0385583 0.999256 0
    outer loop
      vertex 58.285 26.6049 2.15
      vertex 58.653 26.6191 1.2
      vertex 58.285 26.6049 1.2
    endloop
  endfacet
  facet normal 0.0841081 0.996457 -0
    outer loop
      vertex 58.285 26.6049 1.2
      vertex 57.6642 26.6573 2.15
      vertex 58.285 26.6049 2.15
    endloop
  endfacet
  facet normal 0.0841081 0.996457 0
    outer loop
      vertex 57.6642 26.6573 2.15
      vertex 58.285 26.6049 1.2
      vertex 57.6642 26.6573 1.2
    endloop
  endfacet
  facet normal 0.274952 0.961458 -0
    outer loop
      vertex 57.6642 26.6573 1.2
      vertex 57.1145 26.8145 2.15
      vertex 57.6642 26.6573 2.15
    endloop
  endfacet
  facet normal 0.274952 0.961458 0
    outer loop
      vertex 57.1145 26.8145 2.15
      vertex 57.6642 26.6573 1.2
      vertex 57.1145 26.8145 1.2
    endloop
  endfacet
  facet normal 0.4802 0.877159 -0
    outer loop
      vertex 57.1145 26.8145 1.2
      vertex 56.6361 27.0764 2.15
      vertex 57.1145 26.8145 2.15
    endloop
  endfacet
  facet normal 0.4802 0.877159 0
    outer loop
      vertex 56.6361 27.0764 2.15
      vertex 57.1145 26.8145 1.2
      vertex 56.6361 27.0764 1.2
    endloop
  endfacet
  facet normal 0.669187 0.743094 -0
    outer loop
      vertex 56.6361 27.0764 1.2
      vertex 56.2289 27.4431 2.15
      vertex 56.6361 27.0764 2.15
    endloop
  endfacet
  facet normal 0.669187 0.743094 0
    outer loop
      vertex 56.2289 27.4431 2.15
      vertex 56.6361 27.0764 1.2
      vertex 56.2289 27.4431 1.2
    endloop
  endfacet
  facet normal 0.814888 0.579618 0
    outer loop
      vertex 56.2289 27.4431 2.15
      vertex 55.9037 27.9003 1.2
      vertex 55.9037 27.9003 2.15
    endloop
  endfacet
  facet normal 0.814888 0.579618 0
    outer loop
      vertex 55.9037 27.9003 1.2
      vertex 56.2289 27.4431 2.15
      vertex 56.2289 27.4431 1.2
    endloop
  endfacet
  facet normal 0.916854 0.399222 0
    outer loop
      vertex 55.9037 27.9003 2.15
      vertex 55.6714 28.4338 1.2
      vertex 55.6714 28.4338 2.15
    endloop
  endfacet
  facet normal 0.916854 0.399222 0
    outer loop
      vertex 55.6714 28.4338 1.2
      vertex 55.9037 27.9003 2.15
      vertex 55.9037 27.9003 1.2
    endloop
  endfacet
  facet normal 0.974887 0.222699 0
    outer loop
      vertex 55.6714 28.4338 2.15
      vertex 55.5321 29.0436 1.2
      vertex 55.5321 29.0436 2.15
    endloop
  endfacet
  facet normal 0.974887 0.222699 0
    outer loop
      vertex 55.5321 29.0436 1.2
      vertex 55.6714 28.4338 2.15
      vertex 55.6714 28.4338 1.2
    endloop
  endfacet
  facet normal 0.997711 0.0676193 0
    outer loop
      vertex 55.5321 29.0436 2.15
      vertex 55.4856 29.7297 1.2
      vertex 55.4856 29.7297 2.15
    endloop
  endfacet
  facet normal 0.997711 0.0676193 0
    outer loop
      vertex 55.4856 29.7297 1.2
      vertex 55.5321 29.0436 2.15
      vertex 55.5321 29.0436 1.2
    endloop
  endfacet
  facet normal 0.997968 -0.0637094 0
    outer loop
      vertex 55.4856 29.7297 2.15
      vertex 55.5294 30.4158 1.2
      vertex 55.5294 30.4158 2.15
    endloop
  endfacet
  facet normal 0.997968 -0.0637094 0
    outer loop
      vertex 55.5294 30.4158 1.2
      vertex 55.4856 29.7297 2.15
      vertex 55.4856 29.7297 1.2
    endloop
  endfacet
  facet normal 0.977233 -0.212168 0
    outer loop
      vertex 55.5294 30.4158 2.15
      vertex 55.6606 31.0201 1.2
      vertex 55.6606 31.0201 2.15
    endloop
  endfacet
  facet normal 0.977233 -0.212168 0
    outer loop
      vertex 55.6606 31.0201 1.2
      vertex 55.5294 30.4158 2.15
      vertex 55.5294 30.4158 1.2
    endloop
  endfacet
  facet normal 0.922507 -0.385981 0
    outer loop
      vertex 55.6606 31.0201 2.15
      vertex 55.8793 31.5428 1.2
      vertex 55.8793 31.5428 2.15
    endloop
  endfacet
  facet normal 0.922507 -0.385981 0
    outer loop
      vertex 55.8793 31.5428 1.2
      vertex 55.6606 31.0201 2.15
      vertex 55.6606 31.0201 1.2
    endloop
  endfacet
  facet normal 0.821353 -0.57042 0
    outer loop
      vertex 55.8793 31.5428 2.15
      vertex 56.1855 31.9837 1.2
      vertex 56.1855 31.9837 2.15
    endloop
  endfacet
  facet normal 0.821353 -0.57042 0
    outer loop
      vertex 56.1855 31.9837 1.2
      vertex 55.8793 31.5428 2.15
      vertex 55.8793 31.5428 1.2
    endloop
  endfacet
  facet normal 0.66906 -0.743209 0
    outer loop
      vertex 56.1855 31.9837 1.2
      vertex 56.5744 32.3338 2.15
      vertex 56.1855 31.9837 2.15
    endloop
  endfacet
  facet normal 0.66906 -0.743209 0
    outer loop
      vertex 56.5744 32.3338 2.15
      vertex 56.1855 31.9837 1.2
      vertex 56.5744 32.3338 1.2
    endloop
  endfacet
  facet normal 0.472185 -0.8815 0
    outer loop
      vertex 56.5744 32.3338 1.2
      vertex 57.0413 32.5839 2.15
      vertex 56.5744 32.3338 2.15
    endloop
  endfacet
  facet normal 0.472185 -0.8815 0
    outer loop
      vertex 57.0413 32.5839 2.15
      vertex 56.5744 32.3338 1.2
      vertex 57.0413 32.5839 1.2
    endloop
  endfacet
  facet normal 0.265407 -0.964136 0
    outer loop
      vertex 57.0413 32.5839 1.2
      vertex 57.5862 32.7339 2.15
      vertex 57.0413 32.5839 2.15
    endloop
  endfacet
  facet normal 0.265407 -0.964136 0
    outer loop
      vertex 57.5862 32.7339 2.15
      vertex 57.0413 32.5839 1.2
      vertex 57.5862 32.7339 1.2
    endloop
  endfacet
  facet normal 0.0800251 -0.996793 0
    outer loop
      vertex 57.5862 32.7339 1.2
      vertex 58.209 32.7839 2.15
      vertex 57.5862 32.7339 2.15
    endloop
  endfacet
  facet normal 0.0800251 -0.996793 0
    outer loop
      vertex 58.209 32.7839 2.15
      vertex 57.5862 32.7339 1.2
      vertex 58.209 32.7839 1.2
    endloop
  endfacet
  facet normal -0.0454964 -0.998965 0
    outer loop
      vertex 58.209 32.7839 1.2
      vertex 58.6174 32.7653 2.15
      vertex 58.209 32.7839 2.15
    endloop
  endfacet
  facet normal -0.0454964 -0.998965 -0
    outer loop
      vertex 58.6174 32.7653 2.15
      vertex 58.209 32.7839 1.2
      vertex 58.6174 32.7653 1.2
    endloop
  endfacet
  facet normal -0.148276 -0.988946 0
    outer loop
      vertex 58.6174 32.7653 1.2
      vertex 58.9909 32.7093 2.15
      vertex 58.6174 32.7653 2.15
    endloop
  endfacet
  facet normal -0.148276 -0.988946 -0
    outer loop
      vertex 58.9909 32.7093 2.15
      vertex 58.6174 32.7653 1.2
      vertex 58.9909 32.7093 1.2
    endloop
  endfacet
  facet normal -0.265381 -0.964143 0
    outer loop
      vertex 58.9909 32.7093 1.2
      vertex 59.3295 32.6161 2.15
      vertex 58.9909 32.7093 2.15
    endloop
  endfacet
  facet normal -0.265381 -0.964143 -0
    outer loop
      vertex 59.3295 32.6161 2.15
      vertex 58.9909 32.7093 1.2
      vertex 59.3295 32.6161 1.2
    endloop
  endfacet
  facet normal -0.395161 -0.918612 0
    outer loop
      vertex 59.3295 32.6161 1.2
      vertex 59.6331 32.4855 2.15
      vertex 59.3295 32.6161 2.15
    endloop
  endfacet
  facet normal -0.395161 -0.918612 -0
    outer loop
      vertex 59.6331 32.4855 2.15
      vertex 59.3295 32.6161 1.2
      vertex 59.6331 32.4855 1.2
    endloop
  endfacet
  facet normal -0.53451 -0.845162 0
    outer loop
      vertex 59.6331 32.4855 1.2
      vertex 59.9038 32.3143 2.15
      vertex 59.6331 32.4855 2.15
    endloop
  endfacet
  facet normal -0.53451 -0.845162 -0
    outer loop
      vertex 59.9038 32.3143 2.15
      vertex 59.6331 32.4855 1.2
      vertex 59.9038 32.3143 1.2
    endloop
  endfacet
  facet normal -0.667919 -0.744234 0
    outer loop
      vertex 59.9038 32.3143 1.2
      vertex 60.1437 32.099 2.15
      vertex 59.9038 32.3143 2.15
    endloop
  endfacet
  facet normal -0.667919 -0.744234 -0
    outer loop
      vertex 60.1437 32.099 2.15
      vertex 59.9038 32.3143 1.2
      vertex 60.1437 32.099 1.2
    endloop
  endfacet
  facet normal -0.778697 -0.6274 0
    outer loop
      vertex 60.3527 31.8396 1.2
      vertex 60.1437 32.099 2.15
      vertex 60.1437 32.099 1.2
    endloop
  endfacet
  facet normal -0.778697 -0.6274 0
    outer loop
      vertex 60.1437 32.099 2.15
      vertex 60.3527 31.8396 1.2
      vertex 60.3527 31.8396 2.15
    endloop
  endfacet
  facet normal -0.86227 -0.506449 0
    outer loop
      vertex 60.5309 31.5362 1.2
      vertex 60.3527 31.8396 2.15
      vertex 60.3527 31.8396 1.2
    endloop
  endfacet
  facet normal -0.86227 -0.506449 0
    outer loop
      vertex 60.3527 31.8396 2.15
      vertex 60.5309 31.5362 1.2
      vertex 60.5309 31.5362 2.15
    endloop
  endfacet
  facet normal 0.284389 -0.958709 0
    outer loop
      vertex 60.5309 31.5362 1.2
      vertex 61.5183 31.8291 2.15
      vertex 60.5309 31.5362 2.15
    endloop
  endfacet
  facet normal 0.284389 -0.958709 0
    outer loop
      vertex 61.5183 31.8291 2.15
      vertex 60.5309 31.5362 1.2
      vertex 61.5183 31.8291 1.2
    endloop
  endfacet
  facet normal 0.880317 0.474386 0
    outer loop
      vertex 61.5183 31.8291 2.15
      vertex 61.2813 32.2689 1.2
      vertex 61.2813 32.2689 2.15
    endloop
  endfacet
  facet normal 0.880317 0.474386 0
    outer loop
      vertex 61.2813 32.2689 1.2
      vertex 61.5183 31.8291 2.15
      vertex 61.5183 31.8291 1.2
    endloop
  endfacet
  facet normal 0.799028 0.601293 0
    outer loop
      vertex 61.2813 32.2689 2.15
      vertex 60.9988 32.6443 1.2
      vertex 60.9988 32.6443 2.15
    endloop
  endfacet
  facet normal 0.799028 0.601293 0
    outer loop
      vertex 60.9988 32.6443 1.2
      vertex 61.2813 32.2689 2.15
      vertex 61.2813 32.2689 1.2
    endloop
  endfacet
  facet normal 0.688156 0.725563 -0
    outer loop
      vertex 60.9988 32.6443 1.2
      vertex 60.671 32.9552 2.15
      vertex 60.9988 32.6443 2.15
    endloop
  endfacet
  facet normal 0.688156 0.725563 0
    outer loop
      vertex 60.671 32.9552 2.15
      vertex 60.9988 32.6443 1.2
      vertex 60.671 32.9552 1.2
    endloop
  endfacet
  facet normal 0.550929 0.834552 -0
    outer loop
      vertex 60.671 32.9552 1.2
      vertex 60.2976 33.2017 2.15
      vertex 60.671 32.9552 2.15
    endloop
  endfacet
  facet normal 0.550929 0.834552 0
    outer loop
      vertex 60.2976 33.2017 2.15
      vertex 60.671 32.9552 1.2
      vertex 60.2976 33.2017 1.2
    endloop
  endfacet
  facet normal 0.403005 0.915198 -0
    outer loop
      vertex 60.2976 33.2017 1.2
      vertex 59.8718 33.3892 2.15
      vertex 60.2976 33.2017 2.15
    endloop
  endfacet
  facet normal 0.403005 0.915198 0
    outer loop
      vertex 59.8718 33.3892 2.15
      vertex 60.2976 33.2017 1.2
      vertex 59.8718 33.3892 1.2
    endloop
  endfacet
  facet normal 0.265821 0.964022 -0
    outer loop
      vertex 59.8718 33.3892 1.2
      vertex 59.3862 33.5231 2.15
      vertex 59.8718 33.3892 2.15
    endloop
  endfacet
  facet normal 0.265821 0.964022 0
    outer loop
      vertex 59.3862 33.5231 2.15
      vertex 59.8718 33.3892 1.2
      vertex 59.3862 33.5231 1.2
    endloop
  endfacet
  facet normal 0.145891 0.989301 -0
    outer loop
      vertex 59.3862 33.5231 1.2
      vertex 58.841 33.6035 2.15
      vertex 59.3862 33.5231 2.15
    endloop
  endfacet
  facet normal 0.145891 0.989301 0
    outer loop
      vertex 58.841 33.6035 2.15
      vertex 59.3862 33.5231 1.2
      vertex 58.841 33.6035 1.2
    endloop
  endfacet
  facet normal 0.0440966 0.999027 -0
    outer loop
      vertex 58.841 33.6035 1.2
      vertex 58.2361 33.6302 2.15
      vertex 58.841 33.6035 2.15
    endloop
  endfacet
  facet normal 0.0440966 0.999027 0
    outer loop
      vertex 58.2361 33.6302 2.15
      vertex 58.841 33.6035 1.2
      vertex 58.2361 33.6302 1.2
    endloop
  endfacet
  facet normal -0.0744963 0.997221 0
    outer loop
      vertex 58.2361 33.6302 1.2
      vertex 57.3834 33.5665 2.15
      vertex 58.2361 33.6302 2.15
    endloop
  endfacet
  facet normal -0.0744963 0.997221 0
    outer loop
      vertex 57.3834 33.5665 2.15
      vertex 58.2361 33.6302 1.2
      vertex 57.3834 33.5665 1.2
    endloop
  endfacet
  facet normal -0.246508 0.969141 0
    outer loop
      vertex 57.3834 33.5665 1.2
      vertex 56.6317 33.3753 2.15
      vertex 57.3834 33.5665 2.15
    endloop
  endfacet
  facet normal -0.246508 0.969141 0
    outer loop
      vertex 56.6317 33.3753 2.15
      vertex 57.3834 33.5665 1.2
      vertex 56.6317 33.3753 1.2
    endloop
  endfacet
  facet normal -0.439967 0.898014 0
    outer loop
      vertex 56.6317 33.3753 1.2
      vertex 55.981 33.0565 2.15
      vertex 56.6317 33.3753 2.15
    endloop
  endfacet
  facet normal -0.439967 0.898014 0
    outer loop
      vertex 55.981 33.0565 2.15
      vertex 56.6317 33.3753 1.2
      vertex 55.981 33.0565 1.2
    endloop
  endfacet
  facet normal -0.630295 0.776356 0
    outer loop
      vertex 55.981 33.0565 1.2
      vertex 55.4314 32.6103 2.15
      vertex 55.981 33.0565 2.15
    endloop
  endfacet
  facet normal -0.630295 0.776356 0
    outer loop
      vertex 55.4314 32.6103 2.15
      vertex 55.981 33.0565 1.2
      vertex 55.4314 32.6103 1.2
    endloop
  endfacet
  facet normal -0.789896 0.61324 0
    outer loop
      vertex 54.9947 32.0478 1.2
      vertex 55.4314 32.6103 2.15
      vertex 55.4314 32.6103 1.2
    endloop
  endfacet
  facet normal -0.789896 0.61324 0
    outer loop
      vertex 55.4314 32.6103 2.15
      vertex 54.9947 32.0478 1.2
      vertex 54.9947 32.0478 2.15
    endloop
  endfacet
  facet normal -0.905999 0.423279 0
    outer loop
      vertex 54.6828 31.3802 1.2
      vertex 54.9947 32.0478 2.15
      vertex 54.9947 32.0478 1.2
    endloop
  endfacet
  facet normal -0.905999 0.423279 0
    outer loop
      vertex 54.9947 32.0478 2.15
      vertex 54.6828 31.3802 1.2
      vertex 54.6828 31.3802 2.15
    endloop
  endfacet
  facet normal -0.971885 0.235456 0
    outer loop
      vertex 54.4956 30.6075 1.2
      vertex 54.6828 31.3802 2.15
      vertex 54.6828 31.3802 1.2
    endloop
  endfacet
  facet normal -0.971885 0.235456 0
    outer loop
      vertex 54.6828 31.3802 2.15
      vertex 54.4956 30.6075 1.2
      vertex 54.4956 30.6075 2.15
    endloop
  endfacet
  facet normal -0.997483 0.0709079 0
    outer loop
      vertex 54.4332 29.7297 1.2
      vertex 54.4956 30.6075 2.15
      vertex 54.4956 30.6075 1.2
    endloop
  endfacet
  facet normal -0.997483 0.0709079 0
    outer loop
      vertex 54.4956 30.6075 2.15
      vertex 54.4332 29.7297 1.2
      vertex 54.4332 29.7297 2.15
    endloop
  endfacet
  facet normal -0.99881 -0.048768 0
    outer loop
      vertex 54.4619 29.1419 1.2
      vertex 54.4332 29.7297 2.15
      vertex 54.4332 29.7297 1.2
    endloop
  endfacet
  facet normal -0.99881 -0.048768 0
    outer loop
      vertex 54.4332 29.7297 2.15
      vertex 54.4619 29.1419 1.2
      vertex 54.4619 29.1419 2.15
    endloop
  endfacet
  facet normal -0.987913 -0.155009 0
    outer loop
      vertex 54.5479 28.5938 1.2
      vertex 54.4619 29.1419 2.15
      vertex 54.4619 29.1419 1.2
    endloop
  endfacet
  facet normal -0.987913 -0.155009 0
    outer loop
      vertex 54.4619 29.1419 2.15
      vertex 54.5479 28.5938 1.2
      vertex 54.5479 28.5938 2.15
    endloop
  endfacet
  facet normal -0.962546 -0.271118 0
    outer loop
      vertex 54.6911 28.0854 1.2
      vertex 54.5479 28.5938 2.15
      vertex 54.5479 28.5938 1.2
    endloop
  endfacet
  facet normal -0.962546 -0.271118 0
    outer loop
      vertex 54.5479 28.5938 2.15
      vertex 54.6911 28.0854 1.2
      vertex 54.6911 28.0854 2.15
    endloop
  endfacet
  facet normal -0.919409 -0.393304 0
    outer loop
      vertex 54.8916 27.6167 1.2
      vertex 54.6911 28.0854 2.15
      vertex 54.6911 28.0854 1.2
    endloop
  endfacet
  facet normal -0.919409 -0.393304 0
    outer loop
      vertex 54.6911 28.0854 2.15
      vertex 54.8916 27.6167 1.2
      vertex 54.8916 27.6167 2.15
    endloop
  endfacet
  facet normal -0.856436 -0.516253 0
    outer loop
      vertex 55.1464 27.194 1.2
      vertex 54.8916 27.6167 2.15
      vertex 54.8916 27.6167 1.2
    endloop
  endfacet
  facet normal -0.856436 -0.516253 0
    outer loop
      vertex 54.8916 27.6167 2.15
      vertex 55.1464 27.194 1.2
      vertex 55.1464 27.194 2.15
    endloop
  endfacet
  facet normal -0.770691 -0.63721 0
    outer loop
      vertex 55.4524 26.8239 1.2
      vertex 55.1464 27.194 2.15
      vertex 55.1464 27.194 1.2
    endloop
  endfacet
  facet normal -0.770691 -0.63721 0
    outer loop
      vertex 55.1464 27.194 2.15
      vertex 55.4524 26.8239 1.2
      vertex 55.4524 26.8239 2.15
    endloop
  endfacet
  facet normal -0.664351 -0.747421 0
    outer loop
      vertex 55.4524 26.8239 1.2
      vertex 55.8096 26.5064 2.15
      vertex 55.4524 26.8239 2.15
    endloop
  endfacet
  facet normal -0.664351 -0.747421 -0
    outer loop
      vertex 55.8096 26.5064 2.15
      vertex 55.4524 26.8239 1.2
      vertex 55.8096 26.5064 1.2
    endloop
  endfacet
  facet normal -0.544324 -0.838875 0
    outer loop
      vertex 55.8096 26.5064 1.2
      vertex 56.218 26.2414 2.15
      vertex 55.8096 26.5064 2.15
    endloop
  endfacet
  facet normal -0.544324 -0.838875 -0
    outer loop
      vertex 56.218 26.2414 2.15
      vertex 55.8096 26.5064 1.2
      vertex 56.218 26.2414 1.2
    endloop
  endfacet
  facet normal -0.417473 -0.908689 0
    outer loop
      vertex 56.218 26.2414 1.2
      vertex 56.6727 26.0325 2.15
      vertex 56.218 26.2414 2.15
    endloop
  endfacet
  facet normal -0.417473 -0.908689 -0
    outer loop
      vertex 56.6727 26.0325 2.15
      vertex 56.218 26.2414 1.2
      vertex 56.6727 26.0325 1.2
    endloop
  endfacet
  facet normal -0.287826 -0.957683 0
    outer loop
      vertex 56.6727 26.0325 1.2
      vertex 57.1688 25.8834 2.15
      vertex 56.6727 26.0325 2.15
    endloop
  endfacet
  facet normal -0.287826 -0.957683 -0
    outer loop
      vertex 57.1688 25.8834 2.15
      vertex 56.6727 26.0325 1.2
      vertex 57.1688 25.8834 1.2
    endloop
  endfacet
  facet normal -0.16428 -0.986414 0
    outer loop
      vertex 57.1688 25.8834 1.2
      vertex 57.7062 25.7939 2.15
      vertex 57.1688 25.8834 2.15
    endloop
  endfacet
  facet normal -0.16428 -0.986414 -0
    outer loop
      vertex 57.7062 25.7939 2.15
      vertex 57.1688 25.8834 1.2
      vertex 57.7062 25.7939 1.2
    endloop
  endfacet
  facet normal -0.0515898 -0.998668 0
    outer loop
      vertex 57.7062 25.7939 1.2
      vertex 58.285 25.764 2.15
      vertex 57.7062 25.7939 2.15
    endloop
  endfacet
  facet normal -0.0515898 -0.998668 -0
    outer loop
      vertex 58.285 25.764 2.15
      vertex 57.7062 25.7939 1.2
      vertex 58.285 25.764 1.2
    endloop
  endfacet
  facet normal 0.0418605 -0.999123 0
    outer loop
      vertex 58.285 25.764 1.2
      vertex 58.791 25.7852 2.15
      vertex 58.285 25.764 2.15
    endloop
  endfacet
  facet normal 0.0418605 -0.999123 0
    outer loop
      vertex 58.791 25.7852 2.15
      vertex 58.285 25.764 1.2
      vertex 58.791 25.7852 1.2
    endloop
  endfacet
  facet normal 0 -1 0
    outer loop
      vertex 12.7425 29.4151 1.2
      vertex 16.8764 29.4151 2.15
      vertex 12.7425 29.4151 2.15
    endloop
  endfacet
  facet normal 0 -1 -0
    outer loop
      vertex 16.8764 29.4151 2.15
      vertex 12.7425 29.4151 1.2
      vertex 16.8764 29.4151 1.2
    endloop
  endfacet
  facet normal -1 0 0
    outer loop
      vertex 16.8764 25.8725 1.2
      vertex 16.8764 29.4151 2.15
      vertex 16.8764 29.4151 1.2
    endloop
  endfacet
  facet normal -1 -0 0
    outer loop
      vertex 16.8764 29.4151 2.15
      vertex 16.8764 25.8725 1.2
      vertex 16.8764 25.8725 2.15
    endloop
  endfacet
  facet normal 0 -1 0
    outer loop
      vertex 16.8764 25.8725 1.2
      vertex 17.9125 25.8725 2.15
      vertex 16.8764 25.8725 2.15
    endloop
  endfacet
  facet normal 0 -1 -0
    outer loop
      vertex 17.9125 25.8725 2.15
      vertex 16.8764 25.8725 1.2
      vertex 17.9125 25.8725 1.2
    endloop
  endfacet
  facet normal 1 -0 0
    outer loop
      vertex 17.9125 25.8725 2.15
      vertex 17.9125 33.5163 1.2
      vertex 17.9125 33.5163 2.15
    endloop
  endfacet
  facet normal 1 0 0
    outer loop
      vertex 17.9125 33.5163 1.2
      vertex 17.9125 25.8725 2.15
      vertex 17.9125 25.8725 1.2
    endloop
  endfacet
  facet normal 0 1 -0
    outer loop
      vertex 17.9125 33.5163 1.2
      vertex 16.8764 33.5163 2.15
      vertex 17.9125 33.5163 2.15
    endloop
  endfacet
  facet normal 0 1 0
    outer loop
      vertex 16.8764 33.5163 2.15
      vertex 17.9125 33.5163 1.2
      vertex 16.8764 33.5163 1.2
    endloop
  endfacet
  facet normal -1 0 0
    outer loop
      vertex 16.8764 30.2831 1.2
      vertex 16.8764 33.5163 2.15
      vertex 16.8764 33.5163 1.2
    endloop
  endfacet
  facet normal -1 -0 0
    outer loop
      vertex 16.8764 33.5163 2.15
      vertex 16.8764 30.2831 1.2
      vertex 16.8764 30.2831 2.15
    endloop
  endfacet
  facet normal 0 1 -0
    outer loop
      vertex 16.8764 30.2831 1.2
      vertex 12.7425 30.2831 2.15
      vertex 16.8764 30.2831 2.15
    endloop
  endfacet
  facet normal 0 1 0
    outer loop
      vertex 12.7425 30.2831 2.15
      vertex 16.8764 30.2831 1.2
      vertex 12.7425 30.2831 1.2
    endloop
  endfacet
  facet normal 1 -0 0
    outer loop
      vertex 12.7425 30.2831 2.15
      vertex 12.7425 33.5163 1.2
      vertex 12.7425 33.5163 2.15
    endloop
  endfacet
  facet normal 1 0 0
    outer loop
      vertex 12.7425 33.5163 1.2
      vertex 12.7425 30.2831 2.15
      vertex 12.7425 30.2831 1.2
    endloop
  endfacet
  facet normal 0 1 -0
    outer loop
      vertex 12.7425 33.5163 1.2
      vertex 11.7064 33.5163 2.15
      vertex 12.7425 33.5163 2.15
    endloop
  endfacet
  facet normal 0 1 0
    outer loop
      vertex 11.7064 33.5163 2.15
      vertex 12.7425 33.5163 1.2
      vertex 11.7064 33.5163 1.2
    endloop
  endfacet
  facet normal -1 0 0
    outer loop
      vertex 11.7064 25.8725 1.2
      vertex 11.7064 33.5163 2.15
      vertex 11.7064 33.5163 1.2
    endloop
  endfacet
  facet normal -1 -0 0
    outer loop
      vertex 11.7064 33.5163 2.15
      vertex 11.7064 25.8725 1.2
      vertex 11.7064 25.8725 2.15
    endloop
  endfacet
  facet normal 0 -1 0
    outer loop
      vertex 11.7064 25.8725 1.2
      vertex 12.7425 25.8725 2.15
      vertex 11.7064 25.8725 2.15
    endloop
  endfacet
  facet normal 0 -1 -0
    outer loop
      vertex 12.7425 25.8725 2.15
      vertex 11.7064 25.8725 1.2
      vertex 12.7425 25.8725 1.2
    endloop
  endfacet
  facet normal 1 -0 0
    outer loop
      vertex 12.7425 25.8725 2.15
      vertex 12.7425 29.4151 1.2
      vertex 12.7425 29.4151 2.15
    endloop
  endfacet
  facet normal 1 0 0
    outer loop
      vertex 12.7425 29.4151 1.2
      vertex 12.7425 25.8725 2.15
      vertex 12.7425 25.8725 1.2
    endloop
  endfacet
  facet normal 0 1 -0
    outer loop
      vertex 50.3506 33.5163 1.2
      vertex 49.3524 33.5163 2.15
      vertex 50.3506 33.5163 2.15
    endloop
  endfacet
  facet normal 0 1 0
    outer loop
      vertex 49.3524 33.5163 2.15
      vertex 50.3506 33.5163 1.2
      vertex 49.3524 33.5163 1.2
    endloop
  endfacet
  facet normal -0.998877 -0.0473835 0
    outer loop
      vertex 49.4664 31.1131 1.2
      vertex 49.3524 33.5163 2.15
      vertex 49.3524 33.5163 1.2
    endloop
  endfacet
  facet normal -0.998877 -0.0473835 0
    outer loop
      vertex 49.3524 33.5163 2.15
      vertex 49.4664 31.1131 1.2
      vertex 49.4664 31.1131 2.15
    endloop
  endfacet
  facet normal 0 -1 0
    outer loop
      vertex 49.4664 31.1131 1.2
      vertex 50.2312 31.1131 2.15
      vertex 49.4664 31.1131 2.15
    endloop
  endfacet
  facet normal 0 -1 -0
    outer loop
      vertex 50.2312 31.1131 2.15
      vertex 49.4664 31.1131 1.2
      vertex 50.2312 31.1131 1.2
    endloop
  endfacet
  facet normal 0.998768 -0.0496225 0
    outer loop
      vertex 50.2312 31.1131 2.15
      vertex 50.3506 33.5163 1.2
      vertex 50.3506 33.5163 2.15
    endloop
  endfacet
  facet normal 0.998768 -0.0496225 0
    outer loop
      vertex 50.3506 33.5163 1.2
      vertex 50.2312 31.1131 2.15
      vertex 50.2312 31.1131 1.2
    endloop
  endfacet
  facet normal 0.0978362 -0.995203 0
    outer loop
      vertex 32.9692 25.7939 1.2
      vertex 33.2174 25.8183 2.15
      vertex 32.9692 25.7939 2.15
    endloop
  endfacet
  facet normal 0.0978362 -0.995203 0
    outer loop
      vertex 33.2174 25.8183 2.15
      vertex 32.9692 25.7939 1.2
      vertex 33.2174 25.8183 1.2
    endloop
  endfacet
  facet normal 0.163617 -0.986524 0
    outer loop
      vertex 33.2174 25.8183 1.2
      vertex 33.4628 25.859 2.15
      vertex 33.2174 25.8183 2.15
    endloop
  endfacet
  facet normal 0.163617 -0.986524 0
    outer loop
      vertex 33.4628 25.859 2.15
      vertex 33.2174 25.8183 1.2
      vertex 33.4628 25.859 1.2
    endloop
  endfacet
  facet normal 0.228548 -0.973533 0
    outer loop
      vertex 33.4628 25.859 1.2
      vertex 33.7056 25.916 2.15
      vertex 33.4628 25.859 2.15
    endloop
  endfacet
  facet normal 0.228548 -0.973533 0
    outer loop
      vertex 33.7056 25.916 2.15
      vertex 33.4628 25.859 1.2
      vertex 33.7056 25.916 1.2
    endloop
  endfacet
  facet normal 1 -0 0
    outer loop
      vertex 33.7056 25.916 2.15
      vertex 33.7056 26.6375 1.2
      vertex 33.7056 26.6375 2.15
    endloop
  endfacet
  facet normal 1 0 0
    outer loop
      vertex 33.7056 26.6375 1.2
      vertex 33.7056 25.916 2.15
      vertex 33.7056 25.916 1.2
    endloop
  endfacet
  facet normal -0.188386 0.982095 0
    outer loop
      vertex 33.7056 26.6375 1.2
      vertex 33.532 26.6042 2.15
      vertex 33.7056 26.6375 2.15
    endloop
  endfacet
  facet normal -0.188386 0.982095 0
    outer loop
      vertex 33.532 26.6042 2.15
      vertex 33.7056 26.6375 1.2
      vertex 33.532 26.6042 1.2
    endloop
  endfacet
  facet normal -0.154159 0.988046 0
    outer loop
      vertex 33.532 26.6042 1.2
      vertex 33.3801 26.5805 2.15
      vertex 33.532 26.6042 2.15
    endloop
  endfacet
  facet normal -0.154159 0.988046 0
    outer loop
      vertex 33.3801 26.5805 2.15
      vertex 33.532 26.6042 1.2
      vertex 33.3801 26.5805 1.2
    endloop
  endfacet
  facet normal -0.109175 0.994023 0
    outer loop
      vertex 33.3801 26.5805 1.2
      vertex 33.2499 26.5662 2.15
      vertex 33.3801 26.5805 2.15
    endloop
  endfacet
  facet normal -0.109175 0.994023 0
    outer loop
      vertex 33.2499 26.5662 2.15
      vertex 33.3801 26.5805 1.2
      vertex 33.2499 26.5662 1.2
    endloop
  endfacet
  facet normal -0.0432774 0.999063 0
    outer loop
      vertex 33.2499 26.5662 1.2
      vertex 33.1414 26.5615 2.15
      vertex 33.2499 26.5662 2.15
    endloop
  endfacet
  facet normal -0.0432774 0.999063 0
    outer loop
      vertex 33.1414 26.5615 2.15
      vertex 33.2499 26.5662 1.2
      vertex 33.1414 26.5615 1.2
    endloop
  endfacet
  facet normal 0.0668539 0.997763 -0
    outer loop
      vertex 33.1414 26.5615 1.2
      vertex 32.9832 26.5721 2.15
      vertex 33.1414 26.5615 2.15
    endloop
  endfacet
  facet normal 0.0668539 0.997763 0
    outer loop
      vertex 32.9832 26.5721 2.15
      vertex 33.1414 26.5615 1.2
      vertex 32.9832 26.5721 1.2
    endloop
  endfacet
  facet normal 0.235118 0.971967 -0
    outer loop
      vertex 32.9832 26.5721 1.2
      vertex 32.8505 26.6042 2.15
      vertex 32.9832 26.5721 2.15
    endloop
  endfacet
  facet normal 0.235118 0.971967 0
    outer loop
      vertex 32.8505 26.6042 2.15
      vertex 32.9832 26.5721 1.2
      vertex 32.8505 26.6042 1.2
    endloop
  endfacet
  facet normal 0.445544 0.89526 -0
    outer loop
      vertex 32.8505 26.6042 1.2
      vertex 32.7432 26.6576 2.15
      vertex 32.8505 26.6042 2.15
    endloop
  endfacet
  facet normal 0.445544 0.89526 0
    outer loop
      vertex 32.7432 26.6576 2.15
      vertex 32.8505 26.6042 1.2
      vertex 32.7432 26.6576 1.2
    endloop
  endfacet
  facet normal 0.673884 0.738837 -0
    outer loop
      vertex 32.7432 26.6576 1.2
      vertex 32.6613 26.7323 2.15
      vertex 32.7432 26.6576 2.15
    endloop
  endfacet
  facet normal 0.673884 0.738837 0
    outer loop
      vertex 32.6613 26.7323 2.15
      vertex 32.7432 26.6576 1.2
      vertex 32.6613 26.7323 1.2
    endloop
  endfacet
  facet normal 0.858538 0.51275 0
    outer loop
      vertex 32.6613 26.7323 2.15
      vertex 32.6008 26.8336 1.2
      vertex 32.6008 26.8336 2.15
    endloop
  endfacet
  facet normal 0.858538 0.51275 0
    outer loop
      vertex 32.6008 26.8336 1.2
      vertex 32.6613 26.7323 2.15
      vertex 32.6613 26.7323 1.2
    endloop
  endfacet
  facet normal 0.95067 0.310204 0
    outer loop
      vertex 32.6008 26.8336 2.15
      vertex 32.5575 26.9663 1.2
      vertex 32.5575 26.9663 2.15
    endloop
  endfacet
  facet normal 0.95067 0.310204 0
    outer loop
      vertex 32.5575 26.9663 1.2
      vertex 32.6008 26.8336 2.15
      vertex 32.6008 26.8336 1.2
    endloop
  endfacet
  facet normal 0.987802 0.155716 0
    outer loop
      vertex 32.5575 26.9663 2.15
      vertex 32.5316 27.1306 1.2
      vertex 32.5316 27.1306 2.15
    endloop
  endfacet
  facet normal 0.987802 0.155716 0
    outer loop
      vertex 32.5316 27.1306 1.2
      vertex 32.5575 26.9663 2.15
      vertex 32.5575 26.9663 1.2
    endloop
  endfacet
  facet normal 0.999037 0.0438801 0
    outer loop
      vertex 32.5316 27.1306 2.15
      vertex 32.523 27.3264 1.2
      vertex 32.523 27.3264 2.15
    endloop
  endfacet
  facet normal 0.999037 0.0438801 0
    outer loop
      vertex 32.523 27.3264 1.2
      vertex 32.5316 27.1306 2.15
      vertex 32.5316 27.1306 1.2
    endloop
  endfacet
  facet normal 1 -0 0
    outer loop
      vertex 32.523 27.3264 2.15
      vertex 32.523 31.0317 1.2
      vertex 32.523 31.0317 2.15
    endloop
  endfacet
  facet normal 1 0 0
    outer loop
      vertex 32.523 31.0317 1.2
      vertex 32.523 27.3264 2.15
      vertex 32.523 27.3264 1.2
    endloop
  endfacet
  facet normal 0 -1 0
    outer loop
      vertex 32.523 31.0317 1.2
      vertex 33.608 31.0317 2.15
      vertex 32.523 31.0317 2.15
    endloop
  endfacet
  facet normal 0 -1 -0
    outer loop
      vertex 33.608 31.0317 2.15
      vertex 32.523 31.0317 1.2
      vertex 33.608 31.0317 1.2
    endloop
  endfacet
  facet normal 1 -0 0
    outer loop
      vertex 33.608 31.0317 2.15
      vertex 33.608 31.7423 1.2
      vertex 33.608 31.7423 2.15
    endloop
  endfacet
  facet normal 1 0 0
    outer loop
      vertex 33.608 31.7423 1.2
      vertex 33.608 31.0317 2.15
      vertex 33.608 31.0317 1.2
    endloop
  endfacet
  facet normal 0 1 -0
    outer loop
      vertex 33.608 31.7423 1.2
      vertex 32.523 31.7423 2.15
      vertex 33.608 31.7423 2.15
    endloop
  endfacet
  facet normal 0 1 0
    outer loop
      vertex 32.523 31.7423 2.15
      vertex 33.608 31.7423 1.2
      vertex 32.523 31.7423 1.2
    endloop
  endfacet
  facet normal 1 -0 0
    outer loop
      vertex 32.523 31.7423 2.15
      vertex 32.523 33.0552 1.2
      vertex 32.523 33.0552 2.15
    endloop
  endfacet
  facet normal 1 0 0
    outer loop
      vertex 32.523 33.0552 1.2
      vertex 32.523 31.7423 2.15
      vertex 32.523 31.7423 1.2
    endloop
  endfacet
  facet normal 0 1 -0
    outer loop
      vertex 32.523 33.0552 1.2
      vertex 31.872 33.0552 2.15
      vertex 32.523 33.0552 2.15
    endloop
  endfacet
  facet normal 0 1 0
    outer loop
      vertex 31.872 33.0552 2.15
      vertex 32.523 33.0552 1.2
      vertex 31.872 33.0552 1.2
    endloop
  endfacet
  facet normal -0.976837 0.213983 0
    outer loop
      vertex 31.5844 31.7423 1.2
      vertex 31.872 33.0552 2.15
      vertex 31.872 33.0552 1.2
    endloop
  endfacet
  facet normal -0.976837 0.213983 0
    outer loop
      vertex 31.872 33.0552 2.15
      vertex 31.5844 31.7423 1.2
      vertex 31.5844 31.7423 2.15
    endloop
  endfacet
  facet normal 0 1 -0
    outer loop
      vertex 31.5844 31.7423 1.2
      vertex 30.8683 31.7423 2.15
      vertex 31.5844 31.7423 2.15
    endloop
  endfacet
  facet normal 0 1 0
    outer loop
      vertex 30.8683 31.7423 2.15
      vertex 31.5844 31.7423 1.2
      vertex 30.8683 31.7423 1.2
    endloop
  endfacet
  facet normal -1 0 0
    outer loop
      vertex 30.8683 31.0317 1.2
      vertex 30.8683 31.7423 2.15
      vertex 30.8683 31.7423 1.2
    endloop
  endfacet
  facet normal -1 -0 0
    outer loop
      vertex 30.8683 31.7423 2.15
      vertex 30.8683 31.0317 1.2
      vertex 30.8683 31.0317 2.15
    endloop
  endfacet
  facet normal 0 -1 0
    outer loop
      vertex 30.8683 31.0317 1.2
      vertex 31.5465 31.0317 2.15
      vertex 30.8683 31.0317 2.15
    endloop
  endfacet
  facet normal 0 -1 -0
    outer loop
      vertex 31.5465 31.0317 2.15
      vertex 30.8683 31.0317 1.2
      vertex 31.5465 31.0317 1.2
    endloop
  endfacet
  facet normal -1 0 0
    outer loop
      vertex 31.5465 27.1148 1.2
      vertex 31.5465 31.0317 2.15
      vertex 31.5465 31.0317 1.2
    endloop
  endfacet
  facet normal -1 -0 0
    outer loop
      vertex 31.5465 31.0317 2.15
      vertex 31.5465 27.1148 1.2
      vertex 31.5465 27.1148 2.15
    endloop
  endfacet
  facet normal -0.99217 -0.124896 0
    outer loop
      vertex 31.6197 26.5333 1.2
      vertex 31.5465 27.1148 2.15
      vertex 31.5465 27.1148 1.2
    endloop
  endfacet
  facet normal -0.99217 -0.124896 0
    outer loop
      vertex 31.5465 27.1148 2.15
      vertex 31.6197 26.5333 1.2
      vertex 31.6197 26.5333 2.15
    endloop
  endfacet
  facet normal -0.883933 -0.467614 0
    outer loop
      vertex 31.8394 26.118 1.2
      vertex 31.6197 26.5333 2.15
      vertex 31.6197 26.5333 1.2
    endloop
  endfacet
  facet normal -0.883933 -0.467614 0
    outer loop
      vertex 31.6197 26.5333 2.15
      vertex 31.8394 26.118 1.2
      vertex 31.8394 26.118 2.15
    endloop
  endfacet
  facet normal -0.562594 -0.826733 0
    outer loop
      vertex 31.8394 26.118 1.2
      vertex 32.2056 25.8688 2.15
      vertex 31.8394 26.118 2.15
    endloop
  endfacet
  facet normal -0.562594 -0.826733 -0
    outer loop
      vertex 32.2056 25.8688 2.15
      vertex 31.8394 26.118 1.2
      vertex 32.2056 25.8688 1.2
    endloop
  endfacet
  facet normal -0.160026 -0.987113 0
    outer loop
      vertex 32.2056 25.8688 1.2
      vertex 32.7182 25.7857 2.15
      vertex 32.2056 25.8688 2.15
    endloop
  endfacet
  facet normal -0.160026 -0.987113 -0
    outer loop
      vertex 32.7182 25.7857 2.15
      vertex 32.2056 25.8688 1.2
      vertex 32.7182 25.7857 1.2
    endloop
  endfacet
  facet normal 0.0326519 -0.999467 0
    outer loop
      vertex 32.7182 25.7857 1.2
      vertex 32.9692 25.7939 2.15
      vertex 32.7182 25.7857 2.15
    endloop
  endfacet
  facet normal 0.0326519 -0.999467 0
    outer loop
      vertex 32.9692 25.7939 2.15
      vertex 32.7182 25.7857 1.2
      vertex 32.9692 25.7939 1.2
    endloop
  endfacet
  facet normal 0.998027 -0.0627922 0
    outer loop
      vertex 26.4124 29.2739 2.15
      vertex 26.4379 29.6792 1.2
      vertex 26.4379 29.6792 2.15
    endloop
  endfacet
  facet normal 0.998027 -0.0627922 0
    outer loop
      vertex 26.4379 29.6792 1.2
      vertex 26.4124 29.2739 2.15
      vertex 26.4124 29.2739 1.2
    endloop
  endfacet
  facet normal 0.978069 -0.20828 0
    outer loop
      vertex 26.4379 29.6792 2.15
      vertex 26.5142 30.0375 1.2
      vertex 26.5142 30.0375 2.15
    endloop
  endfacet
  facet normal 0.978069 -0.20828 0
    outer loop
      vertex 26.5142 30.0375 1.2
      vertex 26.4379 29.6792 2.15
      vertex 26.4379 29.6792 1.2
    endloop
  endfacet
  facet normal 0.925935 -0.377684 0
    outer loop
      vertex 26.5142 30.0375 2.15
      vertex 26.6413 30.3491 1.2
      vertex 26.6413 30.3491 2.15
    endloop
  endfacet
  facet normal 0.925935 -0.377684 0
    outer loop
      vertex 26.6413 30.3491 1.2
      vertex 26.5142 30.0375 2.15
      vertex 26.5142 30.0375 1.2
    endloop
  endfacet
  facet normal 0.829923 -0.557879 0
    outer loop
      vertex 26.6413 30.3491 2.15
      vertex 26.8193 30.6139 1.2
      vertex 26.8193 30.6139 2.15
    endloop
  endfacet
  facet normal 0.829923 -0.557879 0
    outer loop
      vertex 26.8193 30.6139 1.2
      vertex 26.6413 30.3491 2.15
      vertex 26.6413 30.3491 1.2
    endloop
  endfacet
  facet normal 0.689272 -0.724502 0
    outer loop
      vertex 26.8193 30.6139 1.2
      vertex 27.0414 30.8252 2.15
      vertex 26.8193 30.6139 2.15
    endloop
  endfacet
  facet normal 0.689272 -0.724502 0
    outer loop
      vertex 27.0414 30.8252 2.15
      vertex 26.8193 30.6139 1.2
      vertex 27.0414 30.8252 1.2
    endloop
  endfacet
  facet normal 0.502586 -0.864527 0
    outer loop
      vertex 27.0414 30.8252 1.2
      vertex 27.3008 30.976 2.15
      vertex 27.0414 30.8252 2.15
    endloop
  endfacet
  facet normal 0.502586 -0.864527 0
    outer loop
      vertex 27.3008 30.976 2.15
      vertex 27.0414 30.8252 1.2
      vertex 27.3008 30.976 1.2
    endloop
  endfacet
  facet normal 0.292137 -0.956377 0
    outer loop
      vertex 27.3008 30.976 1.2
      vertex 27.5974 31.0666 2.15
      vertex 27.3008 30.976 2.15
    endloop
  endfacet
  facet normal 0.292137 -0.956377 0
    outer loop
      vertex 27.5974 31.0666 2.15
      vertex 27.3008 30.976 1.2
      vertex 27.5974 31.0666 1.2
    endloop
  endfacet
  facet normal 0.089756 -0.995964 0
    outer loop
      vertex 27.5974 31.0666 1.2
      vertex 27.9314 31.0967 2.15
      vertex 27.5974 31.0666 2.15
    endloop
  endfacet
  facet normal 0.089756 -0.995964 0
    outer loop
      vertex 27.9314 31.0967 2.15
      vertex 27.5974 31.0666 1.2
      vertex 27.9314 31.0967 1.2
    endloop
  endfacet
  facet normal -0.0387715 -0.999248 0
    outer loop
      vertex 27.9314 31.0967 1.2
      vertex 28.1582 31.0879 2.15
      vertex 27.9314 31.0967 2.15
    endloop
  endfacet
  facet normal -0.0387715 -0.999248 -0
    outer loop
      vertex 28.1582 31.0879 2.15
      vertex 27.9314 31.0967 1.2
      vertex 28.1582 31.0879 1.2
    endloop
  endfacet
  facet normal -0.132361 -0.991202 0
    outer loop
      vertex 28.1582 31.0879 1.2
      vertex 28.3559 31.0615 2.15
      vertex 28.1582 31.0879 2.15
    endloop
  endfacet
  facet normal -0.132361 -0.991202 -0
    outer loop
      vertex 28.3559 31.0615 2.15
      vertex 28.1582 31.0879 1.2
      vertex 28.3559 31.0615 1.2
    endloop
  endfacet
  facet normal -0.253193 -0.967416 0
    outer loop
      vertex 28.3559 31.0615 1.2
      vertex 28.5244 31.0174 2.15
      vertex 28.3559 31.0615 2.15
    endloop
  endfacet
  facet normal -0.253193 -0.967416 -0
    outer loop
      vertex 28.5244 31.0174 2.15
      vertex 28.3559 31.0615 1.2
      vertex 28.5244 31.0174 1.2
    endloop
  endfacet
  facet normal -0.404981 -0.914325 0
    outer loop
      vertex 28.5244 31.0174 1.2
      vertex 28.6637 30.9557 2.15
      vertex 28.5244 31.0174 2.15
    endloop
  endfacet
  facet normal -0.404981 -0.914325 -0
    outer loop
      vertex 28.6637 30.9557 2.15
      vertex 28.5244 31.0174 1.2
      vertex 28.6637 30.9557 1.2
    endloop
  endfacet
  facet normal -0.574831 -0.818272 0
    outer loop
      vertex 28.6637 30.9557 1.2
      vertex 28.78 30.874 2.15
      vertex 28.6637 30.9557 2.15
    endloop
  endfacet
  facet normal -0.574831 -0.818272 -0
    outer loop
      vertex 28.78 30.874 2.15
      vertex 28.6637 30.9557 1.2
      vertex 28.78 30.874 1.2
    endloop
  endfacet
  facet normal -0.723245 -0.690591 0
    outer loop
      vertex 28.8794 30.7699 1.2
      vertex 28.78 30.874 2.15
      vertex 28.78 30.874 1.2
    endloop
  endfacet
  facet normal -0.723245 -0.690591 0
    outer loop
      vertex 28.78 30.874 2.15
      vertex 28.8794 30.7699 1.2
      vertex 28.8794 30.7699 2.15
    endloop
  endfacet
  facet normal -0.837914 -0.545803 0
    outer loop
      vertex 28.9618 30.6434 1.2
      vertex 28.8794 30.7699 2.15
      vertex 28.8794 30.7699 1.2
    endloop
  endfacet
  facet normal -0.837914 -0.545803 0
    outer loop
      vertex 28.8794 30.7699 2.15
      vertex 28.9618 30.6434 1.2
      vertex 28.9618 30.6434 2.15
    endloop
  endfacet
  facet normal -0.915478 -0.402367 0
    outer loop
      vertex 29.0272 30.4946 1.2
      vertex 28.9618 30.6434 2.15
      vertex 28.9618 30.6434 1.2
    endloop
  endfacet
  facet normal -0.915478 -0.402367 0
    outer loop
      vertex 28.9618 30.6434 2.15
      vertex 29.0272 30.4946 1.2
      vertex 29.0272 30.4946 2.15
    endloop
  endfacet
  facet normal -0.962201 -0.272342 0
    outer loop
      vertex 29.0771 30.3183 1.2
      vertex 29.0272 30.4946 2.15
      vertex 29.0272 30.4946 1.2
    endloop
  endfacet
  facet normal -0.962201 -0.272342 0
    outer loop
      vertex 29.0272 30.4946 2.15
      vertex 29.0771 30.3183 1.2
      vertex 29.0771 30.3183 2.15
    endloop
  endfacet
  facet normal -0.985788 -0.167994 0
    outer loop
      vertex 29.1127 30.1094 1.2
      vertex 29.0771 30.3183 2.15
      vertex 29.0771 30.3183 1.2
    endloop
  endfacet
  facet normal -0.985788 -0.167994 0
    outer loop
      vertex 29.0771 30.3183 2.15
      vertex 29.1127 30.1094 1.2
      vertex 29.1127 30.1094 2.15
    endloop
  endfacet
  facet normal -0.99613 -0.0878938 0
    outer loop
      vertex 29.134 29.868 1.2
      vertex 29.1127 30.1094 2.15
      vertex 29.1127 30.1094 1.2
    endloop
  endfacet
  facet normal -0.99613 -0.0878938 0
    outer loop
      vertex 29.1127 30.1094 2.15
      vertex 29.134 29.868 1.2
      vertex 29.134 29.868 2.15
    endloop
  endfacet
  facet normal -0.999655 -0.0262683 0
    outer loop
      vertex 29.1412 29.594 1.2
      vertex 29.134 29.868 2.15
      vertex 29.134 29.868 1.2
    endloop
  endfacet
  facet normal -0.999655 -0.0262683 0
    outer loop
      vertex 29.134 29.868 2.15
      vertex 29.1412 29.594 1.2
      vertex 29.1412 29.594 2.15
    endloop
  endfacet
  facet normal -1 0 0
    outer loop
      vertex 29.1412 25.8725 1.2
      vertex 29.1412 29.594 2.15
      vertex 29.1412 29.594 1.2
    endloop
  endfacet
  facet normal -1 -0 0
    outer loop
      vertex 29.1412 29.594 2.15
      vertex 29.1412 25.8725 1.2
      vertex 29.1412 25.8725 2.15
    endloop
  endfacet
  facet normal 0 -1 0
    outer loop
      vertex 29.1412 25.8725 1.2
      vertex 30.1231 25.8725 2.15
      vertex 29.1412 25.8725 2.15
    endloop
  endfacet
  facet normal 0 -1 -0
    outer loop
      vertex 30.1231 25.8725 2.15
      vertex 29.1412 25.8725 1.2
      vertex 30.1231 25.8725 1.2
    endloop
  endfacet
  facet normal 1 -0 0
    outer loop
      vertex 30.1231 25.8725 2.15
      vertex 30.1231 29.7839 1.2
      vertex 30.1231 29.7839 2.15
    endloop
  endfacet
  facet normal 1 0 0
    outer loop
      vertex 30.1231 29.7839 1.2
      vertex 30.1231 25.8725 2.15
      vertex 30.1231 25.8725 1.2
    endloop
  endfacet
  facet normal 0.998521 0.054373 0
    outer loop
      vertex 30.1231 29.7839 2.15
      vertex 30.0951 30.2981 1.2
      vertex 30.0951 30.2981 2.15
    endloop
  endfacet
  facet normal 0.998521 0.054373 0
    outer loop
      vertex 30.0951 30.2981 1.2
      vertex 30.1231 29.7839 2.15
      vertex 30.1231 29.7839 1.2
    endloop
  endfacet
  facet normal 0.981976 0.189006 0
    outer loop
      vertex 30.0951 30.2981 2.15
      vertex 30.0112 30.734 1.2
      vertex 30.0112 30.734 2.15
    endloop
  endfacet
  facet normal 0.981976 0.189006 0
    outer loop
      vertex 30.0112 30.734 1.2
      vertex 30.0951 30.2981 2.15
      vertex 30.0951 30.2981 1.2
    endloop
  endfacet
  facet normal 0.931235 0.364419 0
    outer loop
      vertex 30.0112 30.734 2.15
      vertex 29.8713 31.0915 1.2
      vertex 29.8713 31.0915 2.15
    endloop
  endfacet
  facet normal 0.931235 0.364419 0
    outer loop
      vertex 29.8713 31.0915 1.2
      vertex 30.0112 30.734 2.15
      vertex 30.0112 30.734 1.2
    endloop
  endfacet
  facet normal 0.818736 0.574171 0
    outer loop
      vertex 29.8713 31.0915 2.15
      vertex 29.6755 31.3707 1.2
      vertex 29.6755 31.3707 2.15
    endloop
  endfacet
  facet normal 0.818736 0.574171 0
    outer loop
      vertex 29.6755 31.3707 1.2
      vertex 29.8713 31.0915 2.15
      vertex 29.8713 31.0915 1.2
    endloop
  endfacet
  facet normal 0.634108 0.773244 -0
    outer loop
      vertex 29.6755 31.3707 1.2
      vertex 29.4193 31.5808 2.15
      vertex 29.6755 31.3707 2.15
    endloop
  endfacet
  facet normal 0.634108 0.773244 0
    outer loop
      vertex 29.4193 31.5808 2.15
      vertex 29.6755 31.3707 1.2
      vertex 29.4193 31.5808 1.2
    endloop
  endfacet
  facet normal 0.423457 0.905916 -0
    outer loop
      vertex 29.4193 31.5808 1.2
      vertex 29.0984 31.7308 2.15
      vertex 29.4193 31.5808 2.15
    endloop
  endfacet
  facet normal 0.423457 0.905916 0
    outer loop
      vertex 29.0984 31.7308 2.15
      vertex 29.4193 31.5808 1.2
      vertex 29.0984 31.7308 1.2
    endloop
  endfacet
  facet normal 0.227293 0.973826 -0
    outer loop
      vertex 29.0984 31.7308 1.2
      vertex 28.7128 31.8208 2.15
      vertex 29.0984 31.7308 2.15
    endloop
  endfacet
  facet normal 0.227293 0.973826 0
    outer loop
      vertex 28.7128 31.8208 2.15
      vertex 29.0984 31.7308 1.2
      vertex 28.7128 31.8208 1.2
    endloop
  endfacet
  facet normal 0.0664602 0.997789 -0
    outer loop
      vertex 28.7128 31.8208 1.2
      vertex 28.2624 31.8508 2.15
      vertex 28.7128 31.8208 2.15
    endloop
  endfacet
  facet normal 0.0664602 0.997789 0
    outer loop
      vertex 28.2624 31.8508 2.15
      vertex 28.7128 31.8208 1.2
      vertex 28.2624 31.8508 1.2
    endloop
  endfacet
  facet normal -0.0497952 0.998759 0
    outer loop
      vertex 28.2624 31.8508 1.2
      vertex 27.9475 31.8351 2.15
      vertex 28.2624 31.8508 2.15
    endloop
  endfacet
  facet normal -0.0497952 0.998759 0
    outer loop
      vertex 27.9475 31.8351 2.15
      vertex 28.2624 31.8508 1.2
      vertex 27.9475 31.8351 1.2
    endloop
  endfacet
  facet normal -0.162065 0.98678 0
    outer loop
      vertex 27.9475 31.8351 1.2
      vertex 27.6595 31.7878 2.15
      vertex 27.9475 31.8351 2.15
    endloop
  endfacet
  facet normal -0.162065 0.98678 0
    outer loop
      vertex 27.6595 31.7878 2.15
      vertex 27.9475 31.8351 1.2
      vertex 27.6595 31.7878 1.2
    endloop
  endfacet
  facet normal -0.289062 0.95731 0
    outer loop
      vertex 27.6595 31.7878 1.2
      vertex 27.3982 31.7089 2.15
      vertex 27.6595 31.7878 2.15
    endloop
  endfacet
  facet normal -0.289062 0.95731 0
    outer loop
      vertex 27.3982 31.7089 2.15
      vertex 27.6595 31.7878 1.2
      vertex 27.3982 31.7089 1.2
    endloop
  endfacet
  facet normal -0.42563 0.904897 0
    outer loop
      vertex 27.3982 31.7089 1.2
      vertex 27.1637 31.5986 2.15
      vertex 27.3982 31.7089 2.15
    endloop
  endfacet
  facet normal -0.42563 0.904897 0
    outer loop
      vertex 27.1637 31.5986 2.15
      vertex 27.3982 31.7089 1.2
      vertex 27.1637 31.5986 1.2
    endloop
  endfacet
  facet normal -0.56913 0.822247 0
    outer loop
      vertex 27.1637 31.5986 1.2
      vertex 26.9493 31.4502 2.15
      vertex 27.1637 31.5986 2.15
    endloop
  endfacet
  facet normal -0.56913 0.822247 0
    outer loop
      vertex 26.9493 31.4502 2.15
      vertex 27.1637 31.5986 1.2
      vertex 26.9493 31.4502 1.2
    endloop
  endfacet
  facet normal -0.691687 0.722197 0
    outer loop
      vertex 26.9493 31.4502 1.2
      vertex 26.7481 31.2575 2.15
      vertex 26.9493 31.4502 2.15
    endloop
  endfacet
  facet normal -0.691687 0.722197 0
    outer loop
      vertex 26.7481 31.2575 2.15
      vertex 26.9493 31.4502 1.2
      vertex 26.7481 31.2575 1.2
    endloop
  endfacet
  facet normal -0.783697 0.621143 0
    outer loop
      vertex 26.5601 31.0203 1.2
      vertex 26.7481 31.2575 2.15
      vertex 26.7481 31.2575 1.2
    endloop
  endfacet
  facet normal -0.783697 0.621143 0
    outer loop
      vertex 26.7481 31.2575 2.15
      vertex 26.5601 31.0203 1.2
      vertex 26.5601 31.0203 2.15
    endloop
  endfacet
  facet normal -0.849622 0.527393 0
    outer loop
      vertex 26.3853 30.7387 1.2
      vertex 26.5601 31.0203 2.15
      vertex 26.5601 31.0203 1.2
    endloop
  endfacet
  facet normal -0.849622 0.527393 0
    outer loop
      vertex 26.5601 31.0203 2.15
      vertex 26.3853 30.7387 1.2
      vertex 26.3853 30.7387 2.15
    endloop
  endfacet
  facet normal 0 1 -0
    outer loop
      vertex 26.3853 30.7387 1.2
      vertex 26.369 30.7387 2.15
      vertex 26.3853 30.7387 2.15
    endloop
  endfacet
  facet normal 0 1 0
    outer loop
      vertex 26.369 30.7387 2.15
      vertex 26.3853 30.7387 1.2
      vertex 26.369 30.7387 1.2
    endloop
  endfacet
  facet normal 0.999653 0.02636 0
    outer loop
      vertex 26.369 30.7387 2.15
      vertex 26.3638 30.9359 1.2
      vertex 26.3638 30.9359 2.15
    endloop
  endfacet
  facet normal 0.999653 0.02636 0
    outer loop
      vertex 26.3638 30.9359 1.2
      vertex 26.369 30.7387 2.15
      vertex 26.369 30.7387 1.2
    endloop
  endfacet
  facet normal 0.999548 0.0300662 0
    outer loop
      vertex 26.3638 30.9359 2.15
      vertex 26.3589 31.0988 1.2
      vertex 26.3589 31.0988 2.15
    endloop
  endfacet
  facet normal 0.999548 0.0300662 0
    outer loop
      vertex 26.3589 31.0988 1.2
      vertex 26.3638 30.9359 2.15
      vertex 26.3638 30.9359 1.2
    endloop
  endfacet
  facet normal 0.999361 0.035747 0
    outer loop
      vertex 26.3589 31.0988 2.15
      vertex 26.3543 31.2274 1.2
      vertex 26.3543 31.2274 2.15
    endloop
  endfacet
  facet normal 0.999361 0.035747 0
    outer loop
      vertex 26.3543 31.2274 1.2
      vertex 26.3589 31.0988 2.15
      vertex 26.3589 31.0988 1.2
    endloop
  endfacet
  facet normal 0.998966 0.0454556 0
    outer loop
      vertex 26.3543 31.2274 2.15
      vertex 26.35 31.3219 1.2
      vertex 26.35 31.3219 2.15
    endloop
  endfacet
  facet normal 0.998966 0.0454556 0
    outer loop
      vertex 26.35 31.3219 1.2
      vertex 26.3543 31.2274 2.15
      vertex 26.3543 31.2274 1.2
    endloop
  endfacet
  facet normal 0.998654 0.0518609 0
    outer loop
      vertex 26.35 31.3219 2.15
      vertex 26.3461 31.397 1.2
      vertex 26.3461 31.397 2.15
    endloop
  endfacet
  facet normal 0.998654 0.0518609 0
    outer loop
      vertex 26.3461 31.397 1.2
      vertex 26.35 31.3219 2.15
      vertex 26.35 31.3219 1.2
    endloop
  endfacet
  facet normal 0.998777 0.0494444 0
    outer loop
      vertex 26.3461 31.397 2.15
      vertex 26.3426 31.4677 1.2
      vertex 26.3426 31.4677 2.15
    endloop
  endfacet
  facet normal 0.998777 0.0494444 0
    outer loop
      vertex 26.3426 31.4677 1.2
      vertex 26.3461 31.397 2.15
      vertex 26.3461 31.397 1.2
    endloop
  endfacet
  facet normal 0.998764 0.0497122 0
    outer loop
      vertex 26.3426 31.4677 2.15
      vertex 26.3393 31.534 1.2
      vertex 26.3393 31.534 2.15
    endloop
  endfacet
  facet normal 0.998764 0.0497122 0
    outer loop
      vertex 26.3393 31.534 1.2
      vertex 26.3426 31.4677 2.15
      vertex 26.3426 31.4677 1.2
    endloop
  endfacet
  facet normal 0.998904 0.0467984 0
    outer loop
      vertex 26.3393 31.534 2.15
      vertex 26.3364 31.5959 1.2
      vertex 26.3364 31.5959 2.15
    endloop
  endfacet
  facet normal 0.998904 0.0467984 0
    outer loop
      vertex 26.3364 31.5959 1.2
      vertex 26.3393 31.534 2.15
      vertex 26.3393 31.534 1.2
    endloop
  endfacet
  facet normal 0.998748 0.05003 0
    outer loop
      vertex 26.3364 31.5959 2.15
      vertex 26.3337 31.6498 1.2
      vertex 26.3337 31.6498 2.15
    endloop
  endfacet
  facet normal 0.998748 0.05003 0
    outer loop
      vertex 26.3337 31.6498 1.2
      vertex 26.3364 31.5959 2.15
      vertex 26.3364 31.5959 1.2
    endloop
  endfacet
  facet normal 0.997979 0.0635505 0
    outer loop
      vertex 26.3337 31.6498 2.15
      vertex 26.331 31.6922 1.2
      vertex 26.331 31.6922 2.15
    endloop
  endfacet
  facet normal 0.997979 0.0635505 0
    outer loop
      vertex 26.331 31.6922 1.2
      vertex 26.3337 31.6498 2.15
      vertex 26.3337 31.6498 1.2
    endloop
  endfacet
  facet normal 0.99618 0.0873274 0
    outer loop
      vertex 26.331 31.6922 2.15
      vertex 26.3283 31.723 1.2
      vertex 26.3283 31.723 2.15
    endloop
  endfacet
  facet normal 0.99618 0.0873274 0
    outer loop
      vertex 26.3283 31.723 1.2
      vertex 26.331 31.6922 2.15
      vertex 26.331 31.6922 1.2
    endloop
  endfacet
  facet normal 0.990356 0.138547 0
    outer loop
      vertex 26.3283 31.723 2.15
      vertex 26.3256 31.7423 1.2
      vertex 26.3256 31.7423 2.15
    endloop
  endfacet
  facet normal 0.990356 0.138547 0
    outer loop
      vertex 26.3256 31.7423 1.2
      vertex 26.3283 31.723 2.15
      vertex 26.3283 31.723 1.2
    endloop
  endfacet
  facet normal 0 1 -0
    outer loop
      vertex 26.3256 31.7423 1.2
      vertex 25.4034 31.7423 2.15
      vertex 26.3256 31.7423 2.15
    endloop
  endfacet
  facet normal 0 1 0
    outer loop
      vertex 25.4034 31.7423 2.15
      vertex 26.3256 31.7423 1.2
      vertex 25.4034 31.7423 1.2
    endloop
  endfacet
  facet normal -0.996259 -0.0864195 0
    outer loop
      vertex 25.4176 31.5786 1.2
      vertex 25.4034 31.7423 2.15
      vertex 25.4034 31.7423 1.2
    endloop
  endfacet
  facet normal -0.996259 -0.0864195 0
    outer loop
      vertex 25.4034 31.7423 2.15
      vertex 25.4176 31.5786 1.2
      vertex 25.4176 31.5786 2.15
    endloop
  endfacet
  facet normal -0.999266 -0.038302 0
    outer loop
      vertex 25.4277 31.3151 1.2
      vertex 25.4176 31.5786 2.15
      vertex 25.4176 31.5786 1.2
    endloop
  endfacet
  facet normal -0.999266 -0.038302 0
    outer loop
      vertex 25.4176 31.5786 2.15
      vertex 25.4277 31.3151 1.2
      vertex 25.4277 31.3151 2.15
    endloop
  endfacet
  facet normal -0.999859 -0.0167974 0
    outer loop
      vertex 25.4338 30.952 1.2
      vertex 25.4277 31.3151 2.15
      vertex 25.4277 31.3151 1.2
    endloop
  endfacet
  facet normal -0.999859 -0.0167974 0
    outer loop
      vertex 25.4277 31.3151 2.15
      vertex 25.4338 30.952 1.2
      vertex 25.4338 30.952 2.15
    endloop
  endfacet
  facet normal -0.99999 -0.00453657 0
    outer loop
      vertex 25.4359 30.4891 1.2
      vertex 25.4338 30.952 2.15
      vertex 25.4338 30.952 1.2
    endloop
  endfacet
  facet normal -0.99999 -0.00453657 0
    outer loop
      vertex 25.4338 30.952 2.15
      vertex 25.4359 30.4891 1.2
      vertex 25.4359 30.4891 2.15
    endloop
  endfacet
  facet normal -1 0 0
    outer loop
      vertex 25.4359 25.8725 1.2
      vertex 25.4359 30.4891 2.15
      vertex 25.4359 30.4891 1.2
    endloop
  endfacet
  facet normal -1 -0 0
    outer loop
      vertex 25.4359 30.4891 2.15
      vertex 25.4359 25.8725 1.2
      vertex 25.4359 25.8725 2.15
    endloop
  endfacet
  facet normal 0 -1 0
    outer loop
      vertex 25.4359 25.8725 1.2
      vertex 26.4124 25.8725 2.15
      vertex 25.4359 25.8725 2.15
    endloop
  endfacet
  facet normal 0 -1 -0
    outer loop
      vertex 26.4124 25.8725 2.15
      vertex 25.4359 25.8725 1.2
      vertex 26.4124 25.8725 1.2
    endloop
  endfacet
  facet normal 1 -0 0
    outer loop
      vertex 26.4124 25.8725 2.15
      vertex 26.4124 29.2739 1.2
      vertex 26.4124 29.2739 2.15
    endloop
  endfacet
  facet normal 1 0 0
    outer loop
      vertex 26.4124 29.2739 1.2
      vertex 26.4124 25.8725 2.15
      vertex 26.4124 25.8725 1.2
    endloop
  endfacet
  facet normal 0.356793 -0.934184 0
    outer loop
      vertex 37.6999 25.8508 1.2
      vertex 38.3817 26.1112 2.15
      vertex 37.6999 25.8508 2.15
    endloop
  endfacet
  facet normal 0.356793 -0.934184 0
    outer loop
      vertex 38.3817 26.1112 2.15
      vertex 37.6999 25.8508 1.2
      vertex 38.3817 26.1112 1.2
    endloop
  endfacet
  facet normal 0.644849 -0.76431 0
    outer loop
      vertex 38.3817 26.1112 1.2
      vertex 38.8961 26.5452 2.15
      vertex 38.3817 26.1112 2.15
    endloop
  endfacet
  facet normal 0.644849 -0.76431 0
    outer loop
      vertex 38.8961 26.5452 2.15
      vertex 38.3817 26.1112 1.2
      vertex 38.8961 26.5452 1.2
    endloop
  endfacet
  facet normal 0.868489 -0.495708 0
    outer loop
      vertex 38.8961 26.5452 2.15
      vertex 39.2429 27.1528 1.2
      vertex 39.2429 27.1528 2.15
    endloop
  endfacet
  facet normal 0.868489 -0.495708 0
    outer loop
      vertex 39.2429 27.1528 1.2
      vertex 38.8961 26.5452 2.15
      vertex 38.8961 26.5452 1.2
    endloop
  endfacet
  facet normal 0.273906 0.961756 -0
    outer loop
      vertex 39.2429 27.1528 1.2
      vertex 38.3858 27.3969 2.15
      vertex 39.2429 27.1528 2.15
    endloop
  endfacet
  facet normal 0.273906 0.961756 0
    outer loop
      vertex 38.3858 27.3969 2.15
      vertex 39.2429 27.1528 1.2
      vertex 38.3858 27.3969 1.2
    endloop
  endfacet
  facet normal -0.913489 0.406864 0
    outer loop
      vertex 38.3026 27.2101 1.2
      vertex 38.3858 27.3969 2.15
      vertex 38.3858 27.3969 1.2
    endloop
  endfacet
  facet normal -0.913489 0.406864 0
    outer loop
      vertex 38.3858 27.3969 2.15
      vertex 38.3026 27.2101 1.2
      vertex 38.3026 27.2101 2.15
    endloop
  endfacet
  facet normal -0.82994 0.557853 0
    outer loop
      vertex 38.1884 27.0402 1.2
      vertex 38.3026 27.2101 2.15
      vertex 38.3026 27.2101 1.2
    endloop
  endfacet
  facet normal -0.82994 0.557853 0
    outer loop
      vertex 38.3026 27.2101 2.15
      vertex 38.1884 27.0402 1.2
      vertex 38.1884 27.0402 2.15
    endloop
  endfacet
  facet normal -0.72584 0.687863 0
    outer loop
      vertex 38.0435 26.8873 1.2
      vertex 38.1884 27.0402 2.15
      vertex 38.1884 27.0402 1.2
    endloop
  endfacet
  facet normal -0.72584 0.687863 0
    outer loop
      vertex 38.1884 27.0402 2.15
      vertex 38.0435 26.8873 1.2
      vertex 38.0435 26.8873 2.15
    endloop
  endfacet
  facet normal -0.611665 0.791117 0
    outer loop
      vertex 38.0435 26.8873 1.2
      vertex 37.8676 26.7513 2.15
      vertex 38.0435 26.8873 2.15
    endloop
  endfacet
  facet normal -0.611665 0.791117 0
    outer loop
      vertex 37.8676 26.7513 2.15
      vertex 38.0435 26.8873 1.2
      vertex 37.8676 26.7513 1.2
    endloop
  endfacet
  facet normal -0.474404 0.880307 0
    outer loop
      vertex 37.8676 26.7513 1.2
      vertex 37.6607 26.6398 2.15
      vertex 37.8676 26.7513 2.15
    endloop
  endfacet
  facet normal -0.474404 0.880307 0
    outer loop
      vertex 37.6607 26.6398 2.15
      vertex 37.8676 26.7513 1.2
      vertex 37.6607 26.6398 1.2
    endloop
  endfacet
  facet normal -0.316943 0.948444 0
    outer loop
      vertex 37.6607 26.6398 1.2
      vertex 37.4222 26.5601 2.15
      vertex 37.6607 26.6398 2.15
    endloop
  endfacet
  facet normal -0.316943 0.948444 0
    outer loop
      vertex 37.4222 26.5601 2.15
      vertex 37.6607 26.6398 1.2
      vertex 37.4222 26.5601 1.2
    endloop
  endfacet
  facet normal -0.174264 0.984699 0
    outer loop
      vertex 37.4222 26.5601 1.2
      vertex 37.1521 26.5123 2.15
      vertex 37.4222 26.5601 2.15
    endloop
  endfacet
  facet normal -0.174264 0.984699 0
    outer loop
      vertex 37.1521 26.5123 2.15
      vertex 37.4222 26.5601 1.2
      vertex 37.1521 26.5123 1.2
    endloop
  endfacet
  facet normal -0.0526457 0.998613 0
    outer loop
      vertex 37.1521 26.5123 1.2
      vertex 36.8505 26.4964 2.15
      vertex 37.1521 26.5123 2.15
    endloop
  endfacet
  facet normal -0.0526457 0.998613 0
    outer loop
      vertex 36.8505 26.4964 2.15
      vertex 37.1521 26.5123 1.2
      vertex 36.8505 26.4964 1.2
    endloop
  endfacet
  facet normal 0.0902502 0.995919 -0
    outer loop
      vertex 36.8505 26.4964 1.2
      vertex 36.4731 26.5306 2.15
      vertex 36.8505 26.4964 2.15
    endloop
  endfacet
  facet normal 0.0902502 0.995919 0
    outer loop
      vertex 36.4731 26.5306 2.15
      vertex 36.8505 26.4964 1.2
      vertex 36.4731 26.5306 1.2
    endloop
  endfacet
  facet normal 0.297813 0.954624 -0
    outer loop
      vertex 36.4731 26.5306 1.2
      vertex 36.1439 26.6333 2.15
      vertex 36.4731 26.5306 2.15
    endloop
  endfacet
  facet normal 0.297813 0.954624 0
    outer loop
      vertex 36.1439 26.6333 2.15
      vertex 36.4731 26.5306 1.2
      vertex 36.1439 26.6333 1.2
    endloop
  endfacet
  facet normal 0.520381 0.853934 -0
    outer loop
      vertex 36.1439 26.6333 1.2
      vertex 35.8628 26.8046 2.15
      vertex 36.1439 26.6333 2.15
    endloop
  endfacet
  facet normal 0.520381 0.853934 0
    outer loop
      vertex 35.8628 26.8046 2.15
      vertex 36.1439 26.6333 1.2
      vertex 35.8628 26.8046 1.2
    endloop
  endfacet
  facet normal 0.717057 0.697014 0
    outer loop
      vertex 35.8628 26.8046 2.15
      vertex 35.6298 27.0443 1.2
      vertex 35.6298 27.0443 2.15
    endloop
  endfacet
  facet normal 0.717057 0.697014 0
    outer loop
      vertex 35.6298 27.0443 1.2
      vertex 35.8628 26.8046 2.15
      vertex 35.8628 26.8046 1.2
    endloop
  endfacet
  facet normal 0.856218 0.516615 0
    outer loop
      vertex 35.6298 27.0443 2.15
      vertex 35.4471 27.3471 1.2
      vertex 35.4471 27.3471 2.15
    endloop
  endfacet
  facet normal 0.856218 0.516615 0
    outer loop
      vertex 35.4471 27.3471 1.2
      vertex 35.6298 27.0443 2.15
      vertex 35.6298 27.0443 1.2
    endloop
  endfacet
  facet normal 0.940257 0.340465 0
    outer loop
      vertex 35.4471 27.3471 2.15
      vertex 35.3166 27.7075 1.2
      vertex 35.3166 27.7075 2.15
    endloop
  endfacet
  facet normal 0.940257 0.340465 0
    outer loop
      vertex 35.3166 27.7075 1.2
      vertex 35.4471 27.3471 2.15
      vertex 35.4471 27.3471 1.2
    endloop
  endfacet
  facet normal 0.98287 0.184303 0
    outer loop
      vertex 35.3166 27.7075 2.15
      vertex 35.2382 28.1256 1.2
      vertex 35.2382 28.1256 2.15
    endloop
  endfacet
  facet normal 0.98287 0.184303 0
    outer loop
      vertex 35.2382 28.1256 1.2
      vertex 35.3166 27.7075 2.15
      vertex 35.3166 27.7075 1.2
    endloop
  endfacet
  facet normal 0.998498 0.0547841 0
    outer loop
      vertex 35.2382 28.1256 2.15
      vertex 35.2121 28.6013 1.2
      vertex 35.2121 28.6013 2.15
    endloop
  endfacet
  facet normal 0.998498 0.0547841 0
    outer loop
      vertex 35.2121 28.6013 1.2
      vertex 35.2382 28.1256 2.15
      vertex 35.2382 28.1256 1.2
    endloop
  endfacet
  facet normal 0 -1 0
    outer loop
      vertex 35.2121 28.6013 1.2
      vertex 39.4003 28.6013 2.15
      vertex 35.2121 28.6013 2.15
    endloop
  endfacet
  facet normal 0 -1 -0
    outer loop
      vertex 39.4003 28.6013 2.15
      vertex 35.2121 28.6013 1.2
      vertex 39.4003 28.6013 1.2
    endloop
  endfacet
  facet normal 1 -0 0
    outer loop
      vertex 39.4003 28.6013 2.15
      vertex 39.4003 28.7315 1.2
      vertex 39.4003 28.7315 2.15
    endloop
  endfacet
  facet normal 1 0 0
    outer loop
      vertex 39.4003 28.7315 1.2
      vertex 39.4003 28.6013 2.15
      vertex 39.4003 28.6013 1.2
    endloop
  endfacet
  facet normal 0.993053 0.117664 0
    outer loop
      vertex 39.4003 28.7315 2.15
      vertex 39.2386 30.0962 1.2
      vertex 39.2386 30.0962 2.15
    endloop
  endfacet
  facet normal 0.993053 0.117664 0
    outer loop
      vertex 39.2386 30.0962 1.2
      vertex 39.4003 28.7315 2.15
      vertex 39.4003 28.7315 1.2
    endloop
  endfacet
  facet normal 0.895234 0.445597 0
    outer loop
      vertex 39.2386 30.0962 2.15
      vertex 38.7534 31.071 1.2
      vertex 38.7534 31.071 2.15
    endloop
  endfacet
  facet normal 0.895234 0.445597 0
    outer loop
      vertex 38.7534 31.071 1.2
      vertex 39.2386 30.0962 2.15
      vertex 39.2386 30.0962 1.2
    endloop
  endfacet
  facet normal 0.586043 0.81028 -0
    outer loop
      vertex 38.7534 31.071 1.2
      vertex 37.9447 31.6559 2.15
      vertex 38.7534 31.071 2.15
    endloop
  endfacet
  facet normal 0.586043 0.81028 0
    outer loop
      vertex 37.9447 31.6559 2.15
      vertex 38.7534 31.071 1.2
      vertex 37.9447 31.6559 1.2
    endloop
  endfacet
  facet normal 0.169647 0.985505 -0
    outer loop
      vertex 37.9447 31.6559 1.2
      vertex 36.8125 31.8508 2.15
      vertex 37.9447 31.6559 2.15
    endloop
  endfacet
  facet normal 0.169647 0.985505 0
    outer loop
      vertex 36.8125 31.8508 2.15
      vertex 37.9447 31.6559 1.2
      vertex 36.8125 31.8508 1.2
    endloop
  endfacet
  facet normal -0.0811754 0.9967 0
    outer loop
      vertex 36.8125 31.8508 1.2
      vertex 36.217 31.8023 2.15
      vertex 36.8125 31.8508 2.15
    endloop
  endfacet
  facet normal -0.0811754 0.9967 0
    outer loop
      vertex 36.217 31.8023 2.15
      vertex 36.8125 31.8508 1.2
      vertex 36.217 31.8023 1.2
    endloop
  endfacet
  facet normal -0.267996 0.96342 0
    outer loop
      vertex 36.217 31.8023 1.2
      vertex 35.6943 31.6569 2.15
      vertex 36.217 31.8023 2.15
    endloop
  endfacet
  facet normal -0.267996 0.96342 0
    outer loop
      vertex 35.6943 31.6569 2.15
      vertex 36.217 31.8023 1.2
      vertex 35.6943 31.6569 1.2
    endloop
  endfacet
  facet normal -0.474555 0.880226 0
    outer loop
      vertex 35.6943 31.6569 1.2
      vertex 35.2445 31.4144 2.15
      vertex 35.6943 31.6569 2.15
    endloop
  endfacet
  facet normal -0.474555 0.880226 0
    outer loop
      vertex 35.2445 31.4144 2.15
      vertex 35.6943 31.6569 1.2
      vertex 35.2445 31.4144 1.2
    endloop
  endfacet
  facet normal -0.669063 0.743206 0
    outer loop
      vertex 35.2445 31.4144 1.2
      vertex 34.8676 31.0751 2.15
      vertex 35.2445 31.4144 2.15
    endloop
  endfacet
  facet normal -0.669063 0.743206 0
    outer loop
      vertex 34.8676 31.0751 2.15
      vertex 35.2445 31.4144 1.2
      vertex 34.8676 31.0751 1.2
    endloop
  endfacet
  facet normal -0.822282 0.569081 0
    outer loop
      vertex 34.5698 30.6448 1.2
      vertex 34.8676 31.0751 2.15
      vertex 34.8676 31.0751 1.2
    endloop
  endfacet
  facet normal -0.822282 0.569081 0
    outer loop
      vertex 34.8676 31.0751 2.15
      vertex 34.5698 30.6448 1.2
      vertex 34.5698 30.6448 2.15
    endloop
  endfacet
  facet normal -0.924299 0.38167 0
    outer loop
      vertex 34.3571 30.1297 1.2
      vertex 34.5698 30.6448 2.15
      vertex 34.5698 30.6448 1.2
    endloop
  endfacet
  facet normal -0.924299 0.38167 0
    outer loop
      vertex 34.5698 30.6448 2.15
      vertex 34.3571 30.1297 1.2
      vertex 34.3571 30.1297 2.15
    endloop
  endfacet
  facet normal -0.978071 0.20827 0
    outer loop
      vertex 34.2294 29.53 1.2
      vertex 34.3571 30.1297 2.15
      vertex 34.3571 30.1297 1.2
    endloop
  endfacet
  facet normal -0.978071 0.20827 0
    outer loop
      vertex 34.3571 30.1297 2.15
      vertex 34.2294 29.53 1.2
      vertex 34.2294 29.53 2.15
    endloop
  endfacet
  facet normal -0.99807 0.062106 0
    outer loop
      vertex 34.1868 28.8454 1.2
      vertex 34.2294 29.53 2.15
      vertex 34.2294 29.53 1.2
    endloop
  endfacet
  facet normal -0.99807 0.062106 0
    outer loop
      vertex 34.2294 29.53 2.15
      vertex 34.1868 28.8454 1.2
      vertex 34.1868 28.8454 2.15
    endloop
  endfacet
  facet normal -0.998244 -0.0592438 0
    outer loop
      vertex 34.2294 28.1276 1.2
      vertex 34.1868 28.8454 2.15
      vertex 34.1868 28.8454 1.2
    endloop
  endfacet
  facet normal -0.998244 -0.0592438 0
    outer loop
      vertex 34.1868 28.8454 2.15
      vertex 34.2294 28.1276 1.2
      vertex 34.2294 28.1276 2.15
    endloop
  endfacet
  facet normal -0.979664 -0.200646 0
    outer loop
      vertex 34.3571 27.5041 1.2
      vertex 34.2294 28.1276 2.15
      vertex 34.2294 28.1276 1.2
    endloop
  endfacet
  facet normal -0.979664 -0.200646 0
    outer loop
      vertex 34.2294 28.1276 2.15
      vertex 34.3571 27.5041 1.2
      vertex 34.3571 27.5041 2.15
    endloop
  endfacet
  facet normal -0.927883 -0.372871 0
    outer loop
      vertex 34.5698 26.9748 1.2
      vertex 34.3571 27.5041 2.15
      vertex 34.3571 27.5041 1.2
    endloop
  endfacet
  facet normal -0.927883 -0.372871 0
    outer loop
      vertex 34.3571 27.5041 2.15
      vertex 34.5698 26.9748 1.2
      vertex 34.5698 26.9748 2.15
    endloop
  endfacet
  facet normal -0.825158 -0.564902 0
    outer loop
      vertex 34.8676 26.5398 1.2
      vertex 34.5698 26.9748 2.15
      vertex 34.5698 26.9748 1.2
    endloop
  endfacet
  facet normal -0.825158 -0.564902 0
    outer loop
      vertex 34.5698 26.9748 2.15
      vertex 34.8676 26.5398 1.2
      vertex 34.8676 26.5398 2.15
    endloop
  endfacet
  facet normal -0.666824 -0.745216 0
    outer loop
      vertex 34.8676 26.5398 1.2
      vertex 35.2469 26.2004 2.15
      vertex 34.8676 26.5398 2.15
    endloop
  endfacet
  facet normal -0.666824 -0.745216 -0
    outer loop
      vertex 35.2469 26.2004 2.15
      vertex 34.8676 26.5398 1.2
      vertex 35.2469 26.2004 1.2
    endloop
  endfacet
  facet normal -0.46866 -0.883378 0
    outer loop
      vertex 35.2469 26.2004 1.2
      vertex 35.7038 25.958 2.15
      vertex 35.2469 26.2004 2.15
    endloop
  endfacet
  facet normal -0.46866 -0.883378 -0
    outer loop
      vertex 35.7038 25.958 2.15
      vertex 35.2469 26.2004 1.2
      vertex 35.7038 25.958 1.2
    endloop
  endfacet
  facet normal -0.262613 -0.964901 0
    outer loop
      vertex 35.7038 25.958 1.2
      vertex 36.2384 25.8125 2.15
      vertex 35.7038 25.958 2.15
    endloop
  endfacet
  facet normal -0.262613 -0.964901 -0
    outer loop
      vertex 36.2384 25.8125 2.15
      vertex 35.7038 25.958 1.2
      vertex 36.2384 25.8125 1.2
    endloop
  endfacet
  facet normal -0.0789879 -0.996876 0
    outer loop
      vertex 36.2384 25.8125 1.2
      vertex 36.8505 25.764 2.15
      vertex 36.2384 25.8125 2.15
    endloop
  endfacet
  facet normal -0.0789879 -0.996876 -0
    outer loop
      vertex 36.8505 25.764 2.15
      vertex 36.2384 25.8125 1.2
      vertex 36.8505 25.764 1.2
    endloop
  endfacet
  facet normal 0.10166 -0.994819 0
    outer loop
      vertex 36.8505 25.764 1.2
      vertex 37.6999 25.8508 2.15
      vertex 36.8505 25.764 2.15
    endloop
  endfacet
  facet normal 0.10166 -0.994819 0
    outer loop
      vertex 37.6999 25.8508 2.15
      vertex 36.8505 25.764 1.2
      vertex 37.6999 25.8508 1.2
    endloop
  endfacet
  facet normal 0.994804 -0.10181 0
    outer loop
      vertex 35.223 29.3499 2.15
      vertex 35.2632 29.7427 1.2
      vertex 35.2632 29.7427 2.15
    endloop
  endfacet
  facet normal 0.994804 -0.10181 0
    outer loop
      vertex 35.2632 29.7427 1.2
      vertex 35.223 29.3499 2.15
      vertex 35.223 29.3499 1.2
    endloop
  endfacet
  facet normal 0.96955 -0.244892 0
    outer loop
      vertex 35.2632 29.7427 2.15
      vertex 35.3512 30.0911 1.2
      vertex 35.3512 30.0911 2.15
    endloop
  endfacet
  facet normal 0.96955 -0.244892 0
    outer loop
      vertex 35.3512 30.0911 1.2
      vertex 35.2632 29.7427 2.15
      vertex 35.2632 29.7427 1.2
    endloop
  endfacet
  facet normal 0.912992 -0.407977 0
    outer loop
      vertex 35.3512 30.0911 2.15
      vertex 35.487 30.395 1.2
      vertex 35.487 30.395 2.15
    endloop
  endfacet
  facet normal 0.912992 -0.407977 0
    outer loop
      vertex 35.487 30.395 1.2
      vertex 35.3512 30.0911 2.15
      vertex 35.3512 30.0911 1.2
    endloop
  endfacet
  facet normal 0.816593 -0.577214 0
    outer loop
      vertex 35.487 30.395 2.15
      vertex 35.6705 30.6546 1.2
      vertex 35.6705 30.6546 2.15
    endloop
  endfacet
  facet normal 0.816593 -0.577214 0
    outer loop
      vertex 35.6705 30.6546 1.2
      vertex 35.487 30.395 2.15
      vertex 35.487 30.395 1.2
    endloop
  endfacet
  facet normal 0.676668 -0.736288 0
    outer loop
      vertex 35.6705 30.6546 1.2
      vertex 35.8965 30.8623 2.15
      vertex 35.6705 30.6546 2.15
    endloop
  endfacet
  facet normal 0.676668 -0.736288 0
    outer loop
      vertex 35.8965 30.8623 2.15
      vertex 35.6705 30.6546 1.2
      vertex 35.8965 30.8623 1.2
    endloop
  endfacet
  facet normal 0.491173 -0.871062 0
    outer loop
      vertex 35.8965 30.8623 1.2
      vertex 36.1595 31.0106 2.15
      vertex 35.8965 30.8623 2.15
    endloop
  endfacet
  facet normal 0.491173 -0.871062 0
    outer loop
      vertex 36.1595 31.0106 2.15
      vertex 35.8965 30.8623 1.2
      vertex 36.1595 31.0106 1.2
    endloop
  endfacet
  facet normal 0.284502 -0.958675 0
    outer loop
      vertex 36.1595 31.0106 1.2
      vertex 36.4594 31.0996 2.15
      vertex 36.1595 31.0106 2.15
    endloop
  endfacet
  facet normal 0.284502 -0.958675 0
    outer loop
      vertex 36.4594 31.0996 2.15
      vertex 36.1595 31.0106 1.2
      vertex 36.4594 31.0996 1.2
    endloop
  endfacet
  facet normal 0.0878161 -0.996137 0
    outer loop
      vertex 36.4594 31.0996 1.2
      vertex 36.7963 31.1293 2.15
      vertex 36.4594 31.0996 2.15
    endloop
  endfacet
  facet normal 0.0878161 -0.996137 0
    outer loop
      vertex 36.7963 31.1293 2.15
      vertex 36.4594 31.0996 1.2
      vertex 36.7963 31.1293 1.2
    endloop
  endfacet
  facet normal -0.0769176 -0.997037 0
    outer loop
      vertex 36.7963 31.1293 1.2
      vertex 37.1411 31.1027 2.15
      vertex 36.7963 31.1293 2.15
    endloop
  endfacet
  facet normal -0.0769176 -0.997037 -0
    outer loop
      vertex 37.1411 31.1027 2.15
      vertex 36.7963 31.1293 1.2
      vertex 37.1411 31.1027 1.2
    endloop
  endfacet
  facet normal -0.25569 -0.966759 0
    outer loop
      vertex 37.1411 31.1027 1.2
      vertex 37.4432 31.0228 2.15
      vertex 37.1411 31.1027 2.15
    endloop
  endfacet
  facet normal -0.25569 -0.966759 -0
    outer loop
      vertex 37.4432 31.0228 2.15
      vertex 37.1411 31.1027 1.2
      vertex 37.4432 31.0228 1.2
    endloop
  endfacet
  facet normal -0.456386 -0.889782 0
    outer loop
      vertex 37.4432 31.0228 1.2
      vertex 37.7025 30.8898 2.15
      vertex 37.4432 31.0228 2.15
    endloop
  endfacet
  facet normal -0.456386 -0.889782 -0
    outer loop
      vertex 37.7025 30.8898 2.15
      vertex 37.4432 31.0228 1.2
      vertex 37.7025 30.8898 1.2
    endloop
  endfacet
  facet normal -0.652116 -0.758119 0
    outer loop
      vertex 37.7025 30.8898 1.2
      vertex 37.9192 30.7034 2.15
      vertex 37.7025 30.8898 2.15
    endloop
  endfacet
  facet normal -0.652116 -0.758119 -0
    outer loop
      vertex 37.9192 30.7034 2.15
      vertex 37.7025 30.8898 1.2
      vertex 37.9192 30.7034 1.2
    endloop
  endfacet
  facet normal -0.811257 -0.58469 0
    outer loop
      vertex 38.0952 30.4592 1.2
      vertex 37.9192 30.7034 2.15
      vertex 37.9192 30.7034 1.2
    endloop
  endfacet
  facet normal -0.811257 -0.58469 0
    outer loop
      vertex 37.9192 30.7034 2.15
      vertex 38.0952 30.4592 1.2
      vertex 38.0952 30.4592 2.15
    endloop
  endfacet
  facet normal -0.912914 -0.408151 0
    outer loop
      vertex 38.2325 30.1521 1.2
      vertex 38.0952 30.4592 2.15
      vertex 38.0952 30.4592 1.2
    endloop
  endfacet
  facet normal -0.912914 -0.408151 0
    outer loop
      vertex 38.0952 30.4592 2.15
      vertex 38.2325 30.1521 1.2
      vertex 38.2325 30.1521 2.15
    endloop
  endfacet
  facet normal -0.966161 -0.257939 0
    outer loop
      vertex 38.3312 29.7824 1.2
      vertex 38.2325 30.1521 2.15
      vertex 38.2325 30.1521 1.2
    endloop
  endfacet
  facet normal -0.966161 -0.257939 0
    outer loop
      vertex 38.2325 30.1521 2.15
      vertex 38.3312 29.7824 1.2
      vertex 38.3312 29.7824 2.15
    endloop
  endfacet
  facet normal -0.990514 -0.137412 0
    outer loop
      vertex 38.3912 29.3499 1.2
      vertex 38.3312 29.7824 2.15
      vertex 38.3312 29.7824 1.2
    endloop
  endfacet
  facet normal -0.990514 -0.137412 0
    outer loop
      vertex 38.3312 29.7824 2.15
      vertex 38.3912 29.3499 1.2
      vertex 38.3912 29.3499 2.15
    endloop
  endfacet
  facet normal 0 1 -0
    outer loop
      vertex 38.3912 29.3499 1.2
      vertex 35.223 29.3499 2.15
      vertex 38.3912 29.3499 2.15
    endloop
  endfacet
  facet normal 0 1 0
    outer loop
      vertex 35.223 29.3499 2.15
      vertex 38.3912 29.3499 1.2
      vertex 35.223 29.3499 1.2
    endloop
  endfacet
  facet normal 0.999056 -0.0434372 0
    outer loop
      vertex 41.4963 28.9322 2.15
      vertex 41.5163 29.3922 1.2
      vertex 41.5163 29.3922 2.15
    endloop
  endfacet
  facet normal 0.999056 -0.0434372 0
    outer loop
      vertex 41.5163 29.3922 1.2
      vertex 41.4963 28.9322 2.15
      vertex 41.4963 28.9322 1.2
    endloop
  endfacet
  facet normal 0.989078 -0.147393 0
    outer loop
      vertex 41.5163 29.3922 2.15
      vertex 41.5764 29.7955 1.2
      vertex 41.5764 29.7955 2.15
    endloop
  endfacet
  facet normal 0.989078 -0.147393 0
    outer loop
      vertex 41.5764 29.7955 1.2
      vertex 41.5163 29.3922 2.15
      vertex 41.5163 29.3922 1.2
    endloop
  endfacet
  facet normal 0.960809 -0.27721 0
    outer loop
      vertex 41.5764 29.7955 2.15
      vertex 41.6764 30.1421 1.2
      vertex 41.6764 30.1421 2.15
    endloop
  endfacet
  facet normal 0.960809 -0.27721 0
    outer loop
      vertex 41.6764 30.1421 1.2
      vertex 41.5764 29.7955 2.15
      vertex 41.5764 29.7955 1.2
    endloop
  endfacet
  facet normal 0.90061 -0.434628 0
    outer loop
      vertex 41.6764 30.1421 2.15
      vertex 41.8164 30.4322 1.2
      vertex 41.8164 30.4322 2.15
    endloop
  endfacet
  facet normal 0.90061 -0.434628 0
    outer loop
      vertex 41.8164 30.4322 1.2
      vertex 41.6764 30.1421 2.15
      vertex 41.6764 30.1421 1.2
    endloop
  endfacet
  facet normal 0.789538 -0.613702 0
    outer loop
      vertex 41.8164 30.4322 2.15
      vertex 41.9944 30.6612 1.2
      vertex 41.9944 30.6612 2.15
    endloop
  endfacet
  facet normal 0.789538 -0.613702 0
    outer loop
      vertex 41.9944 30.6612 1.2
      vertex 41.8164 30.4322 2.15
      vertex 41.8164 30.4322 1.2
    endloop
  endfacet
  facet normal 0.60734 -0.794442 0
    outer loop
      vertex 41.9944 30.6612 1.2
      vertex 42.2084 30.8248 2.15
      vertex 41.9944 30.6612 2.15
    endloop
  endfacet
  facet normal 0.60734 -0.794442 0
    outer loop
      vertex 42.2084 30.8248 2.15
      vertex 41.9944 30.6612 1.2
      vertex 42.2084 30.8248 1.2
    endloop
  endfacet
  facet normal 0.365733 -0.93072 0
    outer loop
      vertex 42.2084 30.8248 1.2
      vertex 42.4583 30.923 2.15
      vertex 42.2084 30.8248 2.15
    endloop
  endfacet
  facet normal 0.365733 -0.93072 0
    outer loop
      vertex 42.4583 30.923 2.15
      vertex 42.2084 30.8248 1.2
      vertex 42.4583 30.923 1.2
    endloop
  endfacet
  facet normal 0.113674 -0.993518 0
    outer loop
      vertex 42.4583 30.923 1.2
      vertex 42.7441 30.9557 2.15
      vertex 42.4583 30.923 2.15
    endloop
  endfacet
  facet normal 0.113674 -0.993518 0
    outer loop
      vertex 42.7441 30.9557 2.15
      vertex 42.4583 30.923 1.2
      vertex 42.7441 30.9557 1.2
    endloop
  endfacet
  facet normal -0.0219869 -0.999758 0
    outer loop
      vertex 42.7441 30.9557 1.2
      vertex 42.8987 30.9523 2.15
      vertex 42.7441 30.9557 2.15
    endloop
  endfacet
  facet normal -0.0219869 -0.999758 -0
    outer loop
      vertex 42.8987 30.9523 2.15
      vertex 42.7441 30.9557 1.2
      vertex 42.8987 30.9523 1.2
    endloop
  endfacet
  facet normal -0.0735529 -0.997291 0
    outer loop
      vertex 42.8987 30.9523 1.2
      vertex 43.037 30.9421 2.15
      vertex 42.8987 30.9523 2.15
    endloop
  endfacet
  facet normal -0.0735529 -0.997291 -0
    outer loop
      vertex 43.037 30.9421 2.15
      vertex 42.8987 30.9523 1.2
      vertex 43.037 30.9421 1.2
    endloop
  endfacet
  facet normal -0.137104 -0.990557 0
    outer loop
      vertex 43.037 30.9421 1.2
      vertex 43.1591 30.9252 2.15
      vertex 43.037 30.9421 2.15
    endloop
  endfacet
  facet normal -0.137104 -0.990557 -0
    outer loop
      vertex 43.1591 30.9252 2.15
      vertex 43.037 30.9421 1.2
      vertex 43.1591 30.9252 1.2
    endloop
  endfacet
  facet normal -0.21859 -0.975817 0
    outer loop
      vertex 43.1591 30.9252 1.2
      vertex 43.2649 30.9015 2.15
      vertex 43.1591 30.9252 2.15
    endloop
  endfacet
  facet normal -0.21859 -0.975817 -0
    outer loop
      vertex 43.2649 30.9015 2.15
      vertex 43.1591 30.9252 1.2
      vertex 43.2649 30.9015 1.2
    endloop
  endfacet
  facet normal 1 -0 0
    outer loop
      vertex 43.2649 30.9015 2.15
      vertex 43.2649 31.7966 1.2
      vertex 43.2649 31.7966 2.15
    endloop
  endfacet
  facet normal 1 0 0
    outer loop
      vertex 43.2649 31.7966 1.2
      vertex 43.2649 30.9015 2.15
      vertex 43.2649 30.9015 1.2
    endloop
  endfacet
  facet normal 0.230394 0.973097 -0
    outer loop
      vertex 43.2649 31.7966 1.2
      vertex 43.1648 31.8203 2.15
      vertex 43.2649 31.7966 2.15
    endloop
  endfacet
  facet normal 0.230394 0.973097 0
    outer loop
      vertex 43.1648 31.8203 2.15
      vertex 43.2649 31.7966 1.2
      vertex 43.1648 31.8203 1.2
    endloop
  endfacet
  facet normal 0.167779 0.985825 -0
    outer loop
      vertex 43.1648 31.8203 1.2
      vertex 43.0655 31.8372 2.15
      vertex 43.1648 31.8203 2.15
    endloop
  endfacet
  facet normal 0.167779 0.985825 0
    outer loop
      vertex 43.0655 31.8372 2.15
      vertex 43.1648 31.8203 1.2
      vertex 43.0655 31.8372 1.2
    endloop
  endfacet
  facet normal 0.102796 0.994702 -0
    outer loop
      vertex 43.0655 31.8372 1.2
      vertex 42.9668 31.8474 2.15
      vertex 43.0655 31.8372 2.15
    endloop
  endfacet
  facet normal 0.102796 0.994702 0
    outer loop
      vertex 42.9668 31.8474 2.15
      vertex 43.0655 31.8372 1.2
      vertex 42.9668 31.8474 1.2
    endloop
  endfacet
  facet normal 0.034673 0.999399 -0
    outer loop
      vertex 42.9668 31.8474 1.2
      vertex 42.8688 31.8508 2.15
      vertex 42.9668 31.8474 2.15
    endloop
  endfacet
  facet normal 0.034673 0.999399 0
    outer loop
      vertex 42.8688 31.8508 2.15
      vertex 42.9668 31.8474 1.2
      vertex 42.8688 31.8508 1.2
    endloop
  endfacet
  facet normal -0.0661132 0.997812 0
    outer loop
      vertex 42.8688 31.8508 1.2
      vertex 42.6077 31.8335 2.15
      vertex 42.8688 31.8508 2.15
    endloop
  endfacet
  facet normal -0.0661132 0.997812 0
    outer loop
      vertex 42.6077 31.8335 2.15
      vertex 42.8688 31.8508 1.2
      vertex 42.6077 31.8335 1.2
    endloop
  endfacet
  facet normal -0.220209 0.975453 0
    outer loop
      vertex 42.6077 31.8335 1.2
      vertex 42.3778 31.7816 2.15
      vertex 42.6077 31.8335 2.15
    endloop
  endfacet
  facet normal -0.220209 0.975453 0
    outer loop
      vertex 42.3778 31.7816 2.15
      vertex 42.6077 31.8335 1.2
      vertex 42.3778 31.7816 1.2
    endloop
  endfacet
  facet normal -0.39876 0.917055 0
    outer loop
      vertex 42.3778 31.7816 1.2
      vertex 42.1791 31.6952 2.15
      vertex 42.3778 31.7816 2.15
    endloop
  endfacet
  facet normal -0.39876 0.917055 0
    outer loop
      vertex 42.1791 31.6952 2.15
      vertex 42.3778 31.7816 1.2
      vertex 42.1791 31.6952 1.2
    endloop
  endfacet
  facet normal -0.585579 0.810615 0
    outer loop
      vertex 42.1791 31.6952 1.2
      vertex 42.0116 31.5742 2.15
      vertex 42.1791 31.6952 2.15
    endloop
  endfacet
  facet normal -0.585579 0.810615 0
    outer loop
      vertex 42.0116 31.5742 2.15
      vertex 42.1791 31.6952 1.2
      vertex 42.0116 31.5742 1.2
    endloop
  endfacet
  facet normal -0.752078 0.659074 0
    outer loop
      vertex 41.8642 31.406 1.2
      vertex 42.0116 31.5742 2.15
      vertex 42.0116 31.5742 1.2
    endloop
  endfacet
  facet normal -0.752078 0.659074 0
    outer loop
      vertex 42.0116 31.5742 2.15
      vertex 41.8642 31.406 1.2
      vertex 41.8642 31.406 2.15
    endloop
  endfacet
  facet normal -0.854133 0.520054 0
    outer loop
      vertex 41.7255 31.1782 1.2
      vertex 41.8642 31.406 2.15
      vertex 41.8642 31.406 1.2
    endloop
  endfacet
  facet normal -0.854133 0.520054 0
    outer loop
      vertex 41.8642 31.406 2.15
      vertex 41.7255 31.1782 1.2
      vertex 41.7255 31.1782 2.15
    endloop
  endfacet
  facet normal -0.911298 0.411748 0
    outer loop
      vertex 41.5956 30.8907 1.2
      vertex 41.7255 31.1782 2.15
      vertex 41.7255 31.1782 1.2
    endloop
  endfacet
  facet normal -0.911298 0.411748 0
    outer loop
      vertex 41.7255 31.1782 2.15
      vertex 41.5956 30.8907 1.2
      vertex 41.5956 30.8907 2.15
    endloop
  endfacet
  facet normal -0.944298 0.32909 0
    outer loop
      vertex 41.4746 30.5435 1.2
      vertex 41.5956 30.8907 2.15
      vertex 41.5956 30.8907 1.2
    endloop
  endfacet
  facet normal -0.944298 0.32909 0
    outer loop
      vertex 41.5956 30.8907 2.15
      vertex 41.4746 30.5435 1.2
      vertex 41.4746 30.5435 2.15
    endloop
  endfacet
  facet normal 0 1 -0
    outer loop
      vertex 41.4746 30.5435 1.2
      vertex 41.4529 30.5435 2.15
      vertex 41.4746 30.5435 2.15
    endloop
  endfacet
  facet normal 0 1 0
    outer loop
      vertex 41.4529 30.5435 2.15
      vertex 41.4746 30.5435 1.2
      vertex 41.4529 30.5435 1.2
    endloop
  endfacet
  facet normal 0.999838 0.0179851 0
    outer loop
      vertex 41.4529 30.5435 2.15
      vertex 41.4502 30.6936 1.2
      vertex 41.4502 30.6936 2.15
    endloop
  endfacet
  facet normal 0.999838 0.0179851 0
    outer loop
      vertex 41.4502 30.6936 1.2
      vertex 41.4529 30.5435 2.15
      vertex 41.4529 30.5435 1.2
    endloop
  endfacet
  facet normal 0.999475 0.032396 0
    outer loop
      vertex 41.4502 30.6936 2.15
      vertex 41.4421 30.9435 1.2
      vertex 41.4421 30.9435 2.15
    endloop
  endfacet
  facet normal 0.999475 0.032396 0
    outer loop
      vertex 41.4421 30.9435 1.2
      vertex 41.4502 30.6936 2.15
      vertex 41.4502 30.6936 1.2
    endloop
  endfacet
  facet normal 0.999244 0.0388722 0
    outer loop
      vertex 41.4421 30.9435 2.15
      vertex 41.4285 31.2931 1.2
      vertex 41.4285 31.2931 2.15
    endloop
  endfacet
  facet normal 0.999244 0.0388722 0
    outer loop
      vertex 41.4285 31.2931 1.2
      vertex 41.4421 30.9435 2.15
      vertex 41.4421 30.9435 1.2
    endloop
  endfacet
  facet normal 0.999107 0.0422596 0
    outer loop
      vertex 41.4285 31.2931 2.15
      vertex 41.4095 31.7423 1.2
      vertex 41.4095 31.7423 2.15
    endloop
  endfacet
  facet normal 0.999107 0.0422596 0
    outer loop
      vertex 41.4095 31.7423 1.2
      vertex 41.4285 31.2931 2.15
      vertex 41.4285 31.2931 1.2
    endloop
  endfacet
  facet normal 0 1 -0
    outer loop
      vertex 41.4095 31.7423 1.2
      vertex 40.4873 31.7423 2.15
      vertex 41.4095 31.7423 2.15
    endloop
  endfacet
  facet normal 0 1 0
    outer loop
      vertex 40.4873 31.7423 2.15
      vertex 41.4095 31.7423 1.2
      vertex 40.4873 31.7423 1.2
    endloop
  endfacet
  facet normal -0.999249 -0.0387475 0
    outer loop
      vertex 40.5015 31.3761 1.2
      vertex 40.4873 31.7423 2.15
      vertex 40.4873 31.7423 1.2
    endloop
  endfacet
  facet normal -0.999249 -0.0387475 0
    outer loop
      vertex 40.4873 31.7423 2.15
      vertex 40.5015 31.3761 1.2
      vertex 40.5015 31.3761 2.15
    endloop
  endfacet
  facet normal -0.999575 -0.0291388 0
    outer loop
      vertex 40.5117 31.0262 1.2
      vertex 40.5015 31.3761 2.15
      vertex 40.5015 31.3761 1.2
    endloop
  endfacet
  facet normal -0.999575 -0.0291388 0
    outer loop
      vertex 40.5015 31.3761 2.15
      vertex 40.5117 31.0262 1.2
      vertex 40.5117 31.0262 2.15
    endloop
  endfacet
  facet normal -0.999838 -0.0179827 0
    outer loop
      vertex 40.5177 30.6926 1.2
      vertex 40.5117 31.0262 2.15
      vertex 40.5117 31.0262 1.2
    endloop
  endfacet
  facet normal -0.999838 -0.0179827 0
    outer loop
      vertex 40.5117 31.0262 2.15
      vertex 40.5177 30.6926 1.2
      vertex 40.5177 30.6926 2.15
    endloop
  endfacet
  facet normal -0.999978 -0.00661611 0
    outer loop
      vertex 40.5198 30.3752 1.2
      vertex 40.5177 30.6926 2.15
      vertex 40.5177 30.6926 1.2
    endloop
  endfacet
  facet normal -0.999978 -0.00661611 0
    outer loop
      vertex 40.5177 30.6926 2.15
      vertex 40.5198 30.3752 1.2
      vertex 40.5198 30.3752 2.15
    endloop
  endfacet
  facet normal -1 0 0
    outer loop
      vertex 40.5198 25.8725 1.2
      vertex 40.5198 30.3752 2.15
      vertex 40.5198 30.3752 1.2
    endloop
  endfacet
  facet normal -1 -0 0
    outer loop
      vertex 40.5198 30.3752 2.15
      vertex 40.5198 25.8725 1.2
      vertex 40.5198 25.8725 2.15
    endloop
  endfacet
  facet normal 0 -1 0
    outer loop
      vertex 40.5198 25.8725 1.2
      vertex 41.4963 25.8725 2.15
      vertex 40.5198 25.8725 2.15
    endloop
  endfacet
  facet normal 0 -1 -0
    outer loop
      vertex 41.4963 25.8725 2.15
      vertex 40.5198 25.8725 1.2
      vertex 41.4963 25.8725 1.2
    endloop
  endfacet
  facet normal 1 -0 0
    outer loop
      vertex 41.4963 25.8725 2.15
      vertex 41.4963 28.9322 1.2
      vertex 41.4963 28.9322 2.15
    endloop
  endfacet
  facet normal 1 0 0
    outer loop
      vertex 41.4963 28.9322 1.2
      vertex 41.4963 25.8725 2.15
      vertex 41.4963 25.8725 1.2
    endloop
  endfacet
  facet normal 0.176711 -0.984263 0
    outer loop
      vertex 46.6678 25.7922 1.2
      vertex 47.1379 25.8766 2.15
      vertex 46.6678 25.7922 2.15
    endloop
  endfacet
  facet normal 0.176711 -0.984263 0
    outer loop
      vertex 47.1379 25.8766 2.15
      vertex 46.6678 25.7922 1.2
      vertex 47.1379 25.8766 1.2
    endloop
  endfacet
  facet normal 0.326441 -0.945218 0
    outer loop
      vertex 47.1379 25.8766 1.2
      vertex 47.5453 26.0173 2.15
      vertex 47.1379 25.8766 2.15
    endloop
  endfacet
  facet normal 0.326441 -0.945218 0
    outer loop
      vertex 47.5453 26.0173 2.15
      vertex 47.1379 25.8766 1.2
      vertex 47.5453 26.0173 1.2
    endloop
  endfacet
  facet normal 0.496302 -0.86815 0
    outer loop
      vertex 47.5453 26.0173 1.2
      vertex 47.8899 26.2143 2.15
      vertex 47.5453 26.0173 2.15
    endloop
  endfacet
  facet normal 0.496302 -0.86815 0
    outer loop
      vertex 47.8899 26.2143 2.15
      vertex 47.5453 26.0173 1.2
      vertex 47.8899 26.2143 1.2
    endloop
  endfacet
  facet normal 0.672122 -0.740441 0
    outer loop
      vertex 47.8899 26.2143 1.2
      vertex 48.1641 26.4632 2.15
      vertex 47.8899 26.2143 2.15
    endloop
  endfacet
  facet normal 0.672122 -0.740441 0
    outer loop
      vertex 48.1641 26.4632 2.15
      vertex 47.8899 26.2143 1.2
      vertex 48.1641 26.4632 1.2
    endloop
  endfacet
  facet normal 0.834296 -0.551317 0
    outer loop
      vertex 48.1641 26.4632 2.15
      vertex 48.3599 26.7595 1.2
      vertex 48.3599 26.7595 2.15
    endloop
  endfacet
  facet normal 0.834296 -0.551317 0
    outer loop
      vertex 48.3599 26.7595 1.2
      vertex 48.1641 26.4632 2.15
      vertex 48.1641 26.4632 1.2
    endloop
  endfacet
  facet normal 0.946262 -0.323402 0
    outer loop
      vertex 48.3599 26.7595 2.15
      vertex 48.4774 27.1033 1.2
      vertex 48.4774 27.1033 2.15
    endloop
  endfacet
  facet normal 0.946262 -0.323402 0
    outer loop
      vertex 48.4774 27.1033 1.2
      vertex 48.3599 26.7595 2.15
      vertex 48.3599 26.7595 1.2
    endloop
  endfacet
  facet normal 0.99502 -0.09968 0
    outer loop
      vertex 48.4774 27.1033 2.15
      vertex 48.5166 27.4946 1.2
      vertex 48.5166 27.4946 2.15
    endloop
  endfacet
  facet normal 0.99502 -0.09968 0
    outer loop
      vertex 48.5166 27.4946 1.2
      vertex 48.4774 27.1033 2.15
      vertex 48.4774 27.1033 1.2
    endloop
  endfacet
  facet normal 0.999137 0.0415289 0
    outer loop
      vertex 48.5166 27.4946 2.15
      vertex 48.5098 27.6582 1.2
      vertex 48.5098 27.6582 2.15
    endloop
  endfacet
  facet normal 0.999137 0.0415289 0
    outer loop
      vertex 48.5098 27.6582 1.2
      vertex 48.5166 27.4946 2.15
      vertex 48.5166 27.4946 1.2
    endloop
  endfacet
  facet normal 0.991384 0.130986 0
    outer loop
      vertex 48.5098 27.6582 2.15
      vertex 48.4894 27.8126 1.2
      vertex 48.4894 27.8126 2.15
    endloop
  endfacet
  facet normal 0.991384 0.130986 0
    outer loop
      vertex 48.4894 27.8126 1.2
      vertex 48.5098 27.6582 2.15
      vertex 48.5098 27.6582 1.2
    endloop
  endfacet
  facet normal 0.973846 0.227208 0
    outer loop
      vertex 48.4894 27.8126 2.15
      vertex 48.4555 27.9579 1.2
      vertex 48.4555 27.9579 2.15
    endloop
  endfacet
  facet normal 0.973846 0.227208 0
    outer loop
      vertex 48.4555 27.9579 1.2
      vertex 48.4894 27.8126 2.15
      vertex 48.4894 27.8126 1.2
    endloop
  endfacet
  facet normal 0.94415 0.329516 0
    outer loop
      vertex 48.4555 27.9579 2.15
      vertex 48.408 28.094 1.2
      vertex 48.408 28.094 2.15
    endloop
  endfacet
  facet normal 0.94415 0.329516 0
    outer loop
      vertex 48.408 28.094 1.2
      vertex 48.4555 27.9579 2.15
      vertex 48.4555 27.9579 1.2
    endloop
  endfacet
  facet normal 0.905621 0.424089 0
    outer loop
      vertex 48.408 28.094 2.15
      vertex 48.3482 28.2217 1.2
      vertex 48.3482 28.2217 2.15
    endloop
  endfacet
  facet normal 0.905621 0.424089 0
    outer loop
      vertex 48.3482 28.2217 1.2
      vertex 48.408 28.094 2.15
      vertex 48.408 28.094 1.2
    endloop
  endfacet
  facet normal 0.86014 0.510058 0
    outer loop
      vertex 48.3482 28.2217 2.15
      vertex 48.2771 28.3416 1.2
      vertex 48.2771 28.3416 2.15
    endloop
  endfacet
  facet normal 0.86014 0.510058 0
    outer loop
      vertex 48.2771 28.3416 1.2
      vertex 48.3482 28.2217 2.15
      vertex 48.3482 28.2217 1.2
    endloop
  endfacet
  facet normal 0.806176 0.591676 0
    outer loop
      vertex 48.2771 28.3416 2.15
      vertex 48.1949 28.4536 1.2
      vertex 48.1949 28.4536 2.15
    endloop
  endfacet
  facet normal 0.806176 0.591676 0
    outer loop
      vertex 48.1949 28.4536 1.2
      vertex 48.2771 28.3416 2.15
      vertex 48.2771 28.3416 1.2
    endloop
  endfacet
  facet normal 0.744961 0.667108 0
    outer loop
      vertex 48.1949 28.4536 2.15
      vertex 48.1015 28.5579 1.2
      vertex 48.1015 28.5579 2.15
    endloop
  endfacet
  facet normal 0.744961 0.667108 0
    outer loop
      vertex 48.1015 28.5579 1.2
      vertex 48.1949 28.4536 2.15
      vertex 48.1949 28.4536 1.2
    endloop
  endfacet
  facet normal 0.672366 0.740219 -0
    outer loop
      vertex 48.1015 28.5579 1.2
      vertex 47.9935 28.656 2.15
      vertex 48.1015 28.5579 2.15
    endloop
  endfacet
  facet normal 0.672366 0.740219 0
    outer loop
      vertex 47.9935 28.656 2.15
      vertex 48.1015 28.5579 1.2
      vertex 47.9935 28.656 1.2
    endloop
  endfacet
  facet normal 0.597449 0.801907 -0
    outer loop
      vertex 47.9935 28.656 1.2
      vertex 47.8676 28.7498 2.15
      vertex 47.9935 28.656 2.15
    endloop
  endfacet
  facet normal 0.597449 0.801907 0
    outer loop
      vertex 47.8676 28.7498 2.15
      vertex 47.9935 28.656 1.2
      vertex 47.8676 28.7498 1.2
    endloop
  endfacet
  facet normal 0.527289 0.849686 -0
    outer loop
      vertex 47.8676 28.7498 1.2
      vertex 47.7237 28.8391 2.15
      vertex 47.8676 28.7498 2.15
    endloop
  endfacet
  facet normal 0.527289 0.849686 0
    outer loop
      vertex 47.7237 28.8391 2.15
      vertex 47.8676 28.7498 1.2
      vertex 47.7237 28.8391 1.2
    endloop
  endfacet
  facet normal 0.464416 0.885617 -0
    outer loop
      vertex 47.7237 28.8391 1.2
      vertex 47.5618 28.924 2.15
      vertex 47.7237 28.8391 2.15
    endloop
  endfacet
  facet normal 0.464416 0.885617 0
    outer loop
      vertex 47.5618 28.924 2.15
      vertex 47.7237 28.8391 1.2
      vertex 47.5618 28.924 1.2
    endloop
  endfacet
  facet normal 0.393303 0.919409 -0
    outer loop
      vertex 47.5618 28.924 1.2
      vertex 47.3638 29.0087 2.15
      vertex 47.5618 28.924 2.15
    endloop
  endfacet
  facet normal 0.393303 0.919409 0
    outer loop
      vertex 47.3638 29.0087 2.15
      vertex 47.5618 28.924 1.2
      vertex 47.3638 29.0087 1.2
    endloop
  endfacet
  facet normal 0.330334 0.943864 -0
    outer loop
      vertex 47.3638 29.0087 1.2
      vertex 47.1115 29.097 2.15
      vertex 47.3638 29.0087 2.15
    endloop
  endfacet
  facet normal 0.330334 0.943864 0
    outer loop
      vertex 47.1115 29.097 2.15
      vertex 47.3638 29.0087 1.2
      vertex 47.1115 29.097 1.2
    endloop
  endfacet
  facet normal 0.287491 0.957783 -0
    outer loop
      vertex 47.1115 29.097 1.2
      vertex 46.805 29.189 2.15
      vertex 47.1115 29.097 2.15
    endloop
  endfacet
  facet normal 0.287491 0.957783 0
    outer loop
      vertex 46.805 29.189 2.15
      vertex 47.1115 29.097 1.2
      vertex 46.805 29.189 1.2
    endloop
  endfacet
  facet normal 0.256629 0.96651 -0
    outer loop
      vertex 46.805 29.189 1.2
      vertex 46.4442 29.2848 2.15
      vertex 46.805 29.189 2.15
    endloop
  endfacet
  facet normal 0.256629 0.96651 0
    outer loop
      vertex 46.4442 29.2848 2.15
      vertex 46.805 29.189 1.2
      vertex 46.4442 29.2848 1.2
    endloop
  endfacet
  facet normal 0.246007 0.969268 -0
    outer loop
      vertex 46.4442 29.2848 1.2
      vertex 46.0699 29.3798 2.15
      vertex 46.4442 29.2848 2.15
    endloop
  endfacet
  facet normal 0.246007 0.969268 0
    outer loop
      vertex 46.0699 29.3798 2.15
      vertex 46.4442 29.2848 1.2
      vertex 46.0699 29.3798 1.2
    endloop
  endfacet
  facet normal 0.266793 0.963754 -0
    outer loop
      vertex 46.0699 29.3798 1.2
      vertex 45.7661 29.4639 2.15
      vertex 46.0699 29.3798 2.15
    endloop
  endfacet
  facet normal 0.266793 0.963754 0
    outer loop
      vertex 45.7661 29.4639 2.15
      vertex 46.0699 29.3798 1.2
      vertex 45.7661 29.4639 1.2
    endloop
  endfacet
  facet normal 0.299369 0.954137 -0
    outer loop
      vertex 45.7661 29.4639 1.2
      vertex 45.5328 29.5371 2.15
      vertex 45.7661 29.4639 2.15
    endloop
  endfacet
  facet normal 0.299369 0.954137 0
    outer loop
      vertex 45.5328 29.5371 2.15
      vertex 45.7661 29.4639 1.2
      vertex 45.5328 29.5371 1.2
    endloop
  endfacet
  facet normal 0.357903 0.933759 -0
    outer loop
      vertex 45.5328 29.5371 1.2
      vertex 45.37 29.5995 2.15
      vertex 45.5328 29.5371 2.15
    endloop
  endfacet
  facet normal 0.357903 0.933759 0
    outer loop
      vertex 45.37 29.5995 2.15
      vertex 45.5328 29.5371 1.2
      vertex 45.37 29.5995 1.2
    endloop
  endfacet
  facet normal 0.44811 0.893979 -0
    outer loop
      vertex 45.37 29.5995 1.2
      vertex 45.2503 29.6595 2.15
      vertex 45.37 29.5995 2.15
    endloop
  endfacet
  facet normal 0.44811 0.893979 0
    outer loop
      vertex 45.2503 29.6595 2.15
      vertex 45.37 29.5995 1.2
      vertex 45.2503 29.6595 1.2
    endloop
  endfacet
  facet normal 0.536036 0.844195 -0
    outer loop
      vertex 45.2503 29.6595 1.2
      vertex 45.1462 29.7256 2.15
      vertex 45.2503 29.6595 2.15
    endloop
  endfacet
  facet normal 0.536036 0.844195 0
    outer loop
      vertex 45.1462 29.7256 2.15
      vertex 45.2503 29.6595 1.2
      vertex 45.1462 29.7256 1.2
    endloop
  endfacet
  facet normal 0.632141 0.774854 -0
    outer loop
      vertex 45.1462 29.7256 1.2
      vertex 45.0577 29.7978 2.15
      vertex 45.1462 29.7256 2.15
    endloop
  endfacet
  facet normal 0.632141 0.774854 0
    outer loop
      vertex 45.0577 29.7978 2.15
      vertex 45.1462 29.7256 1.2
      vertex 45.0577 29.7978 1.2
    endloop
  endfacet
  facet normal 0.731894 0.681419 0
    outer loop
      vertex 45.0577 29.7978 2.15
      vertex 44.9848 29.8761 1.2
      vertex 44.9848 29.8761 2.15
    endloop
  endfacet
  facet normal 0.731894 0.681419 0
    outer loop
      vertex 44.9848 29.8761 1.2
      vertex 45.0577 29.7978 2.15
      vertex 45.0577 29.7978 1.2
    endloop
  endfacet
  facet normal 0.836324 0.548235 0
    outer loop
      vertex 44.9848 29.8761 2.15
      vertex 44.9279 29.9629 1.2
      vertex 44.9279 29.9629 2.15
    endloop
  endfacet
  facet normal 0.836324 0.548235 0
    outer loop
      vertex 44.9279 29.9629 1.2
      vertex 44.9848 29.8761 2.15
      vertex 44.9848 29.8761 1.2
    endloop
  endfacet
  facet normal 0.923105 0.384548 0
    outer loop
      vertex 44.9279 29.9629 2.15
      vertex 44.8872 30.0606 1.2
      vertex 44.8872 30.0606 2.15
    endloop
  endfacet
  facet normal 0.923105 0.384548 0
    outer loop
      vertex 44.8872 30.0606 1.2
      vertex 44.9279 29.9629 2.15
      vertex 44.9279 29.9629 1.2
    endloop
  endfacet
  facet normal 0.975634 0.219405 0
    outer loop
      vertex 44.8872 30.0606 2.15
      vertex 44.8628 30.1691 1.2
      vertex 44.8628 30.1691 2.15
    endloop
  endfacet
  facet normal 0.975634 0.219405 0
    outer loop
      vertex 44.8628 30.1691 1.2
      vertex 44.8872 30.0606 2.15
      vertex 44.8872 30.0606 1.2
    endloop
  endfacet
  facet normal 0.997703 0.0677401 0
    outer loop
      vertex 44.8628 30.1691 2.15
      vertex 44.8547 30.2884 1.2
      vertex 44.8547 30.2884 2.15
    endloop
  endfacet
  facet normal 0.997703 0.0677401 0
    outer loop
      vertex 44.8547 30.2884 1.2
      vertex 44.8628 30.1691 2.15
      vertex 44.8628 30.1691 1.2
    endloop
  endfacet
  facet normal 0.994754 -0.102294 0
    outer loop
      vertex 44.8547 30.2884 2.15
      vertex 44.8743 30.479 1.2
      vertex 44.8743 30.479 2.15
    endloop
  endfacet
  facet normal 0.994754 -0.102294 0
    outer loop
      vertex 44.8743 30.479 1.2
      vertex 44.8547 30.2884 2.15
      vertex 44.8547 30.2884 1.2
    endloop
  endfacet
  facet normal 0.941483 -0.33706 0
    outer loop
      vertex 44.8743 30.479 2.15
      vertex 44.9333 30.6438 1.2
      vertex 44.9333 30.6438 2.15
    endloop
  endfacet
  facet normal 0.941483 -0.33706 0
    outer loop
      vertex 44.9333 30.6438 1.2
      vertex 44.8743 30.479 2.15
      vertex 44.8743 30.479 1.2
    endloop
  endfacet
  facet normal 0.816463 -0.577398 0
    outer loop
      vertex 44.9333 30.6438 2.15
      vertex 45.0316 30.7828 1.2
      vertex 45.0316 30.7828 2.15
    endloop
  endfacet
  facet normal 0.816463 -0.577398 0
    outer loop
      vertex 45.0316 30.7828 1.2
      vertex 44.9333 30.6438 2.15
      vertex 44.9333 30.6438 1.2
    endloop
  endfacet
  facet normal 0.635038 -0.772481 0
    outer loop
      vertex 45.0316 30.7828 1.2
      vertex 45.1693 30.896 2.15
      vertex 45.0316 30.7828 2.15
    endloop
  endfacet
  facet normal 0.635038 -0.772481 0
    outer loop
      vertex 45.1693 30.896 2.15
      vertex 45.0316 30.7828 1.2
      vertex 45.1693 30.896 1.2
    endloop
  endfacet
  facet normal 0.440379 -0.897812 0
    outer loop
      vertex 45.1693 30.896 1.2
      vertex 45.3483 30.9838 2.15
      vertex 45.1693 30.896 2.15
    endloop
  endfacet
  facet normal 0.440379 -0.897812 0
    outer loop
      vertex 45.3483 30.9838 2.15
      vertex 45.1693 30.896 1.2
      vertex 45.3483 30.9838 1.2
    endloop
  endfacet
  facet normal 0.271635 -0.9624 0
    outer loop
      vertex 45.3483 30.9838 1.2
      vertex 45.5708 31.0466 2.15
      vertex 45.3483 30.9838 2.15
    endloop
  endfacet
  facet normal 0.271635 -0.9624 0
    outer loop
      vertex 45.5708 31.0466 2.15
      vertex 45.3483 30.9838 1.2
      vertex 45.5708 31.0466 1.2
    endloop
  endfacet
  facet normal 0.140065 -0.990142 0
    outer loop
      vertex 45.5708 31.0466 1.2
      vertex 45.8366 31.0842 2.15
      vertex 45.5708 31.0466 2.15
    endloop
  endfacet
  facet normal 0.140065 -0.990142 0
    outer loop
      vertex 45.8366 31.0842 2.15
      vertex 45.5708 31.0466 1.2
      vertex 45.8366 31.0842 1.2
    endloop
  endfacet
  facet normal 0.0403939 -0.999184 0
    outer loop
      vertex 45.8366 31.0842 1.2
      vertex 46.1458 31.0967 2.15
      vertex 45.8366 31.0842 2.15
    endloop
  endfacet
  facet normal 0.0403939 -0.999184 0
    outer loop
      vertex 46.1458 31.0967 2.15
      vertex 45.8366 31.0842 1.2
      vertex 46.1458 31.0967 1.2
    endloop
  endfacet
  facet normal -0.0458395 -0.998949 0
    outer loop
      vertex 46.1458 31.0967 1.2
      vertex 46.4291 31.0837 2.15
      vertex 46.1458 31.0967 2.15
    endloop
  endfacet
  facet normal -0.0458395 -0.998949 -0
    outer loop
      vertex 46.4291 31.0837 2.15
      vertex 46.1458 31.0967 1.2
      vertex 46.4291 31.0837 1.2
    endloop
  endfacet
  facet normal -0.153055 -0.988218 0
    outer loop
      vertex 46.4291 31.0837 1.2
      vertex 46.6822 31.0445 2.15
      vertex 46.4291 31.0837 2.15
    endloop
  endfacet
  facet normal -0.153055 -0.988218 -0
    outer loop
      vertex 46.6822 31.0445 2.15
      vertex 46.4291 31.0837 1.2
      vertex 46.6822 31.0445 1.2
    endloop
  endfacet
  facet normal -0.281024 -0.959701 0
    outer loop
      vertex 46.6822 31.0445 1.2
      vertex 46.9052 30.9792 2.15
      vertex 46.6822 31.0445 2.15
    endloop
  endfacet
  facet normal -0.281024 -0.959701 -0
    outer loop
      vertex 46.9052 30.9792 2.15
      vertex 46.6822 31.0445 1.2
      vertex 46.9052 30.9792 1.2
    endloop
  endfacet
  facet normal -0.42855 -0.903518 0
    outer loop
      vertex 46.9052 30.9792 1.2
      vertex 47.0979 30.8878 2.15
      vertex 46.9052 30.9792 2.15
    endloop
  endfacet
  facet normal -0.42855 -0.903518 -0
    outer loop
      vertex 47.0979 30.8878 2.15
      vertex 46.9052 30.9792 1.2
      vertex 47.0979 30.8878 1.2
    endloop
  endfacet
  facet normal -0.584531 -0.811371 0
    outer loop
      vertex 47.0979 30.8878 1.2
      vertex 47.2585 30.7721 2.15
      vertex 47.0979 30.8878 2.15
    endloop
  endfacet
  facet normal -0.584531 -0.811371 -0
    outer loop
      vertex 47.2585 30.7721 2.15
      vertex 47.0979 30.8878 1.2
      vertex 47.2585 30.7721 1.2
    endloop
  endfacet
  facet normal -0.738901 -0.673814 0
    outer loop
      vertex 47.3848 30.6336 1.2
      vertex 47.2585 30.7721 2.15
      vertex 47.2585 30.7721 1.2
    endloop
  endfacet
  facet normal -0.738901 -0.673814 0
    outer loop
      vertex 47.2585 30.7721 2.15
      vertex 47.3848 30.6336 1.2
      vertex 47.3848 30.6336 2.15
    endloop
  endfacet
  facet normal -0.868508 -0.495675 0
    outer loop
      vertex 47.4768 30.4724 1.2
      vertex 47.3848 30.6336 2.15
      vertex 47.3848 30.6336 1.2
    endloop
  endfacet
  facet normal -0.868508 -0.495675 0
    outer loop
      vertex 47.3848 30.6336 2.15
      vertex 47.4768 30.4724 1.2
      vertex 47.4768 30.4724 2.15
    endloop
  endfacet
  facet normal -0.954036 -0.299692 0
    outer loop
      vertex 47.5346 30.2884 1.2
      vertex 47.4768 30.4724 2.15
      vertex 47.4768 30.4724 1.2
    endloop
  endfacet
  facet normal -0.954036 -0.299692 0
    outer loop
      vertex 47.4768 30.4724 2.15
      vertex 47.5346 30.2884 1.2
      vertex 47.5346 30.2884 2.15
    endloop
  endfacet
  facet normal 0.122631 -0.992452 0
    outer loop
      vertex 47.5346 30.2884 1.2
      vertex 48.4135 30.397 2.15
      vertex 47.5346 30.2884 2.15
    endloop
  endfacet
  facet normal 0.122631 -0.992452 0
    outer loop
      vertex 48.4135 30.397 2.15
      vertex 47.5346 30.2884 1.2
      vertex 48.4135 30.397 1.2
    endloop
  endfacet
  facet normal 0.960098 0.279664 0
    outer loop
      vertex 48.4135 30.397 2.15
      vertex 48.3112 30.7482 1.2
      vertex 48.3112 30.7482 2.15
    endloop
  endfacet
  facet normal 0.960098 0.279664 0
    outer loop
      vertex 48.3112 30.7482 1.2
      vertex 48.4135 30.397 2.15
      vertex 48.4135 30.397 1.2
    endloop
  endfacet
  facet normal 0.888664 0.45856 0
    outer loop
      vertex 48.3112 30.7482 2.15
      vertex 48.1565 31.048 1.2
      vertex 48.1565 31.048 2.15
    endloop
  endfacet
  facet normal 0.888664 0.45856 0
    outer loop
      vertex 48.1565 31.048 1.2
      vertex 48.3112 30.7482 2.15
      vertex 48.3112 30.7482 1.2
    endloop
  endfacet
  facet normal 0.767359 0.641218 0
    outer loop
      vertex 48.1565 31.048 2.15
      vertex 47.9491 31.2962 1.2
      vertex 47.9491 31.2962 2.15
    endloop
  endfacet
  facet normal 0.767359 0.641218 0
    outer loop
      vertex 47.9491 31.2962 1.2
      vertex 48.1565 31.048 2.15
      vertex 48.1565 31.048 1.2
    endloop
  endfacet
  facet normal 0.603284 0.797526 -0
    outer loop
      vertex 47.9491 31.2962 1.2
      vertex 47.6892 31.4928 2.15
      vertex 47.9491 31.2962 2.15
    endloop
  endfacet
  facet normal 0.603284 0.797526 0
    outer loop
      vertex 47.6892 31.4928 2.15
      vertex 47.9491 31.2962 1.2
      vertex 47.6892 31.4928 1.2
    endloop
  endfacet
  facet normal 0.433136 0.901329 -0
    outer loop
      vertex 47.6892 31.4928 1.2
      vertex 47.3781 31.6423 2.15
      vertex 47.6892 31.4928 2.15
    endloop
  endfacet
  facet normal 0.433136 0.901329 0
    outer loop
      vertex 47.3781 31.6423 2.15
      vertex 47.6892 31.4928 1.2
      vertex 47.3781 31.6423 1.2
    endloop
  endfacet
  facet normal 0.283763 0.958895 -0
    outer loop
      vertex 47.3781 31.6423 1.2
      vertex 47.0172 31.7491 2.15
      vertex 47.3781 31.6423 2.15
    endloop
  endfacet
  facet normal 0.283763 0.958895 0
    outer loop
      vertex 47.0172 31.7491 2.15
      vertex 47.3781 31.6423 1.2
      vertex 47.0172 31.7491 1.2
    endloop
  endfacet
  facet normal 0.154171 0.988044 -0
    outer loop
      vertex 47.0172 31.7491 1.2
      vertex 46.6064 31.8132 2.15
      vertex 47.0172 31.7491 2.15
    endloop
  endfacet
  facet normal 0.154171 0.988044 0
    outer loop
      vertex 46.6064 31.8132 2.15
      vertex 47.0172 31.7491 1.2
      vertex 46.6064 31.8132 1.2
    endloop
  endfacet
  facet normal 0.0464111 0.998922 -0
    outer loop
      vertex 46.6064 31.8132 1.2
      vertex 46.1458 31.8346 2.15
      vertex 46.6064 31.8132 2.15
    endloop
  endfacet
  facet normal 0.0464111 0.998922 0
    outer loop
      vertex 46.1458 31.8346 2.15
      vertex 46.6064 31.8132 1.2
      vertex 46.1458 31.8346 1.2
    endloop
  endfacet
  facet normal -0.0509818 0.9987 0
    outer loop
      vertex 46.1458 31.8346 1.2
      vertex 45.6306 31.8083 2.15
      vertex 46.1458 31.8346 2.15
    endloop
  endfacet
  facet normal -0.0509818 0.9987 0
    outer loop
      vertex 45.6306 31.8083 2.15
      vertex 46.1458 31.8346 1.2
      vertex 45.6306 31.8083 1.2
    endloop
  endfacet
  facet normal -0.172811 0.984955 0
    outer loop
      vertex 45.6306 31.8083 1.2
      vertex 45.1809 31.7294 2.15
      vertex 45.6306 31.8083 2.15
    endloop
  endfacet
  facet normal -0.172811 0.984955 0
    outer loop
      vertex 45.1809 31.7294 2.15
      vertex 45.6306 31.8083 1.2
      vertex 45.1809 31.7294 1.2
    endloop
  endfacet
  facet normal -0.323235 0.946319 0
    outer loop
      vertex 45.1809 31.7294 1.2
      vertex 44.7965 31.5981 2.15
      vertex 45.1809 31.7294 2.15
    endloop
  endfacet
  facet normal -0.323235 0.946319 0
    outer loop
      vertex 44.7965 31.5981 2.15
      vertex 45.1809 31.7294 1.2
      vertex 44.7965 31.5981 1.2
    endloop
  endfacet
  facet normal -0.499762 0.866163 0
    outer loop
      vertex 44.7965 31.5981 1.2
      vertex 44.4776 31.4141 2.15
      vertex 44.7965 31.5981 2.15
    endloop
  endfacet
  facet normal -0.499762 0.866163 0
    outer loop
      vertex 44.4776 31.4141 2.15
      vertex 44.7965 31.5981 1.2
      vertex 44.4776 31.4141 1.2
    endloop
  endfacet
  facet normal -0.682931 0.730483 0
    outer loop
      vertex 44.4776 31.4141 1.2
      vertex 44.2272 31.18 2.15
      vertex 44.4776 31.4141 2.15
    endloop
  endfacet
  facet normal -0.682931 0.730483 0
    outer loop
      vertex 44.2272 31.18 2.15
      vertex 44.4776 31.4141 1.2
      vertex 44.2272 31.18 1.2
    endloop
  endfacet
  facet normal -0.844462 0.535615 0
    outer loop
      vertex 44.0484 30.8981 1.2
      vertex 44.2272 31.18 2.15
      vertex 44.2272 31.18 1.2
    endloop
  endfacet
  facet normal -0.844462 0.535615 0
    outer loop
      vertex 44.2272 31.18 2.15
      vertex 44.0484 30.8981 1.2
      vertex 44.0484 30.8981 2.15
    endloop
  endfacet
  facet normal -0.950937 0.309386 0
    outer loop
      vertex 43.9411 30.5683 1.2
      vertex 44.0484 30.8981 2.15
      vertex 44.0484 30.8981 1.2
    endloop
  endfacet
  facet normal -0.950937 0.309386 0
    outer loop
      vertex 44.0484 30.8981 2.15
      vertex 43.9411 30.5683 1.2
      vertex 43.9411 30.5683 2.15
    endloop
  endfacet
  facet normal -0.995533 0.0944108 0
    outer loop
      vertex 43.9053 30.1908 1.2
      vertex 43.9411 30.5683 2.15
      vertex 43.9411 30.5683 1.2
    endloop
  endfacet
  facet normal -0.995533 0.0944108 0
    outer loop
      vertex 43.9411 30.5683 2.15
      vertex 43.9053 30.1908 1.2
      vertex 43.9053 30.1908 2.15
    endloop
  endfacet
  facet normal -0.998208 -0.0598446 0
    outer loop
      vertex 43.9178 29.9823 1.2
      vertex 43.9053 30.1908 2.15
      vertex 43.9053 30.1908 1.2
    endloop
  endfacet
  facet normal -0.998208 -0.0598446 0
    outer loop
      vertex 43.9053 30.1908 2.15
      vertex 43.9178 29.9823 1.2
      vertex 43.9178 29.9823 2.15
    endloop
  endfacet
  facet normal -0.981187 -0.193062 0
    outer loop
      vertex 43.9555 29.7907 1.2
      vertex 43.9178 29.9823 2.15
      vertex 43.9178 29.9823 1.2
    endloop
  endfacet
  facet normal -0.981187 -0.193062 0
    outer loop
      vertex 43.9178 29.9823 2.15
      vertex 43.9555 29.7907 1.2
      vertex 43.9555 29.7907 2.15
    endloop
  endfacet
  facet normal -0.941155 -0.337975 0
    outer loop
      vertex 44.0182 29.6161 1.2
      vertex 43.9555 29.7907 2.15
      vertex 43.9555 29.7907 1.2
    endloop
  endfacet
  facet normal -0.941155 -0.337975 0
    outer loop
      vertex 43.9555 29.7907 2.15
      vertex 44.0182 29.6161 1.2
      vertex 44.0182 29.6161 2.15
    endloop
  endfacet
  facet normal -0.873713 -0.486442 0
    outer loop
      vertex 44.106 29.4584 1.2
      vertex 44.0182 29.6161 2.15
      vertex 44.0182 29.6161 1.2
    endloop
  endfacet
  facet normal -0.873713 -0.486442 0
    outer loop
      vertex 44.0182 29.6161 2.15
      vertex 44.106 29.4584 1.2
      vertex 44.106 29.4584 2.15
    endloop
  endfacet
  facet normal -0.793855 -0.608107 0
    outer loop
      vertex 44.216 29.3148 1.2
      vertex 44.106 29.4584 2.15
      vertex 44.106 29.4584 1.2
    endloop
  endfacet
  facet normal -0.793855 -0.608107 0
    outer loop
      vertex 44.106 29.4584 2.15
      vertex 44.216 29.3148 1.2
      vertex 44.216 29.3148 2.15
    endloop
  endfacet
  facet normal -0.715163 -0.698958 0
    outer loop
      vertex 44.3454 29.1824 1.2
      vertex 44.216 29.3148 2.15
      vertex 44.216 29.3148 1.2
    endloop
  endfacet
  facet normal -0.715163 -0.698958 0
    outer loop
      vertex 44.216 29.3148 2.15
      vertex 44.3454 29.1824 1.2
      vertex 44.3454 29.1824 2.15
    endloop
  endfacet
  facet normal -0.631789 -0.77514 0
    outer loop
      vertex 44.3454 29.1824 1.2
      vertex 44.4941 29.0612 2.15
      vertex 44.3454 29.1824 2.15
    endloop
  endfacet
  facet normal -0.631789 -0.77514 -0
    outer loop
      vertex 44.4941 29.0612 2.15
      vertex 44.3454 29.1824 1.2
      vertex 44.4941 29.0612 1.2
    endloop
  endfacet
  facet normal -0.548134 -0.83639 0
    outer loop
      vertex 44.4941 29.0612 1.2
      vertex 44.6621 28.9511 2.15
      vertex 44.4941 29.0612 2.15
    endloop
  endfacet
  facet normal -0.548134 -0.83639 -0
    outer loop
      vertex 44.6621 28.9511 2.15
      vertex 44.4941 29.0612 1.2
      vertex 44.6621 28.9511 1.2
    endloop
  endfacet
  facet normal -0.450302 -0.892876 0
    outer loop
      vertex 44.6621 28.9511 1.2
      vertex 44.8701 28.8462 2.15
      vertex 44.6621 28.9511 2.15
    endloop
  endfacet
  facet normal -0.450302 -0.892876 -0
    outer loop
      vertex 44.8701 28.8462 2.15
      vertex 44.6621 28.9511 1.2
      vertex 44.8701 28.8462 1.2
    endloop
  endfacet
  facet normal -0.36667 -0.930351 0
    outer loop
      vertex 44.8701 28.8462 1.2
      vertex 45.1388 28.7403 2.15
      vertex 44.8701 28.8462 2.15
    endloop
  endfacet
  facet normal -0.36667 -0.930351 -0
    outer loop
      vertex 45.1388 28.7403 2.15
      vertex 44.8701 28.8462 1.2
      vertex 45.1388 28.7403 1.2
    endloop
  endfacet
  facet normal -0.308942 -0.951081 0
    outer loop
      vertex 45.1388 28.7403 1.2
      vertex 45.4682 28.6333 2.15
      vertex 45.1388 28.7403 2.15
    endloop
  endfacet
  facet normal -0.308942 -0.951081 -0
    outer loop
      vertex 45.4682 28.6333 2.15
      vertex 45.1388 28.7403 1.2
      vertex 45.4682 28.6333 1.2
    endloop
  endfacet
  facet normal -0.266816 -0.963748 0
    outer loop
      vertex 45.4682 28.6333 1.2
      vertex 45.8583 28.5253 2.15
      vertex 45.4682 28.6333 2.15
    endloop
  endfacet
  facet normal -0.266816 -0.963748 -0
    outer loop
      vertex 45.8583 28.5253 2.15
      vertex 45.4682 28.6333 1.2
      vertex 45.8583 28.5253 1.2
    endloop
  endfacet
  facet normal -0.254772 -0.967001 0
    outer loop
      vertex 45.8583 28.5253 1.2
      vertex 46.5582 28.3409 2.15
      vertex 45.8583 28.5253 2.15
    endloop
  endfacet
  facet normal -0.254772 -0.967001 -0
    outer loop
      vertex 46.5582 28.3409 2.15
      vertex 45.8583 28.5253 1.2
      vertex 46.5582 28.3409 1.2
    endloop
  endfacet
  facet normal -0.291069 -0.956702 0
    outer loop
      vertex 46.5582 28.3409 1.2
      vertex 46.8057 28.2656 2.15
      vertex 46.5582 28.3409 2.15
    endloop
  endfacet
  facet normal -0.291069 -0.956702 -0
    outer loop
      vertex 46.8057 28.2656 2.15
      vertex 46.5582 28.3409 1.2
      vertex 46.8057 28.2656 1.2
    endloop
  endfacet
  facet normal -0.372832 -0.927899 0
    outer loop
      vertex 46.8057 28.2656 1.2
      vertex 47.0165 28.1809 2.15
      vertex 46.8057 28.2656 2.15
    endloop
  endfacet
  facet normal -0.372832 -0.927899 -0
    outer loop
      vertex 47.0165 28.1809 2.15
      vertex 46.8057 28.2656 1.2
      vertex 47.0165 28.1809 1.2
    endloop
  endfacet
  facet normal -0.475844 -0.87953 0
    outer loop
      vertex 47.0165 28.1809 1.2
      vertex 47.1908 28.0866 2.15
      vertex 47.0165 28.1809 2.15
    endloop
  endfacet
  facet normal -0.475844 -0.87953 -0
    outer loop
      vertex 47.1908 28.0866 2.15
      vertex 47.0165 28.1809 1.2
      vertex 47.1908 28.0866 1.2
    endloop
  endfacet
  facet normal -0.601947 -0.798536 0
    outer loop
      vertex 47.1908 28.0866 1.2
      vertex 47.3285 27.9828 2.15
      vertex 47.1908 28.0866 2.15
    endloop
  endfacet
  facet normal -0.601947 -0.798536 -0
    outer loop
      vertex 47.3285 27.9828 2.15
      vertex 47.1908 28.0866 1.2
      vertex 47.3285 27.9828 1.2
    endloop
  endfacet
  facet normal -0.745007 -0.667056 0
    outer loop
      vertex 47.4329 27.8662 1.2
      vertex 47.3285 27.9828 2.15
      vertex 47.3285 27.9828 1.2
    endloop
  endfacet
  facet normal -0.745007 -0.667056 0
    outer loop
      vertex 47.3285 27.9828 2.15
      vertex 47.4329 27.8662 1.2
      vertex 47.4329 27.8662 2.15
    endloop
  endfacet
  facet normal -0.872013 -0.489482 0
    outer loop
      vertex 47.5075 27.7333 1.2
      vertex 47.4329 27.8662 2.15
      vertex 47.4329 27.8662 1.2
    endloop
  endfacet
  facet normal -0.872013 -0.489482 0
    outer loop
      vertex 47.4329 27.8662 2.15
      vertex 47.5075 27.7333 1.2
      vertex 47.5075 27.7333 2.15
    endloop
  endfacet
  facet normal -0.957756 -0.287583 0
    outer loop
      vertex 47.5523 27.5841 1.2
      vertex 47.5075 27.7333 2.15
      vertex 47.5075 27.7333 1.2
    endloop
  endfacet
  facet normal -0.957756 -0.287583 0
    outer loop
      vertex 47.5075 27.7333 2.15
      vertex 47.5523 27.5841 1.2
      vertex 47.5523 27.5841 2.15
    endloop
  endfacet
  facet normal -0.995967 -0.0897213 0
    outer loop
      vertex 47.5672 27.4187 1.2
      vertex 47.5523 27.5841 2.15
      vertex 47.5523 27.5841 1.2
    endloop
  endfacet
  facet normal -0.995967 -0.0897213 0
    outer loop
      vertex 47.5523 27.5841 2.15
      vertex 47.5672 27.4187 1.2
      vertex 47.5672 27.4187 2.15
    endloop
  endfacet
  facet normal -0.994977 0.100103 0
    outer loop
      vertex 47.5457 27.205 1.2
      vertex 47.5672 27.4187 2.15
      vertex 47.5672 27.4187 1.2
    endloop
  endfacet
  facet normal -0.994977 0.100103 0
    outer loop
      vertex 47.5672 27.4187 2.15
      vertex 47.5457 27.205 1.2
      vertex 47.5457 27.205 2.15
    endloop
  endfacet
  facet normal -0.944152 0.32951 0
    outer loop
      vertex 47.4811 27.0199 1.2
      vertex 47.5457 27.205 2.15
      vertex 47.5457 27.205 1.2
    endloop
  endfacet
  facet normal -0.944152 0.32951 0
    outer loop
      vertex 47.5457 27.205 2.15
      vertex 47.4811 27.0199 1.2
      vertex 47.4811 27.0199 2.15
    endloop
  endfacet
  facet normal -0.824119 0.566417 0
    outer loop
      vertex 47.3734 26.8632 1.2
      vertex 47.4811 27.0199 2.15
      vertex 47.4811 27.0199 1.2
    endloop
  endfacet
  facet normal -0.824119 0.566417 0
    outer loop
      vertex 47.4811 27.0199 2.15
      vertex 47.3734 26.8632 1.2
      vertex 47.3734 26.8632 2.15
    endloop
  endfacet
  facet normal -0.647663 0.761927 0
    outer loop
      vertex 47.3734 26.8632 1.2
      vertex 47.2227 26.7351 2.15
      vertex 47.3734 26.8632 2.15
    endloop
  endfacet
  facet normal -0.647663 0.761927 0
    outer loop
      vertex 47.2227 26.7351 2.15
      vertex 47.3734 26.8632 1.2
      vertex 47.2227 26.7351 1.2
    endloop
  endfacet
  facet normal -0.451374 0.892335 0
    outer loop
      vertex 47.2227 26.7351 1.2
      vertex 47.0256 26.6354 2.15
      vertex 47.2227 26.7351 2.15
    endloop
  endfacet
  facet normal -0.451374 0.892335 0
    outer loop
      vertex 47.0256 26.6354 2.15
      vertex 47.2227 26.7351 1.2
      vertex 47.0256 26.6354 1.2
    endloop
  endfacet
  facet normal -0.276878 0.960905 0
    outer loop
      vertex 47.0256 26.6354 1.2
      vertex 46.7785 26.5642 2.15
      vertex 47.0256 26.6354 2.15
    endloop
  endfacet
  facet normal -0.276878 0.960905 0
    outer loop
      vertex 46.7785 26.5642 2.15
      vertex 47.0256 26.6354 1.2
      vertex 46.7785 26.5642 1.2
    endloop
  endfacet
  facet normal -0.142402 0.989809 0
    outer loop
      vertex 46.7785 26.5642 1.2
      vertex 46.4817 26.5215 2.15
      vertex 46.7785 26.5642 2.15
    endloop
  endfacet
  facet normal -0.142402 0.989809 0
    outer loop
      vertex 46.4817 26.5215 2.15
      vertex 46.7785 26.5642 1.2
      vertex 46.4817 26.5215 1.2
    endloop
  endfacet
  facet normal -0.041211 0.99915 0
    outer loop
      vertex 46.4817 26.5215 1.2
      vertex 46.135 26.5072 2.15
      vertex 46.4817 26.5215 2.15
    endloop
  endfacet
  facet normal -0.041211 0.99915 0
    outer loop
      vertex 46.135 26.5072 2.15
      vertex 46.4817 26.5215 1.2
      vertex 46.135 26.5072 1.2
    endloop
  endfacet
  facet normal 0.0419976 0.999118 -0
    outer loop
      vertex 46.135 26.5072 1.2
      vertex 45.8067 26.521 2.15
      vertex 46.135 26.5072 2.15
    endloop
  endfacet
  facet normal 0.0419976 0.999118 0
    outer loop
      vertex 45.8067 26.521 2.15
      vertex 46.135 26.5072 1.2
      vertex 45.8067 26.521 1.2
    endloop
  endfacet
  facet normal 0.140227 0.990119 -0
    outer loop
      vertex 45.8067 26.521 1.2
      vertex 45.5165 26.5621 2.15
      vertex 45.8067 26.521 2.15
    endloop
  endfacet
  facet normal 0.140227 0.990119 0
    outer loop
      vertex 45.5165 26.5621 2.15
      vertex 45.8067 26.521 1.2
      vertex 45.5165 26.5621 1.2
    endloop
  endfacet
  facet normal 0.262729 0.96487 -0
    outer loop
      vertex 45.5165 26.5621 1.2
      vertex 45.2642 26.6308 2.15
      vertex 45.5165 26.5621 2.15
    endloop
  endfacet
  facet normal 0.262729 0.96487 0
    outer loop
      vertex 45.2642 26.6308 2.15
      vertex 45.5165 26.5621 1.2
      vertex 45.2642 26.6308 1.2
    endloop
  endfacet
  facet normal 0.409178 0.912455 -0
    outer loop
      vertex 45.2642 26.6308 1.2
      vertex 45.0499 26.7269 2.15
      vertex 45.2642 26.6308 2.15
    endloop
  endfacet
  facet normal 0.409178 0.912455 0
    outer loop
      vertex 45.0499 26.7269 2.15
      vertex 45.2642 26.6308 1.2
      vertex 45.0499 26.7269 1.2
    endloop
  endfacet
  facet normal 0.57555 0.817767 -0
    outer loop
      vertex 45.0499 26.7269 1.2
      vertex 44.8713 26.8526 2.15
      vertex 45.0499 26.7269 2.15
    endloop
  endfacet
  facet normal 0.57555 0.817767 0
    outer loop
      vertex 44.8713 26.8526 2.15
      vertex 45.0499 26.7269 1.2
      vertex 44.8713 26.8526 1.2
    endloop
  endfacet
  facet normal 0.733674 0.679501 0
    outer loop
      vertex 44.8713 26.8526 2.15
      vertex 44.7258 27.0097 1.2
      vertex 44.7258 27.0097 2.15
    endloop
  endfacet
  facet normal 0.733674 0.679501 0
    outer loop
      vertex 44.7258 27.0097 1.2
      vertex 44.8713 26.8526 2.15
      vertex 44.8713 26.8526 1.2
    endloop
  endfacet
  facet normal 0.859536 0.511075 0
    outer loop
      vertex 44.7258 27.0097 2.15
      vertex 44.6136 27.1984 1.2
      vertex 44.6136 27.1984 2.15
    endloop
  endfacet
  facet normal 0.859536 0.511075 0
    outer loop
      vertex 44.6136 27.1984 1.2
      vertex 44.7258 27.0097 2.15
      vertex 44.7258 27.0097 1.2
    endloop
  endfacet
  facet normal 0.941442 0.337175 0
    outer loop
      vertex 44.6136 27.1984 2.15
      vertex 44.5347 27.4187 1.2
      vertex 44.5347 27.4187 2.15
    endloop
  endfacet
  facet normal 0.941442 0.337175 0
    outer loop
      vertex 44.5347 27.4187 1.2
      vertex 44.6136 27.1984 2.15
      vertex 44.6136 27.1984 1.2
    endloop
  endfacet
  facet normal -0.191476 0.981497 0
    outer loop
      vertex 44.5347 27.4187 1.2
      vertex 43.672 27.2504 2.15
      vertex 44.5347 27.4187 2.15
    endloop
  endfacet
  facet normal -0.191476 0.981497 0
    outer loop
      vertex 43.672 27.2504 2.15
      vertex 44.5347 27.4187 1.2
      vertex 43.672 27.2504 1.2
    endloop
  endfacet
  facet normal -0.951495 -0.307664 0
    outer loop
      vertex 43.7875 26.8932 1.2
      vertex 43.672 27.2504 2.15
      vertex 43.672 27.2504 1.2
    endloop
  endfacet
  facet normal -0.951495 -0.307664 0
    outer loop
      vertex 43.672 27.2504 2.15
      vertex 43.7875 26.8932 1.2
      vertex 43.7875 26.8932 2.15
    endloop
  endfacet
  facet normal -0.877819 -0.478993 0
    outer loop
      vertex 43.9548 26.5866 1.2
      vertex 43.7875 26.8932 2.15
      vertex 43.7875 26.8932 1.2
    endloop
  endfacet
  facet normal -0.877819 -0.478993 0
    outer loop
      vertex 43.7875 26.8932 2.15
      vertex 43.9548 26.5866 1.2
      vertex 43.9548 26.5866 2.15
    endloop
  endfacet
  facet normal -0.759842 -0.650107 0
    outer loop
      vertex 44.174 26.3304 1.2
      vertex 43.9548 26.5866 2.15
      vertex 43.9548 26.5866 1.2
    endloop
  endfacet
  facet normal -0.759842 -0.650107 0
    outer loop
      vertex 43.9548 26.5866 2.15
      vertex 44.174 26.3304 1.2
      vertex 44.174 26.3304 2.15
    endloop
  endfacet
  facet normal -0.604457 -0.796638 0
    outer loop
      vertex 44.174 26.3304 1.2
      vertex 44.4451 26.1247 2.15
      vertex 44.174 26.3304 2.15
    endloop
  endfacet
  facet normal -0.604457 -0.796638 -0
    outer loop
      vertex 44.4451 26.1247 2.15
      vertex 44.174 26.3304 1.2
      vertex 44.4451 26.1247 1.2
    endloop
  endfacet
  facet normal -0.433106 -0.901343 0
    outer loop
      vertex 44.4451 26.1247 1.2
      vertex 44.7735 25.9669 2.15
      vertex 44.4451 26.1247 2.15
    endloop
  endfacet
  facet normal -0.433106 -0.901343 -0
    outer loop
      vertex 44.7735 25.9669 2.15
      vertex 44.4451 26.1247 1.2
      vertex 44.7735 25.9669 1.2
    endloop
  endfacet
  facet normal -0.276895 -0.9609 0
    outer loop
      vertex 44.7735 25.9669 1.2
      vertex 45.1646 25.8542 2.15
      vertex 44.7735 25.9669 2.15
    endloop
  endfacet
  facet normal -0.276895 -0.9609 -0
    outer loop
      vertex 45.1646 25.8542 2.15
      vertex 44.7735 25.9669 1.2
      vertex 45.1646 25.8542 1.2
    endloop
  endfacet
  facet normal -0.147339 -0.989086 0
    outer loop
      vertex 45.1646 25.8542 1.2
      vertex 45.6184 25.7866 2.15
      vertex 45.1646 25.8542 2.15
    endloop
  endfacet
  facet normal -0.147339 -0.989086 -0
    outer loop
      vertex 45.6184 25.7866 2.15
      vertex 45.1646 25.8542 1.2
      vertex 45.6184 25.7866 1.2
    endloop
  endfacet
  facet normal -0.0437058 -0.999044 0
    outer loop
      vertex 45.6184 25.7866 1.2
      vertex 46.135 25.764 2.15
      vertex 45.6184 25.7866 2.15
    endloop
  endfacet
  facet normal -0.0437058 -0.999044 -0
    outer loop
      vertex 46.135 25.764 2.15
      vertex 45.6184 25.7866 1.2
      vertex 46.135 25.764 1.2
    endloop
  endfacet
  facet normal 0.0528539 -0.998602 0
    outer loop
      vertex 46.135 25.764 1.2
      vertex 46.6678 25.7922 2.15
      vertex 46.135 25.764 2.15
    endloop
  endfacet
  facet normal 0.0528539 -0.998602 0
    outer loop
      vertex 46.6678 25.7922 2.15
      vertex 46.135 25.764 1.2
      vertex 46.6678 25.7922 1.2
    endloop
  endfacet
  facet normal 0.162065 -0.98678 0
    outer loop
      vertex 21.5281 25.7798 1.2
      vertex 21.8161 25.8271 2.15
      vertex 21.5281 25.7798 2.15
    endloop
  endfacet
  facet normal 0.162065 -0.98678 0
    outer loop
      vertex 21.8161 25.8271 2.15
      vertex 21.5281 25.7798 1.2
      vertex 21.8161 25.8271 1.2
    endloop
  endfacet
  facet normal 0.288726 -0.957412 0
    outer loop
      vertex 21.8161 25.8271 1.2
      vertex 22.0774 25.9059 2.15
      vertex 21.8161 25.8271 2.15
    endloop
  endfacet
  facet normal 0.288726 -0.957412 0
    outer loop
      vertex 22.0774 25.9059 2.15
      vertex 21.8161 25.8271 1.2
      vertex 22.0774 25.9059 1.2
    endloop
  endfacet
  facet normal 0.426094 -0.904679 0
    outer loop
      vertex 22.0774 25.9059 1.2
      vertex 22.3118 26.0163 2.15
      vertex 22.0774 25.9059 2.15
    endloop
  endfacet
  facet normal 0.426094 -0.904679 0
    outer loop
      vertex 22.3118 26.0163 2.15
      vertex 22.0774 25.9059 1.2
      vertex 22.3118 26.0163 1.2
    endloop
  endfacet
  facet normal 0.568691 -0.822551 0
    outer loop
      vertex 22.3118 26.0163 1.2
      vertex 22.5263 26.1646 2.15
      vertex 22.3118 26.0163 2.15
    endloop
  endfacet
  facet normal 0.568691 -0.822551 0
    outer loop
      vertex 22.5263 26.1646 2.15
      vertex 22.3118 26.0163 1.2
      vertex 22.5263 26.1646 1.2
    endloop
  endfacet
  facet normal 0.691687 -0.722197 0
    outer loop
      vertex 22.5263 26.1646 1.2
      vertex 22.7275 26.3573 2.15
      vertex 22.5263 26.1646 2.15
    endloop
  endfacet
  facet normal 0.691687 -0.722197 0
    outer loop
      vertex 22.7275 26.3573 2.15
      vertex 22.5263 26.1646 1.2
      vertex 22.7275 26.3573 1.2
    endloop
  endfacet
  facet normal 0.783697 -0.621143 0
    outer loop
      vertex 22.7275 26.3573 2.15
      vertex 22.9155 26.5945 1.2
      vertex 22.9155 26.5945 2.15
    endloop
  endfacet
  facet normal 0.783697 -0.621143 0
    outer loop
      vertex 22.9155 26.5945 1.2
      vertex 22.7275 26.3573 2.15
      vertex 22.7275 26.3573 1.2
    endloop
  endfacet
  facet normal 0.849622 -0.527393 0
    outer loop
      vertex 22.9155 26.5945 2.15
      vertex 23.0903 26.8761 1.2
      vertex 23.0903 26.8761 2.15
    endloop
  endfacet
  facet normal 0.849622 -0.527393 0
    outer loop
      vertex 23.0903 26.8761 1.2
      vertex 22.9155 26.5945 2.15
      vertex 22.9155 26.5945 1.2
    endloop
  endfacet
  facet normal 0 -1 0
    outer loop
      vertex 23.0903 26.8761 1.2
      vertex 23.1066 26.8761 2.15
      vertex 23.0903 26.8761 2.15
    endloop
  endfacet
  facet normal 0 -1 -0
    outer loop
      vertex 23.1066 26.8761 2.15
      vertex 23.0903 26.8761 1.2
      vertex 23.1066 26.8761 1.2
    endloop
  endfacet
  facet normal -0.999652 -0.0263734 0
    outer loop
      vertex 23.1118 26.679 1.2
      vertex 23.1066 26.8761 2.15
      vertex 23.1066 26.8761 1.2
    endloop
  endfacet
  facet normal -0.999652 -0.0263734 0
    outer loop
      vertex 23.1066 26.8761 2.15
      vertex 23.1118 26.679 1.2
      vertex 23.1118 26.679 2.15
    endloop
  endfacet
  facet normal -0.999548 -0.0300478 0
    outer loop
      vertex 23.1167 26.516 1.2
      vertex 23.1118 26.679 2.15
      vertex 23.1118 26.679 1.2
    endloop
  endfacet
  facet normal -0.999548 -0.0300478 0
    outer loop
      vertex 23.1118 26.679 2.15
      vertex 23.1167 26.516 1.2
      vertex 23.1167 26.516 2.15
    endloop
  endfacet
  facet normal -0.999362 -0.0357192 0
    outer loop
      vertex 23.1213 26.3873 1.2
      vertex 23.1167 26.516 2.15
      vertex 23.1167 26.516 1.2
    endloop
  endfacet
  facet normal -0.999362 -0.0357192 0
    outer loop
      vertex 23.1167 26.516 2.15
      vertex 23.1213 26.3873 1.2
      vertex 23.1213 26.3873 2.15
    endloop
  endfacet
  facet normal -0.999012 -0.0444476 0
    outer loop
      vertex 23.1255 26.2929 1.2
      vertex 23.1213 26.3873 2.15
      vertex 23.1213 26.3873 1.2
    endloop
  endfacet
  facet normal -0.999012 -0.0444476 0
    outer loop
      vertex 23.1213 26.3873 2.15
      vertex 23.1255 26.2929 1.2
      vertex 23.1255 26.2929 2.15
    endloop
  endfacet
  facet normal -0.998654 -0.0518609 0
    outer loop
      vertex 23.1294 26.2178 1.2
      vertex 23.1255 26.2929 2.15
      vertex 23.1255 26.2929 1.2
    endloop
  endfacet
  facet normal -0.998654 -0.0518609 0
    outer loop
      vertex 23.1255 26.2929 2.15
      vertex 23.1294 26.2178 1.2
      vertex 23.1294 26.2178 2.15
    endloop
  endfacet
  facet normal -0.998706 -0.0508535 0
    outer loop
      vertex 23.133 26.1471 1.2
      vertex 23.1294 26.2178 2.15
      vertex 23.1294 26.2178 1.2
    endloop
  endfacet
  facet normal -0.998706 -0.0508535 0
    outer loop
      vertex 23.1294 26.2178 2.15
      vertex 23.133 26.1471 1.2
      vertex 23.133 26.1471 2.15
    endloop
  endfacet
  facet normal -0.998834 -0.048282 0
    outer loop
      vertex 23.1362 26.0809 1.2
      vertex 23.133 26.1471 2.15
      vertex 23.133 26.1471 1.2
    endloop
  endfacet
  facet normal -0.998834 -0.048282 0
    outer loop
      vertex 23.133 26.1471 2.15
      vertex 23.1362 26.0809 1.2
      vertex 23.1362 26.0809 2.15
    endloop
  endfacet
  facet normal -0.998904 -0.0467984 0
    outer loop
      vertex 23.1391 26.019 1.2
      vertex 23.1362 26.0809 2.15
      vertex 23.1362 26.0809 1.2
    endloop
  endfacet
  facet normal -0.998904 -0.0467984 0
    outer loop
      vertex 23.1362 26.0809 2.15
      vertex 23.1391 26.019 1.2
      vertex 23.1391 26.019 2.15
    endloop
  endfacet
  facet normal -0.998748 -0.05003 0
    outer loop
      vertex 23.1418 25.9651 1.2
      vertex 23.1391 26.019 2.15
      vertex 23.1391 26.019 1.2
    endloop
  endfacet
  facet normal -0.998748 -0.05003 0
    outer loop
      vertex 23.1391 26.019 2.15
      vertex 23.1418 25.9651 1.2
      vertex 23.1418 25.9651 2.15
    endloop
  endfacet
  facet normal -0.997979 -0.0635505 0
    outer loop
      vertex 23.1445 25.9227 1.2
      vertex 23.1418 25.9651 2.15
      vertex 23.1418 25.9651 1.2
    endloop
  endfacet
  facet normal -0.997979 -0.0635505 0
    outer loop
      vertex 23.1418 25.9651 2.15
      vertex 23.1445 25.9227 1.2
      vertex 23.1445 25.9227 2.15
    endloop
  endfacet
  facet normal -0.99592 -0.0902451 0
    outer loop
      vertex 23.1473 25.8918 1.2
      vertex 23.1445 25.9227 2.15
      vertex 23.1445 25.9227 1.2
    endloop
  endfacet
  facet normal -0.99592 -0.0902451 0
    outer loop
      vertex 23.1445 25.9227 2.15
      vertex 23.1473 25.8918 1.2
      vertex 23.1473 25.8918 2.15
    endloop
  endfacet
  facet normal -0.990356 -0.138547 0
    outer loop
      vertex 23.15 25.8725 1.2
      vertex 23.1473 25.8918 2.15
      vertex 23.1473 25.8918 1.2
    endloop
  endfacet
  facet normal -0.990356 -0.138547 0
    outer loop
      vertex 23.1473 25.8918 2.15
      vertex 23.15 25.8725 1.2
      vertex 23.15 25.8725 2.15
    endloop
  endfacet
  facet normal 0 -1 0
    outer loop
      vertex 23.15 25.8725 1.2
      vertex 24.0722 25.8725 2.15
      vertex 23.15 25.8725 2.15
    endloop
  endfacet
  facet normal 0 -1 -0
    outer loop
      vertex 24.0722 25.8725 2.15
      vertex 23.15 25.8725 1.2
      vertex 24.0722 25.8725 1.2
    endloop
  endfacet
  facet normal 0.996263 0.0863672 0
    outer loop
      vertex 24.0722 25.8725 2.15
      vertex 24.058 26.0363 1.2
      vertex 24.058 26.0363 2.15
    endloop
  endfacet
  facet normal 0.996263 0.0863672 0
    outer loop
      vertex 24.058 26.0363 1.2
      vertex 24.0722 25.8725 2.15
      vertex 24.0722 25.8725 1.2
    endloop
  endfacet
  facet normal 0.999251 0.0386954 0
    outer loop
      vertex 24.058 26.0363 2.15
      vertex 24.0478 26.2997 1.2
      vertex 24.0478 26.2997 2.15
    endloop
  endfacet
  facet normal 0.999251 0.0386954 0
    outer loop
      vertex 24.0478 26.2997 1.2
      vertex 24.058 26.0363 2.15
      vertex 24.058 26.0363 1.2
    endloop
  endfacet
  facet normal 0.999859 0.0167928 0
    outer loop
      vertex 24.0478 26.2997 2.15
      vertex 24.0417 26.6629 1.2
      vertex 24.0417 26.6629 2.15
    endloop
  endfacet
  facet normal 0.999859 0.0167928 0
    outer loop
      vertex 24.0417 26.6629 1.2
      vertex 24.0478 26.2997 2.15
      vertex 24.0478 26.2997 1.2
    endloop
  endfacet
  facet normal 0.999991 0.00432148 0
    outer loop
      vertex 24.0417 26.6629 2.15
      vertex 24.0397 27.1257 1.2
      vertex 24.0397 27.1257 2.15
    endloop
  endfacet
  facet normal 0.999991 0.00432148 0
    outer loop
      vertex 24.0397 27.1257 1.2
      vertex 24.0417 26.6629 2.15
      vertex 24.0417 26.6629 1.2
    endloop
  endfacet
  facet normal 1 -0 0
    outer loop
      vertex 24.0397 27.1257 2.15
      vertex 24.0397 31.7423 1.2
      vertex 24.0397 31.7423 2.15
    endloop
  endfacet
  facet normal 1 0 0
    outer loop
      vertex 24.0397 31.7423 1.2
      vertex 24.0397 27.1257 2.15
      vertex 24.0397 27.1257 1.2
    endloop
  endfacet
  facet normal 0 1 -0
    outer loop
      vertex 24.0397 31.7423 1.2
      vertex 23.0632 31.7423 2.15
      vertex 24.0397 31.7423 2.15
    endloop
  endfacet
  facet normal 0 1 0
    outer loop
      vertex 23.0632 31.7423 2.15
      vertex 24.0397 31.7423 1.2
      vertex 23.0632 31.7423 1.2
    endloop
  endfacet
  facet normal -1 0 0
    outer loop
      vertex 23.0632 28.3409 1.2
      vertex 23.0632 31.7423 2.15
      vertex 23.0632 31.7423 1.2
    endloop
  endfacet
  facet normal -1 -0 0
    outer loop
      vertex 23.0632 31.7423 2.15
      vertex 23.0632 28.3409 1.2
      vertex 23.0632 28.3409 2.15
    endloop
  endfacet
  facet normal -0.998041 0.0625623 0
    outer loop
      vertex 23.0378 27.9357 1.2
      vertex 23.0632 28.3409 2.15
      vertex 23.0632 28.3409 1.2
    endloop
  endfacet
  facet normal -0.998041 0.0625623 0
    outer loop
      vertex 23.0632 28.3409 2.15
      vertex 23.0378 27.9357 1.2
      vertex 23.0378 27.9357 2.15
    endloop
  endfacet
  facet normal -0.978081 0.208224 0
    outer loop
      vertex 22.9615 27.5773 1.2
      vertex 23.0378 27.9357 2.15
      vertex 23.0378 27.9357 1.2
    endloop
  endfacet
  facet normal -0.978081 0.208224 0
    outer loop
      vertex 23.0378 27.9357 2.15
      vertex 22.9615 27.5773 1.2
      vertex 22.9615 27.5773 2.15
    endloop
  endfacet
  facet normal -0.925831 0.377939 0
    outer loop
      vertex 22.8343 27.2657 1.2
      vertex 22.9615 27.5773 2.15
      vertex 22.9615 27.5773 1.2
    endloop
  endfacet
  facet normal -0.925831 0.377939 0
    outer loop
      vertex 22.9615 27.5773 2.15
      vertex 22.8343 27.2657 1.2
      vertex 22.8343 27.2657 2.15
    endloop
  endfacet
  facet normal -0.829923 0.557879 0
    outer loop
      vertex 22.6563 27.0009 1.2
      vertex 22.8343 27.2657 2.15
      vertex 22.8343 27.2657 1.2
    endloop
  endfacet
  facet normal -0.829923 0.557879 0
    outer loop
      vertex 22.8343 27.2657 2.15
      vertex 22.6563 27.0009 1.2
      vertex 22.6563 27.0009 2.15
    endloop
  endfacet
  facet normal -0.689101 0.724665 0
    outer loop
      vertex 22.6563 27.0009 1.2
      vertex 22.4342 26.7897 2.15
      vertex 22.6563 27.0009 2.15
    endloop
  endfacet
  facet normal -0.689101 0.724665 0
    outer loop
      vertex 22.4342 26.7897 2.15
      vertex 22.6563 27.0009 1.2
      vertex 22.4342 26.7897 1.2
    endloop
  endfacet
  facet normal -0.502835 0.864383 0
    outer loop
      vertex 22.4342 26.7897 1.2
      vertex 22.1748 26.6388 2.15
      vertex 22.4342 26.7897 2.15
    endloop
  endfacet
  facet normal -0.502835 0.864383 0
    outer loop
      vertex 22.1748 26.6388 2.15
      vertex 22.4342 26.7897 1.2
      vertex 22.1748 26.6388 1.2
    endloop
  endfacet
  facet normal -0.291752 0.956494 0
    outer loop
      vertex 22.1748 26.6388 1.2
      vertex 21.8781 26.5483 2.15
      vertex 22.1748 26.6388 2.15
    endloop
  endfacet
  facet normal -0.291752 0.956494 0
    outer loop
      vertex 21.8781 26.5483 2.15
      vertex 22.1748 26.6388 1.2
      vertex 21.8781 26.5483 1.2
    endloop
  endfacet
  facet normal -0.0900518 0.995937 0
    outer loop
      vertex 21.8781 26.5483 1.2
      vertex 21.5441 26.5181 2.15
      vertex 21.8781 26.5483 2.15
    endloop
  endfacet
  facet normal -0.0900518 0.995937 0
    outer loop
      vertex 21.5441 26.5181 2.15
      vertex 21.8781 26.5483 1.2
      vertex 21.5441 26.5181 1.2
    endloop
  endfacet
  facet normal 0.0387715 0.999248 -0
    outer loop
      vertex 21.5441 26.5181 1.2
      vertex 21.3173 26.5269 2.15
      vertex 21.5441 26.5181 2.15
    endloop
  endfacet
  facet normal 0.0387715 0.999248 0
    outer loop
      vertex 21.3173 26.5269 2.15
      vertex 21.5441 26.5181 1.2
      vertex 21.3173 26.5269 1.2
    endloop
  endfacet
  facet normal 0.132853 0.991136 -0
    outer loop
      vertex 21.3173 26.5269 1.2
      vertex 21.1196 26.5534 2.15
      vertex 21.3173 26.5269 2.15
    endloop
  endfacet
  facet normal 0.132853 0.991136 0
    outer loop
      vertex 21.1196 26.5534 2.15
      vertex 21.3173 26.5269 1.2
      vertex 21.1196 26.5534 1.2
    endloop
  endfacet
  facet normal 0.252656 0.967556 -0
    outer loop
      vertex 21.1196 26.5534 1.2
      vertex 20.9511 26.5974 2.15
      vertex 21.1196 26.5534 2.15
    endloop
  endfacet
  facet normal 0.252656 0.967556 0
    outer loop
      vertex 20.9511 26.5974 2.15
      vertex 21.1196 26.5534 1.2
      vertex 20.9511 26.5974 1.2
    endloop
  endfacet
  facet normal 0.404981 0.914325 -0
    outer loop
      vertex 20.9511 26.5974 1.2
      vertex 20.8118 26.6591 2.15
      vertex 20.9511 26.5974 2.15
    endloop
  endfacet
  facet normal 0.404981 0.914325 0
    outer loop
      vertex 20.8118 26.6591 2.15
      vertex 20.9511 26.5974 1.2
      vertex 20.8118 26.6591 1.2
    endloop
  endfacet
  facet normal 0.575302 0.817941 -0
    outer loop
      vertex 20.8118 26.6591 1.2
      vertex 20.6955 26.7409 2.15
      vertex 20.8118 26.6591 2.15
    endloop
  endfacet
  facet normal 0.575302 0.817941 0
    outer loop
      vertex 20.6955 26.7409 2.15
      vertex 20.8118 26.6591 1.2
      vertex 20.6955 26.7409 1.2
    endloop
  endfacet
  facet normal 0.722914 0.690939 0
    outer loop
      vertex 20.6955 26.7409 2.15
      vertex 20.5961 26.8449 1.2
      vertex 20.5961 26.8449 2.15
    endloop
  endfacet
  facet normal 0.722914 0.690939 0
    outer loop
      vertex 20.5961 26.8449 1.2
      vertex 20.6955 26.7409 2.15
      vertex 20.6955 26.7409 1.2
    endloop
  endfacet
  facet normal 0.837914 0.545803 0
    outer loop
      vertex 20.5961 26.8449 2.15
      vertex 20.5137 26.9714 1.2
      vertex 20.5137 26.9714 2.15
    endloop
  endfacet
  facet normal 0.837914 0.545803 0
    outer loop
      vertex 20.5137 26.9714 1.2
      vertex 20.5961 26.8449 2.15
      vertex 20.5961 26.8449 1.2
    endloop
  endfacet
  facet normal 0.915578 0.402141 0
    outer loop
      vertex 20.5137 26.9714 2.15
      vertex 20.4483 27.1203 1.2
      vertex 20.4483 27.1203 2.15
    endloop
  endfacet
  facet normal 0.915578 0.402141 0
    outer loop
      vertex 20.4483 27.1203 1.2
      vertex 20.5137 26.9714 2.15
      vertex 20.5137 26.9714 1.2
    endloop
  endfacet
  facet normal 0.962344 0.271836 0
    outer loop
      vertex 20.4483 27.1203 2.15
      vertex 20.3985 27.2966 1.2
      vertex 20.3985 27.2966 2.15
    endloop
  endfacet
  facet normal 0.962344 0.271836 0
    outer loop
      vertex 20.3985 27.2966 1.2
      vertex 20.4483 27.1203 2.15
      vertex 20.4483 27.1203 1.2
    endloop
  endfacet
  facet normal 0.985775 0.168073 0
    outer loop
      vertex 20.3985 27.2966 2.15
      vertex 20.3629 27.5054 1.2
      vertex 20.3629 27.5054 2.15
    endloop
  endfacet
  facet normal 0.985775 0.168073 0
    outer loop
      vertex 20.3629 27.5054 1.2
      vertex 20.3985 27.2966 2.15
      vertex 20.3985 27.2966 1.2
    endloop
  endfacet
  facet normal 0.996097 0.088267 0
    outer loop
      vertex 20.3629 27.5054 2.15
      vertex 20.3415 27.7469 1.2
      vertex 20.3415 27.7469 2.15
    endloop
  endfacet
  facet normal 0.996097 0.088267 0
    outer loop
      vertex 20.3415 27.7469 1.2
      vertex 20.3629 27.5054 2.15
      vertex 20.3629 27.5054 1.2
    endloop
  endfacet
  facet normal 0.999664 0.0259132 0
    outer loop
      vertex 20.3415 27.7469 2.15
      vertex 20.3344 28.0208 1.2
      vertex 20.3344 28.0208 2.15
    endloop
  endfacet
  facet normal 0.999664 0.0259132 0
    outer loop
      vertex 20.3344 28.0208 1.2
      vertex 20.3415 27.7469 2.15
      vertex 20.3415 27.7469 1.2
    endloop
  endfacet
  facet normal 1 -0 0
    outer loop
      vertex 20.3344 28.0208 2.15
      vertex 20.3344 31.7423 1.2
      vertex 20.3344 31.7423 2.15
    endloop
  endfacet
  facet normal 1 0 0
    outer loop
      vertex 20.3344 31.7423 1.2
      vertex 20.3344 28.0208 2.15
      vertex 20.3344 28.0208 1.2
    endloop
  endfacet
  facet normal 0 1 -0
    outer loop
      vertex 20.3344 31.7423 1.2
      vertex 19.3525 31.7423 2.15
      vertex 20.3344 31.7423 2.15
    endloop
  endfacet
  facet normal 0 1 0
    outer loop
      vertex 19.3525 31.7423 2.15
      vertex 20.3344 31.7423 1.2
      vertex 19.3525 31.7423 1.2
    endloop
  endfacet
  facet normal -1 0 0
    outer loop
      vertex 19.3525 27.8309 1.2
      vertex 19.3525 31.7423 2.15
      vertex 19.3525 31.7423 1.2
    endloop
  endfacet
  facet normal -1 -0 0
    outer loop
      vertex 19.3525 31.7423 2.15
      vertex 19.3525 27.8309 1.2
      vertex 19.3525 27.8309 2.15
    endloop
  endfacet
  facet normal -0.998531 -0.0541793 0
    outer loop
      vertex 19.3804 27.3167 1.2
      vertex 19.3525 27.8309 2.15
      vertex 19.3525 27.8309 1.2
    endloop
  endfacet
  facet normal -0.998531 -0.0541793 0
    outer loop
      vertex 19.3525 27.8309 2.15
      vertex 19.3804 27.3167 1.2
      vertex 19.3804 27.3167 2.15
    endloop
  endfacet
  facet normal -0.981968 -0.189048 0
    outer loop
      vertex 19.4643 26.8809 1.2
      vertex 19.3804 27.3167 2.15
      vertex 19.3804 27.3167 1.2
    endloop
  endfacet
  facet normal -0.981968 -0.189048 0
    outer loop
      vertex 19.3804 27.3167 2.15
      vertex 19.4643 26.8809 1.2
      vertex 19.4643 26.8809 2.15
    endloop
  endfacet
  facet normal -0.93127 -0.364331 0
    outer loop
      vertex 19.6042 26.5233 1.2
      vertex 19.4643 26.8809 2.15
      vertex 19.4643 26.8809 1.2
    endloop
  endfacet
  facet normal -0.93127 -0.364331 0
    outer loop
      vertex 19.4643 26.8809 2.15
      vertex 19.6042 26.5233 1.2
      vertex 19.6042 26.5233 2.15
    endloop
  endfacet
  facet normal -0.818736 -0.574171 0
    outer loop
      vertex 19.8 26.2441 1.2
      vertex 19.6042 26.5233 2.15
      vertex 19.6042 26.5233 1.2
    endloop
  endfacet
  facet normal -0.818736 -0.574171 0
    outer loop
      vertex 19.6042 26.5233 2.15
      vertex 19.8 26.2441 1.2
      vertex 19.8 26.2441 2.15
    endloop
  endfacet
  facet normal -0.633928 -0.773392 0
    outer loop
      vertex 19.8 26.2441 1.2
      vertex 20.0562 26.0341 2.15
      vertex 19.8 26.2441 2.15
    endloop
  endfacet
  facet normal -0.633928 -0.773392 -0
    outer loop
      vertex 20.0562 26.0341 2.15
      vertex 19.8 26.2441 1.2
      vertex 20.0562 26.0341 1.2
    endloop
  endfacet
  facet normal -0.423689 -0.905808 0
    outer loop
      vertex 20.0562 26.0341 1.2
      vertex 20.3771 25.884 2.15
      vertex 20.0562 26.0341 2.15
    endloop
  endfacet
  facet normal -0.423689 -0.905808 -0
    outer loop
      vertex 20.3771 25.884 2.15
      vertex 20.0562 26.0341 1.2
      vertex 20.3771 25.884 1.2
    endloop
  endfacet
  facet normal -0.227238 -0.973839 0
    outer loop
      vertex 20.3771 25.884 1.2
      vertex 20.7628 25.794 2.15
      vertex 20.3771 25.884 2.15
    endloop
  endfacet
  facet normal -0.227238 -0.973839 -0
    outer loop
      vertex 20.7628 25.794 2.15
      vertex 20.3771 25.884 1.2
      vertex 20.7628 25.794 1.2
    endloop
  endfacet
  facet normal -0.0664455 -0.99779 0
    outer loop
      vertex 20.7628 25.794 1.2
      vertex 21.2133 25.764 2.15
      vertex 20.7628 25.794 2.15
    endloop
  endfacet
  facet normal -0.0664455 -0.99779 -0
    outer loop
      vertex 21.2133 25.764 2.15
      vertex 20.7628 25.794 1.2
      vertex 21.2133 25.764 1.2
    endloop
  endfacet
  facet normal 0.0501275 -0.998743 0
    outer loop
      vertex 21.2133 25.764 1.2
      vertex 21.5281 25.7798 2.15
      vertex 21.2133 25.764 2.15
    endloop
  endfacet
  facet normal 0.0501275 -0.998743 0
    outer loop
      vertex 21.5281 25.7798 2.15
      vertex 21.2133 25.764 1.2
      vertex 21.5281 25.7798 1.2
    endloop
  endfacet
  facet normal 0 1 -0
    outer loop
      vertex 70.0688 31.7423 1.2
      vertex 69.0923 31.7423 2.15
      vertex 70.0688 31.7423 2.15
    endloop
  endfacet
  facet normal 0 1 0
    outer loop
      vertex 69.0923 31.7423 2.15
      vertex 70.0688 31.7423 1.2
      vertex 69.0923 31.7423 1.2
    endloop
  endfacet
  facet normal -1 0 0
    outer loop
      vertex 69.0923 25.8725 1.2
      vertex 69.0923 31.7423 2.15
      vertex 69.0923 31.7423 1.2
    endloop
  endfacet
  facet normal -1 -0 0
    outer loop
      vertex 69.0923 31.7423 2.15
      vertex 69.0923 25.8725 1.2
      vertex 69.0923 25.8725 2.15
    endloop
  endfacet
  facet normal 0 -1 0
    outer loop
      vertex 69.0923 25.8725 1.2
      vertex 70.0688 25.8725 2.15
      vertex 69.0923 25.8725 2.15
    endloop
  endfacet
  facet normal 0 -1 -0
    outer loop
      vertex 70.0688 25.8725 2.15
      vertex 69.0923 25.8725 1.2
      vertex 70.0688 25.8725 1.2
    endloop
  endfacet
  facet normal 1 -0 0
    outer loop
      vertex 70.0688 25.8725 2.15
      vertex 70.0688 31.7423 1.2
      vertex 70.0688 31.7423 2.15
    endloop
  endfacet
  facet normal 1 0 0
    outer loop
      vertex 70.0688 31.7423 1.2
      vertex 70.0688 25.8725 2.15
      vertex 70.0688 25.8725 1.2
    endloop
  endfacet
  facet normal 0.162065 -0.98678 0
    outer loop
      vertex 65.2116 25.7798 1.2
      vertex 65.4996 25.8271 2.15
      vertex 65.2116 25.7798 2.15
    endloop
  endfacet
  facet normal 0.162065 -0.98678 0
    outer loop
      vertex 65.4996 25.8271 2.15
      vertex 65.2116 25.7798 1.2
      vertex 65.4996 25.8271 1.2
    endloop
  endfacet
  facet normal 0.288827 -0.957381 0
    outer loop
      vertex 65.4996 25.8271 1.2
      vertex 65.7608 25.9059 2.15
      vertex 65.4996 25.8271 2.15
    endloop
  endfacet
  facet normal 0.288827 -0.957381 0
    outer loop
      vertex 65.7608 25.9059 2.15
      vertex 65.4996 25.8271 1.2
      vertex 65.7608 25.9059 1.2
    endloop
  endfacet
  facet normal 0.425946 -0.904749 0
    outer loop
      vertex 65.7608 25.9059 1.2
      vertex 65.9953 26.0163 2.15
      vertex 65.7608 25.9059 2.15
    endloop
  endfacet
  facet normal 0.425946 -0.904749 0
    outer loop
      vertex 65.9953 26.0163 2.15
      vertex 65.7608 25.9059 1.2
      vertex 65.9953 26.0163 1.2
    endloop
  endfacet
  facet normal 0.568691 -0.822551 0
    outer loop
      vertex 65.9953 26.0163 1.2
      vertex 66.2098 26.1646 2.15
      vertex 65.9953 26.0163 2.15
    endloop
  endfacet
  facet normal 0.568691 -0.822551 0
    outer loop
      vertex 66.2098 26.1646 2.15
      vertex 65.9953 26.0163 1.2
      vertex 66.2098 26.1646 1.2
    endloop
  endfacet
  facet normal 0.691687 -0.722197 0
    outer loop
      vertex 66.2098 26.1646 1.2
      vertex 66.411 26.3573 2.15
      vertex 66.2098 26.1646 2.15
    endloop
  endfacet
  facet normal 0.691687 -0.722197 0
    outer loop
      vertex 66.411 26.3573 2.15
      vertex 66.2098 26.1646 1.2
      vertex 66.411 26.3573 1.2
    endloop
  endfacet
  facet normal 0.783697 -0.621143 0
    outer loop
      vertex 66.411 26.3573 2.15
      vertex 66.599 26.5945 1.2
      vertex 66.599 26.5945 2.15
    endloop
  endfacet
  facet normal 0.783697 -0.621143 0
    outer loop
      vertex 66.599 26.5945 1.2
      vertex 66.411 26.3573 2.15
      vertex 66.411 26.3573 1.2
    endloop
  endfacet
  facet normal 0.849622 -0.527393 0
    outer loop
      vertex 66.599 26.5945 2.15
      vertex 66.7738 26.8761 1.2
      vertex 66.7738 26.8761 2.15
    endloop
  endfacet
  facet normal 0.849622 -0.527393 0
    outer loop
      vertex 66.7738 26.8761 1.2
      vertex 66.599 26.5945 2.15
      vertex 66.599 26.5945 1.2
    endloop
  endfacet
  facet normal 0 -1 0
    outer loop
      vertex 66.7738 26.8761 1.2
      vertex 66.79 26.8761 2.15
      vertex 66.7738 26.8761 2.15
    endloop
  endfacet
  facet normal 0 -1 -0
    outer loop
      vertex 66.79 26.8761 2.15
      vertex 66.7738 26.8761 1.2
      vertex 66.79 26.8761 1.2
    endloop
  endfacet
  facet normal -0.999639 -0.0268802 0
    outer loop
      vertex 66.7953 26.679 1.2
      vertex 66.79 26.8761 2.15
      vertex 66.79 26.8761 1.2
    endloop
  endfacet
  facet normal -0.999639 -0.0268802 0
    outer loop
      vertex 66.79 26.8761 2.15
      vertex 66.7953 26.679 1.2
      vertex 66.7953 26.679 2.15
    endloop
  endfacet
  facet normal -0.999548 -0.0300478 0
    outer loop
      vertex 66.8002 26.516 1.2
      vertex 66.7953 26.679 2.15
      vertex 66.7953 26.679 1.2
    endloop
  endfacet
  facet normal -0.999548 -0.0300478 0
    outer loop
      vertex 66.7953 26.679 2.15
      vertex 66.8002 26.516 1.2
      vertex 66.8002 26.516 2.15
    endloop
  endfacet
  facet normal -0.999362 -0.0357192 0
    outer loop
      vertex 66.8048 26.3873 1.2
      vertex 66.8002 26.516 2.15
      vertex 66.8002 26.516 1.2
    endloop
  endfacet
  facet normal -0.999362 -0.0357192 0
    outer loop
      vertex 66.8002 26.516 2.15
      vertex 66.8048 26.3873 1.2
      vertex 66.8048 26.3873 2.15
    endloop
  endfacet
  facet normal -0.999012 -0.0444476 0
    outer loop
      vertex 66.809 26.2929 1.2
      vertex 66.8048 26.3873 2.15
      vertex 66.8048 26.3873 1.2
    endloop
  endfacet
  facet normal -0.999012 -0.0444476 0
    outer loop
      vertex 66.8048 26.3873 2.15
      vertex 66.809 26.2929 1.2
      vertex 66.809 26.2929 2.15
    endloop
  endfacet
  facet normal -0.998654 -0.0518609 0
    outer loop
      vertex 66.8129 26.2178 1.2
      vertex 66.809 26.2929 2.15
      vertex 66.809 26.2929 1.2
    endloop
  endfacet
  facet normal -0.998654 -0.0518609 0
    outer loop
      vertex 66.809 26.2929 2.15
      vertex 66.8129 26.2178 1.2
      vertex 66.8129 26.2178 2.15
    endloop
  endfacet
  facet normal -0.998706 -0.0508535 0
    outer loop
      vertex 66.8165 26.1471 1.2
      vertex 66.8129 26.2178 2.15
      vertex 66.8129 26.2178 1.2
    endloop
  endfacet
  facet normal -0.998706 -0.0508535 0
    outer loop
      vertex 66.8129 26.2178 2.15
      vertex 66.8165 26.1471 1.2
      vertex 66.8165 26.1471 2.15
    endloop
  endfacet
  facet normal -0.998834 -0.048282 0
    outer loop
      vertex 66.8197 26.0809 1.2
      vertex 66.8165 26.1471 2.15
      vertex 66.8165 26.1471 1.2
    endloop
  endfacet
  facet normal -0.998834 -0.048282 0
    outer loop
      vertex 66.8165 26.1471 2.15
      vertex 66.8197 26.0809 1.2
      vertex 66.8197 26.0809 2.15
    endloop
  endfacet
  facet normal -0.998904 -0.0467984 0
    outer loop
      vertex 66.8226 26.019 1.2
      vertex 66.8197 26.0809 2.15
      vertex 66.8197 26.0809 1.2
    endloop
  endfacet
  facet normal -0.998904 -0.0467984 0
    outer loop
      vertex 66.8197 26.0809 2.15
      vertex 66.8226 26.019 1.2
      vertex 66.8226 26.019 2.15
    endloop
  endfacet
  facet normal -0.998748 -0.05003 0
    outer loop
      vertex 66.8253 25.9651 1.2
      vertex 66.8226 26.019 2.15
      vertex 66.8226 26.019 1.2
    endloop
  endfacet
  facet normal -0.998748 -0.05003 0
    outer loop
      vertex 66.8226 26.019 2.15
      vertex 66.8253 25.9651 1.2
      vertex 66.8253 25.9651 2.15
    endloop
  endfacet
  facet normal -0.997979 -0.0635505 0
    outer loop
      vertex 66.828 25.9227 1.2
      vertex 66.8253 25.9651 2.15
      vertex 66.8253 25.9651 1.2
    endloop
  endfacet
  facet normal -0.997979 -0.0635505 0
    outer loop
      vertex 66.8253 25.9651 2.15
      vertex 66.828 25.9227 1.2
      vertex 66.828 25.9227 2.15
    endloop
  endfacet
  facet normal -0.99592 -0.0902451 0
    outer loop
      vertex 66.8308 25.8918 1.2
      vertex 66.828 25.9227 2.15
      vertex 66.828 25.9227 1.2
    endloop
  endfacet
  facet normal -0.99592 -0.0902451 0
    outer loop
      vertex 66.828 25.9227 2.15
      vertex 66.8308 25.8918 1.2
      vertex 66.8308 25.8918 2.15
    endloop
  endfacet
  facet normal -0.990356 -0.138547 0
    outer loop
      vertex 66.8335 25.8725 1.2
      vertex 66.8308 25.8918 2.15
      vertex 66.8308 25.8918 1.2
    endloop
  endfacet
  facet normal -0.990356 -0.138547 0
    outer loop
      vertex 66.8308 25.8918 2.15
      vertex 66.8335 25.8725 1.2
      vertex 66.8335 25.8725 2.15
    endloop
  endfacet
  facet normal 0 -1 0
    outer loop
      vertex 66.8335 25.8725 1.2
      vertex 67.7557 25.8725 2.15
      vertex 66.8335 25.8725 2.15
    endloop
  endfacet
  facet normal 0 -1 -0
    outer loop
      vertex 67.7557 25.8725 2.15
      vertex 66.8335 25.8725 1.2
      vertex 67.7557 25.8725 1.2
    endloop
  endfacet
  facet normal 0.996263 0.0863672 0
    outer loop
      vertex 67.7557 25.8725 2.15
      vertex 67.7415 26.0363 1.2
      vertex 67.7415 26.0363 2.15
    endloop
  endfacet
  facet normal 0.996263 0.0863672 0
    outer loop
      vertex 67.7415 26.0363 1.2
      vertex 67.7557 25.8725 2.15
      vertex 67.7557 25.8725 1.2
    endloop
  endfacet
  facet normal 0.999251 0.0386954 0
    outer loop
      vertex 67.7415 26.0363 2.15
      vertex 67.7313 26.2997 1.2
      vertex 67.7313 26.2997 2.15
    endloop
  endfacet
  facet normal 0.999251 0.0386954 0
    outer loop
      vertex 67.7313 26.2997 1.2
      vertex 67.7415 26.0363 2.15
      vertex 67.7415 26.0363 1.2
    endloop
  endfacet
  facet normal 0.999859 0.0167928 0
    outer loop
      vertex 67.7313 26.2997 2.15
      vertex 67.7252 26.6629 1.2
      vertex 67.7252 26.6629 2.15
    endloop
  endfacet
  facet normal 0.999859 0.0167928 0
    outer loop
      vertex 67.7252 26.6629 1.2
      vertex 67.7313 26.2997 2.15
      vertex 67.7313 26.2997 1.2
    endloop
  endfacet
  facet normal 0.999991 0.00432148 0
    outer loop
      vertex 67.7252 26.6629 2.15
      vertex 67.7232 27.1257 1.2
      vertex 67.7232 27.1257 2.15
    endloop
  endfacet
  facet normal 0.999991 0.00432148 0
    outer loop
      vertex 67.7232 27.1257 1.2
      vertex 67.7252 26.6629 2.15
      vertex 67.7252 26.6629 1.2
    endloop
  endfacet
  facet normal 1 -0 0
    outer loop
      vertex 67.7232 27.1257 2.15
      vertex 67.7232 31.7423 1.2
      vertex 67.7232 31.7423 2.15
    endloop
  endfacet
  facet normal 1 0 0
    outer loop
      vertex 67.7232 31.7423 1.2
      vertex 67.7232 27.1257 2.15
      vertex 67.7232 27.1257 1.2
    endloop
  endfacet
  facet normal 0 1 -0
    outer loop
      vertex 67.7232 31.7423 1.2
      vertex 66.7467 31.7423 2.15
      vertex 67.7232 31.7423 2.15
    endloop
  endfacet
  facet normal 0 1 0
    outer loop
      vertex 66.7467 31.7423 2.15
      vertex 67.7232 31.7423 1.2
      vertex 66.7467 31.7423 1.2
    endloop
  endfacet
  facet normal -1 0 0
    outer loop
      vertex 66.7467 28.3409 1.2
      vertex 66.7467 31.7423 2.15
      vertex 66.7467 31.7423 1.2
    endloop
  endfacet
  facet normal -1 -0 0
    outer loop
      vertex 66.7467 31.7423 2.15
      vertex 66.7467 28.3409 1.2
      vertex 66.7467 28.3409 2.15
    endloop
  endfacet
  facet normal -0.998041 0.0625623 0
    outer loop
      vertex 66.7213 27.9357 1.2
      vertex 66.7467 28.3409 2.15
      vertex 66.7467 28.3409 1.2
    endloop
  endfacet
  facet normal -0.998041 0.0625623 0
    outer loop
      vertex 66.7467 28.3409 2.15
      vertex 66.7213 27.9357 1.2
      vertex 66.7213 27.9357 2.15
    endloop
  endfacet
  facet normal -0.978081 0.208224 0
    outer loop
      vertex 66.645 27.5773 1.2
      vertex 66.7213 27.9357 2.15
      vertex 66.7213 27.9357 1.2
    endloop
  endfacet
  facet normal -0.978081 0.208224 0
    outer loop
      vertex 66.7213 27.9357 2.15
      vertex 66.645 27.5773 1.2
      vertex 66.645 27.5773 2.15
    endloop
  endfacet
  facet normal -0.925831 0.377939 0
    outer loop
      vertex 66.5178 27.2657 1.2
      vertex 66.645 27.5773 2.15
      vertex 66.645 27.5773 1.2
    endloop
  endfacet
  facet normal -0.925831 0.377939 0
    outer loop
      vertex 66.645 27.5773 2.15
      vertex 66.5178 27.2657 1.2
      vertex 66.5178 27.2657 2.15
    endloop
  endfacet
  facet normal -0.829923 0.557879 0
    outer loop
      vertex 66.3398 27.0009 1.2
      vertex 66.5178 27.2657 2.15
      vertex 66.5178 27.2657 1.2
    endloop
  endfacet
  facet normal -0.829923 0.557879 0
    outer loop
      vertex 66.5178 27.2657 2.15
      vertex 66.3398 27.0009 1.2
      vertex 66.3398 27.0009 2.15
    endloop
  endfacet
  facet normal -0.689101 0.724665 0
    outer loop
      vertex 66.3398 27.0009 1.2
      vertex 66.1177 26.7897 2.15
      vertex 66.3398 27.0009 2.15
    endloop
  endfacet
  facet normal -0.689101 0.724665 0
    outer loop
      vertex 66.1177 26.7897 2.15
      vertex 66.3398 27.0009 1.2
      vertex 66.1177 26.7897 1.2
    endloop
  endfacet
  facet normal -0.502835 0.864383 0
    outer loop
      vertex 66.1177 26.7897 1.2
      vertex 65.8583 26.6388 2.15
      vertex 66.1177 26.7897 2.15
    endloop
  endfacet
  facet normal -0.502835 0.864383 0
    outer loop
      vertex 65.8583 26.6388 2.15
      vertex 66.1177 26.7897 1.2
      vertex 65.8583 26.6388 1.2
    endloop
  endfacet
  facet normal -0.291752 0.956494 0
    outer loop
      vertex 65.8583 26.6388 1.2
      vertex 65.5616 26.5483 2.15
      vertex 65.8583 26.6388 2.15
    endloop
  endfacet
  facet normal -0.291752 0.956494 0
    outer loop
      vertex 65.5616 26.5483 2.15
      vertex 65.8583 26.6388 1.2
      vertex 65.5616 26.5483 1.2
    endloop
  endfacet
  facet normal -0.0900518 0.995937 0
    outer loop
      vertex 65.5616 26.5483 1.2
      vertex 65.2276 26.5181 2.15
      vertex 65.5616 26.5483 2.15
    endloop
  endfacet
  facet normal -0.0900518 0.995937 0
    outer loop
      vertex 65.2276 26.5181 2.15
      vertex 65.5616 26.5483 1.2
      vertex 65.2276 26.5181 1.2
    endloop
  endfacet
  facet normal 0.0387715 0.999248 -0
    outer loop
      vertex 65.2276 26.5181 1.2
      vertex 65.0008 26.5269 2.15
      vertex 65.2276 26.5181 2.15
    endloop
  endfacet
  facet normal 0.0387715 0.999248 0
    outer loop
      vertex 65.0008 26.5269 2.15
      vertex 65.2276 26.5181 1.2
      vertex 65.0008 26.5269 1.2
    endloop
  endfacet
  facet normal 0.132853 0.991136 -0
    outer loop
      vertex 65.0008 26.5269 1.2
      vertex 64.8031 26.5534 2.15
      vertex 65.0008 26.5269 2.15
    endloop
  endfacet
  facet normal 0.132853 0.991136 0
    outer loop
      vertex 64.8031 26.5534 2.15
      vertex 65.0008 26.5269 1.2
      vertex 64.8031 26.5534 1.2
    endloop
  endfacet
  facet normal 0.252656 0.967556 -0
    outer loop
      vertex 64.8031 26.5534 1.2
      vertex 64.6346 26.5974 2.15
      vertex 64.8031 26.5534 2.15
    endloop
  endfacet
  facet normal 0.252656 0.967556 0
    outer loop
      vertex 64.6346 26.5974 2.15
      vertex 64.8031 26.5534 1.2
      vertex 64.6346 26.5974 1.2
    endloop
  endfacet
  facet normal 0.404738 0.914433 -0
    outer loop
      vertex 64.6346 26.5974 1.2
      vertex 64.4952 26.6591 2.15
      vertex 64.6346 26.5974 2.15
    endloop
  endfacet
  facet normal 0.404738 0.914433 0
    outer loop
      vertex 64.4952 26.6591 2.15
      vertex 64.6346 26.5974 1.2
      vertex 64.4952 26.6591 1.2
    endloop
  endfacet
  facet normal 0.575633 0.817708 -0
    outer loop
      vertex 64.4952 26.6591 1.2
      vertex 64.379 26.7409 2.15
      vertex 64.4952 26.6591 2.15
    endloop
  endfacet
  facet normal 0.575633 0.817708 0
    outer loop
      vertex 64.379 26.7409 2.15
      vertex 64.4952 26.6591 1.2
      vertex 64.379 26.7409 1.2
    endloop
  endfacet
  facet normal 0.722914 0.690939 0
    outer loop
      vertex 64.379 26.7409 2.15
      vertex 64.2796 26.8449 1.2
      vertex 64.2796 26.8449 2.15
    endloop
  endfacet
  facet normal 0.722914 0.690939 0
    outer loop
      vertex 64.2796 26.8449 1.2
      vertex 64.379 26.7409 2.15
      vertex 64.379 26.7409 1.2
    endloop
  endfacet
  facet normal 0.837914 0.545803 0
    outer loop
      vertex 64.2796 26.8449 2.15
      vertex 64.1972 26.9714 1.2
      vertex 64.1972 26.9714 2.15
    endloop
  endfacet
  facet normal 0.837914 0.545803 0
    outer loop
      vertex 64.1972 26.9714 1.2
      vertex 64.2796 26.8449 2.15
      vertex 64.2796 26.8449 1.2
    endloop
  endfacet
  facet normal 0.915578 0.402141 0
    outer loop
      vertex 64.1972 26.9714 2.15
      vertex 64.1318 27.1203 1.2
      vertex 64.1318 27.1203 2.15
    endloop
  endfacet
  facet normal 0.915578 0.402141 0
    outer loop
      vertex 64.1318 27.1203 1.2
      vertex 64.1972 26.9714 2.15
      vertex 64.1972 26.9714 1.2
    endloop
  endfacet
  facet normal 0.962344 0.271836 0
    outer loop
      vertex 64.1318 27.1203 2.15
      vertex 64.082 27.2966 1.2
      vertex 64.082 27.2966 2.15
    endloop
  endfacet
  facet normal 0.962344 0.271836 0
    outer loop
      vertex 64.082 27.2966 1.2
      vertex 64.1318 27.1203 2.15
      vertex 64.1318 27.1203 1.2
    endloop
  endfacet
  facet normal 0.985775 0.168073 0
    outer loop
      vertex 64.082 27.2966 2.15
      vertex 64.0464 27.5054 1.2
      vertex 64.0464 27.5054 2.15
    endloop
  endfacet
  facet normal 0.985775 0.168073 0
    outer loop
      vertex 64.0464 27.5054 1.2
      vertex 64.082 27.2966 2.15
      vertex 64.082 27.2966 1.2
    endloop
  endfacet
  facet normal 0.996097 0.088267 0
    outer loop
      vertex 64.0464 27.5054 2.15
      vertex 64.025 27.7469 1.2
      vertex 64.025 27.7469 2.15
    endloop
  endfacet
  facet normal 0.996097 0.088267 0
    outer loop
      vertex 64.025 27.7469 1.2
      vertex 64.0464 27.5054 2.15
      vertex 64.0464 27.5054 1.2
    endloop
  endfacet
  facet normal 0.999664 0.0259132 0
    outer loop
      vertex 64.025 27.7469 2.15
      vertex 64.0179 28.0208 1.2
      vertex 64.0179 28.0208 2.15
    endloop
  endfacet
  facet normal 0.999664 0.0259132 0
    outer loop
      vertex 64.0179 28.0208 1.2
      vertex 64.025 27.7469 2.15
      vertex 64.025 27.7469 1.2
    endloop
  endfacet
  facet normal 1 -0 0
    outer loop
      vertex 64.0179 28.0208 2.15
      vertex 64.0179 31.7423 1.2
      vertex 64.0179 31.7423 2.15
    endloop
  endfacet
  facet normal 1 0 0
    outer loop
      vertex 64.0179 31.7423 1.2
      vertex 64.0179 28.0208 2.15
      vertex 64.0179 28.0208 1.2
    endloop
  endfacet
  facet normal 0 1 -0
    outer loop
      vertex 64.0179 31.7423 1.2
      vertex 63.036 31.7423 2.15
      vertex 64.0179 31.7423 2.15
    endloop
  endfacet
  facet normal 0 1 0
    outer loop
      vertex 63.036 31.7423 2.15
      vertex 64.0179 31.7423 1.2
      vertex 63.036 31.7423 1.2
    endloop
  endfacet
  facet normal -1 0 0
    outer loop
      vertex 63.036 27.8309 1.2
      vertex 63.036 31.7423 2.15
      vertex 63.036 31.7423 1.2
    endloop
  endfacet
  facet normal -1 -0 0
    outer loop
      vertex 63.036 31.7423 2.15
      vertex 63.036 27.8309 1.2
      vertex 63.036 27.8309 2.15
    endloop
  endfacet
  facet normal -0.998531 -0.0541793 0
    outer loop
      vertex 63.0639 27.3167 1.2
      vertex 63.036 27.8309 2.15
      vertex 63.036 27.8309 1.2
    endloop
  endfacet
  facet normal -0.998531 -0.0541793 0
    outer loop
      vertex 63.036 27.8309 2.15
      vertex 63.0639 27.3167 1.2
      vertex 63.0639 27.3167 2.15
    endloop
  endfacet
  facet normal -0.981968 -0.189048 0
    outer loop
      vertex 63.1478 26.8809 1.2
      vertex 63.0639 27.3167 2.15
      vertex 63.0639 27.3167 1.2
    endloop
  endfacet
  facet normal -0.981968 -0.189048 0
    outer loop
      vertex 63.0639 27.3167 2.15
      vertex 63.1478 26.8809 1.2
      vertex 63.1478 26.8809 2.15
    endloop
  endfacet
  facet normal -0.93127 -0.364331 0
    outer loop
      vertex 63.2877 26.5233 1.2
      vertex 63.1478 26.8809 2.15
      vertex 63.1478 26.8809 1.2
    endloop
  endfacet
  facet normal -0.93127 -0.364331 0
    outer loop
      vertex 63.1478 26.8809 2.15
      vertex 63.2877 26.5233 1.2
      vertex 63.2877 26.5233 2.15
    endloop
  endfacet
  facet normal -0.818736 -0.574171 0
    outer loop
      vertex 63.4835 26.2441 1.2
      vertex 63.2877 26.5233 2.15
      vertex 63.2877 26.5233 1.2
    endloop
  endfacet
  facet normal -0.818736 -0.574171 0
    outer loop
      vertex 63.2877 26.5233 2.15
      vertex 63.4835 26.2441 1.2
      vertex 63.4835 26.2441 2.15
    endloop
  endfacet
  facet normal -0.633928 -0.773392 0
    outer loop
      vertex 63.4835 26.2441 1.2
      vertex 63.7397 26.0341 2.15
      vertex 63.4835 26.2441 2.15
    endloop
  endfacet
  facet normal -0.633928 -0.773392 -0
    outer loop
      vertex 63.7397 26.0341 2.15
      vertex 63.4835 26.2441 1.2
      vertex 63.7397 26.0341 1.2
    endloop
  endfacet
  facet normal -0.423689 -0.905808 0
    outer loop
      vertex 63.7397 26.0341 1.2
      vertex 64.0606 25.884 2.15
      vertex 63.7397 26.0341 2.15
    endloop
  endfacet
  facet normal -0.423689 -0.905808 -0
    outer loop
      vertex 64.0606 25.884 2.15
      vertex 63.7397 26.0341 1.2
      vertex 64.0606 25.884 1.2
    endloop
  endfacet
  facet normal -0.227238 -0.973839 0
    outer loop
      vertex 64.0606 25.884 1.2
      vertex 64.4463 25.794 2.15
      vertex 64.0606 25.884 2.15
    endloop
  endfacet
  facet normal -0.227238 -0.973839 -0
    outer loop
      vertex 64.4463 25.794 2.15
      vertex 64.0606 25.884 1.2
      vertex 64.4463 25.794 1.2
    endloop
  endfacet
  facet normal -0.0664455 -0.99779 0
    outer loop
      vertex 64.4463 25.794 1.2
      vertex 64.8968 25.764 2.15
      vertex 64.4463 25.794 2.15
    endloop
  endfacet
  facet normal -0.0664455 -0.99779 -0
    outer loop
      vertex 64.8968 25.764 2.15
      vertex 64.4463 25.794 1.2
      vertex 64.8968 25.764 1.2
    endloop
  endfacet
  facet normal 0.0501275 -0.998743 0
    outer loop
      vertex 64.8968 25.764 1.2
      vertex 65.2116 25.7798 2.15
      vertex 64.8968 25.764 2.15
    endloop
  endfacet
  facet normal 0.0501275 -0.998743 0
    outer loop
      vertex 65.2116 25.7798 2.15
      vertex 64.8968 25.764 1.2
      vertex 65.2116 25.7798 1.2
    endloop
  endfacet
endsolid OpenSCAD_Model
