solid OpenSCAD_Model
  facet normal 1 -0 0
    outer loop
      vertex 100 1.5 1.2
      vertex 100 37.7 0
      vertex 100 36.5 1.2
    endloop
  endfacet
  facet normal 1 0 0
    outer loop
      vertex 100 37.7 0
      vertex 100 1.5 1.2
      vertex 100 0.299999 0
    endloop
  endfacet
  facet normal 0 0 -1
    outer loop
      vertex 0 0.299999 0
      vertex 100 37.7 0
      vertex 100 0.299999 0
    endloop
  endfacet
  facet normal -0 0 -1
    outer loop
      vertex 100 37.7 0
      vertex 0 0.299999 0
      vertex 0 37.7 0
    endloop
  endfacet
  facet normal 0 -0.707106 0.707107
    outer loop
      vertex 0 1.5 1.2
      vertex 100 0.299999 0
      vertex 100 1.5 1.2
    endloop
  endfacet
  facet normal 0 -0.707106 0.707107
    outer loop
      vertex 100 0.299999 0
      vertex 0 1.5 1.2
      vertex 0 0.299999 0
    endloop
  endfacet
  facet normal -1 0 0
    outer loop
      vertex 0 37.7 0
      vertex 0 1.5 1.2
      vertex 0 36.5 1.2
    endloop
  endfacet
  facet normal -1 0 -0
    outer loop
      vertex 0 1.5 1.2
      vertex 0 37.7 0
      vertex 0 0.299999 0
    endloop
  endfacet
  facet normal -0 0.707107 0.707107
    outer loop
      vertex 0 37.7 0
      vertex 100 36.5 1.2
      vertex 100 37.7 0
    endloop
  endfacet
  facet normal 0 0.707107 0.707107
    outer loop
      vertex 100 36.5 1.2
      vertex 0 37.7 0
      vertex 0 36.5 1.2
    endloop
  endfacet
  facet normal 0 0 1
    outer loop
      vertex 25.4263 21.5651 1.2
      vertex 24.0382 17.3757 1.2
      vertex 24.0403 16.9129 1.2
    endloop
  endfacet
  facet normal 0 0 1
    outer loop
      vertex 22.96 17.8273 1.2
      vertex 20.3329 18.2708 1.2
      vertex 20.3401 17.9969 1.2
    endloop
  endfacet
  facet normal 0 0 1
    outer loop
      vertex 19.351 18.0809 1.2
      vertex 18.1122 19.1093 1.2
      vertex 18.1762 18.9598 1.2
    endloop
  endfacet
  facet normal 0 0 1
    outer loop
      vertex 19.351 21.9923 1.2
      vertex 18.0371 19.2486 1.2
      vertex 18.1122 19.1093 1.2
    endloop
  endfacet
  facet normal 0 0 1
    outer loop
      vertex 19.351 21.9923 1.2
      vertex 17.9508 19.3778 1.2
      vertex 18.0371 19.2486 1.2
    endloop
  endfacet
  facet normal 0 0 1
    outer loop
      vertex 19.351 21.9923 1.2
      vertex 17.8534 19.4968 1.2
      vertex 17.9508 19.3778 1.2
    endloop
  endfacet
  facet normal 0 0 1
    outer loop
      vertex 19.351 21.9923 1.2
      vertex 17.7457 19.6064 1.2
      vertex 17.8534 19.4968 1.2
    endloop
  endfacet
  facet normal 0 0 1
    outer loop
      vertex 19.351 21.9923 1.2
      vertex 17.6289 19.7071 1.2
      vertex 17.7457 19.6064 1.2
    endloop
  endfacet
  facet normal 0 0 1
    outer loop
      vertex 18.1138 22.1226 1.2
      vertex 17.5029 19.799 1.2
      vertex 17.6289 19.7071 1.2
    endloop
  endfacet
  facet normal 0 0 1
    outer loop
      vertex 18.1138 22.1226 1.2
      vertex 17.3678 19.882 1.2
      vertex 17.5029 19.799 1.2
    endloop
  endfacet
  facet normal 0 0 1
    outer loop
      vertex 18.1138 22.1226 1.2
      vertex 17.2255 19.9582 1.2
      vertex 17.3678 19.882 1.2
    endloop
  endfacet
  facet normal -0 0 1
    outer loop
      vertex 17.0938 21.9435 1.2
      vertex 17.2255 19.9582 1.2
      vertex 18.1138 22.1226 1.2
    endloop
  endfacet
  facet normal 0 0 1
    outer loop
      vertex 17.0938 21.9435 1.2
      vertex 17.0782 20.0292 1.2
      vertex 17.2255 19.9582 1.2
    endloop
  endfacet
  facet normal 0 0 1
    outer loop
      vertex 15.5719 20.4813 1.2
      vertex 17.0938 21.9435 1.2
      vertex 16.9908 22.2265 1.2
    endloop
  endfacet
  facet normal 0 0 1
    outer loop
      vertex 17.0938 21.9435 1.2
      vertex 16.9258 20.0952 1.2
      vertex 17.0782 20.0292 1.2
    endloop
  endfacet
  facet normal 0 0 1
    outer loop
      vertex 15.5719 20.4813 1.2
      vertex 16.9908 22.2265 1.2
      vertex 16.8497 22.4677 1.2
    endloop
  endfacet
  facet normal 0 0 1
    outer loop
      vertex 17.0938 21.9435 1.2
      vertex 16.7683 20.156 1.2
      vertex 16.9258 20.0952 1.2
    endloop
  endfacet
  facet normal 0 0 1
    outer loop
      vertex 15.5719 20.4813 1.2
      vertex 16.8497 22.4677 1.2
      vertex 16.6707 22.6672 1.2
    endloop
  endfacet
  facet normal 0 0 1
    outer loop
      vertex 17.0938 21.9435 1.2
      vertex 16.6064 20.2123 1.2
      vertex 16.7683 20.156 1.2
    endloop
  endfacet
  facet normal 0 0 1
    outer loop
      vertex 15.5719 20.4813 1.2
      vertex 16.6707 22.6672 1.2
      vertex 16.4537 22.8251 1.2
    endloop
  endfacet
  facet normal 0 0 1
    outer loop
      vertex 17.0938 21.9435 1.2
      vertex 16.4408 20.2645 1.2
      vertex 16.6064 20.2123 1.2
    endloop
  endfacet
  facet normal 0 0 1
    outer loop
      vertex 17.0938 21.9435 1.2
      vertex 16.2714 20.3127 1.2
      vertex 16.4408 20.2645 1.2
    endloop
  endfacet
  facet normal 0 0 1
    outer loop
      vertex 15.5719 20.4813 1.2
      vertex 16.4537 22.8251 1.2
      vertex 16.195 22.9449 1.2
    endloop
  endfacet
  facet normal 0 0 1
    outer loop
      vertex 17.0938 21.9435 1.2
      vertex 16.0983 20.3567 1.2
      vertex 16.2714 20.3127 1.2
    endloop
  endfacet
  facet normal 0 0 1
    outer loop
      vertex 17.0938 21.9435 1.2
      vertex 15.9232 20.3986 1.2
      vertex 16.0983 20.3567 1.2
    endloop
  endfacet
  facet normal 0 0 1
    outer loop
      vertex 15.3958 20.5222 1.2
      vertex 16.195 22.9449 1.2
      vertex 15.8908 23.0305 1.2
    endloop
  endfacet
  facet normal 0 0 1
    outer loop
      vertex 17.0938 21.9435 1.2
      vertex 15.7477 20.4401 1.2
      vertex 15.9232 20.3986 1.2
    endloop
  endfacet
  facet normal 0 0 1
    outer loop
      vertex 17.0938 21.9435 1.2
      vertex 15.5719 20.4813 1.2
      vertex 15.7477 20.4401 1.2
    endloop
  endfacet
  facet normal 0 0 1
    outer loop
      vertex 15.3958 20.5222 1.2
      vertex 15.8908 23.0305 1.2
      vertex 15.5412 23.0819 1.2
    endloop
  endfacet
  facet normal 0 0 1
    outer loop
      vertex 16.195 22.9449 1.2
      vertex 15.3958 20.5222 1.2
      vertex 15.5719 20.4813 1.2
    endloop
  endfacet
  facet normal 0 0 1
    outer loop
      vertex 14.9133 20.6342 1.2
      vertex 15.5412 23.0819 1.2
      vertex 15.1462 23.099 1.2
    endloop
  endfacet
  facet normal 0 0 1
    outer loop
      vertex 15.5412 23.0819 1.2
      vertex 14.9133 20.6342 1.2
      vertex 15.3958 20.5222 1.2
    endloop
  endfacet
  facet normal 0 0 1
    outer loop
      vertex 14.5183 20.7371 1.2
      vertex 15.1462 23.099 1.2
      vertex 14.715 23.0801 1.2
    endloop
  endfacet
  facet normal 0 0 1
    outer loop
      vertex 15.1462 23.099 1.2
      vertex 14.5183 20.7371 1.2
      vertex 14.9133 20.6342 1.2
    endloop
  endfacet
  facet normal -0 0 1
    outer loop
      vertex 14.3379 23.0231 1.2
      vertex 14.5183 20.7371 1.2
      vertex 14.715 23.0801 1.2
    endloop
  endfacet
  facet normal 0 0 1
    outer loop
      vertex 14.3379 23.0231 1.2
      vertex 14.2108 20.8309 1.2
      vertex 14.5183 20.7371 1.2
    endloop
  endfacet
  facet normal 0 0 1
    outer loop
      vertex 13.9907 20.9155 1.2
      vertex 14.3379 23.0231 1.2
      vertex 14.0151 22.9281 1.2
    endloop
  endfacet
  facet normal 0 0 1
    outer loop
      vertex 14.3379 23.0231 1.2
      vertex 13.9907 20.9155 1.2
      vertex 14.2108 20.8309 1.2
    endloop
  endfacet
  facet normal 0 0 1
    outer loop
      vertex 14.0151 22.9281 1.2
      vertex 13.8247 20.9999 1.2
      vertex 13.9907 20.9155 1.2
    endloop
  endfacet
  facet normal -0 0 1
    outer loop
      vertex 13.7466 22.7952 1.2
      vertex 13.8247 20.9999 1.2
      vertex 14.0151 22.9281 1.2
    endloop
  endfacet
  facet normal 0 0 1
    outer loop
      vertex 13.7466 22.7952 1.2
      vertex 13.6794 21.0932 1.2
      vertex 13.8247 20.9999 1.2
    endloop
  endfacet
  facet normal -0 0 1
    outer loop
      vertex 13.2638 21.8893 1.2
      vertex 13.6794 21.0932 1.2
      vertex 13.7466 22.7952 1.2
    endloop
  endfacet
  facet normal 0 0 1
    outer loop
      vertex 13.2939 22.1717 1.2
      vertex 13.7466 22.7952 1.2
      vertex 13.5353 22.6247 1.2
    endloop
  endfacet
  facet normal 0 0 1
    outer loop
      vertex 13.6794 21.0932 1.2
      vertex 13.2638 21.8893 1.2
      vertex 13.5548 21.1952 1.2
    endloop
  endfacet
  facet normal 0 0 1
    outer loop
      vertex 13.2939 22.1717 1.2
      vertex 13.5353 22.6247 1.2
      vertex 13.3845 22.4169 1.2
    endloop
  endfacet
  facet normal -0 -0 1
    outer loop
      vertex 13.2755 21.7206 1.2
      vertex 13.5548 21.1952 1.2
      vertex 13.2638 21.8893 1.2
    endloop
  endfacet
  facet normal 0 0 1
    outer loop
      vertex 13.5548 21.1952 1.2
      vertex 13.2755 21.7206 1.2
      vertex 13.4509 21.3061 1.2
    endloop
  endfacet
  facet normal 0 0 1
    outer loop
      vertex 13.7466 22.7952 1.2
      vertex 13.2939 22.1717 1.2
      vertex 13.2638 21.8893 1.2
    endloop
  endfacet
  facet normal -0 -0 1
    outer loop
      vertex 13.3105 21.5672 1.2
      vertex 13.4509 21.3061 1.2
      vertex 13.2755 21.7206 1.2
    endloop
  endfacet
  facet normal 0 0 1
    outer loop
      vertex 13.4509 21.3061 1.2
      vertex 13.3105 21.5672 1.2
      vertex 13.369 21.429 1.2
    endloop
  endfacet
  facet normal 0 0 1
    outer loop
      vertex 16.7624 19.0903 1.2
      vertex 17.2674 18.1786 1.2
      vertex 17.2568 18.3569 1.2
    endloop
  endfacet
  facet normal 0 0 1
    outer loop
      vertex 17.0025 18.8977 1.2
      vertex 17.2568 18.3569 1.2
      vertex 17.2247 18.5177 1.2
    endloop
  endfacet
  facet normal 0 0 1
    outer loop
      vertex 17.0025 18.8977 1.2
      vertex 17.2247 18.5177 1.2
      vertex 17.1713 18.6607 1.2
    endloop
  endfacet
  facet normal 0 0 1
    outer loop
      vertex 17.2568 18.3569 1.2
      vertex 17.0025 18.8977 1.2
      vertex 16.8911 18.9991 1.2
    endloop
  endfacet
  facet normal 0 0 1
    outer loop
      vertex 17.0025 18.8977 1.2
      vertex 17.1713 18.6607 1.2
      vertex 17.0966 18.7862 1.2
    endloop
  endfacet
  facet normal 0 0 1
    outer loop
      vertex 16.7624 19.0903 1.2
      vertex 17.2568 18.3569 1.2
      vertex 16.8911 18.9991 1.2
    endloop
  endfacet
  facet normal 0 0 1
    outer loop
      vertex 17.2674 18.1786 1.2
      vertex 16.7624 19.0903 1.2
      vertex 17.2334 17.8651 1.2
    endloop
  endfacet
  facet normal 0 -0 1
    outer loop
      vertex 16.9608 17.3592 1.2
      vertex 17.2334 17.8651 1.2
      vertex 16.7624 19.0903 1.2
    endloop
  endfacet
  facet normal 0 0 1
    outer loop
      vertex 17.2334 17.8651 1.2
      vertex 16.9608 17.3592 1.2
      vertex 17.1311 17.592 1.2
    endloop
  endfacet
  facet normal 0 0 1
    outer loop
      vertex 16.7624 19.0903 1.2
      vertex 16.7222 17.1668 1.2
      vertex 16.9608 17.3592 1.2
    endloop
  endfacet
  facet normal 0 0 1
    outer loop
      vertex 16.6164 19.1713 1.2
      vertex 16.7222 17.1668 1.2
      vertex 16.7624 19.0903 1.2
    endloop
  endfacet
  facet normal 0 0 1
    outer loop
      vertex 16.4543 19.2442 1.2
      vertex 16.7222 17.1668 1.2
      vertex 16.6164 19.1713 1.2
    endloop
  endfacet
  facet normal 0 0 1
    outer loop
      vertex 16.4543 19.2442 1.2
      vertex 16.421 17.0161 1.2
      vertex 16.7222 17.1668 1.2
    endloop
  endfacet
  facet normal 0 0 1
    outer loop
      vertex 16.2774 19.311 1.2
      vertex 16.421 17.0161 1.2
      vertex 16.4543 19.2442 1.2
    endloop
  endfacet
  facet normal 0 0 1
    outer loop
      vertex 16.0624 16.9085 1.2
      vertex 16.2774 19.311 1.2
      vertex 16.0854 19.3717 1.2
    endloop
  endfacet
  facet normal 0 0 1
    outer loop
      vertex 16.2774 19.311 1.2
      vertex 16.0624 16.9085 1.2
      vertex 16.421 17.0161 1.2
    endloop
  endfacet
  facet normal 0 0 1
    outer loop
      vertex 15.8786 19.4263 1.2
      vertex 16.0624 16.9085 1.2
      vertex 16.0854 19.3717 1.2
    endloop
  endfacet
  facet normal 0 0 1
    outer loop
      vertex 15.6465 16.8439 1.2
      vertex 15.8786 19.4263 1.2
      vertex 15.6586 19.4788 1.2
    endloop
  endfacet
  facet normal 0 0 1
    outer loop
      vertex 15.8786 19.4263 1.2
      vertex 15.6465 16.8439 1.2
      vertex 16.0624 16.9085 1.2
    endloop
  endfacet
  facet normal 0 0 1
    outer loop
      vertex 15.1734 16.8223 1.2
      vertex 15.6586 19.4788 1.2
      vertex 15.427 19.5334 1.2
    endloop
  endfacet
  facet normal 0 0 1
    outer loop
      vertex 15.1734 16.8223 1.2
      vertex 15.427 19.5334 1.2
      vertex 15.1839 19.5901 1.2
    endloop
  endfacet
  facet normal 0 0 1
    outer loop
      vertex 15.6586 19.4788 1.2
      vertex 15.1734 16.8223 1.2
      vertex 15.6465 16.8439 1.2
    endloop
  endfacet
  facet normal 0 0 1
    outer loop
      vertex 14.7133 16.8425 1.2
      vertex 15.1839 19.5901 1.2
      vertex 14.9293 19.6487 1.2
    endloop
  endfacet
  facet normal 0 0 1
    outer loop
      vertex 15.1839 19.5901 1.2
      vertex 14.7133 16.8425 1.2
      vertex 15.1734 16.8223 1.2
    endloop
  endfacet
  facet normal 0 0 1
    outer loop
      vertex 13.9456 17.0039 1.2
      vertex 14.9293 19.6487 1.2
      vertex 14.5036 19.7491 1.2
    endloop
  endfacet
  facet normal 0 0 1
    outer loop
      vertex 14.9293 19.6487 1.2
      vertex 14.304 16.903 1.2
      vertex 14.7133 16.8425 1.2
    endloop
  endfacet
  facet normal 0 0 1
    outer loop
      vertex 12.9003 18.1569 1.2
      vertex 14.5036 19.7491 1.2
      vertex 14.1325 19.8495 1.2
    endloop
  endfacet
  facet normal 0 0 1
    outer loop
      vertex 14.9293 19.6487 1.2
      vertex 13.9456 17.0039 1.2
      vertex 14.304 16.903 1.2
    endloop
  endfacet
  facet normal 0 0 1
    outer loop
      vertex 12.9003 18.1569 1.2
      vertex 14.1325 19.8495 1.2
      vertex 13.8159 19.9498 1.2
    endloop
  endfacet
  facet normal 0 0 1
    outer loop
      vertex 14.5036 19.7491 1.2
      vertex 13.6381 17.1451 1.2
      vertex 13.9456 17.0039 1.2
    endloop
  endfacet
  facet normal 0 0 1
    outer loop
      vertex 12.9003 18.1569 1.2
      vertex 13.8159 19.9498 1.2
      vertex 13.554 20.0502 1.2
    endloop
  endfacet
  facet normal 0 0 1
    outer loop
      vertex 14.5036 19.7491 1.2
      vertex 12.9003 18.1569 1.2
      vertex 13.0115 17.8353 1.2
    endloop
  endfacet
  facet normal 0 0 1
    outer loop
      vertex 12.9003 18.1569 1.2
      vertex 13.554 20.0502 1.2
      vertex 13.3318 20.1534 1.2
    endloop
  endfacet
  facet normal 0 -0 1
    outer loop
      vertex 13.1716 17.5595 1.2
      vertex 14.5036 19.7491 1.2
      vertex 13.0115 17.8353 1.2
    endloop
  endfacet
  facet normal 0 0 1
    outer loop
      vertex 12.9003 18.1569 1.2
      vertex 13.3318 20.1534 1.2
      vertex 13.1343 20.2624 1.2
    endloop
  endfacet
  facet normal 0 0 1
    outer loop
      vertex 14.5036 19.7491 1.2
      vertex 13.3804 17.3294 1.2
      vertex 13.6381 17.1451 1.2
    endloop
  endfacet
  facet normal 0 0 1
    outer loop
      vertex 12.9003 18.1569 1.2
      vertex 13.1343 20.2624 1.2
      vertex 12.9615 20.3772 1.2
    endloop
  endfacet
  facet normal 0 0 1
    outer loop
      vertex 14.5036 19.7491 1.2
      vertex 13.1716 17.5595 1.2
      vertex 13.3804 17.3294 1.2
    endloop
  endfacet
  facet normal 0 0 1
    outer loop
      vertex 11.8967 17.9562 1.2
      vertex 12.9615 20.3772 1.2
      vertex 12.8135 20.4977 1.2
    endloop
  endfacet
  facet normal 0 0 1
    outer loop
      vertex 11.8967 17.9562 1.2
      vertex 12.8135 20.4977 1.2
      vertex 12.6859 20.6264 1.2
    endloop
  endfacet
  facet normal 0 0 1
    outer loop
      vertex 11.8967 17.9562 1.2
      vertex 12.6859 20.6264 1.2
      vertex 12.5741 20.7656 1.2
    endloop
  endfacet
  facet normal 0 0 1
    outer loop
      vertex 11.8967 17.9562 1.2
      vertex 12.5741 20.7656 1.2
      vertex 12.4783 20.9153 1.2
    endloop
  endfacet
  facet normal 0 0 1
    outer loop
      vertex 11.8967 17.9562 1.2
      vertex 12.4783 20.9153 1.2
      vertex 12.3985 21.0755 1.2
    endloop
  endfacet
  facet normal 0 0 1
    outer loop
      vertex 11.8967 17.9562 1.2
      vertex 12.3985 21.0755 1.2
      vertex 12.3356 21.247 1.2
    endloop
  endfacet
  facet normal 0 0 1
    outer loop
      vertex 11.8967 17.9562 1.2
      vertex 12.3356 21.247 1.2
      vertex 12.2906 21.4308 1.2
    endloop
  endfacet
  facet normal 0 0 1
    outer loop
      vertex 12.9615 20.3772 1.2
      vertex 11.8967 17.9562 1.2
      vertex 12.9003 18.1569 1.2
    endloop
  endfacet
  facet normal 0 0 1
    outer loop
      vertex 12.2637 21.6268 1.2
      vertex 11.8967 17.9562 1.2
      vertex 12.2906 21.4308 1.2
    endloop
  endfacet
  facet normal 0 0 1
    outer loop
      vertex 11.8967 17.9562 1.2
      vertex 12.2637 21.6268 1.2
      vertex 12.2547 21.8351 1.2
    endloop
  endfacet
  facet normal 0 0 1
    outer loop
      vertex 24.0565 16.2863 1.2
      vertex 25.4344 20.7391 1.2
      vertex 25.4324 21.202 1.2
    endloop
  endfacet
  facet normal 0 0 1
    outer loop
      vertex 26.5127 20.2875 1.2
      vertex 29.1397 19.844 1.2
      vertex 29.1326 20.118 1.2
    endloop
  endfacet
  facet normal 0 0 1
    outer loop
      vertex 41.8096 18.8513 1.2
      vertex 40.7951 17.6469 1.2
      vertex 41.6522 17.4028 1.2
    endloop
  endfacet
  facet normal 0 0 1
    outer loop
      vertex 40.7951 17.6469 1.2
      vertex 40.5977 17.2902 1.2
      vertex 40.7118 17.4601 1.2
    endloop
  endfacet
  facet normal 0 0 1
    outer loop
      vertex 40.7951 17.6469 1.2
      vertex 40.4527 17.1373 1.2
      vertex 40.5977 17.2902 1.2
    endloop
  endfacet
  facet normal 0 0 1
    outer loop
      vertex 40.7951 17.6469 1.2
      vertex 40.2769 17.0013 1.2
      vertex 40.4527 17.1373 1.2
    endloop
  endfacet
  facet normal 0 0 1
    outer loop
      vertex 40.7951 17.6469 1.2
      vertex 40.0699 16.8898 1.2
      vertex 40.2769 17.0013 1.2
    endloop
  endfacet
  facet normal -0 0 1
    outer loop
      vertex 37.6214 18.8513 1.2
      vertex 40.7951 17.6469 1.2
      vertex 41.8096 18.8513 1.2
    endloop
  endfacet
  facet normal -0 -0 1
    outer loop
      vertex 37.6475 18.3756 1.2
      vertex 40.7951 17.6469 1.2
      vertex 37.6214 18.8513 1.2
    endloop
  endfacet
  facet normal -0 -0 1
    outer loop
      vertex 37.7258 17.9575 1.2
      vertex 40.7951 17.6469 1.2
      vertex 37.6475 18.3756 1.2
    endloop
  endfacet
  facet normal 0 0 1
    outer loop
      vertex 40.7951 17.6469 1.2
      vertex 39.8314 16.8101 1.2
      vertex 40.0699 16.8898 1.2
    endloop
  endfacet
  facet normal 0 0 1
    outer loop
      vertex 40.7951 17.6469 1.2
      vertex 39.5614 16.7623 1.2
      vertex 39.8314 16.8101 1.2
    endloop
  endfacet
  facet normal 0 0 1
    outer loop
      vertex 39.5614 16.7623 1.2
      vertex 37.7258 17.9575 1.2
      vertex 39.2598 16.7464 1.2
    endloop
  endfacet
  facet normal -0 -0 1
    outer loop
      vertex 37.8563 17.5971 1.2
      vertex 39.2598 16.7464 1.2
      vertex 37.7258 17.9575 1.2
    endloop
  endfacet
  facet normal -0 -0 1
    outer loop
      vertex 38.0391 17.2943 1.2
      vertex 38.8824 16.7806 1.2
      vertex 37.8563 17.5971 1.2
    endloop
  endfacet
  facet normal 0 0 1
    outer loop
      vertex 38.8824 16.7806 1.2
      vertex 38.0391 17.2943 1.2
      vertex 38.5531 16.8833 1.2
    endloop
  endfacet
  facet normal 0 0 1
    outer loop
      vertex 38.5531 16.8833 1.2
      vertex 38.0391 17.2943 1.2
      vertex 38.272 17.0546 1.2
    endloop
  endfacet
  facet normal 0 0 1
    outer loop
      vertex 39.2598 16.7464 1.2
      vertex 37.8563 17.5971 1.2
      vertex 38.8824 16.7806 1.2
    endloop
  endfacet
  facet normal 0 0 1
    outer loop
      vertex 40.7951 17.6469 1.2
      vertex 37.7258 17.9575 1.2
      vertex 39.5614 16.7623 1.2
    endloop
  endfacet
  facet normal 0 0 1
    outer loop
      vertex 36.7663 17.7541 1.2
      vertex 33.7638 19.4697 1.2
      vertex 36.2702 16.1225 1.2
    endloop
  endfacet
  facet normal 0 0 1
    outer loop
      vertex 35.0007 21.9923 1.2
      vertex 32.4238 24.1732 1.2
      vertex 32.4238 19.1443 1.2
    endloop
  endfacet
  facet normal 0 0 1
    outer loop
      vertex 41.6478 20.3462 1.2
      vertex 42.929 20.7391 1.2
      vertex 42.927 21.202 1.2
    endloop
  endfacet
  facet normal 0 0 1
    outer loop
      vertex 44.0073 20.2875 1.2
      vertex 46.6343 19.844 1.2
      vertex 46.6272 20.118 1.2
    endloop
  endfacet
  facet normal 0 0 1
    outer loop
      vertex 76.1895 18.8513 1.2
      vertex 75.175 17.6469 1.2
      vertex 76.0321 17.4028 1.2
    endloop
  endfacet
  facet normal 0 0 1
    outer loop
      vertex 75.175 17.6469 1.2
      vertex 74.9776 17.2902 1.2
      vertex 75.0917 17.4601 1.2
    endloop
  endfacet
  facet normal 0 0 1
    outer loop
      vertex 75.175 17.6469 1.2
      vertex 74.8326 17.1373 1.2
      vertex 74.9776 17.2902 1.2
    endloop
  endfacet
  facet normal 0 0 1
    outer loop
      vertex 75.175 17.6469 1.2
      vertex 74.6568 17.0013 1.2
      vertex 74.8326 17.1373 1.2
    endloop
  endfacet
  facet normal 0 0 1
    outer loop
      vertex 75.175 17.6469 1.2
      vertex 74.4498 16.8898 1.2
      vertex 74.6568 17.0013 1.2
    endloop
  endfacet
  facet normal -0 0 1
    outer loop
      vertex 72.0013 18.8513 1.2
      vertex 75.175 17.6469 1.2
      vertex 76.1895 18.8513 1.2
    endloop
  endfacet
  facet normal -0 -0 1
    outer loop
      vertex 72.0274 18.3756 1.2
      vertex 75.175 17.6469 1.2
      vertex 72.0013 18.8513 1.2
    endloop
  endfacet
  facet normal -0 -0 1
    outer loop
      vertex 72.1057 17.9575 1.2
      vertex 75.175 17.6469 1.2
      vertex 72.0274 18.3756 1.2
    endloop
  endfacet
  facet normal 0 0 1
    outer loop
      vertex 75.175 17.6469 1.2
      vertex 74.2113 16.8101 1.2
      vertex 74.4498 16.8898 1.2
    endloop
  endfacet
  facet normal 0 0 1
    outer loop
      vertex 75.175 17.6469 1.2
      vertex 73.9413 16.7623 1.2
      vertex 74.2113 16.8101 1.2
    endloop
  endfacet
  facet normal 0 0 1
    outer loop
      vertex 73.9413 16.7623 1.2
      vertex 72.1057 17.9575 1.2
      vertex 73.6397 16.7464 1.2
    endloop
  endfacet
  facet normal -0 -0 1
    outer loop
      vertex 72.2362 17.5971 1.2
      vertex 73.6397 16.7464 1.2
      vertex 72.1057 17.9575 1.2
    endloop
  endfacet
  facet normal -0 -0 1
    outer loop
      vertex 72.419 17.2943 1.2
      vertex 73.2623 16.7806 1.2
      vertex 72.2362 17.5971 1.2
    endloop
  endfacet
  facet normal 0 0 1
    outer loop
      vertex 73.2623 16.7806 1.2
      vertex 72.419 17.2943 1.2
      vertex 72.933 16.8833 1.2
    endloop
  endfacet
  facet normal 0 0 1
    outer loop
      vertex 72.933 16.8833 1.2
      vertex 72.419 17.2943 1.2
      vertex 72.6519 17.0546 1.2
    endloop
  endfacet
  facet normal 0 0 1
    outer loop
      vertex 73.6397 16.7464 1.2
      vertex 72.2362 17.5971 1.2
      vertex 73.2623 16.7806 1.2
    endloop
  endfacet
  facet normal 0 0 1
    outer loop
      vertex 75.175 17.6469 1.2
      vertex 72.1057 17.9575 1.2
      vertex 73.9413 16.7623 1.2
    endloop
  endfacet
  facet normal 0 0 1
    outer loop
      vertex 65.827 16.7627 1.2
      vertex 64.959 17.5981 1.2
      vertex 64.9662 17.3945 1.2
    endloop
  endfacet
  facet normal 0 0 1
    outer loop
      vertex 62.6534 19.6813 1.2
      vertex 63.9718 20.0231 1.2
      vertex 63.9528 20.3557 1.2
    endloop
  endfacet
  facet normal 0 0 1
    outer loop
      vertex 62.6534 19.6813 1.2
      vertex 63.9528 20.3557 1.2
      vertex 63.8958 20.6374 1.2
    endloop
  endfacet
  facet normal 0 0 1
    outer loop
      vertex 62.6534 19.6813 1.2
      vertex 63.8958 20.6374 1.2
      vertex 63.8009 20.8683 1.2
    endloop
  endfacet
  facet normal 0 0 1
    outer loop
      vertex 63.4943 21.1836 1.2
      vertex 63.8009 20.8683 1.2
      vertex 63.6679 21.0483 1.2
    endloop
  endfacet
  facet normal 0 0 1
    outer loop
      vertex 63.8009 20.8683 1.2
      vertex 63.4943 21.1836 1.2
      vertex 62.6534 19.6813 1.2
    endloop
  endfacet
  facet normal 0 0 1
    outer loop
      vertex 62.6534 19.6813 1.2
      vertex 63.4943 21.1836 1.2
      vertex 63.2773 21.2803 1.2
    endloop
  endfacet
  facet normal 0 0 1
    outer loop
      vertex 62.6534 19.6813 1.2
      vertex 63.2773 21.2803 1.2
      vertex 63.0169 21.3383 1.2
    endloop
  endfacet
  facet normal 0 0 1
    outer loop
      vertex 62.6534 19.6813 1.2
      vertex 63.0169 21.3383 1.2
      vertex 62.7131 21.3576 1.2
    endloop
  endfacet
  facet normal 0 0 1
    outer loop
      vertex 63.9718 20.0231 1.2
      vertex 62.6534 19.6813 1.2
      vertex 63.9718 19.703 1.2
    endloop
  endfacet
  facet normal -0 0 1
    outer loop
      vertex 62.4073 21.3437 1.2
      vertex 62.6534 19.6813 1.2
      vertex 62.7131 21.3576 1.2
    endloop
  endfacet
  facet normal -0 0 1
    outer loop
      vertex 62.1462 21.302 1.2
      vertex 62.6534 19.6813 1.2
      vertex 62.4073 21.3437 1.2
    endloop
  endfacet
  facet normal -0 0 1
    outer loop
      vertex 61.9299 21.2325 1.2
      vertex 62.6534 19.6813 1.2
      vertex 62.1462 21.302 1.2
    endloop
  endfacet
  facet normal 0 0 1
    outer loop
      vertex 62.6534 19.6813 1.2
      vertex 61.9299 21.2325 1.2
      vertex 62.0321 19.6366 1.2
    endloop
  endfacet
  facet normal 0 0 1
    outer loop
      vertex 61.5196 20.8463 1.2
      vertex 61.9299 21.2325 1.2
      vertex 61.7583 21.1351 1.2
    endloop
  endfacet
  facet normal 0 0 1
    outer loop
      vertex 61.5196 20.8463 1.2
      vertex 61.7583 21.1351 1.2
      vertex 61.624 21.0073 1.2
    endloop
  endfacet
  facet normal 0 0 1
    outer loop
      vertex 61.9299 21.2325 1.2
      vertex 61.5196 20.8463 1.2
      vertex 62.0321 19.6366 1.2
    endloop
  endfacet
  facet normal -0 0 1
    outer loop
      vertex 61.445 20.652 1.2
      vertex 62.0321 19.6366 1.2
      vertex 61.5196 20.8463 1.2
    endloop
  endfacet
  facet normal 0 0 1
    outer loop
      vertex 62.0321 19.6366 1.2
      vertex 61.445 20.652 1.2
      vertex 61.4002 20.4245 1.2
    endloop
  endfacet
  facet normal 0 0 1
    outer loop
      vertex 62.0321 19.6366 1.2
      vertex 61.4002 20.4245 1.2
      vertex 61.5027 19.5348 1.2
    endloop
  endfacet
  facet normal 0 0 1
    outer loop
      vertex 61.4002 20.4245 1.2
      vertex 61.0651 19.3761 1.2
      vertex 61.5027 19.5348 1.2
    endloop
  endfacet
  facet normal 0 0 1
    outer loop
      vertex 60.3804 20.5167 1.2
      vertex 61.0651 19.3761 1.2
      vertex 61.4002 20.4245 1.2
    endloop
  endfacet
  facet normal 0 0 1
    outer loop
      vertex 61.0651 19.3761 1.2
      vertex 60.3804 20.5167 1.2
      vertex 60.7194 19.1605 1.2
    endloop
  endfacet
  facet normal -0 0 1
    outer loop
      vertex 59.02 19.9471 1.2
      vertex 60.7194 19.1605 1.2
      vertex 60.3804 20.5167 1.2
    endloop
  endfacet
  facet normal 0 0 1
    outer loop
      vertex 60.7194 19.1605 1.2
      vertex 59.02 19.9471 1.2
      vertex 60.4572 18.8899 1.2
    endloop
  endfacet
  facet normal -0 0 1
    outer loop
      vertex 57.8645 21.7862 1.2
      vertex 59.02 19.9471 1.2
      vertex 58.8518 22.0791 1.2
    endloop
  endfacet
  facet normal 0 0 1
    outer loop
      vertex 55.7813 19.9471 1.2
      vertex 57.6863 22.0896 1.2
      vertex 57.4773 22.349 1.2
    endloop
  endfacet
  facet normal 0 0 1
    outer loop
      vertex 57.6863 22.0896 1.2
      vertex 55.7813 19.9471 1.2
      vertex 57.8645 21.7862 1.2
    endloop
  endfacet
  facet normal 0 0 1
    outer loop
      vertex 55.7813 19.9471 1.2
      vertex 57.4773 22.349 1.2
      vertex 57.2374 22.5643 1.2
    endloop
  endfacet
  facet normal 0 0 1
    outer loop
      vertex 55.7813 19.9471 1.2
      vertex 57.2374 22.5643 1.2
      vertex 56.9666 22.7355 1.2
    endloop
  endfacet
  facet normal 0 0 1
    outer loop
      vertex 55.7813 19.9471 1.2
      vertex 56.9666 22.7355 1.2
      vertex 56.663 22.8661 1.2
    endloop
  endfacet
  facet normal 0 0 1
    outer loop
      vertex 55.7813 19.9471 1.2
      vertex 56.663 22.8661 1.2
      vertex 56.3245 22.9593 1.2
    endloop
  endfacet
  facet normal 0 0 1
    outer loop
      vertex 55.7813 19.9471 1.2
      vertex 56.3245 22.9593 1.2
      vertex 55.951 23.0153 1.2
    endloop
  endfacet
  facet normal 0 0 1
    outer loop
      vertex 57.8645 21.7862 1.2
      vertex 55.7813 19.9471 1.2
      vertex 59.02 19.9471 1.2
    endloop
  endfacet
  facet normal -0 0 1
    outer loop
      vertex 52.8656 19.2936 1.2
      vertex 55.7813 19.0791 1.2
      vertex 55.7813 19.9471 1.2
    endloop
  endfacet
  facet normal 0 0 1
    outer loop
      vertex 55.5426 23.0339 1.2
      vertex 55.7813 19.9471 1.2
      vertex 55.951 23.0153 1.2
    endloop
  endfacet
  facet normal -0 0 1
    outer loop
      vertex 54.9197 22.9839 1.2
      vertex 55.7813 19.9471 1.2
      vertex 55.5426 23.0339 1.2
    endloop
  endfacet
  facet normal 0 -0 1
    outer loop
      vertex 52.8656 19.2936 1.2
      vertex 55.7813 19.9471 1.2
      vertex 52.8192 19.9797 1.2
    endloop
  endfacet
  facet normal -0 0 1
    outer loop
      vertex 54.3748 22.8339 1.2
      vertex 55.7813 19.9471 1.2
      vertex 54.9197 22.9839 1.2
    endloop
  endfacet
  facet normal 0 0 1
    outer loop
      vertex 55.7813 19.0791 1.2
      vertex 52.8656 19.2936 1.2
      vertex 53.005 18.6838 1.2
    endloop
  endfacet
  facet normal -0 0 1
    outer loop
      vertex 53.9079 22.5838 1.2
      vertex 55.7813 19.9471 1.2
      vertex 54.3748 22.8339 1.2
    endloop
  endfacet
  facet normal 0 0 1
    outer loop
      vertex 55.7813 19.0791 1.2
      vertex 53.005 18.6838 1.2
      vertex 53.2372 18.1503 1.2
    endloop
  endfacet
  facet normal -0 0 1
    outer loop
      vertex 53.519 22.2337 1.2
      vertex 55.7813 19.9471 1.2
      vertex 53.9079 22.5838 1.2
    endloop
  endfacet
  facet normal 0 0 1
    outer loop
      vertex 55.7813 19.0791 1.2
      vertex 54.9977 16.9073 1.2
      vertex 55.6186 16.8549 1.2
    endloop
  endfacet
  facet normal 0 0 1
    outer loop
      vertex 55.7813 19.9471 1.2
      vertex 53.519 22.2337 1.2
      vertex 53.2129 21.7928 1.2
    endloop
  endfacet
  facet normal 0 0 1
    outer loop
      vertex 55.7813 19.0791 1.2
      vertex 53.2372 18.1503 1.2
      vertex 53.5624 17.6931 1.2
    endloop
  endfacet
  facet normal 0 0 1
    outer loop
      vertex 55.7813 19.9471 1.2
      vertex 53.2129 21.7928 1.2
      vertex 52.9942 21.2701 1.2
    endloop
  endfacet
  facet normal 0 0 1
    outer loop
      vertex 55.7813 19.0791 1.2
      vertex 54.4481 17.0645 1.2
      vertex 54.9977 16.9073 1.2
    endloop
  endfacet
  facet normal 0 0 1
    outer loop
      vertex 55.7813 19.9471 1.2
      vertex 52.9942 21.2701 1.2
      vertex 52.8629 20.6658 1.2
    endloop
  endfacet
  facet normal 0 0 1
    outer loop
      vertex 55.7813 19.0791 1.2
      vertex 53.5624 17.6931 1.2
      vertex 53.9696 17.3264 1.2
    endloop
  endfacet
  facet normal 0 0 1
    outer loop
      vertex 55.7813 19.9471 1.2
      vertex 52.8629 20.6658 1.2
      vertex 52.8192 19.9797 1.2
    endloop
  endfacet
  facet normal 0 0 1
    outer loop
      vertex 55.7813 19.0791 1.2
      vertex 53.9696 17.3264 1.2
      vertex 54.4481 17.0645 1.2
    endloop
  endfacet
  facet normal 0 0 1
    outer loop
      vertex 58.0652 19.0791 1.2
      vertex 57.849 17.516 1.2
      vertex 58.0652 17.7011 1.2
    endloop
  endfacet
  facet normal 0 0 1
    outer loop
      vertex 58.0652 19.0791 1.2
      vertex 57.602 17.3513 1.2
      vertex 57.849 17.516 1.2
    endloop
  endfacet
  facet normal -0 0 1
    outer loop
      vertex 55.7813 19.0791 1.2
      vertex 57.602 17.3513 1.2
      vertex 58.0652 19.0791 1.2
    endloop
  endfacet
  facet normal 0 0 1
    outer loop
      vertex 57.602 17.3513 1.2
      vertex 55.7813 19.0791 1.2
      vertex 57.3242 17.2068 1.2
    endloop
  endfacet
  facet normal 0 0 1
    outer loop
      vertex 57.3242 17.2068 1.2
      vertex 55.7813 19.0791 1.2
      vertex 57.0154 17.0827 1.2
    endloop
  endfacet
  facet normal 0 0 1
    outer loop
      vertex 57.0154 17.0827 1.2
      vertex 55.7813 19.0791 1.2
      vertex 56.685 16.9831 1.2
    endloop
  endfacet
  facet normal 0 0 1
    outer loop
      vertex 56.685 16.9831 1.2
      vertex 55.7813 19.0791 1.2
      vertex 56.3421 16.9119 1.2
    endloop
  endfacet
  facet normal 0 0 1
    outer loop
      vertex 56.3421 16.9119 1.2
      vertex 55.7813 19.0791 1.2
      vertex 55.9866 16.8691 1.2
    endloop
  endfacet
  facet normal 0 0 1
    outer loop
      vertex 55.9866 16.8691 1.2
      vertex 55.7813 19.0791 1.2
      vertex 55.6186 16.8549 1.2
    endloop
  endfacet
  facet normal 0 0 1
    outer loop
      vertex 82.2115 19.7903 1.2
      vertex 83.3436 20.7391 1.2
      vertex 83.3415 21.202 1.2
    endloop
  endfacet
  facet normal 0 0 1
    outer loop
      vertex 84.4218 20.2875 1.2
      vertex 87.0488 19.844 1.2
      vertex 87.0417 20.118 1.2
    endloop
  endfacet
  facet normal 0 0 1
    outer loop
      vertex 100 36.5 1.2
      vertex 88.0308 20.0339 1.2
      vertex 100 1.5 1.2
    endloop
  endfacet
  facet normal 0 0 1
    outer loop
      vertex 100 36.5 1.2
      vertex 88.0028 20.5481 1.2
      vertex 88.0308 20.0339 1.2
    endloop
  endfacet
  facet normal 0 0 1
    outer loop
      vertex 100 36.5 1.2
      vertex 87.9189 20.984 1.2
      vertex 88.0028 20.5481 1.2
    endloop
  endfacet
  facet normal 0 0 1
    outer loop
      vertex 100 36.5 1.2
      vertex 87.779 21.3415 1.2
      vertex 87.9189 20.984 1.2
    endloop
  endfacet
  facet normal 0 0 1
    outer loop
      vertex 100 36.5 1.2
      vertex 87.5832 21.6207 1.2
      vertex 87.779 21.3415 1.2
    endloop
  endfacet
  facet normal 0 0 1
    outer loop
      vertex 100 36.5 1.2
      vertex 87.327 21.8308 1.2
      vertex 87.5832 21.6207 1.2
    endloop
  endfacet
  facet normal 0 0 1
    outer loop
      vertex 100 36.5 1.2
      vertex 87.0061 21.9808 1.2
      vertex 87.327 21.8308 1.2
    endloop
  endfacet
  facet normal 0 0 1
    outer loop
      vertex 100 36.5 1.2
      vertex 86.6205 22.0708 1.2
      vertex 87.0061 21.9808 1.2
    endloop
  endfacet
  facet normal 0 0 1
    outer loop
      vertex 100 36.5 1.2
      vertex 86.17 22.1008 1.2
      vertex 86.6205 22.0708 1.2
    endloop
  endfacet
  facet normal 0 0 1
    outer loop
      vertex 100 36.5 1.2
      vertex 85.8552 22.0851 1.2
      vertex 86.17 22.1008 1.2
    endloop
  endfacet
  facet normal 0 0 1
    outer loop
      vertex 84.2333 21.9923 1.2
      vertex 85.8552 22.0851 1.2
      vertex 100 36.5 1.2
    endloop
  endfacet
  facet normal 0 0 1
    outer loop
      vertex 85.8552 22.0851 1.2
      vertex 84.2333 21.9923 1.2
      vertex 85.5671 22.0378 1.2
    endloop
  endfacet
  facet normal 0 0 1
    outer loop
      vertex 85.5671 22.0378 1.2
      vertex 84.2333 21.9923 1.2
      vertex 85.3059 21.9589 1.2
    endloop
  endfacet
  facet normal 0 0 1
    outer loop
      vertex 85.3059 21.9589 1.2
      vertex 84.2333 21.9923 1.2
      vertex 85.0714 21.8486 1.2
    endloop
  endfacet
  facet normal 0 0 1
    outer loop
      vertex 85.0714 21.8486 1.2
      vertex 84.2333 21.9923 1.2
      vertex 84.857 21.7002 1.2
    endloop
  endfacet
  facet normal -0 0 1
    outer loop
      vertex 84.2714 21.1859 1.2
      vertex 84.293 20.9887 1.2
      vertex 84.4678 21.2703 1.2
    endloop
  endfacet
  facet normal 0 0 1
    outer loop
      vertex 84.293 20.9887 1.2
      vertex 84.2714 21.1859 1.2
      vertex 84.2767 20.9887 1.2
    endloop
  endfacet
  facet normal -0 0 1
    outer loop
      vertex 84.262 21.4774 1.2
      vertex 84.4678 21.2703 1.2
      vertex 84.6558 21.5075 1.2
    endloop
  endfacet
  facet normal -0 -0 1
    outer loop
      vertex 84.236 21.973 1.2
      vertex 84.857 21.7002 1.2
      vertex 84.2333 21.9923 1.2
    endloop
  endfacet
  facet normal 0 0 1
    outer loop
      vertex 84.4678 21.2703 1.2
      vertex 84.2665 21.3488 1.2
      vertex 84.2714 21.1859 1.2
    endloop
  endfacet
  facet normal 0 0 1
    outer loop
      vertex 84.4678 21.2703 1.2
      vertex 84.262 21.4774 1.2
      vertex 84.2665 21.3488 1.2
    endloop
  endfacet
  facet normal 0 0 1
    outer loop
      vertex 84.6558 21.5075 1.2
      vertex 84.2577 21.5719 1.2
      vertex 84.262 21.4774 1.2
    endloop
  endfacet
  facet normal 0 0 1
    outer loop
      vertex 84.6558 21.5075 1.2
      vertex 84.2538 21.647 1.2
      vertex 84.2577 21.5719 1.2
    endloop
  endfacet
  facet normal 0 0 1
    outer loop
      vertex 84.6558 21.5075 1.2
      vertex 84.2502 21.7177 1.2
      vertex 84.2538 21.647 1.2
    endloop
  endfacet
  facet normal 0 0 1
    outer loop
      vertex 84.6558 21.5075 1.2
      vertex 84.247 21.784 1.2
      vertex 84.2502 21.7177 1.2
    endloop
  endfacet
  facet normal 0 0 1
    outer loop
      vertex 84.857 21.7002 1.2
      vertex 84.247 21.784 1.2
      vertex 84.6558 21.5075 1.2
    endloop
  endfacet
  facet normal -0 -0 1
    outer loop
      vertex 84.247 21.784 1.2
      vertex 84.857 21.7002 1.2
      vertex 84.2441 21.8459 1.2
    endloop
  endfacet
  facet normal -0 -0 1
    outer loop
      vertex 84.2441 21.8459 1.2
      vertex 84.857 21.7002 1.2
      vertex 84.2414 21.8998 1.2
    endloop
  endfacet
  facet normal -0 -0 1
    outer loop
      vertex 84.2414 21.8998 1.2
      vertex 84.857 21.7002 1.2
      vertex 84.2387 21.9422 1.2
    endloop
  endfacet
  facet normal -0 -0 1
    outer loop
      vertex 84.2387 21.9422 1.2
      vertex 84.857 21.7002 1.2
      vertex 84.236 21.973 1.2
    endloop
  endfacet
  facet normal 0 0 1
    outer loop
      vertex 100 36.5 1.2
      vertex 83.3111 21.9923 1.2
      vertex 84.2333 21.9923 1.2
    endloop
  endfacet
  facet normal 0 0 1
    outer loop
      vertex 83.3436 20.7391 1.2
      vertex 82.2115 19.7903 1.2
      vertex 82.2512 19.0628 1.2
    endloop
  endfacet
  facet normal 0 0 1
    outer loop
      vertex 83.3253 21.8286 1.2
      vertex 82.0925 20.4157 1.2
      vertex 82.2115 19.7903 1.2
    endloop
  endfacet
  facet normal 0 0 1
    outer loop
      vertex 83.3253 21.8286 1.2
      vertex 81.8941 20.9391 1.2
      vertex 82.0925 20.4157 1.2
    endloop
  endfacet
  facet normal -0 0 1
    outer loop
      vertex 80.2646 22.0545 1.2
      vertex 83.3111 21.9923 1.2
      vertex 100 36.5 1.2
    endloop
  endfacet
  facet normal 0 0 1
    outer loop
      vertex 83.3253 21.8286 1.2
      vertex 81.6164 21.3603 1.2
      vertex 81.8941 20.9391 1.2
    endloop
  endfacet
  facet normal 0 0 1
    outer loop
      vertex 83.3111 21.9923 1.2
      vertex 81.2546 21.6843 1.2
      vertex 81.6164 21.3603 1.2
    endloop
  endfacet
  facet normal 0 0 1
    outer loop
      vertex 83.3111 21.9923 1.2
      vertex 80.804 21.9157 1.2
      vertex 81.2546 21.6843 1.2
    endloop
  endfacet
  facet normal 0 0 1
    outer loop
      vertex 83.3111 21.9923 1.2
      vertex 80.2646 22.0545 1.2
      vertex 80.804 21.9157 1.2
    endloop
  endfacet
  facet normal 0 0 1
    outer loop
      vertex 100 36.5 1.2
      vertex 79.6363 22.1008 1.2
      vertex 80.2646 22.0545 1.2
    endloop
  endfacet
  facet normal -0 0 1
    outer loop
      vertex 69.8184 24.1732 1.2
      vertex 79.6363 22.1008 1.2
      vertex 100 36.5 1.2
    endloop
  endfacet
  facet normal -0 0 1
    outer loop
      vertex 76.0277 20.3462 1.2
      vertex 77.0052 19.0628 1.2
      vertex 77.1696 20.3919 1.2
    endloop
  endfacet
  facet normal -0 0 1
    outer loop
      vertex 75.5425 21.321 1.2
      vertex 77.1696 20.3919 1.2
      vertex 77.663 21.3413 1.2
    endloop
  endfacet
  facet normal 0 0 1
    outer loop
      vertex 77.0052 19.0628 1.2
      vertex 76.0277 20.3462 1.2
      vertex 76.1895 18.9815 1.2
    endloop
  endfacet
  facet normal -0 0 1
    outer loop
      vertex 74.7338 21.9059 1.2
      vertex 77.663 21.3413 1.2
      vertex 78.4852 21.9109 1.2
    endloop
  endfacet
  facet normal 0 0 1
    outer loop
      vertex 79.6363 22.1008 1.2
      vertex 69.8184 24.1732 1.2
      vertex 78.4852 21.9109 1.2
    endloop
  endfacet
  facet normal 0 0 1
    outer loop
      vertex 77.1696 20.3919 1.2
      vertex 75.5425 21.321 1.2
      vertex 76.0277 20.3462 1.2
    endloop
  endfacet
  facet normal 0 0 1
    outer loop
      vertex 77.663 21.3413 1.2
      vertex 74.7338 21.9059 1.2
      vertex 75.5425 21.321 1.2
    endloop
  endfacet
  facet normal 0 0 1
    outer loop
      vertex 78.4852 21.9109 1.2
      vertex 69.8184 24.1732 1.2
      vertex 74.7338 21.9059 1.2
    endloop
  endfacet
  facet normal 0 0 1
    outer loop
      vertex 74.7338 21.9059 1.2
      vertex 69.8184 24.1732 1.2
      vertex 73.6017 22.1008 1.2
    endloop
  endfacet
  facet normal 0 0 1
    outer loop
      vertex 73.6017 22.1008 1.2
      vertex 69.8184 24.1732 1.2
      vertex 73.0061 22.0523 1.2
    endloop
  endfacet
  facet normal 0 0 1
    outer loop
      vertex 69.8184 16.1225 1.2
      vertex 71.0186 19.78 1.2
      vertex 69.8184 24.1732 1.2
    endloop
  endfacet
  facet normal 0 0 1
    outer loop
      vertex 71.1462 20.3797 1.2
      vertex 69.8184 24.1732 1.2
      vertex 71.0186 19.78 1.2
    endloop
  endfacet
  facet normal 0 0 1
    outer loop
      vertex 71.359 20.8948 1.2
      vertex 69.8184 24.1732 1.2
      vertex 71.1462 20.3797 1.2
    endloop
  endfacet
  facet normal 0 0 1
    outer loop
      vertex 71.6568 21.3251 1.2
      vertex 69.8184 24.1732 1.2
      vertex 71.359 20.8948 1.2
    endloop
  endfacet
  facet normal 0 0 1
    outer loop
      vertex 72.0337 21.6644 1.2
      vertex 69.8184 24.1732 1.2
      vertex 71.6568 21.3251 1.2
    endloop
  endfacet
  facet normal 0 0 1
    outer loop
      vertex 72.4835 21.9069 1.2
      vertex 69.8184 24.1732 1.2
      vertex 72.0337 21.6644 1.2
    endloop
  endfacet
  facet normal 0 0 1
    outer loop
      vertex 73.0061 22.0523 1.2
      vertex 69.8184 24.1732 1.2
      vertex 72.4835 21.9069 1.2
    endloop
  endfacet
  facet normal 0 0 1
    outer loop
      vertex 100 36.5 1.2
      vertex 68.8419 24.1732 1.2
      vertex 69.8184 24.1732 1.2
    endloop
  endfacet
  facet normal 0 0 1
    outer loop
      vertex 68.8419 24.1732 1.2
      vertex 67.4077 24.1732 1.2
      vertex 68.8419 16.1225 1.2
    endloop
  endfacet
  facet normal 0 0 1
    outer loop
      vertex 100 36.5 1.2
      vertex 67.4077 24.1732 1.2
      vertex 68.8419 24.1732 1.2
    endloop
  endfacet
  facet normal 0 0 1
    outer loop
      vertex 100 36.5 1.2
      vertex 66.4312 24.1732 1.2
      vertex 67.4077 24.1732 1.2
    endloop
  endfacet
  facet normal -0 0 1
    outer loop
      vertex 64.959 20.1262 1.2
      vertex 66.4312 16.1225 1.2
      vertex 66.4312 24.1732 1.2
    endloop
  endfacet
  facet normal 0 0 1
    outer loop
      vertex 66.4312 16.1225 1.2
      vertex 64.959 20.1262 1.2
      vertex 65.827 16.7627 1.2
    endloop
  endfacet
  facet normal -0 0 1
    outer loop
      vertex 64.959 17.5981 1.2
      vertex 65.827 16.7627 1.2
      vertex 64.959 20.1262 1.2
    endloop
  endfacet
  facet normal 0 0 1
    outer loop
      vertex 65.827 16.7627 1.2
      vertex 64.9662 17.3945 1.2
      vertex 65.7399 16.746 1.2
    endloop
  endfacet
  facet normal -0 -0 1
    outer loop
      vertex 64.9875 17.2177 1.2
      vertex 65.7399 16.746 1.2
      vertex 64.9662 17.3945 1.2
    endloop
  endfacet
  facet normal 0 0 1
    outer loop
      vertex 65.7399 16.746 1.2
      vertex 64.9875 17.2177 1.2
      vertex 65.6576 16.7342 1.2
    endloop
  endfacet
  facet normal 0 0 1
    outer loop
      vertex 65.6576 16.7342 1.2
      vertex 64.9875 17.2177 1.2
      vertex 65.5799 16.727 1.2
    endloop
  endfacet
  facet normal 0 0 1
    outer loop
      vertex 65.5799 16.727 1.2
      vertex 64.9875 17.2177 1.2
      vertex 65.507 16.7247 1.2
    endloop
  endfacet
  facet normal -0 -0 1
    outer loop
      vertex 65.0231 17.0676 1.2
      vertex 65.507 16.7247 1.2
      vertex 64.9875 17.2177 1.2
    endloop
  endfacet
  facet normal 0 0 1
    outer loop
      vertex 65.507 16.7247 1.2
      vertex 65.0231 17.0676 1.2
      vertex 65.3599 16.7384 1.2
    endloop
  endfacet
  facet normal -0 -0 1
    outer loop
      vertex 65.073 16.9444 1.2
      vertex 65.3599 16.7384 1.2
      vertex 65.0231 17.0676 1.2
    endloop
  endfacet
  facet normal 0 0 1
    outer loop
      vertex 65.2385 16.7796 1.2
      vertex 65.073 16.9444 1.2
      vertex 65.1428 16.8482 1.2
    endloop
  endfacet
  facet normal 0 0 1
    outer loop
      vertex 65.3599 16.7384 1.2
      vertex 65.073 16.9444 1.2
      vertex 65.2385 16.7796 1.2
    endloop
  endfacet
  facet normal 0 0 1
    outer loop
      vertex 66.4312 24.1732 1.2
      vertex 64.9241 20.5779 1.2
      vertex 64.959 20.1262 1.2
    endloop
  endfacet
  facet normal 0 0 1
    outer loop
      vertex 66.4312 24.1732 1.2
      vertex 64.8193 20.9731 1.2
      vertex 64.9241 20.5779 1.2
    endloop
  endfacet
  facet normal 0 0 1
    outer loop
      vertex 66.4312 24.1732 1.2
      vertex 64.6447 21.3116 1.2
      vertex 64.8193 20.9731 1.2
    endloop
  endfacet
  facet normal 0 0 1
    outer loop
      vertex 66.4312 24.1732 1.2
      vertex 64.4002 21.5935 1.2
      vertex 64.6447 21.3116 1.2
    endloop
  endfacet
  facet normal 0 0 1
    outer loop
      vertex 66.4312 24.1732 1.2
      vertex 64.0866 21.8155 1.2
      vertex 64.4002 21.5935 1.2
    endloop
  endfacet
  facet normal 0 0 1
    outer loop
      vertex 66.4312 24.1732 1.2
      vertex 63.7045 21.974 1.2
      vertex 64.0866 21.8155 1.2
    endloop
  endfacet
  facet normal 0 0 1
    outer loop
      vertex 66.4312 24.1732 1.2
      vertex 63.2539 22.0691 1.2
      vertex 63.7045 21.974 1.2
    endloop
  endfacet
  facet normal 0 0 1
    outer loop
      vertex 66.4312 24.1732 1.2
      vertex 62.7348 22.1008 1.2
      vertex 63.2539 22.0691 1.2
    endloop
  endfacet
  facet normal -0 0 1
    outer loop
      vertex 58.0045 23.2052 1.2
      vertex 62.7348 22.1008 1.2
      vertex 66.4312 24.1732 1.2
    endloop
  endfacet
  facet normal 0 0 1
    outer loop
      vertex 62.7348 22.1008 1.2
      vertex 58.0045 23.2052 1.2
      vertex 61.7983 22.0018 1.2
    endloop
  endfacet
  facet normal 0 0 1
    outer loop
      vertex 60.4572 18.8899 1.2
      vertex 59.02 19.9471 1.2
      vertex 60.2699 18.5665 1.2
    endloop
  endfacet
  facet normal 0 0 1
    outer loop
      vertex 59.02 17.3106 1.2
      vertex 60.1575 18.1901 1.2
      vertex 59.02 19.9471 1.2
    endloop
  endfacet
  facet normal 0 0 1
    outer loop
      vertex 60.2699 18.5665 1.2
      vertex 59.02 19.9471 1.2
      vertex 60.1575 18.1901 1.2
    endloop
  endfacet
  facet normal 0 0 1
    outer loop
      vertex 58.8518 22.0791 1.2
      vertex 60.3804 20.5167 1.2
      vertex 60.6211 21.2098 1.2
    endloop
  endfacet
  facet normal 0 0 1
    outer loop
      vertex 58.8518 22.0791 1.2
      vertex 60.6211 21.2098 1.2
      vertex 61.0938 21.7048 1.2
    endloop
  endfacet
  facet normal 0 0 1
    outer loop
      vertex 60.3804 20.5167 1.2
      vertex 58.8518 22.0791 1.2
      vertex 59.02 19.9471 1.2
    endloop
  endfacet
  facet normal -0 -0 1
    outer loop
      vertex 58.3324 22.8943 1.2
      vertex 61.7983 22.0018 1.2
      vertex 58.0045 23.2052 1.2
    endloop
  endfacet
  facet normal 0 0 1
    outer loop
      vertex 56.1746 23.8535 1.2
      vertex 66.4312 24.1732 1.2
      vertex 100 36.5 1.2
    endloop
  endfacet
  facet normal 0 0 1
    outer loop
      vertex 61.0938 21.7048 1.2
      vertex 58.6148 22.5189 1.2
      vertex 58.8518 22.0791 1.2
    endloop
  endfacet
  facet normal 0 0 1
    outer loop
      vertex 61.7983 22.0018 1.2
      vertex 58.6148 22.5189 1.2
      vertex 61.0938 21.7048 1.2
    endloop
  endfacet
  facet normal -0 -0 1
    outer loop
      vertex 58.6148 22.5189 1.2
      vertex 61.7983 22.0018 1.2
      vertex 58.3324 22.8943 1.2
    endloop
  endfacet
  facet normal 0 0 1
    outer loop
      vertex 66.4312 24.1732 1.2
      vertex 57.6312 23.4517 1.2
      vertex 58.0045 23.2052 1.2
    endloop
  endfacet
  facet normal 0 0 1
    outer loop
      vertex 66.4312 24.1732 1.2
      vertex 57.2053 23.6392 1.2
      vertex 57.6312 23.4517 1.2
    endloop
  endfacet
  facet normal 0 0 1
    outer loop
      vertex 66.4312 24.1732 1.2
      vertex 56.7198 23.7731 1.2
      vertex 57.2053 23.6392 1.2
    endloop
  endfacet
  facet normal 0 0 1
    outer loop
      vertex 66.4312 24.1732 1.2
      vertex 56.1746 23.8535 1.2
      vertex 56.7198 23.7731 1.2
    endloop
  endfacet
  facet normal 0 0 1
    outer loop
      vertex 100 36.5 1.2
      vertex 55.5697 23.8802 1.2
      vertex 56.1746 23.8535 1.2
    endloop
  endfacet
  facet normal -0 0 1
    outer loop
      vertex 0 36.5 1.2
      vertex 55.5697 23.8802 1.2
      vertex 100 36.5 1.2
    endloop
  endfacet
  facet normal 0 0 1
    outer loop
      vertex 55.5697 23.8802 1.2
      vertex 0 36.5 1.2
      vertex 54.7169 23.8165 1.2
    endloop
  endfacet
  facet normal -0 0 1
    outer loop
      vertex 47.5883 20.5481 1.2
      vertex 51.7668 19.9797 1.2
      vertex 51.8292 20.8575 1.2
    endloop
  endfacet
  facet normal -0 0 1
    outer loop
      vertex 47.5043 20.984 1.2
      vertex 51.8292 20.8575 1.2
      vertex 52.0163 21.6302 1.2
    endloop
  endfacet
  facet normal 0 0 1
    outer loop
      vertex 47.1686 21.6207 1.2
      vertex 52.0163 21.6302 1.2
      vertex 52.3283 22.2978 1.2
    endloop
  endfacet
  facet normal 0 0 1
    outer loop
      vertex 46.9125 21.8308 1.2
      vertex 52.3283 22.2978 1.2
      vertex 52.765 22.8603 1.2
    endloop
  endfacet
  facet normal 0 0 1
    outer loop
      vertex 46.5916 21.9808 1.2
      vertex 52.765 22.8603 1.2
      vertex 53.3146 23.3065 1.2
    endloop
  endfacet
  facet normal 0 0 1
    outer loop
      vertex 51.7668 19.9797 1.2
      vertex 47.5883 20.5481 1.2
      vertex 47.6162 20.0339 1.2
    endloop
  endfacet
  facet normal 0 0 1
    outer loop
      vertex 46.2059 22.0708 1.2
      vertex 53.3146 23.3065 1.2
      vertex 53.9653 23.6253 1.2
    endloop
  endfacet
  facet normal 0 0 1
    outer loop
      vertex 51.8292 20.8575 1.2
      vertex 47.5043 20.984 1.2
      vertex 47.5883 20.5481 1.2
    endloop
  endfacet
  facet normal 0 0 1
    outer loop
      vertex 52.0163 21.6302 1.2
      vertex 47.3645 21.3415 1.2
      vertex 47.5043 20.984 1.2
    endloop
  endfacet
  facet normal 0 0 1
    outer loop
      vertex 52.0163 21.6302 1.2
      vertex 47.1686 21.6207 1.2
      vertex 47.3645 21.3415 1.2
    endloop
  endfacet
  facet normal 0 0 1
    outer loop
      vertex 52.3283 22.2978 1.2
      vertex 46.9125 21.8308 1.2
      vertex 47.1686 21.6207 1.2
    endloop
  endfacet
  facet normal -0 -0 1
    outer loop
      vertex 32.4238 24.1732 1.2
      vertex 54.7169 23.8165 1.2
      vertex 0 36.5 1.2
    endloop
  endfacet
  facet normal 0 0 1
    outer loop
      vertex 52.765 22.8603 1.2
      vertex 46.5916 21.9808 1.2
      vertex 46.9125 21.8308 1.2
    endloop
  endfacet
  facet normal 0 0 1
    outer loop
      vertex 53.3146 23.3065 1.2
      vertex 46.2059 22.0708 1.2
      vertex 46.5916 21.9808 1.2
    endloop
  endfacet
  facet normal 0 0 1
    outer loop
      vertex 53.9653 23.6253 1.2
      vertex 45.7555 22.1008 1.2
      vertex 46.2059 22.0708 1.2
    endloop
  endfacet
  facet normal 0 0 1
    outer loop
      vertex 53.9653 23.6253 1.2
      vertex 32.4238 24.1732 1.2
      vertex 45.7555 22.1008 1.2
    endloop
  endfacet
  facet normal 0 0 1
    outer loop
      vertex 45.7555 22.1008 1.2
      vertex 32.4238 24.1732 1.2
      vertex 45.4407 22.0851 1.2
    endloop
  endfacet
  facet normal -0 0 1
    outer loop
      vertex 43.8569 21.1859 1.2
      vertex 43.8785 20.9887 1.2
      vertex 44.0533 21.2703 1.2
    endloop
  endfacet
  facet normal 0 0 1
    outer loop
      vertex 43.8785 20.9887 1.2
      vertex 43.8569 21.1859 1.2
      vertex 43.8622 20.9887 1.2
    endloop
  endfacet
  facet normal -0 0 1
    outer loop
      vertex 43.8474 21.4774 1.2
      vertex 44.0533 21.2703 1.2
      vertex 44.2412 21.5075 1.2
    endloop
  endfacet
  facet normal 0 0 1
    outer loop
      vertex 43.8325 21.784 1.2
      vertex 44.2412 21.5075 1.2
      vertex 44.4424 21.7002 1.2
    endloop
  endfacet
  facet normal 0 0 1
    outer loop
      vertex 44.0533 21.2703 1.2
      vertex 43.852 21.3488 1.2
      vertex 43.8569 21.1859 1.2
    endloop
  endfacet
  facet normal 0 0 1
    outer loop
      vertex 43.8188 21.9923 1.2
      vertex 44.4424 21.7002 1.2
      vertex 44.6569 21.8486 1.2
    endloop
  endfacet
  facet normal 0 0 1
    outer loop
      vertex 44.0533 21.2703 1.2
      vertex 43.8474 21.4774 1.2
      vertex 43.852 21.3488 1.2
    endloop
  endfacet
  facet normal 0 0 1
    outer loop
      vertex 43.8188 21.9923 1.2
      vertex 44.6569 21.8486 1.2
      vertex 44.8914 21.9589 1.2
    endloop
  endfacet
  facet normal 0 0 1
    outer loop
      vertex 44.2412 21.5075 1.2
      vertex 43.8432 21.5719 1.2
      vertex 43.8474 21.4774 1.2
    endloop
  endfacet
  facet normal 0 0 1
    outer loop
      vertex 44.2412 21.5075 1.2
      vertex 43.8393 21.647 1.2
      vertex 43.8432 21.5719 1.2
    endloop
  endfacet
  facet normal -0 0 1
    outer loop
      vertex 43.8188 21.9923 1.2
      vertex 44.8914 21.9589 1.2
      vertex 45.1526 22.0378 1.2
    endloop
  endfacet
  facet normal 0 0 1
    outer loop
      vertex 44.2412 21.5075 1.2
      vertex 43.8357 21.7177 1.2
      vertex 43.8393 21.647 1.2
    endloop
  endfacet
  facet normal 0 -0 1
    outer loop
      vertex 42.8966 21.9923 1.2
      vertex 45.4407 22.0851 1.2
      vertex 32.4238 24.1732 1.2
    endloop
  endfacet
  facet normal 0 0 1
    outer loop
      vertex 44.2412 21.5075 1.2
      vertex 43.8325 21.784 1.2
      vertex 43.8357 21.7177 1.2
    endloop
  endfacet
  facet normal 0 0 1
    outer loop
      vertex 44.4424 21.7002 1.2
      vertex 43.8296 21.8459 1.2
      vertex 43.8325 21.784 1.2
    endloop
  endfacet
  facet normal 0 0 1
    outer loop
      vertex 44.4424 21.7002 1.2
      vertex 43.8269 21.8998 1.2
      vertex 43.8296 21.8459 1.2
    endloop
  endfacet
  facet normal 0 0 1
    outer loop
      vertex 44.4424 21.7002 1.2
      vertex 43.8242 21.9422 1.2
      vertex 43.8269 21.8998 1.2
    endloop
  endfacet
  facet normal 0 0 1
    outer loop
      vertex 44.4424 21.7002 1.2
      vertex 43.8215 21.973 1.2
      vertex 43.8242 21.9422 1.2
    endloop
  endfacet
  facet normal 0 0 1
    outer loop
      vertex 44.4424 21.7002 1.2
      vertex 43.8188 21.9923 1.2
      vertex 43.8215 21.973 1.2
    endloop
  endfacet
  facet normal 0 0 1
    outer loop
      vertex 45.4407 22.0851 1.2
      vertex 43.8188 21.9923 1.2
      vertex 45.1526 22.0378 1.2
    endloop
  endfacet
  facet normal 0 0 1
    outer loop
      vertex 42.929 20.7391 1.2
      vertex 41.6478 20.3462 1.2
      vertex 41.8096 18.9815 1.2
    endloop
  endfacet
  facet normal 0 0 1
    outer loop
      vertex 42.9108 21.8286 1.2
      vertex 41.1626 21.321 1.2
      vertex 41.6478 20.3462 1.2
    endloop
  endfacet
  facet normal 0 0 1
    outer loop
      vertex 42.8966 21.9923 1.2
      vertex 40.3539 21.9059 1.2
      vertex 41.1626 21.321 1.2
    endloop
  endfacet
  facet normal 0 0 1
    outer loop
      vertex 45.4407 22.0851 1.2
      vertex 42.8966 21.9923 1.2
      vertex 43.8188 21.9923 1.2
    endloop
  endfacet
  facet normal -0 -0 1
    outer loop
      vertex 39.2218 22.1008 1.2
      vertex 42.8966 21.9923 1.2
      vertex 32.4238 24.1732 1.2
    endloop
  endfacet
  facet normal 0 0 1
    outer loop
      vertex 42.8966 21.9923 1.2
      vertex 39.2218 22.1008 1.2
      vertex 40.3539 21.9059 1.2
    endloop
  endfacet
  facet normal 0 0 1
    outer loop
      vertex 36.7663 20.3797 1.2
      vertex 33.7638 19.4697 1.2
      vertex 36.6387 19.78 1.2
    endloop
  endfacet
  facet normal 0 0 1
    outer loop
      vertex 36.6387 19.78 1.2
      vertex 33.7638 19.4697 1.2
      vertex 36.5961 19.0954 1.2
    endloop
  endfacet
  facet normal 0 0 1
    outer loop
      vertex 33.7638 19.4697 1.2
      vertex 36.7663 20.3797 1.2
      vertex 36.1454 21.9923 1.2
    endloop
  endfacet
  facet normal 0 0 1
    outer loop
      vertex 36.9791 20.8948 1.2
      vertex 36.1454 21.9923 1.2
      vertex 36.7663 20.3797 1.2
    endloop
  endfacet
  facet normal 0 0 1
    outer loop
      vertex 37.2769 21.3251 1.2
      vertex 36.1454 21.9923 1.2
      vertex 36.9791 20.8948 1.2
    endloop
  endfacet
  facet normal 0 0 1
    outer loop
      vertex 37.6538 21.6644 1.2
      vertex 36.1454 21.9923 1.2
      vertex 37.2769 21.3251 1.2
    endloop
  endfacet
  facet normal 0 0 1
    outer loop
      vertex 38.1036 21.9069 1.2
      vertex 36.1454 21.9923 1.2
      vertex 37.6538 21.6644 1.2
    endloop
  endfacet
  facet normal 0 0 1
    outer loop
      vertex 38.6262 22.0523 1.2
      vertex 36.1454 21.9923 1.2
      vertex 38.1036 21.9069 1.2
    endloop
  endfacet
  facet normal 0 0 1
    outer loop
      vertex 39.2218 22.1008 1.2
      vertex 32.4238 24.1732 1.2
      vertex 38.6262 22.0523 1.2
    endloop
  endfacet
  facet normal 0 0 1
    outer loop
      vertex 38.6262 22.0523 1.2
      vertex 32.4238 24.1732 1.2
      vertex 36.1454 21.9923 1.2
    endloop
  endfacet
  facet normal 0 0 1
    outer loop
      vertex 36.1454 21.9923 1.2
      vertex 32.4238 24.1732 1.2
      vertex 35.0007 21.9923 1.2
    endloop
  endfacet
  facet normal 0 0 1
    outer loop
      vertex 54.7169 23.8165 1.2
      vertex 32.4238 24.1732 1.2
      vertex 53.9653 23.6253 1.2
    endloop
  endfacet
  facet normal 0 0 1
    outer loop
      vertex 31.4474 24.1732 1.2
      vertex 30.1216 20.0339 1.2
      vertex 31.4474 16.1225 1.2
    endloop
  endfacet
  facet normal 0 0 1
    outer loop
      vertex 31.4474 24.1732 1.2
      vertex 30.0937 20.5481 1.2
      vertex 30.1216 20.0339 1.2
    endloop
  endfacet
  facet normal 0 0 1
    outer loop
      vertex 31.4474 24.1732 1.2
      vertex 30.0097 20.984 1.2
      vertex 30.0937 20.5481 1.2
    endloop
  endfacet
  facet normal 0 0 1
    outer loop
      vertex 31.4474 24.1732 1.2
      vertex 29.8699 21.3415 1.2
      vertex 30.0097 20.984 1.2
    endloop
  endfacet
  facet normal 0 0 1
    outer loop
      vertex 31.4474 24.1732 1.2
      vertex 29.674 21.6207 1.2
      vertex 29.8699 21.3415 1.2
    endloop
  endfacet
  facet normal 0 0 1
    outer loop
      vertex 31.4474 24.1732 1.2
      vertex 29.4179 21.8308 1.2
      vertex 29.674 21.6207 1.2
    endloop
  endfacet
  facet normal 0 0 1
    outer loop
      vertex 31.4474 24.1732 1.2
      vertex 29.097 21.9808 1.2
      vertex 29.4179 21.8308 1.2
    endloop
  endfacet
  facet normal 0 0 1
    outer loop
      vertex 31.4474 24.1732 1.2
      vertex 28.7113 22.0708 1.2
      vertex 29.097 21.9808 1.2
    endloop
  endfacet
  facet normal 0 0 1
    outer loop
      vertex 31.4474 24.1732 1.2
      vertex 28.2609 22.1008 1.2
      vertex 28.7113 22.0708 1.2
    endloop
  endfacet
  facet normal 0 0 1
    outer loop
      vertex 31.4474 24.1732 1.2
      vertex 27.9461 22.0851 1.2
      vertex 28.2609 22.1008 1.2
    endloop
  endfacet
  facet normal 0 0 1
    outer loop
      vertex 31.4474 24.1732 1.2
      vertex 27.658 22.0378 1.2
      vertex 27.9461 22.0851 1.2
    endloop
  endfacet
  facet normal 0 0 1
    outer loop
      vertex 26.3242 21.9923 1.2
      vertex 27.658 22.0378 1.2
      vertex 31.4474 24.1732 1.2
    endloop
  endfacet
  facet normal 0 0 1
    outer loop
      vertex 27.658 22.0378 1.2
      vertex 26.3242 21.9923 1.2
      vertex 27.3967 21.9589 1.2
    endloop
  endfacet
  facet normal -0 0 1
    outer loop
      vertex 26.3623 21.1859 1.2
      vertex 26.3839 20.9887 1.2
      vertex 26.5586 21.2703 1.2
    endloop
  endfacet
  facet normal 0 0 1
    outer loop
      vertex 26.3839 20.9887 1.2
      vertex 26.3623 21.1859 1.2
      vertex 26.3676 20.9887 1.2
    endloop
  endfacet
  facet normal -0 0 1
    outer loop
      vertex 26.3528 21.4774 1.2
      vertex 26.5586 21.2703 1.2
      vertex 26.7466 21.5075 1.2
    endloop
  endfacet
  facet normal 0 0 1
    outer loop
      vertex 26.3379 21.784 1.2
      vertex 26.7466 21.5075 1.2
      vertex 26.9478 21.7002 1.2
    endloop
  endfacet
  facet normal 0 0 1
    outer loop
      vertex 26.5586 21.2703 1.2
      vertex 26.3574 21.3488 1.2
      vertex 26.3623 21.1859 1.2
    endloop
  endfacet
  facet normal 0 0 1
    outer loop
      vertex 26.3242 21.9923 1.2
      vertex 26.9478 21.7002 1.2
      vertex 27.1623 21.8486 1.2
    endloop
  endfacet
  facet normal 0 0 1
    outer loop
      vertex 26.5586 21.2703 1.2
      vertex 26.3528 21.4774 1.2
      vertex 26.3574 21.3488 1.2
    endloop
  endfacet
  facet normal 0 0 1
    outer loop
      vertex 27.3967 21.9589 1.2
      vertex 26.3242 21.9923 1.2
      vertex 27.1623 21.8486 1.2
    endloop
  endfacet
  facet normal 0 0 1
    outer loop
      vertex 26.7466 21.5075 1.2
      vertex 26.3486 21.5719 1.2
      vertex 26.3528 21.4774 1.2
    endloop
  endfacet
  facet normal 0 0 1
    outer loop
      vertex 26.7466 21.5075 1.2
      vertex 26.3447 21.647 1.2
      vertex 26.3486 21.5719 1.2
    endloop
  endfacet
  facet normal 0 0 1
    outer loop
      vertex 26.7466 21.5075 1.2
      vertex 26.3411 21.7177 1.2
      vertex 26.3447 21.647 1.2
    endloop
  endfacet
  facet normal 0 0 1
    outer loop
      vertex 26.7466 21.5075 1.2
      vertex 26.3379 21.784 1.2
      vertex 26.3411 21.7177 1.2
    endloop
  endfacet
  facet normal 0 0 1
    outer loop
      vertex 26.9478 21.7002 1.2
      vertex 26.335 21.8459 1.2
      vertex 26.3379 21.784 1.2
    endloop
  endfacet
  facet normal 0 0 1
    outer loop
      vertex 26.9478 21.7002 1.2
      vertex 26.3323 21.8998 1.2
      vertex 26.335 21.8459 1.2
    endloop
  endfacet
  facet normal 0 0 1
    outer loop
      vertex 26.9478 21.7002 1.2
      vertex 26.3296 21.9422 1.2
      vertex 26.3323 21.8998 1.2
    endloop
  endfacet
  facet normal 0 0 1
    outer loop
      vertex 26.9478 21.7002 1.2
      vertex 26.3269 21.973 1.2
      vertex 26.3296 21.9422 1.2
    endloop
  endfacet
  facet normal 0 0 1
    outer loop
      vertex 26.9478 21.7002 1.2
      vertex 26.3242 21.9923 1.2
      vertex 26.3269 21.973 1.2
    endloop
  endfacet
  facet normal 0 0 1
    outer loop
      vertex 31.4474 24.1732 1.2
      vertex 25.4019 21.9923 1.2
      vertex 26.3242 21.9923 1.2
    endloop
  endfacet
  facet normal 0 0 1
    outer loop
      vertex 25.4344 16.1225 1.2
      vertex 24.0565 16.2863 1.2
      vertex 24.0708 16.1225 1.2
    endloop
  endfacet
  facet normal 0 0 1
    outer loop
      vertex 25.4263 21.5651 1.2
      vertex 24.0464 16.5497 1.2
      vertex 24.0565 16.2863 1.2
    endloop
  endfacet
  facet normal 0 0 1
    outer loop
      vertex 25.4263 21.5651 1.2
      vertex 24.0403 16.9129 1.2
      vertex 24.0464 16.5497 1.2
    endloop
  endfacet
  facet normal 0 0 1
    outer loop
      vertex 24.0382 17.3757 1.2
      vertex 25.4263 21.5651 1.2
      vertex 24.0382 21.9923 1.2
    endloop
  endfacet
  facet normal 0 0 1
    outer loop
      vertex 31.4474 24.1732 1.2
      vertex 24.0382 21.9923 1.2
      vertex 25.4019 21.9923 1.2
    endloop
  endfacet
  facet normal 0 0 1
    outer loop
      vertex 31.4474 24.1732 1.2
      vertex 23.0617 21.9923 1.2
      vertex 24.0382 21.9923 1.2
    endloop
  endfacet
  facet normal -0 0 1
    outer loop
      vertex 20.3329 21.9923 1.2
      vertex 23.0617 18.5909 1.2
      vertex 23.0617 21.9923 1.2
    endloop
  endfacet
  facet normal 0 0 1
    outer loop
      vertex 20.3329 18.2708 1.2
      vertex 23.0617 18.5909 1.2
      vertex 20.3329 21.9923 1.2
    endloop
  endfacet
  facet normal 0 0 1
    outer loop
      vertex 20.3329 18.2708 1.2
      vertex 22.96 17.8273 1.2
      vertex 23.0363 18.1857 1.2
    endloop
  endfacet
  facet normal 0 0 1
    outer loop
      vertex 22.96 17.8273 1.2
      vertex 20.3401 17.9969 1.2
      vertex 22.8329 17.5157 1.2
    endloop
  endfacet
  facet normal 0 0 1
    outer loop
      vertex 22.8329 17.5157 1.2
      vertex 20.3401 17.9969 1.2
      vertex 22.6549 17.2509 1.2
    endloop
  endfacet
  facet normal 0 0 1
    outer loop
      vertex 22.6549 17.2509 1.2
      vertex 20.3401 17.9969 1.2
      vertex 22.4328 17.0397 1.2
    endloop
  endfacet
  facet normal 0 0 1
    outer loop
      vertex 22.4328 17.0397 1.2
      vertex 20.3401 17.9969 1.2
      vertex 22.1734 16.8888 1.2
    endloop
  endfacet
  facet normal 0 0 1
    outer loop
      vertex 22.1734 16.8888 1.2
      vertex 20.3401 17.9969 1.2
      vertex 21.8767 16.7983 1.2
    endloop
  endfacet
  facet normal 0 0 1
    outer loop
      vertex 21.8767 16.7983 1.2
      vertex 20.3401 17.9969 1.2
      vertex 21.5427 16.7681 1.2
    endloop
  endfacet
  facet normal -0 -0 1
    outer loop
      vertex 20.3614 17.7554 1.2
      vertex 21.5427 16.7681 1.2
      vertex 20.3401 17.9969 1.2
    endloop
  endfacet
  facet normal 0 0 1
    outer loop
      vertex 21.5427 16.7681 1.2
      vertex 20.3614 17.7554 1.2
      vertex 21.3159 16.7769 1.2
    endloop
  endfacet
  facet normal -0 -0 1
    outer loop
      vertex 20.397 17.5466 1.2
      vertex 21.3159 16.7769 1.2
      vertex 20.3614 17.7554 1.2
    endloop
  endfacet
  facet normal 0 0 1
    outer loop
      vertex 21.3159 16.7769 1.2
      vertex 20.397 17.5466 1.2
      vertex 21.1182 16.8034 1.2
    endloop
  endfacet
  facet normal -0 -0 1
    outer loop
      vertex 20.4469 17.3703 1.2
      vertex 21.1182 16.8034 1.2
      vertex 20.397 17.5466 1.2
    endloop
  endfacet
  facet normal 0 0 1
    outer loop
      vertex 21.1182 16.8034 1.2
      vertex 20.4469 17.3703 1.2
      vertex 20.9497 16.8474 1.2
    endloop
  endfacet
  facet normal -0 -0 1
    outer loop
      vertex 20.5123 17.2214 1.2
      vertex 20.9497 16.8474 1.2
      vertex 20.4469 17.3703 1.2
    endloop
  endfacet
  facet normal 0 0 1
    outer loop
      vertex 20.9497 16.8474 1.2
      vertex 20.5123 17.2214 1.2
      vertex 20.8103 16.9091 1.2
    endloop
  endfacet
  facet normal -0 -0 1
    outer loop
      vertex 20.5947 17.0949 1.2
      vertex 20.8103 16.9091 1.2
      vertex 20.5123 17.2214 1.2
    endloop
  endfacet
  facet normal 0 0 1
    outer loop
      vertex 20.8103 16.9091 1.2
      vertex 20.5947 17.0949 1.2
      vertex 20.694 16.9909 1.2
    endloop
  endfacet
  facet normal -0 0 1
    outer loop
      vertex 20.3329 18.2708 1.2
      vertex 23.0363 18.1857 1.2
      vertex 23.0617 18.5909 1.2
    endloop
  endfacet
  facet normal -0 0 1
    outer loop
      vertex 17.1481 23.4814 1.2
      vertex 23.0617 21.9923 1.2
      vertex 31.4474 24.1732 1.2
    endloop
  endfacet
  facet normal -0 -0 1
    outer loop
      vertex 17.4668 23.247 1.2
      vertex 23.0617 21.9923 1.2
      vertex 17.1481 23.4814 1.2
    endloop
  endfacet
  facet normal -0 0 1
    outer loop
      vertex 18.1122 19.1093 1.2
      vertex 19.351 18.0809 1.2
      vertex 19.351 21.9923 1.2
    endloop
  endfacet
  facet normal 0 0 1
    outer loop
      vertex 19.351 18.0809 1.2
      vertex 18.2855 18.4349 1.2
      vertex 18.2928 18.2328 1.2
    endloop
  endfacet
  facet normal 0 0 1
    outer loop
      vertex 19.351 18.0809 1.2
      vertex 18.2636 18.6234 1.2
      vertex 18.2855 18.4349 1.2
    endloop
  endfacet
  facet normal 0 0 1
    outer loop
      vertex 19.351 18.0809 1.2
      vertex 18.2272 18.7984 1.2
      vertex 18.2636 18.6234 1.2
    endloop
  endfacet
  facet normal 0 0 1
    outer loop
      vertex 19.351 18.0809 1.2
      vertex 18.1762 18.9598 1.2
      vertex 18.2272 18.7984 1.2
    endloop
  endfacet
  facet normal 0 0 1
    outer loop
      vertex 17.6289 19.7071 1.2
      vertex 19.351 21.9923 1.2
      vertex 18.1138 22.1226 1.2
    endloop
  endfacet
  facet normal -0 -0 1
    outer loop
      vertex 17.734 22.9424 1.2
      vertex 20.3329 21.9923 1.2
      vertex 17.4668 23.247 1.2
    endloop
  endfacet
  facet normal 0 0 1
    outer loop
      vertex 32.4238 24.1732 1.2
      vertex 0 36.5 1.2
      vertex 31.4474 24.1732 1.2
    endloop
  endfacet
  facet normal 0 0 1
    outer loop
      vertex 19.351 21.9923 1.2
      vertex 17.9496 22.5676 1.2
      vertex 18.1138 22.1226 1.2
    endloop
  endfacet
  facet normal 0 0 1
    outer loop
      vertex 19.351 21.9923 1.2
      vertex 17.734 22.9424 1.2
      vertex 17.9496 22.5676 1.2
    endloop
  endfacet
  facet normal 0 0 1
    outer loop
      vertex 20.3329 21.9923 1.2
      vertex 17.734 22.9424 1.2
      vertex 19.351 21.9923 1.2
    endloop
  endfacet
  facet normal 0 0 1
    outer loop
      vertex 23.0617 21.9923 1.2
      vertex 17.4668 23.247 1.2
      vertex 20.3329 21.9923 1.2
    endloop
  endfacet
  facet normal 0 -0 1
    outer loop
      vertex 16.3059 23.7805 1.2
      vertex 31.4474 24.1732 1.2
      vertex 0 36.5 1.2
    endloop
  endfacet
  facet normal 0 0 1
    outer loop
      vertex 31.4474 24.1732 1.2
      vertex 16.7653 23.6559 1.2
      vertex 17.1481 23.4814 1.2
    endloop
  endfacet
  facet normal 0 0 1
    outer loop
      vertex 31.4474 24.1732 1.2
      vertex 16.3059 23.7805 1.2
      vertex 16.7653 23.6559 1.2
    endloop
  endfacet
  facet normal 0 0 1
    outer loop
      vertex 16.3059 23.7805 1.2
      vertex 0 36.5 1.2
      vertex 15.7698 23.8553 1.2
    endloop
  endfacet
  facet normal 0 0 1
    outer loop
      vertex 15.7698 23.8553 1.2
      vertex 0 36.5 1.2
      vertex 15.1571 23.8802 1.2
    endloop
  endfacet
  facet normal 0 0 1
    outer loop
      vertex 12.2547 21.8351 1.2
      vertex 0 36.5 1.2
      vertex 11.8967 17.9562 1.2
    endloop
  endfacet
  facet normal 0 0 1
    outer loop
      vertex 12.3017 22.2979 1.2
      vertex 0 36.5 1.2
      vertex 12.2547 21.8351 1.2
    endloop
  endfacet
  facet normal 0 0 1
    outer loop
      vertex 12.4426 22.7044 1.2
      vertex 0 36.5 1.2
      vertex 12.3017 22.2979 1.2
    endloop
  endfacet
  facet normal 0 0 1
    outer loop
      vertex 12.6774 23.0546 1.2
      vertex 0 36.5 1.2
      vertex 12.4426 22.7044 1.2
    endloop
  endfacet
  facet normal 0 0 1
    outer loop
      vertex 13.0061 23.3486 1.2
      vertex 0 36.5 1.2
      vertex 12.6774 23.0546 1.2
    endloop
  endfacet
  facet normal 0 0 1
    outer loop
      vertex 13.4223 23.5812 1.2
      vertex 0 36.5 1.2
      vertex 13.0061 23.3486 1.2
    endloop
  endfacet
  facet normal 0 0 1
    outer loop
      vertex 13.9195 23.7473 1.2
      vertex 0 36.5 1.2
      vertex 13.4223 23.5812 1.2
    endloop
  endfacet
  facet normal 0 0 1
    outer loop
      vertex 14.4978 23.847 1.2
      vertex 0 36.5 1.2
      vertex 13.9195 23.7473 1.2
    endloop
  endfacet
  facet normal 0 0 1
    outer loop
      vertex 15.1571 23.8802 1.2
      vertex 0 36.5 1.2
      vertex 14.4978 23.847 1.2
    endloop
  endfacet
  facet normal -0 0 1
    outer loop
      vertex 88.0308 16.1225 1.2
      vertex 100 1.5 1.2
      vertex 88.0308 20.0339 1.2
    endloop
  endfacet
  facet normal -0 0 1
    outer loop
      vertex 87.0488 16.1225 1.2
      vertex 100 1.5 1.2
      vertex 88.0308 16.1225 1.2
    endloop
  endfacet
  facet normal 0 0 1
    outer loop
      vertex 85.8391 21.3467 1.2
      vertex 87.0417 20.118 1.2
      vertex 87.0204 20.3594 1.2
    endloop
  endfacet
  facet normal 0 0 1
    outer loop
      vertex 86.0659 21.3379 1.2
      vertex 87.0204 20.3594 1.2
      vertex 86.9848 20.5683 1.2
    endloop
  endfacet
  facet normal 0 0 1
    outer loop
      vertex 86.2635 21.3115 1.2
      vertex 86.9848 20.5683 1.2
      vertex 86.9349 20.7446 1.2
    endloop
  endfacet
  facet normal 0 0 1
    outer loop
      vertex 86.2635 21.3115 1.2
      vertex 86.9349 20.7446 1.2
      vertex 86.8695 20.8934 1.2
    endloop
  endfacet
  facet normal 0 0 1
    outer loop
      vertex 86.4321 21.2674 1.2
      vertex 86.8695 20.8934 1.2
      vertex 86.7871 21.0199 1.2
    endloop
  endfacet
  facet normal 0 0 1
    outer loop
      vertex 86.4321 21.2674 1.2
      vertex 86.7871 21.0199 1.2
      vertex 86.6877 21.124 1.2
    endloop
  endfacet
  facet normal 0 0 1
    outer loop
      vertex 86.4321 21.2674 1.2
      vertex 86.6877 21.124 1.2
      vertex 86.5714 21.2057 1.2
    endloop
  endfacet
  facet normal 0 0 1
    outer loop
      vertex 86.8695 20.8934 1.2
      vertex 86.4321 21.2674 1.2
      vertex 86.2635 21.3115 1.2
    endloop
  endfacet
  facet normal 0 0 1
    outer loop
      vertex 86.9848 20.5683 1.2
      vertex 86.2635 21.3115 1.2
      vertex 86.0659 21.3379 1.2
    endloop
  endfacet
  facet normal 0 0 1
    outer loop
      vertex 87.0204 20.3594 1.2
      vertex 86.0659 21.3379 1.2
      vertex 85.8391 21.3467 1.2
    endloop
  endfacet
  facet normal 0 0 1
    outer loop
      vertex 87.0417 20.118 1.2
      vertex 85.8391 21.3467 1.2
      vertex 85.5051 21.3166 1.2
    endloop
  endfacet
  facet normal 0 0 1
    outer loop
      vertex 87.0417 20.118 1.2
      vertex 85.5051 21.3166 1.2
      vertex 84.727 20.8639 1.2
    endloop
  endfacet
  facet normal 0 0 1
    outer loop
      vertex 84.727 20.8639 1.2
      vertex 85.5051 21.3166 1.2
      vertex 85.2085 21.226 1.2
    endloop
  endfacet
  facet normal 0 0 1
    outer loop
      vertex 84.727 20.8639 1.2
      vertex 85.2085 21.226 1.2
      vertex 84.9491 21.0752 1.2
    endloop
  endfacet
  facet normal 0 0 1
    outer loop
      vertex 87.0417 20.118 1.2
      vertex 84.727 20.8639 1.2
      vertex 84.549 20.5991 1.2
    endloop
  endfacet
  facet normal 0 0 1
    outer loop
      vertex 87.0417 20.118 1.2
      vertex 84.549 20.5991 1.2
      vertex 84.4218 20.2875 1.2
    endloop
  endfacet
  facet normal 0 0 1
    outer loop
      vertex 87.0488 19.844 1.2
      vertex 84.4218 20.2875 1.2
      vertex 84.3456 19.9292 1.2
    endloop
  endfacet
  facet normal 0 0 1
    outer loop
      vertex 87.0488 19.844 1.2
      vertex 84.3456 19.9292 1.2
      vertex 84.3201 19.5239 1.2
    endloop
  endfacet
  facet normal 0 0 1
    outer loop
      vertex 87.0488 19.844 1.2
      vertex 84.3201 19.5239 1.2
      vertex 87.0488 16.1225 1.2
    endloop
  endfacet
  facet normal 0 0 1
    outer loop
      vertex 84.3201 16.1225 1.2
      vertex 87.0488 16.1225 1.2
      vertex 84.3201 19.5239 1.2
    endloop
  endfacet
  facet normal -0 0 1
    outer loop
      vertex 84.3201 16.1225 1.2
      vertex 100 1.5 1.2
      vertex 87.0488 16.1225 1.2
    endloop
  endfacet
  facet normal -0 0 1
    outer loop
      vertex 83.3436 16.1225 1.2
      vertex 100 1.5 1.2
      vertex 84.3201 16.1225 1.2
    endloop
  endfacet
  facet normal 0 0 1
    outer loop
      vertex 82.2115 19.7903 1.2
      vertex 83.3415 21.202 1.2
      vertex 83.3354 21.5651 1.2
    endloop
  endfacet
  facet normal 0 0 1
    outer loop
      vertex 82.2115 19.7903 1.2
      vertex 83.3354 21.5651 1.2
      vertex 83.3253 21.8286 1.2
    endloop
  endfacet
  facet normal 0 0 1
    outer loop
      vertex 81.6164 21.3603 1.2
      vertex 83.3253 21.8286 1.2
      vertex 83.3111 21.9923 1.2
    endloop
  endfacet
  facet normal 0 0 1
    outer loop
      vertex 82.2088 18.3417 1.2
      vertex 83.3436 20.7391 1.2
      vertex 82.2512 19.0628 1.2
    endloop
  endfacet
  facet normal 0 0 1
    outer loop
      vertex 83.3436 20.7391 1.2
      vertex 82.2088 18.3417 1.2
      vertex 83.3436 16.1225 1.2
    endloop
  endfacet
  facet normal -0 0 1
    outer loop
      vertex 82.0816 17.7188 1.2
      vertex 83.3436 16.1225 1.2
      vertex 82.2088 18.3417 1.2
    endloop
  endfacet
  facet normal -0 0 1
    outer loop
      vertex 81.8697 17.1943 1.2
      vertex 83.3436 16.1225 1.2
      vertex 82.0816 17.7188 1.2
    endloop
  endfacet
  facet normal -0 0 1
    outer loop
      vertex 81.573 16.7681 1.2
      vertex 83.3436 16.1225 1.2
      vertex 81.8697 17.1943 1.2
    endloop
  endfacet
  facet normal -0 0 1
    outer loop
      vertex 81.1956 16.4382 1.2
      vertex 83.3436 16.1225 1.2
      vertex 81.573 16.7681 1.2
    endloop
  endfacet
  facet normal -0 0 1
    outer loop
      vertex 80.7416 16.2025 1.2
      vertex 83.3436 16.1225 1.2
      vertex 81.1956 16.4382 1.2
    endloop
  endfacet
  facet normal 0 0 1
    outer loop
      vertex 80.211 16.0612 1.2
      vertex 83.3436 16.1225 1.2
      vertex 80.7416 16.2025 1.2
    endloop
  endfacet
  facet normal 0 0 1
    outer loop
      vertex 83.3436 16.1225 1.2
      vertex 80.211 16.0612 1.2
      vertex 100 1.5 1.2
    endloop
  endfacet
  facet normal -0 0 1
    outer loop
      vertex 79.6037 16.014 1.2
      vertex 100 1.5 1.2
      vertex 80.211 16.0612 1.2
    endloop
  endfacet
  facet normal 0 0 1
    outer loop
      vertex 79.0002 16.063 1.2
      vertex 100 1.5 1.2
      vertex 79.6037 16.014 1.2
    endloop
  endfacet
  facet normal -0 0 1
    outer loop
      vertex 74.489 16.1008 1.2
      vertex 79.0002 16.063 1.2
      vertex 78.4754 16.21 1.2
    endloop
  endfacet
  facet normal -0 0 1
    outer loop
      vertex 75.1709 16.3612 1.2
      vertex 78.4754 16.21 1.2
      vertex 78.0291 16.455 1.2
    endloop
  endfacet
  facet normal 0 0 1
    outer loop
      vertex 76.1895 18.8513 1.2
      vertex 77.0052 19.0628 1.2
      vertex 76.1895 18.9815 1.2
    endloop
  endfacet
  facet normal 0 0 1
    outer loop
      vertex 77.0052 19.0628 1.2
      vertex 76.1895 18.8513 1.2
      vertex 77.0462 18.3659 1.2
    endloop
  endfacet
  facet normal 0 0 1
    outer loop
      vertex 76.0321 17.4028 1.2
      vertex 77.0462 18.3659 1.2
      vertex 76.1895 18.8513 1.2
    endloop
  endfacet
  facet normal 0 0 1
    outer loop
      vertex 77.0462 18.3659 1.2
      vertex 76.0321 17.4028 1.2
      vertex 77.1693 17.7561 1.2
    endloop
  endfacet
  facet normal 0 0 1
    outer loop
      vertex 77.1693 17.7561 1.2
      vertex 76.0321 17.4028 1.2
      vertex 77.3744 17.2335 1.2
    endloop
  endfacet
  facet normal 0 0 1
    outer loop
      vertex 75.6852 16.7952 1.2
      vertex 77.3744 17.2335 1.2
      vertex 76.0321 17.4028 1.2
    endloop
  endfacet
  facet normal 0 0 1
    outer loop
      vertex 77.3744 17.2335 1.2
      vertex 75.6852 16.7952 1.2
      vertex 77.6616 16.7979 1.2
    endloop
  endfacet
  facet normal 0 0 1
    outer loop
      vertex 77.6616 16.7979 1.2
      vertex 75.6852 16.7952 1.2
      vertex 78.0291 16.455 1.2
    endloop
  endfacet
  facet normal 0 0 1
    outer loop
      vertex 75.1709 16.3612 1.2
      vertex 78.0291 16.455 1.2
      vertex 75.6852 16.7952 1.2
    endloop
  endfacet
  facet normal 0 0 1
    outer loop
      vertex 78.4754 16.21 1.2
      vertex 75.1709 16.3612 1.2
      vertex 74.489 16.1008 1.2
    endloop
  endfacet
  facet normal 0 0 1
    outer loop
      vertex 79.0002 16.063 1.2
      vertex 74.489 16.1008 1.2
      vertex 100 1.5 1.2
    endloop
  endfacet
  facet normal -0 0 1
    outer loop
      vertex 73.6397 16.014 1.2
      vertex 100 1.5 1.2
      vertex 74.489 16.1008 1.2
    endloop
  endfacet
  facet normal 0 0 1
    outer loop
      vertex 73.0275 16.0625 1.2
      vertex 100 1.5 1.2
      vertex 73.6397 16.014 1.2
    endloop
  endfacet
  facet normal -0 0 1
    outer loop
      vertex 69.8184 16.1225 1.2
      vertex 73.0275 16.0625 1.2
      vertex 72.493 16.208 1.2
    endloop
  endfacet
  facet normal 0 0 1
    outer loop
      vertex 69.8184 16.1225 1.2
      vertex 72.493 16.208 1.2
      vertex 72.0361 16.4504 1.2
    endloop
  endfacet
  facet normal 0 0 1
    outer loop
      vertex 71.0186 19.78 1.2
      vertex 69.8184 16.1225 1.2
      vertex 70.976 19.0954 1.2
    endloop
  endfacet
  facet normal 0 0 1
    outer loop
      vertex 70.976 19.0954 1.2
      vertex 69.8184 16.1225 1.2
      vertex 71.0186 18.3776 1.2
    endloop
  endfacet
  facet normal 0 0 1
    outer loop
      vertex 71.0186 18.3776 1.2
      vertex 69.8184 16.1225 1.2
      vertex 71.1462 17.7541 1.2
    endloop
  endfacet
  facet normal 0 0 1
    outer loop
      vertex 69.8184 16.1225 1.2
      vertex 71.359 17.2248 1.2
      vertex 71.1462 17.7541 1.2
    endloop
  endfacet
  facet normal 0 0 1
    outer loop
      vertex 69.8184 16.1225 1.2
      vertex 71.6568 16.7898 1.2
      vertex 71.359 17.2248 1.2
    endloop
  endfacet
  facet normal 0 0 1
    outer loop
      vertex 69.8184 16.1225 1.2
      vertex 72.0361 16.4504 1.2
      vertex 71.6568 16.7898 1.2
    endloop
  endfacet
  facet normal 0 0 1
    outer loop
      vertex 73.0275 16.0625 1.2
      vertex 69.8184 16.1225 1.2
      vertex 100 1.5 1.2
    endloop
  endfacet
  facet normal -0 0 1
    outer loop
      vertex 68.8419 16.1225 1.2
      vertex 100 1.5 1.2
      vertex 69.8184 16.1225 1.2
    endloop
  endfacet
  facet normal 0 0 1
    outer loop
      vertex 67.4077 16.1225 1.2
      vertex 68.8419 16.1225 1.2
      vertex 67.4077 24.1732 1.2
    endloop
  endfacet
  facet normal -0 0 1
    outer loop
      vertex 67.4077 16.1225 1.2
      vertex 100 1.5 1.2
      vertex 68.8419 16.1225 1.2
    endloop
  endfacet
  facet normal 0 0 1
    outer loop
      vertex 65.2646 16.0737 1.2
      vertex 67.4077 16.1225 1.2
      vertex 66.4312 16.1225 1.2
    endloop
  endfacet
  facet normal -0 0 1
    outer loop
      vertex 65.827 16.1551 1.2
      vertex 66.4312 16.1225 1.2
      vertex 65.827 16.7627 1.2
    endloop
  endfacet
  facet normal 0 0 1
    outer loop
      vertex 65.6416 16.1171 1.2
      vertex 66.4312 16.1225 1.2
      vertex 65.827 16.1551 1.2
    endloop
  endfacet
  facet normal 0 0 1
    outer loop
      vertex 65.4541 16.09 1.2
      vertex 66.4312 16.1225 1.2
      vertex 65.6416 16.1171 1.2
    endloop
  endfacet
  facet normal 0 0 1
    outer loop
      vertex 65.2646 16.0737 1.2
      vertex 66.4312 16.1225 1.2
      vertex 65.4541 16.09 1.2
    endloop
  endfacet
  facet normal 0 0 1
    outer loop
      vertex 67.4077 16.1225 1.2
      vertex 65.2646 16.0737 1.2
      vertex 100 1.5 1.2
    endloop
  endfacet
  facet normal -0 0 1
    outer loop
      vertex 65.073 16.0683 1.2
      vertex 100 1.5 1.2
      vertex 65.2646 16.0737 1.2
    endloop
  endfacet
  facet normal 0 0 1
    outer loop
      vertex 62.2359 16.0315 1.2
      vertex 65.073 16.0683 1.2
      vertex 64.8202 16.0861 1.2
    endloop
  endfacet
  facet normal 0 0 1
    outer loop
      vertex 62.5511 16.0839 1.2
      vertex 64.8202 16.0861 1.2
      vertex 64.6044 16.1395 1.2
    endloop
  endfacet
  facet normal -0 0 1
    outer loop
      vertex 63.9718 17.2455 1.2
      vertex 64.0339 16.9618 1.2
      vertex 64.0042 17.2455 1.2
    endloop
  endfacet
  facet normal 0 0 1
    outer loop
      vertex 63.777 16.9337 1.2
      vertex 64.0339 16.9618 1.2
      vertex 63.9718 17.2455 1.2
    endloop
  endfacet
  facet normal -0 0 1
    outer loop
      vertex 63.777 16.9337 1.2
      vertex 64.0904 16.7186 1.2
      vertex 64.0339 16.9618 1.2
    endloop
  endfacet
  facet normal 0 0 1
    outer loop
      vertex 63.5669 16.6711 1.2
      vertex 64.0904 16.7186 1.2
      vertex 63.777 16.9337 1.2
    endloop
  endfacet
  facet normal 0 0 1
    outer loop
      vertex 64.0904 16.7186 1.2
      vertex 63.5669 16.6711 1.2
      vertex 64.1736 16.5156 1.2
    endloop
  endfacet
  facet normal 0 0 1
    outer loop
      vertex 63.3416 16.4577 1.2
      vertex 64.1736 16.5156 1.2
      vertex 63.5669 16.6711 1.2
    endloop
  endfacet
  facet normal 0 0 1
    outer loop
      vertex 64.1736 16.5156 1.2
      vertex 63.3416 16.4577 1.2
      vertex 64.2836 16.3531 1.2
    endloop
  endfacet
  facet normal 0 0 1
    outer loop
      vertex 63.101 16.2934 1.2
      vertex 64.2836 16.3531 1.2
      vertex 63.3416 16.4577 1.2
    endloop
  endfacet
  facet normal 0 0 1
    outer loop
      vertex 64.2836 16.3531 1.2
      vertex 63.101 16.2934 1.2
      vertex 64.4255 16.2285 1.2
    endloop
  endfacet
  facet normal 0 0 1
    outer loop
      vertex 62.8394 16.1712 1.2
      vertex 64.4255 16.2285 1.2
      vertex 63.101 16.2934 1.2
    endloop
  endfacet
  facet normal 0 0 1
    outer loop
      vertex 64.4255 16.2285 1.2
      vertex 62.8394 16.1712 1.2
      vertex 64.6044 16.1395 1.2
    endloop
  endfacet
  facet normal 0 0 1
    outer loop
      vertex 62.5511 16.0839 1.2
      vertex 64.6044 16.1395 1.2
      vertex 62.8394 16.1712 1.2
    endloop
  endfacet
  facet normal 0 0 1
    outer loop
      vertex 64.8202 16.0861 1.2
      vertex 62.5511 16.0839 1.2
      vertex 62.2359 16.0315 1.2
    endloop
  endfacet
  facet normal 0 0 1
    outer loop
      vertex 65.073 16.0683 1.2
      vertex 62.2359 16.0315 1.2
      vertex 100 1.5 1.2
    endloop
  endfacet
  facet normal -0 0 1
    outer loop
      vertex 61.8939 16.014 1.2
      vertex 100 1.5 1.2
      vertex 62.2359 16.0315 1.2
    endloop
  endfacet
  facet normal -0 0 1
    outer loop
      vertex 56.1246 16.0352 1.2
      vertex 61.8939 16.014 1.2
      vertex 61.4793 16.0432 1.2
    endloop
  endfacet
  facet normal -0 0 1
    outer loop
      vertex 56.612 16.0988 1.2
      vertex 61.4793 16.0432 1.2
      vertex 61.1195 16.1307 1.2
    endloop
  endfacet
  facet normal 0 0 1
    outer loop
      vertex 60.1575 18.1901 1.2
      vertex 59.02 17.3106 1.2
      vertex 60.12 17.7608 1.2
    endloop
  endfacet
  facet normal 0 0 1
    outer loop
      vertex 60.12 17.7608 1.2
      vertex 59.02 17.3106 1.2
      vertex 60.1478 17.3757 1.2
    endloop
  endfacet
  facet normal 0 0 1
    outer loop
      vertex 60.1478 17.3757 1.2
      vertex 59.02 17.3106 1.2
      vertex 60.2312 17.0339 1.2
    endloop
  endfacet
  facet normal 0 0 1
    outer loop
      vertex 59.02 17.3106 1.2
      vertex 60.3702 16.7356 1.2
      vertex 60.2312 17.0339 1.2
    endloop
  endfacet
  facet normal -0 0 1
    outer loop
      vertex 58.6991 17.0188 1.2
      vertex 60.3702 16.7356 1.2
      vertex 59.02 17.3106 1.2
    endloop
  endfacet
  facet normal 0 0 1
    outer loop
      vertex 60.3702 16.7356 1.2
      vertex 58.6991 17.0188 1.2
      vertex 60.5648 16.4806 1.2
    endloop
  endfacet
  facet normal -0 0 1
    outer loop
      vertex 58.3439 16.762 1.2
      vertex 60.5648 16.4806 1.2
      vertex 58.6991 17.0188 1.2
    endloop
  endfacet
  facet normal -0 0 1
    outer loop
      vertex 57.9545 16.5401 1.2
      vertex 60.5648 16.4806 1.2
      vertex 58.3439 16.762 1.2
    endloop
  endfacet
  facet normal 0 0 1
    outer loop
      vertex 60.5648 16.4806 1.2
      vertex 57.9545 16.5401 1.2
      vertex 60.8147 16.2765 1.2
    endloop
  endfacet
  facet normal -0 0 1
    outer loop
      vertex 57.5308 16.3531 1.2
      vertex 60.8147 16.2765 1.2
      vertex 57.9545 16.5401 1.2
    endloop
  endfacet
  facet normal 0 0 1
    outer loop
      vertex 60.8147 16.2765 1.2
      vertex 57.5308 16.3531 1.2
      vertex 61.1195 16.1307 1.2
    endloop
  endfacet
  facet normal -0 0 1
    outer loop
      vertex 57.0807 16.2047 1.2
      vertex 61.1195 16.1307 1.2
      vertex 57.5308 16.3531 1.2
    endloop
  endfacet
  facet normal 0 0 1
    outer loop
      vertex 56.612 16.0988 1.2
      vertex 61.1195 16.1307 1.2
      vertex 57.0807 16.2047 1.2
    endloop
  endfacet
  facet normal 0 0 1
    outer loop
      vertex 61.4793 16.0432 1.2
      vertex 56.612 16.0988 1.2
      vertex 56.1246 16.0352 1.2
    endloop
  endfacet
  facet normal 0 0 1
    outer loop
      vertex 61.8939 16.014 1.2
      vertex 56.1246 16.0352 1.2
      vertex 100 1.5 1.2
    endloop
  endfacet
  facet normal -0 0 1
    outer loop
      vertex 55.6186 16.014 1.2
      vertex 100 1.5 1.2
      vertex 56.1246 16.0352 1.2
    endloop
  endfacet
  facet normal 0 0 1
    outer loop
      vertex 55.0398 16.0439 1.2
      vertex 100 1.5 1.2
      vertex 55.6186 16.014 1.2
    endloop
  endfacet
  facet normal -0 0 1
    outer loop
      vertex 47.6162 16.1225 1.2
      vertex 55.0398 16.0439 1.2
      vertex 54.5023 16.1334 1.2
    endloop
  endfacet
  facet normal 0 0 1
    outer loop
      vertex 47.6162 16.1225 1.2
      vertex 54.5023 16.1334 1.2
      vertex 54.0063 16.2825 1.2
    endloop
  endfacet
  facet normal 0 0 1
    outer loop
      vertex 47.6162 20.0339 1.2
      vertex 51.7955 19.3919 1.2
      vertex 51.7668 19.9797 1.2
    endloop
  endfacet
  facet normal 0 0 1
    outer loop
      vertex 47.6162 20.0339 1.2
      vertex 51.8814 18.8438 1.2
      vertex 51.7955 19.3919 1.2
    endloop
  endfacet
  facet normal 0 0 1
    outer loop
      vertex 47.6162 16.1225 1.2
      vertex 51.8814 18.8438 1.2
      vertex 47.6162 20.0339 1.2
    endloop
  endfacet
  facet normal 0 0 1
    outer loop
      vertex 51.8814 18.8438 1.2
      vertex 47.6162 16.1225 1.2
      vertex 52.0246 18.3354 1.2
    endloop
  endfacet
  facet normal 0 0 1
    outer loop
      vertex 52.0246 18.3354 1.2
      vertex 47.6162 16.1225 1.2
      vertex 52.2252 17.8667 1.2
    endloop
  endfacet
  facet normal 0 0 1
    outer loop
      vertex 52.2252 17.8667 1.2
      vertex 47.6162 16.1225 1.2
      vertex 52.48 17.444 1.2
    endloop
  endfacet
  facet normal 0 0 1
    outer loop
      vertex 52.48 17.444 1.2
      vertex 47.6162 16.1225 1.2
      vertex 52.786 17.0739 1.2
    endloop
  endfacet
  facet normal 0 0 1
    outer loop
      vertex 52.786 17.0739 1.2
      vertex 47.6162 16.1225 1.2
      vertex 53.1432 16.7564 1.2
    endloop
  endfacet
  facet normal 0 0 1
    outer loop
      vertex 53.1432 16.7564 1.2
      vertex 47.6162 16.1225 1.2
      vertex 53.5516 16.4914 1.2
    endloop
  endfacet
  facet normal 0 0 1
    outer loop
      vertex 47.6162 16.1225 1.2
      vertex 54.0063 16.2825 1.2
      vertex 53.5516 16.4914 1.2
    endloop
  endfacet
  facet normal 0 0 1
    outer loop
      vertex 55.0398 16.0439 1.2
      vertex 47.6162 16.1225 1.2
      vertex 100 1.5 1.2
    endloop
  endfacet
  facet normal 0 0 1
    outer loop
      vertex 0 1.5 1.2
      vertex 47.6162 16.1225 1.2
      vertex 46.6343 16.1225 1.2
    endloop
  endfacet
  facet normal 0 0 1
    outer loop
      vertex 45.4246 21.3467 1.2
      vertex 46.6272 20.118 1.2
      vertex 46.6058 20.3594 1.2
    endloop
  endfacet
  facet normal 0 0 1
    outer loop
      vertex 45.6514 21.3379 1.2
      vertex 46.6058 20.3594 1.2
      vertex 46.5702 20.5683 1.2
    endloop
  endfacet
  facet normal 0 0 1
    outer loop
      vertex 45.849 21.3115 1.2
      vertex 46.5702 20.5683 1.2
      vertex 46.5204 20.7446 1.2
    endloop
  endfacet
  facet normal 0 0 1
    outer loop
      vertex 45.849 21.3115 1.2
      vertex 46.5204 20.7446 1.2
      vertex 46.455 20.8934 1.2
    endloop
  endfacet
  facet normal 0 0 1
    outer loop
      vertex 46.0175 21.2674 1.2
      vertex 46.455 20.8934 1.2
      vertex 46.3726 21.0199 1.2
    endloop
  endfacet
  facet normal 0 0 1
    outer loop
      vertex 46.0175 21.2674 1.2
      vertex 46.3726 21.0199 1.2
      vertex 46.2732 21.124 1.2
    endloop
  endfacet
  facet normal 0 0 1
    outer loop
      vertex 46.0175 21.2674 1.2
      vertex 46.2732 21.124 1.2
      vertex 46.1569 21.2057 1.2
    endloop
  endfacet
  facet normal 0 0 1
    outer loop
      vertex 46.455 20.8934 1.2
      vertex 46.0175 21.2674 1.2
      vertex 45.849 21.3115 1.2
    endloop
  endfacet
  facet normal 0 0 1
    outer loop
      vertex 46.5702 20.5683 1.2
      vertex 45.849 21.3115 1.2
      vertex 45.6514 21.3379 1.2
    endloop
  endfacet
  facet normal 0 0 1
    outer loop
      vertex 46.6058 20.3594 1.2
      vertex 45.6514 21.3379 1.2
      vertex 45.4246 21.3467 1.2
    endloop
  endfacet
  facet normal 0 0 1
    outer loop
      vertex 46.6272 20.118 1.2
      vertex 45.4246 21.3467 1.2
      vertex 45.0906 21.3166 1.2
    endloop
  endfacet
  facet normal 0 0 1
    outer loop
      vertex 46.6272 20.118 1.2
      vertex 45.0906 21.3166 1.2
      vertex 44.3125 20.8639 1.2
    endloop
  endfacet
  facet normal 0 0 1
    outer loop
      vertex 44.3125 20.8639 1.2
      vertex 45.0906 21.3166 1.2
      vertex 44.7939 21.226 1.2
    endloop
  endfacet
  facet normal 0 0 1
    outer loop
      vertex 44.3125 20.8639 1.2
      vertex 44.7939 21.226 1.2
      vertex 44.5346 21.0752 1.2
    endloop
  endfacet
  facet normal 0 0 1
    outer loop
      vertex 46.6272 20.118 1.2
      vertex 44.3125 20.8639 1.2
      vertex 44.1345 20.5991 1.2
    endloop
  endfacet
  facet normal 0 0 1
    outer loop
      vertex 46.6272 20.118 1.2
      vertex 44.1345 20.5991 1.2
      vertex 44.0073 20.2875 1.2
    endloop
  endfacet
  facet normal 0 0 1
    outer loop
      vertex 46.6343 19.844 1.2
      vertex 44.0073 20.2875 1.2
      vertex 43.931 19.9292 1.2
    endloop
  endfacet
  facet normal 0 0 1
    outer loop
      vertex 46.6343 19.844 1.2
      vertex 43.931 19.9292 1.2
      vertex 43.9056 19.5239 1.2
    endloop
  endfacet
  facet normal 0 0 1
    outer loop
      vertex 46.6343 19.844 1.2
      vertex 43.9056 19.5239 1.2
      vertex 46.6343 16.1225 1.2
    endloop
  endfacet
  facet normal 0 0 1
    outer loop
      vertex 43.9056 16.1225 1.2
      vertex 46.6343 16.1225 1.2
      vertex 43.9056 19.5239 1.2
    endloop
  endfacet
  facet normal 0 0 1
    outer loop
      vertex 0 1.5 1.2
      vertex 46.6343 16.1225 1.2
      vertex 43.9056 16.1225 1.2
    endloop
  endfacet
  facet normal 0 0 1
    outer loop
      vertex 0 1.5 1.2
      vertex 43.9056 16.1225 1.2
      vertex 42.929 16.1225 1.2
    endloop
  endfacet
  facet normal 0 0 1
    outer loop
      vertex 41.6478 20.3462 1.2
      vertex 42.927 21.202 1.2
      vertex 42.9209 21.5651 1.2
    endloop
  endfacet
  facet normal 0 0 1
    outer loop
      vertex 41.6478 20.3462 1.2
      vertex 42.9209 21.5651 1.2
      vertex 42.9108 21.8286 1.2
    endloop
  endfacet
  facet normal 0 0 1
    outer loop
      vertex 41.1626 21.321 1.2
      vertex 42.9108 21.8286 1.2
      vertex 42.8966 21.9923 1.2
    endloop
  endfacet
  facet normal 0 0 1
    outer loop
      vertex 42.929 20.7391 1.2
      vertex 41.8096 18.9815 1.2
      vertex 41.8096 18.8513 1.2
    endloop
  endfacet
  facet normal 0 0 1
    outer loop
      vertex 42.929 20.7391 1.2
      vertex 41.8096 18.8513 1.2
      vertex 42.929 16.1225 1.2
    endloop
  endfacet
  facet normal -0 0 1
    outer loop
      vertex 41.6522 17.4028 1.2
      vertex 42.929 16.1225 1.2
      vertex 41.8096 18.8513 1.2
    endloop
  endfacet
  facet normal -0 0 1
    outer loop
      vertex 41.3053 16.7952 1.2
      vertex 42.929 16.1225 1.2
      vertex 41.6522 17.4028 1.2
    endloop
  endfacet
  facet normal -0 0 1
    outer loop
      vertex 40.791 16.3612 1.2
      vertex 42.929 16.1225 1.2
      vertex 41.3053 16.7952 1.2
    endloop
  endfacet
  facet normal 0 0 1
    outer loop
      vertex 40.1091 16.1008 1.2
      vertex 42.929 16.1225 1.2
      vertex 40.791 16.3612 1.2
    endloop
  endfacet
  facet normal 0 0 1
    outer loop
      vertex 39.2598 16.014 1.2
      vertex 42.929 16.1225 1.2
      vertex 40.1091 16.1008 1.2
    endloop
  endfacet
  facet normal 0 0 1
    outer loop
      vertex 42.929 16.1225 1.2
      vertex 39.2598 16.014 1.2
      vertex 0 1.5 1.2
    endloop
  endfacet
  facet normal 0 0 1
    outer loop
      vertex 36.2702 16.1225 1.2
      vertex 39.2598 16.014 1.2
      vertex 38.6476 16.0625 1.2
    endloop
  endfacet
  facet normal 0 0 1
    outer loop
      vertex 33.7638 19.4697 1.2
      vertex 36.6387 18.3776 1.2
      vertex 36.5961 19.0954 1.2
    endloop
  endfacet
  facet normal 0 0 1
    outer loop
      vertex 33.7638 19.4697 1.2
      vertex 36.7663 17.7541 1.2
      vertex 36.6387 18.3776 1.2
    endloop
  endfacet
  facet normal 0 0 1
    outer loop
      vertex 36.2702 16.1225 1.2
      vertex 36.9791 17.2248 1.2
      vertex 36.7663 17.7541 1.2
    endloop
  endfacet
  facet normal 0 0 1
    outer loop
      vertex 36.2702 16.1225 1.2
      vertex 37.2769 16.7898 1.2
      vertex 36.9791 17.2248 1.2
    endloop
  endfacet
  facet normal 0 0 1
    outer loop
      vertex 36.2702 16.1225 1.2
      vertex 37.6562 16.4504 1.2
      vertex 37.2769 16.7898 1.2
    endloop
  endfacet
  facet normal 0 0 1
    outer loop
      vertex 36.2702 16.1225 1.2
      vertex 38.1131 16.208 1.2
      vertex 37.6562 16.4504 1.2
    endloop
  endfacet
  facet normal -0 0 1
    outer loop
      vertex 36.2702 16.1225 1.2
      vertex 38.6476 16.0625 1.2
      vertex 38.1131 16.208 1.2
    endloop
  endfacet
  facet normal 0 0 1
    outer loop
      vertex 39.2598 16.014 1.2
      vertex 36.2702 16.1225 1.2
      vertex 0 1.5 1.2
    endloop
  endfacet
  facet normal 0 0 1
    outer loop
      vertex 0 1.5 1.2
      vertex 36.2702 16.1225 1.2
      vertex 35.1255 16.1225 1.2
    endloop
  endfacet
  facet normal -0 0 1
    outer loop
      vertex 32.4238 18.2112 1.2
      vertex 35.1255 16.1225 1.2
      vertex 33.14 18.8024 1.2
    endloop
  endfacet
  facet normal 0 0 1
    outer loop
      vertex 32.4238 16.1225 1.2
      vertex 35.1255 16.1225 1.2
      vertex 32.4238 18.2112 1.2
    endloop
  endfacet
  facet normal 0 0 1
    outer loop
      vertex 0 1.5 1.2
      vertex 35.1255 16.1225 1.2
      vertex 32.4238 16.1225 1.2
    endloop
  endfacet
  facet normal 0 0 1
    outer loop
      vertex 0 1.5 1.2
      vertex 32.4238 16.1225 1.2
      vertex 31.4474 16.1225 1.2
    endloop
  endfacet
  facet normal 0 0 1
    outer loop
      vertex 30.1216 16.1225 1.2
      vertex 31.4474 16.1225 1.2
      vertex 30.1216 20.0339 1.2
    endloop
  endfacet
  facet normal 0 0 1
    outer loop
      vertex 0 1.5 1.2
      vertex 31.4474 16.1225 1.2
      vertex 30.1216 16.1225 1.2
    endloop
  endfacet
  facet normal 0 0 1
    outer loop
      vertex 0 1.5 1.2
      vertex 30.1216 16.1225 1.2
      vertex 29.1397 16.1225 1.2
    endloop
  endfacet
  facet normal 0 0 1
    outer loop
      vertex 27.9299 21.3467 1.2
      vertex 29.1326 20.118 1.2
      vertex 29.1112 20.3594 1.2
    endloop
  endfacet
  facet normal 0 0 1
    outer loop
      vertex 28.1568 21.3379 1.2
      vertex 29.1112 20.3594 1.2
      vertex 29.0756 20.5683 1.2
    endloop
  endfacet
  facet normal 0 0 1
    outer loop
      vertex 28.3544 21.3115 1.2
      vertex 29.0756 20.5683 1.2
      vertex 29.0258 20.7446 1.2
    endloop
  endfacet
  facet normal 0 0 1
    outer loop
      vertex 28.3544 21.3115 1.2
      vertex 29.0258 20.7446 1.2
      vertex 28.9603 20.8934 1.2
    endloop
  endfacet
  facet normal 0 0 1
    outer loop
      vertex 28.5229 21.2674 1.2
      vertex 28.9603 20.8934 1.2
      vertex 28.8779 21.0199 1.2
    endloop
  endfacet
  facet normal 0 0 1
    outer loop
      vertex 28.5229 21.2674 1.2
      vertex 28.8779 21.0199 1.2
      vertex 28.7786 21.124 1.2
    endloop
  endfacet
  facet normal 0 0 1
    outer loop
      vertex 28.5229 21.2674 1.2
      vertex 28.7786 21.124 1.2
      vertex 28.6623 21.2057 1.2
    endloop
  endfacet
  facet normal 0 0 1
    outer loop
      vertex 28.9603 20.8934 1.2
      vertex 28.5229 21.2674 1.2
      vertex 28.3544 21.3115 1.2
    endloop
  endfacet
  facet normal 0 0 1
    outer loop
      vertex 29.0756 20.5683 1.2
      vertex 28.3544 21.3115 1.2
      vertex 28.1568 21.3379 1.2
    endloop
  endfacet
  facet normal 0 0 1
    outer loop
      vertex 29.1112 20.3594 1.2
      vertex 28.1568 21.3379 1.2
      vertex 27.9299 21.3467 1.2
    endloop
  endfacet
  facet normal 0 0 1
    outer loop
      vertex 29.1326 20.118 1.2
      vertex 27.9299 21.3467 1.2
      vertex 27.596 21.3166 1.2
    endloop
  endfacet
  facet normal 0 0 1
    outer loop
      vertex 29.1326 20.118 1.2
      vertex 27.596 21.3166 1.2
      vertex 26.8179 20.8639 1.2
    endloop
  endfacet
  facet normal 0 0 1
    outer loop
      vertex 26.8179 20.8639 1.2
      vertex 27.596 21.3166 1.2
      vertex 27.2993 21.226 1.2
    endloop
  endfacet
  facet normal 0 0 1
    outer loop
      vertex 26.8179 20.8639 1.2
      vertex 27.2993 21.226 1.2
      vertex 27.0399 21.0752 1.2
    endloop
  endfacet
  facet normal 0 0 1
    outer loop
      vertex 29.1326 20.118 1.2
      vertex 26.8179 20.8639 1.2
      vertex 26.6399 20.5991 1.2
    endloop
  endfacet
  facet normal 0 0 1
    outer loop
      vertex 29.1326 20.118 1.2
      vertex 26.6399 20.5991 1.2
      vertex 26.5127 20.2875 1.2
    endloop
  endfacet
  facet normal 0 0 1
    outer loop
      vertex 29.1397 19.844 1.2
      vertex 26.5127 20.2875 1.2
      vertex 26.4364 19.9292 1.2
    endloop
  endfacet
  facet normal 0 0 1
    outer loop
      vertex 29.1397 19.844 1.2
      vertex 26.4364 19.9292 1.2
      vertex 26.411 19.5239 1.2
    endloop
  endfacet
  facet normal 0 0 1
    outer loop
      vertex 29.1397 19.844 1.2
      vertex 26.411 19.5239 1.2
      vertex 29.1397 16.1225 1.2
    endloop
  endfacet
  facet normal 0 0 1
    outer loop
      vertex 26.411 16.1225 1.2
      vertex 29.1397 16.1225 1.2
      vertex 26.411 19.5239 1.2
    endloop
  endfacet
  facet normal 0 0 1
    outer loop
      vertex 0 1.5 1.2
      vertex 29.1397 16.1225 1.2
      vertex 26.411 16.1225 1.2
    endloop
  endfacet
  facet normal 0 0 1
    outer loop
      vertex 0 1.5 1.2
      vertex 26.411 16.1225 1.2
      vertex 25.4344 16.1225 1.2
    endloop
  endfacet
  facet normal 0 0 1
    outer loop
      vertex 24.0565 16.2863 1.2
      vertex 25.4324 21.202 1.2
      vertex 25.4263 21.5651 1.2
    endloop
  endfacet
  facet normal -0 0 1
    outer loop
      vertex 24.0382 21.9923 1.2
      vertex 25.4162 21.8286 1.2
      vertex 25.4019 21.9923 1.2
    endloop
  endfacet
  facet normal 0 0 1
    outer loop
      vertex 25.4162 21.8286 1.2
      vertex 24.0382 21.9923 1.2
      vertex 25.4263 21.5651 1.2
    endloop
  endfacet
  facet normal 0 0 1
    outer loop
      vertex 25.4344 20.7391 1.2
      vertex 24.0565 16.2863 1.2
      vertex 25.4344 16.1225 1.2
    endloop
  endfacet
  facet normal 0 0 1
    outer loop
      vertex 0 1.5 1.2
      vertex 25.4344 16.1225 1.2
      vertex 24.0708 16.1225 1.2
    endloop
  endfacet
  facet normal 0 0 1
    outer loop
      vertex 0 1.5 1.2
      vertex 24.0708 16.1225 1.2
      vertex 23.1485 16.1225 1.2
    endloop
  endfacet
  facet normal 0 0 1
    outer loop
      vertex 22.7261 16.6073 1.2
      vertex 23.1348 16.3309 1.2
      vertex 23.1315 16.3971 1.2
    endloop
  endfacet
  facet normal 0 0 1
    outer loop
      vertex 22.7261 16.6073 1.2
      vertex 23.1315 16.3971 1.2
      vertex 23.128 16.4678 1.2
    endloop
  endfacet
  facet normal 0 0 1
    outer loop
      vertex 22.7261 16.6073 1.2
      vertex 23.128 16.4678 1.2
      vertex 23.1241 16.5429 1.2
    endloop
  endfacet
  facet normal -0 0 1
    outer loop
      vertex 23.0889 17.1261 1.2
      vertex 23.1104 16.929 1.2
      vertex 23.1051 17.1261 1.2
    endloop
  endfacet
  facet normal 0 0 1
    outer loop
      vertex 22.9141 16.8445 1.2
      vertex 23.1104 16.929 1.2
      vertex 23.0889 17.1261 1.2
    endloop
  endfacet
  facet normal 0 0 1
    outer loop
      vertex 23.1104 16.929 1.2
      vertex 22.9141 16.8445 1.2
      vertex 23.1153 16.766 1.2
    endloop
  endfacet
  facet normal 0 0 1
    outer loop
      vertex 23.1153 16.766 1.2
      vertex 22.9141 16.8445 1.2
      vertex 23.1198 16.6373 1.2
    endloop
  endfacet
  facet normal 0 0 1
    outer loop
      vertex 22.7261 16.6073 1.2
      vertex 23.1198 16.6373 1.2
      vertex 22.9141 16.8445 1.2
    endloop
  endfacet
  facet normal 0 0 1
    outer loop
      vertex 23.1198 16.6373 1.2
      vertex 22.7261 16.6073 1.2
      vertex 23.1241 16.5429 1.2
    endloop
  endfacet
  facet normal -0 0 1
    outer loop
      vertex 22.5248 16.4146 1.2
      vertex 23.1348 16.3309 1.2
      vertex 22.7261 16.6073 1.2
    endloop
  endfacet
  facet normal 0 0 1
    outer loop
      vertex 23.1348 16.3309 1.2
      vertex 22.5248 16.4146 1.2
      vertex 23.1377 16.269 1.2
    endloop
  endfacet
  facet normal 0 0 1
    outer loop
      vertex 23.1377 16.269 1.2
      vertex 22.5248 16.4146 1.2
      vertex 23.1404 16.2151 1.2
    endloop
  endfacet
  facet normal 0 0 1
    outer loop
      vertex 23.1404 16.2151 1.2
      vertex 22.5248 16.4146 1.2
      vertex 23.1431 16.1727 1.2
    endloop
  endfacet
  facet normal 0 0 1
    outer loop
      vertex 23.1431 16.1727 1.2
      vertex 22.5248 16.4146 1.2
      vertex 23.1458 16.1418 1.2
    endloop
  endfacet
  facet normal 0 0 1
    outer loop
      vertex 23.1458 16.1418 1.2
      vertex 22.5248 16.4146 1.2
      vertex 23.1485 16.1225 1.2
    endloop
  endfacet
  facet normal -0 0 1
    outer loop
      vertex 22.3104 16.2663 1.2
      vertex 23.1485 16.1225 1.2
      vertex 22.5248 16.4146 1.2
    endloop
  endfacet
  facet normal -0 0 1
    outer loop
      vertex 22.0759 16.1559 1.2
      vertex 23.1485 16.1225 1.2
      vertex 22.3104 16.2663 1.2
    endloop
  endfacet
  facet normal 0 0 1
    outer loop
      vertex 21.8147 16.0771 1.2
      vertex 23.1485 16.1225 1.2
      vertex 22.0759 16.1559 1.2
    endloop
  endfacet
  facet normal 0 0 1
    outer loop
      vertex 21.5266 16.0298 1.2
      vertex 23.1485 16.1225 1.2
      vertex 21.8147 16.0771 1.2
    endloop
  endfacet
  facet normal 0 0 1
    outer loop
      vertex 23.1485 16.1225 1.2
      vertex 21.5266 16.0298 1.2
      vertex 0 1.5 1.2
    endloop
  endfacet
  facet normal 0 0 1
    outer loop
      vertex 0 1.5 1.2
      vertex 21.5266 16.0298 1.2
      vertex 21.2118 16.014 1.2
    endloop
  endfacet
  facet normal 0 0 1
    outer loop
      vertex 0 1.5 1.2
      vertex 21.2118 16.014 1.2
      vertex 20.7614 16.044 1.2
    endloop
  endfacet
  facet normal 0 0 1
    outer loop
      vertex 18.2411 17.7337 1.2
      vertex 19.351 18.0809 1.2
      vertex 18.2928 18.2328 1.2
    endloop
  endfacet
  facet normal 0 0 1
    outer loop
      vertex 19.351 18.0809 1.2
      vertex 18.2411 17.7337 1.2
      vertex 19.379 17.5667 1.2
    endloop
  endfacet
  facet normal 0 0 1
    outer loop
      vertex 18.086 17.2943 1.2
      vertex 19.379 17.5667 1.2
      vertex 18.2411 17.7337 1.2
    endloop
  endfacet
  facet normal 0 0 1
    outer loop
      vertex 19.379 17.5667 1.2
      vertex 18.086 17.2943 1.2
      vertex 19.4629 17.1309 1.2
    endloop
  endfacet
  facet normal 0 0 1
    outer loop
      vertex 19.4629 17.1309 1.2
      vertex 18.086 17.2943 1.2
      vertex 19.6028 16.7733 1.2
    endloop
  endfacet
  facet normal -0 0 1
    outer loop
      vertex 17.8274 16.9146 1.2
      vertex 19.6028 16.7733 1.2
      vertex 18.086 17.2943 1.2
    endloop
  endfacet
  facet normal 0 0 1
    outer loop
      vertex 19.6028 16.7733 1.2
      vertex 17.8274 16.9146 1.2
      vertex 19.7985 16.4941 1.2
    endloop
  endfacet
  facet normal -0 0 1
    outer loop
      vertex 17.4654 16.5945 1.2
      vertex 19.7985 16.4941 1.2
      vertex 17.8274 16.9146 1.2
    endloop
  endfacet
  facet normal 0 0 1
    outer loop
      vertex 19.7985 16.4941 1.2
      vertex 17.4654 16.5945 1.2
      vertex 20.0547 16.2841 1.2
    endloop
  endfacet
  facet normal -0 0 1
    outer loop
      vertex 17.0096 16.3405 1.2
      vertex 20.0547 16.2841 1.2
      vertex 17.4654 16.5945 1.2
    endloop
  endfacet
  facet normal 0 0 1
    outer loop
      vertex 20.0547 16.2841 1.2
      vertex 17.0096 16.3405 1.2
      vertex 20.3757 16.134 1.2
    endloop
  endfacet
  facet normal -0 0 1
    outer loop
      vertex 16.4693 16.1591 1.2
      vertex 20.3757 16.134 1.2
      vertex 17.0096 16.3405 1.2
    endloop
  endfacet
  facet normal 0 0 1
    outer loop
      vertex 20.3757 16.134 1.2
      vertex 16.4693 16.1591 1.2
      vertex 20.7614 16.044 1.2
    endloop
  endfacet
  facet normal -0 0 1
    outer loop
      vertex 15.8446 16.0503 1.2
      vertex 20.7614 16.044 1.2
      vertex 16.4693 16.1591 1.2
    endloop
  endfacet
  facet normal 0 0 1
    outer loop
      vertex 20.7614 16.044 1.2
      vertex 15.8446 16.0503 1.2
      vertex 0 1.5 1.2
    endloop
  endfacet
  facet normal 0 0 1
    outer loop
      vertex 0 1.5 1.2
      vertex 15.8446 16.0503 1.2
      vertex 15.1354 16.014 1.2
    endloop
  endfacet
  facet normal 0 0 1
    outer loop
      vertex 0 1.5 1.2
      vertex 15.1354 16.014 1.2
      vertex 13.8853 16.1354 1.2
    endloop
  endfacet
  facet normal 0 0 1
    outer loop
      vertex 0 1.5 1.2
      vertex 11.8967 17.9562 1.2
      vertex 0 36.5 1.2
    endloop
  endfacet
  facet normal 0 0 1
    outer loop
      vertex 47.6162 16.1225 1.2
      vertex 0 1.5 1.2
      vertex 100 1.5 1.2
    endloop
  endfacet
  facet normal 0 0 1
    outer loop
      vertex 12.9288 16.4996 1.2
      vertex 0 1.5 1.2
      vertex 13.8853 16.1354 1.2
    endloop
  endfacet
  facet normal 0 0 1
    outer loop
      vertex 12.2659 17.1065 1.2
      vertex 0 1.5 1.2
      vertex 12.9288 16.4996 1.2
    endloop
  endfacet
  facet normal 0 0 1
    outer loop
      vertex 11.8967 17.9562 1.2
      vertex 0 1.5 1.2
      vertex 12.2659 17.1065 1.2
    endloop
  endfacet
  facet normal -0 0 1
    outer loop
      vertex 37.7604 20.3411 1.2
      vertex 40.7404 20.0324 1.2
      vertex 40.6418 20.4021 1.2
    endloop
  endfacet
  facet normal 0 0 1
    outer loop
      vertex 39.5504 21.3527 1.2
      vertex 40.6418 20.4021 1.2
      vertex 40.5044 20.7092 1.2
    endloop
  endfacet
  facet normal 0 0 1
    outer loop
      vertex 39.8524 21.2728 1.2
      vertex 40.5044 20.7092 1.2
      vertex 40.3284 20.9534 1.2
    endloop
  endfacet
  facet normal 0 0 1
    outer loop
      vertex 39.8524 21.2728 1.2
      vertex 40.3284 20.9534 1.2
      vertex 40.1118 21.1398 1.2
    endloop
  endfacet
  facet normal 0 0 1
    outer loop
      vertex 40.5044 20.7092 1.2
      vertex 39.8524 21.2728 1.2
      vertex 39.5504 21.3527 1.2
    endloop
  endfacet
  facet normal 0 0 1
    outer loop
      vertex 40.6418 20.4021 1.2
      vertex 39.5504 21.3527 1.2
      vertex 39.2056 21.3793 1.2
    endloop
  endfacet
  facet normal 0 0 1
    outer loop
      vertex 40.6418 20.4021 1.2
      vertex 39.2056 21.3793 1.2
      vertex 37.7604 20.3411 1.2
    endloop
  endfacet
  facet normal 0 0 1
    outer loop
      vertex 37.8962 20.645 1.2
      vertex 39.2056 21.3793 1.2
      vertex 38.8687 21.3496 1.2
    endloop
  endfacet
  facet normal 0 0 1
    outer loop
      vertex 38.0798 20.9046 1.2
      vertex 38.8687 21.3496 1.2
      vertex 38.5688 21.2606 1.2
    endloop
  endfacet
  facet normal 0 0 1
    outer loop
      vertex 38.0798 20.9046 1.2
      vertex 38.5688 21.2606 1.2
      vertex 38.3058 21.1123 1.2
    endloop
  endfacet
  facet normal 0 0 1
    outer loop
      vertex 38.8687 21.3496 1.2
      vertex 38.0798 20.9046 1.2
      vertex 37.8962 20.645 1.2
    endloop
  endfacet
  facet normal 0 0 1
    outer loop
      vertex 39.2056 21.3793 1.2
      vertex 37.8962 20.645 1.2
      vertex 37.7604 20.3411 1.2
    endloop
  endfacet
  facet normal 0 0 1
    outer loop
      vertex 40.7404 20.0324 1.2
      vertex 37.7604 20.3411 1.2
      vertex 37.6725 19.9927 1.2
    endloop
  endfacet
  facet normal 0 0 1
    outer loop
      vertex 37.6323 19.5999 1.2
      vertex 40.7404 20.0324 1.2
      vertex 37.6725 19.9927 1.2
    endloop
  endfacet
  facet normal 0 0 1
    outer loop
      vertex 40.7404 20.0324 1.2
      vertex 37.6323 19.5999 1.2
      vertex 40.8004 19.5999 1.2
    endloop
  endfacet
  facet normal -0 0 1
    outer loop
      vertex 62.903 18.9978 1.2
      vertex 63.9718 18.5367 1.2
      vertex 63.9718 19.0195 1.2
    endloop
  endfacet
  facet normal 0 0 1
    outer loop
      vertex 63.9718 18.5367 1.2
      vertex 62.903 18.9978 1.2
      vertex 63.9567 18.313 1.2
    endloop
  endfacet
  facet normal 0 0 1
    outer loop
      vertex 63.9567 18.313 1.2
      vertex 62.903 18.9978 1.2
      vertex 63.9114 18.0925 1.2
    endloop
  endfacet
  facet normal 0 0 1
    outer loop
      vertex 63.9114 18.0925 1.2
      vertex 62.903 18.9978 1.2
      vertex 63.836 17.875 1.2
    endloop
  endfacet
  facet normal 0 0 1
    outer loop
      vertex 63.836 17.875 1.2
      vertex 62.903 18.9978 1.2
      vertex 63.7303 17.6605 1.2
    endloop
  endfacet
  facet normal 0 0 1
    outer loop
      vertex 63.7303 17.6605 1.2
      vertex 62.903 18.9978 1.2
      vertex 63.5986 17.4589 1.2
    endloop
  endfacet
  facet normal 0 0 1
    outer loop
      vertex 63.5986 17.4589 1.2
      vertex 62.903 18.9978 1.2
      vertex 63.4448 17.2801 1.2
    endloop
  endfacet
  facet normal -0 0 1
    outer loop
      vertex 62.5794 18.9849 1.2
      vertex 63.4448 17.2801 1.2
      vertex 62.903 18.9978 1.2
    endloop
  endfacet
  facet normal 0 0 1
    outer loop
      vertex 63.4448 17.2801 1.2
      vertex 62.5794 18.9849 1.2
      vertex 63.269 17.1239 1.2
    endloop
  endfacet
  facet normal 0 0 1
    outer loop
      vertex 63.269 17.1239 1.2
      vertex 62.5794 18.9849 1.2
      vertex 63.0711 16.9905 1.2
    endloop
  endfacet
  facet normal -0 0 1
    outer loop
      vertex 62.2974 18.9571 1.2
      vertex 63.0711 16.9905 1.2
      vertex 62.5794 18.9849 1.2
    endloop
  endfacet
  facet normal 0 0 1
    outer loop
      vertex 63.0711 16.9905 1.2
      vertex 62.2974 18.9571 1.2
      vertex 62.8548 16.8837 1.2
    endloop
  endfacet
  facet normal 0 0 1
    outer loop
      vertex 62.8548 16.8837 1.2
      vertex 62.2974 18.9571 1.2
      vertex 62.6236 16.8074 1.2
    endloop
  endfacet
  facet normal -0 0 1
    outer loop
      vertex 62.0572 18.9143 1.2
      vertex 62.6236 16.8074 1.2
      vertex 62.2974 18.9571 1.2
    endloop
  endfacet
  facet normal 0 0 1
    outer loop
      vertex 62.6236 16.8074 1.2
      vertex 62.0572 18.9143 1.2
      vertex 62.3775 16.7616 1.2
    endloop
  endfacet
  facet normal -0 0 1
    outer loop
      vertex 61.8586 18.8567 1.2
      vertex 62.3775 16.7616 1.2
      vertex 62.0572 18.9143 1.2
    endloop
  endfacet
  facet normal -0 0 1
    outer loop
      vertex 61.1355 17.9538 1.2
      vertex 62.3775 16.7616 1.2
      vertex 61.8586 18.8567 1.2
    endloop
  endfacet
  facet normal 0 0 1
    outer loop
      vertex 62.3775 16.7616 1.2
      vertex 61.1355 17.9538 1.2
      vertex 62.1164 16.7464 1.2
    endloop
  endfacet
  facet normal -0 0 1
    outer loop
      vertex 61.1236 17.7446 1.2
      vertex 62.1164 16.7464 1.2
      vertex 61.1355 17.9538 1.2
    endloop
  endfacet
  facet normal 0 0 1
    outer loop
      vertex 61.1355 17.9538 1.2
      vertex 61.8586 18.8567 1.2
      vertex 61.6913 18.7828 1.2
    endloop
  endfacet
  facet normal 0 0 1
    outer loop
      vertex 61.1711 18.142 1.2
      vertex 61.6913 18.7828 1.2
      vertex 61.5447 18.6912 1.2
    endloop
  endfacet
  facet normal 0 0 1
    outer loop
      vertex 62.1164 16.7464 1.2
      vertex 61.1236 17.7446 1.2
      vertex 61.8914 16.7626 1.2
    endloop
  endfacet
  facet normal 0 0 1
    outer loop
      vertex 61.1711 18.142 1.2
      vertex 61.5447 18.6912 1.2
      vertex 61.4187 18.582 1.2
    endloop
  endfacet
  facet normal -0 -0 1
    outer loop
      vertex 61.1397 17.5194 1.2
      vertex 61.8914 16.7626 1.2
      vertex 61.1236 17.7446 1.2
    endloop
  endfacet
  facet normal 0 0 1
    outer loop
      vertex 61.1711 18.142 1.2
      vertex 61.4187 18.582 1.2
      vertex 61.3134 18.4552 1.2
    endloop
  endfacet
  facet normal -0 -0 1
    outer loop
      vertex 61.188 17.3214 1.2
      vertex 61.6939 16.8114 1.2
      vertex 61.1397 17.5194 1.2
    endloop
  endfacet
  facet normal 0 0 1
    outer loop
      vertex 61.1711 18.142 1.2
      vertex 61.3134 18.4552 1.2
      vertex 61.2304 18.3091 1.2
    endloop
  endfacet
  facet normal 0 0 1
    outer loop
      vertex 61.6939 16.8114 1.2
      vertex 61.188 17.3214 1.2
      vertex 61.5238 16.8928 1.2
    endloop
  endfacet
  facet normal 0 0 1
    outer loop
      vertex 61.6913 18.7828 1.2
      vertex 61.1711 18.142 1.2
      vertex 61.1355 17.9538 1.2
    endloop
  endfacet
  facet normal 0 0 1
    outer loop
      vertex 61.8914 16.7626 1.2
      vertex 61.1397 17.5194 1.2
      vertex 61.6939 16.8114 1.2
    endloop
  endfacet
  facet normal 0 0 1
    outer loop
      vertex 61.5238 16.8928 1.2
      vertex 61.188 17.3214 1.2
      vertex 61.3813 17.0067 1.2
    endloop
  endfacet
  facet normal 0 0 1
    outer loop
      vertex 61.3813 17.0067 1.2
      vertex 61.188 17.3214 1.2
      vertex 61.2685 17.1505 1.2
    endloop
  endfacet
  facet normal -0 0 1
    outer loop
      vertex 72.1403 20.3411 1.2
      vertex 75.1203 20.0324 1.2
      vertex 75.0217 20.4021 1.2
    endloop
  endfacet
  facet normal 0 0 1
    outer loop
      vertex 73.9303 21.3527 1.2
      vertex 75.0217 20.4021 1.2
      vertex 74.8843 20.7092 1.2
    endloop
  endfacet
  facet normal 0 0 1
    outer loop
      vertex 74.2323 21.2728 1.2
      vertex 74.8843 20.7092 1.2
      vertex 74.7083 20.9534 1.2
    endloop
  endfacet
  facet normal 0 0 1
    outer loop
      vertex 74.2323 21.2728 1.2
      vertex 74.7083 20.9534 1.2
      vertex 74.4917 21.1398 1.2
    endloop
  endfacet
  facet normal 0 0 1
    outer loop
      vertex 74.8843 20.7092 1.2
      vertex 74.2323 21.2728 1.2
      vertex 73.9303 21.3527 1.2
    endloop
  endfacet
  facet normal 0 0 1
    outer loop
      vertex 75.0217 20.4021 1.2
      vertex 73.9303 21.3527 1.2
      vertex 73.5854 21.3793 1.2
    endloop
  endfacet
  facet normal 0 0 1
    outer loop
      vertex 75.0217 20.4021 1.2
      vertex 73.5854 21.3793 1.2
      vertex 72.1403 20.3411 1.2
    endloop
  endfacet
  facet normal 0 0 1
    outer loop
      vertex 72.2761 20.645 1.2
      vertex 73.5854 21.3793 1.2
      vertex 73.2486 21.3496 1.2
    endloop
  endfacet
  facet normal 0 0 1
    outer loop
      vertex 72.4597 20.9046 1.2
      vertex 73.2486 21.3496 1.2
      vertex 72.9487 21.2606 1.2
    endloop
  endfacet
  facet normal 0 0 1
    outer loop
      vertex 72.4597 20.9046 1.2
      vertex 72.9487 21.2606 1.2
      vertex 72.6857 21.1123 1.2
    endloop
  endfacet
  facet normal 0 0 1
    outer loop
      vertex 73.2486 21.3496 1.2
      vertex 72.4597 20.9046 1.2
      vertex 72.2761 20.645 1.2
    endloop
  endfacet
  facet normal 0 0 1
    outer loop
      vertex 73.5854 21.3793 1.2
      vertex 72.2761 20.645 1.2
      vertex 72.1403 20.3411 1.2
    endloop
  endfacet
  facet normal 0 0 1
    outer loop
      vertex 75.1203 20.0324 1.2
      vertex 72.1403 20.3411 1.2
      vertex 72.0524 19.9927 1.2
    endloop
  endfacet
  facet normal 0 0 1
    outer loop
      vertex 72.0122 19.5999 1.2
      vertex 75.1203 20.0324 1.2
      vertex 72.0524 19.9927 1.2
    endloop
  endfacet
  facet normal 0 0 1
    outer loop
      vertex 75.1203 20.0324 1.2
      vertex 72.0122 19.5999 1.2
      vertex 75.1803 19.5999 1.2
    endloop
  endfacet
  facet normal 0 0 1
    outer loop
      vertex 78.0305 19.0628 1.2
      vertex 81.2258 19.0628 1.2
      vertex 81.2033 19.6289 1.2
    endloop
  endfacet
  facet normal -0 0 1
    outer loop
      vertex 78.1261 20.0983 1.2
      vertex 81.2033 19.6289 1.2
      vertex 81.1356 20.1119 1.2
    endloop
  endfacet
  facet normal 0 0 1
    outer loop
      vertex 81.2258 19.0628 1.2
      vertex 78.0305 19.0628 1.2
      vertex 81.2023 18.5031 1.2
    endloop
  endfacet
  facet normal 0 0 1
    outer loop
      vertex 79.6525 21.3793 1.2
      vertex 81.1356 20.1119 1.2
      vertex 81.0229 20.5118 1.2
    endloop
  endfacet
  facet normal -0 -0 1
    outer loop
      vertex 78.054 18.5185 1.2
      vertex 81.2023 18.5031 1.2
      vertex 78.0305 19.0628 1.2
    endloop
  endfacet
  facet normal 0 0 1
    outer loop
      vertex 80.0477 21.3449 1.2
      vertex 81.0229 20.5118 1.2
      vertex 80.865 20.8287 1.2
    endloop
  endfacet
  facet normal 0 -0 1
    outer loop
      vertex 78.1247 18.0464 1.2
      vertex 81.2023 18.5031 1.2
      vertex 78.054 18.5185 1.2
    endloop
  endfacet
  facet normal 0 0 1
    outer loop
      vertex 80.3815 21.2416 1.2
      vertex 80.865 20.8287 1.2
      vertex 80.654 21.0696 1.2
    endloop
  endfacet
  facet normal 0 0 1
    outer loop
      vertex 81.2023 18.5031 1.2
      vertex 78.1247 18.0464 1.2
      vertex 81.1316 18.0226 1.2
    endloop
  endfacet
  facet normal 0 0 1
    outer loop
      vertex 80.865 20.8287 1.2
      vertex 80.3815 21.2416 1.2
      vertex 80.0477 21.3449 1.2
    endloop
  endfacet
  facet normal 0 -0 1
    outer loop
      vertex 78.2426 17.6465 1.2
      vertex 81.1316 18.0226 1.2
      vertex 78.1247 18.0464 1.2
    endloop
  endfacet
  facet normal 0 0 1
    outer loop
      vertex 81.0229 20.5118 1.2
      vertex 80.0477 21.3449 1.2
      vertex 79.6525 21.3793 1.2
    endloop
  endfacet
  facet normal 0 0 1
    outer loop
      vertex 81.1316 18.0226 1.2
      vertex 78.2426 17.6465 1.2
      vertex 81.0137 17.6215 1.2
    endloop
  endfacet
  facet normal 0 0 1
    outer loop
      vertex 81.1356 20.1119 1.2
      vertex 79.6525 21.3793 1.2
      vertex 78.1261 20.0983 1.2
    endloop
  endfacet
  facet normal 0 -0 1
    outer loop
      vertex 80.0009 16.7708 1.2
      vertex 81.0137 17.6215 1.2
      vertex 79.5929 16.7355 1.2
    endloop
  endfacet
  facet normal 0 0 1
    outer loop
      vertex 78.2456 20.4975 1.2
      vertex 79.6525 21.3793 1.2
      vertex 79.2536 21.3442 1.2
    endloop
  endfacet
  facet normal 0 -0 1
    outer loop
      vertex 80.3463 16.8766 1.2
      vertex 80.8488 17.2997 1.2
      vertex 80.0009 16.7708 1.2
    endloop
  endfacet
  facet normal 0 0 1
    outer loop
      vertex 78.2456 20.4975 1.2
      vertex 79.2536 21.3442 1.2
      vertex 78.9141 21.2389 1.2
    endloop
  endfacet
  facet normal 0 0 1
    outer loop
      vertex 80.8488 17.2997 1.2
      vertex 80.3463 16.8766 1.2
      vertex 80.6289 17.0529 1.2
    endloop
  endfacet
  facet normal 0 0 1
    outer loop
      vertex 78.4129 20.8178 1.2
      vertex 78.9141 21.2389 1.2
      vertex 78.6339 21.0634 1.2
    endloop
  endfacet
  facet normal 0 0 1
    outer loop
      vertex 81.0137 17.6215 1.2
      vertex 80.0009 16.7708 1.2
      vertex 80.8488 17.2997 1.2
    endloop
  endfacet
  facet normal 0 0 1
    outer loop
      vertex 78.9141 21.2389 1.2
      vertex 78.4129 20.8178 1.2
      vertex 78.2456 20.4975 1.2
    endloop
  endfacet
  facet normal 0 0 1
    outer loop
      vertex 81.0137 17.6215 1.2
      vertex 78.2426 17.6465 1.2
      vertex 79.5929 16.7355 1.2
    endloop
  endfacet
  facet normal 0 0 1
    outer loop
      vertex 79.6525 21.3793 1.2
      vertex 78.2456 20.4975 1.2
      vertex 78.1261 20.0983 1.2
    endloop
  endfacet
  facet normal 0 0 1
    outer loop
      vertex 79.5929 16.7355 1.2
      vertex 78.2426 17.6465 1.2
      vertex 79.2157 16.772 1.2
    endloop
  endfacet
  facet normal 0 0 1
    outer loop
      vertex 81.2033 19.6289 1.2
      vertex 78.1261 20.0983 1.2
      vertex 78.0544 19.6201 1.2
    endloop
  endfacet
  facet normal -0 -0 1
    outer loop
      vertex 78.4075 17.3187 1.2
      vertex 79.2157 16.772 1.2
      vertex 78.2426 17.6465 1.2
    endloop
  endfacet
  facet normal 0 0 1
    outer loop
      vertex 81.2033 19.6289 1.2
      vertex 78.0544 19.6201 1.2
      vertex 78.0305 19.0628 1.2
    endloop
  endfacet
  facet normal 0 0 1
    outer loop
      vertex 79.2157 16.772 1.2
      vertex 78.4075 17.3187 1.2
      vertex 78.8924 16.8813 1.2
    endloop
  endfacet
  facet normal 0 0 1
    outer loop
      vertex 78.8924 16.8813 1.2
      vertex 78.4075 17.3187 1.2
      vertex 78.623 17.0636 1.2
    endloop
  endfacet
  facet normal -0 0 1
    outer loop
      vertex 68.8419 24.1732 2.15
      vertex 69.8184 16.1225 2.15
      vertex 69.8184 24.1732 2.15
    endloop
  endfacet
  facet normal 0 0 1
    outer loop
      vertex 69.8184 16.1225 2.15
      vertex 68.8419 24.1732 2.15
      vertex 68.8419 16.1225 2.15
    endloop
  endfacet
  facet normal -0 0 1
    outer loop
      vertex 66.4312 24.1732 2.15
      vertex 67.4077 16.1225 2.15
      vertex 67.4077 24.1732 2.15
    endloop
  endfacet
  facet normal 0 0 1
    outer loop
      vertex 67.4077 16.1225 2.15
      vertex 66.4312 24.1732 2.15
      vertex 66.4312 16.1225 2.15
    endloop
  endfacet
  facet normal -0 0 1
    outer loop
      vertex 31.4474 24.1732 2.15
      vertex 32.4238 19.1443 2.15
      vertex 32.4238 24.1732 2.15
    endloop
  endfacet
  facet normal 0 0 1
    outer loop
      vertex 31.4474 16.1225 2.15
      vertex 32.4238 19.1443 2.15
      vertex 31.4474 24.1732 2.15
    endloop
  endfacet
  facet normal 0 0 1
    outer loop
      vertex 32.4238 19.1443 2.15
      vertex 31.4474 16.1225 2.15
      vertex 32.4238 18.2112 2.15
    endloop
  endfacet
  facet normal 0 0 1
    outer loop
      vertex 32.4238 18.2112 2.15
      vertex 31.4474 16.1225 2.15
      vertex 32.4238 16.1225 2.15
    endloop
  endfacet
  facet normal -0 0 1
    outer loop
      vertex 35.0007 21.9923 2.15
      vertex 33.7638 19.4697 2.15
      vertex 36.1454 21.9923 2.15
    endloop
  endfacet
  facet normal 0 0 1
    outer loop
      vertex 32.4238 19.1443 2.15
      vertex 33.7638 19.4697 2.15
      vertex 35.0007 21.9923 2.15
    endloop
  endfacet
  facet normal 0 0 1
    outer loop
      vertex 33.7638 19.4697 2.15
      vertex 32.4238 19.1443 2.15
      vertex 33.14 18.8024 2.15
    endloop
  endfacet
  facet normal 0 0 1
    outer loop
      vertex 33.14 18.8024 2.15
      vertex 32.4238 19.1443 2.15
      vertex 32.4238 18.2112 2.15
    endloop
  endfacet
  facet normal 0 0 1
    outer loop
      vertex 33.7638 19.4697 2.15
      vertex 35.1255 16.1225 2.15
      vertex 36.2702 16.1225 2.15
    endloop
  endfacet
  facet normal 0 0 1
    outer loop
      vertex 35.1255 16.1225 2.15
      vertex 33.7638 19.4697 2.15
      vertex 33.14 18.8024 2.15
    endloop
  endfacet
  facet normal 0 0 1
    outer loop
      vertex 26.3676 20.9887 2.15
      vertex 25.4324 21.202 2.15
      vertex 25.4344 20.7391 2.15
    endloop
  endfacet
  facet normal 0 0 1
    outer loop
      vertex 26.3296 21.9422 2.15
      vertex 25.4263 21.5651 2.15
      vertex 25.4324 21.202 2.15
    endloop
  endfacet
  facet normal 0 0 1
    outer loop
      vertex 26.3296 21.9422 2.15
      vertex 25.4162 21.8286 2.15
      vertex 25.4263 21.5651 2.15
    endloop
  endfacet
  facet normal 0 -0 1
    outer loop
      vertex 25.4162 21.8286 2.15
      vertex 26.3242 21.9923 2.15
      vertex 25.4019 21.9923 2.15
    endloop
  endfacet
  facet normal 0 0 1
    outer loop
      vertex 30.1216 20.0339 2.15
      vertex 29.1326 20.118 2.15
      vertex 29.1397 19.844 2.15
    endloop
  endfacet
  facet normal 0 0 1
    outer loop
      vertex 29.674 21.6207 2.15
      vertex 29.1112 20.3594 2.15
      vertex 29.1326 20.118 2.15
    endloop
  endfacet
  facet normal 0 0 1
    outer loop
      vertex 28.7786 21.124 2.15
      vertex 29.4179 21.8308 2.15
      vertex 29.097 21.9808 2.15
    endloop
  endfacet
  facet normal 0 0 1
    outer loop
      vertex 29.674 21.6207 2.15
      vertex 29.0756 20.5683 2.15
      vertex 29.1112 20.3594 2.15
    endloop
  endfacet
  facet normal 0 0 1
    outer loop
      vertex 29.674 21.6207 2.15
      vertex 29.0258 20.7446 2.15
      vertex 29.0756 20.5683 2.15
    endloop
  endfacet
  facet normal 0 0 1
    outer loop
      vertex 29.674 21.6207 2.15
      vertex 28.9603 20.8934 2.15
      vertex 29.0258 20.7446 2.15
    endloop
  endfacet
  facet normal 0 0 1
    outer loop
      vertex 29.674 21.6207 2.15
      vertex 28.8779 21.0199 2.15
      vertex 28.9603 20.8934 2.15
    endloop
  endfacet
  facet normal 0 0 1
    outer loop
      vertex 29.4179 21.8308 2.15
      vertex 28.7786 21.124 2.15
      vertex 28.8779 21.0199 2.15
    endloop
  endfacet
  facet normal 0 0 1
    outer loop
      vertex 28.6623 21.2057 2.15
      vertex 29.097 21.9808 2.15
      vertex 28.7113 22.0708 2.15
    endloop
  endfacet
  facet normal 0 0 1
    outer loop
      vertex 29.097 21.9808 2.15
      vertex 28.6623 21.2057 2.15
      vertex 28.7786 21.124 2.15
    endloop
  endfacet
  facet normal 0 0 1
    outer loop
      vertex 28.7113 22.0708 2.15
      vertex 28.5229 21.2674 2.15
      vertex 28.6623 21.2057 2.15
    endloop
  endfacet
  facet normal 0 0 1
    outer loop
      vertex 28.7113 22.0708 2.15
      vertex 28.3544 21.3115 2.15
      vertex 28.5229 21.2674 2.15
    endloop
  endfacet
  facet normal 0 0 1
    outer loop
      vertex 28.2609 22.1008 2.15
      vertex 28.3544 21.3115 2.15
      vertex 28.7113 22.0708 2.15
    endloop
  endfacet
  facet normal 0 0 1
    outer loop
      vertex 28.2609 22.1008 2.15
      vertex 28.1568 21.3379 2.15
      vertex 28.3544 21.3115 2.15
    endloop
  endfacet
  facet normal -0 0 1
    outer loop
      vertex 27.9461 22.0851 2.15
      vertex 28.1568 21.3379 2.15
      vertex 28.2609 22.1008 2.15
    endloop
  endfacet
  facet normal 0 0 1
    outer loop
      vertex 27.9461 22.0851 2.15
      vertex 27.9299 21.3467 2.15
      vertex 28.1568 21.3379 2.15
    endloop
  endfacet
  facet normal -0 0 1
    outer loop
      vertex 27.658 22.0378 2.15
      vertex 27.9299 21.3467 2.15
      vertex 27.9461 22.0851 2.15
    endloop
  endfacet
  facet normal 0 0 1
    outer loop
      vertex 27.658 22.0378 2.15
      vertex 27.596 21.3166 2.15
      vertex 27.9299 21.3467 2.15
    endloop
  endfacet
  facet normal -0 0 1
    outer loop
      vertex 27.3967 21.9589 2.15
      vertex 27.596 21.3166 2.15
      vertex 27.658 22.0378 2.15
    endloop
  endfacet
  facet normal -0 0 1
    outer loop
      vertex 27.1623 21.8486 2.15
      vertex 27.596 21.3166 2.15
      vertex 27.3967 21.9589 2.15
    endloop
  endfacet
  facet normal 0 0 1
    outer loop
      vertex 27.596 21.3166 2.15
      vertex 27.1623 21.8486 2.15
      vertex 27.2993 21.226 2.15
    endloop
  endfacet
  facet normal -0 0 1
    outer loop
      vertex 26.9478 21.7002 2.15
      vertex 27.2993 21.226 2.15
      vertex 27.1623 21.8486 2.15
    endloop
  endfacet
  facet normal -0 0 1
    outer loop
      vertex 26.7466 21.5075 2.15
      vertex 27.2993 21.226 2.15
      vertex 26.9478 21.7002 2.15
    endloop
  endfacet
  facet normal 0 0 1
    outer loop
      vertex 27.2993 21.226 2.15
      vertex 26.7466 21.5075 2.15
      vertex 27.0399 21.0752 2.15
    endloop
  endfacet
  facet normal -0 0 1
    outer loop
      vertex 26.5586 21.2703 2.15
      vertex 27.0399 21.0752 2.15
      vertex 26.7466 21.5075 2.15
    endloop
  endfacet
  facet normal 0 0 1
    outer loop
      vertex 27.0399 21.0752 2.15
      vertex 26.5586 21.2703 2.15
      vertex 26.8179 20.8639 2.15
    endloop
  endfacet
  facet normal -0 0 1
    outer loop
      vertex 26.3839 20.9887 2.15
      vertex 26.8179 20.8639 2.15
      vertex 26.5586 21.2703 2.15
    endloop
  endfacet
  facet normal 0 0 1
    outer loop
      vertex 26.8179 20.8639 2.15
      vertex 26.3839 20.9887 2.15
      vertex 26.6399 20.5991 2.15
    endloop
  endfacet
  facet normal -0 0 1
    outer loop
      vertex 26.3676 20.9887 2.15
      vertex 26.6399 20.5991 2.15
      vertex 26.3839 20.9887 2.15
    endloop
  endfacet
  facet normal 0 0 1
    outer loop
      vertex 26.6399 20.5991 2.15
      vertex 26.3676 20.9887 2.15
      vertex 26.5127 20.2875 2.15
    endloop
  endfacet
  facet normal -0 0 1
    outer loop
      vertex 25.4344 20.7391 2.15
      vertex 26.5127 20.2875 2.15
      vertex 26.3676 20.9887 2.15
    endloop
  endfacet
  facet normal 0 0 1
    outer loop
      vertex 26.5127 20.2875 2.15
      vertex 25.4344 20.7391 2.15
      vertex 26.4364 19.9292 2.15
    endloop
  endfacet
  facet normal 0 0 1
    outer loop
      vertex 26.4364 19.9292 2.15
      vertex 25.4344 20.7391 2.15
      vertex 26.411 19.5239 2.15
    endloop
  endfacet
  facet normal 0 0 1
    outer loop
      vertex 25.4324 21.202 2.15
      vertex 26.3676 20.9887 2.15
      vertex 26.3623 21.1859 2.15
    endloop
  endfacet
  facet normal -0 0 1
    outer loop
      vertex 25.4324 21.202 2.15
      vertex 26.3623 21.1859 2.15
      vertex 26.3574 21.3488 2.15
    endloop
  endfacet
  facet normal 0 0 1
    outer loop
      vertex 25.4324 21.202 2.15
      vertex 26.3574 21.3488 2.15
      vertex 26.3528 21.4774 2.15
    endloop
  endfacet
  facet normal 0 0 1
    outer loop
      vertex 25.4324 21.202 2.15
      vertex 26.3528 21.4774 2.15
      vertex 26.3486 21.5719 2.15
    endloop
  endfacet
  facet normal 0 0 1
    outer loop
      vertex 25.4324 21.202 2.15
      vertex 26.3486 21.5719 2.15
      vertex 26.3447 21.647 2.15
    endloop
  endfacet
  facet normal 0 0 1
    outer loop
      vertex 25.4324 21.202 2.15
      vertex 26.3447 21.647 2.15
      vertex 26.3411 21.7177 2.15
    endloop
  endfacet
  facet normal 0 0 1
    outer loop
      vertex 25.4324 21.202 2.15
      vertex 26.3411 21.7177 2.15
      vertex 26.3379 21.784 2.15
    endloop
  endfacet
  facet normal 0 0 1
    outer loop
      vertex 25.4324 21.202 2.15
      vertex 26.3379 21.784 2.15
      vertex 26.335 21.8459 2.15
    endloop
  endfacet
  facet normal 0 0 1
    outer loop
      vertex 25.4324 21.202 2.15
      vertex 26.335 21.8459 2.15
      vertex 26.3323 21.8998 2.15
    endloop
  endfacet
  facet normal 0 0 1
    outer loop
      vertex 25.4324 21.202 2.15
      vertex 26.3323 21.8998 2.15
      vertex 26.3296 21.9422 2.15
    endloop
  endfacet
  facet normal 0 0 1
    outer loop
      vertex 26.3242 21.9923 2.15
      vertex 26.3296 21.9422 2.15
      vertex 26.3269 21.973 2.15
    endloop
  endfacet
  facet normal 0 0 1
    outer loop
      vertex 25.4162 21.8286 2.15
      vertex 26.3296 21.9422 2.15
      vertex 26.3242 21.9923 2.15
    endloop
  endfacet
  facet normal 0 0 1
    outer loop
      vertex 25.4344 16.1225 2.15
      vertex 26.411 19.5239 2.15
      vertex 25.4344 20.7391 2.15
    endloop
  endfacet
  facet normal 0 0 1
    outer loop
      vertex 26.411 19.5239 2.15
      vertex 25.4344 16.1225 2.15
      vertex 26.411 16.1225 2.15
    endloop
  endfacet
  facet normal -0 0 1
    outer loop
      vertex 29.1326 20.118 2.15
      vertex 30.1216 20.0339 2.15
      vertex 30.0937 20.5481 2.15
    endloop
  endfacet
  facet normal 0 0 1
    outer loop
      vertex 29.1326 20.118 2.15
      vertex 30.0937 20.5481 2.15
      vertex 30.0097 20.984 2.15
    endloop
  endfacet
  facet normal 0 0 1
    outer loop
      vertex 29.1326 20.118 2.15
      vertex 30.0097 20.984 2.15
      vertex 29.8699 21.3415 2.15
    endloop
  endfacet
  facet normal 0 0 1
    outer loop
      vertex 29.1326 20.118 2.15
      vertex 29.8699 21.3415 2.15
      vertex 29.674 21.6207 2.15
    endloop
  endfacet
  facet normal 0 0 1
    outer loop
      vertex 28.8779 21.0199 2.15
      vertex 29.674 21.6207 2.15
      vertex 29.4179 21.8308 2.15
    endloop
  endfacet
  facet normal 0 0 1
    outer loop
      vertex 30.1216 20.0339 2.15
      vertex 29.1397 19.844 2.15
      vertex 30.1216 16.1225 2.15
    endloop
  endfacet
  facet normal 0 0 1
    outer loop
      vertex 30.1216 16.1225 2.15
      vertex 29.1397 19.844 2.15
      vertex 29.1397 16.1225 2.15
    endloop
  endfacet
  facet normal 0 0 1
    outer loop
      vertex 16.9908 22.2265 2.15
      vertex 17.9496 22.5676 2.15
      vertex 17.734 22.9424 2.15
    endloop
  endfacet
  facet normal 0 0 1
    outer loop
      vertex 16.8497 22.4677 2.15
      vertex 17.734 22.9424 2.15
      vertex 17.4668 23.247 2.15
    endloop
  endfacet
  facet normal 0 0 1
    outer loop
      vertex 16.6707 22.6672 2.15
      vertex 17.4668 23.247 2.15
      vertex 17.1481 23.4814 2.15
    endloop
  endfacet
  facet normal 0 0 1
    outer loop
      vertex 17.734 22.9424 2.15
      vertex 16.8497 22.4677 2.15
      vertex 16.9908 22.2265 2.15
    endloop
  endfacet
  facet normal 0 0 1
    outer loop
      vertex 17.9496 22.5676 2.15
      vertex 17.0938 21.9435 2.15
      vertex 18.1138 22.1226 2.15
    endloop
  endfacet
  facet normal 0 -0 1
    outer loop
      vertex 17.0938 21.9435 2.15
      vertex 17.9496 22.5676 2.15
      vertex 16.9908 22.2265 2.15
    endloop
  endfacet
  facet normal 0 0 1
    outer loop
      vertex 16.4537 22.8251 2.15
      vertex 17.1481 23.4814 2.15
      vertex 16.7653 23.6559 2.15
    endloop
  endfacet
  facet normal 0 0 1
    outer loop
      vertex 17.4668 23.247 2.15
      vertex 16.6707 22.6672 2.15
      vertex 16.8497 22.4677 2.15
    endloop
  endfacet
  facet normal 0 0 1
    outer loop
      vertex 17.1481 23.4814 2.15
      vertex 16.4537 22.8251 2.15
      vertex 16.6707 22.6672 2.15
    endloop
  endfacet
  facet normal 0 0 1
    outer loop
      vertex 16.195 22.9449 2.15
      vertex 16.7653 23.6559 2.15
      vertex 16.3059 23.7805 2.15
    endloop
  endfacet
  facet normal 0 0 1
    outer loop
      vertex 16.7653 23.6559 2.15
      vertex 16.195 22.9449 2.15
      vertex 16.4537 22.8251 2.15
    endloop
  endfacet
  facet normal 0 0 1
    outer loop
      vertex 16.3059 23.7805 2.15
      vertex 15.8908 23.0305 2.15
      vertex 16.195 22.9449 2.15
    endloop
  endfacet
  facet normal 0 0 1
    outer loop
      vertex 15.7698 23.8553 2.15
      vertex 15.8908 23.0305 2.15
      vertex 16.3059 23.7805 2.15
    endloop
  endfacet
  facet normal 0 0 1
    outer loop
      vertex 15.7698 23.8553 2.15
      vertex 15.5412 23.0819 2.15
      vertex 15.8908 23.0305 2.15
    endloop
  endfacet
  facet normal 0 0 1
    outer loop
      vertex 15.1571 23.8802 2.15
      vertex 15.5412 23.0819 2.15
      vertex 15.7698 23.8553 2.15
    endloop
  endfacet
  facet normal 0 0 1
    outer loop
      vertex 15.1571 23.8802 2.15
      vertex 15.1462 23.099 2.15
      vertex 15.5412 23.0819 2.15
    endloop
  endfacet
  facet normal 0 0 1
    outer loop
      vertex 15.1571 23.8802 2.15
      vertex 14.715 23.0801 2.15
      vertex 15.1462 23.099 2.15
    endloop
  endfacet
  facet normal -0 0 1
    outer loop
      vertex 14.4978 23.847 2.15
      vertex 14.715 23.0801 2.15
      vertex 15.1571 23.8802 2.15
    endloop
  endfacet
  facet normal 0 0 1
    outer loop
      vertex 14.4978 23.847 2.15
      vertex 14.3379 23.0231 2.15
      vertex 14.715 23.0801 2.15
    endloop
  endfacet
  facet normal -0 0 1
    outer loop
      vertex 13.9195 23.7473 2.15
      vertex 14.3379 23.0231 2.15
      vertex 14.4978 23.847 2.15
    endloop
  endfacet
  facet normal 0 0 1
    outer loop
      vertex 14.3379 23.0231 2.15
      vertex 13.9195 23.7473 2.15
      vertex 14.0151 22.9281 2.15
    endloop
  endfacet
  facet normal -0 0 1
    outer loop
      vertex 13.4223 23.5812 2.15
      vertex 14.0151 22.9281 2.15
      vertex 13.9195 23.7473 2.15
    endloop
  endfacet
  facet normal 0 0 1
    outer loop
      vertex 14.0151 22.9281 2.15
      vertex 13.4223 23.5812 2.15
      vertex 13.7466 22.7952 2.15
    endloop
  endfacet
  facet normal -0 0 1
    outer loop
      vertex 13.0061 23.3486 2.15
      vertex 13.7466 22.7952 2.15
      vertex 13.4223 23.5812 2.15
    endloop
  endfacet
  facet normal 0 0 1
    outer loop
      vertex 13.7466 22.7952 2.15
      vertex 13.0061 23.3486 2.15
      vertex 13.5353 22.6247 2.15
    endloop
  endfacet
  facet normal -0 0 1
    outer loop
      vertex 12.6774 23.0546 2.15
      vertex 13.5353 22.6247 2.15
      vertex 13.0061 23.3486 2.15
    endloop
  endfacet
  facet normal 0 0 1
    outer loop
      vertex 13.5353 22.6247 2.15
      vertex 12.6774 23.0546 2.15
      vertex 13.3845 22.4169 2.15
    endloop
  endfacet
  facet normal -0 0 1
    outer loop
      vertex 12.4426 22.7044 2.15
      vertex 13.3845 22.4169 2.15
      vertex 12.6774 23.0546 2.15
    endloop
  endfacet
  facet normal 0 0 1
    outer loop
      vertex 13.3845 22.4169 2.15
      vertex 12.4426 22.7044 2.15
      vertex 13.2939 22.1717 2.15
    endloop
  endfacet
  facet normal 0 -0 1
    outer loop
      vertex 12.2637 21.6268 2.15
      vertex 13.2638 21.8893 2.15
      vertex 12.2547 21.8351 2.15
    endloop
  endfacet
  facet normal 0 0 1
    outer loop
      vertex 13.2638 21.8893 2.15
      vertex 12.9615 20.3772 2.15
      vertex 13.1343 20.2624 2.15
    endloop
  endfacet
  facet normal 0 -0 1
    outer loop
      vertex 12.2906 21.4308 2.15
      vertex 13.2638 21.8893 2.15
      vertex 12.2637 21.6268 2.15
    endloop
  endfacet
  facet normal -0 0 1
    outer loop
      vertex 12.3017 22.2979 2.15
      vertex 13.2939 22.1717 2.15
      vertex 12.4426 22.7044 2.15
    endloop
  endfacet
  facet normal 0 0 1
    outer loop
      vertex 13.2638 21.8893 2.15
      vertex 12.8135 20.4977 2.15
      vertex 12.9615 20.3772 2.15
    endloop
  endfacet
  facet normal 0 0 1
    outer loop
      vertex 13.2638 21.8893 2.15
      vertex 12.6859 20.6264 2.15
      vertex 12.8135 20.4977 2.15
    endloop
  endfacet
  facet normal 0 0 1
    outer loop
      vertex 13.2939 22.1717 2.15
      vertex 12.3017 22.2979 2.15
      vertex 13.2638 21.8893 2.15
    endloop
  endfacet
  facet normal 0 0 1
    outer loop
      vertex 13.2638 21.8893 2.15
      vertex 12.5741 20.7656 2.15
      vertex 12.6859 20.6264 2.15
    endloop
  endfacet
  facet normal 0 0 1
    outer loop
      vertex 13.2638 21.8893 2.15
      vertex 12.4783 20.9153 2.15
      vertex 12.5741 20.7656 2.15
    endloop
  endfacet
  facet normal 0 0 1
    outer loop
      vertex 13.2638 21.8893 2.15
      vertex 12.3017 22.2979 2.15
      vertex 12.2547 21.8351 2.15
    endloop
  endfacet
  facet normal 0 0 1
    outer loop
      vertex 13.2638 21.8893 2.15
      vertex 12.3985 21.0755 2.15
      vertex 12.4783 20.9153 2.15
    endloop
  endfacet
  facet normal 0 0 1
    outer loop
      vertex 13.2638 21.8893 2.15
      vertex 12.2906 21.4308 2.15
      vertex 12.3356 21.247 2.15
    endloop
  endfacet
  facet normal 0 0 1
    outer loop
      vertex 13.2638 21.8893 2.15
      vertex 12.3356 21.247 2.15
      vertex 12.3985 21.0755 2.15
    endloop
  endfacet
  facet normal 0 0 1
    outer loop
      vertex 18.2928 18.2328 2.15
      vertex 17.2568 18.3569 2.15
      vertex 17.2674 18.1786 2.15
    endloop
  endfacet
  facet normal 0 0 1
    outer loop
      vertex 16.7624 19.0903 2.15
      vertex 17.3678 19.882 2.15
      vertex 17.2255 19.9582 2.15
    endloop
  endfacet
  facet normal 0 0 1
    outer loop
      vertex 17.5029 19.799 2.15
      vertex 17.2247 18.5177 2.15
      vertex 17.2568 18.3569 2.15
    endloop
  endfacet
  facet normal 0 0 1
    outer loop
      vertex 17.5029 19.799 2.15
      vertex 17.1713 18.6607 2.15
      vertex 17.2247 18.5177 2.15
    endloop
  endfacet
  facet normal 0 0 1
    outer loop
      vertex 17.5029 19.799 2.15
      vertex 17.0966 18.7862 2.15
      vertex 17.1713 18.6607 2.15
    endloop
  endfacet
  facet normal 0 0 1
    outer loop
      vertex 16.7624 19.0903 2.15
      vertex 17.2255 19.9582 2.15
      vertex 17.0782 20.0292 2.15
    endloop
  endfacet
  facet normal 0 0 1
    outer loop
      vertex 17.5029 19.799 2.15
      vertex 17.0025 18.8977 2.15
      vertex 17.0966 18.7862 2.15
    endloop
  endfacet
  facet normal 0 0 1
    outer loop
      vertex 16.6164 19.1713 2.15
      vertex 17.0782 20.0292 2.15
      vertex 16.9258 20.0952 2.15
    endloop
  endfacet
  facet normal 0 0 1
    outer loop
      vertex 17.5029 19.799 2.15
      vertex 16.8911 18.9991 2.15
      vertex 17.0025 18.8977 2.15
    endloop
  endfacet
  facet normal 0 0 1
    outer loop
      vertex 16.4543 19.2442 2.15
      vertex 16.9258 20.0952 2.15
      vertex 16.7683 20.156 2.15
    endloop
  endfacet
  facet normal 0 0 1
    outer loop
      vertex 17.3678 19.882 2.15
      vertex 16.7624 19.0903 2.15
      vertex 16.8911 18.9991 2.15
    endloop
  endfacet
  facet normal 0 0 1
    outer loop
      vertex 17.0782 20.0292 2.15
      vertex 16.6164 19.1713 2.15
      vertex 16.7624 19.0903 2.15
    endloop
  endfacet
  facet normal 0 0 1
    outer loop
      vertex 16.2774 19.311 2.15
      vertex 16.7683 20.156 2.15
      vertex 16.6064 20.2123 2.15
    endloop
  endfacet
  facet normal 0 0 1
    outer loop
      vertex 16.9258 20.0952 2.15
      vertex 16.4543 19.2442 2.15
      vertex 16.6164 19.1713 2.15
    endloop
  endfacet
  facet normal 0 0 1
    outer loop
      vertex 16.2774 19.311 2.15
      vertex 16.6064 20.2123 2.15
      vertex 16.4408 20.2645 2.15
    endloop
  endfacet
  facet normal 0 0 1
    outer loop
      vertex 16.7683 20.156 2.15
      vertex 16.2774 19.311 2.15
      vertex 16.4543 19.2442 2.15
    endloop
  endfacet
  facet normal 0 0 1
    outer loop
      vertex 16.0854 19.3717 2.15
      vertex 16.4408 20.2645 2.15
      vertex 16.2714 20.3127 2.15
    endloop
  endfacet
  facet normal 0 0 1
    outer loop
      vertex 15.8786 19.4263 2.15
      vertex 16.2714 20.3127 2.15
      vertex 16.0983 20.3567 2.15
    endloop
  endfacet
  facet normal 0 0 1
    outer loop
      vertex 16.4408 20.2645 2.15
      vertex 16.0854 19.3717 2.15
      vertex 16.2774 19.311 2.15
    endloop
  endfacet
  facet normal 0 0 1
    outer loop
      vertex 15.8786 19.4263 2.15
      vertex 16.0983 20.3567 2.15
      vertex 15.9232 20.3986 2.15
    endloop
  endfacet
  facet normal 0 0 1
    outer loop
      vertex 16.2714 20.3127 2.15
      vertex 15.8786 19.4263 2.15
      vertex 16.0854 19.3717 2.15
    endloop
  endfacet
  facet normal 0 0 1
    outer loop
      vertex 15.6586 19.4788 2.15
      vertex 15.9232 20.3986 2.15
      vertex 15.7477 20.4401 2.15
    endloop
  endfacet
  facet normal 0 0 1
    outer loop
      vertex 15.9232 20.3986 2.15
      vertex 15.6586 19.4788 2.15
      vertex 15.8786 19.4263 2.15
    endloop
  endfacet
  facet normal 0 0 1
    outer loop
      vertex 15.427 19.5334 2.15
      vertex 15.7477 20.4401 2.15
      vertex 15.5719 20.4813 2.15
    endloop
  endfacet
  facet normal 0 0 1
    outer loop
      vertex 15.7477 20.4401 2.15
      vertex 15.427 19.5334 2.15
      vertex 15.6586 19.4788 2.15
    endloop
  endfacet
  facet normal 0 0 1
    outer loop
      vertex 15.1839 19.5901 2.15
      vertex 15.5719 20.4813 2.15
      vertex 15.3958 20.5222 2.15
    endloop
  endfacet
  facet normal 0 0 1
    outer loop
      vertex 15.5719 20.4813 2.15
      vertex 15.1839 19.5901 2.15
      vertex 15.427 19.5334 2.15
    endloop
  endfacet
  facet normal 0 0 1
    outer loop
      vertex 15.3958 20.5222 2.15
      vertex 14.9293 19.6487 2.15
      vertex 15.1839 19.5901 2.15
    endloop
  endfacet
  facet normal 0 0 1
    outer loop
      vertex 14.9133 20.6342 2.15
      vertex 14.9293 19.6487 2.15
      vertex 15.3958 20.5222 2.15
    endloop
  endfacet
  facet normal 0 0 1
    outer loop
      vertex 14.5036 19.7491 2.15
      vertex 14.9133 20.6342 2.15
      vertex 14.5183 20.7371 2.15
    endloop
  endfacet
  facet normal 0 0 1
    outer loop
      vertex 14.9133 20.6342 2.15
      vertex 14.5036 19.7491 2.15
      vertex 14.9293 19.6487 2.15
    endloop
  endfacet
  facet normal 0 0 1
    outer loop
      vertex 14.1325 19.8495 2.15
      vertex 14.5183 20.7371 2.15
      vertex 14.2108 20.8309 2.15
    endloop
  endfacet
  facet normal 0 0 1
    outer loop
      vertex 14.5183 20.7371 2.15
      vertex 14.1325 19.8495 2.15
      vertex 14.5036 19.7491 2.15
    endloop
  endfacet
  facet normal 0 0 1
    outer loop
      vertex 13.8159 19.9498 2.15
      vertex 14.2108 20.8309 2.15
      vertex 13.9907 20.9155 2.15
    endloop
  endfacet
  facet normal 0 0 1
    outer loop
      vertex 13.554 20.0502 2.15
      vertex 13.9907 20.9155 2.15
      vertex 13.8247 20.9999 2.15
    endloop
  endfacet
  facet normal 0 0 1
    outer loop
      vertex 14.2108 20.8309 2.15
      vertex 13.8159 19.9498 2.15
      vertex 14.1325 19.8495 2.15
    endloop
  endfacet
  facet normal 0 0 1
    outer loop
      vertex 13.3318 20.1534 2.15
      vertex 13.8247 20.9999 2.15
      vertex 13.6794 21.0932 2.15
    endloop
  endfacet
  facet normal 0 0 1
    outer loop
      vertex 13.1343 20.2624 2.15
      vertex 13.6794 21.0932 2.15
      vertex 13.5548 21.1952 2.15
    endloop
  endfacet
  facet normal 0 0 1
    outer loop
      vertex 13.9907 20.9155 2.15
      vertex 13.554 20.0502 2.15
      vertex 13.8159 19.9498 2.15
    endloop
  endfacet
  facet normal 0 0 1
    outer loop
      vertex 13.1343 20.2624 2.15
      vertex 13.5548 21.1952 2.15
      vertex 13.4509 21.3061 2.15
    endloop
  endfacet
  facet normal 0 0 1
    outer loop
      vertex 13.1343 20.2624 2.15
      vertex 13.4509 21.3061 2.15
      vertex 13.369 21.429 2.15
    endloop
  endfacet
  facet normal 0 0 1
    outer loop
      vertex 13.8247 20.9999 2.15
      vertex 13.3318 20.1534 2.15
      vertex 13.554 20.0502 2.15
    endloop
  endfacet
  facet normal 0 0 1
    outer loop
      vertex 13.1343 20.2624 2.15
      vertex 13.369 21.429 2.15
      vertex 13.3105 21.5672 2.15
    endloop
  endfacet
  facet normal 0 0 1
    outer loop
      vertex 13.1343 20.2624 2.15
      vertex 13.3105 21.5672 2.15
      vertex 13.2755 21.7206 2.15
    endloop
  endfacet
  facet normal 0 0 1
    outer loop
      vertex 13.1343 20.2624 2.15
      vertex 13.2755 21.7206 2.15
      vertex 13.2638 21.8893 2.15
    endloop
  endfacet
  facet normal 0 0 1
    outer loop
      vertex 13.6794 21.0932 2.15
      vertex 13.1343 20.2624 2.15
      vertex 13.3318 20.1534 2.15
    endloop
  endfacet
  facet normal 0 0 1
    outer loop
      vertex 17.2568 18.3569 2.15
      vertex 18.2855 18.4349 2.15
      vertex 18.2636 18.6234 2.15
    endloop
  endfacet
  facet normal -0 0 1
    outer loop
      vertex 17.2568 18.3569 2.15
      vertex 18.2928 18.2328 2.15
      vertex 18.2855 18.4349 2.15
    endloop
  endfacet
  facet normal 0 0 1
    outer loop
      vertex 17.2568 18.3569 2.15
      vertex 18.2636 18.6234 2.15
      vertex 18.2272 18.7984 2.15
    endloop
  endfacet
  facet normal 0 0 1
    outer loop
      vertex 17.2568 18.3569 2.15
      vertex 18.2272 18.7984 2.15
      vertex 18.1762 18.9598 2.15
    endloop
  endfacet
  facet normal 0 0 1
    outer loop
      vertex 17.2568 18.3569 2.15
      vertex 18.1762 18.9598 2.15
      vertex 18.1122 19.1093 2.15
    endloop
  endfacet
  facet normal 0 0 1
    outer loop
      vertex 18.2928 18.2328 2.15
      vertex 17.2674 18.1786 2.15
      vertex 18.2411 17.7337 2.15
    endloop
  endfacet
  facet normal 0 0 1
    outer loop
      vertex 17.2568 18.3569 2.15
      vertex 18.1122 19.1093 2.15
      vertex 18.0371 19.2486 2.15
    endloop
  endfacet
  facet normal 0 0 1
    outer loop
      vertex 17.2568 18.3569 2.15
      vertex 18.0371 19.2486 2.15
      vertex 17.9508 19.3778 2.15
    endloop
  endfacet
  facet normal 0 0 1
    outer loop
      vertex 17.2568 18.3569 2.15
      vertex 17.9508 19.3778 2.15
      vertex 17.8534 19.4968 2.15
    endloop
  endfacet
  facet normal -0 0 1
    outer loop
      vertex 17.2334 17.8651 2.15
      vertex 18.2411 17.7337 2.15
      vertex 17.2674 18.1786 2.15
    endloop
  endfacet
  facet normal 0 0 1
    outer loop
      vertex 17.2568 18.3569 2.15
      vertex 17.8534 19.4968 2.15
      vertex 17.7457 19.6064 2.15
    endloop
  endfacet
  facet normal 0 0 1
    outer loop
      vertex 17.2568 18.3569 2.15
      vertex 17.7457 19.6064 2.15
      vertex 17.6289 19.7071 2.15
    endloop
  endfacet
  facet normal 0 0 1
    outer loop
      vertex 17.2568 18.3569 2.15
      vertex 17.6289 19.7071 2.15
      vertex 17.5029 19.799 2.15
    endloop
  endfacet
  facet normal 0 0 1
    outer loop
      vertex 18.2411 17.7337 2.15
      vertex 17.2334 17.8651 2.15
      vertex 18.086 17.2943 2.15
    endloop
  endfacet
  facet normal 0 0 1
    outer loop
      vertex 16.8911 18.9991 2.15
      vertex 17.5029 19.799 2.15
      vertex 17.3678 19.882 2.15
    endloop
  endfacet
  facet normal -0 0 1
    outer loop
      vertex 17.1311 17.592 2.15
      vertex 18.086 17.2943 2.15
      vertex 17.2334 17.8651 2.15
    endloop
  endfacet
  facet normal 0 0 1
    outer loop
      vertex 18.086 17.2943 2.15
      vertex 17.1311 17.592 2.15
      vertex 17.8274 16.9146 2.15
    endloop
  endfacet
  facet normal -0 0 1
    outer loop
      vertex 16.9608 17.3592 2.15
      vertex 17.8274 16.9146 2.15
      vertex 17.1311 17.592 2.15
    endloop
  endfacet
  facet normal 0 0 1
    outer loop
      vertex 17.8274 16.9146 2.15
      vertex 16.9608 17.3592 2.15
      vertex 17.4654 16.5945 2.15
    endloop
  endfacet
  facet normal -0 0 1
    outer loop
      vertex 16.7222 17.1668 2.15
      vertex 17.4654 16.5945 2.15
      vertex 16.9608 17.3592 2.15
    endloop
  endfacet
  facet normal 0 0 1
    outer loop
      vertex 17.4654 16.5945 2.15
      vertex 16.7222 17.1668 2.15
      vertex 17.0096 16.3405 2.15
    endloop
  endfacet
  facet normal -0 0 1
    outer loop
      vertex 16.421 17.0161 2.15
      vertex 17.0096 16.3405 2.15
      vertex 16.7222 17.1668 2.15
    endloop
  endfacet
  facet normal 0 0 1
    outer loop
      vertex 17.0096 16.3405 2.15
      vertex 16.421 17.0161 2.15
      vertex 16.4693 16.1591 2.15
    endloop
  endfacet
  facet normal -0 0 1
    outer loop
      vertex 16.0624 16.9085 2.15
      vertex 16.4693 16.1591 2.15
      vertex 16.421 17.0161 2.15
    endloop
  endfacet
  facet normal 0 0 1
    outer loop
      vertex 16.0624 16.9085 2.15
      vertex 15.8446 16.0503 2.15
      vertex 16.4693 16.1591 2.15
    endloop
  endfacet
  facet normal -0 0 1
    outer loop
      vertex 15.6465 16.8439 2.15
      vertex 15.8446 16.0503 2.15
      vertex 16.0624 16.9085 2.15
    endloop
  endfacet
  facet normal 0 0 1
    outer loop
      vertex 15.1354 16.014 2.15
      vertex 15.6465 16.8439 2.15
      vertex 15.1734 16.8223 2.15
    endloop
  endfacet
  facet normal 0 0 1
    outer loop
      vertex 15.6465 16.8439 2.15
      vertex 15.1354 16.014 2.15
      vertex 15.8446 16.0503 2.15
    endloop
  endfacet
  facet normal 0 0 1
    outer loop
      vertex 14.7133 16.8425 2.15
      vertex 15.1354 16.014 2.15
      vertex 15.1734 16.8223 2.15
    endloop
  endfacet
  facet normal 0 0 1
    outer loop
      vertex 13.8853 16.1354 2.15
      vertex 14.7133 16.8425 2.15
      vertex 14.304 16.903 2.15
    endloop
  endfacet
  facet normal 0 0 1
    outer loop
      vertex 13.8853 16.1354 2.15
      vertex 14.304 16.903 2.15
      vertex 13.9456 17.0039 2.15
    endloop
  endfacet
  facet normal 0 0 1
    outer loop
      vertex 14.7133 16.8425 2.15
      vertex 13.8853 16.1354 2.15
      vertex 15.1354 16.014 2.15
    endloop
  endfacet
  facet normal 0 0 1
    outer loop
      vertex 13.6381 17.1451 2.15
      vertex 13.8853 16.1354 2.15
      vertex 13.9456 17.0039 2.15
    endloop
  endfacet
  facet normal 0 0 1
    outer loop
      vertex 12.9288 16.4996 2.15
      vertex 13.6381 17.1451 2.15
      vertex 13.3804 17.3294 2.15
    endloop
  endfacet
  facet normal 0 0 1
    outer loop
      vertex 12.9288 16.4996 2.15
      vertex 13.3804 17.3294 2.15
      vertex 13.1716 17.5595 2.15
    endloop
  endfacet
  facet normal 0 0 1
    outer loop
      vertex 12.2659 17.1065 2.15
      vertex 13.1716 17.5595 2.15
      vertex 13.0115 17.8353 2.15
    endloop
  endfacet
  facet normal 0 0 1
    outer loop
      vertex 13.6381 17.1451 2.15
      vertex 12.9288 16.4996 2.15
      vertex 13.8853 16.1354 2.15
    endloop
  endfacet
  facet normal -0 0 1
    outer loop
      vertex 11.8967 17.9562 2.15
      vertex 13.0115 17.8353 2.15
      vertex 12.9003 18.1569 2.15
    endloop
  endfacet
  facet normal 0 0 1
    outer loop
      vertex 13.1716 17.5595 2.15
      vertex 12.2659 17.1065 2.15
      vertex 12.9288 16.4996 2.15
    endloop
  endfacet
  facet normal 0 0 1
    outer loop
      vertex 13.0115 17.8353 2.15
      vertex 11.8967 17.9562 2.15
      vertex 12.2659 17.1065 2.15
    endloop
  endfacet
  facet normal 0 0 1
    outer loop
      vertex 57.6863 22.0896 2.15
      vertex 58.6148 22.5189 2.15
      vertex 58.3324 22.8943 2.15
    endloop
  endfacet
  facet normal 0 0 1
    outer loop
      vertex 57.4773 22.349 2.15
      vertex 58.3324 22.8943 2.15
      vertex 58.0045 23.2052 2.15
    endloop
  endfacet
  facet normal 0 -0 1
    outer loop
      vertex 57.8645 21.7862 2.15
      vertex 58.6148 22.5189 2.15
      vertex 57.6863 22.0896 2.15
    endloop
  endfacet
  facet normal 0 0 1
    outer loop
      vertex 58.6148 22.5189 2.15
      vertex 57.8645 21.7862 2.15
      vertex 58.8518 22.0791 2.15
    endloop
  endfacet
  facet normal 0 0 1
    outer loop
      vertex 57.2374 22.5643 2.15
      vertex 58.0045 23.2052 2.15
      vertex 57.6312 23.4517 2.15
    endloop
  endfacet
  facet normal 0 0 1
    outer loop
      vertex 58.3324 22.8943 2.15
      vertex 57.4773 22.349 2.15
      vertex 57.6863 22.0896 2.15
    endloop
  endfacet
  facet normal 0 0 1
    outer loop
      vertex 58.0045 23.2052 2.15
      vertex 57.2374 22.5643 2.15
      vertex 57.4773 22.349 2.15
    endloop
  endfacet
  facet normal 0 0 1
    outer loop
      vertex 56.9666 22.7355 2.15
      vertex 57.6312 23.4517 2.15
      vertex 57.2053 23.6392 2.15
    endloop
  endfacet
  facet normal 0 0 1
    outer loop
      vertex 57.6312 23.4517 2.15
      vertex 56.9666 22.7355 2.15
      vertex 57.2374 22.5643 2.15
    endloop
  endfacet
  facet normal 0 0 1
    outer loop
      vertex 56.663 22.8661 2.15
      vertex 57.2053 23.6392 2.15
      vertex 56.7198 23.7731 2.15
    endloop
  endfacet
  facet normal 0 0 1
    outer loop
      vertex 57.2053 23.6392 2.15
      vertex 56.663 22.8661 2.15
      vertex 56.9666 22.7355 2.15
    endloop
  endfacet
  facet normal 0 0 1
    outer loop
      vertex 56.7198 23.7731 2.15
      vertex 56.3245 22.9593 2.15
      vertex 56.663 22.8661 2.15
    endloop
  endfacet
  facet normal 0 0 1
    outer loop
      vertex 56.1746 23.8535 2.15
      vertex 56.3245 22.9593 2.15
      vertex 56.7198 23.7731 2.15
    endloop
  endfacet
  facet normal 0 0 1
    outer loop
      vertex 56.1746 23.8535 2.15
      vertex 55.951 23.0153 2.15
      vertex 56.3245 22.9593 2.15
    endloop
  endfacet
  facet normal 0 0 1
    outer loop
      vertex 55.5697 23.8802 2.15
      vertex 55.951 23.0153 2.15
      vertex 56.1746 23.8535 2.15
    endloop
  endfacet
  facet normal 0 0 1
    outer loop
      vertex 55.5697 23.8802 2.15
      vertex 55.5426 23.0339 2.15
      vertex 55.951 23.0153 2.15
    endloop
  endfacet
  facet normal 0 0 1
    outer loop
      vertex 55.5697 23.8802 2.15
      vertex 54.9197 22.9839 2.15
      vertex 55.5426 23.0339 2.15
    endloop
  endfacet
  facet normal -0 0 1
    outer loop
      vertex 54.7169 23.8165 2.15
      vertex 54.9197 22.9839 2.15
      vertex 55.5697 23.8802 2.15
    endloop
  endfacet
  facet normal 0 0 1
    outer loop
      vertex 54.7169 23.8165 2.15
      vertex 54.3748 22.8339 2.15
      vertex 54.9197 22.9839 2.15
    endloop
  endfacet
  facet normal -0 0 1
    outer loop
      vertex 53.9653 23.6253 2.15
      vertex 54.3748 22.8339 2.15
      vertex 54.7169 23.8165 2.15
    endloop
  endfacet
  facet normal 0 0 1
    outer loop
      vertex 53.9653 23.6253 2.15
      vertex 53.9079 22.5838 2.15
      vertex 54.3748 22.8339 2.15
    endloop
  endfacet
  facet normal -0 0 1
    outer loop
      vertex 53.3146 23.3065 2.15
      vertex 53.9079 22.5838 2.15
      vertex 53.9653 23.6253 2.15
    endloop
  endfacet
  facet normal 0 0 1
    outer loop
      vertex 53.9079 22.5838 2.15
      vertex 53.3146 23.3065 2.15
      vertex 53.519 22.2337 2.15
    endloop
  endfacet
  facet normal -0 0 1
    outer loop
      vertex 52.765 22.8603 2.15
      vertex 53.519 22.2337 2.15
      vertex 53.3146 23.3065 2.15
    endloop
  endfacet
  facet normal 0 0 1
    outer loop
      vertex 53.519 22.2337 2.15
      vertex 52.765 22.8603 2.15
      vertex 53.2129 21.7928 2.15
    endloop
  endfacet
  facet normal -0 0 1
    outer loop
      vertex 52.3283 22.2978 2.15
      vertex 53.2129 21.7928 2.15
      vertex 52.765 22.8603 2.15
    endloop
  endfacet
  facet normal 0 0 1
    outer loop
      vertex 52.0163 21.6302 2.15
      vertex 53.2129 21.7928 2.15
      vertex 52.3283 22.2978 2.15
    endloop
  endfacet
  facet normal 0 0 1
    outer loop
      vertex 53.2129 21.7928 2.15
      vertex 52.0163 21.6302 2.15
      vertex 52.9942 21.2701 2.15
    endloop
  endfacet
  facet normal 0 0 1
    outer loop
      vertex 51.8292 20.8575 2.15
      vertex 52.9942 21.2701 2.15
      vertex 52.0163 21.6302 2.15
    endloop
  endfacet
  facet normal 0 -0 1
    outer loop
      vertex 51.7955 19.3919 2.15
      vertex 52.8192 19.9797 2.15
      vertex 51.7668 19.9797 2.15
    endloop
  endfacet
  facet normal 0 0 1
    outer loop
      vertex 52.9942 21.2701 2.15
      vertex 51.8292 20.8575 2.15
      vertex 52.8629 20.6658 2.15
    endloop
  endfacet
  facet normal 0 -0 1
    outer loop
      vertex 51.8814 18.8438 2.15
      vertex 52.8192 19.9797 2.15
      vertex 51.7955 19.3919 2.15
    endloop
  endfacet
  facet normal 0 -0 1
    outer loop
      vertex 52.0246 18.3354 2.15
      vertex 52.8192 19.9797 2.15
      vertex 51.8814 18.8438 2.15
    endloop
  endfacet
  facet normal 0 0 1
    outer loop
      vertex 51.7668 19.9797 2.15
      vertex 52.8629 20.6658 2.15
      vertex 51.8292 20.8575 2.15
    endloop
  endfacet
  facet normal 0 -0 1
    outer loop
      vertex 52.2252 17.8667 2.15
      vertex 52.8192 19.9797 2.15
      vertex 52.0246 18.3354 2.15
    endloop
  endfacet
  facet normal 0 0 1
    outer loop
      vertex 52.8629 20.6658 2.15
      vertex 51.7668 19.9797 2.15
      vertex 52.8192 19.9797 2.15
    endloop
  endfacet
  facet normal 0 -0 1
    outer loop
      vertex 52.48 17.444 2.15
      vertex 52.8192 19.9797 2.15
      vertex 52.2252 17.8667 2.15
    endloop
  endfacet
  facet normal 0 0 1
    outer loop
      vertex 52.8192 19.9797 2.15
      vertex 52.48 17.444 2.15
      vertex 52.786 17.0739 2.15
    endloop
  endfacet
  facet normal -0 0 1
    outer loop
      vertex 58.0652 19.0791 2.15
      vertex 59.02 17.3106 2.15
      vertex 59.02 19.9471 2.15
    endloop
  endfacet
  facet normal -0 0 1
    outer loop
      vertex 58.0652 17.7011 2.15
      vertex 59.02 17.3106 2.15
      vertex 58.0652 19.0791 2.15
    endloop
  endfacet
  facet normal 0 0 1
    outer loop
      vertex 59.02 17.3106 2.15
      vertex 58.0652 17.7011 2.15
      vertex 58.6991 17.0188 2.15
    endloop
  endfacet
  facet normal -0 0 1
    outer loop
      vertex 55.7813 19.9471 2.15
      vertex 58.0652 19.0791 2.15
      vertex 59.02 19.9471 2.15
    endloop
  endfacet
  facet normal 0 0 1
    outer loop
      vertex 58.0652 19.0791 2.15
      vertex 55.7813 19.9471 2.15
      vertex 55.7813 19.0791 2.15
    endloop
  endfacet
  facet normal 0 0 1
    outer loop
      vertex 58.6991 17.0188 2.15
      vertex 58.0652 17.7011 2.15
      vertex 58.3439 16.762 2.15
    endloop
  endfacet
  facet normal -0 0 1
    outer loop
      vertex 57.849 17.516 2.15
      vertex 58.3439 16.762 2.15
      vertex 58.0652 17.7011 2.15
    endloop
  endfacet
  facet normal -0 0 1
    outer loop
      vertex 57.602 17.3513 2.15
      vertex 58.3439 16.762 2.15
      vertex 57.849 17.516 2.15
    endloop
  endfacet
  facet normal 0 0 1
    outer loop
      vertex 58.3439 16.762 2.15
      vertex 57.602 17.3513 2.15
      vertex 57.9545 16.5401 2.15
    endloop
  endfacet
  facet normal -0 0 1
    outer loop
      vertex 57.3242 17.2068 2.15
      vertex 57.9545 16.5401 2.15
      vertex 57.602 17.3513 2.15
    endloop
  endfacet
  facet normal 0 0 1
    outer loop
      vertex 57.9545 16.5401 2.15
      vertex 57.3242 17.2068 2.15
      vertex 57.5308 16.3531 2.15
    endloop
  endfacet
  facet normal -0 0 1
    outer loop
      vertex 57.0154 17.0827 2.15
      vertex 57.5308 16.3531 2.15
      vertex 57.3242 17.2068 2.15
    endloop
  endfacet
  facet normal 0 0 1
    outer loop
      vertex 57.5308 16.3531 2.15
      vertex 57.0154 17.0827 2.15
      vertex 57.0807 16.2047 2.15
    endloop
  endfacet
  facet normal -0 0 1
    outer loop
      vertex 56.685 16.9831 2.15
      vertex 57.0807 16.2047 2.15
      vertex 57.0154 17.0827 2.15
    endloop
  endfacet
  facet normal 0 0 1
    outer loop
      vertex 56.685 16.9831 2.15
      vertex 56.612 16.0988 2.15
      vertex 57.0807 16.2047 2.15
    endloop
  endfacet
  facet normal -0 0 1
    outer loop
      vertex 56.3421 16.9119 2.15
      vertex 56.612 16.0988 2.15
      vertex 56.685 16.9831 2.15
    endloop
  endfacet
  facet normal 0 0 1
    outer loop
      vertex 56.3421 16.9119 2.15
      vertex 56.1246 16.0352 2.15
      vertex 56.612 16.0988 2.15
    endloop
  endfacet
  facet normal -0 0 1
    outer loop
      vertex 55.9866 16.8691 2.15
      vertex 56.1246 16.0352 2.15
      vertex 56.3421 16.9119 2.15
    endloop
  endfacet
  facet normal 0 0 1
    outer loop
      vertex 55.6186 16.014 2.15
      vertex 55.9866 16.8691 2.15
      vertex 55.6186 16.8549 2.15
    endloop
  endfacet
  facet normal 0 0 1
    outer loop
      vertex 55.9866 16.8691 2.15
      vertex 55.6186 16.014 2.15
      vertex 56.1246 16.0352 2.15
    endloop
  endfacet
  facet normal 0 0 1
    outer loop
      vertex 55.6186 16.8549 2.15
      vertex 55.0398 16.0439 2.15
      vertex 55.6186 16.014 2.15
    endloop
  endfacet
  facet normal 0 0 1
    outer loop
      vertex 54.9977 16.9073 2.15
      vertex 55.0398 16.0439 2.15
      vertex 55.6186 16.8549 2.15
    endloop
  endfacet
  facet normal 0 0 1
    outer loop
      vertex 54.9977 16.9073 2.15
      vertex 54.5023 16.1334 2.15
      vertex 55.0398 16.0439 2.15
    endloop
  endfacet
  facet normal 0 0 1
    outer loop
      vertex 54.4481 17.0645 2.15
      vertex 54.5023 16.1334 2.15
      vertex 54.9977 16.9073 2.15
    endloop
  endfacet
  facet normal 0 0 1
    outer loop
      vertex 54.4481 17.0645 2.15
      vertex 54.0063 16.2825 2.15
      vertex 54.5023 16.1334 2.15
    endloop
  endfacet
  facet normal 0 0 1
    outer loop
      vertex 53.9696 17.3264 2.15
      vertex 54.0063 16.2825 2.15
      vertex 54.4481 17.0645 2.15
    endloop
  endfacet
  facet normal 0 0 1
    outer loop
      vertex 53.1432 16.7564 2.15
      vertex 53.9696 17.3264 2.15
      vertex 53.5624 17.6931 2.15
    endloop
  endfacet
  facet normal 0 0 1
    outer loop
      vertex 53.9696 17.3264 2.15
      vertex 53.5516 16.4914 2.15
      vertex 54.0063 16.2825 2.15
    endloop
  endfacet
  facet normal 0 0 1
    outer loop
      vertex 52.786 17.0739 2.15
      vertex 53.5624 17.6931 2.15
      vertex 53.2372 18.1503 2.15
    endloop
  endfacet
  facet normal 0 0 1
    outer loop
      vertex 53.9696 17.3264 2.15
      vertex 53.1432 16.7564 2.15
      vertex 53.5516 16.4914 2.15
    endloop
  endfacet
  facet normal 0 0 1
    outer loop
      vertex 52.786 17.0739 2.15
      vertex 53.2372 18.1503 2.15
      vertex 53.005 18.6838 2.15
    endloop
  endfacet
  facet normal 0 0 1
    outer loop
      vertex 52.786 17.0739 2.15
      vertex 53.005 18.6838 2.15
      vertex 52.8656 19.2936 2.15
    endloop
  endfacet
  facet normal 0 0 1
    outer loop
      vertex 53.5624 17.6931 2.15
      vertex 52.786 17.0739 2.15
      vertex 53.1432 16.7564 2.15
    endloop
  endfacet
  facet normal 0 0 1
    outer loop
      vertex 52.786 17.0739 2.15
      vertex 52.8656 19.2936 2.15
      vertex 52.8192 19.9797 2.15
    endloop
  endfacet
  facet normal 0 0 1
    outer loop
      vertex 76.0277 20.3462 2.15
      vertex 75.1203 20.0324 2.15
      vertex 75.1803 19.5999 2.15
    endloop
  endfacet
  facet normal 0 0 1
    outer loop
      vertex 76.0277 20.3462 2.15
      vertex 75.0217 20.4021 2.15
      vertex 75.1203 20.0324 2.15
    endloop
  endfacet
  facet normal 0 0 1
    outer loop
      vertex 75.5425 21.321 2.15
      vertex 74.8843 20.7092 2.15
      vertex 75.0217 20.4021 2.15
    endloop
  endfacet
  facet normal 0 0 1
    outer loop
      vertex 74.7083 20.9534 2.15
      vertex 75.5425 21.321 2.15
      vertex 74.7338 21.9059 2.15
    endloop
  endfacet
  facet normal 0 0 1
    outer loop
      vertex 75.5425 21.321 2.15
      vertex 74.7083 20.9534 2.15
      vertex 74.8843 20.7092 2.15
    endloop
  endfacet
  facet normal 0 0 1
    outer loop
      vertex 74.7338 21.9059 2.15
      vertex 74.4917 21.1398 2.15
      vertex 74.7083 20.9534 2.15
    endloop
  endfacet
  facet normal 0 0 1
    outer loop
      vertex 74.7338 21.9059 2.15
      vertex 74.2323 21.2728 2.15
      vertex 74.4917 21.1398 2.15
    endloop
  endfacet
  facet normal 0 0 1
    outer loop
      vertex 74.7338 21.9059 2.15
      vertex 73.9303 21.3527 2.15
      vertex 74.2323 21.2728 2.15
    endloop
  endfacet
  facet normal 0 0 1
    outer loop
      vertex 73.6017 22.1008 2.15
      vertex 73.9303 21.3527 2.15
      vertex 74.7338 21.9059 2.15
    endloop
  endfacet
  facet normal 0 0 1
    outer loop
      vertex 73.6017 22.1008 2.15
      vertex 73.5854 21.3793 2.15
      vertex 73.9303 21.3527 2.15
    endloop
  endfacet
  facet normal 0 0 1
    outer loop
      vertex 73.6017 22.1008 2.15
      vertex 73.2486 21.3496 2.15
      vertex 73.5854 21.3793 2.15
    endloop
  endfacet
  facet normal -0 0 1
    outer loop
      vertex 73.0061 22.0523 2.15
      vertex 73.2486 21.3496 2.15
      vertex 73.6017 22.1008 2.15
    endloop
  endfacet
  facet normal 0 0 1
    outer loop
      vertex 73.0061 22.0523 2.15
      vertex 72.9487 21.2606 2.15
      vertex 73.2486 21.3496 2.15
    endloop
  endfacet
  facet normal -0 0 1
    outer loop
      vertex 72.4835 21.9069 2.15
      vertex 72.9487 21.2606 2.15
      vertex 73.0061 22.0523 2.15
    endloop
  endfacet
  facet normal 0 0 1
    outer loop
      vertex 72.9487 21.2606 2.15
      vertex 72.4835 21.9069 2.15
      vertex 72.6857 21.1123 2.15
    endloop
  endfacet
  facet normal -0 0 1
    outer loop
      vertex 72.0337 21.6644 2.15
      vertex 72.6857 21.1123 2.15
      vertex 72.4835 21.9069 2.15
    endloop
  endfacet
  facet normal 0 0 1
    outer loop
      vertex 72.6857 21.1123 2.15
      vertex 72.0337 21.6644 2.15
      vertex 72.4597 20.9046 2.15
    endloop
  endfacet
  facet normal -0 0 1
    outer loop
      vertex 71.6568 21.3251 2.15
      vertex 72.4597 20.9046 2.15
      vertex 72.0337 21.6644 2.15
    endloop
  endfacet
  facet normal 0 0 1
    outer loop
      vertex 72.4597 20.9046 2.15
      vertex 71.6568 21.3251 2.15
      vertex 72.2761 20.645 2.15
    endloop
  endfacet
  facet normal -0 0 1
    outer loop
      vertex 71.359 20.8948 2.15
      vertex 72.2761 20.645 2.15
      vertex 71.6568 21.3251 2.15
    endloop
  endfacet
  facet normal 0 0 1
    outer loop
      vertex 72.2761 20.645 2.15
      vertex 71.359 20.8948 2.15
      vertex 72.1403 20.3411 2.15
    endloop
  endfacet
  facet normal -0 0 1
    outer loop
      vertex 71.1462 20.3797 2.15
      vertex 72.1403 20.3411 2.15
      vertex 71.359 20.8948 2.15
    endloop
  endfacet
  facet normal 0 0 1
    outer loop
      vertex 72.1403 20.3411 2.15
      vertex 71.1462 20.3797 2.15
      vertex 72.0524 19.9927 2.15
    endloop
  endfacet
  facet normal -0 0 1
    outer loop
      vertex 75.1803 19.5999 2.15
      vertex 76.1895 18.9815 2.15
      vertex 76.0277 20.3462 2.15
    endloop
  endfacet
  facet normal -0 0 1
    outer loop
      vertex 75.0217 20.4021 2.15
      vertex 76.0277 20.3462 2.15
      vertex 75.5425 21.321 2.15
    endloop
  endfacet
  facet normal 0 0 1
    outer loop
      vertex 76.1895 18.9815 2.15
      vertex 75.1803 19.5999 2.15
      vertex 76.1895 18.8513 2.15
    endloop
  endfacet
  facet normal 0 0 1
    outer loop
      vertex 72.0013 18.8513 2.15
      vertex 75.1803 19.5999 2.15
      vertex 72.0122 19.5999 2.15
    endloop
  endfacet
  facet normal 0 0 1
    outer loop
      vertex 75.1803 19.5999 2.15
      vertex 72.0013 18.8513 2.15
      vertex 76.1895 18.8513 2.15
    endloop
  endfacet
  facet normal -0 0 1
    outer loop
      vertex 75.0917 17.4601 2.15
      vertex 76.0321 17.4028 2.15
      vertex 75.175 17.6469 2.15
    endloop
  endfacet
  facet normal 0 0 1
    outer loop
      vertex 76.0321 17.4028 2.15
      vertex 75.0917 17.4601 2.15
      vertex 75.6852 16.7952 2.15
    endloop
  endfacet
  facet normal -0 0 1
    outer loop
      vertex 74.9776 17.2902 2.15
      vertex 75.6852 16.7952 2.15
      vertex 75.0917 17.4601 2.15
    endloop
  endfacet
  facet normal -0 0 1
    outer loop
      vertex 74.8326 17.1373 2.15
      vertex 75.6852 16.7952 2.15
      vertex 74.9776 17.2902 2.15
    endloop
  endfacet
  facet normal 0 0 1
    outer loop
      vertex 75.6852 16.7952 2.15
      vertex 74.8326 17.1373 2.15
      vertex 75.1709 16.3612 2.15
    endloop
  endfacet
  facet normal -0 0 1
    outer loop
      vertex 74.6568 17.0013 2.15
      vertex 75.1709 16.3612 2.15
      vertex 74.8326 17.1373 2.15
    endloop
  endfacet
  facet normal -0 0 1
    outer loop
      vertex 74.4498 16.8898 2.15
      vertex 75.1709 16.3612 2.15
      vertex 74.6568 17.0013 2.15
    endloop
  endfacet
  facet normal 0 0 1
    outer loop
      vertex 75.1709 16.3612 2.15
      vertex 74.4498 16.8898 2.15
      vertex 74.489 16.1008 2.15
    endloop
  endfacet
  facet normal -0 0 1
    outer loop
      vertex 74.2113 16.8101 2.15
      vertex 74.489 16.1008 2.15
      vertex 74.4498 16.8898 2.15
    endloop
  endfacet
  facet normal -0 0 1
    outer loop
      vertex 73.9413 16.7623 2.15
      vertex 74.489 16.1008 2.15
      vertex 74.2113 16.8101 2.15
    endloop
  endfacet
  facet normal 0 0 1
    outer loop
      vertex 73.6397 16.014 2.15
      vertex 73.9413 16.7623 2.15
      vertex 73.6397 16.7464 2.15
    endloop
  endfacet
  facet normal 0 0 1
    outer loop
      vertex 73.9413 16.7623 2.15
      vertex 73.6397 16.014 2.15
      vertex 74.489 16.1008 2.15
    endloop
  endfacet
  facet normal 0 0 1
    outer loop
      vertex 73.2623 16.7806 2.15
      vertex 73.6397 16.014 2.15
      vertex 73.6397 16.7464 2.15
    endloop
  endfacet
  facet normal 0 0 1
    outer loop
      vertex 73.2623 16.7806 2.15
      vertex 73.0275 16.0625 2.15
      vertex 73.6397 16.014 2.15
    endloop
  endfacet
  facet normal 0 0 1
    outer loop
      vertex 72.933 16.8833 2.15
      vertex 73.0275 16.0625 2.15
      vertex 73.2623 16.7806 2.15
    endloop
  endfacet
  facet normal 0 0 1
    outer loop
      vertex 72.493 16.208 2.15
      vertex 72.933 16.8833 2.15
      vertex 72.6519 17.0546 2.15
    endloop
  endfacet
  facet normal 0 0 1
    outer loop
      vertex 72.933 16.8833 2.15
      vertex 72.493 16.208 2.15
      vertex 73.0275 16.0625 2.15
    endloop
  endfacet
  facet normal 0 0 1
    outer loop
      vertex 72.0361 16.4504 2.15
      vertex 72.6519 17.0546 2.15
      vertex 72.419 17.2943 2.15
    endloop
  endfacet
  facet normal 0 0 1
    outer loop
      vertex 71.6568 16.7898 2.15
      vertex 72.419 17.2943 2.15
      vertex 72.2362 17.5971 2.15
    endloop
  endfacet
  facet normal 0 0 1
    outer loop
      vertex 71.359 17.2248 2.15
      vertex 72.2362 17.5971 2.15
      vertex 72.1057 17.9575 2.15
    endloop
  endfacet
  facet normal 0 0 1
    outer loop
      vertex 72.6519 17.0546 2.15
      vertex 72.0361 16.4504 2.15
      vertex 72.493 16.208 2.15
    endloop
  endfacet
  facet normal 0 0 1
    outer loop
      vertex 71.1462 17.7541 2.15
      vertex 72.1057 17.9575 2.15
      vertex 72.0274 18.3756 2.15
    endloop
  endfacet
  facet normal -0 0 1
    outer loop
      vertex 71.0186 18.3776 2.15
      vertex 72.0274 18.3756 2.15
      vertex 72.0013 18.8513 2.15
    endloop
  endfacet
  facet normal 0 0 1
    outer loop
      vertex 71.0186 19.78 2.15
      vertex 72.0524 19.9927 2.15
      vertex 71.1462 20.3797 2.15
    endloop
  endfacet
  facet normal 0 -0 1
    outer loop
      vertex 71.0186 18.3776 2.15
      vertex 72.0013 18.8513 2.15
      vertex 70.976 19.0954 2.15
    endloop
  endfacet
  facet normal 0 0 1
    outer loop
      vertex 72.0524 19.9927 2.15
      vertex 71.0186 19.78 2.15
      vertex 72.0122 19.5999 2.15
    endloop
  endfacet
  facet normal 0 0 1
    outer loop
      vertex 72.0274 18.3756 2.15
      vertex 71.0186 18.3776 2.15
      vertex 71.1462 17.7541 2.15
    endloop
  endfacet
  facet normal 0 0 1
    outer loop
      vertex 70.976 19.0954 2.15
      vertex 72.0122 19.5999 2.15
      vertex 71.0186 19.78 2.15
    endloop
  endfacet
  facet normal 0 0 1
    outer loop
      vertex 72.1057 17.9575 2.15
      vertex 71.1462 17.7541 2.15
      vertex 71.359 17.2248 2.15
    endloop
  endfacet
  facet normal 0 0 1
    outer loop
      vertex 72.0122 19.5999 2.15
      vertex 70.976 19.0954 2.15
      vertex 72.0013 18.8513 2.15
    endloop
  endfacet
  facet normal 0 0 1
    outer loop
      vertex 72.2362 17.5971 2.15
      vertex 71.359 17.2248 2.15
      vertex 71.6568 16.7898 2.15
    endloop
  endfacet
  facet normal 0 0 1
    outer loop
      vertex 72.419 17.2943 2.15
      vertex 71.6568 16.7898 2.15
      vertex 72.0361 16.4504 2.15
    endloop
  endfacet
  facet normal -0 0 1
    outer loop
      vertex 19.351 21.9923 2.15
      vertex 20.3329 18.2708 2.15
      vertex 20.3329 21.9923 2.15
    endloop
  endfacet
  facet normal 0 -0 1
    outer loop
      vertex 19.379 17.5667 2.15
      vertex 20.3329 18.2708 2.15
      vertex 19.351 18.0809 2.15
    endloop
  endfacet
  facet normal 0 -0 1
    outer loop
      vertex 19.4629 17.1309 2.15
      vertex 20.3329 18.2708 2.15
      vertex 19.379 17.5667 2.15
    endloop
  endfacet
  facet normal 0 -0 1
    outer loop
      vertex 19.6028 16.7733 2.15
      vertex 20.3329 18.2708 2.15
      vertex 19.4629 17.1309 2.15
    endloop
  endfacet
  facet normal 0 -0 1
    outer loop
      vertex 19.7985 16.4941 2.15
      vertex 20.3329 18.2708 2.15
      vertex 19.6028 16.7733 2.15
    endloop
  endfacet
  facet normal 0 0 1
    outer loop
      vertex 20.3329 18.2708 2.15
      vertex 19.351 21.9923 2.15
      vertex 19.351 18.0809 2.15
    endloop
  endfacet
  facet normal 0 0 1
    outer loop
      vertex 20.3329 18.2708 2.15
      vertex 19.7985 16.4941 2.15
      vertex 20.0547 16.2841 2.15
    endloop
  endfacet
  facet normal -0 0 1
    outer loop
      vertex 23.0617 18.5909 2.15
      vertex 24.0382 17.3757 2.15
      vertex 24.0382 21.9923 2.15
    endloop
  endfacet
  facet normal 0 -0 1
    outer loop
      vertex 23.1377 16.269 2.15
      vertex 24.0382 17.3757 2.15
      vertex 23.1348 16.3309 2.15
    endloop
  endfacet
  facet normal 0 -0 1
    outer loop
      vertex 23.1404 16.2151 2.15
      vertex 24.0382 17.3757 2.15
      vertex 23.1377 16.269 2.15
    endloop
  endfacet
  facet normal -0 -0 1
    outer loop
      vertex 23.1431 16.1727 2.15
      vertex 23.1485 16.1225 2.15
      vertex 23.1404 16.2151 2.15
    endloop
  endfacet
  facet normal 0 0 1
    outer loop
      vertex 23.1485 16.1225 2.15
      vertex 23.1431 16.1727 2.15
      vertex 23.1458 16.1418 2.15
    endloop
  endfacet
  facet normal 0 0 1
    outer loop
      vertex 24.0382 17.3757 2.15
      vertex 23.1404 16.2151 2.15
      vertex 23.1485 16.1225 2.15
    endloop
  endfacet
  facet normal 0 0 1
    outer loop
      vertex 24.0382 17.3757 2.15
      vertex 23.1315 16.3971 2.15
      vertex 23.1348 16.3309 2.15
    endloop
  endfacet
  facet normal 0 0 1
    outer loop
      vertex 24.0382 17.3757 2.15
      vertex 23.128 16.4678 2.15
      vertex 23.1315 16.3971 2.15
    endloop
  endfacet
  facet normal 0 0 1
    outer loop
      vertex 24.0382 17.3757 2.15
      vertex 23.1241 16.5429 2.15
      vertex 23.128 16.4678 2.15
    endloop
  endfacet
  facet normal 0 0 1
    outer loop
      vertex 24.0382 17.3757 2.15
      vertex 23.1198 16.6373 2.15
      vertex 23.1241 16.5429 2.15
    endloop
  endfacet
  facet normal 0 0 1
    outer loop
      vertex 24.0382 17.3757 2.15
      vertex 23.1153 16.766 2.15
      vertex 23.1198 16.6373 2.15
    endloop
  endfacet
  facet normal 0 0 1
    outer loop
      vertex 24.0382 17.3757 2.15
      vertex 23.1104 16.929 2.15
      vertex 23.1153 16.766 2.15
    endloop
  endfacet
  facet normal 0 0 1
    outer loop
      vertex 24.0382 17.3757 2.15
      vertex 23.1051 17.1261 2.15
      vertex 23.1104 16.929 2.15
    endloop
  endfacet
  facet normal -0 0 1
    outer loop
      vertex 23.0363 18.1857 2.15
      vertex 24.0382 17.3757 2.15
      vertex 23.0617 18.5909 2.15
    endloop
  endfacet
  facet normal 0 0 1
    outer loop
      vertex 23.0617 18.5909 2.15
      vertex 24.0382 21.9923 2.15
      vertex 23.0617 21.9923 2.15
    endloop
  endfacet
  facet normal -0 0 1
    outer loop
      vertex 22.96 17.8273 2.15
      vertex 24.0382 17.3757 2.15
      vertex 23.0363 18.1857 2.15
    endloop
  endfacet
  facet normal 0 0 1
    outer loop
      vertex 24.0382 17.3757 2.15
      vertex 22.96 17.8273 2.15
      vertex 23.1051 17.1261 2.15
    endloop
  endfacet
  facet normal -0 0 1
    outer loop
      vertex 22.8329 17.5157 2.15
      vertex 23.1051 17.1261 2.15
      vertex 22.96 17.8273 2.15
    endloop
  endfacet
  facet normal 0 0 1
    outer loop
      vertex 23.1051 17.1261 2.15
      vertex 22.8329 17.5157 2.15
      vertex 23.0889 17.1261 2.15
    endloop
  endfacet
  facet normal -0 0 1
    outer loop
      vertex 22.6549 17.2509 2.15
      vertex 23.0889 17.1261 2.15
      vertex 22.8329 17.5157 2.15
    endloop
  endfacet
  facet normal 0 0 1
    outer loop
      vertex 23.0889 17.1261 2.15
      vertex 22.6549 17.2509 2.15
      vertex 22.9141 16.8445 2.15
    endloop
  endfacet
  facet normal -0 0 1
    outer loop
      vertex 22.4328 17.0397 2.15
      vertex 22.9141 16.8445 2.15
      vertex 22.6549 17.2509 2.15
    endloop
  endfacet
  facet normal 0 0 1
    outer loop
      vertex 22.9141 16.8445 2.15
      vertex 22.4328 17.0397 2.15
      vertex 22.7261 16.6073 2.15
    endloop
  endfacet
  facet normal -0 0 1
    outer loop
      vertex 22.1734 16.8888 2.15
      vertex 22.7261 16.6073 2.15
      vertex 22.4328 17.0397 2.15
    endloop
  endfacet
  facet normal 0 0 1
    outer loop
      vertex 22.7261 16.6073 2.15
      vertex 22.1734 16.8888 2.15
      vertex 22.5248 16.4146 2.15
    endloop
  endfacet
  facet normal 0 0 1
    outer loop
      vertex 22.5248 16.4146 2.15
      vertex 22.1734 16.8888 2.15
      vertex 22.3104 16.2663 2.15
    endloop
  endfacet
  facet normal -0 0 1
    outer loop
      vertex 21.8767 16.7983 2.15
      vertex 22.3104 16.2663 2.15
      vertex 22.1734 16.8888 2.15
    endloop
  endfacet
  facet normal 0 0 1
    outer loop
      vertex 22.3104 16.2663 2.15
      vertex 21.8767 16.7983 2.15
      vertex 22.0759 16.1559 2.15
    endloop
  endfacet
  facet normal 0 0 1
    outer loop
      vertex 21.8767 16.7983 2.15
      vertex 21.8147 16.0771 2.15
      vertex 22.0759 16.1559 2.15
    endloop
  endfacet
  facet normal -0 0 1
    outer loop
      vertex 21.5427 16.7681 2.15
      vertex 21.8147 16.0771 2.15
      vertex 21.8767 16.7983 2.15
    endloop
  endfacet
  facet normal 0 0 1
    outer loop
      vertex 21.5427 16.7681 2.15
      vertex 21.5266 16.0298 2.15
      vertex 21.8147 16.0771 2.15
    endloop
  endfacet
  facet normal 0 0 1
    outer loop
      vertex 21.3159 16.7769 2.15
      vertex 21.5266 16.0298 2.15
      vertex 21.5427 16.7681 2.15
    endloop
  endfacet
  facet normal 0 0 1
    outer loop
      vertex 21.3159 16.7769 2.15
      vertex 21.2118 16.014 2.15
      vertex 21.5266 16.0298 2.15
    endloop
  endfacet
  facet normal 0 0 1
    outer loop
      vertex 21.1182 16.8034 2.15
      vertex 21.2118 16.014 2.15
      vertex 21.3159 16.7769 2.15
    endloop
  endfacet
  facet normal 0 0 1
    outer loop
      vertex 20.7614 16.044 2.15
      vertex 21.1182 16.8034 2.15
      vertex 20.9497 16.8474 2.15
    endloop
  endfacet
  facet normal 0 0 1
    outer loop
      vertex 20.7614 16.044 2.15
      vertex 20.9497 16.8474 2.15
      vertex 20.8103 16.9091 2.15
    endloop
  endfacet
  facet normal 0 0 1
    outer loop
      vertex 21.1182 16.8034 2.15
      vertex 20.7614 16.044 2.15
      vertex 21.2118 16.014 2.15
    endloop
  endfacet
  facet normal 0 0 1
    outer loop
      vertex 20.3757 16.134 2.15
      vertex 20.8103 16.9091 2.15
      vertex 20.694 16.9909 2.15
    endloop
  endfacet
  facet normal 0 0 1
    outer loop
      vertex 20.0547 16.2841 2.15
      vertex 20.694 16.9909 2.15
      vertex 20.5947 17.0949 2.15
    endloop
  endfacet
  facet normal 0 0 1
    outer loop
      vertex 20.0547 16.2841 2.15
      vertex 20.5947 17.0949 2.15
      vertex 20.5123 17.2214 2.15
    endloop
  endfacet
  facet normal 0 0 1
    outer loop
      vertex 20.0547 16.2841 2.15
      vertex 20.5123 17.2214 2.15
      vertex 20.4469 17.3703 2.15
    endloop
  endfacet
  facet normal 0 0 1
    outer loop
      vertex 20.0547 16.2841 2.15
      vertex 20.4469 17.3703 2.15
      vertex 20.397 17.5466 2.15
    endloop
  endfacet
  facet normal 0 0 1
    outer loop
      vertex 20.8103 16.9091 2.15
      vertex 20.3757 16.134 2.15
      vertex 20.7614 16.044 2.15
    endloop
  endfacet
  facet normal 0 0 1
    outer loop
      vertex 20.0547 16.2841 2.15
      vertex 20.397 17.5466 2.15
      vertex 20.3614 17.7554 2.15
    endloop
  endfacet
  facet normal 0 0 1
    outer loop
      vertex 20.0547 16.2841 2.15
      vertex 20.3614 17.7554 2.15
      vertex 20.3401 17.9969 2.15
    endloop
  endfacet
  facet normal 0 0 1
    outer loop
      vertex 20.0547 16.2841 2.15
      vertex 20.3401 17.9969 2.15
      vertex 20.3329 18.2708 2.15
    endloop
  endfacet
  facet normal 0 0 1
    outer loop
      vertex 20.694 16.9909 2.15
      vertex 20.0547 16.2841 2.15
      vertex 20.3757 16.134 2.15
    endloop
  endfacet
  facet normal 0 0 1
    outer loop
      vertex 24.0565 16.2863 2.15
      vertex 23.1485 16.1225 2.15
      vertex 24.0708 16.1225 2.15
    endloop
  endfacet
  facet normal 0 0 1
    outer loop
      vertex 24.0464 16.5497 2.15
      vertex 23.1485 16.1225 2.15
      vertex 24.0565 16.2863 2.15
    endloop
  endfacet
  facet normal 0 0 1
    outer loop
      vertex 24.0403 16.9129 2.15
      vertex 23.1485 16.1225 2.15
      vertex 24.0464 16.5497 2.15
    endloop
  endfacet
  facet normal 0 0 1
    outer loop
      vertex 23.1485 16.1225 2.15
      vertex 24.0403 16.9129 2.15
      vertex 24.0382 17.3757 2.15
    endloop
  endfacet
  facet normal 0 0 1
    outer loop
      vertex 84.2767 20.9887 2.15
      vertex 83.3415 21.202 2.15
      vertex 83.3436 20.7391 2.15
    endloop
  endfacet
  facet normal 0 0 1
    outer loop
      vertex 84.2387 21.9422 2.15
      vertex 83.3354 21.5651 2.15
      vertex 83.3415 21.202 2.15
    endloop
  endfacet
  facet normal 0 0 1
    outer loop
      vertex 84.2387 21.9422 2.15
      vertex 83.3253 21.8286 2.15
      vertex 83.3354 21.5651 2.15
    endloop
  endfacet
  facet normal 0 -0 1
    outer loop
      vertex 83.3253 21.8286 2.15
      vertex 84.2333 21.9923 2.15
      vertex 83.3111 21.9923 2.15
    endloop
  endfacet
  facet normal 0 0 1
    outer loop
      vertex 88.0308 20.0339 2.15
      vertex 87.0417 20.118 2.15
      vertex 87.0488 19.844 2.15
    endloop
  endfacet
  facet normal 0 0 1
    outer loop
      vertex 87.5832 21.6207 2.15
      vertex 87.0204 20.3594 2.15
      vertex 87.0417 20.118 2.15
    endloop
  endfacet
  facet normal 0 0 1
    outer loop
      vertex 86.6877 21.124 2.15
      vertex 87.327 21.8308 2.15
      vertex 87.0061 21.9808 2.15
    endloop
  endfacet
  facet normal 0 0 1
    outer loop
      vertex 87.5832 21.6207 2.15
      vertex 86.9848 20.5683 2.15
      vertex 87.0204 20.3594 2.15
    endloop
  endfacet
  facet normal 0 0 1
    outer loop
      vertex 87.5832 21.6207 2.15
      vertex 86.9349 20.7446 2.15
      vertex 86.9848 20.5683 2.15
    endloop
  endfacet
  facet normal 0 0 1
    outer loop
      vertex 87.5832 21.6207 2.15
      vertex 86.8695 20.8934 2.15
      vertex 86.9349 20.7446 2.15
    endloop
  endfacet
  facet normal 0 0 1
    outer loop
      vertex 87.5832 21.6207 2.15
      vertex 86.7871 21.0199 2.15
      vertex 86.8695 20.8934 2.15
    endloop
  endfacet
  facet normal 0 0 1
    outer loop
      vertex 87.327 21.8308 2.15
      vertex 86.6877 21.124 2.15
      vertex 86.7871 21.0199 2.15
    endloop
  endfacet
  facet normal 0 0 1
    outer loop
      vertex 86.5714 21.2057 2.15
      vertex 87.0061 21.9808 2.15
      vertex 86.6205 22.0708 2.15
    endloop
  endfacet
  facet normal 0 0 1
    outer loop
      vertex 87.0061 21.9808 2.15
      vertex 86.5714 21.2057 2.15
      vertex 86.6877 21.124 2.15
    endloop
  endfacet
  facet normal 0 0 1
    outer loop
      vertex 86.6205 22.0708 2.15
      vertex 86.4321 21.2674 2.15
      vertex 86.5714 21.2057 2.15
    endloop
  endfacet
  facet normal 0 0 1
    outer loop
      vertex 86.6205 22.0708 2.15
      vertex 86.2635 21.3115 2.15
      vertex 86.4321 21.2674 2.15
    endloop
  endfacet
  facet normal 0 0 1
    outer loop
      vertex 86.17 22.1008 2.15
      vertex 86.2635 21.3115 2.15
      vertex 86.6205 22.0708 2.15
    endloop
  endfacet
  facet normal 0 0 1
    outer loop
      vertex 86.17 22.1008 2.15
      vertex 86.0659 21.3379 2.15
      vertex 86.2635 21.3115 2.15
    endloop
  endfacet
  facet normal -0 0 1
    outer loop
      vertex 85.8552 22.0851 2.15
      vertex 86.0659 21.3379 2.15
      vertex 86.17 22.1008 2.15
    endloop
  endfacet
  facet normal 0 0 1
    outer loop
      vertex 85.8552 22.0851 2.15
      vertex 85.8391 21.3467 2.15
      vertex 86.0659 21.3379 2.15
    endloop
  endfacet
  facet normal -0 0 1
    outer loop
      vertex 85.5671 22.0378 2.15
      vertex 85.8391 21.3467 2.15
      vertex 85.8552 22.0851 2.15
    endloop
  endfacet
  facet normal 0 0 1
    outer loop
      vertex 85.5671 22.0378 2.15
      vertex 85.5051 21.3166 2.15
      vertex 85.8391 21.3467 2.15
    endloop
  endfacet
  facet normal -0 0 1
    outer loop
      vertex 85.3059 21.9589 2.15
      vertex 85.5051 21.3166 2.15
      vertex 85.5671 22.0378 2.15
    endloop
  endfacet
  facet normal -0 0 1
    outer loop
      vertex 85.0714 21.8486 2.15
      vertex 85.5051 21.3166 2.15
      vertex 85.3059 21.9589 2.15
    endloop
  endfacet
  facet normal 0 0 1
    outer loop
      vertex 85.5051 21.3166 2.15
      vertex 85.0714 21.8486 2.15
      vertex 85.2085 21.226 2.15
    endloop
  endfacet
  facet normal -0 0 1
    outer loop
      vertex 84.857 21.7002 2.15
      vertex 85.2085 21.226 2.15
      vertex 85.0714 21.8486 2.15
    endloop
  endfacet
  facet normal -0 0 1
    outer loop
      vertex 84.6558 21.5075 2.15
      vertex 85.2085 21.226 2.15
      vertex 84.857 21.7002 2.15
    endloop
  endfacet
  facet normal 0 0 1
    outer loop
      vertex 85.2085 21.226 2.15
      vertex 84.6558 21.5075 2.15
      vertex 84.9491 21.0752 2.15
    endloop
  endfacet
  facet normal -0 0 1
    outer loop
      vertex 84.4678 21.2703 2.15
      vertex 84.9491 21.0752 2.15
      vertex 84.6558 21.5075 2.15
    endloop
  endfacet
  facet normal 0 0 1
    outer loop
      vertex 84.9491 21.0752 2.15
      vertex 84.4678 21.2703 2.15
      vertex 84.727 20.8639 2.15
    endloop
  endfacet
  facet normal -0 0 1
    outer loop
      vertex 84.293 20.9887 2.15
      vertex 84.727 20.8639 2.15
      vertex 84.4678 21.2703 2.15
    endloop
  endfacet
  facet normal 0 0 1
    outer loop
      vertex 84.727 20.8639 2.15
      vertex 84.293 20.9887 2.15
      vertex 84.549 20.5991 2.15
    endloop
  endfacet
  facet normal -0 0 1
    outer loop
      vertex 84.2767 20.9887 2.15
      vertex 84.549 20.5991 2.15
      vertex 84.293 20.9887 2.15
    endloop
  endfacet
  facet normal 0 0 1
    outer loop
      vertex 84.549 20.5991 2.15
      vertex 84.2767 20.9887 2.15
      vertex 84.4218 20.2875 2.15
    endloop
  endfacet
  facet normal -0 0 1
    outer loop
      vertex 83.3436 20.7391 2.15
      vertex 84.4218 20.2875 2.15
      vertex 84.2767 20.9887 2.15
    endloop
  endfacet
  facet normal 0 0 1
    outer loop
      vertex 84.4218 20.2875 2.15
      vertex 83.3436 20.7391 2.15
      vertex 84.3456 19.9292 2.15
    endloop
  endfacet
  facet normal 0 0 1
    outer loop
      vertex 84.3456 19.9292 2.15
      vertex 83.3436 20.7391 2.15
      vertex 84.3201 19.5239 2.15
    endloop
  endfacet
  facet normal 0 0 1
    outer loop
      vertex 83.3415 21.202 2.15
      vertex 84.2767 20.9887 2.15
      vertex 84.2714 21.1859 2.15
    endloop
  endfacet
  facet normal -0 0 1
    outer loop
      vertex 83.3415 21.202 2.15
      vertex 84.2714 21.1859 2.15
      vertex 84.2665 21.3488 2.15
    endloop
  endfacet
  facet normal 0 0 1
    outer loop
      vertex 83.3415 21.202 2.15
      vertex 84.2665 21.3488 2.15
      vertex 84.262 21.4774 2.15
    endloop
  endfacet
  facet normal 0 0 1
    outer loop
      vertex 83.3415 21.202 2.15
      vertex 84.262 21.4774 2.15
      vertex 84.2577 21.5719 2.15
    endloop
  endfacet
  facet normal 0 0 1
    outer loop
      vertex 83.3415 21.202 2.15
      vertex 84.2577 21.5719 2.15
      vertex 84.2538 21.647 2.15
    endloop
  endfacet
  facet normal 0 0 1
    outer loop
      vertex 83.3415 21.202 2.15
      vertex 84.2538 21.647 2.15
      vertex 84.2502 21.7177 2.15
    endloop
  endfacet
  facet normal 0 0 1
    outer loop
      vertex 83.3415 21.202 2.15
      vertex 84.2502 21.7177 2.15
      vertex 84.247 21.784 2.15
    endloop
  endfacet
  facet normal 0 0 1
    outer loop
      vertex 83.3415 21.202 2.15
      vertex 84.247 21.784 2.15
      vertex 84.2441 21.8459 2.15
    endloop
  endfacet
  facet normal 0 0 1
    outer loop
      vertex 83.3415 21.202 2.15
      vertex 84.2441 21.8459 2.15
      vertex 84.2414 21.8998 2.15
    endloop
  endfacet
  facet normal 0 0 1
    outer loop
      vertex 83.3415 21.202 2.15
      vertex 84.2414 21.8998 2.15
      vertex 84.2387 21.9422 2.15
    endloop
  endfacet
  facet normal 0 0 1
    outer loop
      vertex 84.2333 21.9923 2.15
      vertex 84.2387 21.9422 2.15
      vertex 84.236 21.973 2.15
    endloop
  endfacet
  facet normal 0 0 1
    outer loop
      vertex 83.3253 21.8286 2.15
      vertex 84.2387 21.9422 2.15
      vertex 84.2333 21.9923 2.15
    endloop
  endfacet
  facet normal 0 0 1
    outer loop
      vertex 83.3436 16.1225 2.15
      vertex 84.3201 19.5239 2.15
      vertex 83.3436 20.7391 2.15
    endloop
  endfacet
  facet normal 0 0 1
    outer loop
      vertex 84.3201 19.5239 2.15
      vertex 83.3436 16.1225 2.15
      vertex 84.3201 16.1225 2.15
    endloop
  endfacet
  facet normal -0 0 1
    outer loop
      vertex 87.0417 20.118 2.15
      vertex 88.0308 20.0339 2.15
      vertex 88.0028 20.5481 2.15
    endloop
  endfacet
  facet normal 0 0 1
    outer loop
      vertex 87.0417 20.118 2.15
      vertex 88.0028 20.5481 2.15
      vertex 87.9189 20.984 2.15
    endloop
  endfacet
  facet normal 0 0 1
    outer loop
      vertex 87.0417 20.118 2.15
      vertex 87.9189 20.984 2.15
      vertex 87.779 21.3415 2.15
    endloop
  endfacet
  facet normal 0 0 1
    outer loop
      vertex 87.0417 20.118 2.15
      vertex 87.779 21.3415 2.15
      vertex 87.5832 21.6207 2.15
    endloop
  endfacet
  facet normal 0 0 1
    outer loop
      vertex 86.7871 21.0199 2.15
      vertex 87.5832 21.6207 2.15
      vertex 87.327 21.8308 2.15
    endloop
  endfacet
  facet normal 0 0 1
    outer loop
      vertex 88.0308 20.0339 2.15
      vertex 87.0488 19.844 2.15
      vertex 88.0308 16.1225 2.15
    endloop
  endfacet
  facet normal 0 0 1
    outer loop
      vertex 88.0308 16.1225 2.15
      vertex 87.0488 19.844 2.15
      vertex 87.0488 16.1225 2.15
    endloop
  endfacet
  facet normal -0 0 1
    outer loop
      vertex 63.9528 20.3557 2.15
      vertex 64.959 20.1262 2.15
      vertex 64.9241 20.5779 2.15
    endloop
  endfacet
  facet normal -0 0 1
    outer loop
      vertex 65.7399 16.746 2.15
      vertex 65.827 16.1551 2.15
      vertex 65.827 16.7627 2.15
    endloop
  endfacet
  facet normal -0 0 1
    outer loop
      vertex 65.6576 16.7342 2.15
      vertex 65.827 16.1551 2.15
      vertex 65.7399 16.746 2.15
    endloop
  endfacet
  facet normal 0 0 1
    outer loop
      vertex 65.6576 16.7342 2.15
      vertex 65.6416 16.1171 2.15
      vertex 65.827 16.1551 2.15
    endloop
  endfacet
  facet normal -0 0 1
    outer loop
      vertex 65.5799 16.727 2.15
      vertex 65.6416 16.1171 2.15
      vertex 65.6576 16.7342 2.15
    endloop
  endfacet
  facet normal -0 0 1
    outer loop
      vertex 65.507 16.7247 2.15
      vertex 65.6416 16.1171 2.15
      vertex 65.5799 16.727 2.15
    endloop
  endfacet
  facet normal 0 0 1
    outer loop
      vertex 65.507 16.7247 2.15
      vertex 65.4541 16.09 2.15
      vertex 65.6416 16.1171 2.15
    endloop
  endfacet
  facet normal 0 0 1
    outer loop
      vertex 65.3599 16.7384 2.15
      vertex 65.4541 16.09 2.15
      vertex 65.507 16.7247 2.15
    endloop
  endfacet
  facet normal 0 0 1
    outer loop
      vertex 65.3599 16.7384 2.15
      vertex 65.2646 16.0737 2.15
      vertex 65.4541 16.09 2.15
    endloop
  endfacet
  facet normal 0 0 1
    outer loop
      vertex 65.2385 16.7796 2.15
      vertex 65.2646 16.0737 2.15
      vertex 65.3599 16.7384 2.15
    endloop
  endfacet
  facet normal 0 0 1
    outer loop
      vertex 64.8202 16.0861 2.15
      vertex 65.2385 16.7796 2.15
      vertex 65.1428 16.8482 2.15
    endloop
  endfacet
  facet normal 0 0 1
    outer loop
      vertex 65.2385 16.7796 2.15
      vertex 65.073 16.0683 2.15
      vertex 65.2646 16.0737 2.15
    endloop
  endfacet
  facet normal 0 0 1
    outer loop
      vertex 64.4255 16.2285 2.15
      vertex 65.1428 16.8482 2.15
      vertex 65.073 16.9444 2.15
    endloop
  endfacet
  facet normal 0 0 1
    outer loop
      vertex 64.0904 16.7186 2.15
      vertex 65.073 16.9444 2.15
      vertex 65.0231 17.0676 2.15
    endloop
  endfacet
  facet normal 0 0 1
    outer loop
      vertex 64.0339 16.9618 2.15
      vertex 65.0231 17.0676 2.15
      vertex 64.9875 17.2177 2.15
    endloop
  endfacet
  facet normal -0 0 1
    outer loop
      vertex 64.0042 17.2455 2.15
      vertex 64.9875 17.2177 2.15
      vertex 64.9662 17.3945 2.15
    endloop
  endfacet
  facet normal 0 0 1
    outer loop
      vertex 65.2385 16.7796 2.15
      vertex 64.8202 16.0861 2.15
      vertex 65.073 16.0683 2.15
    endloop
  endfacet
  facet normal 0 0 1
    outer loop
      vertex 64.0042 17.2455 2.15
      vertex 64.9662 17.3945 2.15
      vertex 64.959 17.5981 2.15
    endloop
  endfacet
  facet normal 0 0 1
    outer loop
      vertex 64.959 20.1262 2.15
      vertex 63.9718 19.0195 2.15
      vertex 64.959 17.5981 2.15
    endloop
  endfacet
  facet normal -0 0 1
    outer loop
      vertex 63.8958 20.6374 2.15
      vertex 64.9241 20.5779 2.15
      vertex 64.8193 20.9731 2.15
    endloop
  endfacet
  facet normal 0 0 1
    outer loop
      vertex 63.8958 20.6374 2.15
      vertex 64.8193 20.9731 2.15
      vertex 64.6447 21.3116 2.15
    endloop
  endfacet
  facet normal 0 0 1
    outer loop
      vertex 64.959 17.5981 2.15
      vertex 63.9718 19.0195 2.15
      vertex 63.9718 18.5367 2.15
    endloop
  endfacet
  facet normal -0 0 1
    outer loop
      vertex 63.9114 18.0925 2.15
      vertex 64.959 17.5981 2.15
      vertex 63.9567 18.313 2.15
    endloop
  endfacet
  facet normal 0 0 1
    outer loop
      vertex 63.8009 20.8683 2.15
      vertex 64.6447 21.3116 2.15
      vertex 64.4002 21.5935 2.15
    endloop
  endfacet
  facet normal -0 0 1
    outer loop
      vertex 63.9567 18.313 2.15
      vertex 64.959 17.5981 2.15
      vertex 63.9718 18.5367 2.15
    endloop
  endfacet
  facet normal 0 0 1
    outer loop
      vertex 65.0231 17.0676 2.15
      vertex 64.0339 16.9618 2.15
      vertex 64.0904 16.7186 2.15
    endloop
  endfacet
  facet normal 0 0 1
    outer loop
      vertex 65.073 16.9444 2.15
      vertex 64.0904 16.7186 2.15
      vertex 64.1736 16.5156 2.15
    endloop
  endfacet
  facet normal 0 0 1
    outer loop
      vertex 63.6679 21.0483 2.15
      vertex 64.4002 21.5935 2.15
      vertex 64.0866 21.8155 2.15
    endloop
  endfacet
  facet normal 0 0 1
    outer loop
      vertex 64.9875 17.2177 2.15
      vertex 64.0042 17.2455 2.15
      vertex 64.0339 16.9618 2.15
    endloop
  endfacet
  facet normal 0 0 1
    outer loop
      vertex 65.1428 16.8482 2.15
      vertex 64.6044 16.1395 2.15
      vertex 64.8202 16.0861 2.15
    endloop
  endfacet
  facet normal 0 0 1
    outer loop
      vertex 64.959 20.1262 2.15
      vertex 63.9718 20.0231 2.15
      vertex 63.9718 19.703 2.15
    endloop
  endfacet
  facet normal 0 0 1
    outer loop
      vertex 64.959 20.1262 2.15
      vertex 63.9528 20.3557 2.15
      vertex 63.9718 20.0231 2.15
    endloop
  endfacet
  facet normal 0 0 1
    outer loop
      vertex 64.9241 20.5779 2.15
      vertex 63.8958 20.6374 2.15
      vertex 63.9528 20.3557 2.15
    endloop
  endfacet
  facet normal 0 0 1
    outer loop
      vertex 64.6447 21.3116 2.15
      vertex 63.8009 20.8683 2.15
      vertex 63.8958 20.6374 2.15
    endloop
  endfacet
  facet normal 0 0 1
    outer loop
      vertex 63.4943 21.1836 2.15
      vertex 64.0866 21.8155 2.15
      vertex 63.7045 21.974 2.15
    endloop
  endfacet
  facet normal 0 0 1
    outer loop
      vertex 64.4002 21.5935 2.15
      vertex 63.6679 21.0483 2.15
      vertex 63.8009 20.8683 2.15
    endloop
  endfacet
  facet normal 0 0 1
    outer loop
      vertex 64.0866 21.8155 2.15
      vertex 63.4943 21.1836 2.15
      vertex 63.6679 21.0483 2.15
    endloop
  endfacet
  facet normal 0 0 1
    outer loop
      vertex 63.7045 21.974 2.15
      vertex 63.2773 21.2803 2.15
      vertex 63.4943 21.1836 2.15
    endloop
  endfacet
  facet normal 0 0 1
    outer loop
      vertex 63.2539 22.0691 2.15
      vertex 63.2773 21.2803 2.15
      vertex 63.7045 21.974 2.15
    endloop
  endfacet
  facet normal 0 0 1
    outer loop
      vertex 63.2539 22.0691 2.15
      vertex 63.0169 21.3383 2.15
      vertex 63.2773 21.2803 2.15
    endloop
  endfacet
  facet normal 0 0 1
    outer loop
      vertex 62.7348 22.1008 2.15
      vertex 63.0169 21.3383 2.15
      vertex 63.2539 22.0691 2.15
    endloop
  endfacet
  facet normal 0 0 1
    outer loop
      vertex 62.7348 22.1008 2.15
      vertex 62.7131 21.3576 2.15
      vertex 63.0169 21.3383 2.15
    endloop
  endfacet
  facet normal 0 0 1
    outer loop
      vertex 62.7348 22.1008 2.15
      vertex 62.4073 21.3437 2.15
      vertex 62.7131 21.3576 2.15
    endloop
  endfacet
  facet normal -0 0 1
    outer loop
      vertex 61.7983 22.0018 2.15
      vertex 62.4073 21.3437 2.15
      vertex 62.7348 22.1008 2.15
    endloop
  endfacet
  facet normal 0 0 1
    outer loop
      vertex 62.4073 21.3437 2.15
      vertex 61.7983 22.0018 2.15
      vertex 62.1462 21.302 2.15
    endloop
  endfacet
  facet normal 0 0 1
    outer loop
      vertex 62.1462 21.302 2.15
      vertex 61.7983 22.0018 2.15
      vertex 61.9299 21.2325 2.15
    endloop
  endfacet
  facet normal 0 0 1
    outer loop
      vertex 61.7983 22.0018 2.15
      vertex 61.7583 21.1351 2.15
      vertex 61.9299 21.2325 2.15
    endloop
  endfacet
  facet normal -0 0 1
    outer loop
      vertex 61.0938 21.7048 2.15
      vertex 61.7583 21.1351 2.15
      vertex 61.7983 22.0018 2.15
    endloop
  endfacet
  facet normal 0 0 1
    outer loop
      vertex 61.7583 21.1351 2.15
      vertex 61.0938 21.7048 2.15
      vertex 61.624 21.0073 2.15
    endloop
  endfacet
  facet normal 0 0 1
    outer loop
      vertex 61.624 21.0073 2.15
      vertex 61.0938 21.7048 2.15
      vertex 61.5196 20.8463 2.15
    endloop
  endfacet
  facet normal -0 0 1
    outer loop
      vertex 60.6211 21.2098 2.15
      vertex 61.5196 20.8463 2.15
      vertex 61.0938 21.7048 2.15
    endloop
  endfacet
  facet normal 0 0 1
    outer loop
      vertex 61.5196 20.8463 2.15
      vertex 60.6211 21.2098 2.15
      vertex 61.445 20.652 2.15
    endloop
  endfacet
  facet normal 0 0 1
    outer loop
      vertex 60.3804 20.5167 2.15
      vertex 61.445 20.652 2.15
      vertex 60.6211 21.2098 2.15
    endloop
  endfacet
  facet normal 0 0 1
    outer loop
      vertex 61.445 20.652 2.15
      vertex 60.3804 20.5167 2.15
      vertex 61.4002 20.4245 2.15
    endloop
  endfacet
  facet normal 0 0 1
    outer loop
      vertex 63.9718 19.703 2.15
      vertex 62.903 18.9978 2.15
      vertex 63.9718 19.0195 2.15
    endloop
  endfacet
  facet normal -0 0 1
    outer loop
      vertex 62.6534 19.6813 2.15
      vertex 62.903 18.9978 2.15
      vertex 63.9718 19.703 2.15
    endloop
  endfacet
  facet normal 0 0 1
    outer loop
      vertex 62.6534 19.6813 2.15
      vertex 62.5794 18.9849 2.15
      vertex 62.903 18.9978 2.15
    endloop
  endfacet
  facet normal 0 0 1
    outer loop
      vertex 62.6534 19.6813 2.15
      vertex 62.2974 18.9571 2.15
      vertex 62.5794 18.9849 2.15
    endloop
  endfacet
  facet normal -0 0 1
    outer loop
      vertex 62.0321 19.6366 2.15
      vertex 62.2974 18.9571 2.15
      vertex 62.6534 19.6813 2.15
    endloop
  endfacet
  facet normal 0 0 1
    outer loop
      vertex 62.2974 18.9571 2.15
      vertex 62.0321 19.6366 2.15
      vertex 62.0572 18.9143 2.15
    endloop
  endfacet
  facet normal 0 0 1
    outer loop
      vertex 62.0321 19.6366 2.15
      vertex 61.8586 18.8567 2.15
      vertex 62.0572 18.9143 2.15
    endloop
  endfacet
  facet normal -0 0 1
    outer loop
      vertex 61.5027 19.5348 2.15
      vertex 61.8586 18.8567 2.15
      vertex 62.0321 19.6366 2.15
    endloop
  endfacet
  facet normal 0 0 1
    outer loop
      vertex 61.8586 18.8567 2.15
      vertex 61.5027 19.5348 2.15
      vertex 61.6913 18.7828 2.15
    endloop
  endfacet
  facet normal -0 0 1
    outer loop
      vertex 61.0651 19.3761 2.15
      vertex 61.6913 18.7828 2.15
      vertex 61.5027 19.5348 2.15
    endloop
  endfacet
  facet normal 0 0 1
    outer loop
      vertex 61.6913 18.7828 2.15
      vertex 61.0651 19.3761 2.15
      vertex 61.5447 18.6912 2.15
    endloop
  endfacet
  facet normal 0 0 1
    outer loop
      vertex 61.5447 18.6912 2.15
      vertex 61.0651 19.3761 2.15
      vertex 61.4187 18.582 2.15
    endloop
  endfacet
  facet normal -0 0 1
    outer loop
      vertex 60.7194 19.1605 2.15
      vertex 61.4187 18.582 2.15
      vertex 61.0651 19.3761 2.15
    endloop
  endfacet
  facet normal 0 0 1
    outer loop
      vertex 61.4187 18.582 2.15
      vertex 60.7194 19.1605 2.15
      vertex 61.3134 18.4552 2.15
    endloop
  endfacet
  facet normal -0 0 1
    outer loop
      vertex 60.4572 18.8899 2.15
      vertex 61.3134 18.4552 2.15
      vertex 60.7194 19.1605 2.15
    endloop
  endfacet
  facet normal 0 0 1
    outer loop
      vertex 61.3134 18.4552 2.15
      vertex 60.4572 18.8899 2.15
      vertex 61.2304 18.3091 2.15
    endloop
  endfacet
  facet normal -0 0 1
    outer loop
      vertex 60.2699 18.5665 2.15
      vertex 61.2304 18.3091 2.15
      vertex 60.4572 18.8899 2.15
    endloop
  endfacet
  facet normal 0 0 1
    outer loop
      vertex 61.2304 18.3091 2.15
      vertex 60.2699 18.5665 2.15
      vertex 61.1711 18.142 2.15
    endloop
  endfacet
  facet normal 0 -0 1
    outer loop
      vertex 60.1478 17.3757 2.15
      vertex 61.1236 17.7446 2.15
      vertex 60.12 17.7608 2.15
    endloop
  endfacet
  facet normal -0 0 1
    outer loop
      vertex 60.1575 18.1901 2.15
      vertex 61.1711 18.142 2.15
      vertex 60.2699 18.5665 2.15
    endloop
  endfacet
  facet normal 0 -0 1
    outer loop
      vertex 60.2312 17.0339 2.15
      vertex 61.1236 17.7446 2.15
      vertex 60.1478 17.3757 2.15
    endloop
  endfacet
  facet normal 0 0 1
    outer loop
      vertex 61.1711 18.142 2.15
      vertex 60.1575 18.1901 2.15
      vertex 61.1355 17.9538 2.15
    endloop
  endfacet
  facet normal 0 -0 1
    outer loop
      vertex 60.3702 16.7356 2.15
      vertex 61.1236 17.7446 2.15
      vertex 60.2312 17.0339 2.15
    endloop
  endfacet
  facet normal 0 0 1
    outer loop
      vertex 60.12 17.7608 2.15
      vertex 61.1355 17.9538 2.15
      vertex 60.1575 18.1901 2.15
    endloop
  endfacet
  facet normal 0 -0 1
    outer loop
      vertex 60.5648 16.4806 2.15
      vertex 61.1236 17.7446 2.15
      vertex 60.3702 16.7356 2.15
    endloop
  endfacet
  facet normal 0 0 1
    outer loop
      vertex 61.1355 17.9538 2.15
      vertex 60.12 17.7608 2.15
      vertex 61.1236 17.7446 2.15
    endloop
  endfacet
  facet normal 0 0 1
    outer loop
      vertex 61.1236 17.7446 2.15
      vertex 60.8147 16.2765 2.15
      vertex 61.1195 16.1307 2.15
    endloop
  endfacet
  facet normal 0 0 1
    outer loop
      vertex 61.1236 17.7446 2.15
      vertex 60.5648 16.4806 2.15
      vertex 60.8147 16.2765 2.15
    endloop
  endfacet
  facet normal 0 0 1
    outer loop
      vertex 64.959 20.1262 2.15
      vertex 63.9718 19.703 2.15
      vertex 63.9718 19.0195 2.15
    endloop
  endfacet
  facet normal 0 0 1
    outer loop
      vertex 65.1428 16.8482 2.15
      vertex 64.4255 16.2285 2.15
      vertex 64.6044 16.1395 2.15
    endloop
  endfacet
  facet normal 0 0 1
    outer loop
      vertex 65.073 16.9444 2.15
      vertex 64.2836 16.3531 2.15
      vertex 64.4255 16.2285 2.15
    endloop
  endfacet
  facet normal 0 0 1
    outer loop
      vertex 65.073 16.9444 2.15
      vertex 64.1736 16.5156 2.15
      vertex 64.2836 16.3531 2.15
    endloop
  endfacet
  facet normal -0 0 1
    outer loop
      vertex 63.836 17.875 2.15
      vertex 64.959 17.5981 2.15
      vertex 63.9114 18.0925 2.15
    endloop
  endfacet
  facet normal 0 0 1
    outer loop
      vertex 64.959 17.5981 2.15
      vertex 63.836 17.875 2.15
      vertex 64.0042 17.2455 2.15
    endloop
  endfacet
  facet normal -0 0 1
    outer loop
      vertex 63.7303 17.6605 2.15
      vertex 64.0042 17.2455 2.15
      vertex 63.836 17.875 2.15
    endloop
  endfacet
  facet normal 0 0 1
    outer loop
      vertex 64.0042 17.2455 2.15
      vertex 63.7303 17.6605 2.15
      vertex 63.9718 17.2455 2.15
    endloop
  endfacet
  facet normal -0 0 1
    outer loop
      vertex 63.5986 17.4589 2.15
      vertex 63.9718 17.2455 2.15
      vertex 63.7303 17.6605 2.15
    endloop
  endfacet
  facet normal -0 0 1
    outer loop
      vertex 63.4448 17.2801 2.15
      vertex 63.9718 17.2455 2.15
      vertex 63.5986 17.4589 2.15
    endloop
  endfacet
  facet normal 0 0 1
    outer loop
      vertex 63.9718 17.2455 2.15
      vertex 63.4448 17.2801 2.15
      vertex 63.777 16.9337 2.15
    endloop
  endfacet
  facet normal -0 0 1
    outer loop
      vertex 63.269 17.1239 2.15
      vertex 63.777 16.9337 2.15
      vertex 63.4448 17.2801 2.15
    endloop
  endfacet
  facet normal 0 0 1
    outer loop
      vertex 63.777 16.9337 2.15
      vertex 63.269 17.1239 2.15
      vertex 63.5669 16.6711 2.15
    endloop
  endfacet
  facet normal -0 0 1
    outer loop
      vertex 63.0711 16.9905 2.15
      vertex 63.5669 16.6711 2.15
      vertex 63.269 17.1239 2.15
    endloop
  endfacet
  facet normal 0 0 1
    outer loop
      vertex 63.5669 16.6711 2.15
      vertex 63.0711 16.9905 2.15
      vertex 63.3416 16.4577 2.15
    endloop
  endfacet
  facet normal -0 0 1
    outer loop
      vertex 62.8548 16.8837 2.15
      vertex 63.3416 16.4577 2.15
      vertex 63.0711 16.9905 2.15
    endloop
  endfacet
  facet normal 0 0 1
    outer loop
      vertex 63.3416 16.4577 2.15
      vertex 62.8548 16.8837 2.15
      vertex 63.101 16.2934 2.15
    endloop
  endfacet
  facet normal -0 0 1
    outer loop
      vertex 62.6236 16.8074 2.15
      vertex 63.101 16.2934 2.15
      vertex 62.8548 16.8837 2.15
    endloop
  endfacet
  facet normal 0 0 1
    outer loop
      vertex 63.101 16.2934 2.15
      vertex 62.6236 16.8074 2.15
      vertex 62.8394 16.1712 2.15
    endloop
  endfacet
  facet normal 0 0 1
    outer loop
      vertex 62.6236 16.8074 2.15
      vertex 62.5511 16.0839 2.15
      vertex 62.8394 16.1712 2.15
    endloop
  endfacet
  facet normal -0 0 1
    outer loop
      vertex 62.3775 16.7616 2.15
      vertex 62.5511 16.0839 2.15
      vertex 62.6236 16.8074 2.15
    endloop
  endfacet
  facet normal 0 0 1
    outer loop
      vertex 62.3775 16.7616 2.15
      vertex 62.2359 16.0315 2.15
      vertex 62.5511 16.0839 2.15
    endloop
  endfacet
  facet normal -0 0 1
    outer loop
      vertex 62.1164 16.7464 2.15
      vertex 62.2359 16.0315 2.15
      vertex 62.3775 16.7616 2.15
    endloop
  endfacet
  facet normal 0 0 1
    outer loop
      vertex 62.1164 16.7464 2.15
      vertex 61.8939 16.014 2.15
      vertex 62.2359 16.0315 2.15
    endloop
  endfacet
  facet normal 0 0 1
    outer loop
      vertex 61.8914 16.7626 2.15
      vertex 61.8939 16.014 2.15
      vertex 62.1164 16.7464 2.15
    endloop
  endfacet
  facet normal 0 0 1
    outer loop
      vertex 61.4793 16.0432 2.15
      vertex 61.8914 16.7626 2.15
      vertex 61.6939 16.8114 2.15
    endloop
  endfacet
  facet normal 0 0 1
    outer loop
      vertex 61.4793 16.0432 2.15
      vertex 61.6939 16.8114 2.15
      vertex 61.5238 16.8928 2.15
    endloop
  endfacet
  facet normal 0 0 1
    outer loop
      vertex 61.8914 16.7626 2.15
      vertex 61.4793 16.0432 2.15
      vertex 61.8939 16.014 2.15
    endloop
  endfacet
  facet normal 0 0 1
    outer loop
      vertex 61.1195 16.1307 2.15
      vertex 61.5238 16.8928 2.15
      vertex 61.3813 17.0067 2.15
    endloop
  endfacet
  facet normal 0 0 1
    outer loop
      vertex 61.1195 16.1307 2.15
      vertex 61.3813 17.0067 2.15
      vertex 61.2685 17.1505 2.15
    endloop
  endfacet
  facet normal 0 0 1
    outer loop
      vertex 61.1195 16.1307 2.15
      vertex 61.2685 17.1505 2.15
      vertex 61.188 17.3214 2.15
    endloop
  endfacet
  facet normal 0 0 1
    outer loop
      vertex 61.1195 16.1307 2.15
      vertex 61.188 17.3214 2.15
      vertex 61.1397 17.5194 2.15
    endloop
  endfacet
  facet normal 0 0 1
    outer loop
      vertex 61.5238 16.8928 2.15
      vertex 61.1195 16.1307 2.15
      vertex 61.4793 16.0432 2.15
    endloop
  endfacet
  facet normal 0 0 1
    outer loop
      vertex 61.1195 16.1307 2.15
      vertex 61.1397 17.5194 2.15
      vertex 61.1236 17.7446 2.15
    endloop
  endfacet
  facet normal 0 0 1
    outer loop
      vertex 82.2512 19.0628 2.15
      vertex 81.2033 19.6289 2.15
      vertex 81.2258 19.0628 2.15
    endloop
  endfacet
  facet normal 0 0 1
    outer loop
      vertex 81.6164 21.3603 2.15
      vertex 81.1356 20.1119 2.15
      vertex 81.2033 19.6289 2.15
    endloop
  endfacet
  facet normal 0 0 1
    outer loop
      vertex 81.6164 21.3603 2.15
      vertex 81.0229 20.5118 2.15
      vertex 81.1356 20.1119 2.15
    endloop
  endfacet
  facet normal 0 0 1
    outer loop
      vertex 81.6164 21.3603 2.15
      vertex 80.865 20.8287 2.15
      vertex 81.0229 20.5118 2.15
    endloop
  endfacet
  facet normal 0 0 1
    outer loop
      vertex 80.654 21.0696 2.15
      vertex 81.2546 21.6843 2.15
      vertex 80.804 21.9157 2.15
    endloop
  endfacet
  facet normal 0 0 1
    outer loop
      vertex 81.2546 21.6843 2.15
      vertex 80.654 21.0696 2.15
      vertex 80.865 20.8287 2.15
    endloop
  endfacet
  facet normal 0 0 1
    outer loop
      vertex 80.804 21.9157 2.15
      vertex 80.3815 21.2416 2.15
      vertex 80.654 21.0696 2.15
    endloop
  endfacet
  facet normal 0 0 1
    outer loop
      vertex 80.2646 22.0545 2.15
      vertex 80.3815 21.2416 2.15
      vertex 80.804 21.9157 2.15
    endloop
  endfacet
  facet normal 0 0 1
    outer loop
      vertex 80.2646 22.0545 2.15
      vertex 80.0477 21.3449 2.15
      vertex 80.3815 21.2416 2.15
    endloop
  endfacet
  facet normal 0 0 1
    outer loop
      vertex 79.6363 22.1008 2.15
      vertex 80.0477 21.3449 2.15
      vertex 80.2646 22.0545 2.15
    endloop
  endfacet
  facet normal 0 0 1
    outer loop
      vertex 80.0477 21.3449 2.15
      vertex 79.6363 22.1008 2.15
      vertex 79.6525 21.3793 2.15
    endloop
  endfacet
  facet normal 0 0 1
    outer loop
      vertex 79.6363 22.1008 2.15
      vertex 79.2536 21.3442 2.15
      vertex 79.6525 21.3793 2.15
    endloop
  endfacet
  facet normal -0 0 1
    outer loop
      vertex 78.4852 21.9109 2.15
      vertex 79.2536 21.3442 2.15
      vertex 79.6363 22.1008 2.15
    endloop
  endfacet
  facet normal 0 0 1
    outer loop
      vertex 79.2536 21.3442 2.15
      vertex 78.4852 21.9109 2.15
      vertex 78.9141 21.2389 2.15
    endloop
  endfacet
  facet normal 0 0 1
    outer loop
      vertex 78.9141 21.2389 2.15
      vertex 78.4852 21.9109 2.15
      vertex 78.6339 21.0634 2.15
    endloop
  endfacet
  facet normal -0 0 1
    outer loop
      vertex 77.663 21.3413 2.15
      vertex 78.6339 21.0634 2.15
      vertex 78.4852 21.9109 2.15
    endloop
  endfacet
  facet normal 0 0 1
    outer loop
      vertex 78.6339 21.0634 2.15
      vertex 77.663 21.3413 2.15
      vertex 78.4129 20.8178 2.15
    endloop
  endfacet
  facet normal 0 0 1
    outer loop
      vertex 78.4129 20.8178 2.15
      vertex 77.663 21.3413 2.15
      vertex 78.2456 20.4975 2.15
    endloop
  endfacet
  facet normal 0 0 1
    outer loop
      vertex 77.1696 20.3919 2.15
      vertex 78.2456 20.4975 2.15
      vertex 77.663 21.3413 2.15
    endloop
  endfacet
  facet normal 0 0 1
    outer loop
      vertex 78.2456 20.4975 2.15
      vertex 77.1696 20.3919 2.15
      vertex 78.1261 20.0983 2.15
    endloop
  endfacet
  facet normal 0 0 1
    outer loop
      vertex 78.1261 20.0983 2.15
      vertex 77.1696 20.3919 2.15
      vertex 78.0544 19.6201 2.15
    endloop
  endfacet
  facet normal 0 0 1
    outer loop
      vertex 78.0544 19.6201 2.15
      vertex 77.0052 19.0628 2.15
      vertex 78.0305 19.0628 2.15
    endloop
  endfacet
  facet normal 0 -0 1
    outer loop
      vertex 77.0462 18.3659 2.15
      vertex 78.054 18.5185 2.15
      vertex 77.0052 19.0628 2.15
    endloop
  endfacet
  facet normal 0 -0 1
    outer loop
      vertex 77.1693 17.7561 2.15
      vertex 78.054 18.5185 2.15
      vertex 77.0462 18.3659 2.15
    endloop
  endfacet
  facet normal 0 0 1
    outer loop
      vertex 78.0305 19.0628 2.15
      vertex 77.0052 19.0628 2.15
      vertex 78.054 18.5185 2.15
    endloop
  endfacet
  facet normal 0 -0 1
    outer loop
      vertex 77.3744 17.2335 2.15
      vertex 78.054 18.5185 2.15
      vertex 77.1693 17.7561 2.15
    endloop
  endfacet
  facet normal 0 -0 1
    outer loop
      vertex 77.6616 16.7979 2.15
      vertex 78.054 18.5185 2.15
      vertex 77.3744 17.2335 2.15
    endloop
  endfacet
  facet normal 0 0 1
    outer loop
      vertex 78.054 18.5185 2.15
      vertex 77.6616 16.7979 2.15
      vertex 78.0291 16.455 2.15
    endloop
  endfacet
  facet normal -0 0 1
    outer loop
      vertex 81.2033 19.6289 2.15
      vertex 82.2512 19.0628 2.15
      vertex 82.2115 19.7903 2.15
    endloop
  endfacet
  facet normal 0 0 1
    outer loop
      vertex 81.2033 19.6289 2.15
      vertex 82.2115 19.7903 2.15
      vertex 82.0925 20.4157 2.15
    endloop
  endfacet
  facet normal 0 0 1
    outer loop
      vertex 81.2023 18.5031 2.15
      vertex 82.2512 19.0628 2.15
      vertex 81.2258 19.0628 2.15
    endloop
  endfacet
  facet normal 0 0 1
    outer loop
      vertex 81.2033 19.6289 2.15
      vertex 82.0925 20.4157 2.15
      vertex 81.8941 20.9391 2.15
    endloop
  endfacet
  facet normal 0 0 1
    outer loop
      vertex 82.2512 19.0628 2.15
      vertex 81.2023 18.5031 2.15
      vertex 82.2088 18.3417 2.15
    endloop
  endfacet
  facet normal 0 0 1
    outer loop
      vertex 81.2033 19.6289 2.15
      vertex 81.8941 20.9391 2.15
      vertex 81.6164 21.3603 2.15
    endloop
  endfacet
  facet normal 0 0 1
    outer loop
      vertex 81.1316 18.0226 2.15
      vertex 82.2088 18.3417 2.15
      vertex 81.2023 18.5031 2.15
    endloop
  endfacet
  facet normal 0 0 1
    outer loop
      vertex 80.865 20.8287 2.15
      vertex 81.6164 21.3603 2.15
      vertex 81.2546 21.6843 2.15
    endloop
  endfacet
  facet normal 0 0 1
    outer loop
      vertex 82.2088 18.3417 2.15
      vertex 81.1316 18.0226 2.15
      vertex 82.0816 17.7188 2.15
    endloop
  endfacet
  facet normal 0 0 1
    outer loop
      vertex 81.0137 17.6215 2.15
      vertex 82.0816 17.7188 2.15
      vertex 81.1316 18.0226 2.15
    endloop
  endfacet
  facet normal 0 0 1
    outer loop
      vertex 82.0816 17.7188 2.15
      vertex 81.0137 17.6215 2.15
      vertex 81.8697 17.1943 2.15
    endloop
  endfacet
  facet normal -0 0 1
    outer loop
      vertex 80.8488 17.2997 2.15
      vertex 81.8697 17.1943 2.15
      vertex 81.0137 17.6215 2.15
    endloop
  endfacet
  facet normal 0 0 1
    outer loop
      vertex 81.8697 17.1943 2.15
      vertex 80.8488 17.2997 2.15
      vertex 81.573 16.7681 2.15
    endloop
  endfacet
  facet normal 0 0 1
    outer loop
      vertex 81.573 16.7681 2.15
      vertex 80.8488 17.2997 2.15
      vertex 81.1956 16.4382 2.15
    endloop
  endfacet
  facet normal -0 0 1
    outer loop
      vertex 80.6289 17.0529 2.15
      vertex 81.1956 16.4382 2.15
      vertex 80.8488 17.2997 2.15
    endloop
  endfacet
  facet normal 0 0 1
    outer loop
      vertex 81.1956 16.4382 2.15
      vertex 80.6289 17.0529 2.15
      vertex 80.7416 16.2025 2.15
    endloop
  endfacet
  facet normal -0 0 1
    outer loop
      vertex 80.3463 16.8766 2.15
      vertex 80.7416 16.2025 2.15
      vertex 80.6289 17.0529 2.15
    endloop
  endfacet
  facet normal 0 0 1
    outer loop
      vertex 80.3463 16.8766 2.15
      vertex 80.211 16.0612 2.15
      vertex 80.7416 16.2025 2.15
    endloop
  endfacet
  facet normal -0 0 1
    outer loop
      vertex 80.0009 16.7708 2.15
      vertex 80.211 16.0612 2.15
      vertex 80.3463 16.8766 2.15
    endloop
  endfacet
  facet normal 0 0 1
    outer loop
      vertex 80.0009 16.7708 2.15
      vertex 79.6037 16.014 2.15
      vertex 80.211 16.0612 2.15
    endloop
  endfacet
  facet normal -0 0 1
    outer loop
      vertex 79.5929 16.7355 2.15
      vertex 79.6037 16.014 2.15
      vertex 80.0009 16.7708 2.15
    endloop
  endfacet
  facet normal 0 0 1
    outer loop
      vertex 79.2157 16.772 2.15
      vertex 79.6037 16.014 2.15
      vertex 79.5929 16.7355 2.15
    endloop
  endfacet
  facet normal 0 0 1
    outer loop
      vertex 79.2157 16.772 2.15
      vertex 79.0002 16.063 2.15
      vertex 79.6037 16.014 2.15
    endloop
  endfacet
  facet normal 0 0 1
    outer loop
      vertex 78.8924 16.8813 2.15
      vertex 79.0002 16.063 2.15
      vertex 79.2157 16.772 2.15
    endloop
  endfacet
  facet normal 0 0 1
    outer loop
      vertex 78.4754 16.21 2.15
      vertex 78.8924 16.8813 2.15
      vertex 78.623 17.0636 2.15
    endloop
  endfacet
  facet normal 0 0 1
    outer loop
      vertex 78.8924 16.8813 2.15
      vertex 78.4754 16.21 2.15
      vertex 79.0002 16.063 2.15
    endloop
  endfacet
  facet normal 0 0 1
    outer loop
      vertex 78.0291 16.455 2.15
      vertex 78.623 17.0636 2.15
      vertex 78.4075 17.3187 2.15
    endloop
  endfacet
  facet normal 0 0 1
    outer loop
      vertex 78.0291 16.455 2.15
      vertex 78.4075 17.3187 2.15
      vertex 78.2426 17.6465 2.15
    endloop
  endfacet
  facet normal 0 0 1
    outer loop
      vertex 78.0291 16.455 2.15
      vertex 78.2426 17.6465 2.15
      vertex 78.1247 18.0464 2.15
    endloop
  endfacet
  facet normal 0 0 1
    outer loop
      vertex 78.623 17.0636 2.15
      vertex 78.0291 16.455 2.15
      vertex 78.4754 16.21 2.15
    endloop
  endfacet
  facet normal 0 0 1
    outer loop
      vertex 78.054 18.5185 2.15
      vertex 78.0291 16.455 2.15
      vertex 78.1247 18.0464 2.15
    endloop
  endfacet
  facet normal 0 0 1
    outer loop
      vertex 77.0052 19.0628 2.15
      vertex 78.0544 19.6201 2.15
      vertex 77.1696 20.3919 2.15
    endloop
  endfacet
  facet normal 0 0 1
    outer loop
      vertex 41.6478 20.3462 2.15
      vertex 40.7404 20.0324 2.15
      vertex 40.8004 19.5999 2.15
    endloop
  endfacet
  facet normal 0 0 1
    outer loop
      vertex 41.6478 20.3462 2.15
      vertex 40.6418 20.4021 2.15
      vertex 40.7404 20.0324 2.15
    endloop
  endfacet
  facet normal 0 0 1
    outer loop
      vertex 41.1626 21.321 2.15
      vertex 40.5044 20.7092 2.15
      vertex 40.6418 20.4021 2.15
    endloop
  endfacet
  facet normal 0 0 1
    outer loop
      vertex 40.3284 20.9534 2.15
      vertex 41.1626 21.321 2.15
      vertex 40.3539 21.9059 2.15
    endloop
  endfacet
  facet normal 0 0 1
    outer loop
      vertex 41.1626 21.321 2.15
      vertex 40.3284 20.9534 2.15
      vertex 40.5044 20.7092 2.15
    endloop
  endfacet
  facet normal 0 0 1
    outer loop
      vertex 40.3539 21.9059 2.15
      vertex 40.1118 21.1398 2.15
      vertex 40.3284 20.9534 2.15
    endloop
  endfacet
  facet normal 0 0 1
    outer loop
      vertex 40.3539 21.9059 2.15
      vertex 39.8524 21.2728 2.15
      vertex 40.1118 21.1398 2.15
    endloop
  endfacet
  facet normal 0 0 1
    outer loop
      vertex 40.3539 21.9059 2.15
      vertex 39.5504 21.3527 2.15
      vertex 39.8524 21.2728 2.15
    endloop
  endfacet
  facet normal 0 0 1
    outer loop
      vertex 39.2218 22.1008 2.15
      vertex 39.5504 21.3527 2.15
      vertex 40.3539 21.9059 2.15
    endloop
  endfacet
  facet normal 0 0 1
    outer loop
      vertex 39.2218 22.1008 2.15
      vertex 39.2056 21.3793 2.15
      vertex 39.5504 21.3527 2.15
    endloop
  endfacet
  facet normal 0 0 1
    outer loop
      vertex 39.2218 22.1008 2.15
      vertex 38.8687 21.3496 2.15
      vertex 39.2056 21.3793 2.15
    endloop
  endfacet
  facet normal -0 0 1
    outer loop
      vertex 38.6262 22.0523 2.15
      vertex 38.8687 21.3496 2.15
      vertex 39.2218 22.1008 2.15
    endloop
  endfacet
  facet normal 0 0 1
    outer loop
      vertex 38.6262 22.0523 2.15
      vertex 38.5688 21.2606 2.15
      vertex 38.8687 21.3496 2.15
    endloop
  endfacet
  facet normal -0 0 1
    outer loop
      vertex 38.1036 21.9069 2.15
      vertex 38.5688 21.2606 2.15
      vertex 38.6262 22.0523 2.15
    endloop
  endfacet
  facet normal 0 0 1
    outer loop
      vertex 38.5688 21.2606 2.15
      vertex 38.1036 21.9069 2.15
      vertex 38.3058 21.1123 2.15
    endloop
  endfacet
  facet normal -0 0 1
    outer loop
      vertex 37.6538 21.6644 2.15
      vertex 38.3058 21.1123 2.15
      vertex 38.1036 21.9069 2.15
    endloop
  endfacet
  facet normal 0 0 1
    outer loop
      vertex 38.3058 21.1123 2.15
      vertex 37.6538 21.6644 2.15
      vertex 38.0798 20.9046 2.15
    endloop
  endfacet
  facet normal -0 0 1
    outer loop
      vertex 37.2769 21.3251 2.15
      vertex 38.0798 20.9046 2.15
      vertex 37.6538 21.6644 2.15
    endloop
  endfacet
  facet normal 0 0 1
    outer loop
      vertex 38.0798 20.9046 2.15
      vertex 37.2769 21.3251 2.15
      vertex 37.8962 20.645 2.15
    endloop
  endfacet
  facet normal -0 0 1
    outer loop
      vertex 36.9791 20.8948 2.15
      vertex 37.8962 20.645 2.15
      vertex 37.2769 21.3251 2.15
    endloop
  endfacet
  facet normal 0 0 1
    outer loop
      vertex 37.8962 20.645 2.15
      vertex 36.9791 20.8948 2.15
      vertex 37.7604 20.3411 2.15
    endloop
  endfacet
  facet normal -0 0 1
    outer loop
      vertex 36.7663 20.3797 2.15
      vertex 37.7604 20.3411 2.15
      vertex 36.9791 20.8948 2.15
    endloop
  endfacet
  facet normal 0 0 1
    outer loop
      vertex 37.7604 20.3411 2.15
      vertex 36.7663 20.3797 2.15
      vertex 37.6725 19.9927 2.15
    endloop
  endfacet
  facet normal -0 0 1
    outer loop
      vertex 40.8004 19.5999 2.15
      vertex 41.8096 18.9815 2.15
      vertex 41.6478 20.3462 2.15
    endloop
  endfacet
  facet normal -0 0 1
    outer loop
      vertex 40.6418 20.4021 2.15
      vertex 41.6478 20.3462 2.15
      vertex 41.1626 21.321 2.15
    endloop
  endfacet
  facet normal 0 0 1
    outer loop
      vertex 41.8096 18.9815 2.15
      vertex 40.8004 19.5999 2.15
      vertex 41.8096 18.8513 2.15
    endloop
  endfacet
  facet normal 0 0 1
    outer loop
      vertex 37.6214 18.8513 2.15
      vertex 40.8004 19.5999 2.15
      vertex 37.6323 19.5999 2.15
    endloop
  endfacet
  facet normal 0 0 1
    outer loop
      vertex 40.8004 19.5999 2.15
      vertex 37.6214 18.8513 2.15
      vertex 41.8096 18.8513 2.15
    endloop
  endfacet
  facet normal -0 0 1
    outer loop
      vertex 40.7118 17.4601 2.15
      vertex 41.6522 17.4028 2.15
      vertex 40.7951 17.6469 2.15
    endloop
  endfacet
  facet normal 0 0 1
    outer loop
      vertex 41.6522 17.4028 2.15
      vertex 40.7118 17.4601 2.15
      vertex 41.3053 16.7952 2.15
    endloop
  endfacet
  facet normal -0 0 1
    outer loop
      vertex 40.5977 17.2902 2.15
      vertex 41.3053 16.7952 2.15
      vertex 40.7118 17.4601 2.15
    endloop
  endfacet
  facet normal -0 0 1
    outer loop
      vertex 40.4527 17.1373 2.15
      vertex 41.3053 16.7952 2.15
      vertex 40.5977 17.2902 2.15
    endloop
  endfacet
  facet normal 0 0 1
    outer loop
      vertex 41.3053 16.7952 2.15
      vertex 40.4527 17.1373 2.15
      vertex 40.791 16.3612 2.15
    endloop
  endfacet
  facet normal -0 0 1
    outer loop
      vertex 40.2769 17.0013 2.15
      vertex 40.791 16.3612 2.15
      vertex 40.4527 17.1373 2.15
    endloop
  endfacet
  facet normal -0 0 1
    outer loop
      vertex 40.0699 16.8898 2.15
      vertex 40.791 16.3612 2.15
      vertex 40.2769 17.0013 2.15
    endloop
  endfacet
  facet normal 0 0 1
    outer loop
      vertex 40.791 16.3612 2.15
      vertex 40.0699 16.8898 2.15
      vertex 40.1091 16.1008 2.15
    endloop
  endfacet
  facet normal -0 0 1
    outer loop
      vertex 39.8314 16.8101 2.15
      vertex 40.1091 16.1008 2.15
      vertex 40.0699 16.8898 2.15
    endloop
  endfacet
  facet normal -0 0 1
    outer loop
      vertex 39.5614 16.7623 2.15
      vertex 40.1091 16.1008 2.15
      vertex 39.8314 16.8101 2.15
    endloop
  endfacet
  facet normal 0 0 1
    outer loop
      vertex 39.2598 16.014 2.15
      vertex 39.5614 16.7623 2.15
      vertex 39.2598 16.7464 2.15
    endloop
  endfacet
  facet normal 0 0 1
    outer loop
      vertex 39.5614 16.7623 2.15
      vertex 39.2598 16.014 2.15
      vertex 40.1091 16.1008 2.15
    endloop
  endfacet
  facet normal 0 0 1
    outer loop
      vertex 38.8824 16.7806 2.15
      vertex 39.2598 16.014 2.15
      vertex 39.2598 16.7464 2.15
    endloop
  endfacet
  facet normal 0 0 1
    outer loop
      vertex 38.8824 16.7806 2.15
      vertex 38.6476 16.0625 2.15
      vertex 39.2598 16.014 2.15
    endloop
  endfacet
  facet normal 0 0 1
    outer loop
      vertex 38.5531 16.8833 2.15
      vertex 38.6476 16.0625 2.15
      vertex 38.8824 16.7806 2.15
    endloop
  endfacet
  facet normal 0 0 1
    outer loop
      vertex 38.1131 16.208 2.15
      vertex 38.5531 16.8833 2.15
      vertex 38.272 17.0546 2.15
    endloop
  endfacet
  facet normal 0 0 1
    outer loop
      vertex 38.5531 16.8833 2.15
      vertex 38.1131 16.208 2.15
      vertex 38.6476 16.0625 2.15
    endloop
  endfacet
  facet normal 0 0 1
    outer loop
      vertex 37.6562 16.4504 2.15
      vertex 38.272 17.0546 2.15
      vertex 38.0391 17.2943 2.15
    endloop
  endfacet
  facet normal 0 0 1
    outer loop
      vertex 37.2769 16.7898 2.15
      vertex 38.0391 17.2943 2.15
      vertex 37.8563 17.5971 2.15
    endloop
  endfacet
  facet normal 0 0 1
    outer loop
      vertex 36.9791 17.2248 2.15
      vertex 37.8563 17.5971 2.15
      vertex 37.7258 17.9575 2.15
    endloop
  endfacet
  facet normal 0 0 1
    outer loop
      vertex 38.272 17.0546 2.15
      vertex 37.6562 16.4504 2.15
      vertex 38.1131 16.208 2.15
    endloop
  endfacet
  facet normal 0 0 1
    outer loop
      vertex 36.7663 17.7541 2.15
      vertex 37.7258 17.9575 2.15
      vertex 37.6475 18.3756 2.15
    endloop
  endfacet
  facet normal -0 0 1
    outer loop
      vertex 36.6387 18.3776 2.15
      vertex 37.6475 18.3756 2.15
      vertex 37.6214 18.8513 2.15
    endloop
  endfacet
  facet normal 0 0 1
    outer loop
      vertex 36.6387 19.78 2.15
      vertex 37.6725 19.9927 2.15
      vertex 36.7663 20.3797 2.15
    endloop
  endfacet
  facet normal 0 -0 1
    outer loop
      vertex 36.6387 18.3776 2.15
      vertex 37.6214 18.8513 2.15
      vertex 36.5961 19.0954 2.15
    endloop
  endfacet
  facet normal 0 0 1
    outer loop
      vertex 37.6725 19.9927 2.15
      vertex 36.6387 19.78 2.15
      vertex 37.6323 19.5999 2.15
    endloop
  endfacet
  facet normal 0 0 1
    outer loop
      vertex 37.6475 18.3756 2.15
      vertex 36.6387 18.3776 2.15
      vertex 36.7663 17.7541 2.15
    endloop
  endfacet
  facet normal 0 0 1
    outer loop
      vertex 36.5961 19.0954 2.15
      vertex 37.6323 19.5999 2.15
      vertex 36.6387 19.78 2.15
    endloop
  endfacet
  facet normal 0 0 1
    outer loop
      vertex 37.7258 17.9575 2.15
      vertex 36.7663 17.7541 2.15
      vertex 36.9791 17.2248 2.15
    endloop
  endfacet
  facet normal 0 0 1
    outer loop
      vertex 37.6323 19.5999 2.15
      vertex 36.5961 19.0954 2.15
      vertex 37.6214 18.8513 2.15
    endloop
  endfacet
  facet normal 0 0 1
    outer loop
      vertex 37.8563 17.5971 2.15
      vertex 36.9791 17.2248 2.15
      vertex 37.2769 16.7898 2.15
    endloop
  endfacet
  facet normal 0 0 1
    outer loop
      vertex 38.0391 17.2943 2.15
      vertex 37.2769 16.7898 2.15
      vertex 37.6562 16.4504 2.15
    endloop
  endfacet
  facet normal 0 0 1
    outer loop
      vertex 43.8622 20.9887 2.15
      vertex 42.927 21.202 2.15
      vertex 42.929 20.7391 2.15
    endloop
  endfacet
  facet normal 0 0 1
    outer loop
      vertex 43.8242 21.9422 2.15
      vertex 42.9209 21.5651 2.15
      vertex 42.927 21.202 2.15
    endloop
  endfacet
  facet normal 0 0 1
    outer loop
      vertex 43.8242 21.9422 2.15
      vertex 42.9108 21.8286 2.15
      vertex 42.9209 21.5651 2.15
    endloop
  endfacet
  facet normal 0 -0 1
    outer loop
      vertex 42.9108 21.8286 2.15
      vertex 43.8188 21.9923 2.15
      vertex 42.8966 21.9923 2.15
    endloop
  endfacet
  facet normal 0 0 1
    outer loop
      vertex 47.6162 20.0339 2.15
      vertex 46.6272 20.118 2.15
      vertex 46.6343 19.844 2.15
    endloop
  endfacet
  facet normal 0 0 1
    outer loop
      vertex 47.1686 21.6207 2.15
      vertex 46.6058 20.3594 2.15
      vertex 46.6272 20.118 2.15
    endloop
  endfacet
  facet normal 0 0 1
    outer loop
      vertex 46.2732 21.124 2.15
      vertex 46.9125 21.8308 2.15
      vertex 46.5916 21.9808 2.15
    endloop
  endfacet
  facet normal 0 0 1
    outer loop
      vertex 47.1686 21.6207 2.15
      vertex 46.5702 20.5683 2.15
      vertex 46.6058 20.3594 2.15
    endloop
  endfacet
  facet normal 0 0 1
    outer loop
      vertex 47.1686 21.6207 2.15
      vertex 46.5204 20.7446 2.15
      vertex 46.5702 20.5683 2.15
    endloop
  endfacet
  facet normal 0 0 1
    outer loop
      vertex 47.1686 21.6207 2.15
      vertex 46.455 20.8934 2.15
      vertex 46.5204 20.7446 2.15
    endloop
  endfacet
  facet normal 0 0 1
    outer loop
      vertex 47.1686 21.6207 2.15
      vertex 46.3726 21.0199 2.15
      vertex 46.455 20.8934 2.15
    endloop
  endfacet
  facet normal 0 0 1
    outer loop
      vertex 46.9125 21.8308 2.15
      vertex 46.2732 21.124 2.15
      vertex 46.3726 21.0199 2.15
    endloop
  endfacet
  facet normal 0 0 1
    outer loop
      vertex 46.1569 21.2057 2.15
      vertex 46.5916 21.9808 2.15
      vertex 46.2059 22.0708 2.15
    endloop
  endfacet
  facet normal 0 0 1
    outer loop
      vertex 46.5916 21.9808 2.15
      vertex 46.1569 21.2057 2.15
      vertex 46.2732 21.124 2.15
    endloop
  endfacet
  facet normal 0 0 1
    outer loop
      vertex 46.2059 22.0708 2.15
      vertex 46.0175 21.2674 2.15
      vertex 46.1569 21.2057 2.15
    endloop
  endfacet
  facet normal 0 0 1
    outer loop
      vertex 46.2059 22.0708 2.15
      vertex 45.849 21.3115 2.15
      vertex 46.0175 21.2674 2.15
    endloop
  endfacet
  facet normal 0 0 1
    outer loop
      vertex 45.7555 22.1008 2.15
      vertex 45.849 21.3115 2.15
      vertex 46.2059 22.0708 2.15
    endloop
  endfacet
  facet normal 0 0 1
    outer loop
      vertex 45.7555 22.1008 2.15
      vertex 45.6514 21.3379 2.15
      vertex 45.849 21.3115 2.15
    endloop
  endfacet
  facet normal -0 0 1
    outer loop
      vertex 45.4407 22.0851 2.15
      vertex 45.6514 21.3379 2.15
      vertex 45.7555 22.1008 2.15
    endloop
  endfacet
  facet normal 0 0 1
    outer loop
      vertex 45.4407 22.0851 2.15
      vertex 45.4246 21.3467 2.15
      vertex 45.6514 21.3379 2.15
    endloop
  endfacet
  facet normal -0 0 1
    outer loop
      vertex 45.1526 22.0378 2.15
      vertex 45.4246 21.3467 2.15
      vertex 45.4407 22.0851 2.15
    endloop
  endfacet
  facet normal 0 0 1
    outer loop
      vertex 45.1526 22.0378 2.15
      vertex 45.0906 21.3166 2.15
      vertex 45.4246 21.3467 2.15
    endloop
  endfacet
  facet normal -0 0 1
    outer loop
      vertex 44.8914 21.9589 2.15
      vertex 45.0906 21.3166 2.15
      vertex 45.1526 22.0378 2.15
    endloop
  endfacet
  facet normal -0 0 1
    outer loop
      vertex 44.6569 21.8486 2.15
      vertex 45.0906 21.3166 2.15
      vertex 44.8914 21.9589 2.15
    endloop
  endfacet
  facet normal 0 0 1
    outer loop
      vertex 45.0906 21.3166 2.15
      vertex 44.6569 21.8486 2.15
      vertex 44.7939 21.226 2.15
    endloop
  endfacet
  facet normal -0 0 1
    outer loop
      vertex 44.4424 21.7002 2.15
      vertex 44.7939 21.226 2.15
      vertex 44.6569 21.8486 2.15
    endloop
  endfacet
  facet normal -0 0 1
    outer loop
      vertex 44.2412 21.5075 2.15
      vertex 44.7939 21.226 2.15
      vertex 44.4424 21.7002 2.15
    endloop
  endfacet
  facet normal 0 0 1
    outer loop
      vertex 44.7939 21.226 2.15
      vertex 44.2412 21.5075 2.15
      vertex 44.5346 21.0752 2.15
    endloop
  endfacet
  facet normal -0 0 1
    outer loop
      vertex 44.0533 21.2703 2.15
      vertex 44.5346 21.0752 2.15
      vertex 44.2412 21.5075 2.15
    endloop
  endfacet
  facet normal 0 0 1
    outer loop
      vertex 44.5346 21.0752 2.15
      vertex 44.0533 21.2703 2.15
      vertex 44.3125 20.8639 2.15
    endloop
  endfacet
  facet normal -0 0 1
    outer loop
      vertex 43.8785 20.9887 2.15
      vertex 44.3125 20.8639 2.15
      vertex 44.0533 21.2703 2.15
    endloop
  endfacet
  facet normal 0 0 1
    outer loop
      vertex 44.3125 20.8639 2.15
      vertex 43.8785 20.9887 2.15
      vertex 44.1345 20.5991 2.15
    endloop
  endfacet
  facet normal -0 0 1
    outer loop
      vertex 43.8622 20.9887 2.15
      vertex 44.1345 20.5991 2.15
      vertex 43.8785 20.9887 2.15
    endloop
  endfacet
  facet normal 0 0 1
    outer loop
      vertex 44.1345 20.5991 2.15
      vertex 43.8622 20.9887 2.15
      vertex 44.0073 20.2875 2.15
    endloop
  endfacet
  facet normal -0 0 1
    outer loop
      vertex 42.929 20.7391 2.15
      vertex 44.0073 20.2875 2.15
      vertex 43.8622 20.9887 2.15
    endloop
  endfacet
  facet normal 0 0 1
    outer loop
      vertex 44.0073 20.2875 2.15
      vertex 42.929 20.7391 2.15
      vertex 43.931 19.9292 2.15
    endloop
  endfacet
  facet normal 0 0 1
    outer loop
      vertex 43.931 19.9292 2.15
      vertex 42.929 20.7391 2.15
      vertex 43.9056 19.5239 2.15
    endloop
  endfacet
  facet normal 0 0 1
    outer loop
      vertex 42.927 21.202 2.15
      vertex 43.8622 20.9887 2.15
      vertex 43.8569 21.1859 2.15
    endloop
  endfacet
  facet normal -0 0 1
    outer loop
      vertex 42.927 21.202 2.15
      vertex 43.8569 21.1859 2.15
      vertex 43.852 21.3488 2.15
    endloop
  endfacet
  facet normal 0 0 1
    outer loop
      vertex 42.927 21.202 2.15
      vertex 43.852 21.3488 2.15
      vertex 43.8474 21.4774 2.15
    endloop
  endfacet
  facet normal 0 0 1
    outer loop
      vertex 42.927 21.202 2.15
      vertex 43.8474 21.4774 2.15
      vertex 43.8432 21.5719 2.15
    endloop
  endfacet
  facet normal 0 0 1
    outer loop
      vertex 42.927 21.202 2.15
      vertex 43.8432 21.5719 2.15
      vertex 43.8393 21.647 2.15
    endloop
  endfacet
  facet normal 0 0 1
    outer loop
      vertex 42.927 21.202 2.15
      vertex 43.8393 21.647 2.15
      vertex 43.8357 21.7177 2.15
    endloop
  endfacet
  facet normal 0 0 1
    outer loop
      vertex 42.927 21.202 2.15
      vertex 43.8357 21.7177 2.15
      vertex 43.8325 21.784 2.15
    endloop
  endfacet
  facet normal 0 0 1
    outer loop
      vertex 42.927 21.202 2.15
      vertex 43.8325 21.784 2.15
      vertex 43.8296 21.8459 2.15
    endloop
  endfacet
  facet normal 0 0 1
    outer loop
      vertex 42.927 21.202 2.15
      vertex 43.8296 21.8459 2.15
      vertex 43.8269 21.8998 2.15
    endloop
  endfacet
  facet normal 0 0 1
    outer loop
      vertex 42.927 21.202 2.15
      vertex 43.8269 21.8998 2.15
      vertex 43.8242 21.9422 2.15
    endloop
  endfacet
  facet normal 0 0 1
    outer loop
      vertex 43.8188 21.9923 2.15
      vertex 43.8242 21.9422 2.15
      vertex 43.8215 21.973 2.15
    endloop
  endfacet
  facet normal 0 0 1
    outer loop
      vertex 42.9108 21.8286 2.15
      vertex 43.8242 21.9422 2.15
      vertex 43.8188 21.9923 2.15
    endloop
  endfacet
  facet normal 0 0 1
    outer loop
      vertex 42.929 16.1225 2.15
      vertex 43.9056 19.5239 2.15
      vertex 42.929 20.7391 2.15
    endloop
  endfacet
  facet normal 0 0 1
    outer loop
      vertex 43.9056 19.5239 2.15
      vertex 42.929 16.1225 2.15
      vertex 43.9056 16.1225 2.15
    endloop
  endfacet
  facet normal -0 0 1
    outer loop
      vertex 46.6272 20.118 2.15
      vertex 47.6162 20.0339 2.15
      vertex 47.5883 20.5481 2.15
    endloop
  endfacet
  facet normal 0 0 1
    outer loop
      vertex 46.6272 20.118 2.15
      vertex 47.5883 20.5481 2.15
      vertex 47.5043 20.984 2.15
    endloop
  endfacet
  facet normal 0 0 1
    outer loop
      vertex 46.6272 20.118 2.15
      vertex 47.5043 20.984 2.15
      vertex 47.3645 21.3415 2.15
    endloop
  endfacet
  facet normal 0 0 1
    outer loop
      vertex 46.6272 20.118 2.15
      vertex 47.3645 21.3415 2.15
      vertex 47.1686 21.6207 2.15
    endloop
  endfacet
  facet normal 0 0 1
    outer loop
      vertex 46.3726 21.0199 2.15
      vertex 47.1686 21.6207 2.15
      vertex 46.9125 21.8308 2.15
    endloop
  endfacet
  facet normal 0 0 1
    outer loop
      vertex 47.6162 20.0339 2.15
      vertex 46.6343 19.844 2.15
      vertex 47.6162 16.1225 2.15
    endloop
  endfacet
  facet normal 0 0 1
    outer loop
      vertex 47.6162 16.1225 2.15
      vertex 46.6343 19.844 2.15
      vertex 46.6343 16.1225 2.15
    endloop
  endfacet
  facet normal 0 1 -0
    outer loop
      vertex 69.8184 24.1732 1.2
      vertex 68.8419 24.1732 2.15
      vertex 69.8184 24.1732 2.15
    endloop
  endfacet
  facet normal 0 1 0
    outer loop
      vertex 68.8419 24.1732 2.15
      vertex 69.8184 24.1732 1.2
      vertex 68.8419 24.1732 1.2
    endloop
  endfacet
  facet normal -1 0 0
    outer loop
      vertex 68.8419 16.1225 1.2
      vertex 68.8419 24.1732 2.15
      vertex 68.8419 24.1732 1.2
    endloop
  endfacet
  facet normal -1 -0 0
    outer loop
      vertex 68.8419 24.1732 2.15
      vertex 68.8419 16.1225 1.2
      vertex 68.8419 16.1225 2.15
    endloop
  endfacet
  facet normal 0 -1 0
    outer loop
      vertex 68.8419 16.1225 1.2
      vertex 69.8184 16.1225 2.15
      vertex 68.8419 16.1225 2.15
    endloop
  endfacet
  facet normal 0 -1 -0
    outer loop
      vertex 69.8184 16.1225 2.15
      vertex 68.8419 16.1225 1.2
      vertex 69.8184 16.1225 1.2
    endloop
  endfacet
  facet normal 1 -0 0
    outer loop
      vertex 69.8184 16.1225 2.15
      vertex 69.8184 24.1732 1.2
      vertex 69.8184 24.1732 2.15
    endloop
  endfacet
  facet normal 1 0 0
    outer loop
      vertex 69.8184 24.1732 1.2
      vertex 69.8184 16.1225 2.15
      vertex 69.8184 16.1225 1.2
    endloop
  endfacet
  facet normal 0 1 -0
    outer loop
      vertex 67.4077 24.1732 1.2
      vertex 66.4312 24.1732 2.15
      vertex 67.4077 24.1732 2.15
    endloop
  endfacet
  facet normal 0 1 0
    outer loop
      vertex 66.4312 24.1732 2.15
      vertex 67.4077 24.1732 1.2
      vertex 66.4312 24.1732 1.2
    endloop
  endfacet
  facet normal -1 0 0
    outer loop
      vertex 66.4312 16.1225 1.2
      vertex 66.4312 24.1732 2.15
      vertex 66.4312 24.1732 1.2
    endloop
  endfacet
  facet normal -1 -0 0
    outer loop
      vertex 66.4312 24.1732 2.15
      vertex 66.4312 16.1225 1.2
      vertex 66.4312 16.1225 2.15
    endloop
  endfacet
  facet normal 0 -1 0
    outer loop
      vertex 66.4312 16.1225 1.2
      vertex 67.4077 16.1225 2.15
      vertex 66.4312 16.1225 2.15
    endloop
  endfacet
  facet normal 0 -1 -0
    outer loop
      vertex 67.4077 16.1225 2.15
      vertex 66.4312 16.1225 1.2
      vertex 67.4077 16.1225 1.2
    endloop
  endfacet
  facet normal 1 -0 0
    outer loop
      vertex 67.4077 16.1225 2.15
      vertex 67.4077 24.1732 1.2
      vertex 67.4077 24.1732 2.15
    endloop
  endfacet
  facet normal 1 0 0
    outer loop
      vertex 67.4077 24.1732 1.2
      vertex 67.4077 16.1225 2.15
      vertex 67.4077 16.1225 1.2
    endloop
  endfacet
  facet normal 0.636598 -0.771196 0
    outer loop
      vertex 32.4238 18.2112 1.2
      vertex 33.14 18.8024 2.15
      vertex 32.4238 18.2112 2.15
    endloop
  endfacet
  facet normal 0.636598 -0.771196 0
    outer loop
      vertex 33.14 18.8024 2.15
      vertex 32.4238 18.2112 1.2
      vertex 33.14 18.8024 1.2
    endloop
  endfacet
  facet normal -0.803501 -0.595303 0
    outer loop
      vertex 35.1255 16.1225 1.2
      vertex 33.14 18.8024 2.15
      vertex 33.14 18.8024 1.2
    endloop
  endfacet
  facet normal -0.803501 -0.595303 0
    outer loop
      vertex 33.14 18.8024 2.15
      vertex 35.1255 16.1225 1.2
      vertex 35.1255 16.1225 2.15
    endloop
  endfacet
  facet normal 0 -1 0
    outer loop
      vertex 35.1255 16.1225 1.2
      vertex 36.2702 16.1225 2.15
      vertex 35.1255 16.1225 2.15
    endloop
  endfacet
  facet normal 0 -1 -0
    outer loop
      vertex 36.2702 16.1225 2.15
      vertex 35.1255 16.1225 1.2
      vertex 36.2702 16.1225 1.2
    endloop
  endfacet
  facet normal 0.800459 0.599388 0
    outer loop
      vertex 36.2702 16.1225 2.15
      vertex 33.7638 19.4697 1.2
      vertex 33.7638 19.4697 2.15
    endloop
  endfacet
  facet normal 0.800459 0.599388 0
    outer loop
      vertex 33.7638 19.4697 1.2
      vertex 36.2702 16.1225 2.15
      vertex 36.2702 16.1225 1.2
    endloop
  endfacet
  facet normal 0.727136 -0.686493 0
    outer loop
      vertex 33.7638 19.4697 2.15
      vertex 36.1454 21.9923 1.2
      vertex 36.1454 21.9923 2.15
    endloop
  endfacet
  facet normal 0.727136 -0.686493 0
    outer loop
      vertex 36.1454 21.9923 1.2
      vertex 33.7638 19.4697 2.15
      vertex 33.7638 19.4697 1.2
    endloop
  endfacet
  facet normal 0 1 -0
    outer loop
      vertex 36.1454 21.9923 1.2
      vertex 35.0007 21.9923 2.15
      vertex 36.1454 21.9923 2.15
    endloop
  endfacet
  facet normal 0 1 0
    outer loop
      vertex 35.0007 21.9923 2.15
      vertex 36.1454 21.9923 1.2
      vertex 35.0007 21.9923 1.2
    endloop
  endfacet
  facet normal -0.741518 0.670933 0
    outer loop
      vertex 32.4238 19.1443 1.2
      vertex 35.0007 21.9923 2.15
      vertex 35.0007 21.9923 1.2
    endloop
  endfacet
  facet normal -0.741518 0.670933 0
    outer loop
      vertex 35.0007 21.9923 2.15
      vertex 32.4238 19.1443 1.2
      vertex 32.4238 19.1443 2.15
    endloop
  endfacet
  facet normal 1 -0 0
    outer loop
      vertex 32.4238 19.1443 2.15
      vertex 32.4238 24.1732 1.2
      vertex 32.4238 24.1732 2.15
    endloop
  endfacet
  facet normal 1 0 0
    outer loop
      vertex 32.4238 24.1732 1.2
      vertex 32.4238 19.1443 2.15
      vertex 32.4238 19.1443 1.2
    endloop
  endfacet
  facet normal 0 1 -0
    outer loop
      vertex 32.4238 24.1732 1.2
      vertex 31.4474 24.1732 2.15
      vertex 32.4238 24.1732 2.15
    endloop
  endfacet
  facet normal 0 1 0
    outer loop
      vertex 31.4474 24.1732 2.15
      vertex 32.4238 24.1732 1.2
      vertex 31.4474 24.1732 1.2
    endloop
  endfacet
  facet normal -1 0 0
    outer loop
      vertex 31.4474 16.1225 1.2
      vertex 31.4474 24.1732 2.15
      vertex 31.4474 24.1732 1.2
    endloop
  endfacet
  facet normal -1 -0 0
    outer loop
      vertex 31.4474 24.1732 2.15
      vertex 31.4474 16.1225 1.2
      vertex 31.4474 16.1225 2.15
    endloop
  endfacet
  facet normal 0 -1 0
    outer loop
      vertex 31.4474 16.1225 1.2
      vertex 32.4238 16.1225 2.15
      vertex 31.4474 16.1225 2.15
    endloop
  endfacet
  facet normal 0 -1 -0
    outer loop
      vertex 32.4238 16.1225 2.15
      vertex 31.4474 16.1225 1.2
      vertex 32.4238 16.1225 1.2
    endloop
  endfacet
  facet normal 1 -0 0
    outer loop
      vertex 32.4238 16.1225 2.15
      vertex 32.4238 18.2112 1.2
      vertex 32.4238 18.2112 2.15
    endloop
  endfacet
  facet normal 1 0 0
    outer loop
      vertex 32.4238 18.2112 1.2
      vertex 32.4238 16.1225 2.15
      vertex 32.4238 16.1225 1.2
    endloop
  endfacet
  facet normal 0.171581 -0.98517 0
    outer loop
      vertex 15.8446 16.0503 1.2
      vertex 16.4693 16.1591 2.15
      vertex 15.8446 16.0503 2.15
    endloop
  endfacet
  facet normal 0.171581 -0.98517 0
    outer loop
      vertex 16.4693 16.1591 2.15
      vertex 15.8446 16.0503 1.2
      vertex 16.4693 16.1591 1.2
    endloop
  endfacet
  facet normal 0.31828 -0.947997 0
    outer loop
      vertex 16.4693 16.1591 1.2
      vertex 17.0096 16.3405 2.15
      vertex 16.4693 16.1591 2.15
    endloop
  endfacet
  facet normal 0.31828 -0.947997 0
    outer loop
      vertex 17.0096 16.3405 2.15
      vertex 16.4693 16.1591 1.2
      vertex 17.0096 16.3405 1.2
    endloop
  endfacet
  facet normal 0.486782 -0.873524 0
    outer loop
      vertex 17.0096 16.3405 1.2
      vertex 17.4654 16.5945 2.15
      vertex 17.0096 16.3405 2.15
    endloop
  endfacet
  facet normal 0.486782 -0.873524 0
    outer loop
      vertex 17.4654 16.5945 2.15
      vertex 17.0096 16.3405 1.2
      vertex 17.4654 16.5945 1.2
    endloop
  endfacet
  facet normal 0.662422 -0.749131 0
    outer loop
      vertex 17.4654 16.5945 1.2
      vertex 17.8274 16.9146 2.15
      vertex 17.4654 16.5945 2.15
    endloop
  endfacet
  facet normal 0.662422 -0.749131 0
    outer loop
      vertex 17.8274 16.9146 2.15
      vertex 17.4654 16.5945 1.2
      vertex 17.8274 16.9146 1.2
    endloop
  endfacet
  facet normal 0.826517 -0.562911 0
    outer loop
      vertex 17.8274 16.9146 2.15
      vertex 18.086 17.2943 1.2
      vertex 18.086 17.2943 2.15
    endloop
  endfacet
  facet normal 0.826517 -0.562911 0
    outer loop
      vertex 18.086 17.2943 1.2
      vertex 17.8274 16.9146 2.15
      vertex 17.8274 16.9146 1.2
    endloop
  endfacet
  facet normal 0.942978 -0.332854 0
    outer loop
      vertex 18.086 17.2943 2.15
      vertex 18.2411 17.7337 1.2
      vertex 18.2411 17.7337 2.15
    endloop
  endfacet
  facet normal 0.942978 -0.332854 0
    outer loop
      vertex 18.2411 17.7337 1.2
      vertex 18.086 17.2943 2.15
      vertex 18.086 17.2943 1.2
    endloop
  endfacet
  facet normal 0.994678 -0.103035 0
    outer loop
      vertex 18.2411 17.7337 2.15
      vertex 18.2928 18.2328 1.2
      vertex 18.2928 18.2328 2.15
    endloop
  endfacet
  facet normal 0.994678 -0.103035 0
    outer loop
      vertex 18.2928 18.2328 1.2
      vertex 18.2411 17.7337 2.15
      vertex 18.2411 17.7337 1.2
    endloop
  endfacet
  facet normal 0.999348 0.0360972 0
    outer loop
      vertex 18.2928 18.2328 2.15
      vertex 18.2855 18.4349 1.2
      vertex 18.2855 18.4349 2.15
    endloop
  endfacet
  facet normal 0.999348 0.0360972 0
    outer loop
      vertex 18.2855 18.4349 1.2
      vertex 18.2928 18.2328 2.15
      vertex 18.2928 18.2328 1.2
    endloop
  endfacet
  facet normal 0.993319 0.115404 0
    outer loop
      vertex 18.2855 18.4349 2.15
      vertex 18.2636 18.6234 1.2
      vertex 18.2636 18.6234 2.15
    endloop
  endfacet
  facet normal 0.993319 0.115404 0
    outer loop
      vertex 18.2636 18.6234 1.2
      vertex 18.2855 18.4349 2.15
      vertex 18.2855 18.4349 1.2
    endloop
  endfacet
  facet normal 0.979046 0.203641 0
    outer loop
      vertex 18.2636 18.6234 2.15
      vertex 18.2272 18.7984 1.2
      vertex 18.2272 18.7984 2.15
    endloop
  endfacet
  facet normal 0.979046 0.203641 0
    outer loop
      vertex 18.2272 18.7984 1.2
      vertex 18.2636 18.6234 2.15
      vertex 18.2636 18.6234 1.2
    endloop
  endfacet
  facet normal 0.953529 0.301301 0
    outer loop
      vertex 18.2272 18.7984 2.15
      vertex 18.1762 18.9598 1.2
      vertex 18.1762 18.9598 2.15
    endloop
  endfacet
  facet normal 0.953529 0.301301 0
    outer loop
      vertex 18.1762 18.9598 1.2
      vertex 18.2272 18.7984 2.15
      vertex 18.2272 18.7984 1.2
    endloop
  endfacet
  facet normal 0.919304 0.393548 0
    outer loop
      vertex 18.1762 18.9598 2.15
      vertex 18.1122 19.1093 1.2
      vertex 18.1122 19.1093 2.15
    endloop
  endfacet
  facet normal 0.919304 0.393548 0
    outer loop
      vertex 18.1122 19.1093 1.2
      vertex 18.1762 18.9598 2.15
      vertex 18.1762 18.9598 1.2
    endloop
  endfacet
  facet normal 0.880228 0.474552 0
    outer loop
      vertex 18.1122 19.1093 2.15
      vertex 18.0371 19.2486 1.2
      vertex 18.0371 19.2486 2.15
    endloop
  endfacet
  facet normal 0.880228 0.474552 0
    outer loop
      vertex 18.0371 19.2486 1.2
      vertex 18.1122 19.1093 2.15
      vertex 18.1122 19.1093 1.2
    endloop
  endfacet
  facet normal 0.831555 0.555443 0
    outer loop
      vertex 18.0371 19.2486 2.15
      vertex 17.9508 19.3778 1.2
      vertex 17.9508 19.3778 2.15
    endloop
  endfacet
  facet normal 0.831555 0.555443 0
    outer loop
      vertex 17.9508 19.3778 1.2
      vertex 18.0371 19.2486 2.15
      vertex 18.0371 19.2486 1.2
    endloop
  endfacet
  facet normal 0.773841 0.633379 0
    outer loop
      vertex 17.9508 19.3778 2.15
      vertex 17.8534 19.4968 1.2
      vertex 17.8534 19.4968 2.15
    endloop
  endfacet
  facet normal 0.773841 0.633379 0
    outer loop
      vertex 17.8534 19.4968 1.2
      vertex 17.9508 19.3778 2.15
      vertex 17.9508 19.3778 1.2
    endloop
  endfacet
  facet normal 0.713262 0.700897 0
    outer loop
      vertex 17.8534 19.4968 2.15
      vertex 17.7457 19.6064 1.2
      vertex 17.7457 19.6064 2.15
    endloop
  endfacet
  facet normal 0.713262 0.700897 0
    outer loop
      vertex 17.7457 19.6064 1.2
      vertex 17.8534 19.4968 2.15
      vertex 17.8534 19.4968 1.2
    endloop
  endfacet
  facet normal 0.652978 0.757377 -0
    outer loop
      vertex 17.7457 19.6064 1.2
      vertex 17.6289 19.7071 2.15
      vertex 17.7457 19.6064 2.15
    endloop
  endfacet
  facet normal 0.652978 0.757377 0
    outer loop
      vertex 17.6289 19.7071 2.15
      vertex 17.7457 19.6064 1.2
      vertex 17.6289 19.7071 1.2
    endloop
  endfacet
  facet normal 0.589277 0.807931 -0
    outer loop
      vertex 17.6289 19.7071 1.2
      vertex 17.5029 19.799 2.15
      vertex 17.6289 19.7071 2.15
    endloop
  endfacet
  facet normal 0.589277 0.807931 0
    outer loop
      vertex 17.5029 19.799 2.15
      vertex 17.6289 19.7071 1.2
      vertex 17.5029 19.799 1.2
    endloop
  endfacet
  facet normal 0.523464 0.852048 -0
    outer loop
      vertex 17.5029 19.799 1.2
      vertex 17.3678 19.882 2.15
      vertex 17.5029 19.799 2.15
    endloop
  endfacet
  facet normal 0.523464 0.852048 0
    outer loop
      vertex 17.3678 19.882 2.15
      vertex 17.5029 19.799 1.2
      vertex 17.3678 19.882 1.2
    endloop
  endfacet
  facet normal 0.472067 0.881563 -0
    outer loop
      vertex 17.3678 19.882 1.2
      vertex 17.2255 19.9582 2.15
      vertex 17.3678 19.882 2.15
    endloop
  endfacet
  facet normal 0.472067 0.881563 0
    outer loop
      vertex 17.2255 19.9582 2.15
      vertex 17.3678 19.882 1.2
      vertex 17.2255 19.9582 1.2
    endloop
  endfacet
  facet normal 0.434202 0.900816 -0
    outer loop
      vertex 17.2255 19.9582 1.2
      vertex 17.0782 20.0292 2.15
      vertex 17.2255 19.9582 2.15
    endloop
  endfacet
  facet normal 0.434202 0.900816 0
    outer loop
      vertex 17.0782 20.0292 2.15
      vertex 17.2255 19.9582 1.2
      vertex 17.0782 20.0292 1.2
    endloop
  endfacet
  facet normal 0.397405 0.917643 -0
    outer loop
      vertex 17.0782 20.0292 1.2
      vertex 16.9258 20.0952 2.15
      vertex 17.0782 20.0292 2.15
    endloop
  endfacet
  facet normal 0.397405 0.917643 0
    outer loop
      vertex 16.9258 20.0952 2.15
      vertex 17.0782 20.0292 1.2
      vertex 16.9258 20.0952 1.2
    endloop
  endfacet
  facet normal 0.36013 0.932902 -0
    outer loop
      vertex 16.9258 20.0952 1.2
      vertex 16.7683 20.156 2.15
      vertex 16.9258 20.0952 2.15
    endloop
  endfacet
  facet normal 0.36013 0.932902 0
    outer loop
      vertex 16.7683 20.156 2.15
      vertex 16.9258 20.0952 1.2
      vertex 16.7683 20.156 1.2
    endloop
  endfacet
  facet normal 0.328453 0.94452 -0
    outer loop
      vertex 16.7683 20.156 1.2
      vertex 16.6064 20.2123 2.15
      vertex 16.7683 20.156 2.15
    endloop
  endfacet
  facet normal 0.328453 0.94452 0
    outer loop
      vertex 16.6064 20.2123 2.15
      vertex 16.7683 20.156 1.2
      vertex 16.6064 20.2123 1.2
    endloop
  endfacet
  facet normal 0.300635 0.953739 -0
    outer loop
      vertex 16.6064 20.2123 1.2
      vertex 16.4408 20.2645 2.15
      vertex 16.6064 20.2123 2.15
    endloop
  endfacet
  facet normal 0.300635 0.953739 0
    outer loop
      vertex 16.4408 20.2645 2.15
      vertex 16.6064 20.2123 1.2
      vertex 16.4408 20.2645 1.2
    endloop
  endfacet
  facet normal 0.273671 0.961823 -0
    outer loop
      vertex 16.4408 20.2645 1.2
      vertex 16.2714 20.3127 2.15
      vertex 16.4408 20.2645 2.15
    endloop
  endfacet
  facet normal 0.273671 0.961823 0
    outer loop
      vertex 16.2714 20.3127 2.15
      vertex 16.4408 20.2645 1.2
      vertex 16.2714 20.3127 1.2
    endloop
  endfacet
  facet normal 0.246354 0.96918 -0
    outer loop
      vertex 16.2714 20.3127 1.2
      vertex 16.0983 20.3567 2.15
      vertex 16.2714 20.3127 2.15
    endloop
  endfacet
  facet normal 0.246354 0.96918 0
    outer loop
      vertex 16.0983 20.3567 2.15
      vertex 16.2714 20.3127 1.2
      vertex 16.0983 20.3567 1.2
    endloop
  endfacet
  facet normal 0.232722 0.972543 -0
    outer loop
      vertex 16.0983 20.3567 1.2
      vertex 15.9232 20.3986 2.15
      vertex 16.0983 20.3567 2.15
    endloop
  endfacet
  facet normal 0.232722 0.972543 0
    outer loop
      vertex 15.9232 20.3986 2.15
      vertex 16.0983 20.3567 1.2
      vertex 15.9232 20.3986 1.2
    endloop
  endfacet
  facet normal 0.230121 0.973162 -0
    outer loop
      vertex 15.9232 20.3986 1.2
      vertex 15.7477 20.4401 2.15
      vertex 15.9232 20.3986 2.15
    endloop
  endfacet
  facet normal 0.230121 0.973162 0
    outer loop
      vertex 15.7477 20.4401 2.15
      vertex 15.9232 20.3986 1.2
      vertex 15.7477 20.4401 1.2
    endloop
  endfacet
  facet normal 0.228175 0.97362 -0
    outer loop
      vertex 15.7477 20.4401 1.2
      vertex 15.5719 20.4813 2.15
      vertex 15.7477 20.4401 2.15
    endloop
  endfacet
  facet normal 0.228175 0.97362 0
    outer loop
      vertex 15.5719 20.4813 2.15
      vertex 15.7477 20.4401 1.2
      vertex 15.5719 20.4813 1.2
    endloop
  endfacet
  facet normal 0.226233 0.974073 -0
    outer loop
      vertex 15.5719 20.4813 1.2
      vertex 15.3958 20.5222 2.15
      vertex 15.5719 20.4813 2.15
    endloop
  endfacet
  facet normal 0.226233 0.974073 0
    outer loop
      vertex 15.3958 20.5222 2.15
      vertex 15.5719 20.4813 1.2
      vertex 15.3958 20.5222 1.2
    endloop
  endfacet
  facet normal 0.226113 0.974101 -0
    outer loop
      vertex 15.3958 20.5222 1.2
      vertex 14.9133 20.6342 2.15
      vertex 15.3958 20.5222 2.15
    endloop
  endfacet
  facet normal 0.226113 0.974101 0
    outer loop
      vertex 14.9133 20.6342 2.15
      vertex 15.3958 20.5222 1.2
      vertex 14.9133 20.6342 1.2
    endloop
  endfacet
  facet normal 0.252093 0.967703 -0
    outer loop
      vertex 14.9133 20.6342 1.2
      vertex 14.5183 20.7371 2.15
      vertex 14.9133 20.6342 2.15
    endloop
  endfacet
  facet normal 0.252093 0.967703 0
    outer loop
      vertex 14.5183 20.7371 2.15
      vertex 14.9133 20.6342 1.2
      vertex 14.5183 20.7371 1.2
    endloop
  endfacet
  facet normal 0.291768 0.956489 -0
    outer loop
      vertex 14.5183 20.7371 1.2
      vertex 14.2108 20.8309 2.15
      vertex 14.5183 20.7371 2.15
    endloop
  endfacet
  facet normal 0.291768 0.956489 0
    outer loop
      vertex 14.2108 20.8309 2.15
      vertex 14.5183 20.7371 1.2
      vertex 14.2108 20.8309 1.2
    endloop
  endfacet
  facet normal 0.35878 0.933422 -0
    outer loop
      vertex 14.2108 20.8309 1.2
      vertex 13.9907 20.9155 2.15
      vertex 14.2108 20.8309 2.15
    endloop
  endfacet
  facet normal 0.35878 0.933422 0
    outer loop
      vertex 13.9907 20.9155 2.15
      vertex 14.2108 20.8309 1.2
      vertex 13.9907 20.9155 1.2
    endloop
  endfacet
  facet normal 0.453218 0.8914 -0
    outer loop
      vertex 13.9907 20.9155 1.2
      vertex 13.8247 20.9999 2.15
      vertex 13.9907 20.9155 2.15
    endloop
  endfacet
  facet normal 0.453218 0.8914 0
    outer loop
      vertex 13.8247 20.9999 2.15
      vertex 13.9907 20.9155 1.2
      vertex 13.8247 20.9999 1.2
    endloop
  endfacet
  facet normal 0.540318 0.841461 -0
    outer loop
      vertex 13.8247 20.9999 1.2
      vertex 13.6794 21.0932 2.15
      vertex 13.8247 20.9999 2.15
    endloop
  endfacet
  facet normal 0.540318 0.841461 0
    outer loop
      vertex 13.6794 21.0932 2.15
      vertex 13.8247 20.9999 1.2
      vertex 13.6794 21.0932 1.2
    endloop
  endfacet
  facet normal 0.633441 0.773791 -0
    outer loop
      vertex 13.6794 21.0932 1.2
      vertex 13.5548 21.1952 2.15
      vertex 13.6794 21.0932 2.15
    endloop
  endfacet
  facet normal 0.633441 0.773791 0
    outer loop
      vertex 13.5548 21.1952 2.15
      vertex 13.6794 21.0932 1.2
      vertex 13.5548 21.1952 1.2
    endloop
  endfacet
  facet normal 0.729763 0.6837 0
    outer loop
      vertex 13.5548 21.1952 2.15
      vertex 13.4509 21.3061 1.2
      vertex 13.4509 21.3061 2.15
    endloop
  endfacet
  facet normal 0.729763 0.6837 0
    outer loop
      vertex 13.4509 21.3061 1.2
      vertex 13.5548 21.1952 2.15
      vertex 13.5548 21.1952 1.2
    endloop
  endfacet
  facet normal 0.832154 0.554544 0
    outer loop
      vertex 13.4509 21.3061 2.15
      vertex 13.369 21.429 1.2
      vertex 13.369 21.429 2.15
    endloop
  endfacet
  facet normal 0.832154 0.554544 0
    outer loop
      vertex 13.369 21.429 1.2
      vertex 13.4509 21.3061 2.15
      vertex 13.4509 21.3061 1.2
    endloop
  endfacet
  facet normal 0.920894 0.389814 0
    outer loop
      vertex 13.369 21.429 2.15
      vertex 13.3105 21.5672 1.2
      vertex 13.3105 21.5672 2.15
    endloop
  endfacet
  facet normal 0.920894 0.389814 0
    outer loop
      vertex 13.3105 21.5672 1.2
      vertex 13.369 21.429 2.15
      vertex 13.369 21.429 1.2
    endloop
  endfacet
  facet normal 0.974945 0.222445 0
    outer loop
      vertex 13.3105 21.5672 2.15
      vertex 13.2755 21.7206 1.2
      vertex 13.2755 21.7206 2.15
    endloop
  endfacet
  facet normal 0.974945 0.222445 0
    outer loop
      vertex 13.2755 21.7206 1.2
      vertex 13.3105 21.5672 2.15
      vertex 13.3105 21.5672 1.2
    endloop
  endfacet
  facet normal 0.997604 0.0691877 0
    outer loop
      vertex 13.2755 21.7206 2.15
      vertex 13.2638 21.8893 1.2
      vertex 13.2638 21.8893 2.15
    endloop
  endfacet
  facet normal 0.997604 0.0691877 0
    outer loop
      vertex 13.2638 21.8893 1.2
      vertex 13.2755 21.7206 2.15
      vertex 13.2755 21.7206 1.2
    endloop
  endfacet
  facet normal 0.994368 -0.105986 0
    outer loop
      vertex 13.2638 21.8893 2.15
      vertex 13.2939 22.1717 1.2
      vertex 13.2939 22.1717 2.15
    endloop
  endfacet
  facet normal 0.994368 -0.105986 0
    outer loop
      vertex 13.2939 22.1717 1.2
      vertex 13.2638 21.8893 2.15
      vertex 13.2638 21.8893 1.2
    endloop
  endfacet
  facet normal 0.938016 -0.346592 0
    outer loop
      vertex 13.2939 22.1717 2.15
      vertex 13.3845 22.4169 1.2
      vertex 13.3845 22.4169 2.15
    endloop
  endfacet
  facet normal 0.938016 -0.346592 0
    outer loop
      vertex 13.3845 22.4169 1.2
      vertex 13.2939 22.1717 2.15
      vertex 13.2939 22.1717 1.2
    endloop
  endfacet
  facet normal 0.809342 -0.587338 0
    outer loop
      vertex 13.3845 22.4169 2.15
      vertex 13.5353 22.6247 1.2
      vertex 13.5353 22.6247 2.15
    endloop
  endfacet
  facet normal 0.809342 -0.587338 0
    outer loop
      vertex 13.5353 22.6247 1.2
      vertex 13.3845 22.4169 2.15
      vertex 13.3845 22.4169 1.2
    endloop
  endfacet
  facet normal 0.627968 -0.778239 0
    outer loop
      vertex 13.5353 22.6247 1.2
      vertex 13.7466 22.7952 2.15
      vertex 13.5353 22.6247 2.15
    endloop
  endfacet
  facet normal 0.627968 -0.778239 0
    outer loop
      vertex 13.7466 22.7952 2.15
      vertex 13.5353 22.6247 1.2
      vertex 13.7466 22.7952 1.2
    endloop
  endfacet
  facet normal 0.443605 -0.896222 0
    outer loop
      vertex 13.7466 22.7952 1.2
      vertex 14.0151 22.9281 2.15
      vertex 13.7466 22.7952 2.15
    endloop
  endfacet
  facet normal 0.443605 -0.896222 0
    outer loop
      vertex 14.0151 22.9281 2.15
      vertex 13.7466 22.7952 1.2
      vertex 14.0151 22.9281 1.2
    endloop
  endfacet
  facet normal 0.282327 -0.959318 0
    outer loop
      vertex 14.0151 22.9281 1.2
      vertex 14.3379 23.0231 2.15
      vertex 14.0151 22.9281 2.15
    endloop
  endfacet
  facet normal 0.282327 -0.959318 0
    outer loop
      vertex 14.3379 23.0231 2.15
      vertex 14.0151 22.9281 1.2
      vertex 14.3379 23.0231 1.2
    endloop
  endfacet
  facet normal 0.149456 -0.988768 0
    outer loop
      vertex 14.3379 23.0231 1.2
      vertex 14.715 23.0801 2.15
      vertex 14.3379 23.0231 2.15
    endloop
  endfacet
  facet normal 0.149456 -0.988768 0
    outer loop
      vertex 14.715 23.0801 2.15
      vertex 14.3379 23.0231 1.2
      vertex 14.715 23.0801 1.2
    endloop
  endfacet
  facet normal 0.0437891 -0.999041 0
    outer loop
      vertex 14.715 23.0801 1.2
      vertex 15.1462 23.099 2.15
      vertex 14.715 23.0801 2.15
    endloop
  endfacet
  facet normal 0.0437891 -0.999041 0
    outer loop
      vertex 15.1462 23.099 2.15
      vertex 14.715 23.0801 1.2
      vertex 15.1462 23.099 1.2
    endloop
  endfacet
  facet normal -0.0432506 -0.999064 0
    outer loop
      vertex 15.1462 23.099 1.2
      vertex 15.5412 23.0819 2.15
      vertex 15.1462 23.099 2.15
    endloop
  endfacet
  facet normal -0.0432506 -0.999064 -0
    outer loop
      vertex 15.5412 23.0819 2.15
      vertex 15.1462 23.099 1.2
      vertex 15.5412 23.0819 1.2
    endloop
  endfacet
  facet normal -0.145461 -0.989364 0
    outer loop
      vertex 15.5412 23.0819 1.2
      vertex 15.8908 23.0305 2.15
      vertex 15.5412 23.0819 2.15
    endloop
  endfacet
  facet normal -0.145461 -0.989364 -0
    outer loop
      vertex 15.8908 23.0305 2.15
      vertex 15.5412 23.0819 1.2
      vertex 15.8908 23.0305 1.2
    endloop
  endfacet
  facet normal -0.270874 -0.962615 0
    outer loop
      vertex 15.8908 23.0305 1.2
      vertex 16.195 22.9449 2.15
      vertex 15.8908 23.0305 2.15
    endloop
  endfacet
  facet normal -0.270874 -0.962615 -0
    outer loop
      vertex 16.195 22.9449 2.15
      vertex 15.8908 23.0305 1.2
      vertex 16.195 22.9449 1.2
    endloop
  endfacet
  facet normal -0.420215 -0.907425 0
    outer loop
      vertex 16.195 22.9449 1.2
      vertex 16.4537 22.8251 2.15
      vertex 16.195 22.9449 2.15
    endloop
  endfacet
  facet normal -0.420215 -0.907425 -0
    outer loop
      vertex 16.4537 22.8251 2.15
      vertex 16.195 22.9449 1.2
      vertex 16.4537 22.8251 1.2
    endloop
  endfacet
  facet normal -0.588371 -0.808591 0
    outer loop
      vertex 16.4537 22.8251 1.2
      vertex 16.6707 22.6672 2.15
      vertex 16.4537 22.8251 2.15
    endloop
  endfacet
  facet normal -0.588371 -0.808591 -0
    outer loop
      vertex 16.6707 22.6672 2.15
      vertex 16.4537 22.8251 1.2
      vertex 16.6707 22.6672 1.2
    endloop
  endfacet
  facet normal -0.744314 -0.66783 0
    outer loop
      vertex 16.8497 22.4677 1.2
      vertex 16.6707 22.6672 2.15
      vertex 16.6707 22.6672 1.2
    endloop
  endfacet
  facet normal -0.744314 -0.66783 0
    outer loop
      vertex 16.6707 22.6672 2.15
      vertex 16.8497 22.4677 1.2
      vertex 16.8497 22.4677 2.15
    endloop
  endfacet
  facet normal -0.863155 -0.504939 0
    outer loop
      vertex 16.9908 22.2265 1.2
      vertex 16.8497 22.4677 2.15
      vertex 16.8497 22.4677 1.2
    endloop
  endfacet
  facet normal -0.863155 -0.504939 0
    outer loop
      vertex 16.8497 22.4677 2.15
      vertex 16.9908 22.2265 1.2
      vertex 16.9908 22.2265 2.15
    endloop
  endfacet
  facet normal -0.939696 -0.34201 0
    outer loop
      vertex 17.0938 21.9435 1.2
      vertex 16.9908 22.2265 2.15
      vertex 16.9908 22.2265 1.2
    endloop
  endfacet
  facet normal -0.939696 -0.34201 0
    outer loop
      vertex 16.9908 22.2265 2.15
      vertex 17.0938 21.9435 1.2
      vertex 17.0938 21.9435 2.15
    endloop
  endfacet
  facet normal 0.172942 -0.984932 0
    outer loop
      vertex 17.0938 21.9435 1.2
      vertex 18.1138 22.1226 2.15
      vertex 17.0938 21.9435 2.15
    endloop
  endfacet
  facet normal 0.172942 -0.984932 0
    outer loop
      vertex 18.1138 22.1226 2.15
      vertex 17.0938 21.9435 1.2
      vertex 18.1138 22.1226 1.2
    endloop
  endfacet
  facet normal 0.93817 0.346174 0
    outer loop
      vertex 18.1138 22.1226 2.15
      vertex 17.9496 22.5676 1.2
      vertex 17.9496 22.5676 2.15
    endloop
  endfacet
  facet normal 0.93817 0.346174 0
    outer loop
      vertex 17.9496 22.5676 1.2
      vertex 18.1138 22.1226 2.15
      vertex 18.1138 22.1226 1.2
    endloop
  endfacet
  facet normal 0.866816 0.498628 0
    outer loop
      vertex 17.9496 22.5676 2.15
      vertex 17.734 22.9424 1.2
      vertex 17.734 22.9424 2.15
    endloop
  endfacet
  facet normal 0.866816 0.498628 0
    outer loop
      vertex 17.734 22.9424 1.2
      vertex 17.9496 22.5676 2.15
      vertex 17.9496 22.5676 1.2
    endloop
  endfacet
  facet normal 0.751751 0.659448 0
    outer loop
      vertex 17.734 22.9424 2.15
      vertex 17.4668 23.247 1.2
      vertex 17.4668 23.247 2.15
    endloop
  endfacet
  facet normal 0.751751 0.659448 0
    outer loop
      vertex 17.4668 23.247 1.2
      vertex 17.734 22.9424 2.15
      vertex 17.734 22.9424 1.2
    endloop
  endfacet
  facet normal 0.592492 0.805576 -0
    outer loop
      vertex 17.4668 23.247 1.2
      vertex 17.1481 23.4814 2.15
      vertex 17.4668 23.247 2.15
    endloop
  endfacet
  facet normal 0.592492 0.805576 0
    outer loop
      vertex 17.1481 23.4814 2.15
      vertex 17.4668 23.247 1.2
      vertex 17.1481 23.4814 1.2
    endloop
  endfacet
  facet normal 0.414788 0.909918 -0
    outer loop
      vertex 17.1481 23.4814 1.2
      vertex 16.7653 23.6559 2.15
      vertex 17.1481 23.4814 2.15
    endloop
  endfacet
  facet normal 0.414788 0.909918 0
    outer loop
      vertex 16.7653 23.6559 2.15
      vertex 17.1481 23.4814 1.2
      vertex 16.7653 23.6559 1.2
    endloop
  endfacet
  facet normal 0.261766 0.965131 -0
    outer loop
      vertex 16.7653 23.6559 1.2
      vertex 16.3059 23.7805 2.15
      vertex 16.7653 23.6559 2.15
    endloop
  endfacet
  facet normal 0.261766 0.965131 0
    outer loop
      vertex 16.3059 23.7805 2.15
      vertex 16.7653 23.6559 1.2
      vertex 16.3059 23.7805 1.2
    endloop
  endfacet
  facet normal 0.138188 0.990406 -0
    outer loop
      vertex 16.3059 23.7805 1.2
      vertex 15.7698 23.8553 2.15
      vertex 16.3059 23.7805 2.15
    endloop
  endfacet
  facet normal 0.138188 0.990406 0
    outer loop
      vertex 15.7698 23.8553 2.15
      vertex 16.3059 23.7805 1.2
      vertex 15.7698 23.8553 1.2
    endloop
  endfacet
  facet normal 0.0406063 0.999175 -0
    outer loop
      vertex 15.7698 23.8553 1.2
      vertex 15.1571 23.8802 2.15
      vertex 15.7698 23.8553 2.15
    endloop
  endfacet
  facet normal 0.0406063 0.999175 0
    outer loop
      vertex 15.1571 23.8802 2.15
      vertex 15.7698 23.8553 1.2
      vertex 15.1571 23.8802 1.2
    endloop
  endfacet
  facet normal -0.0502927 0.998735 0
    outer loop
      vertex 15.1571 23.8802 1.2
      vertex 14.4978 23.847 2.15
      vertex 15.1571 23.8802 2.15
    endloop
  endfacet
  facet normal -0.0502927 0.998735 0
    outer loop
      vertex 14.4978 23.847 2.15
      vertex 15.1571 23.8802 1.2
      vertex 14.4978 23.847 1.2
    endloop
  endfacet
  facet normal -0.169896 0.985462 0
    outer loop
      vertex 14.4978 23.847 1.2
      vertex 13.9195 23.7473 2.15
      vertex 14.4978 23.847 2.15
    endloop
  endfacet
  facet normal -0.169896 0.985462 0
    outer loop
      vertex 13.9195 23.7473 2.15
      vertex 14.4978 23.847 1.2
      vertex 13.9195 23.7473 1.2
    endloop
  endfacet
  facet normal -0.316857 0.948473 0
    outer loop
      vertex 13.9195 23.7473 1.2
      vertex 13.4223 23.5812 2.15
      vertex 13.9195 23.7473 2.15
    endloop
  endfacet
  facet normal -0.316857 0.948473 0
    outer loop
      vertex 13.4223 23.5812 2.15
      vertex 13.9195 23.7473 1.2
      vertex 13.4223 23.5812 1.2
    endloop
  endfacet
  facet normal -0.48785 0.872928 0
    outer loop
      vertex 13.4223 23.5812 1.2
      vertex 13.0061 23.3486 2.15
      vertex 13.4223 23.5812 2.15
    endloop
  endfacet
  facet normal -0.48785 0.872928 0
    outer loop
      vertex 13.0061 23.3486 2.15
      vertex 13.4223 23.5812 1.2
      vertex 13.0061 23.3486 1.2
    endloop
  endfacet
  facet normal -0.666669 0.745354 0
    outer loop
      vertex 13.0061 23.3486 1.2
      vertex 12.6774 23.0546 2.15
      vertex 13.0061 23.3486 2.15
    endloop
  endfacet
  facet normal -0.666669 0.745354 0
    outer loop
      vertex 12.6774 23.0546 2.15
      vertex 13.0061 23.3486 1.2
      vertex 12.6774 23.0546 1.2
    endloop
  endfacet
  facet normal -0.830588 0.556888 0
    outer loop
      vertex 12.4426 22.7044 1.2
      vertex 12.6774 23.0546 2.15
      vertex 12.6774 23.0546 1.2
    endloop
  endfacet
  facet normal -0.830588 0.556888 0
    outer loop
      vertex 12.6774 23.0546 2.15
      vertex 12.4426 22.7044 1.2
      vertex 12.4426 22.7044 2.15
    endloop
  endfacet
  facet normal -0.944851 0.327502 0
    outer loop
      vertex 12.3017 22.2979 1.2
      vertex 12.4426 22.7044 2.15
      vertex 12.4426 22.7044 1.2
    endloop
  endfacet
  facet normal -0.944851 0.327502 0
    outer loop
      vertex 12.4426 22.7044 2.15
      vertex 12.3017 22.2979 1.2
      vertex 12.3017 22.2979 2.15
    endloop
  endfacet
  facet normal -0.994883 0.101036 0
    outer loop
      vertex 12.2547 21.8351 1.2
      vertex 12.3017 22.2979 2.15
      vertex 12.3017 22.2979 1.2
    endloop
  endfacet
  facet normal -0.994883 0.101036 0
    outer loop
      vertex 12.3017 22.2979 2.15
      vertex 12.2547 21.8351 1.2
      vertex 12.2547 21.8351 2.15
    endloop
  endfacet
  facet normal -0.999068 -0.0431666 0
    outer loop
      vertex 12.2637 21.6268 1.2
      vertex 12.2547 21.8351 2.15
      vertex 12.2547 21.8351 1.2
    endloop
  endfacet
  facet normal -0.999068 -0.0431666 0
    outer loop
      vertex 12.2547 21.8351 2.15
      vertex 12.2637 21.6268 1.2
      vertex 12.2637 21.6268 2.15
    endloop
  endfacet
  facet normal -0.990713 -0.13597 0
    outer loop
      vertex 12.2906 21.4308 1.2
      vertex 12.2637 21.6268 2.15
      vertex 12.2637 21.6268 1.2
    endloop
  endfacet
  facet normal -0.990713 -0.13597 0
    outer loop
      vertex 12.2637 21.6268 2.15
      vertex 12.2906 21.4308 1.2
      vertex 12.2906 21.4308 2.15
    endloop
  endfacet
  facet normal -0.971312 -0.237808 0
    outer loop
      vertex 12.3356 21.247 1.2
      vertex 12.2906 21.4308 2.15
      vertex 12.2906 21.4308 1.2
    endloop
  endfacet
  facet normal -0.971312 -0.237808 0
    outer loop
      vertex 12.2906 21.4308 2.15
      vertex 12.3356 21.247 1.2
      vertex 12.3356 21.247 2.15
    endloop
  endfacet
  facet normal -0.938847 -0.344335 0
    outer loop
      vertex 12.3985 21.0755 1.2
      vertex 12.3356 21.247 2.15
      vertex 12.3356 21.247 1.2
    endloop
  endfacet
  facet normal -0.938847 -0.344335 0
    outer loop
      vertex 12.3356 21.247 2.15
      vertex 12.3985 21.0755 1.2
      vertex 12.3985 21.0755 2.15
    endloop
  endfacet
  facet normal -0.895097 -0.445872 0
    outer loop
      vertex 12.4783 20.9153 1.2
      vertex 12.3985 21.0755 2.15
      vertex 12.3985 21.0755 1.2
    endloop
  endfacet
  facet normal -0.895097 -0.445872 0
    outer loop
      vertex 12.3985 21.0755 2.15
      vertex 12.4783 20.9153 1.2
      vertex 12.4783 20.9153 2.15
    endloop
  endfacet
  facet normal -0.842292 -0.539022 0
    outer loop
      vertex 12.5741 20.7656 1.2
      vertex 12.4783 20.9153 2.15
      vertex 12.4783 20.9153 1.2
    endloop
  endfacet
  facet normal -0.842292 -0.539022 0
    outer loop
      vertex 12.4783 20.9153 2.15
      vertex 12.5741 20.7656 1.2
      vertex 12.5741 20.7656 2.15
    endloop
  endfacet
  facet normal -0.779665 -0.626197 0
    outer loop
      vertex 12.6859 20.6264 1.2
      vertex 12.5741 20.7656 2.15
      vertex 12.5741 20.7656 1.2
    endloop
  endfacet
  facet normal -0.779665 -0.626197 0
    outer loop
      vertex 12.5741 20.7656 2.15
      vertex 12.6859 20.6264 1.2
      vertex 12.6859 20.6264 2.15
    endloop
  endfacet
  facet normal -0.710135 -0.704066 0
    outer loop
      vertex 12.8135 20.4977 1.2
      vertex 12.6859 20.6264 2.15
      vertex 12.6859 20.6264 1.2
    endloop
  endfacet
  facet normal -0.710135 -0.704066 0
    outer loop
      vertex 12.6859 20.6264 2.15
      vertex 12.8135 20.4977 1.2
      vertex 12.8135 20.4977 2.15
    endloop
  endfacet
  facet normal -0.631381 -0.775473 0
    outer loop
      vertex 12.8135 20.4977 1.2
      vertex 12.9615 20.3772 2.15
      vertex 12.8135 20.4977 2.15
    endloop
  endfacet
  facet normal -0.631381 -0.775473 -0
    outer loop
      vertex 12.9615 20.3772 2.15
      vertex 12.8135 20.4977 1.2
      vertex 12.9615 20.3772 1.2
    endloop
  endfacet
  facet normal -0.553365 -0.832939 0
    outer loop
      vertex 12.9615 20.3772 1.2
      vertex 13.1343 20.2624 2.15
      vertex 12.9615 20.3772 2.15
    endloop
  endfacet
  facet normal -0.553365 -0.832939 -0
    outer loop
      vertex 13.1343 20.2624 2.15
      vertex 12.9615 20.3772 1.2
      vertex 13.1343 20.2624 1.2
    endloop
  endfacet
  facet normal -0.483195 -0.875513 0
    outer loop
      vertex 13.1343 20.2624 1.2
      vertex 13.3318 20.1534 2.15
      vertex 13.1343 20.2624 2.15
    endloop
  endfacet
  facet normal -0.483195 -0.875513 -0
    outer loop
      vertex 13.3318 20.1534 2.15
      vertex 13.1343 20.2624 1.2
      vertex 13.3318 20.1534 1.2
    endloop
  endfacet
  facet normal -0.421231 -0.906953 0
    outer loop
      vertex 13.3318 20.1534 1.2
      vertex 13.554 20.0502 2.15
      vertex 13.3318 20.1534 2.15
    endloop
  endfacet
  facet normal -0.421231 -0.906953 -0
    outer loop
      vertex 13.554 20.0502 2.15
      vertex 13.3318 20.1534 1.2
      vertex 13.554 20.0502 1.2
    endloop
  endfacet
  facet normal -0.357952 -0.93374 0
    outer loop
      vertex 13.554 20.0502 1.2
      vertex 13.8159 19.9498 2.15
      vertex 13.554 20.0502 2.15
    endloop
  endfacet
  facet normal -0.357952 -0.93374 -0
    outer loop
      vertex 13.8159 19.9498 2.15
      vertex 13.554 20.0502 1.2
      vertex 13.8159 19.9498 1.2
    endloop
  endfacet
  facet normal -0.30201 -0.953305 0
    outer loop
      vertex 13.8159 19.9498 1.2
      vertex 14.1325 19.8495 2.15
      vertex 13.8159 19.9498 2.15
    endloop
  endfacet
  facet normal -0.30201 -0.953305 -0
    outer loop
      vertex 14.1325 19.8495 2.15
      vertex 13.8159 19.9498 1.2
      vertex 14.1325 19.8495 1.2
    endloop
  endfacet
  facet normal -0.261158 -0.965296 0
    outer loop
      vertex 14.1325 19.8495 1.2
      vertex 14.5036 19.7491 2.15
      vertex 14.1325 19.8495 2.15
    endloop
  endfacet
  facet normal -0.261158 -0.965296 -0
    outer loop
      vertex 14.5036 19.7491 2.15
      vertex 14.1325 19.8495 1.2
      vertex 14.5036 19.7491 1.2
    endloop
  endfacet
  facet normal -0.229549 -0.973297 0
    outer loop
      vertex 14.5036 19.7491 1.2
      vertex 14.9293 19.6487 2.15
      vertex 14.5036 19.7491 2.15
    endloop
  endfacet
  facet normal -0.229549 -0.973297 -0
    outer loop
      vertex 14.9293 19.6487 2.15
      vertex 14.5036 19.7491 1.2
      vertex 14.9293 19.6487 1.2
    endloop
  endfacet
  facet normal -0.2243 -0.97452 0
    outer loop
      vertex 14.9293 19.6487 1.2
      vertex 15.1839 19.5901 2.15
      vertex 14.9293 19.6487 2.15
    endloop
  endfacet
  facet normal -0.2243 -0.97452 -0
    outer loop
      vertex 15.1839 19.5901 2.15
      vertex 14.9293 19.6487 1.2
      vertex 15.1839 19.5901 1.2
    endloop
  endfacet
  facet normal -0.227141 -0.973862 0
    outer loop
      vertex 15.1839 19.5901 1.2
      vertex 15.427 19.5334 2.15
      vertex 15.1839 19.5901 2.15
    endloop
  endfacet
  facet normal -0.227141 -0.973862 -0
    outer loop
      vertex 15.427 19.5334 2.15
      vertex 15.1839 19.5901 1.2
      vertex 15.427 19.5334 1.2
    endloop
  endfacet
  facet normal -0.229461 -0.973318 0
    outer loop
      vertex 15.427 19.5334 1.2
      vertex 15.6586 19.4788 2.15
      vertex 15.427 19.5334 2.15
    endloop
  endfacet
  facet normal -0.229461 -0.973318 -0
    outer loop
      vertex 15.6586 19.4788 2.15
      vertex 15.427 19.5334 1.2
      vertex 15.6586 19.4788 1.2
    endloop
  endfacet
  facet normal -0.232119 -0.972687 0
    outer loop
      vertex 15.6586 19.4788 1.2
      vertex 15.8786 19.4263 2.15
      vertex 15.6586 19.4788 2.15
    endloop
  endfacet
  facet normal -0.232119 -0.972687 -0
    outer loop
      vertex 15.8786 19.4263 2.15
      vertex 15.6586 19.4788 1.2
      vertex 15.8786 19.4263 1.2
    endloop
  endfacet
  facet normal -0.255276 -0.966868 0
    outer loop
      vertex 15.8786 19.4263 1.2
      vertex 16.0854 19.3717 2.15
      vertex 15.8786 19.4263 2.15
    endloop
  endfacet
  facet normal -0.255276 -0.966868 -0
    outer loop
      vertex 16.0854 19.3717 2.15
      vertex 15.8786 19.4263 1.2
      vertex 16.0854 19.3717 1.2
    endloop
  endfacet
  facet normal -0.30144 -0.953485 0
    outer loop
      vertex 16.0854 19.3717 1.2
      vertex 16.2774 19.311 2.15
      vertex 16.0854 19.3717 2.15
    endloop
  endfacet
  facet normal -0.30144 -0.953485 -0
    outer loop
      vertex 16.2774 19.311 2.15
      vertex 16.0854 19.3717 1.2
      vertex 16.2774 19.311 1.2
    endloop
  endfacet
  facet normal -0.353267 -0.935523 0
    outer loop
      vertex 16.2774 19.311 1.2
      vertex 16.4543 19.2442 2.15
      vertex 16.2774 19.311 2.15
    endloop
  endfacet
  facet normal -0.353267 -0.935523 -0
    outer loop
      vertex 16.4543 19.2442 2.15
      vertex 16.2774 19.311 1.2
      vertex 16.4543 19.2442 1.2
    endloop
  endfacet
  facet normal -0.410154 -0.912016 0
    outer loop
      vertex 16.4543 19.2442 1.2
      vertex 16.6164 19.1713 2.15
      vertex 16.4543 19.2442 2.15
    endloop
  endfacet
  facet normal -0.410154 -0.912016 -0
    outer loop
      vertex 16.6164 19.1713 2.15
      vertex 16.4543 19.2442 1.2
      vertex 16.6164 19.1713 1.2
    endloop
  endfacet
  facet normal -0.485134 -0.87444 0
    outer loop
      vertex 16.6164 19.1713 1.2
      vertex 16.7624 19.0903 2.15
      vertex 16.6164 19.1713 2.15
    endloop
  endfacet
  facet normal -0.485134 -0.87444 -0
    outer loop
      vertex 16.7624 19.0903 2.15
      vertex 16.6164 19.1713 1.2
      vertex 16.7624 19.0903 1.2
    endloop
  endfacet
  facet normal -0.578176 -0.815912 0
    outer loop
      vertex 16.7624 19.0903 1.2
      vertex 16.8911 18.9991 2.15
      vertex 16.7624 19.0903 2.15
    endloop
  endfacet
  facet normal -0.578176 -0.815912 -0
    outer loop
      vertex 16.8911 18.9991 2.15
      vertex 16.7624 19.0903 1.2
      vertex 16.8911 18.9991 1.2
    endloop
  endfacet
  facet normal -0.673135 -0.739519 0
    outer loop
      vertex 16.8911 18.9991 1.2
      vertex 17.0025 18.8977 2.15
      vertex 16.8911 18.9991 2.15
    endloop
  endfacet
  facet normal -0.673135 -0.739519 -0
    outer loop
      vertex 17.0025 18.8977 2.15
      vertex 16.8911 18.9991 1.2
      vertex 17.0025 18.8977 1.2
    endloop
  endfacet
  facet normal -0.764218 -0.644959 0
    outer loop
      vertex 17.0966 18.7862 1.2
      vertex 17.0025 18.8977 2.15
      vertex 17.0025 18.8977 1.2
    endloop
  endfacet
  facet normal -0.764218 -0.644959 0
    outer loop
      vertex 17.0025 18.8977 2.15
      vertex 17.0966 18.7862 1.2
      vertex 17.0966 18.7862 2.15
    endloop
  endfacet
  facet normal -0.8593 -0.511472 0
    outer loop
      vertex 17.1713 18.6607 1.2
      vertex 17.0966 18.7862 2.15
      vertex 17.0966 18.7862 1.2
    endloop
  endfacet
  facet normal -0.8593 -0.511472 0
    outer loop
      vertex 17.0966 18.7862 2.15
      vertex 17.1713 18.6607 1.2
      vertex 17.1713 18.6607 2.15
    endloop
  endfacet
  facet normal -0.936813 -0.349831 0
    outer loop
      vertex 17.2247 18.5177 1.2
      vertex 17.1713 18.6607 2.15
      vertex 17.1713 18.6607 1.2
    endloop
  endfacet
  facet normal -0.936813 -0.349831 0
    outer loop
      vertex 17.1713 18.6607 2.15
      vertex 17.2247 18.5177 1.2
      vertex 17.2247 18.5177 2.15
    endloop
  endfacet
  facet normal -0.980651 -0.195764 0
    outer loop
      vertex 17.2568 18.3569 1.2
      vertex 17.2247 18.5177 2.15
      vertex 17.2247 18.5177 1.2
    endloop
  endfacet
  facet normal -0.980651 -0.195764 0
    outer loop
      vertex 17.2247 18.5177 2.15
      vertex 17.2568 18.3569 1.2
      vertex 17.2568 18.3569 2.15
    endloop
  endfacet
  facet normal -0.998237 -0.0593456 0
    outer loop
      vertex 17.2674 18.1786 1.2
      vertex 17.2568 18.3569 2.15
      vertex 17.2568 18.3569 1.2
    endloop
  endfacet
  facet normal -0.998237 -0.0593456 0
    outer loop
      vertex 17.2568 18.3569 2.15
      vertex 17.2674 18.1786 1.2
      vertex 17.2674 18.1786 2.15
    endloop
  endfacet
  facet normal -0.99417 0.107821 0
    outer loop
      vertex 17.2334 17.8651 1.2
      vertex 17.2674 18.1786 2.15
      vertex 17.2674 18.1786 1.2
    endloop
  endfacet
  facet normal -0.99417 0.107821 0
    outer loop
      vertex 17.2674 18.1786 2.15
      vertex 17.2334 17.8651 1.2
      vertex 17.2334 17.8651 2.15
    endloop
  endfacet
  facet normal -0.936456 0.350785 0
    outer loop
      vertex 17.1311 17.592 1.2
      vertex 17.2334 17.8651 2.15
      vertex 17.2334 17.8651 1.2
    endloop
  endfacet
  facet normal -0.936456 0.350785 0
    outer loop
      vertex 17.2334 17.8651 2.15
      vertex 17.1311 17.592 1.2
      vertex 17.1311 17.592 2.15
    endloop
  endfacet
  facet normal -0.807099 0.590416 0
    outer loop
      vertex 16.9608 17.3592 1.2
      vertex 17.1311 17.592 2.15
      vertex 17.1311 17.592 1.2
    endloop
  endfacet
  facet normal -0.807099 0.590416 0
    outer loop
      vertex 17.1311 17.592 2.15
      vertex 16.9608 17.3592 1.2
      vertex 16.9608 17.3592 2.15
    endloop
  endfacet
  facet normal -0.627714 0.778444 0
    outer loop
      vertex 16.9608 17.3592 1.2
      vertex 16.7222 17.1668 2.15
      vertex 16.9608 17.3592 2.15
    endloop
  endfacet
  facet normal -0.627714 0.778444 0
    outer loop
      vertex 16.7222 17.1668 2.15
      vertex 16.9608 17.3592 1.2
      vertex 16.7222 17.1668 1.2
    endloop
  endfacet
  facet normal -0.447451 0.894308 0
    outer loop
      vertex 16.7222 17.1668 1.2
      vertex 16.421 17.0161 2.15
      vertex 16.7222 17.1668 2.15
    endloop
  endfacet
  facet normal -0.447451 0.894308 0
    outer loop
      vertex 16.421 17.0161 2.15
      vertex 16.7222 17.1668 1.2
      vertex 16.421 17.0161 1.2
    endloop
  endfacet
  facet normal -0.287397 0.957812 0
    outer loop
      vertex 16.421 17.0161 1.2
      vertex 16.0624 16.9085 2.15
      vertex 16.421 17.0161 2.15
    endloop
  endfacet
  facet normal -0.287397 0.957812 0
    outer loop
      vertex 16.0624 16.9085 2.15
      vertex 16.421 17.0161 1.2
      vertex 16.0624 16.9085 1.2
    endloop
  endfacet
  facet normal -0.153485 0.988151 0
    outer loop
      vertex 16.0624 16.9085 1.2
      vertex 15.6465 16.8439 2.15
      vertex 16.0624 16.9085 2.15
    endloop
  endfacet
  facet normal -0.153485 0.988151 0
    outer loop
      vertex 15.6465 16.8439 2.15
      vertex 16.0624 16.9085 1.2
      vertex 15.6465 16.8439 1.2
    endloop
  endfacet
  facet normal -0.0456088 0.998959 0
    outer loop
      vertex 15.6465 16.8439 1.2
      vertex 15.1734 16.8223 2.15
      vertex 15.6465 16.8439 2.15
    endloop
  endfacet
  facet normal -0.0456088 0.998959 0
    outer loop
      vertex 15.1734 16.8223 2.15
      vertex 15.6465 16.8439 1.2
      vertex 15.1734 16.8223 1.2
    endloop
  endfacet
  facet normal 0.0438612 0.999038 -0
    outer loop
      vertex 15.1734 16.8223 1.2
      vertex 14.7133 16.8425 2.15
      vertex 15.1734 16.8223 2.15
    endloop
  endfacet
  facet normal 0.0438612 0.999038 0
    outer loop
      vertex 14.7133 16.8425 2.15
      vertex 15.1734 16.8223 1.2
      vertex 14.7133 16.8425 1.2
    endloop
  endfacet
  facet normal 0.146225 0.989251 -0
    outer loop
      vertex 14.7133 16.8425 1.2
      vertex 14.304 16.903 2.15
      vertex 14.7133 16.8425 2.15
    endloop
  endfacet
  facet normal 0.146225 0.989251 0
    outer loop
      vertex 14.304 16.903 2.15
      vertex 14.7133 16.8425 1.2
      vertex 14.304 16.903 1.2
    endloop
  endfacet
  facet normal 0.270994 0.962581 -0
    outer loop
      vertex 14.304 16.903 1.2
      vertex 13.9456 17.0039 2.15
      vertex 14.304 16.903 2.15
    endloop
  endfacet
  facet normal 0.270994 0.962581 0
    outer loop
      vertex 13.9456 17.0039 2.15
      vertex 14.304 16.903 1.2
      vertex 13.9456 17.0039 1.2
    endloop
  endfacet
  facet normal 0.417296 0.908771 -0
    outer loop
      vertex 13.9456 17.0039 1.2
      vertex 13.6381 17.1451 2.15
      vertex 13.9456 17.0039 2.15
    endloop
  endfacet
  facet normal 0.417296 0.908771 0
    outer loop
      vertex 13.6381 17.1451 2.15
      vertex 13.9456 17.0039 1.2
      vertex 13.6381 17.1451 1.2
    endloop
  endfacet
  facet normal 0.581716 0.813392 -0
    outer loop
      vertex 13.6381 17.1451 1.2
      vertex 13.3804 17.3294 2.15
      vertex 13.6381 17.1451 2.15
    endloop
  endfacet
  facet normal 0.581716 0.813392 0
    outer loop
      vertex 13.3804 17.3294 2.15
      vertex 13.6381 17.1451 1.2
      vertex 13.3804 17.3294 1.2
    endloop
  endfacet
  facet normal 0.740551 0.672 0
    outer loop
      vertex 13.3804 17.3294 2.15
      vertex 13.1716 17.5595 1.2
      vertex 13.1716 17.5595 2.15
    endloop
  endfacet
  facet normal 0.740551 0.672 0
    outer loop
      vertex 13.1716 17.5595 1.2
      vertex 13.3804 17.3294 2.15
      vertex 13.3804 17.3294 1.2
    endloop
  endfacet
  facet normal 0.864846 0.502037 0
    outer loop
      vertex 13.1716 17.5595 2.15
      vertex 13.0115 17.8353 1.2
      vertex 13.0115 17.8353 2.15
    endloop
  endfacet
  facet normal 0.864846 0.502037 0
    outer loop
      vertex 13.0115 17.8353 1.2
      vertex 13.1716 17.5595 2.15
      vertex 13.1716 17.5595 1.2
    endloop
  endfacet
  facet normal 0.945098 0.326788 0
    outer loop
      vertex 13.0115 17.8353 2.15
      vertex 12.9003 18.1569 1.2
      vertex 12.9003 18.1569 2.15
    endloop
  endfacet
  facet normal 0.945098 0.326788 0
    outer loop
      vertex 12.9003 18.1569 1.2
      vertex 13.0115 17.8353 2.15
      vertex 13.0115 17.8353 1.2
    endloop
  endfacet
  facet normal -0.196097 0.980584 0
    outer loop
      vertex 12.9003 18.1569 1.2
      vertex 11.8967 17.9562 2.15
      vertex 12.9003 18.1569 2.15
    endloop
  endfacet
  facet normal -0.196097 0.980584 0
    outer loop
      vertex 11.8967 17.9562 2.15
      vertex 12.9003 18.1569 1.2
      vertex 11.8967 17.9562 1.2
    endloop
  endfacet
  facet normal -0.917163 -0.398513 0
    outer loop
      vertex 12.2659 17.1065 1.2
      vertex 11.8967 17.9562 2.15
      vertex 11.8967 17.9562 1.2
    endloop
  endfacet
  facet normal -0.917163 -0.398513 0
    outer loop
      vertex 11.8967 17.9562 2.15
      vertex 12.2659 17.1065 1.2
      vertex 12.2659 17.1065 2.15
    endloop
  endfacet
  facet normal -0.675266 -0.737574 0
    outer loop
      vertex 12.2659 17.1065 1.2
      vertex 12.9288 16.4996 2.15
      vertex 12.2659 17.1065 2.15
    endloop
  endfacet
  facet normal -0.675266 -0.737574 -0
    outer loop
      vertex 12.9288 16.4996 2.15
      vertex 12.2659 17.1065 1.2
      vertex 12.9288 16.4996 1.2
    endloop
  endfacet
  facet normal -0.355841 -0.934547 0
    outer loop
      vertex 12.9288 16.4996 1.2
      vertex 13.8853 16.1354 2.15
      vertex 12.9288 16.4996 2.15
    endloop
  endfacet
  facet normal -0.355841 -0.934547 -0
    outer loop
      vertex 13.8853 16.1354 2.15
      vertex 12.9288 16.4996 1.2
      vertex 13.8853 16.1354 1.2
    endloop
  endfacet
  facet normal -0.0966575 -0.995318 0
    outer loop
      vertex 13.8853 16.1354 1.2
      vertex 15.1354 16.014 2.15
      vertex 13.8853 16.1354 2.15
    endloop
  endfacet
  facet normal -0.0966575 -0.995318 -0
    outer loop
      vertex 15.1354 16.014 2.15
      vertex 13.8853 16.1354 1.2
      vertex 15.1354 16.014 1.2
    endloop
  endfacet
  facet normal 0.0511175 -0.998693 0
    outer loop
      vertex 15.1354 16.014 1.2
      vertex 15.8446 16.0503 2.15
      vertex 15.1354 16.014 2.15
    endloop
  endfacet
  facet normal 0.0511175 -0.998693 0
    outer loop
      vertex 15.8446 16.0503 2.15
      vertex 15.1354 16.014 1.2
      vertex 15.8446 16.0503 1.2
    endloop
  endfacet
  facet normal 0.129391 -0.991594 0
    outer loop
      vertex 56.1246 16.0352 1.2
      vertex 56.612 16.0988 2.15
      vertex 56.1246 16.0352 2.15
    endloop
  endfacet
  facet normal 0.129391 -0.991594 0
    outer loop
      vertex 56.612 16.0988 2.15
      vertex 56.1246 16.0352 1.2
      vertex 56.612 16.0988 1.2
    endloop
  endfacet
  facet normal 0.220389 -0.975412 0
    outer loop
      vertex 56.612 16.0988 1.2
      vertex 57.0807 16.2047 2.15
      vertex 56.612 16.0988 2.15
    endloop
  endfacet
  facet normal 0.220389 -0.975412 0
    outer loop
      vertex 57.0807 16.2047 2.15
      vertex 56.612 16.0988 1.2
      vertex 57.0807 16.2047 1.2
    endloop
  endfacet
  facet normal 0.313124 -0.949712 0
    outer loop
      vertex 57.0807 16.2047 1.2
      vertex 57.5308 16.3531 2.15
      vertex 57.0807 16.2047 2.15
    endloop
  endfacet
  facet normal 0.313124 -0.949712 0
    outer loop
      vertex 57.5308 16.3531 2.15
      vertex 57.0807 16.2047 1.2
      vertex 57.5308 16.3531 1.2
    endloop
  endfacet
  facet normal 0.403773 -0.914859 0
    outer loop
      vertex 57.5308 16.3531 1.2
      vertex 57.9545 16.5401 2.15
      vertex 57.5308 16.3531 2.15
    endloop
  endfacet
  facet normal 0.403773 -0.914859 0
    outer loop
      vertex 57.9545 16.5401 2.15
      vertex 57.5308 16.3531 1.2
      vertex 57.9545 16.5401 1.2
    endloop
  endfacet
  facet normal 0.495105 -0.868833 0
    outer loop
      vertex 57.9545 16.5401 1.2
      vertex 58.3439 16.762 2.15
      vertex 57.9545 16.5401 2.15
    endloop
  endfacet
  facet normal 0.495105 -0.868833 0
    outer loop
      vertex 58.3439 16.762 2.15
      vertex 57.9545 16.5401 1.2
      vertex 58.3439 16.762 1.2
    endloop
  endfacet
  facet normal 0.58589 -0.81039 0
    outer loop
      vertex 58.3439 16.762 1.2
      vertex 58.6991 17.0188 2.15
      vertex 58.3439 16.762 2.15
    endloop
  endfacet
  facet normal 0.58589 -0.81039 0
    outer loop
      vertex 58.6991 17.0188 2.15
      vertex 58.3439 16.762 1.2
      vertex 58.6991 17.0188 1.2
    endloop
  endfacet
  facet normal 0.672765 -0.739857 0
    outer loop
      vertex 58.6991 17.0188 1.2
      vertex 59.02 17.3106 2.15
      vertex 58.6991 17.0188 2.15
    endloop
  endfacet
  facet normal 0.672765 -0.739857 0
    outer loop
      vertex 59.02 17.3106 2.15
      vertex 58.6991 17.0188 1.2
      vertex 59.02 17.3106 1.2
    endloop
  endfacet
  facet normal 1 -0 0
    outer loop
      vertex 59.02 17.3106 2.15
      vertex 59.02 19.9471 1.2
      vertex 59.02 19.9471 2.15
    endloop
  endfacet
  facet normal 1 0 0
    outer loop
      vertex 59.02 19.9471 1.2
      vertex 59.02 17.3106 2.15
      vertex 59.02 17.3106 1.2
    endloop
  endfacet
  facet normal 0 1 -0
    outer loop
      vertex 59.02 19.9471 1.2
      vertex 55.7813 19.9471 2.15
      vertex 59.02 19.9471 2.15
    endloop
  endfacet
  facet normal 0 1 0
    outer loop
      vertex 55.7813 19.9471 2.15
      vertex 59.02 19.9471 1.2
      vertex 55.7813 19.9471 1.2
    endloop
  endfacet
  facet normal -1 0 0
    outer loop
      vertex 55.7813 19.0791 1.2
      vertex 55.7813 19.9471 2.15
      vertex 55.7813 19.9471 1.2
    endloop
  endfacet
  facet normal -1 -0 0
    outer loop
      vertex 55.7813 19.9471 2.15
      vertex 55.7813 19.0791 1.2
      vertex 55.7813 19.0791 2.15
    endloop
  endfacet
  facet normal 0 -1 0
    outer loop
      vertex 55.7813 19.0791 1.2
      vertex 58.0652 19.0791 2.15
      vertex 55.7813 19.0791 2.15
    endloop
  endfacet
  facet normal 0 -1 -0
    outer loop
      vertex 58.0652 19.0791 2.15
      vertex 55.7813 19.0791 1.2
      vertex 58.0652 19.0791 1.2
    endloop
  endfacet
  facet normal -1 0 0
    outer loop
      vertex 58.0652 17.7011 1.2
      vertex 58.0652 19.0791 2.15
      vertex 58.0652 19.0791 1.2
    endloop
  endfacet
  facet normal -1 -0 0
    outer loop
      vertex 58.0652 19.0791 2.15
      vertex 58.0652 17.7011 1.2
      vertex 58.0652 17.7011 2.15
    endloop
  endfacet
  facet normal -0.650357 0.759629 0
    outer loop
      vertex 58.0652 17.7011 1.2
      vertex 57.849 17.516 2.15
      vertex 58.0652 17.7011 2.15
    endloop
  endfacet
  facet normal -0.650357 0.759629 0
    outer loop
      vertex 57.849 17.516 2.15
      vertex 58.0652 17.7011 1.2
      vertex 57.849 17.516 1.2
    endloop
  endfacet
  facet normal -0.554778 0.831998 0
    outer loop
      vertex 57.849 17.516 1.2
      vertex 57.602 17.3513 2.15
      vertex 57.849 17.516 2.15
    endloop
  endfacet
  facet normal -0.554778 0.831998 0
    outer loop
      vertex 57.602 17.3513 2.15
      vertex 57.849 17.516 1.2
      vertex 57.602 17.3513 1.2
    endloop
  endfacet
  facet normal -0.461463 0.887159 0
    outer loop
      vertex 57.602 17.3513 1.2
      vertex 57.3242 17.2068 2.15
      vertex 57.602 17.3513 2.15
    endloop
  endfacet
  facet normal -0.461463 0.887159 0
    outer loop
      vertex 57.3242 17.2068 2.15
      vertex 57.602 17.3513 1.2
      vertex 57.3242 17.2068 1.2
    endloop
  endfacet
  facet normal -0.372893 0.927875 0
    outer loop
      vertex 57.3242 17.2068 1.2
      vertex 57.0154 17.0827 2.15
      vertex 57.3242 17.2068 2.15
    endloop
  endfacet
  facet normal -0.372893 0.927875 0
    outer loop
      vertex 57.0154 17.0827 2.15
      vertex 57.3242 17.2068 1.2
      vertex 57.0154 17.0827 1.2
    endloop
  endfacet
  facet normal -0.288624 0.957443 0
    outer loop
      vertex 57.0154 17.0827 1.2
      vertex 56.685 16.9831 2.15
      vertex 57.0154 17.0827 2.15
    endloop
  endfacet
  facet normal -0.288624 0.957443 0
    outer loop
      vertex 56.685 16.9831 2.15
      vertex 57.0154 17.0827 1.2
      vertex 56.685 16.9831 1.2
    endloop
  endfacet
  facet normal -0.203304 0.979116 0
    outer loop
      vertex 56.685 16.9831 1.2
      vertex 56.3421 16.9119 2.15
      vertex 56.685 16.9831 2.15
    endloop
  endfacet
  facet normal -0.203304 0.979116 0
    outer loop
      vertex 56.3421 16.9119 2.15
      vertex 56.685 16.9831 1.2
      vertex 56.3421 16.9119 1.2
    endloop
  endfacet
  facet normal -0.119531 0.992831 0
    outer loop
      vertex 56.3421 16.9119 1.2
      vertex 55.9866 16.8691 2.15
      vertex 56.3421 16.9119 2.15
    endloop
  endfacet
  facet normal -0.119531 0.992831 0
    outer loop
      vertex 55.9866 16.8691 2.15
      vertex 56.3421 16.9119 1.2
      vertex 55.9866 16.8691 1.2
    endloop
  endfacet
  facet normal -0.0385583 0.999256 0
    outer loop
      vertex 55.9866 16.8691 1.2
      vertex 55.6186 16.8549 2.15
      vertex 55.9866 16.8691 2.15
    endloop
  endfacet
  facet normal -0.0385583 0.999256 0
    outer loop
      vertex 55.6186 16.8549 2.15
      vertex 55.9866 16.8691 1.2
      vertex 55.6186 16.8549 1.2
    endloop
  endfacet
  facet normal 0.0840947 0.996458 -0
    outer loop
      vertex 55.6186 16.8549 1.2
      vertex 54.9977 16.9073 2.15
      vertex 55.6186 16.8549 2.15
    endloop
  endfacet
  facet normal 0.0840947 0.996458 0
    outer loop
      vertex 54.9977 16.9073 2.15
      vertex 55.6186 16.8549 1.2
      vertex 54.9977 16.9073 1.2
    endloop
  endfacet
  facet normal 0.274998 0.961445 -0
    outer loop
      vertex 54.9977 16.9073 1.2
      vertex 54.4481 17.0645 2.15
      vertex 54.9977 16.9073 2.15
    endloop
  endfacet
  facet normal 0.274998 0.961445 0
    outer loop
      vertex 54.4481 17.0645 2.15
      vertex 54.9977 16.9073 1.2
      vertex 54.4481 17.0645 1.2
    endloop
  endfacet
  facet normal 0.480123 0.877201 -0
    outer loop
      vertex 54.4481 17.0645 1.2
      vertex 53.9696 17.3264 2.15
      vertex 54.4481 17.0645 2.15
    endloop
  endfacet
  facet normal 0.480123 0.877201 0
    outer loop
      vertex 53.9696 17.3264 2.15
      vertex 54.4481 17.0645 1.2
      vertex 53.9696 17.3264 1.2
    endloop
  endfacet
  facet normal 0.669187 0.743094 -0
    outer loop
      vertex 53.9696 17.3264 1.2
      vertex 53.5624 17.6931 2.15
      vertex 53.9696 17.3264 2.15
    endloop
  endfacet
  facet normal 0.669187 0.743094 0
    outer loop
      vertex 53.5624 17.6931 2.15
      vertex 53.9696 17.3264 1.2
      vertex 53.5624 17.6931 1.2
    endloop
  endfacet
  facet normal 0.814888 0.579618 0
    outer loop
      vertex 53.5624 17.6931 2.15
      vertex 53.2372 18.1503 1.2
      vertex 53.2372 18.1503 2.15
    endloop
  endfacet
  facet normal 0.814888 0.579618 0
    outer loop
      vertex 53.2372 18.1503 1.2
      vertex 53.5624 17.6931 2.15
      vertex 53.5624 17.6931 1.2
    endloop
  endfacet
  facet normal 0.916917 0.399078 0
    outer loop
      vertex 53.2372 18.1503 2.15
      vertex 53.005 18.6838 1.2
      vertex 53.005 18.6838 2.15
    endloop
  endfacet
  facet normal 0.916917 0.399078 0
    outer loop
      vertex 53.005 18.6838 1.2
      vertex 53.2372 18.1503 2.15
      vertex 53.2372 18.1503 1.2
    endloop
  endfacet
  facet normal 0.974853 0.222851 0
    outer loop
      vertex 53.005 18.6838 2.15
      vertex 52.8656 19.2936 1.2
      vertex 52.8656 19.2936 2.15
    endloop
  endfacet
  facet normal 0.974853 0.222851 0
    outer loop
      vertex 52.8656 19.2936 1.2
      vertex 53.005 18.6838 2.15
      vertex 53.005 18.6838 1.2
    endloop
  endfacet
  facet normal 0.997721 0.0674745 0
    outer loop
      vertex 52.8656 19.2936 2.15
      vertex 52.8192 19.9797 1.2
      vertex 52.8192 19.9797 2.15
    endloop
  endfacet
  facet normal 0.997721 0.0674745 0
    outer loop
      vertex 52.8192 19.9797 1.2
      vertex 52.8656 19.2936 2.15
      vertex 52.8656 19.2936 1.2
    endloop
  endfacet
  facet normal 0.997978 -0.0635645 0
    outer loop
      vertex 52.8192 19.9797 2.15
      vertex 52.8629 20.6658 1.2
      vertex 52.8629 20.6658 2.15
    endloop
  endfacet
  facet normal 0.997978 -0.0635645 0
    outer loop
      vertex 52.8629 20.6658 1.2
      vertex 52.8192 19.9797 2.15
      vertex 52.8192 19.9797 1.2
    endloop
  endfacet
  facet normal 0.9772 -0.212322 0
    outer loop
      vertex 52.8629 20.6658 2.15
      vertex 52.9942 21.2701 1.2
      vertex 52.9942 21.2701 2.15
    endloop
  endfacet
  facet normal 0.9772 -0.212322 0
    outer loop
      vertex 52.9942 21.2701 1.2
      vertex 52.8629 20.6658 2.15
      vertex 52.8629 20.6658 1.2
    endloop
  endfacet
  facet normal 0.922507 -0.385981 0
    outer loop
      vertex 52.9942 21.2701 2.15
      vertex 53.2129 21.7928 1.2
      vertex 53.2129 21.7928 2.15
    endloop
  endfacet
  facet normal 0.922507 -0.385981 0
    outer loop
      vertex 53.2129 21.7928 1.2
      vertex 52.9942 21.2701 2.15
      vertex 52.9942 21.2701 1.2
    endloop
  endfacet
  facet normal 0.82144 -0.570295 0
    outer loop
      vertex 53.2129 21.7928 2.15
      vertex 53.519 22.2337 1.2
      vertex 53.519 22.2337 2.15
    endloop
  endfacet
  facet normal 0.82144 -0.570295 0
    outer loop
      vertex 53.519 22.2337 1.2
      vertex 53.2129 21.7928 2.15
      vertex 53.2129 21.7928 1.2
    endloop
  endfacet
  facet normal 0.66906 -0.743209 0
    outer loop
      vertex 53.519 22.2337 1.2
      vertex 53.9079 22.5838 2.15
      vertex 53.519 22.2337 2.15
    endloop
  endfacet
  facet normal 0.66906 -0.743209 0
    outer loop
      vertex 53.9079 22.5838 2.15
      vertex 53.519 22.2337 1.2
      vertex 53.9079 22.5838 1.2
    endloop
  endfacet
  facet normal 0.472185 -0.8815 0
    outer loop
      vertex 53.9079 22.5838 1.2
      vertex 54.3748 22.8339 2.15
      vertex 53.9079 22.5838 2.15
    endloop
  endfacet
  facet normal 0.472185 -0.8815 0
    outer loop
      vertex 54.3748 22.8339 2.15
      vertex 53.9079 22.5838 1.2
      vertex 54.3748 22.8339 1.2
    endloop
  endfacet
  facet normal 0.265407 -0.964136 0
    outer loop
      vertex 54.3748 22.8339 1.2
      vertex 54.9197 22.9839 2.15
      vertex 54.3748 22.8339 2.15
    endloop
  endfacet
  facet normal 0.265407 -0.964136 0
    outer loop
      vertex 54.9197 22.9839 2.15
      vertex 54.3748 22.8339 1.2
      vertex 54.9197 22.9839 1.2
    endloop
  endfacet
  facet normal 0.0800124 -0.996794 0
    outer loop
      vertex 54.9197 22.9839 1.2
      vertex 55.5426 23.0339 2.15
      vertex 54.9197 22.9839 2.15
    endloop
  endfacet
  facet normal 0.0800124 -0.996794 0
    outer loop
      vertex 55.5426 23.0339 2.15
      vertex 54.9197 22.9839 1.2
      vertex 55.5426 23.0339 1.2
    endloop
  endfacet
  facet normal -0.0454964 -0.998965 0
    outer loop
      vertex 55.5426 23.0339 1.2
      vertex 55.951 23.0153 2.15
      vertex 55.5426 23.0339 2.15
    endloop
  endfacet
  facet normal -0.0454964 -0.998965 -0
    outer loop
      vertex 55.951 23.0153 2.15
      vertex 55.5426 23.0339 1.2
      vertex 55.951 23.0153 1.2
    endloop
  endfacet
  facet normal -0.148276 -0.988946 0
    outer loop
      vertex 55.951 23.0153 1.2
      vertex 56.3245 22.9593 2.15
      vertex 55.951 23.0153 2.15
    endloop
  endfacet
  facet normal -0.148276 -0.988946 -0
    outer loop
      vertex 56.3245 22.9593 2.15
      vertex 55.951 23.0153 1.2
      vertex 56.3245 22.9593 1.2
    endloop
  endfacet
  facet normal -0.265454 -0.964123 0
    outer loop
      vertex 56.3245 22.9593 1.2
      vertex 56.663 22.8661 2.15
      vertex 56.3245 22.9593 2.15
    endloop
  endfacet
  facet normal -0.265454 -0.964123 -0
    outer loop
      vertex 56.663 22.8661 2.15
      vertex 56.3245 22.9593 1.2
      vertex 56.663 22.8661 1.2
    endloop
  endfacet
  facet normal -0.395161 -0.918612 0
    outer loop
      vertex 56.663 22.8661 1.2
      vertex 56.9666 22.7355 2.15
      vertex 56.663 22.8661 2.15
    endloop
  endfacet
  facet normal -0.395161 -0.918612 -0
    outer loop
      vertex 56.9666 22.7355 2.15
      vertex 56.663 22.8661 1.2
      vertex 56.9666 22.7355 1.2
    endloop
  endfacet
  facet normal -0.534369 -0.845251 0
    outer loop
      vertex 56.9666 22.7355 1.2
      vertex 57.2374 22.5643 2.15
      vertex 56.9666 22.7355 2.15
    endloop
  endfacet
  facet normal -0.534369 -0.845251 -0
    outer loop
      vertex 57.2374 22.5643 2.15
      vertex 56.9666 22.7355 1.2
      vertex 57.2374 22.5643 1.2
    endloop
  endfacet
  facet normal -0.667919 -0.744234 0
    outer loop
      vertex 57.2374 22.5643 1.2
      vertex 57.4773 22.349 2.15
      vertex 57.2374 22.5643 2.15
    endloop
  endfacet
  facet normal -0.667919 -0.744234 -0
    outer loop
      vertex 57.4773 22.349 2.15
      vertex 57.2374 22.5643 1.2
      vertex 57.4773 22.349 1.2
    endloop
  endfacet
  facet normal -0.778697 -0.6274 0
    outer loop
      vertex 57.6863 22.0896 1.2
      vertex 57.4773 22.349 2.15
      vertex 57.4773 22.349 1.2
    endloop
  endfacet
  facet normal -0.778697 -0.6274 0
    outer loop
      vertex 57.4773 22.349 2.15
      vertex 57.6863 22.0896 1.2
      vertex 57.6863 22.0896 2.15
    endloop
  endfacet
  facet normal -0.86227 -0.506449 0
    outer loop
      vertex 57.8645 21.7862 1.2
      vertex 57.6863 22.0896 2.15
      vertex 57.6863 22.0896 1.2
    endloop
  endfacet
  facet normal -0.86227 -0.506449 0
    outer loop
      vertex 57.6863 22.0896 2.15
      vertex 57.8645 21.7862 1.2
      vertex 57.8645 21.7862 2.15
    endloop
  endfacet
  facet normal 0.284416 -0.958701 0
    outer loop
      vertex 57.8645 21.7862 1.2
      vertex 58.8518 22.0791 2.15
      vertex 57.8645 21.7862 2.15
    endloop
  endfacet
  facet normal 0.284416 -0.958701 0
    outer loop
      vertex 58.8518 22.0791 2.15
      vertex 57.8645 21.7862 1.2
      vertex 58.8518 22.0791 1.2
    endloop
  endfacet
  facet normal 0.880317 0.474386 0
    outer loop
      vertex 58.8518 22.0791 2.15
      vertex 58.6148 22.5189 1.2
      vertex 58.6148 22.5189 2.15
    endloop
  endfacet
  facet normal 0.880317 0.474386 0
    outer loop
      vertex 58.6148 22.5189 1.2
      vertex 58.8518 22.0791 2.15
      vertex 58.8518 22.0791 1.2
    endloop
  endfacet
  facet normal 0.799131 0.601157 0
    outer loop
      vertex 58.6148 22.5189 2.15
      vertex 58.3324 22.8943 1.2
      vertex 58.3324 22.8943 2.15
    endloop
  endfacet
  facet normal 0.799131 0.601157 0
    outer loop
      vertex 58.3324 22.8943 1.2
      vertex 58.6148 22.5189 2.15
      vertex 58.6148 22.5189 1.2
    endloop
  endfacet
  facet normal 0.688045 0.725668 -0
    outer loop
      vertex 58.3324 22.8943 1.2
      vertex 58.0045 23.2052 2.15
      vertex 58.3324 22.8943 2.15
    endloop
  endfacet
  facet normal 0.688045 0.725668 0
    outer loop
      vertex 58.0045 23.2052 2.15
      vertex 58.3324 22.8943 1.2
      vertex 58.0045 23.2052 1.2
    endloop
  endfacet
  facet normal 0.551032 0.834484 -0
    outer loop
      vertex 58.0045 23.2052 1.2
      vertex 57.6312 23.4517 2.15
      vertex 58.0045 23.2052 2.15
    endloop
  endfacet
  facet normal 0.551032 0.834484 0
    outer loop
      vertex 57.6312 23.4517 2.15
      vertex 58.0045 23.2052 1.2
      vertex 57.6312 23.4517 1.2
    endloop
  endfacet
  facet normal 0.402926 0.915233 -0
    outer loop
      vertex 57.6312 23.4517 1.2
      vertex 57.2053 23.6392 2.15
      vertex 57.6312 23.4517 2.15
    endloop
  endfacet
  facet normal 0.402926 0.915233 0
    outer loop
      vertex 57.2053 23.6392 2.15
      vertex 57.6312 23.4517 1.2
      vertex 57.2053 23.6392 1.2
    endloop
  endfacet
  facet normal 0.265872 0.964008 -0
    outer loop
      vertex 57.2053 23.6392 1.2
      vertex 56.7198 23.7731 2.15
      vertex 57.2053 23.6392 2.15
    endloop
  endfacet
  facet normal 0.265872 0.964008 0
    outer loop
      vertex 56.7198 23.7731 2.15
      vertex 57.2053 23.6392 1.2
      vertex 56.7198 23.7731 1.2
    endloop
  endfacet
  facet normal 0.145891 0.989301 -0
    outer loop
      vertex 56.7198 23.7731 1.2
      vertex 56.1746 23.8535 2.15
      vertex 56.7198 23.7731 2.15
    endloop
  endfacet
  facet normal 0.145891 0.989301 0
    outer loop
      vertex 56.1746 23.8535 2.15
      vertex 56.7198 23.7731 1.2
      vertex 56.1746 23.8535 1.2
    endloop
  endfacet
  facet normal 0.0440966 0.999027 -0
    outer loop
      vertex 56.1746 23.8535 1.2
      vertex 55.5697 23.8802 2.15
      vertex 56.1746 23.8535 2.15
    endloop
  endfacet
  facet normal 0.0440966 0.999027 0
    outer loop
      vertex 55.5697 23.8802 2.15
      vertex 56.1746 23.8535 1.2
      vertex 55.5697 23.8802 1.2
    endloop
  endfacet
  facet normal -0.0744876 0.997222 0
    outer loop
      vertex 55.5697 23.8802 1.2
      vertex 54.7169 23.8165 2.15
      vertex 55.5697 23.8802 2.15
    endloop
  endfacet
  facet normal -0.0744876 0.997222 0
    outer loop
      vertex 54.7169 23.8165 2.15
      vertex 55.5697 23.8802 1.2
      vertex 54.7169 23.8165 1.2
    endloop
  endfacet
  facet normal -0.246538 0.969133 0
    outer loop
      vertex 54.7169 23.8165 1.2
      vertex 53.9653 23.6253 2.15
      vertex 54.7169 23.8165 2.15
    endloop
  endfacet
  facet normal -0.246538 0.969133 0
    outer loop
      vertex 53.9653 23.6253 2.15
      vertex 54.7169 23.8165 1.2
      vertex 53.9653 23.6253 1.2
    endloop
  endfacet
  facet normal -0.439967 0.898014 0
    outer loop
      vertex 53.9653 23.6253 1.2
      vertex 53.3146 23.3065 2.15
      vertex 53.9653 23.6253 2.15
    endloop
  endfacet
  facet normal -0.439967 0.898014 0
    outer loop
      vertex 53.3146 23.3065 2.15
      vertex 53.9653 23.6253 1.2
      vertex 53.3146 23.3065 1.2
    endloop
  endfacet
  facet normal -0.630295 0.776356 0
    outer loop
      vertex 53.3146 23.3065 1.2
      vertex 52.765 22.8603 2.15
      vertex 53.3146 23.3065 2.15
    endloop
  endfacet
  facet normal -0.630295 0.776356 0
    outer loop
      vertex 52.765 22.8603 2.15
      vertex 53.3146 23.3065 1.2
      vertex 52.765 22.8603 1.2
    endloop
  endfacet
  facet normal -0.789896 0.61324 0
    outer loop
      vertex 52.3283 22.2978 1.2
      vertex 52.765 22.8603 2.15
      vertex 52.765 22.8603 1.2
    endloop
  endfacet
  facet normal -0.789896 0.61324 0
    outer loop
      vertex 52.765 22.8603 2.15
      vertex 52.3283 22.2978 1.2
      vertex 52.3283 22.2978 2.15
    endloop
  endfacet
  facet normal -0.905947 0.423391 0
    outer loop
      vertex 52.0163 21.6302 1.2
      vertex 52.3283 22.2978 2.15
      vertex 52.3283 22.2978 1.2
    endloop
  endfacet
  facet normal -0.905947 0.423391 0
    outer loop
      vertex 52.3283 22.2978 2.15
      vertex 52.0163 21.6302 1.2
      vertex 52.0163 21.6302 2.15
    endloop
  endfacet
  facet normal -0.971914 0.235337 0
    outer loop
      vertex 51.8292 20.8575 1.2
      vertex 52.0163 21.6302 2.15
      vertex 52.0163 21.6302 1.2
    endloop
  endfacet
  facet normal -0.971914 0.235337 0
    outer loop
      vertex 52.0163 21.6302 2.15
      vertex 51.8292 20.8575 1.2
      vertex 51.8292 20.8575 2.15
    endloop
  endfacet
  facet normal -0.997483 0.0709079 0
    outer loop
      vertex 51.7668 19.9797 1.2
      vertex 51.8292 20.8575 2.15
      vertex 51.8292 20.8575 1.2
    endloop
  endfacet
  facet normal -0.997483 0.0709079 0
    outer loop
      vertex 51.8292 20.8575 2.15
      vertex 51.7668 19.9797 1.2
      vertex 51.7668 19.9797 2.15
    endloop
  endfacet
  facet normal -0.99881 -0.048768 0
    outer loop
      vertex 51.7955 19.3919 1.2
      vertex 51.7668 19.9797 2.15
      vertex 51.7668 19.9797 1.2
    endloop
  endfacet
  facet normal -0.99881 -0.048768 0
    outer loop
      vertex 51.7668 19.9797 2.15
      vertex 51.7955 19.3919 1.2
      vertex 51.7955 19.3919 2.15
    endloop
  endfacet
  facet normal -0.987941 -0.154833 0
    outer loop
      vertex 51.8814 18.8438 1.2
      vertex 51.7955 19.3919 2.15
      vertex 51.7955 19.3919 1.2
    endloop
  endfacet
  facet normal -0.987941 -0.154833 0
    outer loop
      vertex 51.7955 19.3919 2.15
      vertex 51.8814 18.8438 1.2
      vertex 51.8814 18.8438 2.15
    endloop
  endfacet
  facet normal -0.962546 -0.271118 0
    outer loop
      vertex 52.0246 18.3354 1.2
      vertex 51.8814 18.8438 2.15
      vertex 51.8814 18.8438 1.2
    endloop
  endfacet
  facet normal -0.962546 -0.271118 0
    outer loop
      vertex 51.8814 18.8438 2.15
      vertex 52.0246 18.3354 1.2
      vertex 52.0246 18.3354 2.15
    endloop
  endfacet
  facet normal -0.919338 -0.393469 0
    outer loop
      vertex 52.2252 17.8667 1.2
      vertex 52.0246 18.3354 2.15
      vertex 52.0246 18.3354 1.2
    endloop
  endfacet
  facet normal -0.919338 -0.393469 0
    outer loop
      vertex 52.0246 18.3354 2.15
      vertex 52.2252 17.8667 1.2
      vertex 52.2252 17.8667 2.15
    endloop
  endfacet
  facet normal -0.856436 -0.516253 0
    outer loop
      vertex 52.48 17.444 1.2
      vertex 52.2252 17.8667 2.15
      vertex 52.2252 17.8667 1.2
    endloop
  endfacet
  facet normal -0.856436 -0.516253 0
    outer loop
      vertex 52.2252 17.8667 2.15
      vertex 52.48 17.444 1.2
      vertex 52.48 17.444 2.15
    endloop
  endfacet
  facet normal -0.770691 -0.63721 0
    outer loop
      vertex 52.786 17.0739 1.2
      vertex 52.48 17.444 2.15
      vertex 52.48 17.444 1.2
    endloop
  endfacet
  facet normal -0.770691 -0.63721 0
    outer loop
      vertex 52.48 17.444 2.15
      vertex 52.786 17.0739 1.2
      vertex 52.786 17.0739 2.15
    endloop
  endfacet
  facet normal -0.664351 -0.747421 0
    outer loop
      vertex 52.786 17.0739 1.2
      vertex 53.1432 16.7564 2.15
      vertex 52.786 17.0739 2.15
    endloop
  endfacet
  facet normal -0.664351 -0.747421 -0
    outer loop
      vertex 53.1432 16.7564 2.15
      vertex 52.786 17.0739 1.2
      vertex 53.1432 16.7564 1.2
    endloop
  endfacet
  facet normal -0.544324 -0.838875 0
    outer loop
      vertex 53.1432 16.7564 1.2
      vertex 53.5516 16.4914 2.15
      vertex 53.1432 16.7564 2.15
    endloop
  endfacet
  facet normal -0.544324 -0.838875 -0
    outer loop
      vertex 53.5516 16.4914 2.15
      vertex 53.1432 16.7564 1.2
      vertex 53.5516 16.4914 1.2
    endloop
  endfacet
  facet normal -0.417473 -0.908689 0
    outer loop
      vertex 53.5516 16.4914 1.2
      vertex 54.0063 16.2825 2.15
      vertex 53.5516 16.4914 2.15
    endloop
  endfacet
  facet normal -0.417473 -0.908689 -0
    outer loop
      vertex 54.0063 16.2825 2.15
      vertex 53.5516 16.4914 1.2
      vertex 54.0063 16.2825 1.2
    endloop
  endfacet
  facet normal -0.287879 -0.957667 0
    outer loop
      vertex 54.0063 16.2825 1.2
      vertex 54.5023 16.1334 2.15
      vertex 54.0063 16.2825 2.15
    endloop
  endfacet
  facet normal -0.287879 -0.957667 -0
    outer loop
      vertex 54.5023 16.1334 2.15
      vertex 54.0063 16.2825 1.2
      vertex 54.5023 16.1334 1.2
    endloop
  endfacet
  facet normal -0.16425 -0.986419 0
    outer loop
      vertex 54.5023 16.1334 1.2
      vertex 55.0398 16.0439 2.15
      vertex 54.5023 16.1334 2.15
    endloop
  endfacet
  facet normal -0.16425 -0.986419 -0
    outer loop
      vertex 55.0398 16.0439 2.15
      vertex 54.5023 16.1334 1.2
      vertex 55.0398 16.0439 1.2
    endloop
  endfacet
  facet normal -0.0515898 -0.998668 0
    outer loop
      vertex 55.0398 16.0439 1.2
      vertex 55.6186 16.014 2.15
      vertex 55.0398 16.0439 2.15
    endloop
  endfacet
  facet normal -0.0515898 -0.998668 -0
    outer loop
      vertex 55.6186 16.014 2.15
      vertex 55.0398 16.0439 1.2
      vertex 55.6186 16.014 1.2
    endloop
  endfacet
  facet normal 0.0418605 -0.999123 0
    outer loop
      vertex 55.6186 16.014 1.2
      vertex 56.1246 16.0352 2.15
      vertex 55.6186 16.014 2.15
    endloop
  endfacet
  facet normal 0.0418605 -0.999123 0
    outer loop
      vertex 56.1246 16.0352 2.15
      vertex 55.6186 16.014 1.2
      vertex 56.1246 16.0352 1.2
    endloop
  endfacet
  facet normal 0.356747 -0.934201 0
    outer loop
      vertex 74.489 16.1008 1.2
      vertex 75.1709 16.3612 2.15
      vertex 74.489 16.1008 2.15
    endloop
  endfacet
  facet normal 0.356747 -0.934201 0
    outer loop
      vertex 75.1709 16.3612 2.15
      vertex 74.489 16.1008 1.2
      vertex 75.1709 16.3612 1.2
    endloop
  endfacet
  facet normal 0.644922 -0.764248 0
    outer loop
      vertex 75.1709 16.3612 1.2
      vertex 75.6852 16.7952 2.15
      vertex 75.1709 16.3612 2.15
    endloop
  endfacet
  facet normal 0.644922 -0.764248 0
    outer loop
      vertex 75.6852 16.7952 2.15
      vertex 75.1709 16.3612 1.2
      vertex 75.6852 16.7952 1.2
    endloop
  endfacet
  facet normal 0.868428 -0.495816 0
    outer loop
      vertex 75.6852 16.7952 2.15
      vertex 76.0321 17.4028 1.2
      vertex 76.0321 17.4028 2.15
    endloop
  endfacet
  facet normal 0.868428 -0.495816 0
    outer loop
      vertex 76.0321 17.4028 1.2
      vertex 75.6852 16.7952 2.15
      vertex 75.6852 16.7952 1.2
    endloop
  endfacet
  facet normal 0.273906 0.961756 -0
    outer loop
      vertex 76.0321 17.4028 1.2
      vertex 75.175 17.6469 2.15
      vertex 76.0321 17.4028 2.15
    endloop
  endfacet
  facet normal 0.273906 0.961756 0
    outer loop
      vertex 75.175 17.6469 2.15
      vertex 76.0321 17.4028 1.2
      vertex 75.175 17.6469 1.2
    endloop
  endfacet
  facet normal -0.913307 0.407272 0
    outer loop
      vertex 75.0917 17.4601 1.2
      vertex 75.175 17.6469 2.15
      vertex 75.175 17.6469 1.2
    endloop
  endfacet
  facet normal -0.913307 0.407272 0
    outer loop
      vertex 75.175 17.6469 2.15
      vertex 75.0917 17.4601 1.2
      vertex 75.0917 17.4601 2.15
    endloop
  endfacet
  facet normal -0.830166 0.557516 0
    outer loop
      vertex 74.9776 17.2902 1.2
      vertex 75.0917 17.4601 2.15
      vertex 75.0917 17.4601 1.2
    endloop
  endfacet
  facet normal -0.830166 0.557516 0
    outer loop
      vertex 75.0917 17.4601 2.15
      vertex 74.9776 17.2902 1.2
      vertex 74.9776 17.2902 2.15
    endloop
  endfacet
  facet normal -0.725603 0.688113 0
    outer loop
      vertex 74.8326 17.1373 1.2
      vertex 74.9776 17.2902 2.15
      vertex 74.9776 17.2902 1.2
    endloop
  endfacet
  facet normal -0.725603 0.688113 0
    outer loop
      vertex 74.9776 17.2902 2.15
      vertex 74.8326 17.1373 1.2
      vertex 74.8326 17.1373 2.15
    endloop
  endfacet
  facet normal -0.611883 0.790948 0
    outer loop
      vertex 74.8326 17.1373 1.2
      vertex 74.6568 17.0013 2.15
      vertex 74.8326 17.1373 2.15
    endloop
  endfacet
  facet normal -0.611883 0.790948 0
    outer loop
      vertex 74.6568 17.0013 2.15
      vertex 74.8326 17.1373 1.2
      vertex 74.6568 17.0013 1.2
    endloop
  endfacet
  facet normal -0.474227 0.880403 0
    outer loop
      vertex 74.6568 17.0013 1.2
      vertex 74.4498 16.8898 2.15
      vertex 74.6568 17.0013 2.15
    endloop
  endfacet
  facet normal -0.474227 0.880403 0
    outer loop
      vertex 74.4498 16.8898 2.15
      vertex 74.6568 17.0013 1.2
      vertex 74.4498 16.8898 1.2
    endloop
  endfacet
  facet normal -0.316943 0.948444 0
    outer loop
      vertex 74.4498 16.8898 1.2
      vertex 74.2113 16.8101 2.15
      vertex 74.4498 16.8898 2.15
    endloop
  endfacet
  facet normal -0.316943 0.948444 0
    outer loop
      vertex 74.2113 16.8101 2.15
      vertex 74.4498 16.8898 1.2
      vertex 74.2113 16.8101 1.2
    endloop
  endfacet
  facet normal -0.174326 0.984688 0
    outer loop
      vertex 74.2113 16.8101 1.2
      vertex 73.9413 16.7623 2.15
      vertex 74.2113 16.8101 2.15
    endloop
  endfacet
  facet normal -0.174326 0.984688 0
    outer loop
      vertex 73.9413 16.7623 2.15
      vertex 74.2113 16.8101 1.2
      vertex 73.9413 16.7623 1.2
    endloop
  endfacet
  facet normal -0.0526457 0.998613 0
    outer loop
      vertex 73.9413 16.7623 1.2
      vertex 73.6397 16.7464 2.15
      vertex 73.9413 16.7623 2.15
    endloop
  endfacet
  facet normal -0.0526457 0.998613 0
    outer loop
      vertex 73.6397 16.7464 2.15
      vertex 73.9413 16.7623 1.2
      vertex 73.6397 16.7464 1.2
    endloop
  endfacet
  facet normal 0.0902502 0.995919 -0
    outer loop
      vertex 73.6397 16.7464 1.2
      vertex 73.2623 16.7806 2.15
      vertex 73.6397 16.7464 2.15
    endloop
  endfacet
  facet normal 0.0902502 0.995919 0
    outer loop
      vertex 73.2623 16.7806 2.15
      vertex 73.6397 16.7464 1.2
      vertex 73.2623 16.7806 1.2
    endloop
  endfacet
  facet normal 0.29773 0.95465 -0
    outer loop
      vertex 73.2623 16.7806 1.2
      vertex 72.933 16.8833 2.15
      vertex 73.2623 16.7806 2.15
    endloop
  endfacet
  facet normal 0.29773 0.95465 0
    outer loop
      vertex 72.933 16.8833 2.15
      vertex 73.2623 16.7806 1.2
      vertex 72.933 16.8833 1.2
    endloop
  endfacet
  facet normal 0.520381 0.853934 -0
    outer loop
      vertex 72.933 16.8833 1.2
      vertex 72.6519 17.0546 2.15
      vertex 72.933 16.8833 2.15
    endloop
  endfacet
  facet normal 0.520381 0.853934 0
    outer loop
      vertex 72.6519 17.0546 2.15
      vertex 72.933 16.8833 1.2
      vertex 72.6519 17.0546 1.2
    endloop
  endfacet
  facet normal 0.717207 0.69686 0
    outer loop
      vertex 72.6519 17.0546 2.15
      vertex 72.419 17.2943 1.2
      vertex 72.419 17.2943 2.15
    endloop
  endfacet
  facet normal 0.717207 0.69686 0
    outer loop
      vertex 72.419 17.2943 1.2
      vertex 72.6519 17.0546 2.15
      vertex 72.6519 17.0546 1.2
    endloop
  endfacet
  facet normal 0.856093 0.516822 0
    outer loop
      vertex 72.419 17.2943 2.15
      vertex 72.2362 17.5971 1.2
      vertex 72.2362 17.5971 2.15
    endloop
  endfacet
  facet normal 0.856093 0.516822 0
    outer loop
      vertex 72.2362 17.5971 1.2
      vertex 72.419 17.2943 2.15
      vertex 72.419 17.2943 1.2
    endloop
  endfacet
  facet normal 0.940257 0.340465 0
    outer loop
      vertex 72.2362 17.5971 2.15
      vertex 72.1057 17.9575 1.2
      vertex 72.1057 17.9575 2.15
    endloop
  endfacet
  facet normal 0.940257 0.340465 0
    outer loop
      vertex 72.1057 17.9575 1.2
      vertex 72.2362 17.5971 2.15
      vertex 72.2362 17.5971 1.2
    endloop
  endfacet
  facet normal 0.982912 0.184076 0
    outer loop
      vertex 72.1057 17.9575 2.15
      vertex 72.0274 18.3756 1.2
      vertex 72.0274 18.3756 2.15
    endloop
  endfacet
  facet normal 0.982912 0.184076 0
    outer loop
      vertex 72.0274 18.3756 1.2
      vertex 72.1057 17.9575 2.15
      vertex 72.1057 17.9575 1.2
    endloop
  endfacet
  facet normal 0.998498 0.0547841 0
    outer loop
      vertex 72.0274 18.3756 2.15
      vertex 72.0013 18.8513 1.2
      vertex 72.0013 18.8513 2.15
    endloop
  endfacet
  facet normal 0.998498 0.0547841 0
    outer loop
      vertex 72.0013 18.8513 1.2
      vertex 72.0274 18.3756 2.15
      vertex 72.0274 18.3756 1.2
    endloop
  endfacet
  facet normal 0 -1 0
    outer loop
      vertex 72.0013 18.8513 1.2
      vertex 76.1895 18.8513 2.15
      vertex 72.0013 18.8513 2.15
    endloop
  endfacet
  facet normal 0 -1 -0
    outer loop
      vertex 76.1895 18.8513 2.15
      vertex 72.0013 18.8513 1.2
      vertex 76.1895 18.8513 1.2
    endloop
  endfacet
  facet normal 1 -0 0
    outer loop
      vertex 76.1895 18.8513 2.15
      vertex 76.1895 18.9815 1.2
      vertex 76.1895 18.9815 2.15
    endloop
  endfacet
  facet normal 1 0 0
    outer loop
      vertex 76.1895 18.9815 1.2
      vertex 76.1895 18.8513 2.15
      vertex 76.1895 18.8513 1.2
    endloop
  endfacet
  facet normal 0.993045 0.117736 0
    outer loop
      vertex 76.1895 18.9815 2.15
      vertex 76.0277 20.3462 1.2
      vertex 76.0277 20.3462 2.15
    endloop
  endfacet
  facet normal 0.993045 0.117736 0
    outer loop
      vertex 76.0277 20.3462 1.2
      vertex 76.1895 18.9815 2.15
      vertex 76.1895 18.9815 1.2
    endloop
  endfacet
  facet normal 0.895234 0.445597 0
    outer loop
      vertex 76.0277 20.3462 2.15
      vertex 75.5425 21.321 1.2
      vertex 75.5425 21.321 2.15
    endloop
  endfacet
  facet normal 0.895234 0.445597 0
    outer loop
      vertex 75.5425 21.321 1.2
      vertex 76.0277 20.3462 2.15
      vertex 76.0277 20.3462 1.2
    endloop
  endfacet
  facet normal 0.586043 0.81028 -0
    outer loop
      vertex 75.5425 21.321 1.2
      vertex 74.7338 21.9059 2.15
      vertex 75.5425 21.321 2.15
    endloop
  endfacet
  facet normal 0.586043 0.81028 0
    outer loop
      vertex 74.7338 21.9059 2.15
      vertex 75.5425 21.321 1.2
      vertex 74.7338 21.9059 1.2
    endloop
  endfacet
  facet normal 0.169662 0.985502 -0
    outer loop
      vertex 74.7338 21.9059 1.2
      vertex 73.6017 22.1008 2.15
      vertex 74.7338 21.9059 2.15
    endloop
  endfacet
  facet normal 0.169662 0.985502 0
    outer loop
      vertex 73.6017 22.1008 2.15
      vertex 74.7338 21.9059 1.2
      vertex 73.6017 22.1008 1.2
    endloop
  endfacet
  facet normal -0.0811618 0.996701 0
    outer loop
      vertex 73.6017 22.1008 1.2
      vertex 73.0061 22.0523 2.15
      vertex 73.6017 22.1008 2.15
    endloop
  endfacet
  facet normal -0.0811618 0.996701 0
    outer loop
      vertex 73.0061 22.0523 2.15
      vertex 73.6017 22.1008 1.2
      vertex 73.0061 22.0523 1.2
    endloop
  endfacet
  facet normal -0.268043 0.963407 0
    outer loop
      vertex 73.0061 22.0523 1.2
      vertex 72.4835 21.9069 2.15
      vertex 73.0061 22.0523 2.15
    endloop
  endfacet
  facet normal -0.268043 0.963407 0
    outer loop
      vertex 72.4835 21.9069 2.15
      vertex 73.0061 22.0523 1.2
      vertex 72.4835 21.9069 1.2
    endloop
  endfacet
  facet normal -0.474555 0.880226 0
    outer loop
      vertex 72.4835 21.9069 1.2
      vertex 72.0337 21.6644 2.15
      vertex 72.4835 21.9069 2.15
    endloop
  endfacet
  facet normal -0.474555 0.880226 0
    outer loop
      vertex 72.0337 21.6644 2.15
      vertex 72.4835 21.9069 1.2
      vertex 72.0337 21.6644 1.2
    endloop
  endfacet
  facet normal -0.669063 0.743206 0
    outer loop
      vertex 72.0337 21.6644 1.2
      vertex 71.6568 21.3251 2.15
      vertex 72.0337 21.6644 2.15
    endloop
  endfacet
  facet normal -0.669063 0.743206 0
    outer loop
      vertex 71.6568 21.3251 2.15
      vertex 72.0337 21.6644 1.2
      vertex 71.6568 21.3251 1.2
    endloop
  endfacet
  facet normal -0.822282 0.569081 0
    outer loop
      vertex 71.359 20.8948 1.2
      vertex 71.6568 21.3251 2.15
      vertex 71.6568 21.3251 1.2
    endloop
  endfacet
  facet normal -0.822282 0.569081 0
    outer loop
      vertex 71.6568 21.3251 2.15
      vertex 71.359 20.8948 1.2
      vertex 71.359 20.8948 2.15
    endloop
  endfacet
  facet normal -0.924235 0.381823 0
    outer loop
      vertex 71.1462 20.3797 1.2
      vertex 71.359 20.8948 2.15
      vertex 71.359 20.8948 1.2
    endloop
  endfacet
  facet normal -0.924235 0.381823 0
    outer loop
      vertex 71.359 20.8948 2.15
      vertex 71.1462 20.3797 1.2
      vertex 71.1462 20.3797 2.15
    endloop
  endfacet
  facet normal -0.978105 0.208114 0
    outer loop
      vertex 71.0186 19.78 1.2
      vertex 71.1462 20.3797 2.15
      vertex 71.1462 20.3797 1.2
    endloop
  endfacet
  facet normal -0.978105 0.208114 0
    outer loop
      vertex 71.1462 20.3797 2.15
      vertex 71.0186 19.78 1.2
      vertex 71.0186 19.78 2.15
    endloop
  endfacet
  facet normal -0.99807 0.062106 0
    outer loop
      vertex 70.976 19.0954 1.2
      vertex 71.0186 19.78 2.15
      vertex 71.0186 19.78 1.2
    endloop
  endfacet
  facet normal -0.99807 0.062106 0
    outer loop
      vertex 71.0186 19.78 2.15
      vertex 70.976 19.0954 1.2
      vertex 70.976 19.0954 2.15
    endloop
  endfacet
  facet normal -0.998244 -0.0592438 0
    outer loop
      vertex 71.0186 18.3776 1.2
      vertex 70.976 19.0954 2.15
      vertex 70.976 19.0954 1.2
    endloop
  endfacet
  facet normal -0.998244 -0.0592438 0
    outer loop
      vertex 70.976 19.0954 2.15
      vertex 71.0186 18.3776 1.2
      vertex 71.0186 18.3776 2.15
    endloop
  endfacet
  facet normal -0.979695 -0.200496 0
    outer loop
      vertex 71.1462 17.7541 1.2
      vertex 71.0186 18.3776 2.15
      vertex 71.0186 18.3776 1.2
    endloop
  endfacet
  facet normal -0.979695 -0.200496 0
    outer loop
      vertex 71.0186 18.3776 2.15
      vertex 71.1462 17.7541 1.2
      vertex 71.1462 17.7541 2.15
    endloop
  endfacet
  facet normal -0.927822 -0.373022 0
    outer loop
      vertex 71.359 17.2248 1.2
      vertex 71.1462 17.7541 2.15
      vertex 71.1462 17.7541 1.2
    endloop
  endfacet
  facet normal -0.927822 -0.373022 0
    outer loop
      vertex 71.1462 17.7541 2.15
      vertex 71.359 17.2248 1.2
      vertex 71.359 17.2248 2.15
    endloop
  endfacet
  facet normal -0.825158 -0.564902 0
    outer loop
      vertex 71.6568 16.7898 1.2
      vertex 71.359 17.2248 2.15
      vertex 71.359 17.2248 1.2
    endloop
  endfacet
  facet normal -0.825158 -0.564902 0
    outer loop
      vertex 71.359 17.2248 2.15
      vertex 71.6568 16.7898 1.2
      vertex 71.6568 16.7898 2.15
    endloop
  endfacet
  facet normal -0.666824 -0.745216 0
    outer loop
      vertex 71.6568 16.7898 1.2
      vertex 72.0361 16.4504 2.15
      vertex 71.6568 16.7898 2.15
    endloop
  endfacet
  facet normal -0.666824 -0.745216 -0
    outer loop
      vertex 72.0361 16.4504 2.15
      vertex 71.6568 16.7898 1.2
      vertex 72.0361 16.4504 1.2
    endloop
  endfacet
  facet normal -0.46866 -0.883378 0
    outer loop
      vertex 72.0361 16.4504 1.2
      vertex 72.493 16.208 2.15
      vertex 72.0361 16.4504 2.15
    endloop
  endfacet
  facet normal -0.46866 -0.883378 -0
    outer loop
      vertex 72.493 16.208 2.15
      vertex 72.0361 16.4504 1.2
      vertex 72.493 16.208 1.2
    endloop
  endfacet
  facet normal -0.262659 -0.964889 0
    outer loop
      vertex 72.493 16.208 1.2
      vertex 73.0275 16.0625 2.15
      vertex 72.493 16.208 2.15
    endloop
  endfacet
  facet normal -0.262659 -0.964889 -0
    outer loop
      vertex 73.0275 16.0625 2.15
      vertex 72.493 16.208 1.2
      vertex 73.0275 16.0625 1.2
    endloop
  endfacet
  facet normal -0.078975 -0.996877 0
    outer loop
      vertex 73.0275 16.0625 1.2
      vertex 73.6397 16.014 2.15
      vertex 73.0275 16.0625 2.15
    endloop
  endfacet
  facet normal -0.078975 -0.996877 -0
    outer loop
      vertex 73.6397 16.014 2.15
      vertex 73.0275 16.0625 1.2
      vertex 73.6397 16.014 1.2
    endloop
  endfacet
  facet normal 0.101672 -0.994818 0
    outer loop
      vertex 73.6397 16.014 1.2
      vertex 74.489 16.1008 2.15
      vertex 73.6397 16.014 2.15
    endloop
  endfacet
  facet normal 0.101672 -0.994818 0
    outer loop
      vertex 74.489 16.1008 2.15
      vertex 73.6397 16.014 1.2
      vertex 74.489 16.1008 1.2
    endloop
  endfacet
  facet normal 0.994804 -0.10181 0
    outer loop
      vertex 72.0122 19.5999 2.15
      vertex 72.0524 19.9927 1.2
      vertex 72.0524 19.9927 2.15
    endloop
  endfacet
  facet normal 0.994804 -0.10181 0
    outer loop
      vertex 72.0524 19.9927 1.2
      vertex 72.0122 19.5999 2.15
      vertex 72.0122 19.5999 1.2
    endloop
  endfacet
  facet normal 0.969616 -0.244631 0
    outer loop
      vertex 72.0524 19.9927 2.15
      vertex 72.1403 20.3411 1.2
      vertex 72.1403 20.3411 2.15
    endloop
  endfacet
  facet normal 0.969616 -0.244631 0
    outer loop
      vertex 72.1403 20.3411 1.2
      vertex 72.0524 19.9927 2.15
      vertex 72.0524 19.9927 1.2
    endloop
  endfacet
  facet normal 0.912992 -0.407977 0
    outer loop
      vertex 72.1403 20.3411 2.15
      vertex 72.2761 20.645 1.2
      vertex 72.2761 20.645 2.15
    endloop
  endfacet
  facet normal 0.912992 -0.407977 0
    outer loop
      vertex 72.2761 20.645 1.2
      vertex 72.1403 20.3411 2.15
      vertex 72.1403 20.3411 1.2
    endloop
  endfacet
  facet normal 0.816445 -0.577424 0
    outer loop
      vertex 72.2761 20.645 2.15
      vertex 72.4597 20.9046 1.2
      vertex 72.4597 20.9046 2.15
    endloop
  endfacet
  facet normal 0.816445 -0.577424 0
    outer loop
      vertex 72.4597 20.9046 1.2
      vertex 72.2761 20.645 2.15
      vertex 72.2761 20.645 1.2
    endloop
  endfacet
  facet normal 0.676668 -0.736288 0
    outer loop
      vertex 72.4597 20.9046 1.2
      vertex 72.6857 21.1123 2.15
      vertex 72.4597 20.9046 2.15
    endloop
  endfacet
  facet normal 0.676668 -0.736288 0
    outer loop
      vertex 72.6857 21.1123 2.15
      vertex 72.4597 20.9046 1.2
      vertex 72.6857 21.1123 1.2
    endloop
  endfacet
  facet normal 0.491173 -0.871062 0
    outer loop
      vertex 72.6857 21.1123 1.2
      vertex 72.9487 21.2606 2.15
      vertex 72.6857 21.1123 2.15
    endloop
  endfacet
  facet normal 0.491173 -0.871062 0
    outer loop
      vertex 72.9487 21.2606 2.15
      vertex 72.6857 21.1123 1.2
      vertex 72.9487 21.2606 1.2
    endloop
  endfacet
  facet normal 0.284502 -0.958675 0
    outer loop
      vertex 72.9487 21.2606 1.2
      vertex 73.2486 21.3496 2.15
      vertex 72.9487 21.2606 2.15
    endloop
  endfacet
  facet normal 0.284502 -0.958675 0
    outer loop
      vertex 73.2486 21.3496 2.15
      vertex 72.9487 21.2606 1.2
      vertex 73.2486 21.3496 1.2
    endloop
  endfacet
  facet normal 0.087842 -0.996134 0
    outer loop
      vertex 73.2486 21.3496 1.2
      vertex 73.5854 21.3793 2.15
      vertex 73.2486 21.3496 2.15
    endloop
  endfacet
  facet normal 0.087842 -0.996134 0
    outer loop
      vertex 73.5854 21.3793 2.15
      vertex 73.2486 21.3496 1.2
      vertex 73.5854 21.3793 1.2
    endloop
  endfacet
  facet normal -0.0768955 -0.997039 0
    outer loop
      vertex 73.5854 21.3793 1.2
      vertex 73.9303 21.3527 2.15
      vertex 73.5854 21.3793 2.15
    endloop
  endfacet
  facet normal -0.0768955 -0.997039 -0
    outer loop
      vertex 73.9303 21.3527 2.15
      vertex 73.5854 21.3793 1.2
      vertex 73.9303 21.3527 1.2
    endloop
  endfacet
  facet normal -0.255769 -0.966738 0
    outer loop
      vertex 73.9303 21.3527 1.2
      vertex 74.2323 21.2728 2.15
      vertex 73.9303 21.3527 2.15
    endloop
  endfacet
  facet normal -0.255769 -0.966738 -0
    outer loop
      vertex 74.2323 21.2728 2.15
      vertex 73.9303 21.3527 1.2
      vertex 74.2323 21.2728 1.2
    endloop
  endfacet
  facet normal -0.456247 -0.889853 0
    outer loop
      vertex 74.2323 21.2728 1.2
      vertex 74.4917 21.1398 2.15
      vertex 74.2323 21.2728 2.15
    endloop
  endfacet
  facet normal -0.456247 -0.889853 -0
    outer loop
      vertex 74.4917 21.1398 2.15
      vertex 74.2323 21.2728 1.2
      vertex 74.4917 21.1398 1.2
    endloop
  endfacet
  facet normal -0.652289 -0.757971 0
    outer loop
      vertex 74.4917 21.1398 1.2
      vertex 74.7083 20.9534 2.15
      vertex 74.4917 21.1398 2.15
    endloop
  endfacet
  facet normal -0.652289 -0.757971 -0
    outer loop
      vertex 74.7083 20.9534 2.15
      vertex 74.4917 21.1398 1.2
      vertex 74.7083 20.9534 1.2
    endloop
  endfacet
  facet normal -0.811257 -0.58469 0
    outer loop
      vertex 74.8843 20.7092 1.2
      vertex 74.7083 20.9534 2.15
      vertex 74.7083 20.9534 1.2
    endloop
  endfacet
  facet normal -0.811257 -0.58469 0
    outer loop
      vertex 74.7083 20.9534 2.15
      vertex 74.8843 20.7092 1.2
      vertex 74.8843 20.7092 2.15
    endloop
  endfacet
  facet normal -0.912804 -0.408399 0
    outer loop
      vertex 75.0217 20.4021 1.2
      vertex 74.8843 20.7092 2.15
      vertex 74.8843 20.7092 1.2
    endloop
  endfacet
  facet normal -0.912804 -0.408399 0
    outer loop
      vertex 74.8843 20.7092 2.15
      vertex 75.0217 20.4021 1.2
      vertex 75.0217 20.4021 2.15
    endloop
  endfacet
  facet normal -0.966226 -0.257695 0
    outer loop
      vertex 75.1203 20.0324 1.2
      vertex 75.0217 20.4021 2.15
      vertex 75.0217 20.4021 1.2
    endloop
  endfacet
  facet normal -0.966226 -0.257695 0
    outer loop
      vertex 75.0217 20.4021 2.15
      vertex 75.1203 20.0324 1.2
      vertex 75.1203 20.0324 2.15
    endloop
  endfacet
  facet normal -0.990514 -0.137412 0
    outer loop
      vertex 75.1803 19.5999 1.2
      vertex 75.1203 20.0324 2.15
      vertex 75.1203 20.0324 1.2
    endloop
  endfacet
  facet normal -0.990514 -0.137412 0
    outer loop
      vertex 75.1203 20.0324 2.15
      vertex 75.1803 19.5999 1.2
      vertex 75.1803 19.5999 2.15
    endloop
  endfacet
  facet normal 0 1 -0
    outer loop
      vertex 75.1803 19.5999 1.2
      vertex 72.0122 19.5999 2.15
      vertex 75.1803 19.5999 2.15
    endloop
  endfacet
  facet normal 0 1 0
    outer loop
      vertex 72.0122 19.5999 2.15
      vertex 75.1803 19.5999 1.2
      vertex 72.0122 19.5999 1.2
    endloop
  endfacet
  facet normal 0.998042 -0.0625469 0
    outer loop
      vertex 26.411 19.5239 2.15
      vertex 26.4364 19.9292 1.2
      vertex 26.4364 19.9292 2.15
    endloop
  endfacet
  facet normal 0.998042 -0.0625469 0
    outer loop
      vertex 26.4364 19.9292 1.2
      vertex 26.411 19.5239 2.15
      vertex 26.411 19.5239 1.2
    endloop
  endfacet
  facet normal 0.978069 -0.20828 0
    outer loop
      vertex 26.4364 19.9292 2.15
      vertex 26.5127 20.2875 1.2
      vertex 26.5127 20.2875 2.15
    endloop
  endfacet
  facet normal 0.978069 -0.20828 0
    outer loop
      vertex 26.5127 20.2875 1.2
      vertex 26.4364 19.9292 2.15
      vertex 26.4364 19.9292 1.2
    endloop
  endfacet
  facet normal 0.925831 -0.377939 0
    outer loop
      vertex 26.5127 20.2875 2.15
      vertex 26.6399 20.5991 1.2
      vertex 26.6399 20.5991 2.15
    endloop
  endfacet
  facet normal 0.925831 -0.377939 0
    outer loop
      vertex 26.6399 20.5991 1.2
      vertex 26.5127 20.2875 2.15
      vertex 26.5127 20.2875 1.2
    endloop
  endfacet
  facet normal 0.829923 -0.557879 0
    outer loop
      vertex 26.6399 20.5991 2.15
      vertex 26.8179 20.8639 1.2
      vertex 26.8179 20.8639 2.15
    endloop
  endfacet
  facet normal 0.829923 -0.557879 0
    outer loop
      vertex 26.8179 20.8639 1.2
      vertex 26.6399 20.5991 2.15
      vertex 26.6399 20.5991 1.2
    endloop
  endfacet
  facet normal 0.689435 -0.724347 0
    outer loop
      vertex 26.8179 20.8639 1.2
      vertex 27.0399 21.0752 2.15
      vertex 26.8179 20.8639 2.15
    endloop
  endfacet
  facet normal 0.689435 -0.724347 0
    outer loop
      vertex 27.0399 21.0752 2.15
      vertex 26.8179 20.8639 1.2
      vertex 27.0399 21.0752 1.2
    endloop
  endfacet
  facet normal 0.502586 -0.864527 0
    outer loop
      vertex 27.0399 21.0752 1.2
      vertex 27.2993 21.226 2.15
      vertex 27.0399 21.0752 2.15
    endloop
  endfacet
  facet normal 0.502586 -0.864527 0
    outer loop
      vertex 27.2993 21.226 2.15
      vertex 27.0399 21.0752 1.2
      vertex 27.2993 21.226 1.2
    endloop
  endfacet
  facet normal 0.292047 -0.956404 0
    outer loop
      vertex 27.2993 21.226 1.2
      vertex 27.596 21.3166 2.15
      vertex 27.2993 21.226 2.15
    endloop
  endfacet
  facet normal 0.292047 -0.956404 0
    outer loop
      vertex 27.596 21.3166 2.15
      vertex 27.2993 21.226 1.2
      vertex 27.596 21.3166 1.2
    endloop
  endfacet
  facet normal 0.0897827 -0.995961 0
    outer loop
      vertex 27.596 21.3166 1.2
      vertex 27.9299 21.3467 2.15
      vertex 27.596 21.3166 2.15
    endloop
  endfacet
  facet normal 0.0897827 -0.995961 0
    outer loop
      vertex 27.9299 21.3467 2.15
      vertex 27.596 21.3166 1.2
      vertex 27.9299 21.3467 1.2
    endloop
  endfacet
  facet normal -0.0387545 -0.999249 0
    outer loop
      vertex 27.9299 21.3467 1.2
      vertex 28.1568 21.3379 2.15
      vertex 27.9299 21.3467 2.15
    endloop
  endfacet
  facet normal -0.0387545 -0.999249 -0
    outer loop
      vertex 28.1568 21.3379 2.15
      vertex 27.9299 21.3467 1.2
      vertex 28.1568 21.3379 1.2
    endloop
  endfacet
  facet normal -0.132427 -0.991193 0
    outer loop
      vertex 28.1568 21.3379 1.2
      vertex 28.3544 21.3115 2.15
      vertex 28.1568 21.3379 2.15
    endloop
  endfacet
  facet normal -0.132427 -0.991193 -0
    outer loop
      vertex 28.3544 21.3115 2.15
      vertex 28.1568 21.3379 1.2
      vertex 28.3544 21.3115 1.2
    endloop
  endfacet
  facet normal -0.253193 -0.967416 0
    outer loop
      vertex 28.3544 21.3115 1.2
      vertex 28.5229 21.2674 2.15
      vertex 28.3544 21.3115 2.15
    endloop
  endfacet
  facet normal -0.253193 -0.967416 -0
    outer loop
      vertex 28.5229 21.2674 2.15
      vertex 28.3544 21.3115 1.2
      vertex 28.5229 21.2674 1.2
    endloop
  endfacet
  facet normal -0.404738 -0.914433 0
    outer loop
      vertex 28.5229 21.2674 1.2
      vertex 28.6623 21.2057 2.15
      vertex 28.5229 21.2674 2.15
    endloop
  endfacet
  facet normal -0.404738 -0.914433 -0
    outer loop
      vertex 28.6623 21.2057 2.15
      vertex 28.5229 21.2674 1.2
      vertex 28.6623 21.2057 1.2
    endloop
  endfacet
  facet normal -0.574831 -0.818272 0
    outer loop
      vertex 28.6623 21.2057 1.2
      vertex 28.7786 21.124 2.15
      vertex 28.6623 21.2057 2.15
    endloop
  endfacet
  facet normal -0.574831 -0.818272 -0
    outer loop
      vertex 28.7786 21.124 2.15
      vertex 28.6623 21.2057 1.2
      vertex 28.7786 21.124 1.2
    endloop
  endfacet
  facet normal -0.723592 -0.690228 0
    outer loop
      vertex 28.8779 21.0199 1.2
      vertex 28.7786 21.124 2.15
      vertex 28.7786 21.124 1.2
    endloop
  endfacet
  facet normal -0.723592 -0.690228 0
    outer loop
      vertex 28.7786 21.124 2.15
      vertex 28.8779 21.0199 1.2
      vertex 28.8779 21.0199 2.15
    endloop
  endfacet
  facet normal -0.837914 -0.545803 0
    outer loop
      vertex 28.9603 20.8934 1.2
      vertex 28.8779 21.0199 2.15
      vertex 28.8779 21.0199 1.2
    endloop
  endfacet
  facet normal -0.837914 -0.545803 0
    outer loop
      vertex 28.8779 21.0199 2.15
      vertex 28.9603 20.8934 1.2
      vertex 28.9603 20.8934 2.15
    endloop
  endfacet
  facet normal -0.915252 -0.402883 0
    outer loop
      vertex 29.0258 20.7446 1.2
      vertex 28.9603 20.8934 2.15
      vertex 28.9603 20.8934 1.2
    endloop
  endfacet
  facet normal -0.915252 -0.402883 0
    outer loop
      vertex 28.9603 20.8934 2.15
      vertex 29.0258 20.7446 1.2
      vertex 29.0258 20.7446 2.15
    endloop
  endfacet
  facet normal -0.962344 -0.271836 0
    outer loop
      vertex 29.0756 20.5683 1.2
      vertex 29.0258 20.7446 2.15
      vertex 29.0258 20.7446 1.2
    endloop
  endfacet
  facet normal -0.962344 -0.271836 0
    outer loop
      vertex 29.0258 20.7446 2.15
      vertex 29.0756 20.5683 1.2
      vertex 29.0756 20.5683 2.15
    endloop
  endfacet
  facet normal -0.985788 -0.167994 0
    outer loop
      vertex 29.1112 20.3594 1.2
      vertex 29.0756 20.5683 2.15
      vertex 29.0756 20.5683 1.2
    endloop
  endfacet
  facet normal -0.985788 -0.167994 0
    outer loop
      vertex 29.0756 20.5683 2.15
      vertex 29.1112 20.3594 1.2
      vertex 29.1112 20.3594 2.15
    endloop
  endfacet
  facet normal -0.996094 -0.0883032 0
    outer loop
      vertex 29.1326 20.118 1.2
      vertex 29.1112 20.3594 2.15
      vertex 29.1112 20.3594 1.2
    endloop
  endfacet
  facet normal -0.996094 -0.0883032 0
    outer loop
      vertex 29.1112 20.3594 2.15
      vertex 29.1326 20.118 1.2
      vertex 29.1326 20.118 2.15
    endloop
  endfacet
  facet normal -0.999664 -0.0259037 0
    outer loop
      vertex 29.1397 19.844 1.2
      vertex 29.1326 20.118 2.15
      vertex 29.1326 20.118 1.2
    endloop
  endfacet
  facet normal -0.999664 -0.0259037 0
    outer loop
      vertex 29.1326 20.118 2.15
      vertex 29.1397 19.844 1.2
      vertex 29.1397 19.844 2.15
    endloop
  endfacet
  facet normal -1 0 0
    outer loop
      vertex 29.1397 16.1225 1.2
      vertex 29.1397 19.844 2.15
      vertex 29.1397 19.844 1.2
    endloop
  endfacet
  facet normal -1 -0 0
    outer loop
      vertex 29.1397 19.844 2.15
      vertex 29.1397 16.1225 1.2
      vertex 29.1397 16.1225 2.15
    endloop
  endfacet
  facet normal 0 -1 0
    outer loop
      vertex 29.1397 16.1225 1.2
      vertex 30.1216 16.1225 2.15
      vertex 29.1397 16.1225 2.15
    endloop
  endfacet
  facet normal 0 -1 -0
    outer loop
      vertex 30.1216 16.1225 2.15
      vertex 29.1397 16.1225 1.2
      vertex 30.1216 16.1225 1.2
    endloop
  endfacet
  facet normal 1 -0 0
    outer loop
      vertex 30.1216 16.1225 2.15
      vertex 30.1216 20.0339 1.2
      vertex 30.1216 20.0339 2.15
    endloop
  endfacet
  facet normal 1 0 0
    outer loop
      vertex 30.1216 20.0339 1.2
      vertex 30.1216 16.1225 2.15
      vertex 30.1216 16.1225 1.2
    endloop
  endfacet
  facet normal 0.998531 0.0541793 0
    outer loop
      vertex 30.1216 20.0339 2.15
      vertex 30.0937 20.5481 1.2
      vertex 30.0937 20.5481 2.15
    endloop
  endfacet
  facet normal 0.998531 0.0541793 0
    outer loop
      vertex 30.0937 20.5481 1.2
      vertex 30.1216 20.0339 2.15
      vertex 30.1216 20.0339 1.2
    endloop
  endfacet
  facet normal 0.981934 0.189223 0
    outer loop
      vertex 30.0937 20.5481 2.15
      vertex 30.0097 20.984 1.2
      vertex 30.0097 20.984 2.15
    endloop
  endfacet
  facet normal 0.981934 0.189223 0
    outer loop
      vertex 30.0097 20.984 1.2
      vertex 30.0937 20.5481 2.15
      vertex 30.0937 20.5481 1.2
    endloop
  endfacet
  facet normal 0.931323 0.364193 0
    outer loop
      vertex 30.0097 20.984 2.15
      vertex 29.8699 21.3415 1.2
      vertex 29.8699 21.3415 2.15
    endloop
  endfacet
  facet normal 0.931323 0.364193 0
    outer loop
      vertex 29.8699 21.3415 1.2
      vertex 30.0097 20.984 2.15
      vertex 30.0097 20.984 1.2
    endloop
  endfacet
  facet normal 0.818598 0.574367 0
    outer loop
      vertex 29.8699 21.3415 2.15
      vertex 29.674 21.6207 1.2
      vertex 29.674 21.6207 2.15
    endloop
  endfacet
  facet normal 0.818598 0.574367 0
    outer loop
      vertex 29.674 21.6207 1.2
      vertex 29.8699 21.3415 2.15
      vertex 29.8699 21.3415 1.2
    endloop
  endfacet
  facet normal 0.634256 0.773123 -0
    outer loop
      vertex 29.674 21.6207 1.2
      vertex 29.4179 21.8308 2.15
      vertex 29.674 21.6207 2.15
    endloop
  endfacet
  facet normal 0.634256 0.773123 0
    outer loop
      vertex 29.4179 21.8308 2.15
      vertex 29.674 21.6207 1.2
      vertex 29.4179 21.8308 1.2
    endloop
  endfacet
  facet normal 0.423457 0.905916 -0
    outer loop
      vertex 29.4179 21.8308 1.2
      vertex 29.097 21.9808 2.15
      vertex 29.4179 21.8308 2.15
    endloop
  endfacet
  facet normal 0.423457 0.905916 0
    outer loop
      vertex 29.097 21.9808 2.15
      vertex 29.4179 21.8308 1.2
      vertex 29.097 21.9808 1.2
    endloop
  endfacet
  facet normal 0.227238 0.973839 -0
    outer loop
      vertex 29.097 21.9808 1.2
      vertex 28.7113 22.0708 2.15
      vertex 29.097 21.9808 2.15
    endloop
  endfacet
  facet normal 0.227238 0.973839 0
    outer loop
      vertex 28.7113 22.0708 2.15
      vertex 29.097 21.9808 1.2
      vertex 28.7113 22.0708 1.2
    endloop
  endfacet
  facet normal 0.0664602 0.997789 -0
    outer loop
      vertex 28.7113 22.0708 1.2
      vertex 28.2609 22.1008 2.15
      vertex 28.7113 22.0708 2.15
    endloop
  endfacet
  facet normal 0.0664602 0.997789 0
    outer loop
      vertex 28.2609 22.1008 2.15
      vertex 28.7113 22.0708 1.2
      vertex 28.2609 22.1008 1.2
    endloop
  endfacet
  facet normal -0.049811 0.998759 0
    outer loop
      vertex 28.2609 22.1008 1.2
      vertex 27.9461 22.0851 2.15
      vertex 28.2609 22.1008 2.15
    endloop
  endfacet
  facet normal -0.049811 0.998759 0
    outer loop
      vertex 27.9461 22.0851 2.15
      vertex 28.2609 22.1008 1.2
      vertex 27.9461 22.0851 1.2
    endloop
  endfacet
  facet normal -0.16201 0.986789 0
    outer loop
      vertex 27.9461 22.0851 1.2
      vertex 27.658 22.0378 2.15
      vertex 27.9461 22.0851 2.15
    endloop
  endfacet
  facet normal -0.16201 0.986789 0
    outer loop
      vertex 27.658 22.0378 2.15
      vertex 27.9461 22.0851 1.2
      vertex 27.658 22.0378 1.2
    endloop
  endfacet
  facet normal -0.289062 0.95731 0
    outer loop
      vertex 27.658 22.0378 1.2
      vertex 27.3967 21.9589 2.15
      vertex 27.658 22.0378 2.15
    endloop
  endfacet
  facet normal -0.289062 0.95731 0
    outer loop
      vertex 27.3967 21.9589 2.15
      vertex 27.658 22.0378 1.2
      vertex 27.3967 21.9589 1.2
    endloop
  endfacet
  facet normal -0.425778 0.904827 0
    outer loop
      vertex 27.3967 21.9589 1.2
      vertex 27.1623 21.8486 2.15
      vertex 27.3967 21.9589 2.15
    endloop
  endfacet
  facet normal -0.425778 0.904827 0
    outer loop
      vertex 27.1623 21.8486 2.15
      vertex 27.3967 21.9589 1.2
      vertex 27.1623 21.8486 1.2
    endloop
  endfacet
  facet normal -0.568951 0.822372 0
    outer loop
      vertex 27.1623 21.8486 1.2
      vertex 26.9478 21.7002 2.15
      vertex 27.1623 21.8486 2.15
    endloop
  endfacet
  facet normal -0.568951 0.822372 0
    outer loop
      vertex 26.9478 21.7002 2.15
      vertex 27.1623 21.8486 1.2
      vertex 26.9478 21.7002 1.2
    endloop
  endfacet
  facet normal -0.691687 0.722197 0
    outer loop
      vertex 26.9478 21.7002 1.2
      vertex 26.7466 21.5075 2.15
      vertex 26.9478 21.7002 2.15
    endloop
  endfacet
  facet normal -0.691687 0.722197 0
    outer loop
      vertex 26.7466 21.5075 2.15
      vertex 26.9478 21.7002 1.2
      vertex 26.7466 21.5075 1.2
    endloop
  endfacet
  facet normal -0.783697 0.621143 0
    outer loop
      vertex 26.5586 21.2703 1.2
      vertex 26.7466 21.5075 2.15
      vertex 26.7466 21.5075 1.2
    endloop
  endfacet
  facet normal -0.783697 0.621143 0
    outer loop
      vertex 26.7466 21.5075 2.15
      vertex 26.5586 21.2703 1.2
      vertex 26.5586 21.2703 2.15
    endloop
  endfacet
  facet normal -0.849757 0.527175 0
    outer loop
      vertex 26.3839 20.9887 1.2
      vertex 26.5586 21.2703 2.15
      vertex 26.5586 21.2703 1.2
    endloop
  endfacet
  facet normal -0.849757 0.527175 0
    outer loop
      vertex 26.5586 21.2703 2.15
      vertex 26.3839 20.9887 1.2
      vertex 26.3839 20.9887 2.15
    endloop
  endfacet
  facet normal 0 1 -0
    outer loop
      vertex 26.3839 20.9887 1.2
      vertex 26.3676 20.9887 2.15
      vertex 26.3839 20.9887 2.15
    endloop
  endfacet
  facet normal 0 1 0
    outer loop
      vertex 26.3676 20.9887 2.15
      vertex 26.3839 20.9887 1.2
      vertex 26.3676 20.9887 1.2
    endloop
  endfacet
  facet normal 0.999639 0.0268666 0
    outer loop
      vertex 26.3676 20.9887 2.15
      vertex 26.3623 21.1859 1.2
      vertex 26.3623 21.1859 2.15
    endloop
  endfacet
  facet normal 0.999639 0.0268666 0
    outer loop
      vertex 26.3623 21.1859 1.2
      vertex 26.3676 20.9887 2.15
      vertex 26.3676 20.9887 1.2
    endloop
  endfacet
  facet normal 0.999548 0.0300662 0
    outer loop
      vertex 26.3623 21.1859 2.15
      vertex 26.3574 21.3488 1.2
      vertex 26.3574 21.3488 2.15
    endloop
  endfacet
  facet normal 0.999548 0.0300662 0
    outer loop
      vertex 26.3574 21.3488 1.2
      vertex 26.3623 21.1859 2.15
      vertex 26.3623 21.1859 1.2
    endloop
  endfacet
  facet normal 0.999361 0.035747 0
    outer loop
      vertex 26.3574 21.3488 2.15
      vertex 26.3528 21.4774 1.2
      vertex 26.3528 21.4774 2.15
    endloop
  endfacet
  facet normal 0.999361 0.035747 0
    outer loop
      vertex 26.3528 21.4774 1.2
      vertex 26.3574 21.3488 2.15
      vertex 26.3574 21.3488 1.2
    endloop
  endfacet
  facet normal 0.999014 0.0444006 0
    outer loop
      vertex 26.3528 21.4774 2.15
      vertex 26.3486 21.5719 1.2
      vertex 26.3486 21.5719 2.15
    endloop
  endfacet
  facet normal 0.999014 0.0444006 0
    outer loop
      vertex 26.3486 21.5719 1.2
      vertex 26.3528 21.4774 2.15
      vertex 26.3528 21.4774 1.2
    endloop
  endfacet
  facet normal 0.998654 0.0518609 0
    outer loop
      vertex 26.3486 21.5719 2.15
      vertex 26.3447 21.647 1.2
      vertex 26.3447 21.647 2.15
    endloop
  endfacet
  facet normal 0.998654 0.0518609 0
    outer loop
      vertex 26.3447 21.647 1.2
      vertex 26.3486 21.5719 2.15
      vertex 26.3486 21.5719 1.2
    endloop
  endfacet
  facet normal 0.998706 0.0508535 0
    outer loop
      vertex 26.3447 21.647 2.15
      vertex 26.3411 21.7177 1.2
      vertex 26.3411 21.7177 2.15
    endloop
  endfacet
  facet normal 0.998706 0.0508535 0
    outer loop
      vertex 26.3411 21.7177 1.2
      vertex 26.3447 21.647 2.15
      vertex 26.3447 21.647 1.2
    endloop
  endfacet
  facet normal 0.998837 0.0482093 0
    outer loop
      vertex 26.3411 21.7177 2.15
      vertex 26.3379 21.784 1.2
      vertex 26.3379 21.784 2.15
    endloop
  endfacet
  facet normal 0.998837 0.0482093 0
    outer loop
      vertex 26.3379 21.784 1.2
      vertex 26.3411 21.7177 2.15
      vertex 26.3411 21.7177 1.2
    endloop
  endfacet
  facet normal 0.998904 0.0467984 0
    outer loop
      vertex 26.3379 21.784 2.15
      vertex 26.335 21.8459 1.2
      vertex 26.335 21.8459 2.15
    endloop
  endfacet
  facet normal 0.998904 0.0467984 0
    outer loop
      vertex 26.335 21.8459 1.2
      vertex 26.3379 21.784 2.15
      vertex 26.3379 21.784 1.2
    endloop
  endfacet
  facet normal 0.998748 0.05003 0
    outer loop
      vertex 26.335 21.8459 2.15
      vertex 26.3323 21.8998 1.2
      vertex 26.3323 21.8998 2.15
    endloop
  endfacet
  facet normal 0.998748 0.05003 0
    outer loop
      vertex 26.3323 21.8998 1.2
      vertex 26.335 21.8459 2.15
      vertex 26.335 21.8459 1.2
    endloop
  endfacet
  facet normal 0.997979 0.0635505 0
    outer loop
      vertex 26.3323 21.8998 2.15
      vertex 26.3296 21.9422 1.2
      vertex 26.3296 21.9422 2.15
    endloop
  endfacet
  facet normal 0.997979 0.0635505 0
    outer loop
      vertex 26.3296 21.9422 1.2
      vertex 26.3323 21.8998 2.15
      vertex 26.3323 21.8998 1.2
    endloop
  endfacet
  facet normal 0.99618 0.0873274 0
    outer loop
      vertex 26.3296 21.9422 2.15
      vertex 26.3269 21.973 1.2
      vertex 26.3269 21.973 2.15
    endloop
  endfacet
  facet normal 0.99618 0.0873274 0
    outer loop
      vertex 26.3269 21.973 1.2
      vertex 26.3296 21.9422 2.15
      vertex 26.3296 21.9422 1.2
    endloop
  endfacet
  facet normal 0.990356 0.138547 0
    outer loop
      vertex 26.3269 21.973 2.15
      vertex 26.3242 21.9923 1.2
      vertex 26.3242 21.9923 2.15
    endloop
  endfacet
  facet normal 0.990356 0.138547 0
    outer loop
      vertex 26.3242 21.9923 1.2
      vertex 26.3269 21.973 2.15
      vertex 26.3269 21.973 1.2
    endloop
  endfacet
  facet normal 0 1 -0
    outer loop
      vertex 26.3242 21.9923 1.2
      vertex 25.4019 21.9923 2.15
      vertex 26.3242 21.9923 2.15
    endloop
  endfacet
  facet normal 0 1 0
    outer loop
      vertex 25.4019 21.9923 2.15
      vertex 26.3242 21.9923 1.2
      vertex 25.4019 21.9923 1.2
    endloop
  endfacet
  facet normal -0.996206 -0.0870235 0
    outer loop
      vertex 25.4162 21.8286 1.2
      vertex 25.4019 21.9923 2.15
      vertex 25.4019 21.9923 1.2
    endloop
  endfacet
  facet normal -0.996206 -0.0870235 0
    outer loop
      vertex 25.4019 21.9923 2.15
      vertex 25.4162 21.8286 1.2
      vertex 25.4162 21.8286 2.15
    endloop
  endfacet
  facet normal -0.999266 -0.038302 0
    outer loop
      vertex 25.4263 21.5651 1.2
      vertex 25.4162 21.8286 2.15
      vertex 25.4162 21.8286 1.2
    endloop
  endfacet
  facet normal -0.999266 -0.038302 0
    outer loop
      vertex 25.4162 21.8286 2.15
      vertex 25.4263 21.5651 1.2
      vertex 25.4263 21.5651 2.15
    endloop
  endfacet
  facet normal -0.999859 -0.0167974 0
    outer loop
      vertex 25.4324 21.202 1.2
      vertex 25.4263 21.5651 2.15
      vertex 25.4263 21.5651 1.2
    endloop
  endfacet
  facet normal -0.999859 -0.0167974 0
    outer loop
      vertex 25.4263 21.5651 2.15
      vertex 25.4324 21.202 1.2
      vertex 25.4324 21.202 2.15
    endloop
  endfacet
  facet normal -0.999991 -0.00432055 0
    outer loop
      vertex 25.4344 20.7391 1.2
      vertex 25.4324 21.202 2.15
      vertex 25.4324 21.202 1.2
    endloop
  endfacet
  facet normal -0.999991 -0.00432055 0
    outer loop
      vertex 25.4324 21.202 2.15
      vertex 25.4344 20.7391 1.2
      vertex 25.4344 20.7391 2.15
    endloop
  endfacet
  facet normal -1 0 0
    outer loop
      vertex 25.4344 16.1225 1.2
      vertex 25.4344 20.7391 2.15
      vertex 25.4344 20.7391 1.2
    endloop
  endfacet
  facet normal -1 -0 0
    outer loop
      vertex 25.4344 20.7391 2.15
      vertex 25.4344 16.1225 1.2
      vertex 25.4344 16.1225 2.15
    endloop
  endfacet
  facet normal 0 -1 0
    outer loop
      vertex 25.4344 16.1225 1.2
      vertex 26.411 16.1225 2.15
      vertex 25.4344 16.1225 2.15
    endloop
  endfacet
  facet normal 0 -1 -0
    outer loop
      vertex 26.411 16.1225 2.15
      vertex 25.4344 16.1225 1.2
      vertex 26.411 16.1225 1.2
    endloop
  endfacet
  facet normal 1 -0 0
    outer loop
      vertex 26.411 16.1225 2.15
      vertex 26.411 19.5239 1.2
      vertex 26.411 19.5239 2.15
    endloop
  endfacet
  facet normal 1 0 0
    outer loop
      vertex 26.411 19.5239 1.2
      vertex 26.411 16.1225 2.15
      vertex 26.411 16.1225 1.2
    endloop
  endfacet
  facet normal 0.998027 -0.0627922 0
    outer loop
      vertex 84.3201 19.5239 2.15
      vertex 84.3456 19.9292 1.2
      vertex 84.3456 19.9292 2.15
    endloop
  endfacet
  facet normal 0.998027 -0.0627922 0
    outer loop
      vertex 84.3456 19.9292 1.2
      vertex 84.3201 19.5239 2.15
      vertex 84.3201 19.5239 1.2
    endloop
  endfacet
  facet normal 0.978125 -0.208019 0
    outer loop
      vertex 84.3456 19.9292 2.15
      vertex 84.4218 20.2875 1.2
      vertex 84.4218 20.2875 2.15
    endloop
  endfacet
  facet normal 0.978125 -0.208019 0
    outer loop
      vertex 84.4218 20.2875 1.2
      vertex 84.3456 19.9292 2.15
      vertex 84.3456 19.9292 1.2
    endloop
  endfacet
  facet normal 0.925831 -0.377939 0
    outer loop
      vertex 84.4218 20.2875 2.15
      vertex 84.549 20.5991 1.2
      vertex 84.549 20.5991 2.15
    endloop
  endfacet
  facet normal 0.925831 -0.377939 0
    outer loop
      vertex 84.549 20.5991 1.2
      vertex 84.4218 20.2875 2.15
      vertex 84.4218 20.2875 1.2
    endloop
  endfacet
  facet normal 0.829923 -0.557879 0
    outer loop
      vertex 84.549 20.5991 2.15
      vertex 84.727 20.8639 1.2
      vertex 84.727 20.8639 2.15
    endloop
  endfacet
  facet normal 0.829923 -0.557879 0
    outer loop
      vertex 84.727 20.8639 1.2
      vertex 84.549 20.5991 2.15
      vertex 84.549 20.5991 1.2
    endloop
  endfacet
  facet normal 0.689272 -0.724502 0
    outer loop
      vertex 84.727 20.8639 1.2
      vertex 84.9491 21.0752 2.15
      vertex 84.727 20.8639 2.15
    endloop
  endfacet
  facet normal 0.689272 -0.724502 0
    outer loop
      vertex 84.9491 21.0752 2.15
      vertex 84.727 20.8639 1.2
      vertex 84.9491 21.0752 1.2
    endloop
  endfacet
  facet normal 0.502586 -0.864527 0
    outer loop
      vertex 84.9491 21.0752 1.2
      vertex 85.2085 21.226 2.15
      vertex 84.9491 21.0752 2.15
    endloop
  endfacet
  facet normal 0.502586 -0.864527 0
    outer loop
      vertex 85.2085 21.226 2.15
      vertex 84.9491 21.0752 1.2
      vertex 85.2085 21.226 1.2
    endloop
  endfacet
  facet normal 0.292137 -0.956377 0
    outer loop
      vertex 85.2085 21.226 1.2
      vertex 85.5051 21.3166 2.15
      vertex 85.2085 21.226 2.15
    endloop
  endfacet
  facet normal 0.292137 -0.956377 0
    outer loop
      vertex 85.5051 21.3166 2.15
      vertex 85.2085 21.226 1.2
      vertex 85.5051 21.3166 1.2
    endloop
  endfacet
  facet normal 0.089756 -0.995964 0
    outer loop
      vertex 85.5051 21.3166 1.2
      vertex 85.8391 21.3467 2.15
      vertex 85.5051 21.3166 2.15
    endloop
  endfacet
  facet normal 0.089756 -0.995964 0
    outer loop
      vertex 85.8391 21.3467 2.15
      vertex 85.5051 21.3166 1.2
      vertex 85.8391 21.3467 1.2
    endloop
  endfacet
  facet normal -0.0387715 -0.999248 0
    outer loop
      vertex 85.8391 21.3467 1.2
      vertex 86.0659 21.3379 2.15
      vertex 85.8391 21.3467 2.15
    endloop
  endfacet
  facet normal -0.0387715 -0.999248 -0
    outer loop
      vertex 86.0659 21.3379 2.15
      vertex 85.8391 21.3467 1.2
      vertex 86.0659 21.3379 1.2
    endloop
  endfacet
  facet normal -0.132427 -0.991193 0
    outer loop
      vertex 86.0659 21.3379 1.2
      vertex 86.2635 21.3115 2.15
      vertex 86.0659 21.3379 2.15
    endloop
  endfacet
  facet normal -0.132427 -0.991193 -0
    outer loop
      vertex 86.2635 21.3115 2.15
      vertex 86.0659 21.3379 1.2
      vertex 86.2635 21.3115 1.2
    endloop
  endfacet
  facet normal -0.253053 -0.967453 0
    outer loop
      vertex 86.2635 21.3115 1.2
      vertex 86.4321 21.2674 2.15
      vertex 86.2635 21.3115 2.15
    endloop
  endfacet
  facet normal -0.253053 -0.967453 -0
    outer loop
      vertex 86.4321 21.2674 2.15
      vertex 86.2635 21.3115 1.2
      vertex 86.4321 21.2674 1.2
    endloop
  endfacet
  facet normal -0.404981 -0.914325 0
    outer loop
      vertex 86.4321 21.2674 1.2
      vertex 86.5714 21.2057 2.15
      vertex 86.4321 21.2674 2.15
    endloop
  endfacet
  facet normal -0.404981 -0.914325 -0
    outer loop
      vertex 86.5714 21.2057 2.15
      vertex 86.4321 21.2674 1.2
      vertex 86.5714 21.2057 1.2
    endloop
  endfacet
  facet normal -0.574831 -0.818272 0
    outer loop
      vertex 86.5714 21.2057 1.2
      vertex 86.6877 21.124 2.15
      vertex 86.5714 21.2057 2.15
    endloop
  endfacet
  facet normal -0.574831 -0.818272 -0
    outer loop
      vertex 86.6877 21.124 2.15
      vertex 86.5714 21.2057 1.2
      vertex 86.6877 21.124 1.2
    endloop
  endfacet
  facet normal -0.723245 -0.690591 0
    outer loop
      vertex 86.7871 21.0199 1.2
      vertex 86.6877 21.124 2.15
      vertex 86.6877 21.124 1.2
    endloop
  endfacet
  facet normal -0.723245 -0.690591 0
    outer loop
      vertex 86.6877 21.124 2.15
      vertex 86.7871 21.0199 1.2
      vertex 86.7871 21.0199 2.15
    endloop
  endfacet
  facet normal -0.837914 -0.545803 0
    outer loop
      vertex 86.8695 20.8934 1.2
      vertex 86.7871 21.0199 2.15
      vertex 86.7871 21.0199 1.2
    endloop
  endfacet
  facet normal -0.837914 -0.545803 0
    outer loop
      vertex 86.7871 21.0199 2.15
      vertex 86.8695 20.8934 1.2
      vertex 86.8695 20.8934 2.15
    endloop
  endfacet
  facet normal -0.915478 -0.402367 0
    outer loop
      vertex 86.9349 20.7446 1.2
      vertex 86.8695 20.8934 2.15
      vertex 86.8695 20.8934 1.2
    endloop
  endfacet
  facet normal -0.915478 -0.402367 0
    outer loop
      vertex 86.8695 20.8934 2.15
      vertex 86.9349 20.7446 1.2
      vertex 86.9349 20.7446 2.15
    endloop
  endfacet
  facet normal -0.962201 -0.272342 0
    outer loop
      vertex 86.9848 20.5683 1.2
      vertex 86.9349 20.7446 2.15
      vertex 86.9349 20.7446 1.2
    endloop
  endfacet
  facet normal -0.962201 -0.272342 0
    outer loop
      vertex 86.9349 20.7446 2.15
      vertex 86.9848 20.5683 1.2
      vertex 86.9848 20.5683 2.15
    endloop
  endfacet
  facet normal -0.985788 -0.167994 0
    outer loop
      vertex 87.0204 20.3594 1.2
      vertex 86.9848 20.5683 2.15
      vertex 86.9848 20.5683 1.2
    endloop
  endfacet
  facet normal -0.985788 -0.167994 0
    outer loop
      vertex 86.9848 20.5683 2.15
      vertex 87.0204 20.3594 1.2
      vertex 87.0204 20.3594 2.15
    endloop
  endfacet
  facet normal -0.99613 -0.0878938 0
    outer loop
      vertex 87.0417 20.118 1.2
      vertex 87.0204 20.3594 2.15
      vertex 87.0204 20.3594 1.2
    endloop
  endfacet
  facet normal -0.99613 -0.0878938 0
    outer loop
      vertex 87.0204 20.3594 2.15
      vertex 87.0417 20.118 1.2
      vertex 87.0417 20.118 2.15
    endloop
  endfacet
  facet normal -0.999664 -0.0259037 0
    outer loop
      vertex 87.0488 19.844 1.2
      vertex 87.0417 20.118 2.15
      vertex 87.0417 20.118 1.2
    endloop
  endfacet
  facet normal -0.999664 -0.0259037 0
    outer loop
      vertex 87.0417 20.118 2.15
      vertex 87.0488 19.844 1.2
      vertex 87.0488 19.844 2.15
    endloop
  endfacet
  facet normal -1 0 0
    outer loop
      vertex 87.0488 16.1225 1.2
      vertex 87.0488 19.844 2.15
      vertex 87.0488 19.844 1.2
    endloop
  endfacet
  facet normal -1 -0 0
    outer loop
      vertex 87.0488 19.844 2.15
      vertex 87.0488 16.1225 1.2
      vertex 87.0488 16.1225 2.15
    endloop
  endfacet
  facet normal 0 -1 0
    outer loop
      vertex 87.0488 16.1225 1.2
      vertex 88.0308 16.1225 2.15
      vertex 87.0488 16.1225 2.15
    endloop
  endfacet
  facet normal 0 -1 -0
    outer loop
      vertex 88.0308 16.1225 2.15
      vertex 87.0488 16.1225 1.2
      vertex 88.0308 16.1225 1.2
    endloop
  endfacet
  facet normal 1 -0 0
    outer loop
      vertex 88.0308 16.1225 2.15
      vertex 88.0308 20.0339 1.2
      vertex 88.0308 20.0339 2.15
    endloop
  endfacet
  facet normal 1 0 0
    outer loop
      vertex 88.0308 20.0339 1.2
      vertex 88.0308 16.1225 2.15
      vertex 88.0308 16.1225 1.2
    endloop
  endfacet
  facet normal 0.998521 0.054373 0
    outer loop
      vertex 88.0308 20.0339 2.15
      vertex 88.0028 20.5481 1.2
      vertex 88.0028 20.5481 2.15
    endloop
  endfacet
  facet normal 0.998521 0.054373 0
    outer loop
      vertex 88.0028 20.5481 1.2
      vertex 88.0308 20.0339 2.15
      vertex 88.0308 20.0339 1.2
    endloop
  endfacet
  facet normal 0.981976 0.189006 0
    outer loop
      vertex 88.0028 20.5481 2.15
      vertex 87.9189 20.984 1.2
      vertex 87.9189 20.984 2.15
    endloop
  endfacet
  facet normal 0.981976 0.189006 0
    outer loop
      vertex 87.9189 20.984 1.2
      vertex 88.0028 20.5481 2.15
      vertex 88.0028 20.5481 1.2
    endloop
  endfacet
  facet normal 0.931235 0.364419 0
    outer loop
      vertex 87.9189 20.984 2.15
      vertex 87.779 21.3415 1.2
      vertex 87.779 21.3415 2.15
    endloop
  endfacet
  facet normal 0.931235 0.364419 0
    outer loop
      vertex 87.779 21.3415 1.2
      vertex 87.9189 20.984 2.15
      vertex 87.9189 20.984 1.2
    endloop
  endfacet
  facet normal 0.818736 0.574171 0
    outer loop
      vertex 87.779 21.3415 2.15
      vertex 87.5832 21.6207 1.2
      vertex 87.5832 21.6207 2.15
    endloop
  endfacet
  facet normal 0.818736 0.574171 0
    outer loop
      vertex 87.5832 21.6207 1.2
      vertex 87.779 21.3415 2.15
      vertex 87.779 21.3415 1.2
    endloop
  endfacet
  facet normal 0.634108 0.773244 -0
    outer loop
      vertex 87.5832 21.6207 1.2
      vertex 87.327 21.8308 2.15
      vertex 87.5832 21.6207 2.15
    endloop
  endfacet
  facet normal 0.634108 0.773244 0
    outer loop
      vertex 87.327 21.8308 2.15
      vertex 87.5832 21.6207 1.2
      vertex 87.327 21.8308 1.2
    endloop
  endfacet
  facet normal 0.423457 0.905916 -0
    outer loop
      vertex 87.327 21.8308 1.2
      vertex 87.0061 21.9808 2.15
      vertex 87.327 21.8308 2.15
    endloop
  endfacet
  facet normal 0.423457 0.905916 0
    outer loop
      vertex 87.0061 21.9808 2.15
      vertex 87.327 21.8308 1.2
      vertex 87.0061 21.9808 1.2
    endloop
  endfacet
  facet normal 0.227293 0.973826 -0
    outer loop
      vertex 87.0061 21.9808 1.2
      vertex 86.6205 22.0708 2.15
      vertex 87.0061 21.9808 2.15
    endloop
  endfacet
  facet normal 0.227293 0.973826 0
    outer loop
      vertex 86.6205 22.0708 2.15
      vertex 87.0061 21.9808 1.2
      vertex 86.6205 22.0708 1.2
    endloop
  endfacet
  facet normal 0.0664455 0.99779 -0
    outer loop
      vertex 86.6205 22.0708 1.2
      vertex 86.17 22.1008 2.15
      vertex 86.6205 22.0708 2.15
    endloop
  endfacet
  facet normal 0.0664455 0.99779 0
    outer loop
      vertex 86.17 22.1008 2.15
      vertex 86.6205 22.0708 1.2
      vertex 86.17 22.1008 1.2
    endloop
  endfacet
  facet normal -0.049811 0.998759 0
    outer loop
      vertex 86.17 22.1008 1.2
      vertex 85.8552 22.0851 2.15
      vertex 86.17 22.1008 2.15
    endloop
  endfacet
  facet normal -0.049811 0.998759 0
    outer loop
      vertex 85.8552 22.0851 2.15
      vertex 86.17 22.1008 1.2
      vertex 85.8552 22.0851 1.2
    endloop
  endfacet
  facet normal -0.16201 0.986789 0
    outer loop
      vertex 85.8552 22.0851 1.2
      vertex 85.5671 22.0378 2.15
      vertex 85.8552 22.0851 2.15
    endloop
  endfacet
  facet normal -0.16201 0.986789 0
    outer loop
      vertex 85.5671 22.0378 2.15
      vertex 85.8552 22.0851 1.2
      vertex 85.5671 22.0378 1.2
    endloop
  endfacet
  facet normal -0.289163 0.95728 0
    outer loop
      vertex 85.5671 22.0378 1.2
      vertex 85.3059 21.9589 2.15
      vertex 85.5671 22.0378 2.15
    endloop
  endfacet
  facet normal -0.289163 0.95728 0
    outer loop
      vertex 85.3059 21.9589 2.15
      vertex 85.5671 22.0378 1.2
      vertex 85.3059 21.9589 1.2
    endloop
  endfacet
  facet normal -0.42563 0.904897 0
    outer loop
      vertex 85.3059 21.9589 1.2
      vertex 85.0714 21.8486 2.15
      vertex 85.3059 21.9589 2.15
    endloop
  endfacet
  facet normal -0.42563 0.904897 0
    outer loop
      vertex 85.0714 21.8486 2.15
      vertex 85.3059 21.9589 1.2
      vertex 85.0714 21.8486 1.2
    endloop
  endfacet
  facet normal -0.56913 0.822247 0
    outer loop
      vertex 85.0714 21.8486 1.2
      vertex 84.857 21.7002 2.15
      vertex 85.0714 21.8486 2.15
    endloop
  endfacet
  facet normal -0.56913 0.822247 0
    outer loop
      vertex 84.857 21.7002 2.15
      vertex 85.0714 21.8486 1.2
      vertex 84.857 21.7002 1.2
    endloop
  endfacet
  facet normal -0.691687 0.722197 0
    outer loop
      vertex 84.857 21.7002 1.2
      vertex 84.6558 21.5075 2.15
      vertex 84.857 21.7002 2.15
    endloop
  endfacet
  facet normal -0.691687 0.722197 0
    outer loop
      vertex 84.6558 21.5075 2.15
      vertex 84.857 21.7002 1.2
      vertex 84.6558 21.5075 1.2
    endloop
  endfacet
  facet normal -0.783697 0.621143 0
    outer loop
      vertex 84.4678 21.2703 1.2
      vertex 84.6558 21.5075 2.15
      vertex 84.6558 21.5075 1.2
    endloop
  endfacet
  facet normal -0.783697 0.621143 0
    outer loop
      vertex 84.6558 21.5075 2.15
      vertex 84.4678 21.2703 1.2
      vertex 84.4678 21.2703 2.15
    endloop
  endfacet
  facet normal -0.849622 0.527393 0
    outer loop
      vertex 84.293 20.9887 1.2
      vertex 84.4678 21.2703 2.15
      vertex 84.4678 21.2703 1.2
    endloop
  endfacet
  facet normal -0.849622 0.527393 0
    outer loop
      vertex 84.4678 21.2703 2.15
      vertex 84.293 20.9887 1.2
      vertex 84.293 20.9887 2.15
    endloop
  endfacet
  facet normal 0 1 -0
    outer loop
      vertex 84.293 20.9887 1.2
      vertex 84.2767 20.9887 2.15
      vertex 84.293 20.9887 2.15
    endloop
  endfacet
  facet normal 0 1 0
    outer loop
      vertex 84.2767 20.9887 2.15
      vertex 84.293 20.9887 1.2
      vertex 84.2767 20.9887 1.2
    endloop
  endfacet
  facet normal 0.999639 0.0268666 0
    outer loop
      vertex 84.2767 20.9887 2.15
      vertex 84.2714 21.1859 1.2
      vertex 84.2714 21.1859 2.15
    endloop
  endfacet
  facet normal 0.999639 0.0268666 0
    outer loop
      vertex 84.2714 21.1859 1.2
      vertex 84.2767 20.9887 2.15
      vertex 84.2767 20.9887 1.2
    endloop
  endfacet
  facet normal 0.999548 0.0300662 0
    outer loop
      vertex 84.2714 21.1859 2.15
      vertex 84.2665 21.3488 1.2
      vertex 84.2665 21.3488 2.15
    endloop
  endfacet
  facet normal 0.999548 0.0300662 0
    outer loop
      vertex 84.2665 21.3488 1.2
      vertex 84.2714 21.1859 2.15
      vertex 84.2714 21.1859 1.2
    endloop
  endfacet
  facet normal 0.999388 0.0349708 0
    outer loop
      vertex 84.2665 21.3488 2.15
      vertex 84.262 21.4774 1.2
      vertex 84.262 21.4774 2.15
    endloop
  endfacet
  facet normal 0.999388 0.0349708 0
    outer loop
      vertex 84.262 21.4774 1.2
      vertex 84.2665 21.3488 2.15
      vertex 84.2665 21.3488 1.2
    endloop
  endfacet
  facet normal 0.998966 0.0454556 0
    outer loop
      vertex 84.262 21.4774 2.15
      vertex 84.2577 21.5719 1.2
      vertex 84.2577 21.5719 2.15
    endloop
  endfacet
  facet normal 0.998966 0.0454556 0
    outer loop
      vertex 84.2577 21.5719 1.2
      vertex 84.262 21.4774 2.15
      vertex 84.262 21.4774 1.2
    endloop
  endfacet
  facet normal 0.998654 0.0518609 0
    outer loop
      vertex 84.2577 21.5719 2.15
      vertex 84.2538 21.647 1.2
      vertex 84.2538 21.647 2.15
    endloop
  endfacet
  facet normal 0.998654 0.0518609 0
    outer loop
      vertex 84.2538 21.647 1.2
      vertex 84.2577 21.5719 2.15
      vertex 84.2577 21.5719 1.2
    endloop
  endfacet
  facet normal 0.998706 0.0508535 0
    outer loop
      vertex 84.2538 21.647 2.15
      vertex 84.2502 21.7177 1.2
      vertex 84.2502 21.7177 2.15
    endloop
  endfacet
  facet normal 0.998706 0.0508535 0
    outer loop
      vertex 84.2502 21.7177 1.2
      vertex 84.2538 21.647 2.15
      vertex 84.2538 21.647 1.2
    endloop
  endfacet
  facet normal 0.998837 0.0482093 0
    outer loop
      vertex 84.2502 21.7177 2.15
      vertex 84.247 21.784 1.2
      vertex 84.247 21.784 2.15
    endloop
  endfacet
  facet normal 0.998837 0.0482093 0
    outer loop
      vertex 84.247 21.784 1.2
      vertex 84.2502 21.7177 2.15
      vertex 84.2502 21.7177 1.2
    endloop
  endfacet
  facet normal 0.998904 0.0467984 0
    outer loop
      vertex 84.247 21.784 2.15
      vertex 84.2441 21.8459 1.2
      vertex 84.2441 21.8459 2.15
    endloop
  endfacet
  facet normal 0.998904 0.0467984 0
    outer loop
      vertex 84.2441 21.8459 1.2
      vertex 84.247 21.784 2.15
      vertex 84.247 21.784 1.2
    endloop
  endfacet
  facet normal 0.998748 0.05003 0
    outer loop
      vertex 84.2441 21.8459 2.15
      vertex 84.2414 21.8998 1.2
      vertex 84.2414 21.8998 2.15
    endloop
  endfacet
  facet normal 0.998748 0.05003 0
    outer loop
      vertex 84.2414 21.8998 1.2
      vertex 84.2441 21.8459 2.15
      vertex 84.2441 21.8459 1.2
    endloop
  endfacet
  facet normal 0.997979 0.0635505 0
    outer loop
      vertex 84.2414 21.8998 2.15
      vertex 84.2387 21.9422 1.2
      vertex 84.2387 21.9422 2.15
    endloop
  endfacet
  facet normal 0.997979 0.0635505 0
    outer loop
      vertex 84.2387 21.9422 1.2
      vertex 84.2414 21.8998 2.15
      vertex 84.2414 21.8998 1.2
    endloop
  endfacet
  facet normal 0.99618 0.0873274 0
    outer loop
      vertex 84.2387 21.9422 2.15
      vertex 84.236 21.973 1.2
      vertex 84.236 21.973 2.15
    endloop
  endfacet
  facet normal 0.99618 0.0873274 0
    outer loop
      vertex 84.236 21.973 1.2
      vertex 84.2387 21.9422 2.15
      vertex 84.2387 21.9422 1.2
    endloop
  endfacet
  facet normal 0.990356 0.138547 0
    outer loop
      vertex 84.236 21.973 2.15
      vertex 84.2333 21.9923 1.2
      vertex 84.2333 21.9923 2.15
    endloop
  endfacet
  facet normal 0.990356 0.138547 0
    outer loop
      vertex 84.2333 21.9923 1.2
      vertex 84.236 21.973 2.15
      vertex 84.236 21.973 1.2
    endloop
  endfacet
  facet normal 0 1 -0
    outer loop
      vertex 84.2333 21.9923 1.2
      vertex 83.3111 21.9923 2.15
      vertex 84.2333 21.9923 2.15
    endloop
  endfacet
  facet normal 0 1 0
    outer loop
      vertex 83.3111 21.9923 2.15
      vertex 84.2333 21.9923 1.2
      vertex 83.3111 21.9923 1.2
    endloop
  endfacet
  facet normal -0.996259 -0.0864195 0
    outer loop
      vertex 83.3253 21.8286 1.2
      vertex 83.3111 21.9923 2.15
      vertex 83.3111 21.9923 1.2
    endloop
  endfacet
  facet normal -0.996259 -0.0864195 0
    outer loop
      vertex 83.3111 21.9923 2.15
      vertex 83.3253 21.8286 1.2
      vertex 83.3253 21.8286 2.15
    endloop
  endfacet
  facet normal -0.999266 -0.038302 0
    outer loop
      vertex 83.3354 21.5651 1.2
      vertex 83.3253 21.8286 2.15
      vertex 83.3253 21.8286 1.2
    endloop
  endfacet
  facet normal -0.999266 -0.038302 0
    outer loop
      vertex 83.3253 21.8286 2.15
      vertex 83.3354 21.5651 1.2
      vertex 83.3354 21.5651 2.15
    endloop
  endfacet
  facet normal -0.999859 -0.0167974 0
    outer loop
      vertex 83.3415 21.202 1.2
      vertex 83.3354 21.5651 2.15
      vertex 83.3354 21.5651 1.2
    endloop
  endfacet
  facet normal -0.999859 -0.0167974 0
    outer loop
      vertex 83.3354 21.5651 2.15
      vertex 83.3415 21.202 1.2
      vertex 83.3415 21.202 2.15
    endloop
  endfacet
  facet normal -0.99999 -0.00453657 0
    outer loop
      vertex 83.3436 20.7391 1.2
      vertex 83.3415 21.202 2.15
      vertex 83.3415 21.202 1.2
    endloop
  endfacet
  facet normal -0.99999 -0.00453657 0
    outer loop
      vertex 83.3415 21.202 2.15
      vertex 83.3436 20.7391 1.2
      vertex 83.3436 20.7391 2.15
    endloop
  endfacet
  facet normal -1 0 0
    outer loop
      vertex 83.3436 16.1225 1.2
      vertex 83.3436 20.7391 2.15
      vertex 83.3436 20.7391 1.2
    endloop
  endfacet
  facet normal -1 -0 0
    outer loop
      vertex 83.3436 20.7391 2.15
      vertex 83.3436 16.1225 1.2
      vertex 83.3436 16.1225 2.15
    endloop
  endfacet
  facet normal 0 -1 0
    outer loop
      vertex 83.3436 16.1225 1.2
      vertex 84.3201 16.1225 2.15
      vertex 83.3436 16.1225 2.15
    endloop
  endfacet
  facet normal 0 -1 -0
    outer loop
      vertex 84.3201 16.1225 2.15
      vertex 83.3436 16.1225 1.2
      vertex 84.3201 16.1225 1.2
    endloop
  endfacet
  facet normal 1 -0 0
    outer loop
      vertex 84.3201 16.1225 2.15
      vertex 84.3201 19.5239 1.2
      vertex 84.3201 19.5239 2.15
    endloop
  endfacet
  facet normal 1 0 0
    outer loop
      vertex 84.3201 19.5239 1.2
      vertex 84.3201 16.1225 2.15
      vertex 84.3201 16.1225 1.2
    endloop
  endfacet
  facet normal 0.163993 -0.986462 0
    outer loop
      vertex 62.2359 16.0315 1.2
      vertex 62.5511 16.0839 2.15
      vertex 62.2359 16.0315 2.15
    endloop
  endfacet
  facet normal 0.163993 -0.986462 0
    outer loop
      vertex 62.5511 16.0839 2.15
      vertex 62.2359 16.0315 1.2
      vertex 62.5511 16.0839 1.2
    endloop
  endfacet
  facet normal 0.289814 -0.957083 0
    outer loop
      vertex 62.5511 16.0839 1.2
      vertex 62.8394 16.1712 2.15
      vertex 62.5511 16.0839 2.15
    endloop
  endfacet
  facet normal 0.289814 -0.957083 0
    outer loop
      vertex 62.8394 16.1712 2.15
      vertex 62.5511 16.0839 1.2
      vertex 62.8394 16.1712 1.2
    endloop
  endfacet
  facet normal 0.423227 -0.906024 0
    outer loop
      vertex 62.8394 16.1712 1.2
      vertex 63.101 16.2934 2.15
      vertex 62.8394 16.1712 2.15
    endloop
  endfacet
  facet normal 0.423227 -0.906024 0
    outer loop
      vertex 63.101 16.2934 2.15
      vertex 62.8394 16.1712 1.2
      vertex 63.101 16.2934 1.2
    endloop
  endfacet
  facet normal 0.563933 -0.82582 0
    outer loop
      vertex 63.101 16.2934 1.2
      vertex 63.3416 16.4577 2.15
      vertex 63.101 16.2934 2.15
    endloop
  endfacet
  facet normal 0.563933 -0.82582 0
    outer loop
      vertex 63.3416 16.4577 2.15
      vertex 63.101 16.2934 1.2
      vertex 63.3416 16.4577 1.2
    endloop
  endfacet
  facet normal 0.687673 -0.72602 0
    outer loop
      vertex 63.3416 16.4577 1.2
      vertex 63.5669 16.6711 2.15
      vertex 63.3416 16.4577 2.15
    endloop
  endfacet
  facet normal 0.687673 -0.72602 0
    outer loop
      vertex 63.5669 16.6711 2.15
      vertex 63.3416 16.4577 1.2
      vertex 63.5669 16.6711 1.2
    endloop
  endfacet
  facet normal 0.78084 -0.624731 0
    outer loop
      vertex 63.5669 16.6711 2.15
      vertex 63.777 16.9337 1.2
      vertex 63.777 16.9337 2.15
    endloop
  endfacet
  facet normal 0.78084 -0.624731 0
    outer loop
      vertex 63.777 16.9337 1.2
      vertex 63.5669 16.6711 2.15
      vertex 63.5669 16.6711 1.2
    endloop
  endfacet
  facet normal 0.84809 -0.529852 0
    outer loop
      vertex 63.777 16.9337 2.15
      vertex 63.9718 17.2455 1.2
      vertex 63.9718 17.2455 2.15
    endloop
  endfacet
  facet normal 0.84809 -0.529852 0
    outer loop
      vertex 63.9718 17.2455 1.2
      vertex 63.777 16.9337 2.15
      vertex 63.777 16.9337 1.2
    endloop
  endfacet
  facet normal 0 -1 0
    outer loop
      vertex 63.9718 17.2455 1.2
      vertex 64.0042 17.2455 2.15
      vertex 63.9718 17.2455 2.15
    endloop
  endfacet
  facet normal 0 -1 -0
    outer loop
      vertex 64.0042 17.2455 2.15
      vertex 63.9718 17.2455 1.2
      vertex 64.0042 17.2455 1.2
    endloop
  endfacet
  facet normal -0.994565 -0.104119 0
    outer loop
      vertex 64.0339 16.9618 1.2
      vertex 64.0042 17.2455 2.15
      vertex 64.0042 17.2455 1.2
    endloop
  endfacet
  facet normal -0.994565 -0.104119 0
    outer loop
      vertex 64.0042 17.2455 2.15
      vertex 64.0339 16.9618 1.2
      vertex 64.0339 16.9618 2.15
    endloop
  endfacet
  facet normal -0.974059 -0.226293 0
    outer loop
      vertex 64.0904 16.7186 1.2
      vertex 64.0339 16.9618 2.15
      vertex 64.0339 16.9618 1.2
    endloop
  endfacet
  facet normal -0.974059 -0.226293 0
    outer loop
      vertex 64.0339 16.9618 2.15
      vertex 64.0904 16.7186 1.2
      vertex 64.0904 16.7186 2.15
    endloop
  endfacet
  facet normal -0.9253 -0.379236 0
    outer loop
      vertex 64.1736 16.5156 1.2
      vertex 64.0904 16.7186 2.15
      vertex 64.0904 16.7186 1.2
    endloop
  endfacet
  facet normal -0.9253 -0.379236 0
    outer loop
      vertex 64.0904 16.7186 2.15
      vertex 64.1736 16.5156 1.2
      vertex 64.1736 16.5156 2.15
    endloop
  endfacet
  facet normal -0.828109 -0.560566 0
    outer loop
      vertex 64.2836 16.3531 1.2
      vertex 64.1736 16.5156 2.15
      vertex 64.1736 16.5156 1.2
    endloop
  endfacet
  facet normal -0.828109 -0.560566 0
    outer loop
      vertex 64.1736 16.5156 2.15
      vertex 64.2836 16.3531 1.2
      vertex 64.2836 16.3531 2.15
    endloop
  endfacet
  facet normal -0.659816 -0.751427 0
    outer loop
      vertex 64.2836 16.3531 1.2
      vertex 64.4255 16.2285 2.15
      vertex 64.2836 16.3531 2.15
    endloop
  endfacet
  facet normal -0.659816 -0.751427 -0
    outer loop
      vertex 64.4255 16.2285 2.15
      vertex 64.2836 16.3531 1.2
      vertex 64.4255 16.2285 1.2
    endloop
  endfacet
  facet normal -0.445411 -0.895326 0
    outer loop
      vertex 64.4255 16.2285 1.2
      vertex 64.6044 16.1395 2.15
      vertex 64.4255 16.2285 2.15
    endloop
  endfacet
  facet normal -0.445411 -0.895326 -0
    outer loop
      vertex 64.6044 16.1395 2.15
      vertex 64.4255 16.2285 1.2
      vertex 64.6044 16.1395 1.2
    endloop
  endfacet
  facet normal -0.240206 -0.970722 0
    outer loop
      vertex 64.6044 16.1395 1.2
      vertex 64.8202 16.0861 2.15
      vertex 64.6044 16.1395 2.15
    endloop
  endfacet
  facet normal -0.240206 -0.970722 -0
    outer loop
      vertex 64.8202 16.0861 2.15
      vertex 64.6044 16.1395 1.2
      vertex 64.8202 16.0861 1.2
    endloop
  endfacet
  facet normal -0.0702375 -0.99753 0
    outer loop
      vertex 64.8202 16.0861 1.2
      vertex 65.073 16.0683 2.15
      vertex 64.8202 16.0861 2.15
    endloop
  endfacet
  facet normal -0.0702375 -0.99753 -0
    outer loop
      vertex 65.073 16.0683 2.15
      vertex 64.8202 16.0861 1.2
      vertex 65.073 16.0683 1.2
    endloop
  endfacet
  facet normal 0.0281725 -0.999603 0
    outer loop
      vertex 65.073 16.0683 1.2
      vertex 65.2646 16.0737 2.15
      vertex 65.073 16.0683 2.15
    endloop
  endfacet
  facet normal 0.0281725 -0.999603 0
    outer loop
      vertex 65.2646 16.0737 2.15
      vertex 65.073 16.0683 1.2
      vertex 65.2646 16.0737 1.2
    endloop
  endfacet
  facet normal 0.0856994 -0.996321 0
    outer loop
      vertex 65.2646 16.0737 1.2
      vertex 65.4541 16.09 2.15
      vertex 65.2646 16.0737 2.15
    endloop
  endfacet
  facet normal 0.0856994 -0.996321 0
    outer loop
      vertex 65.4541 16.09 2.15
      vertex 65.2646 16.0737 1.2
      vertex 65.4541 16.09 1.2
    endloop
  endfacet
  facet normal 0.143047 -0.989716 0
    outer loop
      vertex 65.4541 16.09 1.2
      vertex 65.6416 16.1171 2.15
      vertex 65.4541 16.09 2.15
    endloop
  endfacet
  facet normal 0.143047 -0.989716 0
    outer loop
      vertex 65.6416 16.1171 2.15
      vertex 65.4541 16.09 1.2
      vertex 65.6416 16.1171 1.2
    endloop
  endfacet
  facet normal 0.200788 -0.979635 0
    outer loop
      vertex 65.6416 16.1171 1.2
      vertex 65.827 16.1551 2.15
      vertex 65.6416 16.1171 2.15
    endloop
  endfacet
  facet normal 0.200788 -0.979635 0
    outer loop
      vertex 65.827 16.1551 2.15
      vertex 65.6416 16.1171 1.2
      vertex 65.827 16.1551 1.2
    endloop
  endfacet
  facet normal 1 -0 0
    outer loop
      vertex 65.827 16.1551 2.15
      vertex 65.827 16.7627 1.2
      vertex 65.827 16.7627 2.15
    endloop
  endfacet
  facet normal 1 0 0
    outer loop
      vertex 65.827 16.7627 1.2
      vertex 65.827 16.1551 2.15
      vertex 65.827 16.1551 1.2
    endloop
  endfacet
  facet normal -0.188304 0.982111 0
    outer loop
      vertex 65.827 16.7627 1.2
      vertex 65.7399 16.746 2.15
      vertex 65.827 16.7627 2.15
    endloop
  endfacet
  facet normal -0.188304 0.982111 0
    outer loop
      vertex 65.7399 16.746 2.15
      vertex 65.827 16.7627 1.2
      vertex 65.7399 16.746 1.2
    endloop
  endfacet
  facet normal -0.141926 0.989877 0
    outer loop
      vertex 65.7399 16.746 1.2
      vertex 65.6576 16.7342 2.15
      vertex 65.7399 16.746 2.15
    endloop
  endfacet
  facet normal -0.141926 0.989877 0
    outer loop
      vertex 65.6576 16.7342 2.15
      vertex 65.7399 16.746 1.2
      vertex 65.6576 16.7342 1.2
    endloop
  endfacet
  facet normal -0.0922688 0.995734 0
    outer loop
      vertex 65.6576 16.7342 1.2
      vertex 65.5799 16.727 2.15
      vertex 65.6576 16.7342 2.15
    endloop
  endfacet
  facet normal -0.0922688 0.995734 0
    outer loop
      vertex 65.5799 16.727 2.15
      vertex 65.6576 16.7342 1.2
      vertex 65.5799 16.727 1.2
    endloop
  endfacet
  facet normal -0.0315344 0.999503 0
    outer loop
      vertex 65.5799 16.727 1.2
      vertex 65.507 16.7247 2.15
      vertex 65.5799 16.727 2.15
    endloop
  endfacet
  facet normal -0.0315344 0.999503 0
    outer loop
      vertex 65.507 16.7247 2.15
      vertex 65.5799 16.727 1.2
      vertex 65.507 16.7247 1.2
    endloop
  endfacet
  facet normal 0.0927326 0.995691 -0
    outer loop
      vertex 65.507 16.7247 1.2
      vertex 65.3599 16.7384 2.15
      vertex 65.507 16.7247 2.15
    endloop
  endfacet
  facet normal 0.0927326 0.995691 0
    outer loop
      vertex 65.3599 16.7384 2.15
      vertex 65.507 16.7247 1.2
      vertex 65.3599 16.7384 1.2
    endloop
  endfacet
  facet normal 0.321371 0.946953 -0
    outer loop
      vertex 65.3599 16.7384 1.2
      vertex 65.2385 16.7796 2.15
      vertex 65.3599 16.7384 2.15
    endloop
  endfacet
  facet normal 0.321371 0.946953 0
    outer loop
      vertex 65.2385 16.7796 2.15
      vertex 65.3599 16.7384 1.2
      vertex 65.2385 16.7796 1.2
    endloop
  endfacet
  facet normal 0.582603 0.812757 -0
    outer loop
      vertex 65.2385 16.7796 1.2
      vertex 65.1428 16.8482 2.15
      vertex 65.2385 16.7796 2.15
    endloop
  endfacet
  facet normal 0.582603 0.812757 0
    outer loop
      vertex 65.1428 16.8482 2.15
      vertex 65.2385 16.7796 1.2
      vertex 65.1428 16.8482 1.2
    endloop
  endfacet
  facet normal 0.80939 0.587271 0
    outer loop
      vertex 65.1428 16.8482 2.15
      vertex 65.073 16.9444 1.2
      vertex 65.073 16.9444 2.15
    endloop
  endfacet
  facet normal 0.80939 0.587271 0
    outer loop
      vertex 65.073 16.9444 1.2
      vertex 65.1428 16.8482 2.15
      vertex 65.1428 16.8482 1.2
    endloop
  endfacet
  facet normal 0.92686 0.375408 0
    outer loop
      vertex 65.073 16.9444 2.15
      vertex 65.0231 17.0676 1.2
      vertex 65.0231 17.0676 2.15
    endloop
  endfacet
  facet normal 0.92686 0.375408 0
    outer loop
      vertex 65.0231 17.0676 1.2
      vertex 65.073 16.9444 2.15
      vertex 65.073 16.9444 1.2
    endloop
  endfacet
  facet normal 0.973008 0.230773 0
    outer loop
      vertex 65.0231 17.0676 2.15
      vertex 64.9875 17.2177 1.2
      vertex 64.9875 17.2177 2.15
    endloop
  endfacet
  facet normal 0.973008 0.230773 0
    outer loop
      vertex 64.9875 17.2177 1.2
      vertex 65.0231 17.0676 2.15
      vertex 65.0231 17.0676 1.2
    endloop
  endfacet
  facet normal 0.992821 0.11961 0
    outer loop
      vertex 64.9875 17.2177 2.15
      vertex 64.9662 17.3945 1.2
      vertex 64.9662 17.3945 2.15
    endloop
  endfacet
  facet normal 0.992821 0.11961 0
    outer loop
      vertex 64.9662 17.3945 1.2
      vertex 64.9875 17.2177 2.15
      vertex 64.9875 17.2177 1.2
    endloop
  endfacet
  facet normal 0.999375 0.0353414 0
    outer loop
      vertex 64.9662 17.3945 2.15
      vertex 64.959 17.5981 1.2
      vertex 64.959 17.5981 2.15
    endloop
  endfacet
  facet normal 0.999375 0.0353414 0
    outer loop
      vertex 64.959 17.5981 1.2
      vertex 64.9662 17.3945 2.15
      vertex 64.9662 17.3945 1.2
    endloop
  endfacet
  facet normal 1 -0 0
    outer loop
      vertex 64.959 17.5981 2.15
      vertex 64.959 20.1262 1.2
      vertex 64.959 20.1262 2.15
    endloop
  endfacet
  facet normal 1 0 0
    outer loop
      vertex 64.959 20.1262 1.2
      vertex 64.959 17.5981 2.15
      vertex 64.959 17.5981 1.2
    endloop
  endfacet
  facet normal 0.997028 0.0770341 0
    outer loop
      vertex 64.959 20.1262 2.15
      vertex 64.9241 20.5779 1.2
      vertex 64.9241 20.5779 2.15
    endloop
  endfacet
  facet normal 0.997028 0.0770341 0
    outer loop
      vertex 64.9241 20.5779 1.2
      vertex 64.959 20.1262 2.15
      vertex 64.959 20.1262 1.2
    endloop
  endfacet
  facet normal 0.966591 0.256323 0
    outer loop
      vertex 64.9241 20.5779 2.15
      vertex 64.8193 20.9731 1.2
      vertex 64.8193 20.9731 2.15
    endloop
  endfacet
  facet normal 0.966591 0.256323 0
    outer loop
      vertex 64.8193 20.9731 1.2
      vertex 64.9241 20.5779 2.15
      vertex 64.9241 20.5779 1.2
    endloop
  endfacet
  facet normal 0.888738 0.458416 0
    outer loop
      vertex 64.8193 20.9731 2.15
      vertex 64.6447 21.3116 1.2
      vertex 64.6447 21.3116 2.15
    endloop
  endfacet
  facet normal 0.888738 0.458416 0
    outer loop
      vertex 64.6447 21.3116 1.2
      vertex 64.8193 20.9731 2.15
      vertex 64.8193 20.9731 1.2
    endloop
  endfacet
  facet normal 0.755441 0.655216 0
    outer loop
      vertex 64.6447 21.3116 2.15
      vertex 64.4002 21.5935 1.2
      vertex 64.4002 21.5935 2.15
    endloop
  endfacet
  facet normal 0.755441 0.655216 0
    outer loop
      vertex 64.4002 21.5935 1.2
      vertex 64.6447 21.3116 2.15
      vertex 64.6447 21.3116 1.2
    endloop
  endfacet
  facet normal 0.577786 0.816188 -0
    outer loop
      vertex 64.4002 21.5935 1.2
      vertex 64.0866 21.8155 2.15
      vertex 64.4002 21.5935 2.15
    endloop
  endfacet
  facet normal 0.577786 0.816188 0
    outer loop
      vertex 64.0866 21.8155 2.15
      vertex 64.4002 21.5935 1.2
      vertex 64.0866 21.8155 1.2
    endloop
  endfacet
  facet normal 0.383156 0.923684 -0
    outer loop
      vertex 64.0866 21.8155 1.2
      vertex 63.7045 21.974 2.15
      vertex 64.0866 21.8155 2.15
    endloop
  endfacet
  facet normal 0.383156 0.923684 0
    outer loop
      vertex 63.7045 21.974 2.15
      vertex 64.0866 21.8155 1.2
      vertex 63.7045 21.974 1.2
    endloop
  endfacet
  facet normal 0.206503 0.978446 -0
    outer loop
      vertex 63.7045 21.974 1.2
      vertex 63.2539 22.0691 2.15
      vertex 63.7045 21.974 2.15
    endloop
  endfacet
  facet normal 0.206503 0.978446 0
    outer loop
      vertex 63.2539 22.0691 2.15
      vertex 63.7045 21.974 1.2
      vertex 63.2539 22.0691 1.2
    endloop
  endfacet
  facet normal 0.0609537 0.998141 -0
    outer loop
      vertex 63.2539 22.0691 1.2
      vertex 62.7348 22.1008 2.15
      vertex 63.2539 22.0691 2.15
    endloop
  endfacet
  facet normal 0.0609537 0.998141 0
    outer loop
      vertex 62.7348 22.1008 2.15
      vertex 63.2539 22.0691 1.2
      vertex 62.7348 22.1008 1.2
    endloop
  endfacet
  facet normal -0.105127 0.994459 0
    outer loop
      vertex 62.7348 22.1008 1.2
      vertex 61.7983 22.0018 2.15
      vertex 62.7348 22.1008 2.15
    endloop
  endfacet
  facet normal -0.105127 0.994459 0
    outer loop
      vertex 61.7983 22.0018 2.15
      vertex 62.7348 22.1008 1.2
      vertex 61.7983 22.0018 1.2
    endloop
  endfacet
  facet normal -0.388466 0.921463 0
    outer loop
      vertex 61.7983 22.0018 1.2
      vertex 61.0938 21.7048 2.15
      vertex 61.7983 22.0018 2.15
    endloop
  endfacet
  facet normal -0.388466 0.921463 0
    outer loop
      vertex 61.0938 21.7048 2.15
      vertex 61.7983 22.0018 1.2
      vertex 61.0938 21.7048 1.2
    endloop
  endfacet
  facet normal -0.72321 0.690629 0
    outer loop
      vertex 60.6211 21.2098 1.2
      vertex 61.0938 21.7048 2.15
      vertex 61.0938 21.7048 1.2
    endloop
  endfacet
  facet normal -0.72321 0.690629 0
    outer loop
      vertex 61.0938 21.7048 2.15
      vertex 60.6211 21.2098 1.2
      vertex 60.6211 21.2098 2.15
    endloop
  endfacet
  facet normal -0.944657 0.328061 0
    outer loop
      vertex 60.3804 20.5167 1.2
      vertex 60.6211 21.2098 2.15
      vertex 60.6211 21.2098 1.2
    endloop
  endfacet
  facet normal -0.944657 0.328061 0
    outer loop
      vertex 60.6211 21.2098 2.15
      vertex 60.3804 20.5167 1.2
      vertex 60.3804 20.5167 2.15
    endloop
  endfacet
  facet normal -0.0900426 -0.995938 0
    outer loop
      vertex 60.3804 20.5167 1.2
      vertex 61.4002 20.4245 2.15
      vertex 60.3804 20.5167 2.15
    endloop
  endfacet
  facet normal -0.0900426 -0.995938 -0
    outer loop
      vertex 61.4002 20.4245 2.15
      vertex 60.3804 20.5167 1.2
      vertex 61.4002 20.4245 1.2
    endloop
  endfacet
  facet normal 0.981157 -0.193212 0
    outer loop
      vertex 61.4002 20.4245 2.15
      vertex 61.445 20.652 1.2
      vertex 61.445 20.652 2.15
    endloop
  endfacet
  facet normal 0.981157 -0.193212 0
    outer loop
      vertex 61.445 20.652 1.2
      vertex 61.4002 20.4245 2.15
      vertex 61.4002 20.4245 1.2
    endloop
  endfacet
  facet normal 0.933556 -0.358432 0
    outer loop
      vertex 61.445 20.652 2.15
      vertex 61.5196 20.8463 1.2
      vertex 61.5196 20.8463 2.15
    endloop
  endfacet
  facet normal 0.933556 -0.358432 0
    outer loop
      vertex 61.5196 20.8463 1.2
      vertex 61.445 20.652 2.15
      vertex 61.445 20.652 1.2
    endloop
  endfacet
  facet normal 0.839038 -0.544072 0
    outer loop
      vertex 61.5196 20.8463 2.15
      vertex 61.624 21.0073 1.2
      vertex 61.624 21.0073 2.15
    endloop
  endfacet
  facet normal 0.839038 -0.544072 0
    outer loop
      vertex 61.624 21.0073 1.2
      vertex 61.5196 20.8463 2.15
      vertex 61.5196 20.8463 1.2
    endloop
  endfacet
  facet normal 0.689359 -0.72442 0
    outer loop
      vertex 61.624 21.0073 1.2
      vertex 61.7583 21.1351 2.15
      vertex 61.624 21.0073 2.15
    endloop
  endfacet
  facet normal 0.689359 -0.72442 0
    outer loop
      vertex 61.7583 21.1351 2.15
      vertex 61.624 21.0073 1.2
      vertex 61.7583 21.1351 1.2
    endloop
  endfacet
  facet normal 0.493626 -0.869674 0
    outer loop
      vertex 61.7583 21.1351 1.2
      vertex 61.9299 21.2325 2.15
      vertex 61.7583 21.1351 2.15
    endloop
  endfacet
  facet normal 0.493626 -0.869674 0
    outer loop
      vertex 61.9299 21.2325 2.15
      vertex 61.7583 21.1351 1.2
      vertex 61.9299 21.2325 1.2
    endloop
  endfacet
  facet normal 0.305909 -0.952061 0
    outer loop
      vertex 61.9299 21.2325 1.2
      vertex 62.1462 21.302 2.15
      vertex 61.9299 21.2325 2.15
    endloop
  endfacet
  facet normal 0.305909 -0.952061 0
    outer loop
      vertex 62.1462 21.302 2.15
      vertex 61.9299 21.2325 1.2
      vertex 62.1462 21.302 1.2
    endloop
  endfacet
  facet normal 0.15771 -0.987485 0
    outer loop
      vertex 62.1462 21.302 1.2
      vertex 62.4073 21.3437 2.15
      vertex 62.1462 21.302 2.15
    endloop
  endfacet
  facet normal 0.15771 -0.987485 0
    outer loop
      vertex 62.4073 21.3437 2.15
      vertex 62.1462 21.302 1.2
      vertex 62.4073 21.3437 1.2
    endloop
  endfacet
  facet normal 0.0454077 -0.998969 0
    outer loop
      vertex 62.4073 21.3437 1.2
      vertex 62.7131 21.3576 2.15
      vertex 62.4073 21.3437 2.15
    endloop
  endfacet
  facet normal 0.0454077 -0.998969 0
    outer loop
      vertex 62.7131 21.3576 2.15
      vertex 62.4073 21.3437 1.2
      vertex 62.7131 21.3576 1.2
    endloop
  endfacet
  facet normal -0.0634008 -0.997988 0
    outer loop
      vertex 62.7131 21.3576 1.2
      vertex 63.0169 21.3383 2.15
      vertex 62.7131 21.3576 2.15
    endloop
  endfacet
  facet normal -0.0634008 -0.997988 -0
    outer loop
      vertex 63.0169 21.3383 2.15
      vertex 62.7131 21.3576 1.2
      vertex 63.0169 21.3383 1.2
    endloop
  endfacet
  facet normal -0.217407 -0.976081 0
    outer loop
      vertex 63.0169 21.3383 1.2
      vertex 63.2773 21.2803 2.15
      vertex 63.0169 21.3383 2.15
    endloop
  endfacet
  facet normal -0.217407 -0.976081 -0
    outer loop
      vertex 63.2773 21.2803 2.15
      vertex 63.0169 21.3383 1.2
      vertex 63.2773 21.2803 1.2
    endloop
  endfacet
  facet normal -0.407037 -0.913412 0
    outer loop
      vertex 63.2773 21.2803 1.2
      vertex 63.4943 21.1836 2.15
      vertex 63.2773 21.2803 2.15
    endloop
  endfacet
  facet normal -0.407037 -0.913412 -0
    outer loop
      vertex 63.4943 21.1836 2.15
      vertex 63.2773 21.2803 1.2
      vertex 63.4943 21.1836 1.2
    endloop
  endfacet
  facet normal -0.614727 -0.78874 0
    outer loop
      vertex 63.4943 21.1836 1.2
      vertex 63.6679 21.0483 2.15
      vertex 63.4943 21.1836 2.15
    endloop
  endfacet
  facet normal -0.614727 -0.78874 -0
    outer loop
      vertex 63.6679 21.0483 2.15
      vertex 63.4943 21.1836 1.2
      vertex 63.6679 21.0483 1.2
    endloop
  endfacet
  facet normal -0.804269 -0.594265 0
    outer loop
      vertex 63.8009 20.8683 1.2
      vertex 63.6679 21.0483 2.15
      vertex 63.6679 21.0483 1.2
    endloop
  endfacet
  facet normal -0.804269 -0.594265 0
    outer loop
      vertex 63.6679 21.0483 2.15
      vertex 63.8009 20.8683 1.2
      vertex 63.8009 20.8683 2.15
    endloop
  endfacet
  facet normal -0.924927 -0.380145 0
    outer loop
      vertex 63.8958 20.6374 1.2
      vertex 63.8009 20.8683 2.15
      vertex 63.8009 20.8683 1.2
    endloop
  endfacet
  facet normal -0.924927 -0.380145 0
    outer loop
      vertex 63.8009 20.8683 2.15
      vertex 63.8958 20.6374 1.2
      vertex 63.8958 20.6374 2.15
    endloop
  endfacet
  facet normal -0.980137 -0.198324 0
    outer loop
      vertex 63.9528 20.3557 1.2
      vertex 63.8958 20.6374 2.15
      vertex 63.8958 20.6374 1.2
    endloop
  endfacet
  facet normal -0.980137 -0.198324 0
    outer loop
      vertex 63.8958 20.6374 2.15
      vertex 63.9528 20.3557 1.2
      vertex 63.9528 20.3557 2.15
    endloop
  endfacet
  facet normal -0.998372 -0.0570327 0
    outer loop
      vertex 63.9718 20.0231 1.2
      vertex 63.9528 20.3557 2.15
      vertex 63.9528 20.3557 1.2
    endloop
  endfacet
  facet normal -0.998372 -0.0570327 0
    outer loop
      vertex 63.9528 20.3557 2.15
      vertex 63.9718 20.0231 1.2
      vertex 63.9718 20.0231 2.15
    endloop
  endfacet
  facet normal -1 0 0
    outer loop
      vertex 63.9718 19.703 1.2
      vertex 63.9718 20.0231 2.15
      vertex 63.9718 20.0231 1.2
    endloop
  endfacet
  facet normal -1 -0 0
    outer loop
      vertex 63.9718 20.0231 2.15
      vertex 63.9718 19.703 1.2
      vertex 63.9718 19.703 2.15
    endloop
  endfacet
  facet normal -0.0164571 0.999865 0
    outer loop
      vertex 63.9718 19.703 1.2
      vertex 62.6534 19.6813 2.15
      vertex 63.9718 19.703 2.15
    endloop
  endfacet
  facet normal -0.0164571 0.999865 0
    outer loop
      vertex 62.6534 19.6813 2.15
      vertex 63.9718 19.703 1.2
      vertex 62.6534 19.6813 1.2
    endloop
  endfacet
  facet normal -0.0717604 0.997422 0
    outer loop
      vertex 62.6534 19.6813 1.2
      vertex 62.0321 19.6366 2.15
      vertex 62.6534 19.6813 2.15
    endloop
  endfacet
  facet normal -0.0717604 0.997422 0
    outer loop
      vertex 62.0321 19.6366 2.15
      vertex 62.6534 19.6813 1.2
      vertex 62.0321 19.6366 1.2
    endloop
  endfacet
  facet normal -0.188834 0.982009 0
    outer loop
      vertex 62.0321 19.6366 1.2
      vertex 61.5027 19.5348 2.15
      vertex 62.0321 19.6366 2.15
    endloop
  endfacet
  facet normal -0.188834 0.982009 0
    outer loop
      vertex 61.5027 19.5348 2.15
      vertex 62.0321 19.6366 1.2
      vertex 61.5027 19.5348 1.2
    endloop
  endfacet
  facet normal -0.340932 0.940088 0
    outer loop
      vertex 61.5027 19.5348 1.2
      vertex 61.0651 19.3761 2.15
      vertex 61.5027 19.5348 2.15
    endloop
  endfacet
  facet normal -0.340932 0.940088 0
    outer loop
      vertex 61.0651 19.3761 2.15
      vertex 61.5027 19.5348 1.2
      vertex 61.0651 19.3761 1.2
    endloop
  endfacet
  facet normal -0.529182 0.848508 0
    outer loop
      vertex 61.0651 19.3761 1.2
      vertex 60.7194 19.1605 2.15
      vertex 61.0651 19.3761 2.15
    endloop
  endfacet
  facet normal -0.529182 0.848508 0
    outer loop
      vertex 60.7194 19.1605 2.15
      vertex 61.0651 19.3761 1.2
      vertex 60.7194 19.1605 1.2
    endloop
  endfacet
  facet normal -0.718166 0.695872 0
    outer loop
      vertex 60.4572 18.8899 1.2
      vertex 60.7194 19.1605 2.15
      vertex 60.7194 19.1605 1.2
    endloop
  endfacet
  facet normal -0.718166 0.695872 0
    outer loop
      vertex 60.7194 19.1605 2.15
      vertex 60.4572 18.8899 1.2
      vertex 60.4572 18.8899 2.15
    endloop
  endfacet
  facet normal -0.865347 0.501173 0
    outer loop
      vertex 60.2699 18.5665 1.2
      vertex 60.4572 18.8899 2.15
      vertex 60.4572 18.8899 1.2
    endloop
  endfacet
  facet normal -0.865347 0.501173 0
    outer loop
      vertex 60.4572 18.8899 2.15
      vertex 60.2699 18.5665 1.2
      vertex 60.2699 18.5665 2.15
    endloop
  endfacet
  facet normal -0.95819 0.286133 0
    outer loop
      vertex 60.1575 18.1901 1.2
      vertex 60.2699 18.5665 2.15
      vertex 60.2699 18.5665 1.2
    endloop
  endfacet
  facet normal -0.95819 0.286133 0
    outer loop
      vertex 60.2699 18.5665 2.15
      vertex 60.1575 18.1901 1.2
      vertex 60.1575 18.1901 2.15
    endloop
  endfacet
  facet normal -0.996207 0.0870201 0
    outer loop
      vertex 60.12 17.7608 1.2
      vertex 60.1575 18.1901 2.15
      vertex 60.1575 18.1901 1.2
    endloop
  endfacet
  facet normal -0.996207 0.0870201 0
    outer loop
      vertex 60.1575 18.1901 2.15
      vertex 60.12 17.7608 1.2
      vertex 60.12 17.7608 2.15
    endloop
  endfacet
  facet normal -0.997405 -0.0720017 0
    outer loop
      vertex 60.1478 17.3757 1.2
      vertex 60.12 17.7608 2.15
      vertex 60.12 17.7608 1.2
    endloop
  endfacet
  facet normal -0.997405 -0.0720017 0
    outer loop
      vertex 60.12 17.7608 2.15
      vertex 60.1478 17.3757 1.2
      vertex 60.1478 17.3757 2.15
    endloop
  endfacet
  facet normal -0.971498 -0.237048 0
    outer loop
      vertex 60.2312 17.0339 1.2
      vertex 60.1478 17.3757 2.15
      vertex 60.1478 17.3757 1.2
    endloop
  endfacet
  facet normal -0.971498 -0.237048 0
    outer loop
      vertex 60.1478 17.3757 2.15
      vertex 60.2312 17.0339 1.2
      vertex 60.2312 17.0339 2.15
    endloop
  endfacet
  facet normal -0.906424 -0.42237 0
    outer loop
      vertex 60.3702 16.7356 1.2
      vertex 60.2312 17.0339 2.15
      vertex 60.2312 17.0339 1.2
    endloop
  endfacet
  facet normal -0.906424 -0.42237 0
    outer loop
      vertex 60.2312 17.0339 2.15
      vertex 60.3702 16.7356 1.2
      vertex 60.3702 16.7356 2.15
    endloop
  endfacet
  facet normal -0.794959 -0.606663 0
    outer loop
      vertex 60.5648 16.4806 1.2
      vertex 60.3702 16.7356 2.15
      vertex 60.3702 16.7356 1.2
    endloop
  endfacet
  facet normal -0.794959 -0.606663 0
    outer loop
      vertex 60.3702 16.7356 2.15
      vertex 60.5648 16.4806 1.2
      vertex 60.5648 16.4806 2.15
    endloop
  endfacet
  facet normal -0.632562 -0.774509 0
    outer loop
      vertex 60.5648 16.4806 1.2
      vertex 60.8147 16.2765 2.15
      vertex 60.5648 16.4806 2.15
    endloop
  endfacet
  facet normal -0.632562 -0.774509 -0
    outer loop
      vertex 60.8147 16.2765 2.15
      vertex 60.5648 16.4806 1.2
      vertex 60.8147 16.2765 1.2
    endloop
  endfacet
  facet normal -0.431518 -0.902104 0
    outer loop
      vertex 60.8147 16.2765 1.2
      vertex 61.1195 16.1307 2.15
      vertex 60.8147 16.2765 2.15
    endloop
  endfacet
  facet normal -0.431518 -0.902104 -0
    outer loop
      vertex 61.1195 16.1307 2.15
      vertex 60.8147 16.2765 1.2
      vertex 61.1195 16.1307 1.2
    endloop
  endfacet
  facet normal -0.236303 -0.971679 0
    outer loop
      vertex 61.1195 16.1307 1.2
      vertex 61.4793 16.0432 2.15
      vertex 61.1195 16.1307 2.15
    endloop
  endfacet
  facet normal -0.236303 -0.971679 -0
    outer loop
      vertex 61.4793 16.0432 2.15
      vertex 61.1195 16.1307 1.2
      vertex 61.4793 16.0432 1.2
    endloop
  endfacet
  facet normal -0.0702553 -0.997529 0
    outer loop
      vertex 61.4793 16.0432 1.2
      vertex 61.8939 16.014 2.15
      vertex 61.4793 16.0432 2.15
    endloop
  endfacet
  facet normal -0.0702553 -0.997529 -0
    outer loop
      vertex 61.8939 16.014 2.15
      vertex 61.4793 16.0432 1.2
      vertex 61.8939 16.014 1.2
    endloop
  endfacet
  facet normal 0.0511027 -0.998693 0
    outer loop
      vertex 61.8939 16.014 1.2
      vertex 62.2359 16.0315 2.15
      vertex 61.8939 16.014 2.15
    endloop
  endfacet
  facet normal 0.0511027 -0.998693 0
    outer loop
      vertex 62.2359 16.0315 2.15
      vertex 61.8939 16.014 1.2
      vertex 62.2359 16.0315 1.2
    endloop
  endfacet
  facet normal 0.239875 0.970804 -0
    outer loop
      vertex 61.8914 16.7626 1.2
      vertex 61.6939 16.8114 2.15
      vertex 61.8914 16.7626 2.15
    endloop
  endfacet
  facet normal 0.239875 0.970804 0
    outer loop
      vertex 61.6939 16.8114 2.15
      vertex 61.8914 16.7626 1.2
      vertex 61.6939 16.8114 1.2
    endloop
  endfacet
  facet normal 0.431662 0.902035 -0
    outer loop
      vertex 61.6939 16.8114 1.2
      vertex 61.5238 16.8928 2.15
      vertex 61.6939 16.8114 2.15
    endloop
  endfacet
  facet normal 0.431662 0.902035 0
    outer loop
      vertex 61.5238 16.8928 2.15
      vertex 61.6939 16.8114 1.2
      vertex 61.5238 16.8928 1.2
    endloop
  endfacet
  facet normal 0.624361 0.781136 -0
    outer loop
      vertex 61.5238 16.8928 1.2
      vertex 61.3813 17.0067 2.15
      vertex 61.5238 16.8928 2.15
    endloop
  endfacet
  facet normal 0.624361 0.781136 0
    outer loop
      vertex 61.3813 17.0067 2.15
      vertex 61.5238 16.8928 1.2
      vertex 61.3813 17.0067 1.2
    endloop
  endfacet
  facet normal 0.786812 0.617193 0
    outer loop
      vertex 61.3813 17.0067 2.15
      vertex 61.2685 17.1505 1.2
      vertex 61.2685 17.1505 2.15
    endloop
  endfacet
  facet normal 0.786812 0.617193 0
    outer loop
      vertex 61.2685 17.1505 1.2
      vertex 61.3813 17.0067 2.15
      vertex 61.3813 17.0067 1.2
    endloop
  endfacet
  facet normal 0.904663 0.426128 0
    outer loop
      vertex 61.2685 17.1505 2.15
      vertex 61.188 17.3214 1.2
      vertex 61.188 17.3214 2.15
    endloop
  endfacet
  facet normal 0.904663 0.426128 0
    outer loop
      vertex 61.188 17.3214 1.2
      vertex 61.2685 17.1505 2.15
      vertex 61.2685 17.1505 1.2
    endloop
  endfacet
  facet normal 0.971512 0.23699 0
    outer loop
      vertex 61.188 17.3214 2.15
      vertex 61.1397 17.5194 1.2
      vertex 61.1397 17.5194 2.15
    endloop
  endfacet
  facet normal 0.971512 0.23699 0
    outer loop
      vertex 61.1397 17.5194 1.2
      vertex 61.188 17.3214 2.15
      vertex 61.188 17.3214 1.2
    endloop
  endfacet
  facet normal 0.997454 0.07131 0
    outer loop
      vertex 61.1397 17.5194 2.15
      vertex 61.1236 17.7446 1.2
      vertex 61.1236 17.7446 2.15
    endloop
  endfacet
  facet normal 0.997454 0.07131 0
    outer loop
      vertex 61.1236 17.7446 1.2
      vertex 61.1397 17.5194 2.15
      vertex 61.1397 17.5194 1.2
    endloop
  endfacet
  facet normal 0.998386 -0.0567916 0
    outer loop
      vertex 61.1236 17.7446 2.15
      vertex 61.1355 17.9538 1.2
      vertex 61.1355 17.9538 2.15
    endloop
  endfacet
  facet normal 0.998386 -0.0567916 0
    outer loop
      vertex 61.1355 17.9538 1.2
      vertex 61.1236 17.7446 2.15
      vertex 61.1236 17.7446 1.2
    endloop
  endfacet
  facet normal 0.982575 -0.185864 0
    outer loop
      vertex 61.1355 17.9538 2.15
      vertex 61.1711 18.142 1.2
      vertex 61.1711 18.142 2.15
    endloop
  endfacet
  facet normal 0.982575 -0.185864 0
    outer loop
      vertex 61.1711 18.142 1.2
      vertex 61.1355 17.9538 2.15
      vertex 61.1355 17.9538 1.2
    endloop
  endfacet
  facet normal 0.942416 -0.334442 0
    outer loop
      vertex 61.1711 18.142 2.15
      vertex 61.2304 18.3091 1.2
      vertex 61.2304 18.3091 2.15
    endloop
  endfacet
  facet normal 0.942416 -0.334442 0
    outer loop
      vertex 61.2304 18.3091 1.2
      vertex 61.1711 18.142 2.15
      vertex 61.1711 18.142 1.2
    endloop
  endfacet
  facet normal 0.869486 -0.493958 0
    outer loop
      vertex 61.2304 18.3091 2.15
      vertex 61.3134 18.4552 1.2
      vertex 61.3134 18.4552 2.15
    endloop
  endfacet
  facet normal 0.869486 -0.493958 0
    outer loop
      vertex 61.3134 18.4552 1.2
      vertex 61.2304 18.3091 2.15
      vertex 61.2304 18.3091 1.2
    endloop
  endfacet
  facet normal 0.769314 -0.638871 0
    outer loop
      vertex 61.3134 18.4552 2.15
      vertex 61.4187 18.582 1.2
      vertex 61.4187 18.582 2.15
    endloop
  endfacet
  facet normal 0.769314 -0.638871 0
    outer loop
      vertex 61.4187 18.582 1.2
      vertex 61.3134 18.4552 2.15
      vertex 61.3134 18.4552 1.2
    endloop
  endfacet
  facet normal 0.654931 -0.755689 0
    outer loop
      vertex 61.4187 18.582 1.2
      vertex 61.5447 18.6912 2.15
      vertex 61.4187 18.582 2.15
    endloop
  endfacet
  facet normal 0.654931 -0.755689 0
    outer loop
      vertex 61.5447 18.6912 2.15
      vertex 61.4187 18.582 1.2
      vertex 61.5447 18.6912 1.2
    endloop
  endfacet
  facet normal 0.529895 -0.848063 0
    outer loop
      vertex 61.5447 18.6912 1.2
      vertex 61.6913 18.7828 2.15
      vertex 61.5447 18.6912 2.15
    endloop
  endfacet
  facet normal 0.529895 -0.848063 0
    outer loop
      vertex 61.6913 18.7828 2.15
      vertex 61.5447 18.6912 1.2
      vertex 61.6913 18.7828 1.2
    endloop
  endfacet
  facet normal 0.404057 -0.914734 0
    outer loop
      vertex 61.6913 18.7828 1.2
      vertex 61.8586 18.8567 2.15
      vertex 61.6913 18.7828 2.15
    endloop
  endfacet
  facet normal 0.404057 -0.914734 0
    outer loop
      vertex 61.8586 18.8567 2.15
      vertex 61.6913 18.7828 1.2
      vertex 61.8586 18.8567 1.2
    endloop
  endfacet
  facet normal 0.278551 -0.960421 0
    outer loop
      vertex 61.8586 18.8567 1.2
      vertex 62.0572 18.9143 2.15
      vertex 61.8586 18.8567 2.15
    endloop
  endfacet
  facet normal 0.278551 -0.960421 0
    outer loop
      vertex 62.0572 18.9143 2.15
      vertex 61.8586 18.8567 1.2
      vertex 62.0572 18.9143 1.2
    endloop
  endfacet
  facet normal 0.175422 -0.984493 0
    outer loop
      vertex 62.0572 18.9143 1.2
      vertex 62.2974 18.9571 2.15
      vertex 62.0572 18.9143 2.15
    endloop
  endfacet
  facet normal 0.175422 -0.984493 0
    outer loop
      vertex 62.2974 18.9571 2.15
      vertex 62.0572 18.9143 1.2
      vertex 62.2974 18.9571 1.2
    endloop
  endfacet
  facet normal 0.098106 -0.995176 0
    outer loop
      vertex 62.2974 18.9571 1.2
      vertex 62.5794 18.9849 2.15
      vertex 62.2974 18.9571 2.15
    endloop
  endfacet
  facet normal 0.098106 -0.995176 0
    outer loop
      vertex 62.5794 18.9849 2.15
      vertex 62.2974 18.9571 1.2
      vertex 62.5794 18.9849 1.2
    endloop
  endfacet
  facet normal 0.0398324 -0.999206 0
    outer loop
      vertex 62.5794 18.9849 1.2
      vertex 62.903 18.9978 2.15
      vertex 62.5794 18.9849 2.15
    endloop
  endfacet
  facet normal 0.0398324 -0.999206 0
    outer loop
      vertex 62.903 18.9978 2.15
      vertex 62.5794 18.9849 1.2
      vertex 62.903 18.9978 1.2
    endloop
  endfacet
  facet normal 0.020299 -0.999794 0
    outer loop
      vertex 62.903 18.9978 1.2
      vertex 63.9718 19.0195 2.15
      vertex 62.903 18.9978 2.15
    endloop
  endfacet
  facet normal 0.020299 -0.999794 0
    outer loop
      vertex 63.9718 19.0195 2.15
      vertex 62.903 18.9978 1.2
      vertex 63.9718 19.0195 1.2
    endloop
  endfacet
  facet normal -1 0 0
    outer loop
      vertex 63.9718 18.5367 1.2
      vertex 63.9718 19.0195 2.15
      vertex 63.9718 19.0195 1.2
    endloop
  endfacet
  facet normal -1 -0 0
    outer loop
      vertex 63.9718 19.0195 2.15
      vertex 63.9718 18.5367 1.2
      vertex 63.9718 18.5367 2.15
    endloop
  endfacet
  facet normal -0.99773 0.0673479 0
    outer loop
      vertex 63.9567 18.313 1.2
      vertex 63.9718 18.5367 2.15
      vertex 63.9718 18.5367 1.2
    endloop
  endfacet
  facet normal -0.99773 0.0673479 0
    outer loop
      vertex 63.9718 18.5367 2.15
      vertex 63.9567 18.313 1.2
      vertex 63.9567 18.313 2.15
    endloop
  endfacet
  facet normal -0.979542 0.201239 0
    outer loop
      vertex 63.9114 18.0925 1.2
      vertex 63.9567 18.313 2.15
      vertex 63.9567 18.313 1.2
    endloop
  endfacet
  facet normal -0.979542 0.201239 0
    outer loop
      vertex 63.9567 18.313 2.15
      vertex 63.9114 18.0925 1.2
      vertex 63.9114 18.0925 2.15
    endloop
  endfacet
  facet normal -0.944836 0.327543 0
    outer loop
      vertex 63.836 17.875 1.2
      vertex 63.9114 18.0925 2.15
      vertex 63.9114 18.0925 1.2
    endloop
  endfacet
  facet normal -0.944836 0.327543 0
    outer loop
      vertex 63.9114 18.0925 2.15
      vertex 63.836 17.875 1.2
      vertex 63.836 17.875 2.15
    endloop
  endfacet
  facet normal -0.897005 0.442021 0
    outer loop
      vertex 63.7303 17.6605 1.2
      vertex 63.836 17.875 2.15
      vertex 63.836 17.875 1.2
    endloop
  endfacet
  facet normal -0.897005 0.442021 0
    outer loop
      vertex 63.836 17.875 2.15
      vertex 63.7303 17.6605 1.2
      vertex 63.7303 17.6605 2.15
    endloop
  endfacet
  facet normal -0.837189 0.546914 0
    outer loop
      vertex 63.5986 17.4589 1.2
      vertex 63.7303 17.6605 2.15
      vertex 63.7303 17.6605 1.2
    endloop
  endfacet
  facet normal -0.837189 0.546914 0
    outer loop
      vertex 63.7303 17.6605 2.15
      vertex 63.5986 17.4589 1.2
      vertex 63.5986 17.4589 2.15
    endloop
  endfacet
  facet normal -0.758118 0.652117 0
    outer loop
      vertex 63.4448 17.2801 1.2
      vertex 63.5986 17.4589 2.15
      vertex 63.5986 17.4589 1.2
    endloop
  endfacet
  facet normal -0.758118 0.652117 0
    outer loop
      vertex 63.5986 17.4589 2.15
      vertex 63.4448 17.2801 1.2
      vertex 63.4448 17.2801 2.15
    endloop
  endfacet
  facet normal -0.664205 0.74755 0
    outer loop
      vertex 63.4448 17.2801 1.2
      vertex 63.269 17.1239 2.15
      vertex 63.4448 17.2801 2.15
    endloop
  endfacet
  facet normal -0.664205 0.74755 0
    outer loop
      vertex 63.269 17.1239 2.15
      vertex 63.4448 17.2801 1.2
      vertex 63.269 17.1239 1.2
    endloop
  endfacet
  facet normal -0.558947 0.829203 0
    outer loop
      vertex 63.269 17.1239 1.2
      vertex 63.0711 16.9905 2.15
      vertex 63.269 17.1239 2.15
    endloop
  endfacet
  facet normal -0.558947 0.829203 0
    outer loop
      vertex 63.0711 16.9905 2.15
      vertex 63.269 17.1239 1.2
      vertex 63.0711 16.9905 1.2
    endloop
  endfacet
  facet normal -0.442731 0.896655 0
    outer loop
      vertex 63.0711 16.9905 1.2
      vertex 62.8548 16.8837 2.15
      vertex 63.0711 16.9905 2.15
    endloop
  endfacet
  facet normal -0.442731 0.896655 0
    outer loop
      vertex 62.8548 16.8837 2.15
      vertex 63.0711 16.9905 1.2
      vertex 62.8548 16.8837 1.2
    endloop
  endfacet
  facet normal -0.313392 0.949624 0
    outer loop
      vertex 62.8548 16.8837 1.2
      vertex 62.6236 16.8074 2.15
      vertex 62.8548 16.8837 2.15
    endloop
  endfacet
  facet normal -0.313392 0.949624 0
    outer loop
      vertex 62.6236 16.8074 2.15
      vertex 62.8548 16.8837 1.2
      vertex 62.6236 16.8074 1.2
    endloop
  endfacet
  facet normal -0.182962 0.98312 0
    outer loop
      vertex 62.6236 16.8074 1.2
      vertex 62.3775 16.7616 2.15
      vertex 62.6236 16.8074 2.15
    endloop
  endfacet
  facet normal -0.182962 0.98312 0
    outer loop
      vertex 62.3775 16.7616 2.15
      vertex 62.6236 16.8074 1.2
      vertex 62.3775 16.7616 1.2
    endloop
  endfacet
  facet normal -0.0581168 0.99831 0
    outer loop
      vertex 62.3775 16.7616 1.2
      vertex 62.1164 16.7464 2.15
      vertex 62.3775 16.7616 2.15
    endloop
  endfacet
  facet normal -0.0581168 0.99831 0
    outer loop
      vertex 62.1164 16.7464 2.15
      vertex 62.3775 16.7616 1.2
      vertex 62.1164 16.7464 1.2
    endloop
  endfacet
  facet normal 0.0718141 0.997418 -0
    outer loop
      vertex 62.1164 16.7464 1.2
      vertex 61.8914 16.7626 2.15
      vertex 62.1164 16.7464 2.15
    endloop
  endfacet
  facet normal 0.0718141 0.997418 0
    outer loop
      vertex 61.8914 16.7626 2.15
      vertex 62.1164 16.7464 1.2
      vertex 61.8914 16.7626 1.2
    endloop
  endfacet
  facet normal 0.257334 -0.966323 0
    outer loop
      vertex 80.211 16.0612 1.2
      vertex 80.7416 16.2025 2.15
      vertex 80.211 16.0612 2.15
    endloop
  endfacet
  facet normal 0.257334 -0.966323 0
    outer loop
      vertex 80.7416 16.2025 2.15
      vertex 80.211 16.0612 1.2
      vertex 80.7416 16.2025 1.2
    endloop
  endfacet
  facet normal 0.460768 -0.887521 0
    outer loop
      vertex 80.7416 16.2025 1.2
      vertex 81.1956 16.4382 2.15
      vertex 80.7416 16.2025 2.15
    endloop
  endfacet
  facet normal 0.460768 -0.887521 0
    outer loop
      vertex 81.1956 16.4382 2.15
      vertex 80.7416 16.2025 1.2
      vertex 81.1956 16.4382 1.2
    endloop
  endfacet
  facet normal 0.658137 -0.752898 0
    outer loop
      vertex 81.1956 16.4382 1.2
      vertex 81.573 16.7681 2.15
      vertex 81.1956 16.4382 2.15
    endloop
  endfacet
  facet normal 0.658137 -0.752898 0
    outer loop
      vertex 81.573 16.7681 2.15
      vertex 81.1956 16.4382 1.2
      vertex 81.573 16.7681 1.2
    endloop
  endfacet
  facet normal 0.820713 -0.571341 0
    outer loop
      vertex 81.573 16.7681 2.15
      vertex 81.8697 17.1943 1.2
      vertex 81.8697 17.1943 2.15
    endloop
  endfacet
  facet normal 0.820713 -0.571341 0
    outer loop
      vertex 81.8697 17.1943 1.2
      vertex 81.573 16.7681 2.15
      vertex 81.573 16.7681 1.2
    endloop
  endfacet
  facet normal 0.927191 -0.374589 0
    outer loop
      vertex 81.8697 17.1943 2.15
      vertex 82.0816 17.7188 1.2
      vertex 82.0816 17.7188 2.15
    endloop
  endfacet
  facet normal 0.927191 -0.374589 0
    outer loop
      vertex 82.0816 17.7188 1.2
      vertex 81.8697 17.1943 2.15
      vertex 81.8697 17.1943 1.2
    endloop
  endfacet
  facet normal 0.97978 -0.200077 0
    outer loop
      vertex 82.0816 17.7188 2.15
      vertex 82.2088 18.3417 1.2
      vertex 82.2088 18.3417 2.15
    endloop
  endfacet
  facet normal 0.97978 -0.200077 0
    outer loop
      vertex 82.2088 18.3417 1.2
      vertex 82.0816 17.7188 2.15
      vertex 82.0816 17.7188 1.2
    endloop
  endfacet
  facet normal 0.998276 -0.0586977 0
    outer loop
      vertex 82.2088 18.3417 2.15
      vertex 82.2512 19.0628 1.2
      vertex 82.2512 19.0628 2.15
    endloop
  endfacet
  facet normal 0.998276 -0.0586977 0
    outer loop
      vertex 82.2512 19.0628 1.2
      vertex 82.2088 18.3417 2.15
      vertex 82.2088 18.3417 1.2
    endloop
  endfacet
  facet normal 0.998514 0.0544894 0
    outer loop
      vertex 82.2512 19.0628 2.15
      vertex 82.2115 19.7903 1.2
      vertex 82.2115 19.7903 2.15
    endloop
  endfacet
  facet normal 0.998514 0.0544894 0
    outer loop
      vertex 82.2115 19.7903 1.2
      vertex 82.2512 19.0628 2.15
      vertex 82.2512 19.0628 1.2
    endloop
  endfacet
  facet normal 0.982374 0.186924 0
    outer loop
      vertex 82.2115 19.7903 2.15
      vertex 82.0925 20.4157 1.2
      vertex 82.0925 20.4157 2.15
    endloop
  endfacet
  facet normal 0.982374 0.186924 0
    outer loop
      vertex 82.0925 20.4157 1.2
      vertex 82.2115 19.7903 2.15
      vertex 82.2115 19.7903 1.2
    endloop
  endfacet
  facet normal 0.935075 0.35445 0
    outer loop
      vertex 82.0925 20.4157 2.15
      vertex 81.8941 20.9391 1.2
      vertex 81.8941 20.9391 2.15
    endloop
  endfacet
  facet normal 0.935075 0.35445 0
    outer loop
      vertex 81.8941 20.9391 1.2
      vertex 82.0925 20.4157 2.15
      vertex 82.0925 20.4157 1.2
    endloop
  endfacet
  facet normal 0.834875 0.550439 0
    outer loop
      vertex 81.8941 20.9391 2.15
      vertex 81.6164 21.3603 1.2
      vertex 81.6164 21.3603 2.15
    endloop
  endfacet
  facet normal 0.834875 0.550439 0
    outer loop
      vertex 81.6164 21.3603 1.2
      vertex 81.8941 20.9391 2.15
      vertex 81.8941 20.9391 1.2
    endloop
  endfacet
  facet normal 0.66712 0.74495 -0
    outer loop
      vertex 81.6164 21.3603 1.2
      vertex 81.2546 21.6843 2.15
      vertex 81.6164 21.3603 2.15
    endloop
  endfacet
  facet normal 0.66712 0.74495 0
    outer loop
      vertex 81.2546 21.6843 2.15
      vertex 81.6164 21.3603 1.2
      vertex 81.2546 21.6843 1.2
    endloop
  endfacet
  facet normal 0.456822 0.889558 -0
    outer loop
      vertex 81.2546 21.6843 1.2
      vertex 80.804 21.9157 2.15
      vertex 81.2546 21.6843 2.15
    endloop
  endfacet
  facet normal 0.456822 0.889558 0
    outer loop
      vertex 80.804 21.9157 2.15
      vertex 81.2546 21.6843 1.2
      vertex 80.804 21.9157 1.2
    endloop
  endfacet
  facet normal 0.249205 0.968451 -0
    outer loop
      vertex 80.804 21.9157 1.2
      vertex 80.2646 22.0545 2.15
      vertex 80.804 21.9157 2.15
    endloop
  endfacet
  facet normal 0.249205 0.968451 0
    outer loop
      vertex 80.2646 22.0545 2.15
      vertex 80.804 21.9157 1.2
      vertex 80.2646 22.0545 1.2
    endloop
  endfacet
  facet normal 0.0734916 0.997296 -0
    outer loop
      vertex 80.2646 22.0545 1.2
      vertex 79.6363 22.1008 2.15
      vertex 80.2646 22.0545 2.15
    endloop
  endfacet
  facet normal 0.0734916 0.997296 0
    outer loop
      vertex 79.6363 22.1008 2.15
      vertex 80.2646 22.0545 1.2
      vertex 79.6363 22.1008 1.2
    endloop
  endfacet
  facet normal -0.162772 0.986664 0
    outer loop
      vertex 79.6363 22.1008 1.2
      vertex 78.4852 21.9109 2.15
      vertex 79.6363 22.1008 2.15
    endloop
  endfacet
  facet normal -0.162772 0.986664 0
    outer loop
      vertex 78.4852 21.9109 2.15
      vertex 79.6363 22.1008 1.2
      vertex 78.4852 21.9109 1.2
    endloop
  endfacet
  facet normal -0.56947 0.822012 0
    outer loop
      vertex 78.4852 21.9109 1.2
      vertex 77.663 21.3413 2.15
      vertex 78.4852 21.9109 2.15
    endloop
  endfacet
  facet normal -0.56947 0.822012 0
    outer loop
      vertex 77.663 21.3413 2.15
      vertex 78.4852 21.9109 1.2
      vertex 77.663 21.3413 1.2
    endloop
  endfacet
  facet normal -0.887327 0.461141 0
    outer loop
      vertex 77.1696 20.3919 1.2
      vertex 77.663 21.3413 2.15
      vertex 77.663 21.3413 1.2
    endloop
  endfacet
  facet normal -0.887327 0.461141 0
    outer loop
      vertex 77.663 21.3413 2.15
      vertex 77.1696 20.3919 1.2
      vertex 77.1696 20.3919 2.15
    endloop
  endfacet
  facet normal -0.992437 0.122757 0
    outer loop
      vertex 77.0052 19.0628 1.2
      vertex 77.1696 20.3919 2.15
      vertex 77.1696 20.3919 1.2
    endloop
  endfacet
  facet normal -0.992437 0.122757 0
    outer loop
      vertex 77.1696 20.3919 2.15
      vertex 77.0052 19.0628 1.2
      vertex 77.0052 19.0628 2.15
    endloop
  endfacet
  facet normal -0.998274 -0.0587304 0
    outer loop
      vertex 77.0462 18.3659 1.2
      vertex 77.0052 19.0628 2.15
      vertex 77.0052 19.0628 1.2
    endloop
  endfacet
  facet normal -0.998274 -0.0587304 0
    outer loop
      vertex 77.0052 19.0628 2.15
      vertex 77.0462 18.3659 1.2
      vertex 77.0462 18.3659 2.15
    endloop
  endfacet
  facet normal -0.980227 -0.197878 0
    outer loop
      vertex 77.1693 17.7561 1.2
      vertex 77.0462 18.3659 2.15
      vertex 77.0462 18.3659 1.2
    endloop
  endfacet
  facet normal -0.980227 -0.197878 0
    outer loop
      vertex 77.0462 18.3659 2.15
      vertex 77.1693 17.7561 1.2
      vertex 77.1693 17.7561 2.15
    endloop
  endfacet
  facet normal -0.930877 -0.365333 0
    outer loop
      vertex 77.3744 17.2335 1.2
      vertex 77.1693 17.7561 2.15
      vertex 77.1693 17.7561 1.2
    endloop
  endfacet
  facet normal -0.930877 -0.365333 0
    outer loop
      vertex 77.1693 17.7561 2.15
      vertex 77.3744 17.2335 1.2
      vertex 77.3744 17.2335 2.15
    endloop
  endfacet
  facet normal -0.83487 -0.550447 0
    outer loop
      vertex 77.6616 16.7979 1.2
      vertex 77.3744 17.2335 2.15
      vertex 77.3744 17.2335 1.2
    endloop
  endfacet
  facet normal -0.83487 -0.550447 0
    outer loop
      vertex 77.3744 17.2335 2.15
      vertex 77.6616 16.7979 1.2
      vertex 77.6616 16.7979 2.15
    endloop
  endfacet
  facet normal -0.682212 -0.731155 0
    outer loop
      vertex 77.6616 16.7979 1.2
      vertex 78.0291 16.455 2.15
      vertex 77.6616 16.7979 2.15
    endloop
  endfacet
  facet normal -0.682212 -0.731155 -0
    outer loop
      vertex 78.0291 16.455 2.15
      vertex 77.6616 16.7979 1.2
      vertex 78.0291 16.455 1.2
    endloop
  endfacet
  facet normal -0.481217 -0.876601 0
    outer loop
      vertex 78.0291 16.455 1.2
      vertex 78.4754 16.21 2.15
      vertex 78.0291 16.455 2.15
    endloop
  endfacet
  facet normal -0.481217 -0.876601 -0
    outer loop
      vertex 78.4754 16.21 2.15
      vertex 78.0291 16.455 1.2
      vertex 78.4754 16.21 1.2
    endloop
  endfacet
  facet normal -0.269725 -0.962937 0
    outer loop
      vertex 78.4754 16.21 1.2
      vertex 79.0002 16.063 2.15
      vertex 78.4754 16.21 2.15
    endloop
  endfacet
  facet normal -0.269725 -0.962937 -0
    outer loop
      vertex 79.0002 16.063 2.15
      vertex 78.4754 16.21 1.2
      vertex 79.0002 16.063 1.2
    endloop
  endfacet
  facet normal -0.0809267 -0.99672 0
    outer loop
      vertex 79.0002 16.063 1.2
      vertex 79.6037 16.014 2.15
      vertex 79.0002 16.063 2.15
    endloop
  endfacet
  facet normal -0.0809267 -0.99672 -0
    outer loop
      vertex 79.6037 16.014 2.15
      vertex 79.0002 16.063 1.2
      vertex 79.6037 16.014 1.2
    endloop
  endfacet
  facet normal 0.0774874 -0.996993 0
    outer loop
      vertex 79.6037 16.014 1.2
      vertex 80.211 16.0612 2.15
      vertex 79.6037 16.014 2.15
    endloop
  endfacet
  facet normal 0.0774874 -0.996993 0
    outer loop
      vertex 80.211 16.0612 2.15
      vertex 79.6037 16.014 1.2
      vertex 80.211 16.0612 1.2
    endloop
  endfacet
  facet normal 0.320269 0.947327 -0
    outer loop
      vertex 79.2157 16.772 1.2
      vertex 78.8924 16.8813 2.15
      vertex 79.2157 16.772 2.15
    endloop
  endfacet
  facet normal 0.320269 0.947327 0
    outer loop
      vertex 78.8924 16.8813 2.15
      vertex 79.2157 16.772 1.2
      vertex 78.8924 16.8813 1.2
    endloop
  endfacet
  facet normal 0.560433 0.828199 -0
    outer loop
      vertex 78.8924 16.8813 1.2
      vertex 78.623 17.0636 2.15
      vertex 78.8924 16.8813 2.15
    endloop
  endfacet
  facet normal 0.560433 0.828199 0
    outer loop
      vertex 78.623 17.0636 2.15
      vertex 78.8924 16.8813 1.2
      vertex 78.623 17.0636 1.2
    endloop
  endfacet
  facet normal 0.763909 0.645325 0
    outer loop
      vertex 78.623 17.0636 2.15
      vertex 78.4075 17.3187 1.2
      vertex 78.4075 17.3187 2.15
    endloop
  endfacet
  facet normal 0.763909 0.645325 0
    outer loop
      vertex 78.4075 17.3187 1.2
      vertex 78.623 17.0636 2.15
      vertex 78.623 17.0636 1.2
    endloop
  endfacet
  facet normal 0.893334 0.449392 0
    outer loop
      vertex 78.4075 17.3187 2.15
      vertex 78.2426 17.6465 1.2
      vertex 78.2426 17.6465 2.15
    endloop
  endfacet
  facet normal 0.893334 0.449392 0
    outer loop
      vertex 78.2426 17.6465 1.2
      vertex 78.4075 17.3187 2.15
      vertex 78.4075 17.3187 1.2
    endloop
  endfacet
  facet normal 0.959182 0.28279 0
    outer loop
      vertex 78.2426 17.6465 2.15
      vertex 78.1247 18.0464 1.2
      vertex 78.1247 18.0464 2.15
    endloop
  endfacet
  facet normal 0.959182 0.28279 0
    outer loop
      vertex 78.1247 18.0464 1.2
      vertex 78.2426 17.6465 2.15
      vertex 78.2426 17.6465 1.2
    endloop
  endfacet
  facet normal 0.988972 0.148105 0
    outer loop
      vertex 78.1247 18.0464 2.15
      vertex 78.054 18.5185 1.2
      vertex 78.054 18.5185 2.15
    endloop
  endfacet
  facet normal 0.988972 0.148105 0
    outer loop
      vertex 78.054 18.5185 1.2
      vertex 78.1247 18.0464 2.15
      vertex 78.1247 18.0464 1.2
    endloop
  endfacet
  facet normal 0.999069 0.0431345 0
    outer loop
      vertex 78.054 18.5185 2.15
      vertex 78.0305 19.0628 1.2
      vertex 78.0305 19.0628 2.15
    endloop
  endfacet
  facet normal 0.999069 0.0431345 0
    outer loop
      vertex 78.0305 19.0628 1.2
      vertex 78.054 18.5185 2.15
      vertex 78.054 18.5185 1.2
    endloop
  endfacet
  facet normal 0.999082 -0.042846 0
    outer loop
      vertex 78.0305 19.0628 2.15
      vertex 78.0544 19.6201 1.2
      vertex 78.0544 19.6201 2.15
    endloop
  endfacet
  facet normal 0.999082 -0.042846 0
    outer loop
      vertex 78.0544 19.6201 1.2
      vertex 78.0305 19.0628 2.15
      vertex 78.0305 19.0628 1.2
    endloop
  endfacet
  facet normal 0.988945 -0.14828 0
    outer loop
      vertex 78.0544 19.6201 2.15
      vertex 78.1261 20.0983 1.2
      vertex 78.1261 20.0983 2.15
    endloop
  endfacet
  facet normal 0.988945 -0.14828 0
    outer loop
      vertex 78.1261 20.0983 1.2
      vertex 78.0544 19.6201 2.15
      vertex 78.0544 19.6201 1.2
    endloop
  endfacet
  facet normal 0.957998 -0.286775 0
    outer loop
      vertex 78.1261 20.0983 2.15
      vertex 78.2456 20.4975 1.2
      vertex 78.2456 20.4975 2.15
    endloop
  endfacet
  facet normal 0.957998 -0.286775 0
    outer loop
      vertex 78.2456 20.4975 1.2
      vertex 78.1261 20.0983 2.15
      vertex 78.1261 20.0983 1.2
    endloop
  endfacet
  facet normal 0.886373 -0.462973 0
    outer loop
      vertex 78.2456 20.4975 2.15
      vertex 78.4129 20.8178 1.2
      vertex 78.4129 20.8178 2.15
    endloop
  endfacet
  facet normal 0.886373 -0.462973 0
    outer loop
      vertex 78.4129 20.8178 1.2
      vertex 78.2456 20.4975 2.15
      vertex 78.2456 20.4975 1.2
    endloop
  endfacet
  facet normal 0.743354 -0.668898 0
    outer loop
      vertex 78.4129 20.8178 2.15
      vertex 78.6339 21.0634 1.2
      vertex 78.6339 21.0634 2.15
    endloop
  endfacet
  facet normal 0.743354 -0.668898 0
    outer loop
      vertex 78.6339 21.0634 1.2
      vertex 78.4129 20.8178 2.15
      vertex 78.4129 20.8178 1.2
    endloop
  endfacet
  facet normal 0.530814 -0.847488 0
    outer loop
      vertex 78.6339 21.0634 1.2
      vertex 78.9141 21.2389 2.15
      vertex 78.6339 21.0634 2.15
    endloop
  endfacet
  facet normal 0.530814 -0.847488 0
    outer loop
      vertex 78.9141 21.2389 2.15
      vertex 78.6339 21.0634 1.2
      vertex 78.9141 21.2389 1.2
    endloop
  endfacet
  facet normal 0.29624 -0.955114 0
    outer loop
      vertex 78.9141 21.2389 1.2
      vertex 79.2536 21.3442 2.15
      vertex 78.9141 21.2389 2.15
    endloop
  endfacet
  facet normal 0.29624 -0.955114 0
    outer loop
      vertex 79.2536 21.3442 2.15
      vertex 78.9141 21.2389 1.2
      vertex 79.2536 21.3442 1.2
    endloop
  endfacet
  facet normal 0.0876533 -0.996151 0
    outer loop
      vertex 79.2536 21.3442 1.2
      vertex 79.6525 21.3793 2.15
      vertex 79.2536 21.3442 2.15
    endloop
  endfacet
  facet normal 0.0876533 -0.996151 0
    outer loop
      vertex 79.6525 21.3793 2.15
      vertex 79.2536 21.3442 1.2
      vertex 79.6525 21.3793 1.2
    endloop
  endfacet
  facet normal -0.0867166 -0.996233 0
    outer loop
      vertex 79.6525 21.3793 1.2
      vertex 80.0477 21.3449 2.15
      vertex 79.6525 21.3793 2.15
    endloop
  endfacet
  facet normal -0.0867166 -0.996233 -0
    outer loop
      vertex 80.0477 21.3449 2.15
      vertex 79.6525 21.3793 1.2
      vertex 80.0477 21.3449 1.2
    endloop
  endfacet
  facet normal -0.295634 -0.955301 0
    outer loop
      vertex 80.0477 21.3449 1.2
      vertex 80.3815 21.2416 2.15
      vertex 80.0477 21.3449 2.15
    endloop
  endfacet
  facet normal -0.295634 -0.955301 -0
    outer loop
      vertex 80.3815 21.2416 2.15
      vertex 80.0477 21.3449 1.2
      vertex 80.3815 21.2416 1.2
    endloop
  endfacet
  facet normal -0.533759 -0.845636 0
    outer loop
      vertex 80.3815 21.2416 1.2
      vertex 80.654 21.0696 2.15
      vertex 80.3815 21.2416 2.15
    endloop
  endfacet
  facet normal -0.533759 -0.845636 -0
    outer loop
      vertex 80.654 21.0696 2.15
      vertex 80.3815 21.2416 1.2
      vertex 80.654 21.0696 1.2
    endloop
  endfacet
  facet normal -0.752248 -0.65888 0
    outer loop
      vertex 80.865 20.8287 1.2
      vertex 80.654 21.0696 2.15
      vertex 80.654 21.0696 1.2
    endloop
  endfacet
  facet normal -0.752248 -0.65888 0
    outer loop
      vertex 80.654 21.0696 2.15
      vertex 80.865 20.8287 1.2
      vertex 80.865 20.8287 2.15
    endloop
  endfacet
  facet normal -0.895048 -0.44597 0
    outer loop
      vertex 81.0229 20.5118 1.2
      vertex 80.865 20.8287 2.15
      vertex 80.865 20.8287 1.2
    endloop
  endfacet
  facet normal -0.895048 -0.44597 0
    outer loop
      vertex 80.865 20.8287 2.15
      vertex 81.0229 20.5118 1.2
      vertex 81.0229 20.5118 2.15
    endloop
  endfacet
  facet normal -0.962508 -0.271254 0
    outer loop
      vertex 81.1356 20.1119 1.2
      vertex 81.0229 20.5118 2.15
      vertex 81.0229 20.5118 1.2
    endloop
  endfacet
  facet normal -0.962508 -0.271254 0
    outer loop
      vertex 81.0229 20.5118 2.15
      vertex 81.1356 20.1119 1.2
      vertex 81.1356 20.1119 2.15
    endloop
  endfacet
  facet normal -0.990319 -0.138809 0
    outer loop
      vertex 81.2033 19.6289 1.2
      vertex 81.1356 20.1119 2.15
      vertex 81.1356 20.1119 1.2
    endloop
  endfacet
  facet normal -0.990319 -0.138809 0
    outer loop
      vertex 81.1356 20.1119 2.15
      vertex 81.2033 19.6289 1.2
      vertex 81.2033 19.6289 2.15
    endloop
  endfacet
  facet normal -0.999211 -0.0397143 0
    outer loop
      vertex 81.2258 19.0628 1.2
      vertex 81.2033 19.6289 2.15
      vertex 81.2033 19.6289 1.2
    endloop
  endfacet
  facet normal -0.999211 -0.0397143 0
    outer loop
      vertex 81.2033 19.6289 2.15
      vertex 81.2258 19.0628 1.2
      vertex 81.2258 19.0628 2.15
    endloop
  endfacet
  facet normal -0.99912 0.0419498 0
    outer loop
      vertex 81.2023 18.5031 1.2
      vertex 81.2258 19.0628 2.15
      vertex 81.2258 19.0628 1.2
    endloop
  endfacet
  facet normal -0.99912 0.0419498 0
    outer loop
      vertex 81.2258 19.0628 2.15
      vertex 81.2023 18.5031 1.2
      vertex 81.2023 18.5031 2.15
    endloop
  endfacet
  facet normal -0.989348 0.145571 0
    outer loop
      vertex 81.1316 18.0226 1.2
      vertex 81.2023 18.5031 2.15
      vertex 81.2023 18.5031 1.2
    endloop
  endfacet
  facet normal -0.989348 0.145571 0
    outer loop
      vertex 81.2023 18.5031 2.15
      vertex 81.1316 18.0226 1.2
      vertex 81.1316 18.0226 2.15
    endloop
  endfacet
  facet normal -0.959411 0.282011 0
    outer loop
      vertex 81.0137 17.6215 1.2
      vertex 81.1316 18.0226 2.15
      vertex 81.1316 18.0226 1.2
    endloop
  endfacet
  facet normal -0.959411 0.282011 0
    outer loop
      vertex 81.1316 18.0226 2.15
      vertex 81.0137 17.6215 1.2
      vertex 81.0137 17.6215 2.15
    endloop
  endfacet
  facet normal -0.889959 0.456042 0
    outer loop
      vertex 80.8488 17.2997 1.2
      vertex 81.0137 17.6215 2.15
      vertex 81.0137 17.6215 1.2
    endloop
  endfacet
  facet normal -0.889959 0.456042 0
    outer loop
      vertex 81.0137 17.6215 2.15
      vertex 80.8488 17.2997 1.2
      vertex 80.8488 17.2997 2.15
    endloop
  endfacet
  facet normal -0.746624 0.665246 0
    outer loop
      vertex 80.6289 17.0529 1.2
      vertex 80.8488 17.2997 2.15
      vertex 80.8488 17.2997 1.2
    endloop
  endfacet
  facet normal -0.746624 0.665246 0
    outer loop
      vertex 80.8488 17.2997 2.15
      vertex 80.6289 17.0529 1.2
      vertex 80.6289 17.0529 2.15
    endloop
  endfacet
  facet normal -0.529297 0.848437 0
    outer loop
      vertex 80.6289 17.0529 1.2
      vertex 80.3463 16.8766 2.15
      vertex 80.6289 17.0529 2.15
    endloop
  endfacet
  facet normal -0.529297 0.848437 0
    outer loop
      vertex 80.3463 16.8766 2.15
      vertex 80.6289 17.0529 1.2
      vertex 80.3463 16.8766 1.2
    endloop
  endfacet
  facet normal -0.29288 0.956149 0
    outer loop
      vertex 80.3463 16.8766 1.2
      vertex 80.0009 16.7708 2.15
      vertex 80.3463 16.8766 2.15
    endloop
  endfacet
  facet normal -0.29288 0.956149 0
    outer loop
      vertex 80.0009 16.7708 2.15
      vertex 80.3463 16.8766 1.2
      vertex 80.0009 16.7708 1.2
    endloop
  endfacet
  facet normal -0.0861976 0.996278 0
    outer loop
      vertex 80.0009 16.7708 1.2
      vertex 79.5929 16.7355 2.15
      vertex 80.0009 16.7708 2.15
    endloop
  endfacet
  facet normal -0.0861976 0.996278 0
    outer loop
      vertex 79.5929 16.7355 2.15
      vertex 80.0009 16.7708 1.2
      vertex 79.5929 16.7355 1.2
    endloop
  endfacet
  facet normal 0.0963158 0.995351 -0
    outer loop
      vertex 79.5929 16.7355 1.2
      vertex 79.2157 16.772 2.15
      vertex 79.5929 16.7355 2.15
    endloop
  endfacet
  facet normal 0.0963158 0.995351 0
    outer loop
      vertex 79.2157 16.772 2.15
      vertex 79.5929 16.7355 1.2
      vertex 79.2157 16.772 1.2
    endloop
  endfacet
  facet normal 0.356747 -0.934201 0
    outer loop
      vertex 40.1091 16.1008 1.2
      vertex 40.791 16.3612 2.15
      vertex 40.1091 16.1008 2.15
    endloop
  endfacet
  facet normal 0.356747 -0.934201 0
    outer loop
      vertex 40.791 16.3612 2.15
      vertex 40.1091 16.1008 1.2
      vertex 40.791 16.3612 1.2
    endloop
  endfacet
  facet normal 0.644922 -0.764248 0
    outer loop
      vertex 40.791 16.3612 1.2
      vertex 41.3053 16.7952 2.15
      vertex 40.791 16.3612 2.15
    endloop
  endfacet
  facet normal 0.644922 -0.764248 0
    outer loop
      vertex 41.3053 16.7952 2.15
      vertex 40.791 16.3612 1.2
      vertex 41.3053 16.7952 1.2
    endloop
  endfacet
  facet normal 0.868428 -0.495816 0
    outer loop
      vertex 41.3053 16.7952 2.15
      vertex 41.6522 17.4028 1.2
      vertex 41.6522 17.4028 2.15
    endloop
  endfacet
  facet normal 0.868428 -0.495816 0
    outer loop
      vertex 41.6522 17.4028 1.2
      vertex 41.3053 16.7952 2.15
      vertex 41.3053 16.7952 1.2
    endloop
  endfacet
  facet normal 0.273906 0.961756 -0
    outer loop
      vertex 41.6522 17.4028 1.2
      vertex 40.7951 17.6469 2.15
      vertex 41.6522 17.4028 2.15
    endloop
  endfacet
  facet normal 0.273906 0.961756 0
    outer loop
      vertex 40.7951 17.6469 2.15
      vertex 41.6522 17.4028 1.2
      vertex 40.7951 17.6469 1.2
    endloop
  endfacet
  facet normal -0.913307 0.407272 0
    outer loop
      vertex 40.7118 17.4601 1.2
      vertex 40.7951 17.6469 2.15
      vertex 40.7951 17.6469 1.2
    endloop
  endfacet
  facet normal -0.913307 0.407272 0
    outer loop
      vertex 40.7951 17.6469 2.15
      vertex 40.7118 17.4601 1.2
      vertex 40.7118 17.4601 2.15
    endloop
  endfacet
  facet normal -0.830166 0.557516 0
    outer loop
      vertex 40.5977 17.2902 1.2
      vertex 40.7118 17.4601 2.15
      vertex 40.7118 17.4601 1.2
    endloop
  endfacet
  facet normal -0.830166 0.557516 0
    outer loop
      vertex 40.7118 17.4601 2.15
      vertex 40.5977 17.2902 1.2
      vertex 40.5977 17.2902 2.15
    endloop
  endfacet
  facet normal -0.725603 0.688113 0
    outer loop
      vertex 40.4527 17.1373 1.2
      vertex 40.5977 17.2902 2.15
      vertex 40.5977 17.2902 1.2
    endloop
  endfacet
  facet normal -0.725603 0.688113 0
    outer loop
      vertex 40.5977 17.2902 2.15
      vertex 40.4527 17.1373 1.2
      vertex 40.4527 17.1373 2.15
    endloop
  endfacet
  facet normal -0.611883 0.790948 0
    outer loop
      vertex 40.4527 17.1373 1.2
      vertex 40.2769 17.0013 2.15
      vertex 40.4527 17.1373 2.15
    endloop
  endfacet
  facet normal -0.611883 0.790948 0
    outer loop
      vertex 40.2769 17.0013 2.15
      vertex 40.4527 17.1373 1.2
      vertex 40.2769 17.0013 1.2
    endloop
  endfacet
  facet normal -0.474227 0.880403 0
    outer loop
      vertex 40.2769 17.0013 1.2
      vertex 40.0699 16.8898 2.15
      vertex 40.2769 17.0013 2.15
    endloop
  endfacet
  facet normal -0.474227 0.880403 0
    outer loop
      vertex 40.0699 16.8898 2.15
      vertex 40.2769 17.0013 1.2
      vertex 40.0699 16.8898 1.2
    endloop
  endfacet
  facet normal -0.316943 0.948444 0
    outer loop
      vertex 40.0699 16.8898 1.2
      vertex 39.8314 16.8101 2.15
      vertex 40.0699 16.8898 2.15
    endloop
  endfacet
  facet normal -0.316943 0.948444 0
    outer loop
      vertex 39.8314 16.8101 2.15
      vertex 40.0699 16.8898 1.2
      vertex 39.8314 16.8101 1.2
    endloop
  endfacet
  facet normal -0.174326 0.984688 0
    outer loop
      vertex 39.8314 16.8101 1.2
      vertex 39.5614 16.7623 2.15
      vertex 39.8314 16.8101 2.15
    endloop
  endfacet
  facet normal -0.174326 0.984688 0
    outer loop
      vertex 39.5614 16.7623 2.15
      vertex 39.8314 16.8101 1.2
      vertex 39.5614 16.7623 1.2
    endloop
  endfacet
  facet normal -0.0526457 0.998613 0
    outer loop
      vertex 39.5614 16.7623 1.2
      vertex 39.2598 16.7464 2.15
      vertex 39.5614 16.7623 2.15
    endloop
  endfacet
  facet normal -0.0526457 0.998613 0
    outer loop
      vertex 39.2598 16.7464 2.15
      vertex 39.5614 16.7623 1.2
      vertex 39.2598 16.7464 1.2
    endloop
  endfacet
  facet normal 0.0902502 0.995919 -0
    outer loop
      vertex 39.2598 16.7464 1.2
      vertex 38.8824 16.7806 2.15
      vertex 39.2598 16.7464 2.15
    endloop
  endfacet
  facet normal 0.0902502 0.995919 0
    outer loop
      vertex 38.8824 16.7806 2.15
      vertex 39.2598 16.7464 1.2
      vertex 38.8824 16.7806 1.2
    endloop
  endfacet
  facet normal 0.29773 0.95465 -0
    outer loop
      vertex 38.8824 16.7806 1.2
      vertex 38.5531 16.8833 2.15
      vertex 38.8824 16.7806 2.15
    endloop
  endfacet
  facet normal 0.29773 0.95465 0
    outer loop
      vertex 38.5531 16.8833 2.15
      vertex 38.8824 16.7806 1.2
      vertex 38.5531 16.8833 1.2
    endloop
  endfacet
  facet normal 0.520381 0.853934 -0
    outer loop
      vertex 38.5531 16.8833 1.2
      vertex 38.272 17.0546 2.15
      vertex 38.5531 16.8833 2.15
    endloop
  endfacet
  facet normal 0.520381 0.853934 0
    outer loop
      vertex 38.272 17.0546 2.15
      vertex 38.5531 16.8833 1.2
      vertex 38.272 17.0546 1.2
    endloop
  endfacet
  facet normal 0.717207 0.69686 0
    outer loop
      vertex 38.272 17.0546 2.15
      vertex 38.0391 17.2943 1.2
      vertex 38.0391 17.2943 2.15
    endloop
  endfacet
  facet normal 0.717207 0.69686 0
    outer loop
      vertex 38.0391 17.2943 1.2
      vertex 38.272 17.0546 2.15
      vertex 38.272 17.0546 1.2
    endloop
  endfacet
  facet normal 0.856093 0.516822 0
    outer loop
      vertex 38.0391 17.2943 2.15
      vertex 37.8563 17.5971 1.2
      vertex 37.8563 17.5971 2.15
    endloop
  endfacet
  facet normal 0.856093 0.516822 0
    outer loop
      vertex 37.8563 17.5971 1.2
      vertex 38.0391 17.2943 2.15
      vertex 38.0391 17.2943 1.2
    endloop
  endfacet
  facet normal 0.940257 0.340465 0
    outer loop
      vertex 37.8563 17.5971 2.15
      vertex 37.7258 17.9575 1.2
      vertex 37.7258 17.9575 2.15
    endloop
  endfacet
  facet normal 0.940257 0.340465 0
    outer loop
      vertex 37.7258 17.9575 1.2
      vertex 37.8563 17.5971 2.15
      vertex 37.8563 17.5971 1.2
    endloop
  endfacet
  facet normal 0.982912 0.184076 0
    outer loop
      vertex 37.7258 17.9575 2.15
      vertex 37.6475 18.3756 1.2
      vertex 37.6475 18.3756 2.15
    endloop
  endfacet
  facet normal 0.982912 0.184076 0
    outer loop
      vertex 37.6475 18.3756 1.2
      vertex 37.7258 17.9575 2.15
      vertex 37.7258 17.9575 1.2
    endloop
  endfacet
  facet normal 0.998498 0.0547841 0
    outer loop
      vertex 37.6475 18.3756 2.15
      vertex 37.6214 18.8513 1.2
      vertex 37.6214 18.8513 2.15
    endloop
  endfacet
  facet normal 0.998498 0.0547841 0
    outer loop
      vertex 37.6214 18.8513 1.2
      vertex 37.6475 18.3756 2.15
      vertex 37.6475 18.3756 1.2
    endloop
  endfacet
  facet normal 0 -1 0
    outer loop
      vertex 37.6214 18.8513 1.2
      vertex 41.8096 18.8513 2.15
      vertex 37.6214 18.8513 2.15
    endloop
  endfacet
  facet normal 0 -1 -0
    outer loop
      vertex 41.8096 18.8513 2.15
      vertex 37.6214 18.8513 1.2
      vertex 41.8096 18.8513 1.2
    endloop
  endfacet
  facet normal 1 -0 0
    outer loop
      vertex 41.8096 18.8513 2.15
      vertex 41.8096 18.9815 1.2
      vertex 41.8096 18.9815 2.15
    endloop
  endfacet
  facet normal 1 0 0
    outer loop
      vertex 41.8096 18.9815 1.2
      vertex 41.8096 18.8513 2.15
      vertex 41.8096 18.8513 1.2
    endloop
  endfacet
  facet normal 0.993045 0.117736 0
    outer loop
      vertex 41.8096 18.9815 2.15
      vertex 41.6478 20.3462 1.2
      vertex 41.6478 20.3462 2.15
    endloop
  endfacet
  facet normal 0.993045 0.117736 0
    outer loop
      vertex 41.6478 20.3462 1.2
      vertex 41.8096 18.9815 2.15
      vertex 41.8096 18.9815 1.2
    endloop
  endfacet
  facet normal 0.895234 0.445597 0
    outer loop
      vertex 41.6478 20.3462 2.15
      vertex 41.1626 21.321 1.2
      vertex 41.1626 21.321 2.15
    endloop
  endfacet
  facet normal 0.895234 0.445597 0
    outer loop
      vertex 41.1626 21.321 1.2
      vertex 41.6478 20.3462 2.15
      vertex 41.6478 20.3462 1.2
    endloop
  endfacet
  facet normal 0.586043 0.81028 -0
    outer loop
      vertex 41.1626 21.321 1.2
      vertex 40.3539 21.9059 2.15
      vertex 41.1626 21.321 2.15
    endloop
  endfacet
  facet normal 0.586043 0.81028 0
    outer loop
      vertex 40.3539 21.9059 2.15
      vertex 41.1626 21.321 1.2
      vertex 40.3539 21.9059 1.2
    endloop
  endfacet
  facet normal 0.169662 0.985502 -0
    outer loop
      vertex 40.3539 21.9059 1.2
      vertex 39.2218 22.1008 2.15
      vertex 40.3539 21.9059 2.15
    endloop
  endfacet
  facet normal 0.169662 0.985502 0
    outer loop
      vertex 39.2218 22.1008 2.15
      vertex 40.3539 21.9059 1.2
      vertex 39.2218 22.1008 1.2
    endloop
  endfacet
  facet normal -0.0811618 0.996701 0
    outer loop
      vertex 39.2218 22.1008 1.2
      vertex 38.6262 22.0523 2.15
      vertex 39.2218 22.1008 2.15
    endloop
  endfacet
  facet normal -0.0811618 0.996701 0
    outer loop
      vertex 38.6262 22.0523 2.15
      vertex 39.2218 22.1008 1.2
      vertex 38.6262 22.0523 1.2
    endloop
  endfacet
  facet normal -0.268043 0.963407 0
    outer loop
      vertex 38.6262 22.0523 1.2
      vertex 38.1036 21.9069 2.15
      vertex 38.6262 22.0523 2.15
    endloop
  endfacet
  facet normal -0.268043 0.963407 0
    outer loop
      vertex 38.1036 21.9069 2.15
      vertex 38.6262 22.0523 1.2
      vertex 38.1036 21.9069 1.2
    endloop
  endfacet
  facet normal -0.474555 0.880226 0
    outer loop
      vertex 38.1036 21.9069 1.2
      vertex 37.6538 21.6644 2.15
      vertex 38.1036 21.9069 2.15
    endloop
  endfacet
  facet normal -0.474555 0.880226 0
    outer loop
      vertex 37.6538 21.6644 2.15
      vertex 38.1036 21.9069 1.2
      vertex 37.6538 21.6644 1.2
    endloop
  endfacet
  facet normal -0.669063 0.743206 0
    outer loop
      vertex 37.6538 21.6644 1.2
      vertex 37.2769 21.3251 2.15
      vertex 37.6538 21.6644 2.15
    endloop
  endfacet
  facet normal -0.669063 0.743206 0
    outer loop
      vertex 37.2769 21.3251 2.15
      vertex 37.6538 21.6644 1.2
      vertex 37.2769 21.3251 1.2
    endloop
  endfacet
  facet normal -0.822282 0.569081 0
    outer loop
      vertex 36.9791 20.8948 1.2
      vertex 37.2769 21.3251 2.15
      vertex 37.2769 21.3251 1.2
    endloop
  endfacet
  facet normal -0.822282 0.569081 0
    outer loop
      vertex 37.2769 21.3251 2.15
      vertex 36.9791 20.8948 1.2
      vertex 36.9791 20.8948 2.15
    endloop
  endfacet
  facet normal -0.924235 0.381823 0
    outer loop
      vertex 36.7663 20.3797 1.2
      vertex 36.9791 20.8948 2.15
      vertex 36.9791 20.8948 1.2
    endloop
  endfacet
  facet normal -0.924235 0.381823 0
    outer loop
      vertex 36.9791 20.8948 2.15
      vertex 36.7663 20.3797 1.2
      vertex 36.7663 20.3797 2.15
    endloop
  endfacet
  facet normal -0.978105 0.208114 0
    outer loop
      vertex 36.6387 19.78 1.2
      vertex 36.7663 20.3797 2.15
      vertex 36.7663 20.3797 1.2
    endloop
  endfacet
  facet normal -0.978105 0.208114 0
    outer loop
      vertex 36.7663 20.3797 2.15
      vertex 36.6387 19.78 1.2
      vertex 36.6387 19.78 2.15
    endloop
  endfacet
  facet normal -0.99807 0.062106 0
    outer loop
      vertex 36.5961 19.0954 1.2
      vertex 36.6387 19.78 2.15
      vertex 36.6387 19.78 1.2
    endloop
  endfacet
  facet normal -0.99807 0.062106 0
    outer loop
      vertex 36.6387 19.78 2.15
      vertex 36.5961 19.0954 1.2
      vertex 36.5961 19.0954 2.15
    endloop
  endfacet
  facet normal -0.998244 -0.0592438 0
    outer loop
      vertex 36.6387 18.3776 1.2
      vertex 36.5961 19.0954 2.15
      vertex 36.5961 19.0954 1.2
    endloop
  endfacet
  facet normal -0.998244 -0.0592438 0
    outer loop
      vertex 36.5961 19.0954 2.15
      vertex 36.6387 18.3776 1.2
      vertex 36.6387 18.3776 2.15
    endloop
  endfacet
  facet normal -0.979695 -0.200496 0
    outer loop
      vertex 36.7663 17.7541 1.2
      vertex 36.6387 18.3776 2.15
      vertex 36.6387 18.3776 1.2
    endloop
  endfacet
  facet normal -0.979695 -0.200496 0
    outer loop
      vertex 36.6387 18.3776 2.15
      vertex 36.7663 17.7541 1.2
      vertex 36.7663 17.7541 2.15
    endloop
  endfacet
  facet normal -0.927822 -0.373022 0
    outer loop
      vertex 36.9791 17.2248 1.2
      vertex 36.7663 17.7541 2.15
      vertex 36.7663 17.7541 1.2
    endloop
  endfacet
  facet normal -0.927822 -0.373022 0
    outer loop
      vertex 36.7663 17.7541 2.15
      vertex 36.9791 17.2248 1.2
      vertex 36.9791 17.2248 2.15
    endloop
  endfacet
  facet normal -0.825158 -0.564902 0
    outer loop
      vertex 37.2769 16.7898 1.2
      vertex 36.9791 17.2248 2.15
      vertex 36.9791 17.2248 1.2
    endloop
  endfacet
  facet normal -0.825158 -0.564902 0
    outer loop
      vertex 36.9791 17.2248 2.15
      vertex 37.2769 16.7898 1.2
      vertex 37.2769 16.7898 2.15
    endloop
  endfacet
  facet normal -0.666824 -0.745216 0
    outer loop
      vertex 37.2769 16.7898 1.2
      vertex 37.6562 16.4504 2.15
      vertex 37.2769 16.7898 2.15
    endloop
  endfacet
  facet normal -0.666824 -0.745216 -0
    outer loop
      vertex 37.6562 16.4504 2.15
      vertex 37.2769 16.7898 1.2
      vertex 37.6562 16.4504 1.2
    endloop
  endfacet
  facet normal -0.46866 -0.883378 0
    outer loop
      vertex 37.6562 16.4504 1.2
      vertex 38.1131 16.208 2.15
      vertex 37.6562 16.4504 2.15
    endloop
  endfacet
  facet normal -0.46866 -0.883378 -0
    outer loop
      vertex 38.1131 16.208 2.15
      vertex 37.6562 16.4504 1.2
      vertex 38.1131 16.208 1.2
    endloop
  endfacet
  facet normal -0.262659 -0.964889 0
    outer loop
      vertex 38.1131 16.208 1.2
      vertex 38.6476 16.0625 2.15
      vertex 38.1131 16.208 2.15
    endloop
  endfacet
  facet normal -0.262659 -0.964889 -0
    outer loop
      vertex 38.6476 16.0625 2.15
      vertex 38.1131 16.208 1.2
      vertex 38.6476 16.0625 1.2
    endloop
  endfacet
  facet normal -0.078975 -0.996877 0
    outer loop
      vertex 38.6476 16.0625 1.2
      vertex 39.2598 16.014 2.15
      vertex 38.6476 16.0625 2.15
    endloop
  endfacet
  facet normal -0.078975 -0.996877 -0
    outer loop
      vertex 39.2598 16.014 2.15
      vertex 38.6476 16.0625 1.2
      vertex 39.2598 16.014 1.2
    endloop
  endfacet
  facet normal 0.101672 -0.994818 0
    outer loop
      vertex 39.2598 16.014 1.2
      vertex 40.1091 16.1008 2.15
      vertex 39.2598 16.014 2.15
    endloop
  endfacet
  facet normal 0.101672 -0.994818 0
    outer loop
      vertex 40.1091 16.1008 2.15
      vertex 39.2598 16.014 1.2
      vertex 40.1091 16.1008 1.2
    endloop
  endfacet
  facet normal 0.994804 -0.10181 0
    outer loop
      vertex 37.6323 19.5999 2.15
      vertex 37.6725 19.9927 1.2
      vertex 37.6725 19.9927 2.15
    endloop
  endfacet
  facet normal 0.994804 -0.10181 0
    outer loop
      vertex 37.6725 19.9927 1.2
      vertex 37.6323 19.5999 2.15
      vertex 37.6323 19.5999 1.2
    endloop
  endfacet
  facet normal 0.969616 -0.244631 0
    outer loop
      vertex 37.6725 19.9927 2.15
      vertex 37.7604 20.3411 1.2
      vertex 37.7604 20.3411 2.15
    endloop
  endfacet
  facet normal 0.969616 -0.244631 0
    outer loop
      vertex 37.7604 20.3411 1.2
      vertex 37.6725 19.9927 2.15
      vertex 37.6725 19.9927 1.2
    endloop
  endfacet
  facet normal 0.912992 -0.407977 0
    outer loop
      vertex 37.7604 20.3411 2.15
      vertex 37.8962 20.645 1.2
      vertex 37.8962 20.645 2.15
    endloop
  endfacet
  facet normal 0.912992 -0.407977 0
    outer loop
      vertex 37.8962 20.645 1.2
      vertex 37.7604 20.3411 2.15
      vertex 37.7604 20.3411 1.2
    endloop
  endfacet
  facet normal 0.816445 -0.577424 0
    outer loop
      vertex 37.8962 20.645 2.15
      vertex 38.0798 20.9046 1.2
      vertex 38.0798 20.9046 2.15
    endloop
  endfacet
  facet normal 0.816445 -0.577424 0
    outer loop
      vertex 38.0798 20.9046 1.2
      vertex 37.8962 20.645 2.15
      vertex 37.8962 20.645 1.2
    endloop
  endfacet
  facet normal 0.676668 -0.736288 0
    outer loop
      vertex 38.0798 20.9046 1.2
      vertex 38.3058 21.1123 2.15
      vertex 38.0798 20.9046 2.15
    endloop
  endfacet
  facet normal 0.676668 -0.736288 0
    outer loop
      vertex 38.3058 21.1123 2.15
      vertex 38.0798 20.9046 1.2
      vertex 38.3058 21.1123 1.2
    endloop
  endfacet
  facet normal 0.491173 -0.871062 0
    outer loop
      vertex 38.3058 21.1123 1.2
      vertex 38.5688 21.2606 2.15
      vertex 38.3058 21.1123 2.15
    endloop
  endfacet
  facet normal 0.491173 -0.871062 0
    outer loop
      vertex 38.5688 21.2606 2.15
      vertex 38.3058 21.1123 1.2
      vertex 38.5688 21.2606 1.2
    endloop
  endfacet
  facet normal 0.284502 -0.958675 0
    outer loop
      vertex 38.5688 21.2606 1.2
      vertex 38.8687 21.3496 2.15
      vertex 38.5688 21.2606 2.15
    endloop
  endfacet
  facet normal 0.284502 -0.958675 0
    outer loop
      vertex 38.8687 21.3496 2.15
      vertex 38.5688 21.2606 1.2
      vertex 38.8687 21.3496 1.2
    endloop
  endfacet
  facet normal 0.0878161 -0.996137 0
    outer loop
      vertex 38.8687 21.3496 1.2
      vertex 39.2056 21.3793 2.15
      vertex 38.8687 21.3496 2.15
    endloop
  endfacet
  facet normal 0.0878161 -0.996137 0
    outer loop
      vertex 39.2056 21.3793 2.15
      vertex 38.8687 21.3496 1.2
      vertex 39.2056 21.3793 1.2
    endloop
  endfacet
  facet normal -0.0769176 -0.997037 0
    outer loop
      vertex 39.2056 21.3793 1.2
      vertex 39.5504 21.3527 2.15
      vertex 39.2056 21.3793 2.15
    endloop
  endfacet
  facet normal -0.0769176 -0.997037 -0
    outer loop
      vertex 39.5504 21.3527 2.15
      vertex 39.2056 21.3793 1.2
      vertex 39.5504 21.3527 1.2
    endloop
  endfacet
  facet normal -0.255769 -0.966738 0
    outer loop
      vertex 39.5504 21.3527 1.2
      vertex 39.8524 21.2728 2.15
      vertex 39.5504 21.3527 2.15
    endloop
  endfacet
  facet normal -0.255769 -0.966738 -0
    outer loop
      vertex 39.8524 21.2728 2.15
      vertex 39.5504 21.3527 1.2
      vertex 39.8524 21.2728 1.2
    endloop
  endfacet
  facet normal -0.456247 -0.889853 0
    outer loop
      vertex 39.8524 21.2728 1.2
      vertex 40.1118 21.1398 2.15
      vertex 39.8524 21.2728 2.15
    endloop
  endfacet
  facet normal -0.456247 -0.889853 -0
    outer loop
      vertex 40.1118 21.1398 2.15
      vertex 39.8524 21.2728 1.2
      vertex 40.1118 21.1398 1.2
    endloop
  endfacet
  facet normal -0.652289 -0.757971 0
    outer loop
      vertex 40.1118 21.1398 1.2
      vertex 40.3284 20.9534 2.15
      vertex 40.1118 21.1398 2.15
    endloop
  endfacet
  facet normal -0.652289 -0.757971 -0
    outer loop
      vertex 40.3284 20.9534 2.15
      vertex 40.1118 21.1398 1.2
      vertex 40.3284 20.9534 1.2
    endloop
  endfacet
  facet normal -0.811257 -0.58469 0
    outer loop
      vertex 40.5044 20.7092 1.2
      vertex 40.3284 20.9534 2.15
      vertex 40.3284 20.9534 1.2
    endloop
  endfacet
  facet normal -0.811257 -0.58469 0
    outer loop
      vertex 40.3284 20.9534 2.15
      vertex 40.5044 20.7092 1.2
      vertex 40.5044 20.7092 2.15
    endloop
  endfacet
  facet normal -0.912804 -0.408399 0
    outer loop
      vertex 40.6418 20.4021 1.2
      vertex 40.5044 20.7092 2.15
      vertex 40.5044 20.7092 1.2
    endloop
  endfacet
  facet normal -0.912804 -0.408399 0
    outer loop
      vertex 40.5044 20.7092 2.15
      vertex 40.6418 20.4021 1.2
      vertex 40.6418 20.4021 2.15
    endloop
  endfacet
  facet normal -0.966226 -0.257695 0
    outer loop
      vertex 40.7404 20.0324 1.2
      vertex 40.6418 20.4021 2.15
      vertex 40.6418 20.4021 1.2
    endloop
  endfacet
  facet normal -0.966226 -0.257695 0
    outer loop
      vertex 40.6418 20.4021 2.15
      vertex 40.7404 20.0324 1.2
      vertex 40.7404 20.0324 2.15
    endloop
  endfacet
  facet normal -0.990514 -0.137412 0
    outer loop
      vertex 40.8004 19.5999 1.2
      vertex 40.7404 20.0324 2.15
      vertex 40.7404 20.0324 1.2
    endloop
  endfacet
  facet normal -0.990514 -0.137412 0
    outer loop
      vertex 40.7404 20.0324 2.15
      vertex 40.8004 19.5999 1.2
      vertex 40.8004 19.5999 2.15
    endloop
  endfacet
  facet normal 0 1 -0
    outer loop
      vertex 40.8004 19.5999 1.2
      vertex 37.6323 19.5999 2.15
      vertex 40.8004 19.5999 2.15
    endloop
  endfacet
  facet normal 0 1 0
    outer loop
      vertex 37.6323 19.5999 2.15
      vertex 40.8004 19.5999 1.2
      vertex 37.6323 19.5999 1.2
    endloop
  endfacet
  facet normal 0.998042 -0.0625469 0
    outer loop
      vertex 43.9056 19.5239 2.15
      vertex 43.931 19.9292 1.2
      vertex 43.931 19.9292 2.15
    endloop
  endfacet
  facet normal 0.998042 -0.0625469 0
    outer loop
      vertex 43.931 19.9292 1.2
      vertex 43.9056 19.5239 2.15
      vertex 43.9056 19.5239 1.2
    endloop
  endfacet
  facet normal 0.978069 -0.20828 0
    outer loop
      vertex 43.931 19.9292 2.15
      vertex 44.0073 20.2875 1.2
      vertex 44.0073 20.2875 2.15
    endloop
  endfacet
  facet normal 0.978069 -0.20828 0
    outer loop
      vertex 44.0073 20.2875 1.2
      vertex 43.931 19.9292 2.15
      vertex 43.931 19.9292 1.2
    endloop
  endfacet
  facet normal 0.925831 -0.377939 0
    outer loop
      vertex 44.0073 20.2875 2.15
      vertex 44.1345 20.5991 1.2
      vertex 44.1345 20.5991 2.15
    endloop
  endfacet
  facet normal 0.925831 -0.377939 0
    outer loop
      vertex 44.1345 20.5991 1.2
      vertex 44.0073 20.2875 2.15
      vertex 44.0073 20.2875 1.2
    endloop
  endfacet
  facet normal 0.829923 -0.557879 0
    outer loop
      vertex 44.1345 20.5991 2.15
      vertex 44.3125 20.8639 1.2
      vertex 44.3125 20.8639 2.15
    endloop
  endfacet
  facet normal 0.829923 -0.557879 0
    outer loop
      vertex 44.3125 20.8639 1.2
      vertex 44.1345 20.5991 2.15
      vertex 44.1345 20.5991 1.2
    endloop
  endfacet
  facet normal 0.689272 -0.724502 0
    outer loop
      vertex 44.3125 20.8639 1.2
      vertex 44.5346 21.0752 2.15
      vertex 44.3125 20.8639 2.15
    endloop
  endfacet
  facet normal 0.689272 -0.724502 0
    outer loop
      vertex 44.5346 21.0752 2.15
      vertex 44.3125 20.8639 1.2
      vertex 44.5346 21.0752 1.2
    endloop
  endfacet
  facet normal 0.502731 -0.864443 0
    outer loop
      vertex 44.5346 21.0752 1.2
      vertex 44.7939 21.226 2.15
      vertex 44.5346 21.0752 2.15
    endloop
  endfacet
  facet normal 0.502731 -0.864443 0
    outer loop
      vertex 44.7939 21.226 2.15
      vertex 44.5346 21.0752 1.2
      vertex 44.7939 21.226 1.2
    endloop
  endfacet
  facet normal 0.292047 -0.956404 0
    outer loop
      vertex 44.7939 21.226 1.2
      vertex 45.0906 21.3166 2.15
      vertex 44.7939 21.226 2.15
    endloop
  endfacet
  facet normal 0.292047 -0.956404 0
    outer loop
      vertex 45.0906 21.3166 2.15
      vertex 44.7939 21.226 1.2
      vertex 45.0906 21.3166 1.2
    endloop
  endfacet
  facet normal 0.089756 -0.995964 0
    outer loop
      vertex 45.0906 21.3166 1.2
      vertex 45.4246 21.3467 2.15
      vertex 45.0906 21.3166 2.15
    endloop
  endfacet
  facet normal 0.089756 -0.995964 0
    outer loop
      vertex 45.4246 21.3467 2.15
      vertex 45.0906 21.3166 1.2
      vertex 45.4246 21.3467 1.2
    endloop
  endfacet
  facet normal -0.0387715 -0.999248 0
    outer loop
      vertex 45.4246 21.3467 1.2
      vertex 45.6514 21.3379 2.15
      vertex 45.4246 21.3467 2.15
    endloop
  endfacet
  facet normal -0.0387715 -0.999248 -0
    outer loop
      vertex 45.6514 21.3379 2.15
      vertex 45.4246 21.3467 1.2
      vertex 45.6514 21.3379 1.2
    endloop
  endfacet
  facet normal -0.132427 -0.991193 0
    outer loop
      vertex 45.6514 21.3379 1.2
      vertex 45.849 21.3115 2.15
      vertex 45.6514 21.3379 2.15
    endloop
  endfacet
  facet normal -0.132427 -0.991193 -0
    outer loop
      vertex 45.849 21.3115 2.15
      vertex 45.6514 21.3379 1.2
      vertex 45.849 21.3115 1.2
    endloop
  endfacet
  facet normal -0.253193 -0.967416 0
    outer loop
      vertex 45.849 21.3115 1.2
      vertex 46.0175 21.2674 2.15
      vertex 45.849 21.3115 2.15
    endloop
  endfacet
  facet normal -0.253193 -0.967416 -0
    outer loop
      vertex 46.0175 21.2674 2.15
      vertex 45.849 21.3115 1.2
      vertex 46.0175 21.2674 1.2
    endloop
  endfacet
  facet normal -0.404738 -0.914433 0
    outer loop
      vertex 46.0175 21.2674 1.2
      vertex 46.1569 21.2057 2.15
      vertex 46.0175 21.2674 2.15
    endloop
  endfacet
  facet normal -0.404738 -0.914433 -0
    outer loop
      vertex 46.1569 21.2057 2.15
      vertex 46.0175 21.2674 1.2
      vertex 46.1569 21.2057 1.2
    endloop
  endfacet
  facet normal -0.574831 -0.818272 0
    outer loop
      vertex 46.1569 21.2057 1.2
      vertex 46.2732 21.124 2.15
      vertex 46.1569 21.2057 2.15
    endloop
  endfacet
  facet normal -0.574831 -0.818272 -0
    outer loop
      vertex 46.2732 21.124 2.15
      vertex 46.1569 21.2057 1.2
      vertex 46.2732 21.124 1.2
    endloop
  endfacet
  facet normal -0.723245 -0.690591 0
    outer loop
      vertex 46.3726 21.0199 1.2
      vertex 46.2732 21.124 2.15
      vertex 46.2732 21.124 1.2
    endloop
  endfacet
  facet normal -0.723245 -0.690591 0
    outer loop
      vertex 46.2732 21.124 2.15
      vertex 46.3726 21.0199 1.2
      vertex 46.3726 21.0199 2.15
    endloop
  endfacet
  facet normal -0.837914 -0.545803 0
    outer loop
      vertex 46.455 20.8934 1.2
      vertex 46.3726 21.0199 2.15
      vertex 46.3726 21.0199 1.2
    endloop
  endfacet
  facet normal -0.837914 -0.545803 0
    outer loop
      vertex 46.3726 21.0199 2.15
      vertex 46.455 20.8934 1.2
      vertex 46.455 20.8934 2.15
    endloop
  endfacet
  facet normal -0.915478 -0.402367 0
    outer loop
      vertex 46.5204 20.7446 1.2
      vertex 46.455 20.8934 2.15
      vertex 46.455 20.8934 1.2
    endloop
  endfacet
  facet normal -0.915478 -0.402367 0
    outer loop
      vertex 46.455 20.8934 2.15
      vertex 46.5204 20.7446 1.2
      vertex 46.5204 20.7446 2.15
    endloop
  endfacet
  facet normal -0.962344 -0.271836 0
    outer loop
      vertex 46.5702 20.5683 1.2
      vertex 46.5204 20.7446 2.15
      vertex 46.5204 20.7446 1.2
    endloop
  endfacet
  facet normal -0.962344 -0.271836 0
    outer loop
      vertex 46.5204 20.7446 2.15
      vertex 46.5702 20.5683 1.2
      vertex 46.5702 20.5683 2.15
    endloop
  endfacet
  facet normal -0.985788 -0.167994 0
    outer loop
      vertex 46.6058 20.3594 1.2
      vertex 46.5702 20.5683 2.15
      vertex 46.5702 20.5683 1.2
    endloop
  endfacet
  facet normal -0.985788 -0.167994 0
    outer loop
      vertex 46.5702 20.5683 2.15
      vertex 46.6058 20.3594 1.2
      vertex 46.6058 20.3594 2.15
    endloop
  endfacet
  facet normal -0.996094 -0.0883032 0
    outer loop
      vertex 46.6272 20.118 1.2
      vertex 46.6058 20.3594 2.15
      vertex 46.6058 20.3594 1.2
    endloop
  endfacet
  facet normal -0.996094 -0.0883032 0
    outer loop
      vertex 46.6058 20.3594 2.15
      vertex 46.6272 20.118 1.2
      vertex 46.6272 20.118 2.15
    endloop
  endfacet
  facet normal -0.999664 -0.0259037 0
    outer loop
      vertex 46.6343 19.844 1.2
      vertex 46.6272 20.118 2.15
      vertex 46.6272 20.118 1.2
    endloop
  endfacet
  facet normal -0.999664 -0.0259037 0
    outer loop
      vertex 46.6272 20.118 2.15
      vertex 46.6343 19.844 1.2
      vertex 46.6343 19.844 2.15
    endloop
  endfacet
  facet normal -1 0 0
    outer loop
      vertex 46.6343 16.1225 1.2
      vertex 46.6343 19.844 2.15
      vertex 46.6343 19.844 1.2
    endloop
  endfacet
  facet normal -1 -0 0
    outer loop
      vertex 46.6343 19.844 2.15
      vertex 46.6343 16.1225 1.2
      vertex 46.6343 16.1225 2.15
    endloop
  endfacet
  facet normal 0 -1 0
    outer loop
      vertex 46.6343 16.1225 1.2
      vertex 47.6162 16.1225 2.15
      vertex 46.6343 16.1225 2.15
    endloop
  endfacet
  facet normal 0 -1 -0
    outer loop
      vertex 47.6162 16.1225 2.15
      vertex 46.6343 16.1225 1.2
      vertex 47.6162 16.1225 1.2
    endloop
  endfacet
  facet normal 1 -0 0
    outer loop
      vertex 47.6162 16.1225 2.15
      vertex 47.6162 20.0339 1.2
      vertex 47.6162 20.0339 2.15
    endloop
  endfacet
  facet normal 1 0 0
    outer loop
      vertex 47.6162 20.0339 1.2
      vertex 47.6162 16.1225 2.15
      vertex 47.6162 16.1225 1.2
    endloop
  endfacet
  facet normal 0.998531 0.0541793 0
    outer loop
      vertex 47.6162 20.0339 2.15
      vertex 47.5883 20.5481 1.2
      vertex 47.5883 20.5481 2.15
    endloop
  endfacet
  facet normal 0.998531 0.0541793 0
    outer loop
      vertex 47.5883 20.5481 1.2
      vertex 47.6162 20.0339 2.15
      vertex 47.6162 20.0339 1.2
    endloop
  endfacet
  facet normal 0.981934 0.189223 0
    outer loop
      vertex 47.5883 20.5481 2.15
      vertex 47.5043 20.984 1.2
      vertex 47.5043 20.984 2.15
    endloop
  endfacet
  facet normal 0.981934 0.189223 0
    outer loop
      vertex 47.5043 20.984 1.2
      vertex 47.5883 20.5481 2.15
      vertex 47.5883 20.5481 1.2
    endloop
  endfacet
  facet normal 0.931323 0.364193 0
    outer loop
      vertex 47.5043 20.984 2.15
      vertex 47.3645 21.3415 1.2
      vertex 47.3645 21.3415 2.15
    endloop
  endfacet
  facet normal 0.931323 0.364193 0
    outer loop
      vertex 47.3645 21.3415 1.2
      vertex 47.5043 20.984 2.15
      vertex 47.5043 20.984 1.2
    endloop
  endfacet
  facet normal 0.818598 0.574367 0
    outer loop
      vertex 47.3645 21.3415 2.15
      vertex 47.1686 21.6207 1.2
      vertex 47.1686 21.6207 2.15
    endloop
  endfacet
  facet normal 0.818598 0.574367 0
    outer loop
      vertex 47.1686 21.6207 1.2
      vertex 47.3645 21.3415 2.15
      vertex 47.3645 21.3415 1.2
    endloop
  endfacet
  facet normal 0.634256 0.773123 -0
    outer loop
      vertex 47.1686 21.6207 1.2
      vertex 46.9125 21.8308 2.15
      vertex 47.1686 21.6207 2.15
    endloop
  endfacet
  facet normal 0.634256 0.773123 0
    outer loop
      vertex 46.9125 21.8308 2.15
      vertex 47.1686 21.6207 1.2
      vertex 46.9125 21.8308 1.2
    endloop
  endfacet
  facet normal 0.423457 0.905916 -0
    outer loop
      vertex 46.9125 21.8308 1.2
      vertex 46.5916 21.9808 2.15
      vertex 46.9125 21.8308 2.15
    endloop
  endfacet
  facet normal 0.423457 0.905916 0
    outer loop
      vertex 46.5916 21.9808 2.15
      vertex 46.9125 21.8308 1.2
      vertex 46.5916 21.9808 1.2
    endloop
  endfacet
  facet normal 0.227238 0.973839 -0
    outer loop
      vertex 46.5916 21.9808 1.2
      vertex 46.2059 22.0708 2.15
      vertex 46.5916 21.9808 2.15
    endloop
  endfacet
  facet normal 0.227238 0.973839 0
    outer loop
      vertex 46.2059 22.0708 2.15
      vertex 46.5916 21.9808 1.2
      vertex 46.2059 22.0708 1.2
    endloop
  endfacet
  facet normal 0.0664602 0.997789 -0
    outer loop
      vertex 46.2059 22.0708 1.2
      vertex 45.7555 22.1008 2.15
      vertex 46.2059 22.0708 2.15
    endloop
  endfacet
  facet normal 0.0664602 0.997789 0
    outer loop
      vertex 45.7555 22.1008 2.15
      vertex 46.2059 22.0708 1.2
      vertex 45.7555 22.1008 1.2
    endloop
  endfacet
  facet normal -0.049811 0.998759 0
    outer loop
      vertex 45.7555 22.1008 1.2
      vertex 45.4407 22.0851 2.15
      vertex 45.7555 22.1008 2.15
    endloop
  endfacet
  facet normal -0.049811 0.998759 0
    outer loop
      vertex 45.4407 22.0851 2.15
      vertex 45.7555 22.1008 1.2
      vertex 45.4407 22.0851 1.2
    endloop
  endfacet
  facet normal -0.16201 0.986789 0
    outer loop
      vertex 45.4407 22.0851 1.2
      vertex 45.1526 22.0378 2.15
      vertex 45.4407 22.0851 2.15
    endloop
  endfacet
  facet normal -0.16201 0.986789 0
    outer loop
      vertex 45.1526 22.0378 2.15
      vertex 45.4407 22.0851 1.2
      vertex 45.1526 22.0378 1.2
    endloop
  endfacet
  facet normal -0.289163 0.95728 0
    outer loop
      vertex 45.1526 22.0378 1.2
      vertex 44.8914 21.9589 2.15
      vertex 45.1526 22.0378 2.15
    endloop
  endfacet
  facet normal -0.289163 0.95728 0
    outer loop
      vertex 44.8914 21.9589 2.15
      vertex 45.1526 22.0378 1.2
      vertex 44.8914 21.9589 1.2
    endloop
  endfacet
  facet normal -0.42563 0.904897 0
    outer loop
      vertex 44.8914 21.9589 1.2
      vertex 44.6569 21.8486 2.15
      vertex 44.8914 21.9589 2.15
    endloop
  endfacet
  facet normal -0.42563 0.904897 0
    outer loop
      vertex 44.6569 21.8486 2.15
      vertex 44.8914 21.9589 1.2
      vertex 44.6569 21.8486 1.2
    endloop
  endfacet
  facet normal -0.568951 0.822372 0
    outer loop
      vertex 44.6569 21.8486 1.2
      vertex 44.4424 21.7002 2.15
      vertex 44.6569 21.8486 2.15
    endloop
  endfacet
  facet normal -0.568951 0.822372 0
    outer loop
      vertex 44.4424 21.7002 2.15
      vertex 44.6569 21.8486 1.2
      vertex 44.4424 21.7002 1.2
    endloop
  endfacet
  facet normal -0.691687 0.722197 0
    outer loop
      vertex 44.4424 21.7002 1.2
      vertex 44.2412 21.5075 2.15
      vertex 44.4424 21.7002 2.15
    endloop
  endfacet
  facet normal -0.691687 0.722197 0
    outer loop
      vertex 44.2412 21.5075 2.15
      vertex 44.4424 21.7002 1.2
      vertex 44.2412 21.5075 1.2
    endloop
  endfacet
  facet normal -0.783858 0.62094 0
    outer loop
      vertex 44.0533 21.2703 1.2
      vertex 44.2412 21.5075 2.15
      vertex 44.2412 21.5075 1.2
    endloop
  endfacet
  facet normal -0.783858 0.62094 0
    outer loop
      vertex 44.2412 21.5075 2.15
      vertex 44.0533 21.2703 1.2
      vertex 44.0533 21.2703 2.15
    endloop
  endfacet
  facet normal -0.849622 0.527393 0
    outer loop
      vertex 43.8785 20.9887 1.2
      vertex 44.0533 21.2703 2.15
      vertex 44.0533 21.2703 1.2
    endloop
  endfacet
  facet normal -0.849622 0.527393 0
    outer loop
      vertex 44.0533 21.2703 2.15
      vertex 43.8785 20.9887 1.2
      vertex 43.8785 20.9887 2.15
    endloop
  endfacet
  facet normal 0 1 -0
    outer loop
      vertex 43.8785 20.9887 1.2
      vertex 43.8622 20.9887 2.15
      vertex 43.8785 20.9887 2.15
    endloop
  endfacet
  facet normal 0 1 0
    outer loop
      vertex 43.8622 20.9887 2.15
      vertex 43.8785 20.9887 1.2
      vertex 43.8622 20.9887 1.2
    endloop
  endfacet
  facet normal 0.999639 0.0268666 0
    outer loop
      vertex 43.8622 20.9887 2.15
      vertex 43.8569 21.1859 1.2
      vertex 43.8569 21.1859 2.15
    endloop
  endfacet
  facet normal 0.999639 0.0268666 0
    outer loop
      vertex 43.8569 21.1859 1.2
      vertex 43.8622 20.9887 2.15
      vertex 43.8622 20.9887 1.2
    endloop
  endfacet
  facet normal 0.999548 0.0300662 0
    outer loop
      vertex 43.8569 21.1859 2.15
      vertex 43.852 21.3488 1.2
      vertex 43.852 21.3488 2.15
    endloop
  endfacet
  facet normal 0.999548 0.0300662 0
    outer loop
      vertex 43.852 21.3488 1.2
      vertex 43.8569 21.1859 2.15
      vertex 43.8569 21.1859 1.2
    endloop
  endfacet
  facet normal 0.999361 0.035747 0
    outer loop
      vertex 43.852 21.3488 2.15
      vertex 43.8474 21.4774 1.2
      vertex 43.8474 21.4774 2.15
    endloop
  endfacet
  facet normal 0.999361 0.035747 0
    outer loop
      vertex 43.8474 21.4774 1.2
      vertex 43.852 21.3488 2.15
      vertex 43.852 21.3488 1.2
    endloop
  endfacet
  facet normal 0.999014 0.0444006 0
    outer loop
      vertex 43.8474 21.4774 2.15
      vertex 43.8432 21.5719 1.2
      vertex 43.8432 21.5719 2.15
    endloop
  endfacet
  facet normal 0.999014 0.0444006 0
    outer loop
      vertex 43.8432 21.5719 1.2
      vertex 43.8474 21.4774 2.15
      vertex 43.8474 21.4774 1.2
    endloop
  endfacet
  facet normal 0.998654 0.0518609 0
    outer loop
      vertex 43.8432 21.5719 2.15
      vertex 43.8393 21.647 1.2
      vertex 43.8393 21.647 2.15
    endloop
  endfacet
  facet normal 0.998654 0.0518609 0
    outer loop
      vertex 43.8393 21.647 1.2
      vertex 43.8432 21.5719 2.15
      vertex 43.8432 21.5719 1.2
    endloop
  endfacet
  facet normal 0.998706 0.0508535 0
    outer loop
      vertex 43.8393 21.647 2.15
      vertex 43.8357 21.7177 1.2
      vertex 43.8357 21.7177 2.15
    endloop
  endfacet
  facet normal 0.998706 0.0508535 0
    outer loop
      vertex 43.8357 21.7177 1.2
      vertex 43.8393 21.647 2.15
      vertex 43.8393 21.647 1.2
    endloop
  endfacet
  facet normal 0.998837 0.0482093 0
    outer loop
      vertex 43.8357 21.7177 2.15
      vertex 43.8325 21.784 1.2
      vertex 43.8325 21.784 2.15
    endloop
  endfacet
  facet normal 0.998837 0.0482093 0
    outer loop
      vertex 43.8325 21.784 1.2
      vertex 43.8357 21.7177 2.15
      vertex 43.8357 21.7177 1.2
    endloop
  endfacet
  facet normal 0.998904 0.0467984 0
    outer loop
      vertex 43.8325 21.784 2.15
      vertex 43.8296 21.8459 1.2
      vertex 43.8296 21.8459 2.15
    endloop
  endfacet
  facet normal 0.998904 0.0467984 0
    outer loop
      vertex 43.8296 21.8459 1.2
      vertex 43.8325 21.784 2.15
      vertex 43.8325 21.784 1.2
    endloop
  endfacet
  facet normal 0.998748 0.05003 0
    outer loop
      vertex 43.8296 21.8459 2.15
      vertex 43.8269 21.8998 1.2
      vertex 43.8269 21.8998 2.15
    endloop
  endfacet
  facet normal 0.998748 0.05003 0
    outer loop
      vertex 43.8269 21.8998 1.2
      vertex 43.8296 21.8459 2.15
      vertex 43.8296 21.8459 1.2
    endloop
  endfacet
  facet normal 0.997979 0.0635505 0
    outer loop
      vertex 43.8269 21.8998 2.15
      vertex 43.8242 21.9422 1.2
      vertex 43.8242 21.9422 2.15
    endloop
  endfacet
  facet normal 0.997979 0.0635505 0
    outer loop
      vertex 43.8242 21.9422 1.2
      vertex 43.8269 21.8998 2.15
      vertex 43.8269 21.8998 1.2
    endloop
  endfacet
  facet normal 0.99618 0.0873274 0
    outer loop
      vertex 43.8242 21.9422 2.15
      vertex 43.8215 21.973 1.2
      vertex 43.8215 21.973 2.15
    endloop
  endfacet
  facet normal 0.99618 0.0873274 0
    outer loop
      vertex 43.8215 21.973 1.2
      vertex 43.8242 21.9422 2.15
      vertex 43.8242 21.9422 1.2
    endloop
  endfacet
  facet normal 0.990356 0.138547 0
    outer loop
      vertex 43.8215 21.973 2.15
      vertex 43.8188 21.9923 1.2
      vertex 43.8188 21.9923 2.15
    endloop
  endfacet
  facet normal 0.990356 0.138547 0
    outer loop
      vertex 43.8188 21.9923 1.2
      vertex 43.8215 21.973 2.15
      vertex 43.8215 21.973 1.2
    endloop
  endfacet
  facet normal 0 1 -0
    outer loop
      vertex 43.8188 21.9923 1.2
      vertex 42.8966 21.9923 2.15
      vertex 43.8188 21.9923 2.15
    endloop
  endfacet
  facet normal 0 1 0
    outer loop
      vertex 42.8966 21.9923 2.15
      vertex 43.8188 21.9923 1.2
      vertex 42.8966 21.9923 1.2
    endloop
  endfacet
  facet normal -0.996259 -0.0864195 0
    outer loop
      vertex 42.9108 21.8286 1.2
      vertex 42.8966 21.9923 2.15
      vertex 42.8966 21.9923 1.2
    endloop
  endfacet
  facet normal -0.996259 -0.0864195 0
    outer loop
      vertex 42.8966 21.9923 2.15
      vertex 42.9108 21.8286 1.2
      vertex 42.9108 21.8286 2.15
    endloop
  endfacet
  facet normal -0.999266 -0.038302 0
    outer loop
      vertex 42.9209 21.5651 1.2
      vertex 42.9108 21.8286 2.15
      vertex 42.9108 21.8286 1.2
    endloop
  endfacet
  facet normal -0.999266 -0.038302 0
    outer loop
      vertex 42.9108 21.8286 2.15
      vertex 42.9209 21.5651 1.2
      vertex 42.9209 21.5651 2.15
    endloop
  endfacet
  facet normal -0.999859 -0.0167974 0
    outer loop
      vertex 42.927 21.202 1.2
      vertex 42.9209 21.5651 2.15
      vertex 42.9209 21.5651 1.2
    endloop
  endfacet
  facet normal -0.999859 -0.0167974 0
    outer loop
      vertex 42.9209 21.5651 2.15
      vertex 42.927 21.202 1.2
      vertex 42.927 21.202 2.15
    endloop
  endfacet
  facet normal -0.999991 -0.00432055 0
    outer loop
      vertex 42.929 20.7391 1.2
      vertex 42.927 21.202 2.15
      vertex 42.927 21.202 1.2
    endloop
  endfacet
  facet normal -0.999991 -0.00432055 0
    outer loop
      vertex 42.927 21.202 2.15
      vertex 42.929 20.7391 1.2
      vertex 42.929 20.7391 2.15
    endloop
  endfacet
  facet normal -1 0 0
    outer loop
      vertex 42.929 16.1225 1.2
      vertex 42.929 20.7391 2.15
      vertex 42.929 20.7391 1.2
    endloop
  endfacet
  facet normal -1 -0 0
    outer loop
      vertex 42.929 20.7391 2.15
      vertex 42.929 16.1225 1.2
      vertex 42.929 16.1225 2.15
    endloop
  endfacet
  facet normal 0 -1 0
    outer loop
      vertex 42.929 16.1225 1.2
      vertex 43.9056 16.1225 2.15
      vertex 42.929 16.1225 2.15
    endloop
  endfacet
  facet normal 0 -1 -0
    outer loop
      vertex 43.9056 16.1225 2.15
      vertex 42.929 16.1225 1.2
      vertex 43.9056 16.1225 1.2
    endloop
  endfacet
  facet normal 1 -0 0
    outer loop
      vertex 43.9056 16.1225 2.15
      vertex 43.9056 19.5239 1.2
      vertex 43.9056 19.5239 2.15
    endloop
  endfacet
  facet normal 1 0 0
    outer loop
      vertex 43.9056 19.5239 1.2
      vertex 43.9056 16.1225 2.15
      vertex 43.9056 16.1225 1.2
    endloop
  endfacet
  facet normal 0.16201 -0.986789 0
    outer loop
      vertex 21.5266 16.0298 1.2
      vertex 21.8147 16.0771 2.15
      vertex 21.5266 16.0298 2.15
    endloop
  endfacet
  facet normal 0.16201 -0.986789 0
    outer loop
      vertex 21.8147 16.0771 2.15
      vertex 21.5266 16.0298 1.2
      vertex 21.8147 16.0771 1.2
    endloop
  endfacet
  facet normal 0.288827 -0.957381 0
    outer loop
      vertex 21.8147 16.0771 1.2
      vertex 22.0759 16.1559 2.15
      vertex 21.8147 16.0771 2.15
    endloop
  endfacet
  facet normal 0.288827 -0.957381 0
    outer loop
      vertex 22.0759 16.1559 2.15
      vertex 21.8147 16.0771 1.2
      vertex 22.0759 16.1559 1.2
    endloop
  endfacet
  facet normal 0.425946 -0.904749 0
    outer loop
      vertex 22.0759 16.1559 1.2
      vertex 22.3104 16.2663 2.15
      vertex 22.0759 16.1559 2.15
    endloop
  endfacet
  facet normal 0.425946 -0.904749 0
    outer loop
      vertex 22.3104 16.2663 2.15
      vertex 22.0759 16.1559 1.2
      vertex 22.3104 16.2663 1.2
    endloop
  endfacet
  facet normal 0.568871 -0.822427 0
    outer loop
      vertex 22.3104 16.2663 1.2
      vertex 22.5248 16.4146 2.15
      vertex 22.3104 16.2663 2.15
    endloop
  endfacet
  facet normal 0.568871 -0.822427 0
    outer loop
      vertex 22.5248 16.4146 2.15
      vertex 22.3104 16.2663 1.2
      vertex 22.5248 16.4146 1.2
    endloop
  endfacet
  facet normal 0.691508 -0.722369 0
    outer loop
      vertex 22.5248 16.4146 1.2
      vertex 22.7261 16.6073 2.15
      vertex 22.5248 16.4146 2.15
    endloop
  endfacet
  facet normal 0.691508 -0.722369 0
    outer loop
      vertex 22.7261 16.6073 2.15
      vertex 22.5248 16.4146 1.2
      vertex 22.7261 16.6073 1.2
    endloop
  endfacet
  facet normal 0.783697 -0.621143 0
    outer loop
      vertex 22.7261 16.6073 2.15
      vertex 22.9141 16.8445 1.2
      vertex 22.9141 16.8445 2.15
    endloop
  endfacet
  facet normal 0.783697 -0.621143 0
    outer loop
      vertex 22.9141 16.8445 1.2
      vertex 22.7261 16.6073 2.15
      vertex 22.7261 16.6073 1.2
    endloop
  endfacet
  facet normal 0.849622 -0.527393 0
    outer loop
      vertex 22.9141 16.8445 2.15
      vertex 23.0889 17.1261 1.2
      vertex 23.0889 17.1261 2.15
    endloop
  endfacet
  facet normal 0.849622 -0.527393 0
    outer loop
      vertex 23.0889 17.1261 1.2
      vertex 22.9141 16.8445 2.15
      vertex 22.9141 16.8445 1.2
    endloop
  endfacet
  facet normal 0 -1 0
    outer loop
      vertex 23.0889 17.1261 1.2
      vertex 23.1051 17.1261 2.15
      vertex 23.0889 17.1261 2.15
    endloop
  endfacet
  facet normal 0 -1 -0
    outer loop
      vertex 23.1051 17.1261 2.15
      vertex 23.0889 17.1261 1.2
      vertex 23.1051 17.1261 1.2
    endloop
  endfacet
  facet normal -0.999639 -0.0268802 0
    outer loop
      vertex 23.1104 16.929 1.2
      vertex 23.1051 17.1261 2.15
      vertex 23.1051 17.1261 1.2
    endloop
  endfacet
  facet normal -0.999639 -0.0268802 0
    outer loop
      vertex 23.1051 17.1261 2.15
      vertex 23.1104 16.929 1.2
      vertex 23.1104 16.929 2.15
    endloop
  endfacet
  facet normal -0.999548 -0.0300478 0
    outer loop
      vertex 23.1153 16.766 1.2
      vertex 23.1104 16.929 2.15
      vertex 23.1104 16.929 1.2
    endloop
  endfacet
  facet normal -0.999548 -0.0300478 0
    outer loop
      vertex 23.1104 16.929 2.15
      vertex 23.1153 16.766 1.2
      vertex 23.1153 16.766 2.15
    endloop
  endfacet
  facet normal -0.999389 -0.0349437 0
    outer loop
      vertex 23.1198 16.6373 1.2
      vertex 23.1153 16.766 2.15
      vertex 23.1153 16.766 1.2
    endloop
  endfacet
  facet normal -0.999389 -0.0349437 0
    outer loop
      vertex 23.1153 16.766 2.15
      vertex 23.1198 16.6373 1.2
      vertex 23.1198 16.6373 2.15
    endloop
  endfacet
  facet normal -0.998964 -0.0455037 0
    outer loop
      vertex 23.1241 16.5429 1.2
      vertex 23.1198 16.6373 2.15
      vertex 23.1198 16.6373 1.2
    endloop
  endfacet
  facet normal -0.998964 -0.0455037 0
    outer loop
      vertex 23.1198 16.6373 2.15
      vertex 23.1241 16.5429 1.2
      vertex 23.1241 16.5429 2.15
    endloop
  endfacet
  facet normal -0.998654 -0.0518609 0
    outer loop
      vertex 23.128 16.4678 1.2
      vertex 23.1241 16.5429 2.15
      vertex 23.1241 16.5429 1.2
    endloop
  endfacet
  facet normal -0.998654 -0.0518609 0
    outer loop
      vertex 23.1241 16.5429 2.15
      vertex 23.128 16.4678 1.2
      vertex 23.128 16.4678 2.15
    endloop
  endfacet
  facet normal -0.998777 -0.0494444 0
    outer loop
      vertex 23.1315 16.3971 1.2
      vertex 23.128 16.4678 2.15
      vertex 23.128 16.4678 1.2
    endloop
  endfacet
  facet normal -0.998777 -0.0494444 0
    outer loop
      vertex 23.128 16.4678 2.15
      vertex 23.1315 16.3971 1.2
      vertex 23.1315 16.3971 2.15
    endloop
  endfacet
  facet normal -0.99876 -0.0497871 0
    outer loop
      vertex 23.1348 16.3309 1.2
      vertex 23.1315 16.3971 2.15
      vertex 23.1315 16.3971 1.2
    endloop
  endfacet
  facet normal -0.99876 -0.0497871 0
    outer loop
      vertex 23.1315 16.3971 2.15
      vertex 23.1348 16.3309 1.2
      vertex 23.1348 16.3309 2.15
    endloop
  endfacet
  facet normal -0.998904 -0.0467984 0
    outer loop
      vertex 23.1377 16.269 1.2
      vertex 23.1348 16.3309 2.15
      vertex 23.1348 16.3309 1.2
    endloop
  endfacet
  facet normal -0.998904 -0.0467984 0
    outer loop
      vertex 23.1348 16.3309 2.15
      vertex 23.1377 16.269 1.2
      vertex 23.1377 16.269 2.15
    endloop
  endfacet
  facet normal -0.998748 -0.05003 0
    outer loop
      vertex 23.1404 16.2151 1.2
      vertex 23.1377 16.269 2.15
      vertex 23.1377 16.269 1.2
    endloop
  endfacet
  facet normal -0.998748 -0.05003 0
    outer loop
      vertex 23.1377 16.269 2.15
      vertex 23.1404 16.2151 1.2
      vertex 23.1404 16.2151 2.15
    endloop
  endfacet
  facet normal -0.997979 -0.0635505 0
    outer loop
      vertex 23.1431 16.1727 1.2
      vertex 23.1404 16.2151 2.15
      vertex 23.1404 16.2151 1.2
    endloop
  endfacet
  facet normal -0.997979 -0.0635505 0
    outer loop
      vertex 23.1404 16.2151 2.15
      vertex 23.1431 16.1727 1.2
      vertex 23.1431 16.1727 2.15
    endloop
  endfacet
  facet normal -0.996204 -0.087047 0
    outer loop
      vertex 23.1458 16.1418 1.2
      vertex 23.1431 16.1727 2.15
      vertex 23.1431 16.1727 1.2
    endloop
  endfacet
  facet normal -0.996204 -0.087047 0
    outer loop
      vertex 23.1431 16.1727 2.15
      vertex 23.1458 16.1418 1.2
      vertex 23.1458 16.1418 2.15
    endloop
  endfacet
  facet normal -0.990356 -0.138547 0
    outer loop
      vertex 23.1485 16.1225 1.2
      vertex 23.1458 16.1418 2.15
      vertex 23.1458 16.1418 1.2
    endloop
  endfacet
  facet normal -0.990356 -0.138547 0
    outer loop
      vertex 23.1458 16.1418 2.15
      vertex 23.1485 16.1225 1.2
      vertex 23.1485 16.1225 2.15
    endloop
  endfacet
  facet normal 0 -1 0
    outer loop
      vertex 23.1485 16.1225 1.2
      vertex 24.0708 16.1225 2.15
      vertex 23.1485 16.1225 2.15
    endloop
  endfacet
  facet normal 0 -1 -0
    outer loop
      vertex 24.0708 16.1225 2.15
      vertex 23.1485 16.1225 1.2
      vertex 24.0708 16.1225 1.2
    endloop
  endfacet
  facet normal 0.996211 0.0869708 0
    outer loop
      vertex 24.0708 16.1225 2.15
      vertex 24.0565 16.2863 1.2
      vertex 24.0565 16.2863 2.15
    endloop
  endfacet
  facet normal 0.996211 0.0869708 0
    outer loop
      vertex 24.0565 16.2863 1.2
      vertex 24.0708 16.1225 2.15
      vertex 24.0708 16.1225 1.2
    endloop
  endfacet
  facet normal 0.999266 0.0383166 0
    outer loop
      vertex 24.0565 16.2863 2.15
      vertex 24.0464 16.5497 1.2
      vertex 24.0464 16.5497 2.15
    endloop
  endfacet
  facet normal 0.999266 0.0383166 0
    outer loop
      vertex 24.0464 16.5497 1.2
      vertex 24.0565 16.2863 2.15
      vertex 24.0565 16.2863 1.2
    endloop
  endfacet
  facet normal 0.999859 0.0167928 0
    outer loop
      vertex 24.0464 16.5497 2.15
      vertex 24.0403 16.9129 1.2
      vertex 24.0403 16.9129 2.15
    endloop
  endfacet
  facet normal 0.999859 0.0167928 0
    outer loop
      vertex 24.0403 16.9129 1.2
      vertex 24.0464 16.5497 2.15
      vertex 24.0464 16.5497 1.2
    endloop
  endfacet
  facet normal 0.99999 0.00453755 0
    outer loop
      vertex 24.0403 16.9129 2.15
      vertex 24.0382 17.3757 1.2
      vertex 24.0382 17.3757 2.15
    endloop
  endfacet
  facet normal 0.99999 0.00453755 0
    outer loop
      vertex 24.0382 17.3757 1.2
      vertex 24.0403 16.9129 2.15
      vertex 24.0403 16.9129 1.2
    endloop
  endfacet
  facet normal 1 -0 0
    outer loop
      vertex 24.0382 17.3757 2.15
      vertex 24.0382 21.9923 1.2
      vertex 24.0382 21.9923 2.15
    endloop
  endfacet
  facet normal 1 0 0
    outer loop
      vertex 24.0382 21.9923 1.2
      vertex 24.0382 17.3757 2.15
      vertex 24.0382 17.3757 1.2
    endloop
  endfacet
  facet normal 0 1 -0
    outer loop
      vertex 24.0382 21.9923 1.2
      vertex 23.0617 21.9923 2.15
      vertex 24.0382 21.9923 2.15
    endloop
  endfacet
  facet normal 0 1 0
    outer loop
      vertex 23.0617 21.9923 2.15
      vertex 24.0382 21.9923 1.2
      vertex 23.0617 21.9923 1.2
    endloop
  endfacet
  facet normal -1 0 0
    outer loop
      vertex 23.0617 18.5909 1.2
      vertex 23.0617 21.9923 2.15
      vertex 23.0617 21.9923 1.2
    endloop
  endfacet
  facet normal -1 -0 0
    outer loop
      vertex 23.0617 21.9923 2.15
      vertex 23.0617 18.5909 1.2
      vertex 23.0617 18.5909 2.15
    endloop
  endfacet
  facet normal -0.998041 0.0625623 0
    outer loop
      vertex 23.0363 18.1857 1.2
      vertex 23.0617 18.5909 2.15
      vertex 23.0617 18.5909 1.2
    endloop
  endfacet
  facet normal -0.998041 0.0625623 0
    outer loop
      vertex 23.0617 18.5909 2.15
      vertex 23.0363 18.1857 1.2
      vertex 23.0363 18.1857 2.15
    endloop
  endfacet
  facet normal -0.978081 0.208224 0
    outer loop
      vertex 22.96 17.8273 1.2
      vertex 23.0363 18.1857 2.15
      vertex 23.0363 18.1857 1.2
    endloop
  endfacet
  facet normal -0.978081 0.208224 0
    outer loop
      vertex 23.0363 18.1857 2.15
      vertex 22.96 17.8273 1.2
      vertex 22.96 17.8273 2.15
    endloop
  endfacet
  facet normal -0.925935 0.377684 0
    outer loop
      vertex 22.8329 17.5157 1.2
      vertex 22.96 17.8273 2.15
      vertex 22.96 17.8273 1.2
    endloop
  endfacet
  facet normal -0.925935 0.377684 0
    outer loop
      vertex 22.96 17.8273 2.15
      vertex 22.8329 17.5157 1.2
      vertex 22.8329 17.5157 2.15
    endloop
  endfacet
  facet normal -0.829923 0.557879 0
    outer loop
      vertex 22.6549 17.2509 1.2
      vertex 22.8329 17.5157 2.15
      vertex 22.8329 17.5157 1.2
    endloop
  endfacet
  facet normal -0.829923 0.557879 0
    outer loop
      vertex 22.8329 17.5157 2.15
      vertex 22.6549 17.2509 1.2
      vertex 22.6549 17.2509 2.15
    endloop
  endfacet
  facet normal -0.689101 0.724665 0
    outer loop
      vertex 22.6549 17.2509 1.2
      vertex 22.4328 17.0397 2.15
      vertex 22.6549 17.2509 2.15
    endloop
  endfacet
  facet normal -0.689101 0.724665 0
    outer loop
      vertex 22.4328 17.0397 2.15
      vertex 22.6549 17.2509 1.2
      vertex 22.4328 17.0397 1.2
    endloop
  endfacet
  facet normal -0.502835 0.864383 0
    outer loop
      vertex 22.4328 17.0397 1.2
      vertex 22.1734 16.8888 2.15
      vertex 22.4328 17.0397 2.15
    endloop
  endfacet
  facet normal -0.502835 0.864383 0
    outer loop
      vertex 22.1734 16.8888 2.15
      vertex 22.4328 17.0397 1.2
      vertex 22.1734 16.8888 1.2
    endloop
  endfacet
  facet normal -0.291752 0.956494 0
    outer loop
      vertex 22.1734 16.8888 1.2
      vertex 21.8767 16.7983 2.15
      vertex 22.1734 16.8888 2.15
    endloop
  endfacet
  facet normal -0.291752 0.956494 0
    outer loop
      vertex 21.8767 16.7983 2.15
      vertex 22.1734 16.8888 1.2
      vertex 21.8767 16.7983 1.2
    endloop
  endfacet
  facet normal -0.0900518 0.995937 0
    outer loop
      vertex 21.8767 16.7983 1.2
      vertex 21.5427 16.7681 2.15
      vertex 21.8767 16.7983 2.15
    endloop
  endfacet
  facet normal -0.0900518 0.995937 0
    outer loop
      vertex 21.5427 16.7681 2.15
      vertex 21.8767 16.7983 1.2
      vertex 21.5427 16.7681 1.2
    endloop
  endfacet
  facet normal 0.0387715 0.999248 -0
    outer loop
      vertex 21.5427 16.7681 1.2
      vertex 21.3159 16.7769 2.15
      vertex 21.5427 16.7681 2.15
    endloop
  endfacet
  facet normal 0.0387715 0.999248 0
    outer loop
      vertex 21.3159 16.7769 2.15
      vertex 21.5427 16.7681 1.2
      vertex 21.3159 16.7769 1.2
    endloop
  endfacet
  facet normal 0.132853 0.991136 -0
    outer loop
      vertex 21.3159 16.7769 1.2
      vertex 21.1182 16.8034 2.15
      vertex 21.3159 16.7769 2.15
    endloop
  endfacet
  facet normal 0.132853 0.991136 0
    outer loop
      vertex 21.1182 16.8034 2.15
      vertex 21.3159 16.7769 1.2
      vertex 21.1182 16.8034 1.2
    endloop
  endfacet
  facet normal 0.252656 0.967556 -0
    outer loop
      vertex 21.1182 16.8034 1.2
      vertex 20.9497 16.8474 2.15
      vertex 21.1182 16.8034 2.15
    endloop
  endfacet
  facet normal 0.252656 0.967556 0
    outer loop
      vertex 20.9497 16.8474 2.15
      vertex 21.1182 16.8034 1.2
      vertex 20.9497 16.8474 1.2
    endloop
  endfacet
  facet normal 0.404738 0.914433 -0
    outer loop
      vertex 20.9497 16.8474 1.2
      vertex 20.8103 16.9091 2.15
      vertex 20.9497 16.8474 2.15
    endloop
  endfacet
  facet normal 0.404738 0.914433 0
    outer loop
      vertex 20.8103 16.9091 2.15
      vertex 20.9497 16.8474 1.2
      vertex 20.8103 16.9091 1.2
    endloop
  endfacet
  facet normal 0.575302 0.817941 -0
    outer loop
      vertex 20.8103 16.9091 1.2
      vertex 20.694 16.9909 2.15
      vertex 20.8103 16.9091 2.15
    endloop
  endfacet
  facet normal 0.575302 0.817941 0
    outer loop
      vertex 20.694 16.9909 2.15
      vertex 20.8103 16.9091 1.2
      vertex 20.694 16.9909 1.2
    endloop
  endfacet
  facet normal 0.723261 0.690575 0
    outer loop
      vertex 20.694 16.9909 2.15
      vertex 20.5947 17.0949 1.2
      vertex 20.5947 17.0949 2.15
    endloop
  endfacet
  facet normal 0.723261 0.690575 0
    outer loop
      vertex 20.5947 17.0949 1.2
      vertex 20.694 16.9909 2.15
      vertex 20.694 16.9909 1.2
    endloop
  endfacet
  facet normal 0.837914 0.545803 0
    outer loop
      vertex 20.5947 17.0949 2.15
      vertex 20.5123 17.2214 1.2
      vertex 20.5123 17.2214 2.15
    endloop
  endfacet
  facet normal 0.837914 0.545803 0
    outer loop
      vertex 20.5123 17.2214 1.2
      vertex 20.5947 17.0949 2.15
      vertex 20.5947 17.0949 1.2
    endloop
  endfacet
  facet normal 0.915578 0.402141 0
    outer loop
      vertex 20.5123 17.2214 2.15
      vertex 20.4469 17.3703 1.2
      vertex 20.4469 17.3703 2.15
    endloop
  endfacet
  facet normal 0.915578 0.402141 0
    outer loop
      vertex 20.4469 17.3703 1.2
      vertex 20.5123 17.2214 2.15
      vertex 20.5123 17.2214 1.2
    endloop
  endfacet
  facet normal 0.962201 0.272342 0
    outer loop
      vertex 20.4469 17.3703 2.15
      vertex 20.397 17.5466 1.2
      vertex 20.397 17.5466 2.15
    endloop
  endfacet
  facet normal 0.962201 0.272342 0
    outer loop
      vertex 20.397 17.5466 1.2
      vertex 20.4469 17.3703 2.15
      vertex 20.4469 17.3703 1.2
    endloop
  endfacet
  facet normal 0.985775 0.168073 0
    outer loop
      vertex 20.397 17.5466 2.15
      vertex 20.3614 17.7554 1.2
      vertex 20.3614 17.7554 2.15
    endloop
  endfacet
  facet normal 0.985775 0.168073 0
    outer loop
      vertex 20.3614 17.7554 1.2
      vertex 20.397 17.5466 2.15
      vertex 20.397 17.5466 1.2
    endloop
  endfacet
  facet normal 0.996133 0.0878577 0
    outer loop
      vertex 20.3614 17.7554 2.15
      vertex 20.3401 17.9969 1.2
      vertex 20.3401 17.9969 2.15
    endloop
  endfacet
  facet normal 0.996133 0.0878577 0
    outer loop
      vertex 20.3401 17.9969 1.2
      vertex 20.3614 17.7554 2.15
      vertex 20.3614 17.7554 1.2
    endloop
  endfacet
  facet normal 0.999655 0.0262779 0
    outer loop
      vertex 20.3401 17.9969 2.15
      vertex 20.3329 18.2708 1.2
      vertex 20.3329 18.2708 2.15
    endloop
  endfacet
  facet normal 0.999655 0.0262779 0
    outer loop
      vertex 20.3329 18.2708 1.2
      vertex 20.3401 17.9969 2.15
      vertex 20.3401 17.9969 1.2
    endloop
  endfacet
  facet normal 1 -0 0
    outer loop
      vertex 20.3329 18.2708 2.15
      vertex 20.3329 21.9923 1.2
      vertex 20.3329 21.9923 2.15
    endloop
  endfacet
  facet normal 1 0 0
    outer loop
      vertex 20.3329 21.9923 1.2
      vertex 20.3329 18.2708 2.15
      vertex 20.3329 18.2708 1.2
    endloop
  endfacet
  facet normal 0 1 -0
    outer loop
      vertex 20.3329 21.9923 1.2
      vertex 19.351 21.9923 2.15
      vertex 20.3329 21.9923 2.15
    endloop
  endfacet
  facet normal 0 1 0
    outer loop
      vertex 19.351 21.9923 2.15
      vertex 20.3329 21.9923 1.2
      vertex 19.351 21.9923 1.2
    endloop
  endfacet
  facet normal -1 0 0
    outer loop
      vertex 19.351 18.0809 1.2
      vertex 19.351 21.9923 2.15
      vertex 19.351 21.9923 1.2
    endloop
  endfacet
  facet normal -1 -0 0
    outer loop
      vertex 19.351 21.9923 2.15
      vertex 19.351 18.0809 1.2
      vertex 19.351 18.0809 2.15
    endloop
  endfacet
  facet normal -0.998521 -0.054373 0
    outer loop
      vertex 19.379 17.5667 1.2
      vertex 19.351 18.0809 2.15
      vertex 19.351 18.0809 1.2
    endloop
  endfacet
  facet normal -0.998521 -0.054373 0
    outer loop
      vertex 19.351 18.0809 2.15
      vertex 19.379 17.5667 1.2
      vertex 19.379 17.5667 2.15
    endloop
  endfacet
  facet normal -0.981968 -0.189048 0
    outer loop
      vertex 19.4629 17.1309 1.2
      vertex 19.379 17.5667 2.15
      vertex 19.379 17.5667 1.2
    endloop
  endfacet
  facet normal -0.981968 -0.189048 0
    outer loop
      vertex 19.379 17.5667 2.15
      vertex 19.4629 17.1309 1.2
      vertex 19.4629 17.1309 2.15
    endloop
  endfacet
  facet normal -0.93127 -0.364331 0
    outer loop
      vertex 19.6028 16.7733 1.2
      vertex 19.4629 17.1309 2.15
      vertex 19.4629 17.1309 1.2
    endloop
  endfacet
  facet normal -0.93127 -0.364331 0
    outer loop
      vertex 19.4629 17.1309 2.15
      vertex 19.6028 16.7733 1.2
      vertex 19.6028 16.7733 2.15
    endloop
  endfacet
  facet normal -0.818874 -0.573974 0
    outer loop
      vertex 19.7985 16.4941 1.2
      vertex 19.6028 16.7733 2.15
      vertex 19.6028 16.7733 1.2
    endloop
  endfacet
  facet normal -0.818874 -0.573974 0
    outer loop
      vertex 19.6028 16.7733 2.15
      vertex 19.7985 16.4941 1.2
      vertex 19.7985 16.4941 2.15
    endloop
  endfacet
  facet normal -0.633928 -0.773392 0
    outer loop
      vertex 19.7985 16.4941 1.2
      vertex 20.0547 16.2841 2.15
      vertex 19.7985 16.4941 2.15
    endloop
  endfacet
  facet normal -0.633928 -0.773392 -0
    outer loop
      vertex 20.0547 16.2841 2.15
      vertex 19.7985 16.4941 1.2
      vertex 20.0547 16.2841 1.2
    endloop
  endfacet
  facet normal -0.423581 -0.905858 0
    outer loop
      vertex 20.0547 16.2841 1.2
      vertex 20.3757 16.134 2.15
      vertex 20.0547 16.2841 2.15
    endloop
  endfacet
  facet normal -0.423581 -0.905858 -0
    outer loop
      vertex 20.3757 16.134 2.15
      vertex 20.0547 16.2841 1.2
      vertex 20.3757 16.134 1.2
    endloop
  endfacet
  facet normal -0.227238 -0.973839 0
    outer loop
      vertex 20.3757 16.134 1.2
      vertex 20.7614 16.044 2.15
      vertex 20.3757 16.134 2.15
    endloop
  endfacet
  facet normal -0.227238 -0.973839 -0
    outer loop
      vertex 20.7614 16.044 2.15
      vertex 20.3757 16.134 1.2
      vertex 20.7614 16.044 1.2
    endloop
  endfacet
  facet normal -0.0664602 -0.997789 0
    outer loop
      vertex 20.7614 16.044 1.2
      vertex 21.2118 16.014 2.15
      vertex 20.7614 16.044 2.15
    endloop
  endfacet
  facet normal -0.0664602 -0.997789 -0
    outer loop
      vertex 21.2118 16.014 2.15
      vertex 20.7614 16.044 1.2
      vertex 21.2118 16.014 1.2
    endloop
  endfacet
  facet normal 0.0501275 -0.998743 0
    outer loop
      vertex 21.2118 16.014 1.2
      vertex 21.5266 16.0298 2.15
      vertex 21.2118 16.014 2.15
    endloop
  endfacet
  facet normal 0.0501275 -0.998743 0
    outer loop
      vertex 21.5266 16.0298 2.15
      vertex 21.2118 16.014 1.2
      vertex 21.5266 16.0298 1.2
    endloop
  endfacet
endsolid OpenSCAD_Model
