solid OpenSCAD_Model
  facet normal -1 0 0
    outer loop
      vertex 33 4.75 1
      vertex 33 36.75 21.5
      vertex 33 36.75 1
    endloop
  endfacet
  facet normal -1 -0 0
    outer loop
      vertex 33 36.75 21.5
      vertex 33 4.75 1
      vertex 33 4.75 21.5
    endloop
  endfacet
  facet normal 0 0 1
    outer loop
      vertex 30 40 1
      vertex 4 40 1
      vertex 30 36.75 1
    endloop
  endfacet
  facet normal -0 0 1
    outer loop
      vertex 30 36.75 1
      vertex 33 4.75 1
      vertex 33 36.75 1
    endloop
  endfacet
  facet normal 0 0 1
    outer loop
      vertex 4 36.75 1
      vertex 30 36.75 1
      vertex 4 40 1
    endloop
  endfacet
  facet normal 0 0 1
    outer loop
      vertex 30 36.75 1
      vertex 4 36.75 1
      vertex 33 4.75 1
    endloop
  endfacet
  facet normal 0 0 1
    outer loop
      vertex 1 4.75 1
      vertex 4 36.75 1
      vertex 1 36.75 1
    endloop
  endfacet
  facet normal 0 0 1
    outer loop
      vertex 4 36.75 1
      vertex 1 4.75 1
      vertex 33 4.75 1
    endloop
  endfacet
  facet normal 1 -0 0
    outer loop
      vertex 1 4.75 21.5
      vertex 1 36.75 1
      vertex 1 36.75 21.5
    endloop
  endfacet
  facet normal 1 0 0
    outer loop
      vertex 1 36.75 1
      vertex 1 4.75 21.5
      vertex 1 4.75 1
    endloop
  endfacet
  facet normal 0 -1 0
    outer loop
      vertex 1 36.75 1
      vertex 4 36.75 21.5
      vertex 1 36.75 21.5
    endloop
  endfacet
  facet normal 0 -1 -0
    outer loop
      vertex 4 36.75 21.5
      vertex 1 36.75 1
      vertex 4 36.75 1
    endloop
  endfacet
  facet normal 0 -1 0
    outer loop
      vertex 30 36.75 1
      vertex 33 36.75 21.5
      vertex 30 36.75 21.5
    endloop
  endfacet
  facet normal 0 -1 -0
    outer loop
      vertex 33 36.75 21.5
      vertex 30 36.75 1
      vertex 33 36.75 1
    endloop
  endfacet
  facet normal 0 1 -0
    outer loop
      vertex 33 4.75 1
      vertex 1 4.75 21.5
      vertex 33 4.75 21.5
    endloop
  endfacet
  facet normal 0 1 0
    outer loop
      vertex 1 4.75 21.5
      vertex 33 4.75 1
      vertex 1 4.75 1
    endloop
  endfacet
  facet normal -1 0 0
    outer loop
      vertex 30 40 1
      vertex 30 38.99 21.5
      vertex 30 40 23
    endloop
  endfacet
  facet normal -1 0 0
    outer loop
      vertex 30 36.75 1
      vertex 30 38.99 21.5
      vertex 30 40 1
    endloop
  endfacet
  facet normal -1 -0 0
    outer loop
      vertex 30 38.99 21.5
      vertex 30 36.75 1
      vertex 30 36.75 21.5
    endloop
  endfacet
  facet normal -1 0 0
    outer loop
      vertex 30 37.5 22.99
      vertex 30 40 23
      vertex 30 38.99 21.5
    endloop
  endfacet
  facet normal -1 -0 0
    outer loop
      vertex 30 40 23
      vertex 30 37.5 22.99
      vertex 30 37.5 23
    endloop
  endfacet
  facet normal 1 0 0
    outer loop
      vertex 4 40 23
      vertex 4 38.99 21.5
      vertex 4 40 1
    endloop
  endfacet
  facet normal 1 0 0
    outer loop
      vertex 4 37.5 22.99
      vertex 4 40 23
      vertex 4 37.5 23
    endloop
  endfacet
  facet normal 1 0 0
    outer loop
      vertex 4 40 23
      vertex 4 37.5 22.99
      vertex 4 38.99 21.5
    endloop
  endfacet
  facet normal 1 0 0
    outer loop
      vertex 4 36.75 1
      vertex 4 38.99 21.5
      vertex 4 36.75 21.5
    endloop
  endfacet
  facet normal 1 0 0
    outer loop
      vertex 4 38.99 21.5
      vertex 4 36.75 1
      vertex 4 40 1
    endloop
  endfacet
  facet normal -1 0 0
    outer loop
      vertex 66 4.75 1
      vertex 66 36.75 21.5
      vertex 66 36.75 1
    endloop
  endfacet
  facet normal -1 -0 0
    outer loop
      vertex 66 36.75 21.5
      vertex 66 4.75 1
      vertex 66 4.75 21.5
    endloop
  endfacet
  facet normal 0 0 1
    outer loop
      vertex 63 40 1
      vertex 37 40 1
      vertex 63 36.75 1
    endloop
  endfacet
  facet normal -0 0 1
    outer loop
      vertex 63 36.75 1
      vertex 66 4.75 1
      vertex 66 36.75 1
    endloop
  endfacet
  facet normal 0 0 1
    outer loop
      vertex 37 36.75 1
      vertex 63 36.75 1
      vertex 37 40 1
    endloop
  endfacet
  facet normal 0 0 1
    outer loop
      vertex 63 36.75 1
      vertex 37 36.75 1
      vertex 66 4.75 1
    endloop
  endfacet
  facet normal 0 0 1
    outer loop
      vertex 34 4.75 1
      vertex 37 36.75 1
      vertex 34 36.75 1
    endloop
  endfacet
  facet normal 0 0 1
    outer loop
      vertex 37 36.75 1
      vertex 34 4.75 1
      vertex 66 4.75 1
    endloop
  endfacet
  facet normal 1 -0 0
    outer loop
      vertex 34 4.75 21.5
      vertex 34 36.75 1
      vertex 34 36.75 21.5
    endloop
  endfacet
  facet normal 1 0 0
    outer loop
      vertex 34 36.75 1
      vertex 34 4.75 21.5
      vertex 34 4.75 1
    endloop
  endfacet
  facet normal 0 -1 0
    outer loop
      vertex 34 36.75 1
      vertex 37 36.75 21.5
      vertex 34 36.75 21.5
    endloop
  endfacet
  facet normal 0 -1 -0
    outer loop
      vertex 37 36.75 21.5
      vertex 34 36.75 1
      vertex 37 36.75 1
    endloop
  endfacet
  facet normal 0 -1 0
    outer loop
      vertex 63 36.75 1
      vertex 66 36.75 21.5
      vertex 63 36.75 21.5
    endloop
  endfacet
  facet normal 0 -1 -0
    outer loop
      vertex 66 36.75 21.5
      vertex 63 36.75 1
      vertex 66 36.75 1
    endloop
  endfacet
  facet normal 0 1 -0
    outer loop
      vertex 66 4.75 1
      vertex 34 4.75 21.5
      vertex 66 4.75 21.5
    endloop
  endfacet
  facet normal 0 1 0
    outer loop
      vertex 34 4.75 21.5
      vertex 66 4.75 1
      vertex 34 4.75 1
    endloop
  endfacet
  facet normal -1 0 0
    outer loop
      vertex 63 40 1
      vertex 63 38.99 21.5
      vertex 63 40 23
    endloop
  endfacet
  facet normal -1 0 0
    outer loop
      vertex 63 36.75 1
      vertex 63 38.99 21.5
      vertex 63 40 1
    endloop
  endfacet
  facet normal -1 -0 0
    outer loop
      vertex 63 38.99 21.5
      vertex 63 36.75 1
      vertex 63 36.75 21.5
    endloop
  endfacet
  facet normal -1 0 0
    outer loop
      vertex 63 37.5 22.99
      vertex 63 40 23
      vertex 63 38.99 21.5
    endloop
  endfacet
  facet normal -1 -0 0
    outer loop
      vertex 63 40 23
      vertex 63 37.5 22.99
      vertex 63 37.5 23
    endloop
  endfacet
  facet normal 1 0 0
    outer loop
      vertex 37 40 23
      vertex 37 38.99 21.5
      vertex 37 40 1
    endloop
  endfacet
  facet normal 1 0 0
    outer loop
      vertex 37 37.5 22.99
      vertex 37 40 23
      vertex 37 37.5 23
    endloop
  endfacet
  facet normal 1 0 0
    outer loop
      vertex 37 40 23
      vertex 37 37.5 22.99
      vertex 37 38.99 21.5
    endloop
  endfacet
  facet normal 1 0 0
    outer loop
      vertex 37 36.75 1
      vertex 37 38.99 21.5
      vertex 37 36.75 21.5
    endloop
  endfacet
  facet normal 1 0 0
    outer loop
      vertex 37 38.99 21.5
      vertex 37 36.75 1
      vertex 37 40 1
    endloop
  endfacet
  facet normal -1 0 0
    outer loop
      vertex 99 4.75 1
      vertex 99 36.75 21.5
      vertex 99 36.75 1
    endloop
  endfacet
  facet normal -1 -0 0
    outer loop
      vertex 99 36.75 21.5
      vertex 99 4.75 1
      vertex 99 4.75 21.5
    endloop
  endfacet
  facet normal 0 0 1
    outer loop
      vertex 96 40 1
      vertex 70 40 1
      vertex 96 36.75 1
    endloop
  endfacet
  facet normal -0 0 1
    outer loop
      vertex 96 36.75 1
      vertex 99 4.75 1
      vertex 99 36.75 1
    endloop
  endfacet
  facet normal 0 0 1
    outer loop
      vertex 70 36.75 1
      vertex 96 36.75 1
      vertex 70 40 1
    endloop
  endfacet
  facet normal 0 0 1
    outer loop
      vertex 96 36.75 1
      vertex 70 36.75 1
      vertex 99 4.75 1
    endloop
  endfacet
  facet normal 0 0 1
    outer loop
      vertex 67 4.75 1
      vertex 70 36.75 1
      vertex 67 36.75 1
    endloop
  endfacet
  facet normal 0 0 1
    outer loop
      vertex 70 36.75 1
      vertex 67 4.75 1
      vertex 99 4.75 1
    endloop
  endfacet
  facet normal 1 -0 0
    outer loop
      vertex 67 4.75 21.5
      vertex 67 36.75 1
      vertex 67 36.75 21.5
    endloop
  endfacet
  facet normal 1 0 0
    outer loop
      vertex 67 36.75 1
      vertex 67 4.75 21.5
      vertex 67 4.75 1
    endloop
  endfacet
  facet normal 0 -1 0
    outer loop
      vertex 67 36.75 1
      vertex 70 36.75 21.5
      vertex 67 36.75 21.5
    endloop
  endfacet
  facet normal 0 -1 -0
    outer loop
      vertex 70 36.75 21.5
      vertex 67 36.75 1
      vertex 70 36.75 1
    endloop
  endfacet
  facet normal 0 -1 0
    outer loop
      vertex 96 36.75 1
      vertex 99 36.75 21.5
      vertex 96 36.75 21.5
    endloop
  endfacet
  facet normal 0 -1 -0
    outer loop
      vertex 99 36.75 21.5
      vertex 96 36.75 1
      vertex 99 36.75 1
    endloop
  endfacet
  facet normal 0 1 -0
    outer loop
      vertex 99 4.75 1
      vertex 67 4.75 21.5
      vertex 99 4.75 21.5
    endloop
  endfacet
  facet normal 0 1 0
    outer loop
      vertex 67 4.75 21.5
      vertex 99 4.75 1
      vertex 67 4.75 1
    endloop
  endfacet
  facet normal -1 0 0
    outer loop
      vertex 96 40 1
      vertex 96 38.99 21.5
      vertex 96 40 23
    endloop
  endfacet
  facet normal -1 0 0
    outer loop
      vertex 96 36.75 1
      vertex 96 38.99 21.5
      vertex 96 40 1
    endloop
  endfacet
  facet normal -1 -0 0
    outer loop
      vertex 96 38.99 21.5
      vertex 96 36.75 1
      vertex 96 36.75 21.5
    endloop
  endfacet
  facet normal -1 0 0
    outer loop
      vertex 96 37.5 22.99
      vertex 96 40 23
      vertex 96 38.99 21.5
    endloop
  endfacet
  facet normal -1 -0 0
    outer loop
      vertex 96 40 23
      vertex 96 37.5 22.99
      vertex 96 37.5 23
    endloop
  endfacet
  facet normal 1 0 0
    outer loop
      vertex 70 40 23
      vertex 70 38.99 21.5
      vertex 70 40 1
    endloop
  endfacet
  facet normal 1 0 0
    outer loop
      vertex 70 37.5 22.99
      vertex 70 40 23
      vertex 70 37.5 23
    endloop
  endfacet
  facet normal 1 0 0
    outer loop
      vertex 70 40 23
      vertex 70 37.5 22.99
      vertex 70 38.99 21.5
    endloop
  endfacet
  facet normal 1 0 0
    outer loop
      vertex 70 36.75 1
      vertex 70 38.99 21.5
      vertex 70 36.75 21.5
    endloop
  endfacet
  facet normal 1 0 0
    outer loop
      vertex 70 38.99 21.5
      vertex 70 36.75 1
      vertex 70 40 1
    endloop
  endfacet
  facet normal 0 0 1
    outer loop
      vertex 4 38.99 21.5
      vertex 1 36.75 21.5
      vertex 4 36.75 21.5
    endloop
  endfacet
  facet normal 0 0 1
    outer loop
      vertex 1 36.75 21.5
      vertex 0 38.99 21.5
      vertex 1 4.75 21.5
    endloop
  endfacet
  facet normal -0 0 1
    outer loop
      vertex 0 38.99 21.5
      vertex 1 36.75 21.5
      vertex 4 38.99 21.5
    endloop
  endfacet
  facet normal 0 0 1
    outer loop
      vertex 37 38.99 21.5
      vertex 34 36.75 21.5
      vertex 37 36.75 21.5
    endloop
  endfacet
  facet normal 0 0 1
    outer loop
      vertex 34 36.75 21.5
      vertex 33 36.75 21.5
      vertex 34 4.75 21.5
    endloop
  endfacet
  facet normal 0 0 1
    outer loop
      vertex 37 38.99 21.5
      vertex 33 36.75 21.5
      vertex 34 36.75 21.5
    endloop
  endfacet
  facet normal -0 0 1
    outer loop
      vertex 30 38.99 21.5
      vertex 33 36.75 21.5
      vertex 37 38.99 21.5
    endloop
  endfacet
  facet normal 0 0 1
    outer loop
      vertex 33 36.75 21.5
      vertex 30 38.99 21.5
      vertex 30 36.75 21.5
    endloop
  endfacet
  facet normal 0 0 1
    outer loop
      vertex 70 38.99 21.5
      vertex 67 36.75 21.5
      vertex 70 36.75 21.5
    endloop
  endfacet
  facet normal 0 0 1
    outer loop
      vertex 67 36.75 21.5
      vertex 66 36.75 21.5
      vertex 67 4.75 21.5
    endloop
  endfacet
  facet normal 0 0 1
    outer loop
      vertex 70 38.99 21.5
      vertex 66 36.75 21.5
      vertex 67 36.75 21.5
    endloop
  endfacet
  facet normal -0 0 1
    outer loop
      vertex 63 38.99 21.5
      vertex 66 36.75 21.5
      vertex 70 38.99 21.5
    endloop
  endfacet
  facet normal 0 0 1
    outer loop
      vertex 66 36.75 21.5
      vertex 63 38.99 21.5
      vertex 63 36.75 21.5
    endloop
  endfacet
  facet normal 0 0 1
    outer loop
      vertex 99 4.75 21.5
      vertex 100 38.99 21.5
      vertex 99 36.75 21.5
    endloop
  endfacet
  facet normal -0 0 1
    outer loop
      vertex 96 38.99 21.5
      vertex 99 36.75 21.5
      vertex 100 38.99 21.5
    endloop
  endfacet
  facet normal 0 0 1
    outer loop
      vertex 99 36.75 21.5
      vertex 96 38.99 21.5
      vertex 96 36.75 21.5
    endloop
  endfacet
  facet normal 0 0 1
    outer loop
      vertex 100 38.99 21.5
      vertex 99 4.75 21.5
      vertex 100 1.01 21.5
    endloop
  endfacet
  facet normal -0 0 1
    outer loop
      vertex 67 4.75 21.5
      vertex 100 1.01 21.5
      vertex 99 4.75 21.5
    endloop
  endfacet
  facet normal 0 0 1
    outer loop
      vertex 66 4.75 21.5
      vertex 67 4.75 21.5
      vertex 66 36.75 21.5
    endloop
  endfacet
  facet normal -0 0 1
    outer loop
      vertex 66 4.75 21.5
      vertex 100 1.01 21.5
      vertex 67 4.75 21.5
    endloop
  endfacet
  facet normal -0 0 1
    outer loop
      vertex 34 4.75 21.5
      vertex 100 1.01 21.5
      vertex 66 4.75 21.5
    endloop
  endfacet
  facet normal 0 0 1
    outer loop
      vertex 33 4.75 21.5
      vertex 34 4.75 21.5
      vertex 33 36.75 21.5
    endloop
  endfacet
  facet normal 0 0 1
    outer loop
      vertex 0 1.01 21.5
      vertex 34 4.75 21.5
      vertex 33 4.75 21.5
    endloop
  endfacet
  facet normal 0 0 1
    outer loop
      vertex 0 1.01 21.5
      vertex 33 4.75 21.5
      vertex 1 4.75 21.5
    endloop
  endfacet
  facet normal 0 0 1
    outer loop
      vertex 34 4.75 21.5
      vertex 0 1.01 21.5
      vertex 100 1.01 21.5
    endloop
  endfacet
  facet normal 0 0 1
    outer loop
      vertex 0 1.01 21.5
      vertex 1 4.75 21.5
      vertex 0 38.99 21.5
    endloop
  endfacet
  facet normal 0 0.707107 -0.707107
    outer loop
      vertex 100 1.01 21.5
      vertex 0 2.5 22.99
      vertex 100 2.5 22.99
    endloop
  endfacet
  facet normal 0 0.707107 -0.707107
    outer loop
      vertex 0 2.5 22.99
      vertex 100 1.01 21.5
      vertex 0 1.01 21.5
    endloop
  endfacet
  facet normal 0 -0.707107 -0.707107
    outer loop
      vertex 0 38.99 21.5
      vertex 4 37.5 22.99
      vertex 0 37.5 22.99
    endloop
  endfacet
  facet normal 0 -0.707107 -0.707107
    outer loop
      vertex 4 37.5 22.99
      vertex 0 38.99 21.5
      vertex 4 38.99 21.5
    endloop
  endfacet
  facet normal 0 -0.707107 -0.707107
    outer loop
      vertex 30 38.99 21.5
      vertex 37 37.5 22.99
      vertex 30 37.5 22.99
    endloop
  endfacet
  facet normal 0 -0.707107 -0.707107
    outer loop
      vertex 37 37.5 22.99
      vertex 30 38.99 21.5
      vertex 37 38.99 21.5
    endloop
  endfacet
  facet normal 0 -0.707107 -0.707107
    outer loop
      vertex 63 38.99 21.5
      vertex 70 37.5 22.99
      vertex 63 37.5 22.99
    endloop
  endfacet
  facet normal 0 -0.707107 -0.707107
    outer loop
      vertex 70 37.5 22.99
      vertex 63 38.99 21.5
      vertex 70 38.99 21.5
    endloop
  endfacet
  facet normal 0 -0.707107 -0.707107
    outer loop
      vertex 96 38.99 21.5
      vertex 100 37.5 22.99
      vertex 96 37.5 22.99
    endloop
  endfacet
  facet normal 0 -0.707107 -0.707107
    outer loop
      vertex 100 37.5 22.99
      vertex 96 38.99 21.5
      vertex 100 38.99 21.5
    endloop
  endfacet
  facet normal 0 -1 0
    outer loop
      vertex 0 37.5 22.99
      vertex 4 37.5 23
      vertex 0 37.5 23
    endloop
  endfacet
  facet normal 0 -1 -0
    outer loop
      vertex 4 37.5 23
      vertex 0 37.5 22.99
      vertex 4 37.5 22.99
    endloop
  endfacet
  facet normal 0 -1 0
    outer loop
      vertex 30 37.5 22.99
      vertex 37 37.5 23
      vertex 30 37.5 23
    endloop
  endfacet
  facet normal 0 -1 -0
    outer loop
      vertex 37 37.5 23
      vertex 30 37.5 22.99
      vertex 37 37.5 22.99
    endloop
  endfacet
  facet normal 0 -1 0
    outer loop
      vertex 63 37.5 22.99
      vertex 70 37.5 23
      vertex 63 37.5 23
    endloop
  endfacet
  facet normal 0 -1 -0
    outer loop
      vertex 70 37.5 23
      vertex 63 37.5 22.99
      vertex 70 37.5 22.99
    endloop
  endfacet
  facet normal 0 -1 0
    outer loop
      vertex 96 37.5 22.99
      vertex 100 37.5 23
      vertex 96 37.5 23
    endloop
  endfacet
  facet normal 0 -1 -0
    outer loop
      vertex 100 37.5 23
      vertex 96 37.5 22.99
      vertex 100 37.5 22.99
    endloop
  endfacet
  facet normal 0 1 -0
    outer loop
      vertex 100 2.5 22.99
      vertex 0 2.5 23
      vertex 100 2.5 23
    endloop
  endfacet
  facet normal 0 1 0
    outer loop
      vertex 0 2.5 23
      vertex 100 2.5 22.99
      vertex 0 2.5 22.99
    endloop
  endfacet
  facet normal 1 -0 0
    outer loop
      vertex 100 0 23
      vertex 100 2.5 22.99
      vertex 100 2.5 23
    endloop
  endfacet
  facet normal 1 0 0
    outer loop
      vertex 100 2.5 22.99
      vertex 100 0 23
      vertex 100 1.01 21.5
    endloop
  endfacet
  facet normal 1 0 0
    outer loop
      vertex 100 40 23
      vertex 100 38.99 21.5
      vertex 100 40 0
    endloop
  endfacet
  facet normal 1 0 0
    outer loop
      vertex 100 37.5 22.99
      vertex 100 40 23
      vertex 100 37.5 23
    endloop
  endfacet
  facet normal 1 0 0
    outer loop
      vertex 100 40 23
      vertex 100 37.5 22.99
      vertex 100 38.99 21.5
    endloop
  endfacet
  facet normal 1 -0 0
    outer loop
      vertex 100 1.01 21.5
      vertex 100 40 0
      vertex 100 38.99 21.5
    endloop
  endfacet
  facet normal 1 0 0
    outer loop
      vertex 100 1.01 21.5
      vertex 100 0 0
      vertex 100 40 0
    endloop
  endfacet
  facet normal 1 0 0
    outer loop
      vertex 100 0 0
      vertex 100 1.01 21.5
      vertex 100 0 23
    endloop
  endfacet
  facet normal -0 0 1
    outer loop
      vertex 0 40 23
      vertex 4 37.5 23
      vertex 4 40 23
    endloop
  endfacet
  facet normal 0 0 1
    outer loop
      vertex 4 37.5 23
      vertex 0 40 23
      vertex 0 37.5 23
    endloop
  endfacet
  facet normal -0 0 1
    outer loop
      vertex 96 40 23
      vertex 100 37.5 23
      vertex 100 40 23
    endloop
  endfacet
  facet normal 0 0 1
    outer loop
      vertex 100 37.5 23
      vertex 96 40 23
      vertex 96 37.5 23
    endloop
  endfacet
  facet normal -0 0 1
    outer loop
      vertex 0 2.5 23
      vertex 100 0 23
      vertex 100 2.5 23
    endloop
  endfacet
  facet normal 0 0 1
    outer loop
      vertex 100 0 23
      vertex 0 2.5 23
      vertex 0 0 23
    endloop
  endfacet
  facet normal -0 0 1
    outer loop
      vertex 30 40 23
      vertex 37 37.5 23
      vertex 37 40 23
    endloop
  endfacet
  facet normal 0 0 1
    outer loop
      vertex 37 37.5 23
      vertex 30 40 23
      vertex 30 37.5 23
    endloop
  endfacet
  facet normal -0 0 1
    outer loop
      vertex 63 40 23
      vertex 70 37.5 23
      vertex 70 40 23
    endloop
  endfacet
  facet normal 0 0 1
    outer loop
      vertex 70 37.5 23
      vertex 63 40 23
      vertex 63 37.5 23
    endloop
  endfacet
  facet normal 0 0 -1
    outer loop
      vertex 0 0 0
      vertex 100 40 0
      vertex 100 0 0
    endloop
  endfacet
  facet normal -0 0 -1
    outer loop
      vertex 100 40 0
      vertex 0 0 0
      vertex 0 40 0
    endloop
  endfacet
  facet normal -1 0 0
    outer loop
      vertex 0 40 0
      vertex 0 38.99 21.5
      vertex 0 40 23
    endloop
  endfacet
  facet normal -1 0 0
    outer loop
      vertex 0 40 0
      vertex 0 1.01 21.5
      vertex 0 38.99 21.5
    endloop
  endfacet
  facet normal -1 0 -0
    outer loop
      vertex 0 1.01 21.5
      vertex 0 40 0
      vertex 0 0 0
    endloop
  endfacet
  facet normal -1 0 0
    outer loop
      vertex 0 37.5 22.99
      vertex 0 40 23
      vertex 0 38.99 21.5
    endloop
  endfacet
  facet normal -1 -0 0
    outer loop
      vertex 0 40 23
      vertex 0 37.5 22.99
      vertex 0 37.5 23
    endloop
  endfacet
  facet normal -1 0 0
    outer loop
      vertex 0 0 23
      vertex 0 2.5 22.99
      vertex 0 1.01 21.5
    endloop
  endfacet
  facet normal -1 0 0
    outer loop
      vertex 0 2.5 22.99
      vertex 0 0 23
      vertex 0 2.5 23
    endloop
  endfacet
  facet normal -1 0 0
    outer loop
      vertex 0 0 23
      vertex 0 1.01 21.5
      vertex 0 0 0
    endloop
  endfacet
  facet normal 0 1 0
    outer loop
      vertex 100 40 23
      vertex 96 40 1
      vertex 96 40 23
    endloop
  endfacet
  facet normal 0 1 0
    outer loop
      vertex 100 40 0
      vertex 70 40 1
      vertex 96 40 1
    endloop
  endfacet
  facet normal 0 1 0
    outer loop
      vertex 70 40 1
      vertex 100 40 0
      vertex 63 40 1
    endloop
  endfacet
  facet normal 0 1 0
    outer loop
      vertex 63 40 1
      vertex 100 40 0
      vertex 37 40 1
    endloop
  endfacet
  facet normal 0 1 0
    outer loop
      vertex 0 40 0
      vertex 37 40 1
      vertex 100 40 0
    endloop
  endfacet
  facet normal 0 1 0
    outer loop
      vertex 37 40 1
      vertex 0 40 0
      vertex 30 40 1
    endloop
  endfacet
  facet normal 0 1 -0
    outer loop
      vertex 100 40 0
      vertex 96 40 1
      vertex 100 40 23
    endloop
  endfacet
  facet normal 0 1 -0
    outer loop
      vertex 70 40 1
      vertex 63 40 23
      vertex 70 40 23
    endloop
  endfacet
  facet normal 0 1 0
    outer loop
      vertex 63 40 23
      vertex 70 40 1
      vertex 63 40 1
    endloop
  endfacet
  facet normal 0 1 -0
    outer loop
      vertex 37 40 1
      vertex 30 40 23
      vertex 37 40 23
    endloop
  endfacet
  facet normal 0 1 0
    outer loop
      vertex 30 40 23
      vertex 37 40 1
      vertex 30 40 1
    endloop
  endfacet
  facet normal 0 1 -0
    outer loop
      vertex 4 40 1
      vertex 0 40 23
      vertex 4 40 23
    endloop
  endfacet
  facet normal 0 1 0
    outer loop
      vertex 4 40 1
      vertex 0 40 0
      vertex 0 40 23
    endloop
  endfacet
  facet normal 0 1 0
    outer loop
      vertex 30 40 1
      vertex 0 40 0
      vertex 4 40 1
    endloop
  endfacet
  facet normal 0 -1 0
    outer loop
      vertex 14.5183 0 12.2371
      vertex 15.1462 0 14.599
      vertex 14.715 0 14.5801
    endloop
  endfacet
  facet normal 0 -1 -0
    outer loop
      vertex 15.1462 0 14.599
      vertex 14.9133 0 12.1342
      vertex 15.5412 0 14.5819
    endloop
  endfacet
  facet normal 0 -1 0
    outer loop
      vertex 14.5183 0 12.2371
      vertex 14.715 0 14.5801
      vertex 14.3379 0 14.5231
    endloop
  endfacet
  facet normal 0 -1 0
    outer loop
      vertex 15.3958 0 12.0222
      vertex 15.5412 0 14.5819
      vertex 14.9133 0 12.1342
    endloop
  endfacet
  facet normal 0 -1 0
    outer loop
      vertex 13.9907 0 12.4155
      vertex 14.3379 0 14.5231
      vertex 14.0151 0 14.4281
    endloop
  endfacet
  facet normal 0 -1 -0
    outer loop
      vertex 15.5412 0 14.5819
      vertex 15.3958 0 12.0222
      vertex 15.8908 0 14.5305
    endloop
  endfacet
  facet normal 0 -1 0
    outer loop
      vertex 13.8247 0 12.4999
      vertex 14.0151 0 14.4281
      vertex 13.7466 0 14.2952
    endloop
  endfacet
  facet normal 0 -1 -0
    outer loop
      vertex 15.8908 0 14.5305
      vertex 15.3958 0 12.0222
      vertex 16.195 0 14.4449
    endloop
  endfacet
  facet normal 0 -1 0
    outer loop
      vertex 13.2939 0 13.6717
      vertex 13.7466 0 14.2952
      vertex 13.5353 0 14.1247
    endloop
  endfacet
  facet normal 0 -1 0
    outer loop
      vertex 15.5719 0 11.9813
      vertex 16.195 0 14.4449
      vertex 15.3958 0 12.0222
    endloop
  endfacet
  facet normal 0 -1 0
    outer loop
      vertex 13.2939 0 13.6717
      vertex 13.5353 0 14.1247
      vertex 13.3845 0 13.9169
    endloop
  endfacet
  facet normal 0 -1 0
    outer loop
      vertex 15.1462 0 14.599
      vertex 14.5183 0 12.2371
      vertex 14.9133 0 12.1342
    endloop
  endfacet
  facet normal 0 -1 0
    outer loop
      vertex 13.6794 0 12.5932
      vertex 13.7466 0 14.2952
      vertex 13.2939 0 13.6717
    endloop
  endfacet
  facet normal 0 -1 -0
    outer loop
      vertex 16.195 0 14.4449
      vertex 15.5719 0 11.9813
      vertex 16.4537 0 14.3251
    endloop
  endfacet
  facet normal 0 -1 0
    outer loop
      vertex 13.6794 0 12.5932
      vertex 13.2939 0 13.6717
      vertex 13.2638 0 13.3893
    endloop
  endfacet
  facet normal 0 -1 0
    outer loop
      vertex 24.0382 0 13.4923
      vertex 25.4162 0 13.3286
      vertex 25.4019 0 13.4923
    endloop
  endfacet
  facet normal 0 -1 0
    outer loop
      vertex 24.0382 0 13.4923
      vertex 25.4263 0 13.0651
      vertex 25.4162 0 13.3286
    endloop
  endfacet
  facet normal 0 -1 0
    outer loop
      vertex 24.0382 0 13.4923
      vertex 25.4324 0 12.702
      vertex 25.4263 0 13.0651
    endloop
  endfacet
  facet normal 0 -1 0
    outer loop
      vertex 24.0382 0 13.4923
      vertex 25.4344 0 12.2391
      vertex 25.4324 0 12.702
    endloop
  endfacet
  facet normal 0 -1 0
    outer loop
      vertex 24.0382 0 8.8757
      vertex 25.4344 0 12.2391
      vertex 24.0382 0 13.4923
    endloop
  endfacet
  facet normal 0 -1 0
    outer loop
      vertex 25.4344 0 7.62251
      vertex 24.0382 0 8.8757
      vertex 24.0403 0 8.41287
    endloop
  endfacet
  facet normal 0 -1 0
    outer loop
      vertex 25.4344 0 7.62251
      vertex 24.0403 0 8.41287
      vertex 24.0464 0 8.04973
    endloop
  endfacet
  facet normal 0 -1 0
    outer loop
      vertex 25.4344 0 7.62251
      vertex 24.0464 0 8.04973
      vertex 24.0565 0 7.78627
    endloop
  endfacet
  facet normal 0 -1 0
    outer loop
      vertex 25.4344 0 7.62251
      vertex 24.0565 0 7.78627
      vertex 24.0708 0 7.62251
    endloop
  endfacet
  facet normal 0 -1 0
    outer loop
      vertex 24.0382 0 8.8757
      vertex 25.4344 0 7.62251
      vertex 25.4344 0 12.2391
    endloop
  endfacet
  facet normal 0 -1 0
    outer loop
      vertex 20.3329 0 13.4923
      vertex 23.0617 0 10.0909
      vertex 23.0617 0 13.4923
    endloop
  endfacet
  facet normal 0 -1 0
    outer loop
      vertex 20.3329 0 9.77083
      vertex 23.0617 0 10.0909
      vertex 20.3329 0 13.4923
    endloop
  endfacet
  facet normal 0 -1 0
    outer loop
      vertex 20.3329 0 9.77083
      vertex 23.0363 0 9.68571
      vertex 23.0617 0 10.0909
    endloop
  endfacet
  facet normal 0 -1 0
    outer loop
      vertex 22.96 0 9.3273
      vertex 20.3329 0 9.77083
      vertex 20.3401 0 9.49686
    endloop
  endfacet
  facet normal 0 -1 0
    outer loop
      vertex 20.3329 0 9.77083
      vertex 22.96 0 9.3273
      vertex 23.0363 0 9.68571
    endloop
  endfacet
  facet normal 0 -1 0
    outer loop
      vertex 21.5427 0 8.26811
      vertex 20.3401 0 9.49686
      vertex 20.3614 0 9.25545
    endloop
  endfacet
  facet normal 0 -1 0
    outer loop
      vertex 21.3159 0 8.27692
      vertex 20.3614 0 9.25545
      vertex 20.397 0 9.04659
    endloop
  endfacet
  facet normal 0 -1 0
    outer loop
      vertex 20.3401 0 9.49686
      vertex 22.8329 0 9.0157
      vertex 22.96 0 9.3273
    endloop
  endfacet
  facet normal 0 -1 0
    outer loop
      vertex 21.1182 0 8.30338
      vertex 20.397 0 9.04659
      vertex 20.4469 0 8.87027
    endloop
  endfacet
  facet normal 0 -1 0
    outer loop
      vertex 20.3401 0 9.49686
      vertex 21.8767 0 8.29828
      vertex 22.6549 0 8.7509
    endloop
  endfacet
  facet normal 0 -1 0
    outer loop
      vertex 21.1182 0 8.30338
      vertex 20.4469 0 8.87027
      vertex 20.5123 0 8.72142
    endloop
  endfacet
  facet normal 0 -1 0
    outer loop
      vertex 20.9497 0 8.34744
      vertex 20.5123 0 8.72142
      vertex 20.5947 0 8.59494
    endloop
  endfacet
  facet normal 0 -1 0
    outer loop
      vertex 20.3401 0 9.49686
      vertex 21.5427 0 8.26811
      vertex 21.8767 0 8.29828
    endloop
  endfacet
  facet normal 0 -1 0
    outer loop
      vertex 20.9497 0 8.34744
      vertex 20.5947 0 8.59494
      vertex 20.694 0 8.49086
    endloop
  endfacet
  facet normal 0 -1 0
    outer loop
      vertex 20.9497 0 8.34744
      vertex 20.694 0 8.49086
      vertex 20.8103 0 8.40915
    endloop
  endfacet
  facet normal 0 -1 0
    outer loop
      vertex 20.3401 0 9.49686
      vertex 22.6549 0 8.7509
      vertex 22.8329 0 9.0157
    endloop
  endfacet
  facet normal 0 -1 0
    outer loop
      vertex 20.5123 0 8.72142
      vertex 20.9497 0 8.34744
      vertex 21.1182 0 8.30338
    endloop
  endfacet
  facet normal 0 -1 0
    outer loop
      vertex 20.397 0 9.04659
      vertex 21.1182 0 8.30338
      vertex 21.3159 0 8.27692
    endloop
  endfacet
  facet normal 0 -1 0
    outer loop
      vertex 20.3614 0 9.25545
      vertex 21.3159 0 8.27692
      vertex 21.5427 0 8.26811
    endloop
  endfacet
  facet normal 0 -1 0
    outer loop
      vertex 22.6549 0 8.7509
      vertex 21.8767 0 8.29828
      vertex 22.4328 0 8.53969
    endloop
  endfacet
  facet normal 0 -1 0
    outer loop
      vertex 22.4328 0 8.53969
      vertex 21.8767 0 8.29828
      vertex 22.1734 0 8.38881
    endloop
  endfacet
  facet normal 0 -1 0
    outer loop
      vertex 100 0 23
      vertex 85.8552 0 13.5851
      vertex 86.17 0 13.6008
    endloop
  endfacet
  facet normal 0 -1 0
    outer loop
      vertex 100 0 23
      vertex 80.2646 0 13.5545
      vertex 83.3111 0 13.4923
    endloop
  endfacet
  facet normal 0 -1 0
    outer loop
      vertex 84.2333 0 13.4923
      vertex 100 0 23
      vertex 83.3111 0 13.4923
    endloop
  endfacet
  facet normal 0 -1 0
    outer loop
      vertex 100 0 23
      vertex 84.2333 0 13.4923
      vertex 85.8552 0 13.5851
    endloop
  endfacet
  facet normal 0 -1 0
    outer loop
      vertex 80.804 0 13.4157
      vertex 83.3111 0 13.4923
      vertex 80.2646 0 13.5545
    endloop
  endfacet
  facet normal 0 -1 0
    outer loop
      vertex 81.2546 0 13.1843
      vertex 83.3111 0 13.4923
      vertex 80.804 0 13.4157
    endloop
  endfacet
  facet normal 0 -1 0
    outer loop
      vertex 81.6164 0 12.8603
      vertex 83.3111 0 13.4923
      vertex 81.2546 0 13.1843
    endloop
  endfacet
  facet normal 0 -1 -0
    outer loop
      vertex 83.3111 0 13.4923
      vertex 81.6164 0 12.8603
      vertex 83.3253 0 13.3286
    endloop
  endfacet
  facet normal 0 -1 -0
    outer loop
      vertex 83.3253 0 13.3286
      vertex 81.6164 0 12.8603
      vertex 83.3354 0 13.0651
    endloop
  endfacet
  facet normal 0 -1 0
    outer loop
      vertex 81.8941 0 12.4391
      vertex 83.3354 0 13.0651
      vertex 81.6164 0 12.8603
    endloop
  endfacet
  facet normal 0 -1 -0
    outer loop
      vertex 83.3354 0 13.0651
      vertex 81.8941 0 12.4391
      vertex 83.3415 0 12.702
    endloop
  endfacet
  facet normal 0 -1 0
    outer loop
      vertex 81.8941 0 12.4391
      vertex 83.3436 0 12.2391
      vertex 83.3415 0 12.702
    endloop
  endfacet
  facet normal 0 -1 0
    outer loop
      vertex 82.0925 0 11.9157
      vertex 83.3436 0 12.2391
      vertex 81.8941 0 12.4391
    endloop
  endfacet
  facet normal 0 -1 0
    outer loop
      vertex 82.2115 0 11.2903
      vertex 83.3436 0 12.2391
      vertex 82.0925 0 11.9157
    endloop
  endfacet
  facet normal 0 -1 0
    outer loop
      vertex 82.2512 0 10.5628
      vertex 83.3436 0 12.2391
      vertex 82.2115 0 11.2903
    endloop
  endfacet
  facet normal 0 -1 0
    outer loop
      vertex 82.2088 0 9.84167
      vertex 83.3436 0 12.2391
      vertex 82.2512 0 10.5628
    endloop
  endfacet
  facet normal 0 -1 0
    outer loop
      vertex 83.3436 0 7.62251
      vertex 82.2088 0 9.84167
      vertex 82.0816 0 9.21883
    endloop
  endfacet
  facet normal 0 -1 0
    outer loop
      vertex 83.3436 0 7.62251
      vertex 82.0816 0 9.21883
      vertex 81.8697 0 8.69431
    endloop
  endfacet
  facet normal 0 -1 0
    outer loop
      vertex 82.2088 0 9.84167
      vertex 83.3436 0 7.62251
      vertex 83.3436 0 12.2391
    endloop
  endfacet
  facet normal 0 -1 0
    outer loop
      vertex 81.573 0 8.26811
      vertex 83.3436 0 7.62251
      vertex 81.8697 0 8.69431
    endloop
  endfacet
  facet normal 0 -1 0
    outer loop
      vertex 81.1956 0 7.9382
      vertex 83.3436 0 7.62251
      vertex 81.573 0 8.26811
    endloop
  endfacet
  facet normal 0 -1 0
    outer loop
      vertex 80.7416 0 7.70255
      vertex 83.3436 0 7.62251
      vertex 81.1956 0 7.9382
    endloop
  endfacet
  facet normal 0 -1 0
    outer loop
      vertex 100 0 0
      vertex 84.3201 0 7.62251
      vertex 83.3436 0 7.62251
    endloop
  endfacet
  facet normal 0 -1 0
    outer loop
      vertex 84.3201 0 7.62251
      vertex 100 0 0
      vertex 87.0488 0 7.62251
    endloop
  endfacet
  facet normal 0 -1 0
    outer loop
      vertex 100 0 0
      vertex 83.3436 0 7.62251
      vertex 80.211 0 7.56116
    endloop
  endfacet
  facet normal 0 -1 0
    outer loop
      vertex 80.211 0 7.56116
      vertex 83.3436 0 7.62251
      vertex 80.7416 0 7.70255
    endloop
  endfacet
  facet normal 0 -1 0
    outer loop
      vertex 69.8184 0 15.6732
      vertex 78.4852 0 13.4109
      vertex 79.6363 0 13.6008
    endloop
  endfacet
  facet normal 0 -1 0
    outer loop
      vertex 69.8184 0 15.6732
      vertex 74.7338 0 13.4059
      vertex 78.4852 0 13.4109
    endloop
  endfacet
  facet normal 0 -1 0
    outer loop
      vertex 74.7338 0 13.4059
      vertex 77.663 0 12.8413
      vertex 78.4852 0 13.4109
    endloop
  endfacet
  facet normal 0 -1 0
    outer loop
      vertex 75.5425 0 12.821
      vertex 77.663 0 12.8413
      vertex 74.7338 0 13.4059
    endloop
  endfacet
  facet normal 0 -1 0
    outer loop
      vertex 75.5425 0 12.821
      vertex 77.1696 0 11.8919
      vertex 77.663 0 12.8413
    endloop
  endfacet
  facet normal 0 -1 0
    outer loop
      vertex 76.0277 0 11.8462
      vertex 77.1696 0 11.8919
      vertex 75.5425 0 12.821
    endloop
  endfacet
  facet normal 0 -1 0
    outer loop
      vertex 76.0277 0 11.8462
      vertex 77.0052 0 10.5628
      vertex 77.1696 0 11.8919
    endloop
  endfacet
  facet normal 0 -1 0
    outer loop
      vertex 76.1895 0 10.4815
      vertex 77.0052 0 10.5628
      vertex 76.0277 0 11.8462
    endloop
  endfacet
  facet normal 0 -1 0
    outer loop
      vertex 76.1895 0 10.3513
      vertex 77.0052 0 10.5628
      vertex 76.1895 0 10.4815
    endloop
  endfacet
  facet normal 0 -1 0
    outer loop
      vertex 76.1895 0 10.3513
      vertex 77.0462 0 9.86591
      vertex 77.0052 0 10.5628
    endloop
  endfacet
  facet normal 0 -1 0
    outer loop
      vertex 72.0013 0 10.3513
      vertex 75.175 0 9.14691
      vertex 76.1895 0 10.3513
    endloop
  endfacet
  facet normal 0 -1 0
    outer loop
      vertex 75.175 0 9.14691
      vertex 72.0274 0 9.8756
      vertex 72.1057 0 9.45753
    endloop
  endfacet
  facet normal 0 -1 0
    outer loop
      vertex 76.0321 0 8.90283
      vertex 76.1895 0 10.3513
      vertex 75.175 0 9.14691
    endloop
  endfacet
  facet normal 0 -1 -0
    outer loop
      vertex 76.1895 0 10.3513
      vertex 76.0321 0 8.90283
      vertex 77.0462 0 9.86591
    endloop
  endfacet
  facet normal 0 -1 0
    outer loop
      vertex 73.6397 0 8.24635
      vertex 72.1057 0 9.45753
      vertex 72.2362 0 9.09708
    endloop
  endfacet
  facet normal 0 -1 0
    outer loop
      vertex 72.1057 0 9.45753
      vertex 73.9413 0 8.26228
      vertex 75.175 0 9.14691
    endloop
  endfacet
  facet normal 0 -1 0
    outer loop
      vertex 73.2623 0 8.28059
      vertex 72.2362 0 9.09708
      vertex 72.419 0 8.79427
    endloop
  endfacet
  facet normal -0 -1 0
    outer loop
      vertex 74.2113 0 8.31009
      vertex 75.175 0 9.14691
      vertex 73.9413 0 8.26228
    endloop
  endfacet
  facet normal -0 -1 0
    outer loop
      vertex 74.6568 0 8.50131
      vertex 75.175 0 9.14691
      vertex 74.2113 0 8.31009
    endloop
  endfacet
  facet normal 0 -1 0
    outer loop
      vertex 73.2623 0 8.28059
      vertex 72.419 0 8.79427
      vertex 72.6519 0 8.55455
    endloop
  endfacet
  facet normal 0 -1 0
    outer loop
      vertex 75.175 0 9.14691
      vertex 74.8326 0 8.6373
      vertex 75.0917 0 8.9601
    endloop
  endfacet
  facet normal 0 -1 0
    outer loop
      vertex 75.0917 0 8.9601
      vertex 74.8326 0 8.6373
      vertex 74.9776 0 8.79022
    endloop
  endfacet
  facet normal 0 -1 0
    outer loop
      vertex 73.2623 0 8.28059
      vertex 72.6519 0 8.55455
      vertex 72.933 0 8.38333
    endloop
  endfacet
  facet normal 0 -1 0
    outer loop
      vertex 75.175 0 9.14691
      vertex 74.6568 0 8.50131
      vertex 74.8326 0 8.6373
    endloop
  endfacet
  facet normal 0 -1 0
    outer loop
      vertex 72.2362 0 9.09708
      vertex 73.2623 0 8.28059
      vertex 73.6397 0 8.24635
    endloop
  endfacet
  facet normal 0 -1 0
    outer loop
      vertex 74.6568 0 8.50131
      vertex 74.2113 0 8.31009
      vertex 74.4498 0 8.38976
    endloop
  endfacet
  facet normal 0 -1 0
    outer loop
      vertex 72.1057 0 9.45753
      vertex 73.6397 0 8.24635
      vertex 73.9413 0 8.26228
    endloop
  endfacet
  facet normal 0 -1 0
    outer loop
      vertex 69.8184 0 15.6732
      vertex 73.0061 0 13.5523
      vertex 73.6017 0 13.6008
    endloop
  endfacet
  facet normal 0 -1 0
    outer loop
      vertex 69.8184 0 15.6732
      vertex 72.4835 0 13.4069
      vertex 73.0061 0 13.5523
    endloop
  endfacet
  facet normal 0 -1 0
    outer loop
      vertex 69.8184 0 15.6732
      vertex 72.0337 0 13.1644
      vertex 72.4835 0 13.4069
    endloop
  endfacet
  facet normal 0 -1 0
    outer loop
      vertex 69.8184 0 15.6732
      vertex 71.6568 0 12.8251
      vertex 72.0337 0 13.1644
    endloop
  endfacet
  facet normal 0 -1 0
    outer loop
      vertex 69.8184 0 15.6732
      vertex 71.359 0 12.3948
      vertex 71.6568 0 12.8251
    endloop
  endfacet
  facet normal 0 -1 0
    outer loop
      vertex 69.8184 0 15.6732
      vertex 71.1462 0 11.8797
      vertex 71.359 0 12.3948
    endloop
  endfacet
  facet normal 0 -1 0
    outer loop
      vertex 69.8184 0 15.6732
      vertex 71.0186 0 11.28
      vertex 71.1462 0 11.8797
    endloop
  endfacet
  facet normal 0 -1 0
    outer loop
      vertex 69.8184 0 7.62251
      vertex 71.0186 0 11.28
      vertex 69.8184 0 15.6732
    endloop
  endfacet
  facet normal 0 -1 0
    outer loop
      vertex 71.0186 0 11.28
      vertex 69.8184 0 7.62251
      vertex 70.976 0 10.5954
    endloop
  endfacet
  facet normal 0 -1 -0
    outer loop
      vertex 70.976 0 10.5954
      vertex 69.8184 0 7.62251
      vertex 71.0186 0 9.87759
    endloop
  endfacet
  facet normal 0 -1 -0
    outer loop
      vertex 71.0186 0 9.87759
      vertex 69.8184 0 7.62251
      vertex 71.1462 0 9.25407
    endloop
  endfacet
  facet normal 0 -1 0
    outer loop
      vertex 69.8184 0 7.62251
      vertex 71.359 0 8.72479
      vertex 71.1462 0 9.25407
    endloop
  endfacet
  facet normal 0 -1 0
    outer loop
      vertex 69.8184 0 7.62251
      vertex 71.6568 0 8.28979
      vertex 71.359 0 8.72479
    endloop
  endfacet
  facet normal 0 -1 0
    outer loop
      vertex 69.8184 0 7.62251
      vertex 72.0361 0 7.95039
      vertex 71.6568 0 8.28979
    endloop
  endfacet
  facet normal 0 -1 0
    outer loop
      vertex 69.8184 0 7.62251
      vertex 72.493 0 7.70796
      vertex 72.0361 0 7.95039
    endloop
  endfacet
  facet normal 0 -1 -0
    outer loop
      vertex 67.4077 0 7.62251
      vertex 65.2646 0 7.5737
      vertex 68.8419 0 7.62251
    endloop
  endfacet
  facet normal 0 -1 -0
    outer loop
      vertex 68.8419 0 7.62251
      vertex 65.2646 0 7.5737
      vertex 69.8184 0 7.62251
    endloop
  endfacet
  facet normal 0 -1 0
    outer loop
      vertex 65.073 0 7.56827
      vertex 69.8184 0 7.62251
      vertex 65.2646 0 7.5737
    endloop
  endfacet
  facet normal 0 -1 0
    outer loop
      vertex 69.8184 0 7.62251
      vertex 73.0275 0 7.56252
      vertex 72.493 0 7.70796
    endloop
  endfacet
  facet normal 0 -1 0
    outer loop
      vertex 73.6397 0 7.51402
      vertex 69.8184 0 7.62251
      vertex 65.073 0 7.56827
    endloop
  endfacet
  facet normal 0 -1 0
    outer loop
      vertex 61.0938 0 13.2048
      vertex 58.6148 0 14.0189
      vertex 58.8518 0 13.5791
    endloop
  endfacet
  facet normal 0 -1 0
    outer loop
      vertex 58.6148 0 14.0189
      vertex 61.7983 0 13.5018
      vertex 62.7348 0 13.6008
    endloop
  endfacet
  facet normal 0 -1 0
    outer loop
      vertex 59.02 0 11.4471
      vertex 58.8518 0 13.5791
      vertex 57.8645 0 13.2862
    endloop
  endfacet
  facet normal 0 -1 0
    outer loop
      vertex 58.6148 0 14.0189
      vertex 61.0938 0 13.2048
      vertex 61.7983 0 13.5018
    endloop
  endfacet
  facet normal 0 -1 0
    outer loop
      vertex 32.4238 0 15.6732
      vertex 45.4407 0 13.5851
      vertex 45.7555 0 13.6008
    endloop
  endfacet
  facet normal 0 -1 0
    outer loop
      vertex 32.4238 0 15.6732
      vertex 42.8966 0 13.4923
      vertex 45.4407 0 13.5851
    endloop
  endfacet
  facet normal 0 -1 0
    outer loop
      vertex 43.8188 0 13.4923
      vertex 45.4407 0 13.5851
      vertex 42.8966 0 13.4923
    endloop
  endfacet
  facet normal 0 -1 0
    outer loop
      vertex 40.3539 0 13.4059
      vertex 42.8966 0 13.4923
      vertex 39.2218 0 13.6008
    endloop
  endfacet
  facet normal 0 -1 0
    outer loop
      vertex 41.1626 0 12.821
      vertex 42.8966 0 13.4923
      vertex 40.3539 0 13.4059
    endloop
  endfacet
  facet normal 0 -1 -0
    outer loop
      vertex 42.8966 0 13.4923
      vertex 41.1626 0 12.821
      vertex 42.9108 0 13.3286
    endloop
  endfacet
  facet normal 0 -1 -0
    outer loop
      vertex 42.9108 0 13.3286
      vertex 41.1626 0 12.821
      vertex 42.9209 0 13.0651
    endloop
  endfacet
  facet normal 0 -1 0
    outer loop
      vertex 41.1626 0 12.821
      vertex 42.927 0 12.702
      vertex 42.9209 0 13.0651
    endloop
  endfacet
  facet normal 0 -1 0
    outer loop
      vertex 41.6478 0 11.8462
      vertex 42.927 0 12.702
      vertex 41.1626 0 12.821
    endloop
  endfacet
  facet normal 0 -1 -0
    outer loop
      vertex 42.927 0 12.702
      vertex 41.6478 0 11.8462
      vertex 42.929 0 12.2391
    endloop
  endfacet
  facet normal 0 -1 0
    outer loop
      vertex 41.8096 0 10.4815
      vertex 42.929 0 12.2391
      vertex 41.6478 0 11.8462
    endloop
  endfacet
  facet normal 0 -1 0
    outer loop
      vertex 41.8096 0 10.3513
      vertex 42.929 0 12.2391
      vertex 41.8096 0 10.4815
    endloop
  endfacet
  facet normal 0 -1 0
    outer loop
      vertex 40.7951 0 9.14691
      vertex 37.6475 0 9.8756
      vertex 37.7258 0 9.45753
    endloop
  endfacet
  facet normal 0 -1 0
    outer loop
      vertex 37.6475 0 9.8756
      vertex 40.7951 0 9.14691
      vertex 41.8096 0 10.3513
    endloop
  endfacet
  facet normal 0 -1 0
    outer loop
      vertex 41.6522 0 8.90283
      vertex 41.8096 0 10.3513
      vertex 40.7951 0 9.14691
    endloop
  endfacet
  facet normal 0 -1 0
    outer loop
      vertex 42.929 0 7.62251
      vertex 41.8096 0 10.3513
      vertex 41.6522 0 8.90283
    endloop
  endfacet
  facet normal 0 -1 0
    outer loop
      vertex 41.8096 0 10.3513
      vertex 42.929 0 7.62251
      vertex 42.929 0 12.2391
    endloop
  endfacet
  facet normal 0 -1 0
    outer loop
      vertex 41.3053 0 8.29523
      vertex 42.929 0 7.62251
      vertex 41.6522 0 8.90283
    endloop
  endfacet
  facet normal 0 -1 0
    outer loop
      vertex 40.791 0 7.86122
      vertex 42.929 0 7.62251
      vertex 41.3053 0 8.29523
    endloop
  endfacet
  facet normal 0 -1 0
    outer loop
      vertex 39.2598 0 7.51402
      vertex 43.9056 0 7.62251
      vertex 42.929 0 7.62251
    endloop
  endfacet
  facet normal 0 -1 -0
    outer loop
      vertex 43.9056 0 7.62251
      vertex 39.2598 0 7.51402
      vertex 46.6343 0 7.62251
    endloop
  endfacet
  facet normal 0 -1 0
    outer loop
      vertex 39.2598 0 7.51402
      vertex 42.929 0 7.62251
      vertex 40.1091 0 7.60083
    endloop
  endfacet
  facet normal 0 -1 0
    outer loop
      vertex 40.1091 0 7.60083
      vertex 42.929 0 7.62251
      vertex 40.791 0 7.86122
    endloop
  endfacet
  facet normal 0 -1 0
    outer loop
      vertex 31.4474 0 15.6732
      vertex 27.9461 0 13.5851
      vertex 28.2609 0 13.6008
    endloop
  endfacet
  facet normal 0 -1 0
    outer loop
      vertex 24.0382 0 13.4923
      vertex 17.9496 0 14.0676
      vertex 23.0617 0 13.4923
    endloop
  endfacet
  facet normal 0 -1 0
    outer loop
      vertex 17.9496 0 14.0676
      vertex 19.351 0 13.4923
      vertex 20.3329 0 13.4923
    endloop
  endfacet
  facet normal 0 -1 0
    outer loop
      vertex 17.2255 0 11.4582
      vertex 18.1138 0 13.6226
      vertex 17.0938 0 13.4435
    endloop
  endfacet
  facet normal 0 -1 0
    outer loop
      vertex 13.5548 0 12.6952
      vertex 13.2638 0 13.3893
      vertex 13.2755 0 13.2206
    endloop
  endfacet
  facet normal 0 -1 -0
    outer loop
      vertex 16.4537 0 14.3251
      vertex 15.5719 0 11.9813
      vertex 16.6707 0 14.1672
    endloop
  endfacet
  facet normal 0 -1 0
    outer loop
      vertex 13.5548 0 12.6952
      vertex 13.2755 0 13.2206
      vertex 13.3105 0 13.0672
    endloop
  endfacet
  facet normal 0 -1 0
    outer loop
      vertex 13.4509 0 12.8061
      vertex 13.3105 0 13.0672
      vertex 13.369 0 12.929
    endloop
  endfacet
  facet normal 0 -1 0
    outer loop
      vertex 13.3105 0 13.0672
      vertex 13.4509 0 12.8061
      vertex 13.5548 0 12.6952
    endloop
  endfacet
  facet normal 0 -1 0
    outer loop
      vertex 13.2638 0 13.3893
      vertex 13.5548 0 12.6952
      vertex 13.6794 0 12.5932
    endloop
  endfacet
  facet normal 0 -1 -0
    outer loop
      vertex 13.7466 0 14.2952
      vertex 13.6794 0 12.5932
      vertex 13.8247 0 12.4999
    endloop
  endfacet
  facet normal 0 -1 0
    outer loop
      vertex 14.0151 0 14.4281
      vertex 13.8247 0 12.4999
      vertex 13.9907 0 12.4155
    endloop
  endfacet
  facet normal 0 -1 0
    outer loop
      vertex 14.3379 0 14.5231
      vertex 13.9907 0 12.4155
      vertex 14.2108 0 12.3309
    endloop
  endfacet
  facet normal 0 -1 -0
    outer loop
      vertex 14.3379 0 14.5231
      vertex 14.2108 0 12.3309
      vertex 14.5183 0 12.2371
    endloop
  endfacet
  facet normal 0 -1 -0
    outer loop
      vertex 16.6707 0 14.1672
      vertex 15.5719 0 11.9813
      vertex 16.8497 0 13.9677
    endloop
  endfacet
  facet normal 0 -1 -0
    outer loop
      vertex 16.8497 0 13.9677
      vertex 15.5719 0 11.9813
      vertex 16.9908 0 13.7265
    endloop
  endfacet
  facet normal 0 -1 -0
    outer loop
      vertex 16.9908 0 13.7265
      vertex 15.5719 0 11.9813
      vertex 17.0938 0 13.4435
    endloop
  endfacet
  facet normal 0 -1 0
    outer loop
      vertex 15.7477 0 11.9401
      vertex 17.0938 0 13.4435
      vertex 15.5719 0 11.9813
    endloop
  endfacet
  facet normal 0 -1 0
    outer loop
      vertex 15.9232 0 11.8986
      vertex 17.0938 0 13.4435
      vertex 15.7477 0 11.9401
    endloop
  endfacet
  facet normal 0 -1 0
    outer loop
      vertex 16.0983 0 11.8567
      vertex 17.0938 0 13.4435
      vertex 15.9232 0 11.8986
    endloop
  endfacet
  facet normal 0 -1 0
    outer loop
      vertex 16.2714 0 11.8127
      vertex 17.0938 0 13.4435
      vertex 16.0983 0 11.8567
    endloop
  endfacet
  facet normal 0 -1 0
    outer loop
      vertex 16.4408 0 11.7645
      vertex 17.0938 0 13.4435
      vertex 16.2714 0 11.8127
    endloop
  endfacet
  facet normal 0 -1 0
    outer loop
      vertex 16.6064 0 11.7123
      vertex 17.0938 0 13.4435
      vertex 16.4408 0 11.7645
    endloop
  endfacet
  facet normal 0 -1 0
    outer loop
      vertex 16.7683 0 11.656
      vertex 17.0938 0 13.4435
      vertex 16.6064 0 11.7123
    endloop
  endfacet
  facet normal 0 -1 0
    outer loop
      vertex 16.9258 0 11.5952
      vertex 17.0938 0 13.4435
      vertex 16.7683 0 11.656
    endloop
  endfacet
  facet normal 0 -1 0
    outer loop
      vertex 17.0782 0 11.5292
      vertex 17.0938 0 13.4435
      vertex 16.9258 0 11.5952
    endloop
  endfacet
  facet normal 0 -1 0
    outer loop
      vertex 17.2255 0 11.4582
      vertex 17.0938 0 13.4435
      vertex 17.0782 0 11.5292
    endloop
  endfacet
  facet normal 0 -1 0
    outer loop
      vertex 18.1138 0 13.6226
      vertex 17.2255 0 11.4582
      vertex 17.3678 0 11.382
    endloop
  endfacet
  facet normal 0 -1 0
    outer loop
      vertex 18.1138 0 13.6226
      vertex 17.3678 0 11.382
      vertex 17.5029 0 11.299
    endloop
  endfacet
  facet normal 0 -1 0
    outer loop
      vertex 17.6289 0 11.2071
      vertex 18.1138 0 13.6226
      vertex 17.5029 0 11.299
    endloop
  endfacet
  facet normal 0 -1 -0
    outer loop
      vertex 18.1138 0 13.6226
      vertex 17.6289 0 11.2071
      vertex 19.351 0 13.4923
    endloop
  endfacet
  facet normal 0 -1 0
    outer loop
      vertex 17.7457 0 11.1064
      vertex 19.351 0 13.4923
      vertex 17.6289 0 11.2071
    endloop
  endfacet
  facet normal 0 -1 0
    outer loop
      vertex 17.8534 0 10.9968
      vertex 19.351 0 13.4923
      vertex 17.7457 0 11.1064
    endloop
  endfacet
  facet normal 0 -1 0
    outer loop
      vertex 17.9508 0 10.8778
      vertex 19.351 0 13.4923
      vertex 17.8534 0 10.9968
    endloop
  endfacet
  facet normal 0 -1 0
    outer loop
      vertex 18.0371 0 10.7486
      vertex 19.351 0 13.4923
      vertex 17.9508 0 10.8778
    endloop
  endfacet
  facet normal 0 -1 0
    outer loop
      vertex 18.1122 0 10.6093
      vertex 19.351 0 13.4923
      vertex 18.0371 0 10.7486
    endloop
  endfacet
  facet normal 0 -1 0
    outer loop
      vertex 19.351 0 9.5809
      vertex 18.1122 0 10.6093
      vertex 18.1762 0 10.4598
    endloop
  endfacet
  facet normal 0 -1 0
    outer loop
      vertex 19.351 0 9.5809
      vertex 18.1762 0 10.4598
      vertex 18.2272 0 10.2984
    endloop
  endfacet
  facet normal 0 -1 0
    outer loop
      vertex 19.351 0 9.5809
      vertex 18.2272 0 10.2984
      vertex 18.2636 0 10.1234
    endloop
  endfacet
  facet normal 0 -1 0
    outer loop
      vertex 19.351 0 9.5809
      vertex 18.2636 0 10.1234
      vertex 18.2855 0 9.93492
    endloop
  endfacet
  facet normal 0 -1 0
    outer loop
      vertex 19.351 0 9.5809
      vertex 18.2855 0 9.93492
      vertex 18.2928 0 9.73283
    endloop
  endfacet
  facet normal 0 -1 0
    outer loop
      vertex 18.1122 0 10.6093
      vertex 19.351 0 9.5809
      vertex 19.351 0 13.4923
    endloop
  endfacet
  facet normal 0 -1 0
    outer loop
      vertex 18.2411 0 9.23375
      vertex 19.351 0 9.5809
      vertex 18.2928 0 9.73283
    endloop
  endfacet
  facet normal 0 -1 0
    outer loop
      vertex 18.2411 0 9.23375
      vertex 19.379 0 9.06674
      vertex 19.351 0 9.5809
    endloop
  endfacet
  facet normal 0 -1 0
    outer loop
      vertex 18.086 0 8.79433
      vertex 19.379 0 9.06674
      vertex 18.2411 0 9.23375
    endloop
  endfacet
  facet normal 0 -1 0
    outer loop
      vertex 18.086 0 8.79433
      vertex 19.4629 0 8.63089
      vertex 19.379 0 9.06674
    endloop
  endfacet
  facet normal 0 -1 0
    outer loop
      vertex 19.6028 0 8.27335
      vertex 18.086 0 8.79433
      vertex 17.8274 0 8.41458
    endloop
  endfacet
  facet normal 0 -1 0
    outer loop
      vertex 18.086 0 8.79433
      vertex 19.6028 0 8.27335
      vertex 19.4629 0 8.63089
    endloop
  endfacet
  facet normal 0 -1 0
    outer loop
      vertex 19.7985 0 7.99411
      vertex 17.8274 0 8.41458
      vertex 17.4654 0 8.09451
    endloop
  endfacet
  facet normal 0 -1 0
    outer loop
      vertex 17.8274 0 8.41458
      vertex 19.7985 0 7.99411
      vertex 19.6028 0 8.27335
    endloop
  endfacet
  facet normal 0 -1 0
    outer loop
      vertex 20.0547 0 7.78407
      vertex 17.4654 0 8.09451
      vertex 17.0096 0 7.84055
    endloop
  endfacet
  facet normal 0 -1 0
    outer loop
      vertex 17.4654 0 8.09451
      vertex 20.0547 0 7.78407
      vertex 19.7985 0 7.99411
    endloop
  endfacet
  facet normal 0 -1 0
    outer loop
      vertex 20.3757 0 7.63405
      vertex 17.0096 0 7.84055
      vertex 16.4693 0 7.65915
    endloop
  endfacet
  facet normal 0 -1 0
    outer loop
      vertex 17.0096 0 7.84055
      vertex 20.3757 0 7.63405
      vertex 20.0547 0 7.78407
    endloop
  endfacet
  facet normal 0 -1 0
    outer loop
      vertex 20.7614 0 7.54404
      vertex 16.4693 0 7.65915
      vertex 15.8446 0 7.55031
    endloop
  endfacet
  facet normal 0 -1 0
    outer loop
      vertex 16.4693 0 7.65915
      vertex 20.7614 0 7.54404
      vertex 20.3757 0 7.63405
    endloop
  endfacet
  facet normal 0 -1 0
    outer loop
      vertex 0 0 0
      vertex 15.8446 0 7.55031
      vertex 15.1354 0 7.51402
    endloop
  endfacet
  facet normal 0 -1 -0
    outer loop
      vertex 15.8446 0 7.55031
      vertex 0 0 0
      vertex 20.7614 0 7.54404
    endloop
  endfacet
  facet normal 0 -1 0
    outer loop
      vertex 67.4077 0 7.62251
      vertex 68.8419 0 15.6732
      vertex 67.4077 0 15.6732
    endloop
  endfacet
  facet normal 0 -1 -0
    outer loop
      vertex 68.8419 0 15.6732
      vertex 67.4077 0 7.62251
      vertex 68.8419 0 7.62251
    endloop
  endfacet
  facet normal 0 -1 0
    outer loop
      vertex 100 0 23
      vertex 55.5697 0 15.3802
      vertex 66.4312 0 15.6732
    endloop
  endfacet
  facet normal 0 -1 0
    outer loop
      vertex 32.4238 0 15.6732
      vertex 54.7169 0 15.3165
      vertex 55.5697 0 15.3802
    endloop
  endfacet
  facet normal 0 -1 0
    outer loop
      vertex 32.4238 0 15.6732
      vertex 53.9653 0 15.1253
      vertex 54.7169 0 15.3165
    endloop
  endfacet
  facet normal 0 -1 0
    outer loop
      vertex 45.7555 0 13.6008
      vertex 53.9653 0 15.1253
      vertex 32.4238 0 15.6732
    endloop
  endfacet
  facet normal 0 -1 0
    outer loop
      vertex 46.2059 0 13.5708
      vertex 53.9653 0 15.1253
      vertex 45.7555 0 13.6008
    endloop
  endfacet
  facet normal 0 -1 0
    outer loop
      vertex 53.9653 0 15.1253
      vertex 46.2059 0 13.5708
      vertex 53.3146 0 14.8065
    endloop
  endfacet
  facet normal 0 -1 0
    outer loop
      vertex 42.8966 0 13.4923
      vertex 32.4238 0 15.6732
      vertex 39.2218 0 13.6008
    endloop
  endfacet
  facet normal 0 -1 0
    outer loop
      vertex 32.4238 0 15.6732
      vertex 38.6262 0 13.5523
      vertex 39.2218 0 13.6008
    endloop
  endfacet
  facet normal 0 -1 0
    outer loop
      vertex 36.1454 0 13.4923
      vertex 32.4238 0 15.6732
      vertex 35.0007 0 13.4923
    endloop
  endfacet
  facet normal -0 -1 0
    outer loop
      vertex 35.0007 0 13.4923
      vertex 32.4238 0 15.6732
      vertex 32.4238 0 10.6443
    endloop
  endfacet
  facet normal 0 -1 0
    outer loop
      vertex 32.4238 0 15.6732
      vertex 0 0 23
      vertex 31.4474 0 15.6732
    endloop
  endfacet
  facet normal 0 -1 0
    outer loop
      vertex 15.7698 0 15.3553
      vertex 0 0 23
      vertex 15.1571 0 15.3802
    endloop
  endfacet
  facet normal 0 -1 0
    outer loop
      vertex 0 0 23
      vertex 14.4978 0 15.347
      vertex 15.1571 0 15.3802
    endloop
  endfacet
  facet normal 0 -1 0
    outer loop
      vertex 0 0 23
      vertex 13.9195 0 15.2473
      vertex 14.4978 0 15.347
    endloop
  endfacet
  facet normal 0 -1 0
    outer loop
      vertex 0 0 23
      vertex 13.4223 0 15.0812
      vertex 13.9195 0 15.2473
    endloop
  endfacet
  facet normal 0 -1 0
    outer loop
      vertex 0 0 23
      vertex 13.0061 0 14.8486
      vertex 13.4223 0 15.0812
    endloop
  endfacet
  facet normal 0 -1 0
    outer loop
      vertex 0 0 23
      vertex 12.6774 0 14.5546
      vertex 13.0061 0 14.8486
    endloop
  endfacet
  facet normal 0 -1 0
    outer loop
      vertex 0 0 23
      vertex 12.4426 0 14.2044
      vertex 12.6774 0 14.5546
    endloop
  endfacet
  facet normal 0 -1 0
    outer loop
      vertex 0 0 23
      vertex 12.3017 0 13.7979
      vertex 12.4426 0 14.2044
    endloop
  endfacet
  facet normal 0 -1 0
    outer loop
      vertex 0 0 23
      vertex 12.2547 0 13.3351
      vertex 12.3017 0 13.7979
    endloop
  endfacet
  facet normal 0 -1 0
    outer loop
      vertex 0 0 23
      vertex 12.2637 0 13.1268
      vertex 12.2547 0 13.3351
    endloop
  endfacet
  facet normal 0 -1 0
    outer loop
      vertex 11.8967 0 9.45619
      vertex 12.2637 0 13.1268
      vertex 0 0 23
    endloop
  endfacet
  facet normal 0 -1 -0
    outer loop
      vertex 12.2637 0 13.1268
      vertex 11.8967 0 9.45619
      vertex 12.2906 0 12.9308
    endloop
  endfacet
  facet normal 0 -1 -0
    outer loop
      vertex 12.2906 0 12.9308
      vertex 11.8967 0 9.45619
      vertex 12.3356 0 12.747
    endloop
  endfacet
  facet normal 0 -1 -0
    outer loop
      vertex 12.3356 0 12.747
      vertex 11.8967 0 9.45619
      vertex 12.3985 0 12.5755
    endloop
  endfacet
  facet normal 0 -1 -0
    outer loop
      vertex 12.3985 0 12.5755
      vertex 11.8967 0 9.45619
      vertex 12.4783 0 12.4153
    endloop
  endfacet
  facet normal 0 -1 -0
    outer loop
      vertex 12.4783 0 12.4153
      vertex 11.8967 0 9.45619
      vertex 12.5741 0 12.2656
    endloop
  endfacet
  facet normal 0 -1 -0
    outer loop
      vertex 12.5741 0 12.2656
      vertex 11.8967 0 9.45619
      vertex 12.6859 0 12.1264
    endloop
  endfacet
  facet normal 0 -1 0
    outer loop
      vertex 14.7133 0 8.34253
      vertex 15.1839 0 11.0901
      vertex 14.9293 0 11.1487
    endloop
  endfacet
  facet normal 0 -1 -0
    outer loop
      vertex 15.1839 0 11.0901
      vertex 14.7133 0 8.34253
      vertex 15.427 0 11.0334
    endloop
  endfacet
  facet normal 0 -1 0
    outer loop
      vertex 15.1734 0 8.32234
      vertex 15.427 0 11.0334
      vertex 14.7133 0 8.34253
    endloop
  endfacet
  facet normal -0 -1 0
    outer loop
      vertex 15.6465 0 8.34387
      vertex 15.6586 0 10.9788
      vertex 15.1734 0 8.32234
    endloop
  endfacet
  facet normal 0 -1 0
    outer loop
      vertex 13.9456 0 8.50392
      vertex 14.9293 0 11.1487
      vertex 14.5036 0 11.2491
    endloop
  endfacet
  facet normal 0 -1 -0
    outer loop
      vertex 15.6586 0 10.9788
      vertex 15.6465 0 8.34387
      vertex 15.8786 0 10.9263
    endloop
  endfacet
  facet normal 0 -1 -0
    outer loop
      vertex 15.8786 0 10.9263
      vertex 15.6465 0 8.34387
      vertex 16.0854 0 10.8717
    endloop
  endfacet
  facet normal -0 -1 0
    outer loop
      vertex 16.0624 0 8.40846
      vertex 16.0854 0 10.8717
      vertex 15.6465 0 8.34387
    endloop
  endfacet
  facet normal 0 -1 0
    outer loop
      vertex 12.9003 0 9.65691
      vertex 14.5036 0 11.2491
      vertex 14.1325 0 11.3495
    endloop
  endfacet
  facet normal 0 -1 -0
    outer loop
      vertex 16.0854 0 10.8717
      vertex 16.0624 0 8.40846
      vertex 16.2774 0 10.811
    endloop
  endfacet
  facet normal -0 -1 0
    outer loop
      vertex 16.421 0 8.51611
      vertex 16.2774 0 10.811
      vertex 16.0624 0 8.40846
    endloop
  endfacet
  facet normal 0 -1 0
    outer loop
      vertex 16.2774 0 10.811
      vertex 16.421 0 8.51611
      vertex 16.4543 0 10.7442
    endloop
  endfacet
  facet normal 0 -1 0
    outer loop
      vertex 12.9003 0 9.65691
      vertex 14.1325 0 11.3495
      vertex 13.8159 0 11.4498
    endloop
  endfacet
  facet normal 0 -1 -0
    outer loop
      vertex 16.4543 0 10.7442
      vertex 16.421 0 8.51611
      vertex 16.6164 0 10.6713
    endloop
  endfacet
  facet normal -0 -1 0
    outer loop
      vertex 16.7222 0 8.66682
      vertex 16.6164 0 10.6713
      vertex 16.421 0 8.51611
    endloop
  endfacet
  facet normal 0 -1 0
    outer loop
      vertex 12.9003 0 9.65691
      vertex 13.8159 0 11.4498
      vertex 13.554 0 11.5502
    endloop
  endfacet
  facet normal -0 -1 0
    outer loop
      vertex 17.2674 0 9.67859
      vertex 16.6164 0 10.6713
      vertex 16.7222 0 8.66682
    endloop
  endfacet
  facet normal 0 -1 0
    outer loop
      vertex 16.6164 0 10.6713
      vertex 17.2674 0 9.67859
      vertex 16.7624 0 10.5903
    endloop
  endfacet
  facet normal 0 -1 0
    outer loop
      vertex 16.7624 0 10.5903
      vertex 17.2674 0 9.67859
      vertex 16.8911 0 10.4991
    endloop
  endfacet
  facet normal 0 -1 0
    outer loop
      vertex 12.9003 0 9.65691
      vertex 13.554 0 11.5502
      vertex 13.3318 0 11.6534
    endloop
  endfacet
  facet normal 0 -1 0
    outer loop
      vertex 14.5036 0 11.2491
      vertex 12.9003 0 9.65691
      vertex 13.0115 0 9.33531
    endloop
  endfacet
  facet normal 0 -1 -0
    outer loop
      vertex 13.1343 0 11.7624
      vertex 12.9003 0 9.65691
      vertex 13.3318 0 11.6534
    endloop
  endfacet
  facet normal 0 -1 -0
    outer loop
      vertex 12.9615 0 11.8772
      vertex 12.9003 0 9.65691
      vertex 13.1343 0 11.7624
    endloop
  endfacet
  facet normal 0 -1 0
    outer loop
      vertex 11.8967 0 9.45619
      vertex 12.9615 0 11.8772
      vertex 12.8135 0 11.9977
    endloop
  endfacet
  facet normal 0 -1 -0
    outer loop
      vertex 12.6859 0 12.1264
      vertex 11.8967 0 9.45619
      vertex 12.8135 0 11.9977
    endloop
  endfacet
  facet normal 0 -1 0
    outer loop
      vertex 12.9615 0 11.8772
      vertex 11.8967 0 9.45619
      vertex 12.9003 0 9.65691
    endloop
  endfacet
  facet normal 0 -1 0
    outer loop
      vertex 0 0 0
      vertex 11.8967 0 9.45619
      vertex 0 0 23
    endloop
  endfacet
  facet normal 0 -1 -0
    outer loop
      vertex 20.7614 0 7.54404
      vertex 0 0 0
      vertex 21.2118 0 7.51402
    endloop
  endfacet
  facet normal 0 -1 -0
    outer loop
      vertex 21.2118 0 7.51402
      vertex 0 0 0
      vertex 39.2598 0 7.51402
    endloop
  endfacet
  facet normal 0 -1 -0
    outer loop
      vertex 39.2598 0 7.51402
      vertex 0 0 0
      vertex 55.6186 0 7.51402
    endloop
  endfacet
  facet normal 0 -1 0
    outer loop
      vertex 100 0 0
      vertex 55.6186 0 7.51402
      vertex 0 0 0
    endloop
  endfacet
  facet normal 0 -1 0
    outer loop
      vertex 55.6186 0 7.51402
      vertex 100 0 0
      vertex 61.8939 0 7.51402
    endloop
  endfacet
  facet normal 0 -1 0
    outer loop
      vertex 61.8939 0 7.51402
      vertex 100 0 0
      vertex 73.6397 0 7.51402
    endloop
  endfacet
  facet normal 0 -1 -0
    outer loop
      vertex 13.8853 0 7.63541
      vertex 0 0 0
      vertex 15.1354 0 7.51402
    endloop
  endfacet
  facet normal 0 -1 -0
    outer loop
      vertex 12.9288 0 7.99957
      vertex 0 0 0
      vertex 13.8853 0 7.63541
    endloop
  endfacet
  facet normal 0 -1 -0
    outer loop
      vertex 12.2659 0 8.60649
      vertex 0 0 0
      vertex 12.9288 0 7.99957
    endloop
  endfacet
  facet normal 0 -1 -0
    outer loop
      vertex 11.8967 0 9.45619
      vertex 0 0 0
      vertex 12.2659 0 8.60649
    endloop
  endfacet
  facet normal 0 -1 0
    outer loop
      vertex 55.5697 0 15.3802
      vertex 0 0 23
      vertex 32.4238 0 15.6732
    endloop
  endfacet
  facet normal 0 -1 0
    outer loop
      vertex 0 0 23
      vertex 55.5697 0 15.3802
      vertex 100 0 23
    endloop
  endfacet
  facet normal 0 -1 0
    outer loop
      vertex 67.4077 0 15.6732
      vertex 100 0 23
      vertex 66.4312 0 15.6732
    endloop
  endfacet
  facet normal 0 -1 0
    outer loop
      vertex 68.8419 0 15.6732
      vertex 100 0 23
      vertex 67.4077 0 15.6732
    endloop
  endfacet
  facet normal 0 -1 0
    outer loop
      vertex 69.8184 0 15.6732
      vertex 100 0 23
      vertex 68.8419 0 15.6732
    endloop
  endfacet
  facet normal 0 -1 0
    outer loop
      vertex 74.7338 0 13.4059
      vertex 69.8184 0 15.6732
      vertex 73.6017 0 13.6008
    endloop
  endfacet
  facet normal 0 -1 0
    outer loop
      vertex 69.8184 0 15.6732
      vertex 79.6363 0 13.6008
      vertex 100 0 23
    endloop
  endfacet
  facet normal 0 -1 0
    outer loop
      vertex 80.2646 0 13.5545
      vertex 100 0 23
      vertex 79.6363 0 13.6008
    endloop
  endfacet
  facet normal 0 -1 0
    outer loop
      vertex 86.6205 0 13.5708
      vertex 100 0 23
      vertex 86.17 0 13.6008
    endloop
  endfacet
  facet normal 0 -1 0
    outer loop
      vertex 87.0061 0 13.4808
      vertex 100 0 23
      vertex 86.6205 0 13.5708
    endloop
  endfacet
  facet normal 0 -1 0
    outer loop
      vertex 87.327 0 13.3308
      vertex 100 0 23
      vertex 87.0061 0 13.4808
    endloop
  endfacet
  facet normal 0 -1 0
    outer loop
      vertex 87.5832 0 13.1207
      vertex 100 0 23
      vertex 87.327 0 13.3308
    endloop
  endfacet
  facet normal 0 -1 0
    outer loop
      vertex 87.779 0 12.8415
      vertex 100 0 23
      vertex 87.5832 0 13.1207
    endloop
  endfacet
  facet normal 0 -1 0
    outer loop
      vertex 87.9189 0 12.484
      vertex 100 0 23
      vertex 87.779 0 12.8415
    endloop
  endfacet
  facet normal 0 -1 0
    outer loop
      vertex 88.0028 0 12.0481
      vertex 100 0 23
      vertex 87.9189 0 12.484
    endloop
  endfacet
  facet normal 0 -1 0
    outer loop
      vertex 88.0308 0 11.5339
      vertex 100 0 23
      vertex 88.0028 0 12.0481
    endloop
  endfacet
  facet normal 0 -1 0
    outer loop
      vertex 100 0 0
      vertex 88.0308 0 11.5339
      vertex 88.0308 0 7.62251
    endloop
  endfacet
  facet normal 0 -1 0
    outer loop
      vertex 100 0 0
      vertex 80.211 0 7.56116
      vertex 79.6037 0 7.51402
    endloop
  endfacet
  facet normal 0 -1 0
    outer loop
      vertex 73.6397 0 7.51402
      vertex 100 0 0
      vertex 79.6037 0 7.51402
    endloop
  endfacet
  facet normal 0 -1 0
    outer loop
      vertex 88.0308 0 11.5339
      vertex 100 0 0
      vertex 100 0 23
    endloop
  endfacet
  facet normal 0 -1 0
    outer loop
      vertex 87.0488 0 7.62251
      vertex 100 0 0
      vertex 88.0308 0 7.62251
    endloop
  endfacet
  facet normal 0 -1 0
    outer loop
      vertex 16.3059 0 15.2805
      vertex 0 0 23
      vertex 15.7698 0 15.3553
    endloop
  endfacet
  facet normal 0 -1 0
    outer loop
      vertex 0 0 23
      vertex 16.3059 0 15.2805
      vertex 31.4474 0 15.6732
    endloop
  endfacet
  facet normal 0 -1 0
    outer loop
      vertex 16.7653 0 15.1559
      vertex 31.4474 0 15.6732
      vertex 16.3059 0 15.2805
    endloop
  endfacet
  facet normal 0 -1 0
    outer loop
      vertex 17.1481 0 14.9814
      vertex 31.4474 0 15.6732
      vertex 16.7653 0 15.1559
    endloop
  endfacet
  facet normal 0 -1 0
    outer loop
      vertex 27.9461 0 13.5851
      vertex 17.1481 0 14.9814
      vertex 17.4668 0 14.747
    endloop
  endfacet
  facet normal 0 -1 0
    outer loop
      vertex 27.9461 0 13.5851
      vertex 17.4668 0 14.747
      vertex 17.734 0 14.4424
    endloop
  endfacet
  facet normal 0 -1 0
    outer loop
      vertex 27.9461 0 13.5851
      vertex 17.734 0 14.4424
      vertex 17.9496 0 14.0676
    endloop
  endfacet
  facet normal 0 -1 0
    outer loop
      vertex 19.351 0 13.4923
      vertex 17.9496 0 14.0676
      vertex 18.1138 0 13.6226
    endloop
  endfacet
  facet normal 0 -1 0
    outer loop
      vertex 17.1481 0 14.9814
      vertex 27.9461 0 13.5851
      vertex 31.4474 0 15.6732
    endloop
  endfacet
  facet normal 0 -1 0
    outer loop
      vertex 28.7113 0 13.5708
      vertex 31.4474 0 15.6732
      vertex 28.2609 0 13.6008
    endloop
  endfacet
  facet normal 0 -1 0
    outer loop
      vertex 29.097 0 13.4808
      vertex 31.4474 0 15.6732
      vertex 28.7113 0 13.5708
    endloop
  endfacet
  facet normal 0 -1 0
    outer loop
      vertex 29.4179 0 13.3308
      vertex 31.4474 0 15.6732
      vertex 29.097 0 13.4808
    endloop
  endfacet
  facet normal 0 -1 0
    outer loop
      vertex 29.674 0 13.1207
      vertex 31.4474 0 15.6732
      vertex 29.4179 0 13.3308
    endloop
  endfacet
  facet normal 0 -1 0
    outer loop
      vertex 29.8699 0 12.8415
      vertex 31.4474 0 15.6732
      vertex 29.674 0 13.1207
    endloop
  endfacet
  facet normal 0 -1 0
    outer loop
      vertex 30.0097 0 12.484
      vertex 31.4474 0 15.6732
      vertex 29.8699 0 12.8415
    endloop
  endfacet
  facet normal 0 -1 0
    outer loop
      vertex 30.0937 0 12.0481
      vertex 31.4474 0 15.6732
      vertex 30.0097 0 12.484
    endloop
  endfacet
  facet normal 0 -1 0
    outer loop
      vertex 30.1216 0 11.5339
      vertex 31.4474 0 15.6732
      vertex 30.0937 0 12.0481
    endloop
  endfacet
  facet normal 0 -1 0
    outer loop
      vertex 31.4474 0 7.62251
      vertex 30.1216 0 11.5339
      vertex 30.1216 0 7.62251
    endloop
  endfacet
  facet normal 0 -1 0
    outer loop
      vertex 30.1216 0 11.5339
      vertex 31.4474 0 7.62251
      vertex 31.4474 0 15.6732
    endloop
  endfacet
  facet normal 0 -1 0
    outer loop
      vertex 56.1746 0 15.3535
      vertex 66.4312 0 15.6732
      vertex 55.5697 0 15.3802
    endloop
  endfacet
  facet normal 0 -1 0
    outer loop
      vertex 56.7198 0 15.2731
      vertex 66.4312 0 15.6732
      vertex 56.1746 0 15.3535
    endloop
  endfacet
  facet normal 0 -1 0
    outer loop
      vertex 57.2053 0 15.1392
      vertex 66.4312 0 15.6732
      vertex 56.7198 0 15.2731
    endloop
  endfacet
  facet normal 0 -1 0
    outer loop
      vertex 57.6312 0 14.9517
      vertex 66.4312 0 15.6732
      vertex 57.2053 0 15.1392
    endloop
  endfacet
  facet normal 0 -1 0
    outer loop
      vertex 58.0045 0 14.7052
      vertex 66.4312 0 15.6732
      vertex 57.6312 0 14.9517
    endloop
  endfacet
  facet normal 0 -1 0
    outer loop
      vertex 62.7348 0 13.6008
      vertex 58.0045 0 14.7052
      vertex 58.3324 0 14.3943
    endloop
  endfacet
  facet normal 0 -1 0
    outer loop
      vertex 62.7348 0 13.6008
      vertex 58.3324 0 14.3943
      vertex 58.6148 0 14.0189
    endloop
  endfacet
  facet normal 0 -1 0
    outer loop
      vertex 58.0045 0 14.7052
      vertex 62.7348 0 13.6008
      vertex 66.4312 0 15.6732
    endloop
  endfacet
  facet normal 0 -1 0
    outer loop
      vertex 63.2539 0 13.5691
      vertex 66.4312 0 15.6732
      vertex 62.7348 0 13.6008
    endloop
  endfacet
  facet normal 0 -1 0
    outer loop
      vertex 63.7045 0 13.474
      vertex 66.4312 0 15.6732
      vertex 63.2539 0 13.5691
    endloop
  endfacet
  facet normal 0 -1 0
    outer loop
      vertex 64.0866 0 13.3155
      vertex 66.4312 0 15.6732
      vertex 63.7045 0 13.474
    endloop
  endfacet
  facet normal 0 -1 0
    outer loop
      vertex 64.4002 0 13.0935
      vertex 66.4312 0 15.6732
      vertex 64.0866 0 13.3155
    endloop
  endfacet
  facet normal 0 -1 0
    outer loop
      vertex 64.6447 0 12.8116
      vertex 66.4312 0 15.6732
      vertex 64.4002 0 13.0935
    endloop
  endfacet
  facet normal 0 -1 0
    outer loop
      vertex 64.8193 0 12.4731
      vertex 66.4312 0 15.6732
      vertex 64.6447 0 12.8116
    endloop
  endfacet
  facet normal 0 -1 0
    outer loop
      vertex 64.9241 0 12.0779
      vertex 66.4312 0 15.6732
      vertex 64.8193 0 12.4731
    endloop
  endfacet
  facet normal 0 -1 0
    outer loop
      vertex 64.959 0 11.6262
      vertex 66.4312 0 15.6732
      vertex 64.9241 0 12.0779
    endloop
  endfacet
  facet normal 0 -1 0
    outer loop
      vertex 65.827 0 8.26266
      vertex 64.959 0 11.6262
      vertex 64.959 0 9.09811
    endloop
  endfacet
  facet normal 0 -1 0
    outer loop
      vertex 65.827 0 8.26266
      vertex 64.959 0 9.09811
      vertex 64.9662 0 8.8945
    endloop
  endfacet
  facet normal 0 -1 0
    outer loop
      vertex 65.7399 0 8.24605
      vertex 64.9662 0 8.8945
      vertex 64.9875 0 8.71767
    endloop
  endfacet
  facet normal 0 -1 0
    outer loop
      vertex 65.5799 0 8.22704
      vertex 64.9875 0 8.71767
      vertex 65.0231 0 8.56761
    endloop
  endfacet
  facet normal 0 -1 0
    outer loop
      vertex 65.3599 0 8.2384
      vertex 65.0231 0 8.56761
      vertex 65.073 0 8.44435
    endloop
  endfacet
  facet normal 0 -1 0
    outer loop
      vertex 65.2385 0 8.27959
      vertex 65.073 0 8.44435
      vertex 65.1428 0 8.34824
    endloop
  endfacet
  facet normal 0 -1 0
    outer loop
      vertex 65.073 0 8.44435
      vertex 65.2385 0 8.27959
      vertex 65.3599 0 8.2384
    endloop
  endfacet
  facet normal 0 -1 0
    outer loop
      vertex 66.4312 0 7.62251
      vertex 64.959 0 11.6262
      vertex 65.827 0 8.26266
    endloop
  endfacet
  facet normal 0 -1 0
    outer loop
      vertex 66.4312 0 7.62251
      vertex 65.827 0 8.26266
      vertex 65.827 0 7.65508
    endloop
  endfacet
  facet normal 0 -1 0
    outer loop
      vertex 64.959 0 11.6262
      vertex 66.4312 0 7.62251
      vertex 66.4312 0 15.6732
    endloop
  endfacet
  facet normal 0 -1 0
    outer loop
      vertex 65.2646 0 7.5737
      vertex 66.4312 0 7.62251
      vertex 65.4541 0 7.58997
    endloop
  endfacet
  facet normal 0 -1 -0
    outer loop
      vertex 66.4312 0 7.62251
      vertex 65.2646 0 7.5737
      vertex 67.4077 0 7.62251
    endloop
  endfacet
  facet normal 0 -1 0
    outer loop
      vertex 65.4541 0 7.58997
      vertex 66.4312 0 7.62251
      vertex 65.6416 0 7.6171
    endloop
  endfacet
  facet normal 0 -1 0
    outer loop
      vertex 65.6416 0 7.6171
      vertex 66.4312 0 7.62251
      vertex 65.827 0 7.65508
    endloop
  endfacet
  facet normal 0 -1 0
    outer loop
      vertex 46.5916 0 13.4808
      vertex 53.3146 0 14.8065
      vertex 46.2059 0 13.5708
    endloop
  endfacet
  facet normal 0 -1 0
    outer loop
      vertex 53.3146 0 14.8065
      vertex 46.5916 0 13.4808
      vertex 52.765 0 14.3603
    endloop
  endfacet
  facet normal 0 -1 0
    outer loop
      vertex 46.9125 0 13.3308
      vertex 52.765 0 14.3603
      vertex 46.5916 0 13.4808
    endloop
  endfacet
  facet normal 0 -1 0
    outer loop
      vertex 52.765 0 14.3603
      vertex 46.9125 0 13.3308
      vertex 52.3283 0 13.7978
    endloop
  endfacet
  facet normal 0 -1 0
    outer loop
      vertex 47.1686 0 13.1207
      vertex 52.3283 0 13.7978
      vertex 46.9125 0 13.3308
    endloop
  endfacet
  facet normal 0 -1 0
    outer loop
      vertex 52.3283 0 13.7978
      vertex 47.1686 0 13.1207
      vertex 52.0163 0 13.1302
    endloop
  endfacet
  facet normal 0 -1 0
    outer loop
      vertex 47.3645 0 12.8415
      vertex 52.0163 0 13.1302
      vertex 47.1686 0 13.1207
    endloop
  endfacet
  facet normal 0 -1 0
    outer loop
      vertex 47.5043 0 12.484
      vertex 52.0163 0 13.1302
      vertex 47.3645 0 12.8415
    endloop
  endfacet
  facet normal 0 -1 0
    outer loop
      vertex 47.5043 0 12.484
      vertex 51.8292 0 12.3575
      vertex 52.0163 0 13.1302
    endloop
  endfacet
  facet normal 0 -1 0
    outer loop
      vertex 47.5883 0 12.0481
      vertex 51.8292 0 12.3575
      vertex 47.5043 0 12.484
    endloop
  endfacet
  facet normal 0 -1 0
    outer loop
      vertex 51.7668 0 11.4797
      vertex 47.5883 0 12.0481
      vertex 47.6162 0 11.5339
    endloop
  endfacet
  facet normal 0 -1 0
    outer loop
      vertex 47.5883 0 12.0481
      vertex 51.7668 0 11.4797
      vertex 51.8292 0 12.3575
    endloop
  endfacet
  facet normal 0 -1 0
    outer loop
      vertex 47.6162 0 11.5339
      vertex 51.7955 0 10.8919
      vertex 51.7668 0 11.4797
    endloop
  endfacet
  facet normal 0 -1 0
    outer loop
      vertex 47.6162 0 11.5339
      vertex 51.8814 0 10.3438
      vertex 51.7955 0 10.8919
    endloop
  endfacet
  facet normal 0 -1 0
    outer loop
      vertex 47.6162 0 7.62251
      vertex 51.8814 0 10.3438
      vertex 47.6162 0 11.5339
    endloop
  endfacet
  facet normal 0 -1 -0
    outer loop
      vertex 51.8814 0 10.3438
      vertex 47.6162 0 7.62251
      vertex 52.0246 0 9.83542
    endloop
  endfacet
  facet normal 0 -1 -0
    outer loop
      vertex 52.0246 0 9.83542
      vertex 47.6162 0 7.62251
      vertex 52.2252 0 9.36667
    endloop
  endfacet
  facet normal 0 -1 -0
    outer loop
      vertex 52.2252 0 9.36667
      vertex 47.6162 0 7.62251
      vertex 52.48 0 8.94402
    endloop
  endfacet
  facet normal 0 -1 -0
    outer loop
      vertex 52.48 0 8.94402
      vertex 47.6162 0 7.62251
      vertex 52.786 0 8.57393
    endloop
  endfacet
  facet normal 0 -1 -0
    outer loop
      vertex 52.786 0 8.57393
      vertex 47.6162 0 7.62251
      vertex 53.1432 0 8.25638
    endloop
  endfacet
  facet normal 0 -1 -0
    outer loop
      vertex 53.1432 0 8.25638
      vertex 47.6162 0 7.62251
      vertex 53.5516 0 7.99139
    endloop
  endfacet
  facet normal 0 -1 0
    outer loop
      vertex 47.6162 0 7.62251
      vertex 54.0063 0 7.78255
      vertex 53.5516 0 7.99139
    endloop
  endfacet
  facet normal 0 -1 0
    outer loop
      vertex 47.6162 0 7.62251
      vertex 54.5023 0 7.63336
      vertex 54.0063 0 7.78255
    endloop
  endfacet
  facet normal 0 -1 -0
    outer loop
      vertex 46.6343 0 7.62251
      vertex 39.2598 0 7.51402
      vertex 47.6162 0 7.62251
    endloop
  endfacet
  facet normal 0 -1 0
    outer loop
      vertex 47.6162 0 7.62251
      vertex 55.0398 0 7.54387
      vertex 54.5023 0 7.63336
    endloop
  endfacet
  facet normal 0 -1 0
    outer loop
      vertex 55.6186 0 7.51402
      vertex 47.6162 0 7.62251
      vertex 39.2598 0 7.51402
    endloop
  endfacet
  facet normal 0 -1 0
    outer loop
      vertex 47.6162 0 7.62251
      vertex 55.6186 0 7.51402
      vertex 55.0398 0 7.54387
    endloop
  endfacet
  facet normal 0 -1 0
    outer loop
      vertex 17.9496 0 14.0676
      vertex 20.3329 0 13.4923
      vertex 23.0617 0 13.4923
    endloop
  endfacet
  facet normal 0 -1 0
    outer loop
      vertex 17.9496 0 14.0676
      vertex 24.0382 0 13.4923
      vertex 27.9461 0 13.5851
    endloop
  endfacet
  facet normal 0 -1 0
    outer loop
      vertex 25.4019 0 13.4923
      vertex 27.9461 0 13.5851
      vertex 24.0382 0 13.4923
    endloop
  endfacet
  facet normal 0 -1 0
    outer loop
      vertex 26.3242 0 13.4923
      vertex 27.9461 0 13.5851
      vertex 25.4019 0 13.4923
    endloop
  endfacet
  facet normal 0 -1 0
    outer loop
      vertex 27.9461 0 13.5851
      vertex 26.3242 0 13.4923
      vertex 27.658 0 13.5378
    endloop
  endfacet
  facet normal 0 -1 0
    outer loop
      vertex 26.9478 0 13.2002
      vertex 26.3242 0 13.4923
      vertex 26.3269 0 13.473
    endloop
  endfacet
  facet normal 0 -1 0
    outer loop
      vertex 26.3242 0 13.4923
      vertex 27.3967 0 13.4589
      vertex 27.658 0 13.5378
    endloop
  endfacet
  facet normal 0 -1 0
    outer loop
      vertex 26.9478 0 13.2002
      vertex 26.3269 0 13.473
      vertex 26.3296 0 13.4422
    endloop
  endfacet
  facet normal 0 -1 0
    outer loop
      vertex 26.9478 0 13.2002
      vertex 26.3296 0 13.4422
      vertex 26.3323 0 13.3998
    endloop
  endfacet
  facet normal 0 -1 0
    outer loop
      vertex 26.3242 0 13.4923
      vertex 27.1623 0 13.3486
      vertex 27.3967 0 13.4589
    endloop
  endfacet
  facet normal 0 -1 0
    outer loop
      vertex 26.9478 0 13.2002
      vertex 26.3323 0 13.3998
      vertex 26.335 0 13.3459
    endloop
  endfacet
  facet normal 0 -1 0
    outer loop
      vertex 26.9478 0 13.2002
      vertex 26.335 0 13.3459
      vertex 26.3379 0 13.284
    endloop
  endfacet
  facet normal 0 -1 0
    outer loop
      vertex 26.7466 0 13.0075
      vertex 26.3379 0 13.284
      vertex 26.3411 0 13.2177
    endloop
  endfacet
  facet normal 0 -1 0
    outer loop
      vertex 26.3242 0 13.4923
      vertex 26.9478 0 13.2002
      vertex 27.1623 0 13.3486
    endloop
  endfacet
  facet normal 0 -1 0
    outer loop
      vertex 26.7466 0 13.0075
      vertex 26.3411 0 13.2177
      vertex 26.3447 0 13.147
    endloop
  endfacet
  facet normal 0 -1 0
    outer loop
      vertex 26.7466 0 13.0075
      vertex 26.3447 0 13.147
      vertex 26.3486 0 13.0719
    endloop
  endfacet
  facet normal 0 -1 0
    outer loop
      vertex 26.3379 0 13.284
      vertex 26.7466 0 13.0075
      vertex 26.9478 0 13.2002
    endloop
  endfacet
  facet normal 0 -1 0
    outer loop
      vertex 26.3528 0 12.9774
      vertex 26.7466 0 13.0075
      vertex 26.3486 0 13.0719
    endloop
  endfacet
  facet normal 0 -1 0
    outer loop
      vertex 26.5586 0 12.7703
      vertex 26.3528 0 12.9774
      vertex 26.3574 0 12.8488
    endloop
  endfacet
  facet normal 0 -1 0
    outer loop
      vertex 26.3528 0 12.9774
      vertex 26.5586 0 12.7703
      vertex 26.7466 0 13.0075
    endloop
  endfacet
  facet normal 0 -1 0
    outer loop
      vertex 26.3623 0 12.6859
      vertex 26.5586 0 12.7703
      vertex 26.3574 0 12.8488
    endloop
  endfacet
  facet normal 0 -1 0
    outer loop
      vertex 26.3839 0 12.4887
      vertex 26.3623 0 12.6859
      vertex 26.3676 0 12.4887
    endloop
  endfacet
  facet normal 0 -1 0
    outer loop
      vertex 26.3623 0 12.6859
      vertex 26.3839 0 12.4887
      vertex 26.5586 0 12.7703
    endloop
  endfacet
  facet normal 0 -1 0
    outer loop
      vertex 32.4238 0 15.6732
      vertex 36.1454 0 13.4923
      vertex 38.6262 0 13.5523
    endloop
  endfacet
  facet normal 0 -1 0
    outer loop
      vertex 36.1454 0 13.4923
      vertex 38.1036 0 13.4069
      vertex 38.6262 0 13.5523
    endloop
  endfacet
  facet normal 0 -1 0
    outer loop
      vertex 36.1454 0 13.4923
      vertex 37.6538 0 13.1644
      vertex 38.1036 0 13.4069
    endloop
  endfacet
  facet normal 0 -1 0
    outer loop
      vertex 36.1454 0 13.4923
      vertex 37.2769 0 12.8251
      vertex 37.6538 0 13.1644
    endloop
  endfacet
  facet normal 0 -1 0
    outer loop
      vertex 36.1454 0 13.4923
      vertex 36.9791 0 12.3948
      vertex 37.2769 0 12.8251
    endloop
  endfacet
  facet normal 0 -1 0
    outer loop
      vertex 36.1454 0 13.4923
      vertex 36.7663 0 11.8797
      vertex 36.9791 0 12.3948
    endloop
  endfacet
  facet normal 0 -1 0
    outer loop
      vertex 33.7638 0 10.9697
      vertex 36.7663 0 11.8797
      vertex 36.1454 0 13.4923
    endloop
  endfacet
  facet normal 0 -1 0
    outer loop
      vertex 36.7663 0 11.8797
      vertex 33.7638 0 10.9697
      vertex 36.6387 0 11.28
    endloop
  endfacet
  facet normal 0 -1 0
    outer loop
      vertex 33.7638 0 10.9697
      vertex 36.5961 0 10.5954
      vertex 36.6387 0 11.28
    endloop
  endfacet
  facet normal 0 -1 0
    outer loop
      vertex 33.7638 0 10.9697
      vertex 36.6387 0 9.87759
      vertex 36.5961 0 10.5954
    endloop
  endfacet
  facet normal 0 -1 0
    outer loop
      vertex 33.7638 0 10.9697
      vertex 36.7663 0 9.25407
      vertex 36.6387 0 9.87759
    endloop
  endfacet
  facet normal 0 -1 0
    outer loop
      vertex 36.2702 0 7.62251
      vertex 36.7663 0 9.25407
      vertex 33.7638 0 10.9697
    endloop
  endfacet
  facet normal 0 -1 -0
    outer loop
      vertex 36.7663 0 9.25407
      vertex 36.2702 0 7.62251
      vertex 36.9791 0 8.72479
    endloop
  endfacet
  facet normal 0 -1 -0
    outer loop
      vertex 36.9791 0 8.72479
      vertex 36.2702 0 7.62251
      vertex 37.2769 0 8.28979
    endloop
  endfacet
  facet normal 0 -1 -0
    outer loop
      vertex 37.2769 0 8.28979
      vertex 36.2702 0 7.62251
      vertex 37.6562 0 7.95039
    endloop
  endfacet
  facet normal 0 -1 0
    outer loop
      vertex 36.2702 0 7.62251
      vertex 38.1131 0 7.70796
      vertex 37.6562 0 7.95039
    endloop
  endfacet
  facet normal 0 -1 0
    outer loop
      vertex 36.2702 0 7.62251
      vertex 38.6476 0 7.56252
      vertex 38.1131 0 7.70796
    endloop
  endfacet
  facet normal 0 -1 0
    outer loop
      vertex 35.1255 0 7.62251
      vertex 38.6476 0 7.56252
      vertex 36.2702 0 7.62251
    endloop
  endfacet
  facet normal 0 -1 -0
    outer loop
      vertex 31.4474 0 7.62251
      vertex 21.2118 0 7.51402
      vertex 32.4238 0 7.62251
    endloop
  endfacet
  facet normal 0 -1 -0
    outer loop
      vertex 32.4238 0 7.62251
      vertex 21.2118 0 7.51402
      vertex 39.2598 0 7.51402
    endloop
  endfacet
  facet normal 0 -1 0
    outer loop
      vertex 32.4238 0 7.62251
      vertex 39.2598 0 7.51402
      vertex 38.6476 0 7.56252
    endloop
  endfacet
  facet normal 0 -1 0
    outer loop
      vertex 45.4407 0 13.5851
      vertex 43.8188 0 13.4923
      vertex 45.1526 0 13.5378
    endloop
  endfacet
  facet normal 0 -1 0
    outer loop
      vertex 44.4424 0 13.2002
      vertex 43.8188 0 13.4923
      vertex 43.8215 0 13.473
    endloop
  endfacet
  facet normal 0 -1 0
    outer loop
      vertex 43.8188 0 13.4923
      vertex 44.8914 0 13.4589
      vertex 45.1526 0 13.5378
    endloop
  endfacet
  facet normal 0 -1 0
    outer loop
      vertex 44.4424 0 13.2002
      vertex 43.8215 0 13.473
      vertex 43.8242 0 13.4422
    endloop
  endfacet
  facet normal 0 -1 0
    outer loop
      vertex 44.4424 0 13.2002
      vertex 43.8242 0 13.4422
      vertex 43.8269 0 13.3998
    endloop
  endfacet
  facet normal 0 -1 0
    outer loop
      vertex 43.8188 0 13.4923
      vertex 44.6569 0 13.3486
      vertex 44.8914 0 13.4589
    endloop
  endfacet
  facet normal 0 -1 0
    outer loop
      vertex 44.4424 0 13.2002
      vertex 43.8269 0 13.3998
      vertex 43.8296 0 13.3459
    endloop
  endfacet
  facet normal 0 -1 0
    outer loop
      vertex 44.4424 0 13.2002
      vertex 43.8296 0 13.3459
      vertex 43.8325 0 13.284
    endloop
  endfacet
  facet normal 0 -1 0
    outer loop
      vertex 44.2412 0 13.0075
      vertex 43.8325 0 13.284
      vertex 43.8357 0 13.2177
    endloop
  endfacet
  facet normal 0 -1 0
    outer loop
      vertex 43.8188 0 13.4923
      vertex 44.4424 0 13.2002
      vertex 44.6569 0 13.3486
    endloop
  endfacet
  facet normal 0 -1 0
    outer loop
      vertex 44.2412 0 13.0075
      vertex 43.8357 0 13.2177
      vertex 43.8393 0 13.147
    endloop
  endfacet
  facet normal 0 -1 0
    outer loop
      vertex 44.2412 0 13.0075
      vertex 43.8393 0 13.147
      vertex 43.8432 0 13.0719
    endloop
  endfacet
  facet normal 0 -1 0
    outer loop
      vertex 43.8325 0 13.284
      vertex 44.2412 0 13.0075
      vertex 44.4424 0 13.2002
    endloop
  endfacet
  facet normal 0 -1 0
    outer loop
      vertex 43.8474 0 12.9774
      vertex 44.2412 0 13.0075
      vertex 43.8432 0 13.0719
    endloop
  endfacet
  facet normal 0 -1 0
    outer loop
      vertex 44.0533 0 12.7703
      vertex 43.8474 0 12.9774
      vertex 43.852 0 12.8488
    endloop
  endfacet
  facet normal 0 -1 0
    outer loop
      vertex 43.8474 0 12.9774
      vertex 44.0533 0 12.7703
      vertex 44.2412 0 13.0075
    endloop
  endfacet
  facet normal 0 -1 0
    outer loop
      vertex 43.8569 0 12.6859
      vertex 44.0533 0 12.7703
      vertex 43.852 0 12.8488
    endloop
  endfacet
  facet normal 0 -1 0
    outer loop
      vertex 43.8785 0 12.4887
      vertex 43.8569 0 12.6859
      vertex 43.8622 0 12.4887
    endloop
  endfacet
  facet normal 0 -1 0
    outer loop
      vertex 43.8569 0 12.6859
      vertex 43.8785 0 12.4887
      vertex 44.0533 0 12.7703
    endloop
  endfacet
  facet normal 0 -1 0
    outer loop
      vertex 85.8552 0 13.5851
      vertex 84.2333 0 13.4923
      vertex 85.5671 0 13.5378
    endloop
  endfacet
  facet normal 0 -1 0
    outer loop
      vertex 84.857 0 13.2002
      vertex 84.2333 0 13.4923
      vertex 84.236 0 13.473
    endloop
  endfacet
  facet normal 0 -1 0
    outer loop
      vertex 84.2333 0 13.4923
      vertex 85.3059 0 13.4589
      vertex 85.5671 0 13.5378
    endloop
  endfacet
  facet normal 0 -1 0
    outer loop
      vertex 84.857 0 13.2002
      vertex 84.236 0 13.473
      vertex 84.2387 0 13.4422
    endloop
  endfacet
  facet normal 0 -1 0
    outer loop
      vertex 84.857 0 13.2002
      vertex 84.2387 0 13.4422
      vertex 84.2414 0 13.3998
    endloop
  endfacet
  facet normal 0 -1 0
    outer loop
      vertex 84.2333 0 13.4923
      vertex 85.0714 0 13.3486
      vertex 85.3059 0 13.4589
    endloop
  endfacet
  facet normal 0 -1 0
    outer loop
      vertex 84.857 0 13.2002
      vertex 84.2414 0 13.3998
      vertex 84.2441 0 13.3459
    endloop
  endfacet
  facet normal 0 -1 0
    outer loop
      vertex 84.857 0 13.2002
      vertex 84.2441 0 13.3459
      vertex 84.247 0 13.284
    endloop
  endfacet
  facet normal 0 -1 0
    outer loop
      vertex 84.6558 0 13.0075
      vertex 84.247 0 13.284
      vertex 84.2502 0 13.2177
    endloop
  endfacet
  facet normal 0 -1 0
    outer loop
      vertex 84.2333 0 13.4923
      vertex 84.857 0 13.2002
      vertex 85.0714 0 13.3486
    endloop
  endfacet
  facet normal 0 -1 0
    outer loop
      vertex 84.6558 0 13.0075
      vertex 84.2502 0 13.2177
      vertex 84.2538 0 13.147
    endloop
  endfacet
  facet normal 0 -1 0
    outer loop
      vertex 84.6558 0 13.0075
      vertex 84.2538 0 13.147
      vertex 84.2577 0 13.0719
    endloop
  endfacet
  facet normal 0 -1 0
    outer loop
      vertex 84.247 0 13.284
      vertex 84.6558 0 13.0075
      vertex 84.857 0 13.2002
    endloop
  endfacet
  facet normal 0 -1 0
    outer loop
      vertex 84.262 0 12.9774
      vertex 84.6558 0 13.0075
      vertex 84.2577 0 13.0719
    endloop
  endfacet
  facet normal 0 -1 0
    outer loop
      vertex 84.4678 0 12.7703
      vertex 84.262 0 12.9774
      vertex 84.2665 0 12.8488
    endloop
  endfacet
  facet normal 0 -1 0
    outer loop
      vertex 84.262 0 12.9774
      vertex 84.4678 0 12.7703
      vertex 84.6558 0 13.0075
    endloop
  endfacet
  facet normal 0 -1 0
    outer loop
      vertex 84.2714 0 12.6859
      vertex 84.4678 0 12.7703
      vertex 84.2665 0 12.8488
    endloop
  endfacet
  facet normal 0 -1 0
    outer loop
      vertex 84.293 0 12.4887
      vertex 84.2714 0 12.6859
      vertex 84.2767 0 12.4887
    endloop
  endfacet
  facet normal 0 -1 0
    outer loop
      vertex 84.2714 0 12.6859
      vertex 84.293 0 12.4887
      vertex 84.4678 0 12.7703
    endloop
  endfacet
  facet normal 0 -1 0
    outer loop
      vertex 23.0889 0 8.62611
      vertex 23.1104 0 8.42896
      vertex 23.1051 0 8.62611
    endloop
  endfacet
  facet normal 0 -1 0
    outer loop
      vertex 22.9141 0 8.34451
      vertex 23.1104 0 8.42896
      vertex 23.0889 0 8.62611
    endloop
  endfacet
  facet normal 0 -1 0
    outer loop
      vertex 22.9141 0 8.34451
      vertex 23.1153 0 8.26602
      vertex 23.1104 0 8.42896
    endloop
  endfacet
  facet normal 0 -1 0
    outer loop
      vertex 22.9141 0 8.34451
      vertex 23.1198 0 8.13734
      vertex 23.1153 0 8.26602
    endloop
  endfacet
  facet normal 0 -1 0
    outer loop
      vertex 22.7261 0 8.10735
      vertex 23.1198 0 8.13734
      vertex 22.9141 0 8.34451
    endloop
  endfacet
  facet normal 0 -1 0
    outer loop
      vertex 22.7261 0 8.10735
      vertex 23.1241 0 8.04291
      vertex 23.1198 0 8.13734
    endloop
  endfacet
  facet normal 0 -1 0
    outer loop
      vertex 22.7261 0 8.10735
      vertex 23.128 0 7.96783
      vertex 23.1241 0 8.04291
    endloop
  endfacet
  facet normal 0 -1 0
    outer loop
      vertex 23.1348 0 7.83087
      vertex 22.7261 0 8.10735
      vertex 22.5248 0 7.9146
    endloop
  endfacet
  facet normal 0 -1 0
    outer loop
      vertex 22.7261 0 8.10735
      vertex 23.1315 0 7.89714
      vertex 23.128 0 7.96783
    endloop
  endfacet
  facet normal 0 -1 0
    outer loop
      vertex 22.7261 0 8.10735
      vertex 23.1348 0 7.83087
      vertex 23.1315 0 7.89714
    endloop
  endfacet
  facet normal 0 -1 0
    outer loop
      vertex 22.5248 0 7.9146
      vertex 23.1377 0 7.76898
      vertex 23.1348 0 7.83087
    endloop
  endfacet
  facet normal 0 -1 0
    outer loop
      vertex 23.1485 0 7.62251
      vertex 22.5248 0 7.9146
      vertex 22.3104 0 7.76627
    endloop
  endfacet
  facet normal 0 -1 0
    outer loop
      vertex 22.5248 0 7.9146
      vertex 23.1404 0 7.71507
      vertex 23.1377 0 7.76898
    endloop
  endfacet
  facet normal 0 -1 0
    outer loop
      vertex 22.5248 0 7.9146
      vertex 23.1431 0 7.67268
      vertex 23.1404 0 7.71507
    endloop
  endfacet
  facet normal 0 -1 0
    outer loop
      vertex 23.1485 0 7.62251
      vertex 22.3104 0 7.76627
      vertex 22.0759 0 7.65591
    endloop
  endfacet
  facet normal 0 -1 0
    outer loop
      vertex 22.5248 0 7.9146
      vertex 23.1458 0 7.64183
      vertex 23.1431 0 7.67268
    endloop
  endfacet
  facet normal 0 -1 0
    outer loop
      vertex 22.5248 0 7.9146
      vertex 23.1485 0 7.62251
      vertex 23.1458 0 7.64183
    endloop
  endfacet
  facet normal 0 -1 0
    outer loop
      vertex 21.5266 0 7.52979
      vertex 23.1485 0 7.62251
      vertex 21.8147 0 7.57709
    endloop
  endfacet
  facet normal 0 -1 -0
    outer loop
      vertex 23.1485 0 7.62251
      vertex 21.5266 0 7.52979
      vertex 24.0708 0 7.62251
    endloop
  endfacet
  facet normal 0 -1 -0
    outer loop
      vertex 24.0708 0 7.62251
      vertex 21.5266 0 7.52979
      vertex 25.4344 0 7.62251
    endloop
  endfacet
  facet normal 0 -1 -0
    outer loop
      vertex 25.4344 0 7.62251
      vertex 21.5266 0 7.52979
      vertex 26.411 0 7.62251
    endloop
  endfacet
  facet normal 0 -1 0
    outer loop
      vertex 21.2118 0 7.51402
      vertex 26.411 0 7.62251
      vertex 21.5266 0 7.52979
    endloop
  endfacet
  facet normal 0 -1 -0
    outer loop
      vertex 26.411 0 7.62251
      vertex 21.2118 0 7.51402
      vertex 29.1397 0 7.62251
    endloop
  endfacet
  facet normal 0 -1 -0
    outer loop
      vertex 29.1397 0 7.62251
      vertex 21.2118 0 7.51402
      vertex 30.1216 0 7.62251
    endloop
  endfacet
  facet normal 0 -1 -0
    outer loop
      vertex 30.1216 0 7.62251
      vertex 21.2118 0 7.51402
      vertex 31.4474 0 7.62251
    endloop
  endfacet
  facet normal 0 -1 0
    outer loop
      vertex 32.4238 0 7.62251
      vertex 38.6476 0 7.56252
      vertex 35.1255 0 7.62251
    endloop
  endfacet
  facet normal 0 -1 0
    outer loop
      vertex 21.8147 0 7.57709
      vertex 23.1485 0 7.62251
      vertex 22.0759 0 7.65591
    endloop
  endfacet
  facet normal 0 -1 0
    outer loop
      vertex 64.9662 0 8.8945
      vertex 65.7399 0 8.24605
      vertex 65.827 0 8.26266
    endloop
  endfacet
  facet normal 0 -1 0
    outer loop
      vertex 65.0231 0 8.56761
      vertex 65.3599 0 8.2384
      vertex 65.507 0 8.22467
    endloop
  endfacet
  facet normal 0 -1 0
    outer loop
      vertex 64.9875 0 8.71767
      vertex 65.6576 0 8.23416
      vertex 65.7399 0 8.24605
    endloop
  endfacet
  facet normal 0 -1 0
    outer loop
      vertex 64.9875 0 8.71767
      vertex 65.5799 0 8.22704
      vertex 65.6576 0 8.23416
    endloop
  endfacet
  facet normal 0 -1 0
    outer loop
      vertex 65.0231 0 8.56761
      vertex 65.507 0 8.22467
      vertex 65.5799 0 8.22704
    endloop
  endfacet
  facet normal 0 -1 0
    outer loop
      vertex 39.2598 0 8.24635
      vertex 37.7258 0 9.45753
      vertex 37.8563 0 9.09708
    endloop
  endfacet
  facet normal 0 -1 0
    outer loop
      vertex 37.7258 0 9.45753
      vertex 39.5614 0 8.26228
      vertex 40.7951 0 9.14691
    endloop
  endfacet
  facet normal 0 -1 0
    outer loop
      vertex 38.8824 0 8.28059
      vertex 37.8563 0 9.09708
      vertex 38.0391 0 8.79427
    endloop
  endfacet
  facet normal -0 -1 0
    outer loop
      vertex 39.8314 0 8.31009
      vertex 40.7951 0 9.14691
      vertex 39.5614 0 8.26228
    endloop
  endfacet
  facet normal -0 -1 0
    outer loop
      vertex 40.2769 0 8.50131
      vertex 40.7951 0 9.14691
      vertex 39.8314 0 8.31009
    endloop
  endfacet
  facet normal 0 -1 0
    outer loop
      vertex 38.8824 0 8.28059
      vertex 38.0391 0 8.79427
      vertex 38.272 0 8.55455
    endloop
  endfacet
  facet normal 0 -1 0
    outer loop
      vertex 40.7951 0 9.14691
      vertex 40.4527 0 8.6373
      vertex 40.7118 0 8.9601
    endloop
  endfacet
  facet normal 0 -1 0
    outer loop
      vertex 40.7118 0 8.9601
      vertex 40.4527 0 8.6373
      vertex 40.5977 0 8.79022
    endloop
  endfacet
  facet normal 0 -1 0
    outer loop
      vertex 38.8824 0 8.28059
      vertex 38.272 0 8.55455
      vertex 38.5531 0 8.38333
    endloop
  endfacet
  facet normal 0 -1 0
    outer loop
      vertex 40.7951 0 9.14691
      vertex 40.2769 0 8.50131
      vertex 40.4527 0 8.6373
    endloop
  endfacet
  facet normal 0 -1 0
    outer loop
      vertex 37.8563 0 9.09708
      vertex 38.8824 0 8.28059
      vertex 39.2598 0 8.24635
    endloop
  endfacet
  facet normal 0 -1 0
    outer loop
      vertex 40.2769 0 8.50131
      vertex 39.8314 0 8.31009
      vertex 40.0699 0 8.38976
    endloop
  endfacet
  facet normal 0 -1 0
    outer loop
      vertex 37.7258 0 9.45753
      vertex 39.2598 0 8.24635
      vertex 39.5614 0 8.26228
    endloop
  endfacet
  facet normal -0 -1 -0
    outer loop
      vertex 17.2568 0 9.85693
      vertex 16.8911 0 10.4991
      vertex 17.2674 0 9.67859
    endloop
  endfacet
  facet normal 0 -1 0
    outer loop
      vertex 13.1716 0 9.05949
      vertex 14.5036 0 11.2491
      vertex 13.0115 0 9.33531
    endloop
  endfacet
  facet normal 0 -1 0
    outer loop
      vertex 16.8911 0 10.4991
      vertex 17.2568 0 9.85693
      vertex 17.0025 0 10.3977
    endloop
  endfacet
  facet normal 0 -1 0
    outer loop
      vertex 13.3804 0 8.82944
      vertex 14.5036 0 11.2491
      vertex 13.1716 0 9.05949
    endloop
  endfacet
  facet normal 0 -1 0
    outer loop
      vertex 17.0966 0 10.2862
      vertex 17.2247 0 10.0177
      vertex 17.1713 0 10.1607
    endloop
  endfacet
  facet normal 0 -1 0
    outer loop
      vertex 14.5036 0 11.2491
      vertex 13.3804 0 8.82944
      vertex 13.6381 0 8.64514
    endloop
  endfacet
  facet normal 0 -1 0
    outer loop
      vertex 17.0025 0 10.3977
      vertex 17.2247 0 10.0177
      vertex 17.0966 0 10.2862
    endloop
  endfacet
  facet normal 0 -1 0
    outer loop
      vertex 14.5036 0 11.2491
      vertex 13.6381 0 8.64514
      vertex 13.9456 0 8.50392
    endloop
  endfacet
  facet normal -0 -1 -0
    outer loop
      vertex 17.2247 0 10.0177
      vertex 17.0025 0 10.3977
      vertex 17.2568 0 9.85693
    endloop
  endfacet
  facet normal 0 -1 0
    outer loop
      vertex 14.9293 0 11.1487
      vertex 13.9456 0 8.50392
      vertex 14.304 0 8.40305
    endloop
  endfacet
  facet normal 0 -1 0
    outer loop
      vertex 17.2674 0 9.67859
      vertex 16.7222 0 8.66682
      vertex 17.2334 0 9.36513
    endloop
  endfacet
  facet normal 0 -1 0
    outer loop
      vertex 14.9293 0 11.1487
      vertex 14.304 0 8.40305
      vertex 14.7133 0 8.34253
    endloop
  endfacet
  facet normal -0 -1 0
    outer loop
      vertex 16.9608 0 8.85924
      vertex 17.2334 0 9.36513
      vertex 16.7222 0 8.66682
    endloop
  endfacet
  facet normal 0 -1 -0
    outer loop
      vertex 15.427 0 11.0334
      vertex 15.1734 0 8.32234
      vertex 15.6586 0 10.9788
    endloop
  endfacet
  facet normal 0 -1 0
    outer loop
      vertex 17.2334 0 9.36513
      vertex 16.9608 0 8.85924
      vertex 17.1311 0 9.09201
    endloop
  endfacet
  facet normal 0 -1 -0
    outer loop
      vertex 77.0462 0 9.86591
      vertex 76.0321 0 8.90283
      vertex 77.1693 0 9.25613
    endloop
  endfacet
  facet normal 0 -1 0
    outer loop
      vertex 76.0321 0 8.90283
      vertex 77.3744 0 8.73347
      vertex 77.1693 0 9.25613
    endloop
  endfacet
  facet normal 0 -1 0
    outer loop
      vertex 75.6852 0 8.29523
      vertex 77.3744 0 8.73347
      vertex 76.0321 0 8.90283
    endloop
  endfacet
  facet normal 0 -1 -0
    outer loop
      vertex 77.3744 0 8.73347
      vertex 75.6852 0 8.29523
      vertex 77.6616 0 8.29794
    endloop
  endfacet
  facet normal 0 -1 0
    outer loop
      vertex 75.6852 0 8.29523
      vertex 78.0291 0 7.95499
      vertex 77.6616 0 8.29794
    endloop
  endfacet
  facet normal 0 -1 0
    outer loop
      vertex 75.1709 0 7.86122
      vertex 78.0291 0 7.95499
      vertex 75.6852 0 8.29523
    endloop
  endfacet
  facet normal 0 -1 0
    outer loop
      vertex 75.1709 0 7.86122
      vertex 78.4754 0 7.71001
      vertex 78.0291 0 7.95499
    endloop
  endfacet
  facet normal 0 -1 0
    outer loop
      vertex 74.489 0 7.60083
      vertex 78.4754 0 7.71001
      vertex 75.1709 0 7.86122
    endloop
  endfacet
  facet normal 0 -1 0
    outer loop
      vertex 74.489 0 7.60083
      vertex 79.0002 0 7.56302
      vertex 78.4754 0 7.71001
    endloop
  endfacet
  facet normal 0 -1 0
    outer loop
      vertex 73.6397 0 7.51402
      vertex 79.0002 0 7.56302
      vertex 74.489 0 7.60083
    endloop
  endfacet
  facet normal 0 -1 -0
    outer loop
      vertex 79.0002 0 7.56302
      vertex 73.6397 0 7.51402
      vertex 79.6037 0 7.51402
    endloop
  endfacet
  facet normal 0 -1 0
    outer loop
      vertex 29.1326 0 11.618
      vertex 27.9299 0 12.8467
      vertex 27.596 0 12.8166
    endloop
  endfacet
  facet normal 0 -1 0
    outer loop
      vertex 27.9299 0 12.8467
      vertex 29.1112 0 11.8594
      vertex 28.1568 0 12.8379
    endloop
  endfacet
  facet normal -0 -1 -0
    outer loop
      vertex 29.0756 0 12.0683
      vertex 28.1568 0 12.8379
      vertex 29.1112 0 11.8594
    endloop
  endfacet
  facet normal 0 -1 0
    outer loop
      vertex 29.1326 0 11.618
      vertex 27.596 0 12.8166
      vertex 27.2993 0 12.726
    endloop
  endfacet
  facet normal 0 -1 0
    outer loop
      vertex 28.1568 0 12.8379
      vertex 29.0756 0 12.0683
      vertex 28.3544 0 12.8115
    endloop
  endfacet
  facet normal 0 -1 0
    outer loop
      vertex 28.3544 0 12.8115
      vertex 29.0258 0 12.2446
      vertex 28.5229 0 12.7674
    endloop
  endfacet
  facet normal 0 -1 0
    outer loop
      vertex 29.1326 0 11.618
      vertex 27.2993 0 12.726
      vertex 27.0399 0 12.5752
    endloop
  endfacet
  facet normal -0 -1 -0
    outer loop
      vertex 28.9603 0 12.3934
      vertex 28.5229 0 12.7674
      vertex 29.0258 0 12.2446
    endloop
  endfacet
  facet normal -0 -1 -0
    outer loop
      vertex 28.8779 0 12.5199
      vertex 28.6623 0 12.7057
      vertex 28.9603 0 12.3934
    endloop
  endfacet
  facet normal 0 -1 0
    outer loop
      vertex 29.1326 0 11.618
      vertex 27.0399 0 12.5752
      vertex 26.8179 0 12.3639
    endloop
  endfacet
  facet normal 0 -1 0
    outer loop
      vertex 28.6623 0 12.7057
      vertex 28.8779 0 12.5199
      vertex 28.7786 0 12.624
    endloop
  endfacet
  facet normal 0 -1 0
    outer loop
      vertex 29.1326 0 11.618
      vertex 26.8179 0 12.3639
      vertex 26.6399 0 12.0991
    endloop
  endfacet
  facet normal 0 -1 0
    outer loop
      vertex 28.5229 0 12.7674
      vertex 28.9603 0 12.3934
      vertex 28.6623 0 12.7057
    endloop
  endfacet
  facet normal -0 -1 -0
    outer loop
      vertex 29.0258 0 12.2446
      vertex 28.3544 0 12.8115
      vertex 29.0756 0 12.0683
    endloop
  endfacet
  facet normal 0 -1 0
    outer loop
      vertex 29.1326 0 11.618
      vertex 26.6399 0 12.0991
      vertex 26.5127 0 11.7875
    endloop
  endfacet
  facet normal 0 -1 0
    outer loop
      vertex 27.9299 0 12.8467
      vertex 29.1326 0 11.618
      vertex 29.1112 0 11.8594
    endloop
  endfacet
  facet normal 0 -1 0
    outer loop
      vertex 29.1397 0 11.344
      vertex 26.5127 0 11.7875
      vertex 26.4364 0 11.4292
    endloop
  endfacet
  facet normal 0 -1 0
    outer loop
      vertex 26.5127 0 11.7875
      vertex 29.1397 0 11.344
      vertex 29.1326 0 11.618
    endloop
  endfacet
  facet normal 0 -1 0
    outer loop
      vertex 26.411 0 11.0239
      vertex 29.1397 0 11.344
      vertex 26.4364 0 11.4292
    endloop
  endfacet
  facet normal 0 -1 0
    outer loop
      vertex 29.1397 0 7.62251
      vertex 26.411 0 11.0239
      vertex 26.411 0 7.62251
    endloop
  endfacet
  facet normal 0 -1 0
    outer loop
      vertex 26.411 0 11.0239
      vertex 29.1397 0 7.62251
      vertex 29.1397 0 11.344
    endloop
  endfacet
  facet normal 0 -1 0
    outer loop
      vertex 35.1255 0 7.62251
      vertex 32.4238 0 9.71115
      vertex 32.4238 0 7.62251
    endloop
  endfacet
  facet normal 0 -1 0
    outer loop
      vertex 32.4238 0 9.71115
      vertex 35.1255 0 7.62251
      vertex 33.14 0 10.3024
    endloop
  endfacet
  facet normal 0 -1 0
    outer loop
      vertex 52.8656 0 10.7936
      vertex 55.7813 0 11.4471
      vertex 52.8192 0 11.4797
    endloop
  endfacet
  facet normal 0 -1 0
    outer loop
      vertex 52.8656 0 10.7936
      vertex 55.7813 0 10.5791
      vertex 55.7813 0 11.4471
    endloop
  endfacet
  facet normal 0 -1 0
    outer loop
      vertex 53.005 0 10.1838
      vertex 55.7813 0 10.5791
      vertex 52.8656 0 10.7936
    endloop
  endfacet
  facet normal 0 -1 0
    outer loop
      vertex 53.2372 0 9.6503
      vertex 55.7813 0 10.5791
      vertex 53.005 0 10.1838
    endloop
  endfacet
  facet normal 0 -1 0
    outer loop
      vertex 53.5624 0 9.19307
      vertex 55.7813 0 10.5791
      vertex 53.2372 0 9.6503
    endloop
  endfacet
  facet normal 0 -1 0
    outer loop
      vertex 55.6186 0 8.3549
      vertex 55.7813 0 10.5791
      vertex 54.9977 0 8.40729
    endloop
  endfacet
  facet normal 0 -1 0
    outer loop
      vertex 53.9696 0 8.82637
      vertex 55.7813 0 10.5791
      vertex 53.5624 0 9.19307
    endloop
  endfacet
  facet normal -0 -1 0
    outer loop
      vertex 57.3242 0 8.70683
      vertex 55.7813 0 10.5791
      vertex 57.0154 0 8.58275
    endloop
  endfacet
  facet normal 0 -1 0
    outer loop
      vertex 55.7813 0 10.5791
      vertex 57.602 0 8.85127
      vertex 58.0652 0 10.5791
    endloop
  endfacet
  facet normal 0 -1 0
    outer loop
      vertex 54.4481 0 8.56445
      vertex 55.7813 0 10.5791
      vertex 53.9696 0 8.82637
    endloop
  endfacet
  facet normal -0 -1 0
    outer loop
      vertex 57.849 0 9.01604
      vertex 58.0652 0 10.5791
      vertex 57.602 0 8.85127
    endloop
  endfacet
  facet normal 0 -1 -0
    outer loop
      vertex 58.0652 0 10.5791
      vertex 57.849 0 9.01604
      vertex 58.0652 0 9.20114
    endloop
  endfacet
  facet normal 0 -1 0
    outer loop
      vertex 55.7813 0 10.5791
      vertex 54.4481 0 8.56445
      vertex 54.9977 0 8.40729
    endloop
  endfacet
  facet normal -0 -1 0
    outer loop
      vertex 57.602 0 8.85127
      vertex 55.7813 0 10.5791
      vertex 57.3242 0 8.70683
    endloop
  endfacet
  facet normal -0 -1 0
    outer loop
      vertex 57.0154 0 8.58275
      vertex 55.7813 0 10.5791
      vertex 56.685 0 8.48306
    endloop
  endfacet
  facet normal -0 -1 0
    outer loop
      vertex 55.9866 0 8.36914
      vertex 55.7813 0 10.5791
      vertex 55.6186 0 8.3549
    endloop
  endfacet
  facet normal -0 -1 0
    outer loop
      vertex 56.685 0 8.48306
      vertex 55.7813 0 10.5791
      vertex 56.3421 0 8.41187
    endloop
  endfacet
  facet normal -0 -1 0
    outer loop
      vertex 56.3421 0 8.41187
      vertex 55.7813 0 10.5791
      vertex 55.9866 0 8.36914
    endloop
  endfacet
  facet normal 0 -1 0
    outer loop
      vertex 55.7813 0 11.4471
      vertex 55.5426 0 14.5339
      vertex 54.9197 0 14.4839
    endloop
  endfacet
  facet normal 0 -1 0
    outer loop
      vertex 55.5426 0 14.5339
      vertex 55.7813 0 11.4471
      vertex 55.951 0 14.5153
    endloop
  endfacet
  facet normal 0 -1 -0
    outer loop
      vertex 55.951 0 14.5153
      vertex 55.7813 0 11.4471
      vertex 56.3245 0 14.4593
    endloop
  endfacet
  facet normal 0 -1 0
    outer loop
      vertex 55.7813 0 11.4471
      vertex 54.9197 0 14.4839
      vertex 54.3748 0 14.3339
    endloop
  endfacet
  facet normal 0 -1 -0
    outer loop
      vertex 56.3245 0 14.4593
      vertex 55.7813 0 11.4471
      vertex 56.663 0 14.3661
    endloop
  endfacet
  facet normal 0 -1 0
    outer loop
      vertex 55.7813 0 11.4471
      vertex 54.3748 0 14.3339
      vertex 53.9079 0 14.0838
    endloop
  endfacet
  facet normal 0 -1 -0
    outer loop
      vertex 56.663 0 14.3661
      vertex 55.7813 0 11.4471
      vertex 56.9666 0 14.2355
    endloop
  endfacet
  facet normal 0 -1 -0
    outer loop
      vertex 56.9666 0 14.2355
      vertex 55.7813 0 11.4471
      vertex 57.2374 0 14.0643
    endloop
  endfacet
  facet normal 0 -1 0
    outer loop
      vertex 55.7813 0 11.4471
      vertex 53.9079 0 14.0838
      vertex 53.519 0 13.7337
    endloop
  endfacet
  facet normal 0 -1 -0
    outer loop
      vertex 57.2374 0 14.0643
      vertex 55.7813 0 11.4471
      vertex 57.4773 0 13.849
    endloop
  endfacet
  facet normal 0 -1 0
    outer loop
      vertex 55.7813 0 11.4471
      vertex 53.519 0 13.7337
      vertex 53.2129 0 13.2928
    endloop
  endfacet
  facet normal 0 -1 -0
    outer loop
      vertex 57.4773 0 13.849
      vertex 55.7813 0 11.4471
      vertex 57.6863 0 13.5896
    endloop
  endfacet
  facet normal 0 -1 -0
    outer loop
      vertex 57.6863 0 13.5896
      vertex 55.7813 0 11.4471
      vertex 57.8645 0 13.2862
    endloop
  endfacet
  facet normal 0 -1 0
    outer loop
      vertex 55.7813 0 11.4471
      vertex 53.2129 0 13.2928
      vertex 52.9942 0 12.7701
    endloop
  endfacet
  facet normal 0 -1 0
    outer loop
      vertex 59.02 0 11.4471
      vertex 57.8645 0 13.2862
      vertex 55.7813 0 11.4471
    endloop
  endfacet
  facet normal 0 -1 0
    outer loop
      vertex 55.7813 0 11.4471
      vertex 52.9942 0 12.7701
      vertex 52.8629 0 12.1658
    endloop
  endfacet
  facet normal 0 -1 0
    outer loop
      vertex 58.8518 0 13.5791
      vertex 60.6211 0 12.7098
      vertex 61.0938 0 13.2048
    endloop
  endfacet
  facet normal -0 -1 0
    outer loop
      vertex 60.3804 0 12.0167
      vertex 58.8518 0 13.5791
      vertex 59.02 0 11.4471
    endloop
  endfacet
  facet normal 0 -1 0
    outer loop
      vertex 62.7131 0 12.8576
      vertex 63.9718 0 11.5231
      vertex 63.9528 0 11.8557
    endloop
  endfacet
  facet normal 0 -1 0
    outer loop
      vertex 60.7194 0 10.6605
      vertex 60.3804 0 12.0167
      vertex 59.02 0 11.4471
    endloop
  endfacet
  facet normal 0 -1 0
    outer loop
      vertex 55.7813 0 11.4471
      vertex 52.8629 0 12.1658
      vertex 52.8192 0 11.4797
    endloop
  endfacet
  facet normal 0 -1 0
    outer loop
      vertex 58.8518 0 13.5791
      vertex 60.3804 0 12.0167
      vertex 60.6211 0 12.7098
    endloop
  endfacet
  facet normal -0 -1 0
    outer loop
      vertex 61.0651 0 10.8761
      vertex 60.3804 0 12.0167
      vertex 60.7194 0 10.6605
    endloop
  endfacet
  facet normal -0 -1 0
    outer loop
      vertex 62.6534 0 11.1813
      vertex 61.4002 0 11.9245
      vertex 62.0321 0 11.1366
    endloop
  endfacet
  facet normal 0 -1 -0
    outer loop
      vertex 63.9718 0 11.5231
      vertex 62.6534 0 11.1813
      vertex 63.9718 0 11.203
    endloop
  endfacet
  facet normal 0 -1 -0
    outer loop
      vertex 62.7131 0 12.8576
      vertex 62.6534 0 11.1813
      vertex 63.9718 0 11.5231
    endloop
  endfacet
  facet normal 0 -1 0
    outer loop
      vertex 61.4002 0 11.9245
      vertex 61.5027 0 11.0348
      vertex 62.0321 0 11.1366
    endloop
  endfacet
  facet normal 0 -1 -0
    outer loop
      vertex 61.4002 0 11.9245
      vertex 61.0651 0 10.8761
      vertex 61.5027 0 11.0348
    endloop
  endfacet
  facet normal 0 -1 0
    outer loop
      vertex 60.3804 0 12.0167
      vertex 61.0651 0 10.8761
      vertex 61.4002 0 11.9245
    endloop
  endfacet
  facet normal 0 -1 0
    outer loop
      vertex 59.02 0 11.4471
      vertex 60.4572 0 10.3899
      vertex 60.7194 0 10.6605
    endloop
  endfacet
  facet normal 0 -1 0
    outer loop
      vertex 59.02 0 11.4471
      vertex 60.2699 0 10.0665
      vertex 60.4572 0 10.3899
    endloop
  endfacet
  facet normal 0 -1 0
    outer loop
      vertex 59.02 0 11.4471
      vertex 60.1575 0 9.69009
      vertex 60.2699 0 10.0665
    endloop
  endfacet
  facet normal 0 -1 0
    outer loop
      vertex 59.02 0 8.81059
      vertex 60.1575 0 9.69009
      vertex 59.02 0 11.4471
    endloop
  endfacet
  facet normal 0 -1 0
    outer loop
      vertex 60.1575 0 9.69009
      vertex 59.02 0 8.81059
      vertex 60.12 0 9.26083
    endloop
  endfacet
  facet normal 0 -1 -0
    outer loop
      vertex 60.12 0 9.26083
      vertex 59.02 0 8.81059
      vertex 60.1478 0 8.87569
    endloop
  endfacet
  facet normal 0 -1 0
    outer loop
      vertex 59.02 0 8.81059
      vertex 60.2312 0 8.53392
      vertex 60.1478 0 8.87569
    endloop
  endfacet
  facet normal 0 -1 0
    outer loop
      vertex 58.6991 0 8.51881
      vertex 60.2312 0 8.53392
      vertex 59.02 0 8.81059
    endloop
  endfacet
  facet normal 0 -1 0
    outer loop
      vertex 60.3702 0 8.23557
      vertex 58.6991 0 8.51881
      vertex 58.3439 0 8.26196
    endloop
  endfacet
  facet normal 0 -1 0
    outer loop
      vertex 58.6991 0 8.51881
      vertex 60.3702 0 8.23557
      vertex 60.2312 0 8.53392
    endloop
  endfacet
  facet normal 0 -1 0
    outer loop
      vertex 60.5648 0 7.98059
      vertex 58.3439 0 8.26196
      vertex 57.9545 0 8.04005
    endloop
  endfacet
  facet normal 0 -1 0
    outer loop
      vertex 58.3439 0 8.26196
      vertex 60.5648 0 7.98059
      vertex 60.3702 0 8.23557
    endloop
  endfacet
  facet normal 0 -1 0
    outer loop
      vertex 60.8147 0 7.77647
      vertex 57.9545 0 8.04005
      vertex 57.5308 0 7.85307
    endloop
  endfacet
  facet normal 0 -1 0
    outer loop
      vertex 57.9545 0 8.04005
      vertex 60.8147 0 7.77647
      vertex 60.5648 0 7.98059
    endloop
  endfacet
  facet normal 0 -1 0
    outer loop
      vertex 61.1195 0 7.63066
      vertex 57.5308 0 7.85307
      vertex 57.0807 0 7.70474
    endloop
  endfacet
  facet normal 0 -1 0
    outer loop
      vertex 57.5308 0 7.85307
      vertex 61.1195 0 7.63066
      vertex 60.8147 0 7.77647
    endloop
  endfacet
  facet normal 0 -1 0
    outer loop
      vertex 56.612 0 7.59879
      vertex 61.1195 0 7.63066
      vertex 57.0807 0 7.70474
    endloop
  endfacet
  facet normal 0 -1 0
    outer loop
      vertex 56.612 0 7.59879
      vertex 61.4793 0 7.54318
      vertex 61.1195 0 7.63066
    endloop
  endfacet
  facet normal 0 -1 0
    outer loop
      vertex 56.1246 0 7.53522
      vertex 61.4793 0 7.54318
      vertex 56.612 0 7.59879
    endloop
  endfacet
  facet normal 0 -1 0
    outer loop
      vertex 61.8939 0 7.51402
      vertex 56.1246 0 7.53522
      vertex 55.6186 0 7.51402
    endloop
  endfacet
  facet normal 0 -1 0
    outer loop
      vertex 56.1246 0 7.53522
      vertex 61.8939 0 7.51402
      vertex 61.4793 0 7.54318
    endloop
  endfacet
  facet normal 0 -1 0
    outer loop
      vertex 62.1462 0 12.802
      vertex 62.6534 0 11.1813
      vertex 62.4073 0 12.8437
    endloop
  endfacet
  facet normal 0 -1 0
    outer loop
      vertex 61.9299 0 12.7325
      vertex 62.6534 0 11.1813
      vertex 62.1462 0 12.802
    endloop
  endfacet
  facet normal 0 -1 0
    outer loop
      vertex 62.4073 0 12.8437
      vertex 62.6534 0 11.1813
      vertex 62.7131 0 12.8576
    endloop
  endfacet
  facet normal 0 -1 0
    outer loop
      vertex 62.6534 0 11.1813
      vertex 61.9299 0 12.7325
      vertex 61.445 0 12.152
    endloop
  endfacet
  facet normal 0 -1 0
    outer loop
      vertex 62.7131 0 12.8576
      vertex 63.9528 0 11.8557
      vertex 63.0169 0 12.8383
    endloop
  endfacet
  facet normal 0 -1 0
    outer loop
      vertex 61.5196 0 12.3463
      vertex 61.9299 0 12.7325
      vertex 61.7583 0 12.6351
    endloop
  endfacet
  facet normal -0 -1 -0
    outer loop
      vertex 63.8958 0 12.1374
      vertex 63.0169 0 12.8383
      vertex 63.9528 0 11.8557
    endloop
  endfacet
  facet normal 0 -1 0
    outer loop
      vertex 61.5196 0 12.3463
      vertex 61.7583 0 12.6351
      vertex 61.624 0 12.5073
    endloop
  endfacet
  facet normal 0 -1 0
    outer loop
      vertex 63.0169 0 12.8383
      vertex 63.8958 0 12.1374
      vertex 63.2773 0 12.7803
    endloop
  endfacet
  facet normal 0 -1 0
    outer loop
      vertex 61.9299 0 12.7325
      vertex 61.5196 0 12.3463
      vertex 61.445 0 12.152
    endloop
  endfacet
  facet normal 0 -1 0
    outer loop
      vertex 62.6534 0 11.1813
      vertex 61.445 0 12.152
      vertex 61.4002 0 11.9245
    endloop
  endfacet
  facet normal 0 -1 0
    outer loop
      vertex 63.2773 0 12.7803
      vertex 63.8958 0 12.1374
      vertex 63.4943 0 12.6836
    endloop
  endfacet
  facet normal 0 -1 0
    outer loop
      vertex 63.4943 0 12.6836
      vertex 63.8009 0 12.3683
      vertex 63.6679 0 12.5483
    endloop
  endfacet
  facet normal -0 -1 -0
    outer loop
      vertex 63.8009 0 12.3683
      vertex 63.4943 0 12.6836
      vertex 63.8958 0 12.1374
    endloop
  endfacet
  facet normal 0 -1 0
    outer loop
      vertex 37.6214 0 10.3513
      vertex 37.6475 0 9.8756
      vertex 41.8096 0 10.3513
    endloop
  endfacet
  facet normal 0 -1 0
    outer loop
      vertex 46.6272 0 11.618
      vertex 45.4246 0 12.8467
      vertex 45.0906 0 12.8166
    endloop
  endfacet
  facet normal 0 -1 0
    outer loop
      vertex 45.4246 0 12.8467
      vertex 46.6058 0 11.8594
      vertex 45.6514 0 12.8379
    endloop
  endfacet
  facet normal -0 -1 -0
    outer loop
      vertex 46.5702 0 12.0683
      vertex 45.6514 0 12.8379
      vertex 46.6058 0 11.8594
    endloop
  endfacet
  facet normal 0 -1 0
    outer loop
      vertex 46.6272 0 11.618
      vertex 45.0906 0 12.8166
      vertex 44.7939 0 12.726
    endloop
  endfacet
  facet normal 0 -1 0
    outer loop
      vertex 45.6514 0 12.8379
      vertex 46.5702 0 12.0683
      vertex 45.849 0 12.8115
    endloop
  endfacet
  facet normal 0 -1 0
    outer loop
      vertex 45.849 0 12.8115
      vertex 46.5204 0 12.2446
      vertex 46.0175 0 12.7674
    endloop
  endfacet
  facet normal 0 -1 0
    outer loop
      vertex 46.6272 0 11.618
      vertex 44.7939 0 12.726
      vertex 44.5346 0 12.5752
    endloop
  endfacet
  facet normal -0 -1 -0
    outer loop
      vertex 46.455 0 12.3934
      vertex 46.0175 0 12.7674
      vertex 46.5204 0 12.2446
    endloop
  endfacet
  facet normal -0 -1 -0
    outer loop
      vertex 46.3726 0 12.5199
      vertex 46.1569 0 12.7057
      vertex 46.455 0 12.3934
    endloop
  endfacet
  facet normal 0 -1 0
    outer loop
      vertex 46.6272 0 11.618
      vertex 44.5346 0 12.5752
      vertex 44.3125 0 12.3639
    endloop
  endfacet
  facet normal 0 -1 0
    outer loop
      vertex 46.1569 0 12.7057
      vertex 46.3726 0 12.5199
      vertex 46.2732 0 12.624
    endloop
  endfacet
  facet normal 0 -1 0
    outer loop
      vertex 46.6272 0 11.618
      vertex 44.3125 0 12.3639
      vertex 44.1345 0 12.0991
    endloop
  endfacet
  facet normal 0 -1 0
    outer loop
      vertex 46.0175 0 12.7674
      vertex 46.455 0 12.3934
      vertex 46.1569 0 12.7057
    endloop
  endfacet
  facet normal -0 -1 -0
    outer loop
      vertex 46.5204 0 12.2446
      vertex 45.849 0 12.8115
      vertex 46.5702 0 12.0683
    endloop
  endfacet
  facet normal 0 -1 0
    outer loop
      vertex 46.6272 0 11.618
      vertex 44.1345 0 12.0991
      vertex 44.0073 0 11.7875
    endloop
  endfacet
  facet normal 0 -1 0
    outer loop
      vertex 45.4246 0 12.8467
      vertex 46.6272 0 11.618
      vertex 46.6058 0 11.8594
    endloop
  endfacet
  facet normal 0 -1 0
    outer loop
      vertex 46.6343 0 11.344
      vertex 44.0073 0 11.7875
      vertex 43.931 0 11.4292
    endloop
  endfacet
  facet normal 0 -1 0
    outer loop
      vertex 44.0073 0 11.7875
      vertex 46.6343 0 11.344
      vertex 46.6272 0 11.618
    endloop
  endfacet
  facet normal 0 -1 0
    outer loop
      vertex 43.9056 0 11.0239
      vertex 46.6343 0 11.344
      vertex 43.931 0 11.4292
    endloop
  endfacet
  facet normal 0 -1 0
    outer loop
      vertex 46.6343 0 7.62251
      vertex 43.9056 0 11.0239
      vertex 43.9056 0 7.62251
    endloop
  endfacet
  facet normal 0 -1 0
    outer loop
      vertex 43.9056 0 11.0239
      vertex 46.6343 0 7.62251
      vertex 46.6343 0 11.344
    endloop
  endfacet
  facet normal 0 -1 0
    outer loop
      vertex 75.175 0 9.14691
      vertex 72.0013 0 10.3513
      vertex 72.0274 0 9.8756
    endloop
  endfacet
  facet normal 0 -1 0
    outer loop
      vertex 63.9718 0 8.74547
      vertex 64.0339 0 8.46184
      vertex 64.0042 0 8.74547
    endloop
  endfacet
  facet normal 0 -1 0
    outer loop
      vertex 63.777 0 8.43369
      vertex 64.0339 0 8.46184
      vertex 63.9718 0 8.74547
    endloop
  endfacet
  facet normal 0 -1 0
    outer loop
      vertex 63.777 0 8.43369
      vertex 64.0904 0 8.21857
      vertex 64.0339 0 8.46184
    endloop
  endfacet
  facet normal 0 -1 0
    outer loop
      vertex 63.5669 0 8.17108
      vertex 64.0904 0 8.21857
      vertex 63.777 0 8.43369
    endloop
  endfacet
  facet normal 0 -1 0
    outer loop
      vertex 63.5669 0 8.17108
      vertex 64.1736 0 8.01564
      vertex 64.0904 0 8.21857
    endloop
  endfacet
  facet normal 0 -1 0
    outer loop
      vertex 63.3416 0 7.95766
      vertex 64.1736 0 8.01564
      vertex 63.5669 0 8.17108
    endloop
  endfacet
  facet normal 0 -1 0
    outer loop
      vertex 63.3416 0 7.95766
      vertex 64.2836 0 7.85307
      vertex 64.1736 0 8.01564
    endloop
  endfacet
  facet normal 0 -1 0
    outer loop
      vertex 63.101 0 7.79338
      vertex 64.2836 0 7.85307
      vertex 63.3416 0 7.95766
    endloop
  endfacet
  facet normal 0 -1 0
    outer loop
      vertex 63.101 0 7.79338
      vertex 64.4255 0 7.72847
      vertex 64.2836 0 7.85307
    endloop
  endfacet
  facet normal 0 -1 0
    outer loop
      vertex 62.8394 0 7.67117
      vertex 64.4255 0 7.72847
      vertex 63.101 0 7.79338
    endloop
  endfacet
  facet normal 0 -1 0
    outer loop
      vertex 62.8394 0 7.67117
      vertex 64.6044 0 7.63947
      vertex 64.4255 0 7.72847
    endloop
  endfacet
  facet normal 0 -1 0
    outer loop
      vertex 62.5511 0 7.58386
      vertex 64.6044 0 7.63947
      vertex 62.8394 0 7.67117
    endloop
  endfacet
  facet normal 0 -1 -0
    outer loop
      vertex 64.6044 0 7.63947
      vertex 62.5511 0 7.58386
      vertex 64.8202 0 7.58607
    endloop
  endfacet
  facet normal 0 -1 0
    outer loop
      vertex 62.2359 0 7.53149
      vertex 64.8202 0 7.58607
      vertex 62.5511 0 7.58386
    endloop
  endfacet
  facet normal 0 -1 -0
    outer loop
      vertex 64.8202 0 7.58607
      vertex 62.2359 0 7.53149
      vertex 65.073 0 7.56827
    endloop
  endfacet
  facet normal 0 -1 0
    outer loop
      vertex 61.8939 0 7.51402
      vertex 65.073 0 7.56827
      vertex 62.2359 0 7.53149
    endloop
  endfacet
  facet normal 0 -1 -0
    outer loop
      vertex 65.073 0 7.56827
      vertex 61.8939 0 7.51402
      vertex 73.6397 0 7.51402
    endloop
  endfacet
  facet normal 0 -1 0
    outer loop
      vertex 69.8184 0 7.62251
      vertex 73.6397 0 7.51402
      vertex 73.0275 0 7.56252
    endloop
  endfacet
  facet normal 0 -1 0
    outer loop
      vertex 87.0417 0 11.618
      vertex 85.8391 0 12.8467
      vertex 85.5051 0 12.8166
    endloop
  endfacet
  facet normal 0 -1 0
    outer loop
      vertex 85.8391 0 12.8467
      vertex 87.0204 0 11.8594
      vertex 86.0659 0 12.8379
    endloop
  endfacet
  facet normal -0 -1 -0
    outer loop
      vertex 86.9848 0 12.0683
      vertex 86.0659 0 12.8379
      vertex 87.0204 0 11.8594
    endloop
  endfacet
  facet normal 0 -1 0
    outer loop
      vertex 87.0417 0 11.618
      vertex 85.5051 0 12.8166
      vertex 85.2085 0 12.726
    endloop
  endfacet
  facet normal 0 -1 0
    outer loop
      vertex 86.0659 0 12.8379
      vertex 86.9848 0 12.0683
      vertex 86.2635 0 12.8115
    endloop
  endfacet
  facet normal 0 -1 0
    outer loop
      vertex 86.2635 0 12.8115
      vertex 86.9349 0 12.2446
      vertex 86.4321 0 12.7674
    endloop
  endfacet
  facet normal 0 -1 0
    outer loop
      vertex 87.0417 0 11.618
      vertex 85.2085 0 12.726
      vertex 84.9491 0 12.5752
    endloop
  endfacet
  facet normal -0 -1 -0
    outer loop
      vertex 86.8695 0 12.3934
      vertex 86.4321 0 12.7674
      vertex 86.9349 0 12.2446
    endloop
  endfacet
  facet normal -0 -1 -0
    outer loop
      vertex 86.7871 0 12.5199
      vertex 86.5714 0 12.7057
      vertex 86.8695 0 12.3934
    endloop
  endfacet
  facet normal 0 -1 0
    outer loop
      vertex 87.0417 0 11.618
      vertex 84.9491 0 12.5752
      vertex 84.727 0 12.3639
    endloop
  endfacet
  facet normal 0 -1 0
    outer loop
      vertex 86.5714 0 12.7057
      vertex 86.7871 0 12.5199
      vertex 86.6877 0 12.624
    endloop
  endfacet
  facet normal 0 -1 0
    outer loop
      vertex 87.0417 0 11.618
      vertex 84.727 0 12.3639
      vertex 84.549 0 12.0991
    endloop
  endfacet
  facet normal 0 -1 0
    outer loop
      vertex 86.4321 0 12.7674
      vertex 86.8695 0 12.3934
      vertex 86.5714 0 12.7057
    endloop
  endfacet
  facet normal -0 -1 -0
    outer loop
      vertex 86.9349 0 12.2446
      vertex 86.2635 0 12.8115
      vertex 86.9848 0 12.0683
    endloop
  endfacet
  facet normal 0 -1 0
    outer loop
      vertex 87.0417 0 11.618
      vertex 84.549 0 12.0991
      vertex 84.4218 0 11.7875
    endloop
  endfacet
  facet normal 0 -1 0
    outer loop
      vertex 85.8391 0 12.8467
      vertex 87.0417 0 11.618
      vertex 87.0204 0 11.8594
    endloop
  endfacet
  facet normal 0 -1 0
    outer loop
      vertex 87.0488 0 11.344
      vertex 84.4218 0 11.7875
      vertex 84.3456 0 11.4292
    endloop
  endfacet
  facet normal 0 -1 0
    outer loop
      vertex 84.4218 0 11.7875
      vertex 87.0488 0 11.344
      vertex 87.0417 0 11.618
    endloop
  endfacet
  facet normal 0 -1 0
    outer loop
      vertex 84.3201 0 11.0239
      vertex 87.0488 0 11.344
      vertex 84.3456 0 11.4292
    endloop
  endfacet
  facet normal 0 -1 0
    outer loop
      vertex 87.0488 0 7.62251
      vertex 84.3201 0 11.0239
      vertex 84.3201 0 7.62251
    endloop
  endfacet
  facet normal 0 -1 0
    outer loop
      vertex 84.3201 0 11.0239
      vertex 87.0488 0 7.62251
      vertex 87.0488 0 11.344
    endloop
  endfacet
  facet normal 0 -1 0
    outer loop
      vertex 78.2456 0 11.9975
      vertex 79.6525 0 12.8793
      vertex 79.2536 0 12.8442
    endloop
  endfacet
  facet normal 0 -1 0
    outer loop
      vertex 79.6525 0 12.8793
      vertex 81.0229 0 12.0118
      vertex 80.0477 0 12.8449
    endloop
  endfacet
  facet normal 0 -1 0
    outer loop
      vertex 78.2456 0 11.9975
      vertex 79.2536 0 12.8442
      vertex 78.9141 0 12.7389
    endloop
  endfacet
  facet normal 0 -1 0
    outer loop
      vertex 80.0477 0 12.8449
      vertex 81.0229 0 12.0118
      vertex 80.3815 0 12.7416
    endloop
  endfacet
  facet normal 0 -1 0
    outer loop
      vertex 78.4129 0 12.3178
      vertex 78.9141 0 12.7389
      vertex 78.6339 0 12.5634
    endloop
  endfacet
  facet normal -0 -1 -0
    outer loop
      vertex 80.865 0 12.3287
      vertex 80.3815 0 12.7416
      vertex 81.0229 0 12.0118
    endloop
  endfacet
  facet normal 0 -1 0
    outer loop
      vertex 78.9141 0 12.7389
      vertex 78.4129 0 12.3178
      vertex 78.2456 0 11.9975
    endloop
  endfacet
  facet normal 0 -1 0
    outer loop
      vertex 80.3815 0 12.7416
      vertex 80.865 0 12.3287
      vertex 80.654 0 12.5696
    endloop
  endfacet
  facet normal 0 -1 -0
    outer loop
      vertex 79.6525 0 12.8793
      vertex 78.2456 0 11.9975
      vertex 81.1356 0 11.6119
    endloop
  endfacet
  facet normal 0 -1 0
    outer loop
      vertex 79.6525 0 12.8793
      vertex 81.1356 0 11.6119
      vertex 81.0229 0 12.0118
    endloop
  endfacet
  facet normal 0 -1 0
    outer loop
      vertex 78.1261 0 11.5983
      vertex 81.1356 0 11.6119
      vertex 78.2456 0 11.9975
    endloop
  endfacet
  facet normal 0 -1 0
    outer loop
      vertex 78.1261 0 11.5983
      vertex 81.2033 0 11.1289
      vertex 81.1356 0 11.6119
    endloop
  endfacet
  facet normal 0 -1 0
    outer loop
      vertex 78.0544 0 11.1201
      vertex 81.2033 0 11.1289
      vertex 78.1261 0 11.5983
    endloop
  endfacet
  facet normal 0 -1 0
    outer loop
      vertex 78.0305 0 10.5628
      vertex 81.2033 0 11.1289
      vertex 78.0544 0 11.1201
    endloop
  endfacet
  facet normal 0 -1 0
    outer loop
      vertex 78.0305 0 10.5628
      vertex 81.2258 0 10.5628
      vertex 81.2033 0 11.1289
    endloop
  endfacet
  facet normal 0 -1 0
    outer loop
      vertex 78.054 0 10.0185
      vertex 81.2258 0 10.5628
      vertex 78.0305 0 10.5628
    endloop
  endfacet
  facet normal 0 -1 0
    outer loop
      vertex 78.054 0 10.0185
      vertex 81.2023 0 10.0031
      vertex 81.2258 0 10.5628
    endloop
  endfacet
  facet normal 0 -1 0
    outer loop
      vertex 78.1247 0 9.54637
      vertex 81.2023 0 10.0031
      vertex 78.054 0 10.0185
    endloop
  endfacet
  facet normal 0 -1 0
    outer loop
      vertex 78.1247 0 9.54637
      vertex 81.1316 0 9.52261
      vertex 81.2023 0 10.0031
    endloop
  endfacet
  facet normal 0 -1 0
    outer loop
      vertex 78.2426 0 9.14645
      vertex 81.1316 0 9.52261
      vertex 78.1247 0 9.54637
    endloop
  endfacet
  facet normal 0 -1 0
    outer loop
      vertex 78.2426 0 9.14645
      vertex 81.0137 0 9.12149
      vertex 81.1316 0 9.52261
    endloop
  endfacet
  facet normal 0 -1 0
    outer loop
      vertex 79.2157 0 8.272
      vertex 78.2426 0 9.14645
      vertex 78.4075 0 8.81874
    endloop
  endfacet
  facet normal 0 -1 0
    outer loop
      vertex 78.2426 0 9.14645
      vertex 79.5929 0 8.23555
      vertex 81.0137 0 9.12149
    endloop
  endfacet
  facet normal 0 -1 0
    outer loop
      vertex 79.2157 0 8.272
      vertex 78.4075 0 8.81874
      vertex 78.623 0 8.5636
    endloop
  endfacet
  facet normal -0 -1 0
    outer loop
      vertex 80.0009 0 8.27081
      vertex 81.0137 0 9.12149
      vertex 79.5929 0 8.23555
    endloop
  endfacet
  facet normal 0 -1 0
    outer loop
      vertex 79.2157 0 8.272
      vertex 78.623 0 8.5636
      vertex 78.8924 0 8.38135
    endloop
  endfacet
  facet normal 0 -1 0
    outer loop
      vertex 81.0137 0 9.12149
      vertex 80.0009 0 8.27081
      vertex 80.8488 0 8.79971
    endloop
  endfacet
  facet normal 0 -1 0
    outer loop
      vertex 78.2426 0 9.14645
      vertex 79.2157 0 8.272
      vertex 79.5929 0 8.23555
    endloop
  endfacet
  facet normal -0 -1 0
    outer loop
      vertex 80.3463 0 8.37659
      vertex 80.8488 0 8.79971
      vertex 80.0009 0 8.27081
    endloop
  endfacet
  facet normal 0 -1 0
    outer loop
      vertex 80.8488 0 8.79971
      vertex 80.3463 0 8.37659
      vertex 80.6289 0 8.55289
    endloop
  endfacet
  facet normal 0 -1 0
    outer loop
      vertex 63.5986 0 8.95894
      vertex 62.903 0 10.4978
      vertex 62.5794 0 10.4849
    endloop
  endfacet
  facet normal 0 -1 0
    outer loop
      vertex 63.0711 0 8.49051
      vertex 62.5794 0 10.4849
      vertex 62.2974 0 10.4571
    endloop
  endfacet
  facet normal 0 -1 0
    outer loop
      vertex 62.6236 0 8.30739
      vertex 62.2974 0 10.4571
      vertex 62.0572 0 10.4143
    endloop
  endfacet
  facet normal 0 -1 0
    outer loop
      vertex 62.3775 0 8.26161
      vertex 62.0572 0 10.4143
      vertex 61.8586 0 10.3567
    endloop
  endfacet
  facet normal 0 -1 0
    outer loop
      vertex 62.3775 0 8.26161
      vertex 61.8586 0 10.3567
      vertex 61.6913 0 10.2828
    endloop
  endfacet
  facet normal 0 -1 0
    outer loop
      vertex 61.1711 0 9.64197
      vertex 61.6913 0 10.2828
      vertex 61.5447 0 10.1912
    endloop
  endfacet
  facet normal 0 -1 0
    outer loop
      vertex 61.1711 0 9.64197
      vertex 61.5447 0 10.1912
      vertex 61.4187 0 10.082
    endloop
  endfacet
  facet normal 0 -1 0
    outer loop
      vertex 62.903 0 10.4978
      vertex 63.9718 0 10.0367
      vertex 63.9718 0 10.5195
    endloop
  endfacet
  facet normal 0 -1 0
    outer loop
      vertex 61.1711 0 9.64197
      vertex 61.4187 0 10.082
      vertex 61.3134 0 9.95523
    endloop
  endfacet
  facet normal 0 -1 0
    outer loop
      vertex 62.903 0 10.4978
      vertex 63.9567 0 9.81303
      vertex 63.9718 0 10.0367
    endloop
  endfacet
  facet normal 0 -1 0
    outer loop
      vertex 61.1711 0 9.64197
      vertex 61.3134 0 9.95523
      vertex 61.2304 0 9.80911
    endloop
  endfacet
  facet normal 0 -1 0
    outer loop
      vertex 61.6913 0 10.2828
      vertex 61.1711 0 9.64197
      vertex 61.1355 0 9.4538
    endloop
  endfacet
  facet normal 0 -1 0
    outer loop
      vertex 62.903 0 10.4978
      vertex 63.9114 0 9.59247
      vertex 63.9567 0 9.81303
    endloop
  endfacet
  facet normal 0 -1 -0
    outer loop
      vertex 61.6913 0 10.2828
      vertex 61.1355 0 9.4538
      vertex 62.3775 0 8.26161
    endloop
  endfacet
  facet normal 0 -1 0
    outer loop
      vertex 62.903 0 10.4978
      vertex 63.836 0 9.37495
      vertex 63.9114 0 9.59247
    endloop
  endfacet
  facet normal 0 -1 0
    outer loop
      vertex 62.1164 0 8.24635
      vertex 61.1355 0 9.4538
      vertex 61.1236 0 9.24458
    endloop
  endfacet
  facet normal 0 -1 0
    outer loop
      vertex 62.903 0 10.4978
      vertex 63.7303 0 9.16051
      vertex 63.836 0 9.37495
    endloop
  endfacet
  facet normal 0 -1 0
    outer loop
      vertex 62.1164 0 8.24635
      vertex 61.1236 0 9.24458
      vertex 61.1397 0 9.01944
    endloop
  endfacet
  facet normal 0 -1 0
    outer loop
      vertex 62.903 0 10.4978
      vertex 63.5986 0 8.95894
      vertex 63.7303 0 9.16051
    endloop
  endfacet
  facet normal 0 -1 0
    outer loop
      vertex 61.8914 0 8.26262
      vertex 61.1397 0 9.01944
      vertex 61.188 0 8.82141
    endloop
  endfacet
  facet normal 0 -1 0
    outer loop
      vertex 62.5794 0 10.4849
      vertex 63.4448 0 8.78009
      vertex 63.5986 0 8.95894
    endloop
  endfacet
  facet normal 0 -1 0
    outer loop
      vertex 61.6939 0 8.31145
      vertex 61.188 0 8.82141
      vertex 61.2685 0 8.65051
    endloop
  endfacet
  facet normal 0 -1 0
    outer loop
      vertex 62.5794 0 10.4849
      vertex 63.269 0 8.62395
      vertex 63.4448 0 8.78009
    endloop
  endfacet
  facet normal 0 -1 0
    outer loop
      vertex 61.6939 0 8.31145
      vertex 61.2685 0 8.65051
      vertex 61.3813 0 8.50674
    endloop
  endfacet
  facet normal 0 -1 0
    outer loop
      vertex 62.5794 0 10.4849
      vertex 63.0711 0 8.49051
      vertex 63.269 0 8.62395
    endloop
  endfacet
  facet normal 0 -1 0
    outer loop
      vertex 61.6939 0 8.31145
      vertex 61.3813 0 8.50674
      vertex 61.5238 0 8.39282
    endloop
  endfacet
  facet normal 0 -1 0
    outer loop
      vertex 62.2974 0 10.4571
      vertex 62.8548 0 8.38368
      vertex 63.0711 0 8.49051
    endloop
  endfacet
  facet normal 0 -1 0
    outer loop
      vertex 61.188 0 8.82141
      vertex 61.6939 0 8.31145
      vertex 61.8914 0 8.26262
    endloop
  endfacet
  facet normal 0 -1 0
    outer loop
      vertex 62.2974 0 10.4571
      vertex 62.6236 0 8.30739
      vertex 62.8548 0 8.38368
    endloop
  endfacet
  facet normal 0 -1 0
    outer loop
      vertex 61.1397 0 9.01944
      vertex 61.8914 0 8.26262
      vertex 62.1164 0 8.24635
    endloop
  endfacet
  facet normal 0 -1 0
    outer loop
      vertex 62.0572 0 10.4143
      vertex 62.3775 0 8.26161
      vertex 62.6236 0 8.30739
    endloop
  endfacet
  facet normal 0 -1 0
    outer loop
      vertex 61.1355 0 9.4538
      vertex 62.1164 0 8.24635
      vertex 62.3775 0 8.26161
    endloop
  endfacet
  facet normal 0 -1 0
    outer loop
      vertex 37.8962 0 12.145
      vertex 39.2056 0 12.8793
      vertex 38.8687 0 12.8496
    endloop
  endfacet
  facet normal 0 -1 0
    outer loop
      vertex 39.2056 0 12.8793
      vertex 40.6418 0 11.9021
      vertex 39.5504 0 12.8527
    endloop
  endfacet
  facet normal 0 -1 0
    outer loop
      vertex 38.0798 0 12.4046
      vertex 38.8687 0 12.8496
      vertex 38.5688 0 12.7606
    endloop
  endfacet
  facet normal -0 -1 -0
    outer loop
      vertex 40.5044 0 12.2092
      vertex 39.5504 0 12.8527
      vertex 40.6418 0 11.9021
    endloop
  endfacet
  facet normal 0 -1 0
    outer loop
      vertex 38.0798 0 12.4046
      vertex 38.5688 0 12.7606
      vertex 38.3058 0 12.6123
    endloop
  endfacet
  facet normal 0 -1 0
    outer loop
      vertex 39.8524 0 12.7728
      vertex 40.5044 0 12.2092
      vertex 40.1118 0 12.6398
    endloop
  endfacet
  facet normal 0 -1 0
    outer loop
      vertex 38.8687 0 12.8496
      vertex 38.0798 0 12.4046
      vertex 37.8962 0 12.145
    endloop
  endfacet
  facet normal 0 -1 0
    outer loop
      vertex 40.1118 0 12.6398
      vertex 40.5044 0 12.2092
      vertex 40.3284 0 12.4534
    endloop
  endfacet
  facet normal 0 -1 0
    outer loop
      vertex 39.2056 0 12.8793
      vertex 37.8962 0 12.145
      vertex 37.7604 0 11.8411
    endloop
  endfacet
  facet normal 0 -1 0
    outer loop
      vertex 39.5504 0 12.8527
      vertex 40.5044 0 12.2092
      vertex 39.8524 0 12.7728
    endloop
  endfacet
  facet normal 0 -1 -0
    outer loop
      vertex 39.2056 0 12.8793
      vertex 37.7604 0 11.8411
      vertex 40.6418 0 11.9021
    endloop
  endfacet
  facet normal 0 -1 0
    outer loop
      vertex 37.7604 0 11.8411
      vertex 40.7404 0 11.5324
      vertex 40.6418 0 11.9021
    endloop
  endfacet
  facet normal 0 -1 0
    outer loop
      vertex 37.6725 0 11.4927
      vertex 40.7404 0 11.5324
      vertex 37.7604 0 11.8411
    endloop
  endfacet
  facet normal 0 -1 0
    outer loop
      vertex 37.6323 0 11.0999
      vertex 40.7404 0 11.5324
      vertex 37.6725 0 11.4927
    endloop
  endfacet
  facet normal 0 -1 -0
    outer loop
      vertex 40.7404 0 11.5324
      vertex 37.6323 0 11.0999
      vertex 40.8004 0 11.0999
    endloop
  endfacet
  facet normal 0 -1 0
    outer loop
      vertex 72.2761 0 12.145
      vertex 73.5854 0 12.8793
      vertex 73.2486 0 12.8496
    endloop
  endfacet
  facet normal 0 -1 0
    outer loop
      vertex 73.5854 0 12.8793
      vertex 75.0217 0 11.9021
      vertex 73.9303 0 12.8527
    endloop
  endfacet
  facet normal 0 -1 0
    outer loop
      vertex 72.4597 0 12.4046
      vertex 73.2486 0 12.8496
      vertex 72.9487 0 12.7606
    endloop
  endfacet
  facet normal -0 -1 -0
    outer loop
      vertex 74.8843 0 12.2092
      vertex 73.9303 0 12.8527
      vertex 75.0217 0 11.9021
    endloop
  endfacet
  facet normal 0 -1 0
    outer loop
      vertex 72.4597 0 12.4046
      vertex 72.9487 0 12.7606
      vertex 72.6857 0 12.6123
    endloop
  endfacet
  facet normal 0 -1 0
    outer loop
      vertex 74.2323 0 12.7728
      vertex 74.8843 0 12.2092
      vertex 74.4917 0 12.6398
    endloop
  endfacet
  facet normal 0 -1 0
    outer loop
      vertex 73.2486 0 12.8496
      vertex 72.4597 0 12.4046
      vertex 72.2761 0 12.145
    endloop
  endfacet
  facet normal 0 -1 0
    outer loop
      vertex 74.4917 0 12.6398
      vertex 74.8843 0 12.2092
      vertex 74.7083 0 12.4534
    endloop
  endfacet
  facet normal 0 -1 0
    outer loop
      vertex 73.5854 0 12.8793
      vertex 72.2761 0 12.145
      vertex 72.1403 0 11.8411
    endloop
  endfacet
  facet normal 0 -1 0
    outer loop
      vertex 73.9303 0 12.8527
      vertex 74.8843 0 12.2092
      vertex 74.2323 0 12.7728
    endloop
  endfacet
  facet normal 0 -1 -0
    outer loop
      vertex 73.5854 0 12.8793
      vertex 72.1403 0 11.8411
      vertex 75.0217 0 11.9021
    endloop
  endfacet
  facet normal 0 -1 0
    outer loop
      vertex 72.1403 0 11.8411
      vertex 75.1203 0 11.5324
      vertex 75.0217 0 11.9021
    endloop
  endfacet
  facet normal 0 -1 0
    outer loop
      vertex 72.0524 0 11.4927
      vertex 75.1203 0 11.5324
      vertex 72.1403 0 11.8411
    endloop
  endfacet
  facet normal 0 -1 0
    outer loop
      vertex 72.0122 0 11.0999
      vertex 75.1203 0 11.5324
      vertex 72.0524 0 11.4927
    endloop
  endfacet
  facet normal 0 -1 -0
    outer loop
      vertex 75.1203 0 11.5324
      vertex 72.0122 0 11.0999
      vertex 75.1803 0 11.0999
    endloop
  endfacet
  facet normal 0 -1 0
    outer loop
      vertex 68.8419 -0.95 7.62251
      vertex 69.8184 -0.95 15.6732
      vertex 68.8419 -0.95 15.6732
    endloop
  endfacet
  facet normal 0 -1 -0
    outer loop
      vertex 69.8184 -0.95 15.6732
      vertex 68.8419 -0.95 7.62251
      vertex 69.8184 -0.95 7.62251
    endloop
  endfacet
  facet normal 0 -1 0
    outer loop
      vertex 66.4312 -0.95 7.62251
      vertex 67.4077 -0.95 15.6732
      vertex 66.4312 -0.95 15.6732
    endloop
  endfacet
  facet normal 0 -1 -0
    outer loop
      vertex 67.4077 -0.95 15.6732
      vertex 66.4312 -0.95 7.62251
      vertex 67.4077 -0.95 7.62251
    endloop
  endfacet
  facet normal 0 -1 0
    outer loop
      vertex 31.4474 -0.95 15.6732
      vertex 32.4238 -0.95 10.6443
      vertex 32.4238 -0.95 15.6732
    endloop
  endfacet
  facet normal 0 -1 0
    outer loop
      vertex 32.4238 -0.95 10.6443
      vertex 32.4238 -0.95 9.71115
      vertex 33.14 -0.95 10.3024
    endloop
  endfacet
  facet normal 0 -1 0
    outer loop
      vertex 31.4474 -0.95 7.62251
      vertex 32.4238 -0.95 10.6443
      vertex 31.4474 -0.95 15.6732
    endloop
  endfacet
  facet normal 0 -1 -0
    outer loop
      vertex 32.4238 -0.95 10.6443
      vertex 31.4474 -0.95 7.62251
      vertex 32.4238 -0.95 9.71115
    endloop
  endfacet
  facet normal 0 -1 -0
    outer loop
      vertex 32.4238 -0.95 9.71115
      vertex 31.4474 -0.95 7.62251
      vertex 32.4238 -0.95 7.62251
    endloop
  endfacet
  facet normal 0 -1 -0
    outer loop
      vertex 35.0007 -0.95 13.4923
      vertex 33.7638 -0.95 10.9697
      vertex 36.1454 -0.95 13.4923
    endloop
  endfacet
  facet normal 0 -1 0
    outer loop
      vertex 32.4238 -0.95 10.6443
      vertex 33.7638 -0.95 10.9697
      vertex 35.0007 -0.95 13.4923
    endloop
  endfacet
  facet normal 0 -1 0
    outer loop
      vertex 33.14 -0.95 10.3024
      vertex 33.7638 -0.95 10.9697
      vertex 32.4238 -0.95 10.6443
    endloop
  endfacet
  facet normal 0 -1 0
    outer loop
      vertex 35.1255 -0.95 7.62251
      vertex 33.7638 -0.95 10.9697
      vertex 33.14 -0.95 10.3024
    endloop
  endfacet
  facet normal 0 -1 0
    outer loop
      vertex 33.7638 -0.95 10.9697
      vertex 35.1255 -0.95 7.62251
      vertex 36.2702 -0.95 7.62251
    endloop
  endfacet
  facet normal 0 -1 0
    outer loop
      vertex 25.4162 -0.95 13.3286
      vertex 26.3242 -0.95 13.4923
      vertex 25.4019 -0.95 13.4923
    endloop
  endfacet
  facet normal 0 -1 -0
    outer loop
      vertex 26.3242 -0.95 13.4923
      vertex 25.4162 -0.95 13.3286
      vertex 26.3269 -0.95 13.473
    endloop
  endfacet
  facet normal 0 -1 -0
    outer loop
      vertex 26.3269 -0.95 13.473
      vertex 25.4162 -0.95 13.3286
      vertex 26.3296 -0.95 13.4422
    endloop
  endfacet
  facet normal 0 -1 -0
    outer loop
      vertex 26.3296 -0.95 13.4422
      vertex 25.4162 -0.95 13.3286
      vertex 26.3323 -0.95 13.3998
    endloop
  endfacet
  facet normal 0 -1 -0
    outer loop
      vertex 26.3323 -0.95 13.3998
      vertex 25.4162 -0.95 13.3286
      vertex 26.335 -0.95 13.3459
    endloop
  endfacet
  facet normal 0 -1 0
    outer loop
      vertex 25.4162 -0.95 13.3286
      vertex 26.3379 -0.95 13.284
      vertex 26.335 -0.95 13.3459
    endloop
  endfacet
  facet normal 0 -1 0
    outer loop
      vertex 25.4162 -0.95 13.3286
      vertex 26.3411 -0.95 13.2177
      vertex 26.3379 -0.95 13.284
    endloop
  endfacet
  facet normal 0 -1 0
    outer loop
      vertex 25.4263 -0.95 13.0651
      vertex 26.3411 -0.95 13.2177
      vertex 25.4162 -0.95 13.3286
    endloop
  endfacet
  facet normal 0 -1 -0
    outer loop
      vertex 26.3411 -0.95 13.2177
      vertex 25.4263 -0.95 13.0651
      vertex 26.3447 -0.95 13.147
    endloop
  endfacet
  facet normal 0 -1 -0
    outer loop
      vertex 26.3447 -0.95 13.147
      vertex 25.4263 -0.95 13.0651
      vertex 26.3486 -0.95 13.0719
    endloop
  endfacet
  facet normal 0 -1 0
    outer loop
      vertex 25.4263 -0.95 13.0651
      vertex 26.3528 -0.95 12.9774
      vertex 26.3486 -0.95 13.0719
    endloop
  endfacet
  facet normal 0 -1 0
    outer loop
      vertex 25.4263 -0.95 13.0651
      vertex 26.3574 -0.95 12.8488
      vertex 26.3528 -0.95 12.9774
    endloop
  endfacet
  facet normal 0 -1 0
    outer loop
      vertex 25.4324 -0.95 12.702
      vertex 26.3574 -0.95 12.8488
      vertex 25.4263 -0.95 13.0651
    endloop
  endfacet
  facet normal 0 -1 0
    outer loop
      vertex 25.4324 -0.95 12.702
      vertex 26.3623 -0.95 12.6859
      vertex 26.3574 -0.95 12.8488
    endloop
  endfacet
  facet normal 0 -1 0
    outer loop
      vertex 25.4324 -0.95 12.702
      vertex 26.3676 -0.95 12.4887
      vertex 26.3623 -0.95 12.6859
    endloop
  endfacet
  facet normal 0 -1 0
    outer loop
      vertex 26.6399 -0.95 12.0991
      vertex 26.3839 -0.95 12.4887
      vertex 26.3676 -0.95 12.4887
    endloop
  endfacet
  facet normal 0 -1 0
    outer loop
      vertex 25.4344 -0.95 12.2391
      vertex 26.3676 -0.95 12.4887
      vertex 25.4324 -0.95 12.702
    endloop
  endfacet
  facet normal 0 -1 0
    outer loop
      vertex 26.5127 -0.95 11.7875
      vertex 26.3676 -0.95 12.4887
      vertex 25.4344 -0.95 12.2391
    endloop
  endfacet
  facet normal 0 -1 0
    outer loop
      vertex 26.3839 -0.95 12.4887
      vertex 26.6399 -0.95 12.0991
      vertex 26.8179 -0.95 12.3639
    endloop
  endfacet
  facet normal 0 -1 0
    outer loop
      vertex 26.3676 -0.95 12.4887
      vertex 26.5127 -0.95 11.7875
      vertex 26.6399 -0.95 12.0991
    endloop
  endfacet
  facet normal 0 -1 0
    outer loop
      vertex 25.4344 -0.95 12.2391
      vertex 26.4364 -0.95 11.4292
      vertex 26.5127 -0.95 11.7875
    endloop
  endfacet
  facet normal 0 -1 0
    outer loop
      vertex 25.4344 -0.95 12.2391
      vertex 26.411 -0.95 11.0239
      vertex 26.4364 -0.95 11.4292
    endloop
  endfacet
  facet normal 0 -1 0
    outer loop
      vertex 25.4344 -0.95 7.62251
      vertex 26.411 -0.95 11.0239
      vertex 25.4344 -0.95 12.2391
    endloop
  endfacet
  facet normal 0 -1 -0
    outer loop
      vertex 26.411 -0.95 11.0239
      vertex 25.4344 -0.95 7.62251
      vertex 26.411 -0.95 7.62251
    endloop
  endfacet
  facet normal 0 -1 -0
    outer loop
      vertex 27.658 -0.95 13.5378
      vertex 27.596 -0.95 12.8166
      vertex 27.9299 -0.95 12.8467
    endloop
  endfacet
  facet normal 0 -1 0
    outer loop
      vertex 27.0399 -0.95 12.5752
      vertex 26.7466 -0.95 13.0075
      vertex 26.5586 -0.95 12.7703
    endloop
  endfacet
  facet normal 0 -1 0
    outer loop
      vertex 26.9478 -0.95 13.2002
      vertex 27.2993 -0.95 12.726
      vertex 27.596 -0.95 12.8166
    endloop
  endfacet
  facet normal 0 -1 0
    outer loop
      vertex 26.7466 -0.95 13.0075
      vertex 27.0399 -0.95 12.5752
      vertex 27.2993 -0.95 12.726
    endloop
  endfacet
  facet normal 0 -1 0
    outer loop
      vertex 26.8179 -0.95 12.3639
      vertex 26.5586 -0.95 12.7703
      vertex 26.3839 -0.95 12.4887
    endloop
  endfacet
  facet normal 0 -1 0
    outer loop
      vertex 26.5586 -0.95 12.7703
      vertex 26.8179 -0.95 12.3639
      vertex 27.0399 -0.95 12.5752
    endloop
  endfacet
  facet normal 0 -1 0
    outer loop
      vertex 28.1568 -0.95 12.8379
      vertex 28.2609 -0.95 13.6008
      vertex 27.9461 -0.95 13.5851
    endloop
  endfacet
  facet normal 0 -1 0
    outer loop
      vertex 27.9299 -0.95 12.8467
      vertex 27.9461 -0.95 13.5851
      vertex 27.658 -0.95 13.5378
    endloop
  endfacet
  facet normal 0 -1 -0
    outer loop
      vertex 28.2609 -0.95 13.6008
      vertex 28.1568 -0.95 12.8379
      vertex 28.3544 -0.95 12.8115
    endloop
  endfacet
  facet normal 0 -1 0
    outer loop
      vertex 27.596 -0.95 12.8166
      vertex 27.658 -0.95 13.5378
      vertex 27.3967 -0.95 13.4589
    endloop
  endfacet
  facet normal 0 -1 0
    outer loop
      vertex 27.596 -0.95 12.8166
      vertex 27.3967 -0.95 13.4589
      vertex 27.1623 -0.95 13.3486
    endloop
  endfacet
  facet normal 0 -1 0
    outer loop
      vertex 28.2609 -0.95 13.6008
      vertex 28.3544 -0.95 12.8115
      vertex 28.7113 -0.95 13.5708
    endloop
  endfacet
  facet normal 0 -1 0
    outer loop
      vertex 27.596 -0.95 12.8166
      vertex 27.1623 -0.95 13.3486
      vertex 26.9478 -0.95 13.2002
    endloop
  endfacet
  facet normal 0 -1 -0
    outer loop
      vertex 27.9461 -0.95 13.5851
      vertex 27.9299 -0.95 12.8467
      vertex 28.1568 -0.95 12.8379
    endloop
  endfacet
  facet normal 0 -1 0
    outer loop
      vertex 27.2993 -0.95 12.726
      vertex 26.9478 -0.95 13.2002
      vertex 26.7466 -0.95 13.0075
    endloop
  endfacet
  facet normal 0 -1 0
    outer loop
      vertex 28.5229 -0.95 12.7674
      vertex 28.7113 -0.95 13.5708
      vertex 28.3544 -0.95 12.8115
    endloop
  endfacet
  facet normal 0 -1 0
    outer loop
      vertex 28.6623 -0.95 12.7057
      vertex 28.7113 -0.95 13.5708
      vertex 28.5229 -0.95 12.7674
    endloop
  endfacet
  facet normal 0 -1 -0
    outer loop
      vertex 28.7113 -0.95 13.5708
      vertex 28.6623 -0.95 12.7057
      vertex 29.097 -0.95 13.4808
    endloop
  endfacet
  facet normal 0 -1 0
    outer loop
      vertex 28.7786 -0.95 12.624
      vertex 29.097 -0.95 13.4808
      vertex 28.6623 -0.95 12.7057
    endloop
  endfacet
  facet normal 0 -1 -0
    outer loop
      vertex 29.097 -0.95 13.4808
      vertex 28.7786 -0.95 12.624
      vertex 29.4179 -0.95 13.3308
    endloop
  endfacet
  facet normal 0 -1 0
    outer loop
      vertex 28.8779 -0.95 12.5199
      vertex 29.4179 -0.95 13.3308
      vertex 28.7786 -0.95 12.624
    endloop
  endfacet
  facet normal 0 -1 -0
    outer loop
      vertex 29.4179 -0.95 13.3308
      vertex 28.8779 -0.95 12.5199
      vertex 29.674 -0.95 13.1207
    endloop
  endfacet
  facet normal 0 -1 0
    outer loop
      vertex 28.9603 -0.95 12.3934
      vertex 29.674 -0.95 13.1207
      vertex 28.8779 -0.95 12.5199
    endloop
  endfacet
  facet normal 0 -1 -0
    outer loop
      vertex 29.674 -0.95 13.1207
      vertex 28.9603 -0.95 12.3934
      vertex 29.8699 -0.95 12.8415
    endloop
  endfacet
  facet normal 0 -1 0
    outer loop
      vertex 29.0258 -0.95 12.2446
      vertex 29.8699 -0.95 12.8415
      vertex 28.9603 -0.95 12.3934
    endloop
  endfacet
  facet normal 0 -1 -0
    outer loop
      vertex 29.8699 -0.95 12.8415
      vertex 29.0258 -0.95 12.2446
      vertex 30.0097 -0.95 12.484
    endloop
  endfacet
  facet normal 0 -1 0
    outer loop
      vertex 29.0756 -0.95 12.0683
      vertex 30.0097 -0.95 12.484
      vertex 29.0258 -0.95 12.2446
    endloop
  endfacet
  facet normal 0 -1 0
    outer loop
      vertex 29.0756 -0.95 12.0683
      vertex 30.0937 -0.95 12.0481
      vertex 30.0097 -0.95 12.484
    endloop
  endfacet
  facet normal 0 -1 0
    outer loop
      vertex 29.1112 -0.95 11.8594
      vertex 30.0937 -0.95 12.0481
      vertex 29.0756 -0.95 12.0683
    endloop
  endfacet
  facet normal 0 -1 0
    outer loop
      vertex 29.1326 -0.95 11.618
      vertex 30.0937 -0.95 12.0481
      vertex 29.1112 -0.95 11.8594
    endloop
  endfacet
  facet normal 0 -1 0
    outer loop
      vertex 29.1326 -0.95 11.618
      vertex 30.1216 -0.95 11.5339
      vertex 30.0937 -0.95 12.0481
    endloop
  endfacet
  facet normal 0 -1 0
    outer loop
      vertex 29.1397 -0.95 11.344
      vertex 30.1216 -0.95 11.5339
      vertex 29.1326 -0.95 11.618
    endloop
  endfacet
  facet normal 0 -1 0
    outer loop
      vertex 30.1216 -0.95 7.62251
      vertex 29.1397 -0.95 11.344
      vertex 29.1397 -0.95 7.62251
    endloop
  endfacet
  facet normal 0 -1 0
    outer loop
      vertex 29.1397 -0.95 11.344
      vertex 30.1216 -0.95 7.62251
      vertex 30.1216 -0.95 11.5339
    endloop
  endfacet
  facet normal 0 -1 0
    outer loop
      vertex 11.8967 -0.95 9.45619
      vertex 13.0115 -0.95 9.33531
      vertex 12.9003 -0.95 9.65691
    endloop
  endfacet
  facet normal 0 -1 0
    outer loop
      vertex 12.2659 -0.95 8.60649
      vertex 13.0115 -0.95 9.33531
      vertex 11.8967 -0.95 9.45619
    endloop
  endfacet
  facet normal 0 -1 -0
    outer loop
      vertex 13.0115 -0.95 9.33531
      vertex 12.2659 -0.95 8.60649
      vertex 13.1716 -0.95 9.05949
    endloop
  endfacet
  facet normal 0 -1 0
    outer loop
      vertex 12.9288 -0.95 7.99957
      vertex 13.1716 -0.95 9.05949
      vertex 12.2659 -0.95 8.60649
    endloop
  endfacet
  facet normal 0 -1 -0
    outer loop
      vertex 13.1716 -0.95 9.05949
      vertex 12.9288 -0.95 7.99957
      vertex 13.3804 -0.95 8.82944
    endloop
  endfacet
  facet normal 0 -1 -0
    outer loop
      vertex 13.3804 -0.95 8.82944
      vertex 12.9288 -0.95 7.99957
      vertex 13.6381 -0.95 8.64514
    endloop
  endfacet
  facet normal 0 -1 0
    outer loop
      vertex 13.8853 -0.95 7.63541
      vertex 13.6381 -0.95 8.64514
      vertex 12.9288 -0.95 7.99957
    endloop
  endfacet
  facet normal 0 -1 0
    outer loop
      vertex 13.6381 -0.95 8.64514
      vertex 13.8853 -0.95 7.63541
      vertex 13.9456 -0.95 8.50392
    endloop
  endfacet
  facet normal 0 -1 0
    outer loop
      vertex 15.1354 -0.95 7.51402
      vertex 15.1734 -0.95 8.32234
      vertex 14.7133 -0.95 8.34253
    endloop
  endfacet
  facet normal 0 -1 -0
    outer loop
      vertex 13.9456 -0.95 8.50392
      vertex 13.8853 -0.95 7.63541
      vertex 14.304 -0.95 8.40305
    endloop
  endfacet
  facet normal 0 -1 -0
    outer loop
      vertex 14.304 -0.95 8.40305
      vertex 13.8853 -0.95 7.63541
      vertex 14.7133 -0.95 8.34253
    endloop
  endfacet
  facet normal 0 -1 -0
    outer loop
      vertex 15.1734 -0.95 8.32234
      vertex 15.1354 -0.95 7.51402
      vertex 15.8446 -0.95 7.55031
    endloop
  endfacet
  facet normal 0 -1 0
    outer loop
      vertex 15.1734 -0.95 8.32234
      vertex 15.8446 -0.95 7.55031
      vertex 16.4693 -0.95 7.65915
    endloop
  endfacet
  facet normal 0 -1 -0
    outer loop
      vertex 14.7133 -0.95 8.34253
      vertex 13.8853 -0.95 7.63541
      vertex 15.1354 -0.95 7.51402
    endloop
  endfacet
  facet normal 0 -1 0
    outer loop
      vertex 15.1734 -0.95 8.32234
      vertex 16.4693 -0.95 7.65915
      vertex 17.0096 -0.95 7.84055
    endloop
  endfacet
  facet normal 0 -1 0
    outer loop
      vertex 15.1734 -0.95 8.32234
      vertex 17.0096 -0.95 7.84055
      vertex 17.4654 -0.95 8.09451
    endloop
  endfacet
  facet normal 0 -1 0
    outer loop
      vertex 14.715 -0.95 14.5801
      vertex 15.1571 -0.95 15.3802
      vertex 14.4978 -0.95 15.347
    endloop
  endfacet
  facet normal 0 -1 0
    outer loop
      vertex 15.5412 -0.95 14.5819
      vertex 15.1571 -0.95 15.3802
      vertex 15.1462 -0.95 14.599
    endloop
  endfacet
  facet normal 0 -1 0
    outer loop
      vertex 14.3379 -0.95 14.5231
      vertex 14.4978 -0.95 15.347
      vertex 13.9195 -0.95 15.2473
    endloop
  endfacet
  facet normal 0 -1 0
    outer loop
      vertex 15.1571 -0.95 15.3802
      vertex 15.5412 -0.95 14.5819
      vertex 15.7698 -0.95 15.3553
    endloop
  endfacet
  facet normal 0 -1 0
    outer loop
      vertex 14.0151 -0.95 14.4281
      vertex 13.9195 -0.95 15.2473
      vertex 13.4223 -0.95 15.0812
    endloop
  endfacet
  facet normal 0 -1 0
    outer loop
      vertex 15.8908 -0.95 14.5305
      vertex 15.7698 -0.95 15.3553
      vertex 15.5412 -0.95 14.5819
    endloop
  endfacet
  facet normal 0 -1 0
    outer loop
      vertex 13.7466 -0.95 14.2952
      vertex 13.4223 -0.95 15.0812
      vertex 13.0061 -0.95 14.8486
    endloop
  endfacet
  facet normal 0 -1 0
    outer loop
      vertex 15.7698 -0.95 15.3553
      vertex 15.8908 -0.95 14.5305
      vertex 16.3059 -0.95 15.2805
    endloop
  endfacet
  facet normal 0 -1 0
    outer loop
      vertex 16.195 -0.95 14.4449
      vertex 16.3059 -0.95 15.2805
      vertex 15.8908 -0.95 14.5305
    endloop
  endfacet
  facet normal 0 -1 0
    outer loop
      vertex 15.1571 -0.95 15.3802
      vertex 14.715 -0.95 14.5801
      vertex 15.1462 -0.95 14.599
    endloop
  endfacet
  facet normal 0 -1 0
    outer loop
      vertex 13.5353 -0.95 14.1247
      vertex 13.0061 -0.95 14.8486
      vertex 12.6774 -0.95 14.5546
    endloop
  endfacet
  facet normal 0 -1 -0
    outer loop
      vertex 14.4978 -0.95 15.347
      vertex 14.3379 -0.95 14.5231
      vertex 14.715 -0.95 14.5801
    endloop
  endfacet
  facet normal 0 -1 0
    outer loop
      vertex 13.9195 -0.95 15.2473
      vertex 14.0151 -0.95 14.4281
      vertex 14.3379 -0.95 14.5231
    endloop
  endfacet
  facet normal 0 -1 0
    outer loop
      vertex 13.4223 -0.95 15.0812
      vertex 13.7466 -0.95 14.2952
      vertex 14.0151 -0.95 14.4281
    endloop
  endfacet
  facet normal 0 -1 0
    outer loop
      vertex 13.3845 -0.95 13.9169
      vertex 12.6774 -0.95 14.5546
      vertex 12.4426 -0.95 14.2044
    endloop
  endfacet
  facet normal 0 -1 0
    outer loop
      vertex 13.0061 -0.95 14.8486
      vertex 13.5353 -0.95 14.1247
      vertex 13.7466 -0.95 14.2952
    endloop
  endfacet
  facet normal 0 -1 0
    outer loop
      vertex 12.6774 -0.95 14.5546
      vertex 13.3845 -0.95 13.9169
      vertex 13.5353 -0.95 14.1247
    endloop
  endfacet
  facet normal 0 -1 0
    outer loop
      vertex 13.2939 -0.95 13.6717
      vertex 12.4426 -0.95 14.2044
      vertex 12.3017 -0.95 13.7979
    endloop
  endfacet
  facet normal 0 -1 0
    outer loop
      vertex 12.4426 -0.95 14.2044
      vertex 13.2939 -0.95 13.6717
      vertex 13.3845 -0.95 13.9169
    endloop
  endfacet
  facet normal 0 -1 0
    outer loop
      vertex 12.3017 -0.95 13.7979
      vertex 13.2638 -0.95 13.3893
      vertex 13.2939 -0.95 13.6717
    endloop
  endfacet
  facet normal 0 -1 0
    outer loop
      vertex 12.2547 -0.95 13.3351
      vertex 13.2638 -0.95 13.3893
      vertex 12.3017 -0.95 13.7979
    endloop
  endfacet
  facet normal 0 -1 0
    outer loop
      vertex 12.2547 -0.95 13.3351
      vertex 13.2755 -0.95 13.2206
      vertex 13.2638 -0.95 13.3893
    endloop
  endfacet
  facet normal 0 -1 0
    outer loop
      vertex 12.2637 -0.95 13.1268
      vertex 13.2755 -0.95 13.2206
      vertex 12.2547 -0.95 13.3351
    endloop
  endfacet
  facet normal 0 -1 0
    outer loop
      vertex 12.2906 -0.95 12.9308
      vertex 13.2755 -0.95 13.2206
      vertex 12.2637 -0.95 13.1268
    endloop
  endfacet
  facet normal 0 -1 -0
    outer loop
      vertex 13.2755 -0.95 13.2206
      vertex 12.2906 -0.95 12.9308
      vertex 13.3105 -0.95 13.0672
    endloop
  endfacet
  facet normal 0 -1 0
    outer loop
      vertex 12.3356 -0.95 12.747
      vertex 13.3105 -0.95 13.0672
      vertex 12.2906 -0.95 12.9308
    endloop
  endfacet
  facet normal 0 -1 0
    outer loop
      vertex 12.3985 -0.95 12.5755
      vertex 13.3105 -0.95 13.0672
      vertex 12.3356 -0.95 12.747
    endloop
  endfacet
  facet normal 0 -1 -0
    outer loop
      vertex 13.3105 -0.95 13.0672
      vertex 12.3985 -0.95 12.5755
      vertex 13.369 -0.95 12.929
    endloop
  endfacet
  facet normal 0 -1 0
    outer loop
      vertex 12.4783 -0.95 12.4153
      vertex 13.369 -0.95 12.929
      vertex 12.3985 -0.95 12.5755
    endloop
  endfacet
  facet normal 0 -1 0
    outer loop
      vertex 12.5741 -0.95 12.2656
      vertex 13.369 -0.95 12.929
      vertex 12.4783 -0.95 12.4153
    endloop
  endfacet
  facet normal 0 -1 -0
    outer loop
      vertex 13.369 -0.95 12.929
      vertex 12.5741 -0.95 12.2656
      vertex 13.4509 -0.95 12.8061
    endloop
  endfacet
  facet normal 0 -1 0
    outer loop
      vertex 12.6859 -0.95 12.1264
      vertex 13.4509 -0.95 12.8061
      vertex 12.5741 -0.95 12.2656
    endloop
  endfacet
  facet normal 0 -1 0
    outer loop
      vertex 12.8135 -0.95 11.9977
      vertex 13.4509 -0.95 12.8061
      vertex 12.6859 -0.95 12.1264
    endloop
  endfacet
  facet normal 0 -1 -0
    outer loop
      vertex 13.4509 -0.95 12.8061
      vertex 12.8135 -0.95 11.9977
      vertex 13.5548 -0.95 12.6952
    endloop
  endfacet
  facet normal 0 -1 0
    outer loop
      vertex 12.9615 -0.95 11.8772
      vertex 13.5548 -0.95 12.6952
      vertex 12.8135 -0.95 11.9977
    endloop
  endfacet
  facet normal 0 -1 -0
    outer loop
      vertex 13.5548 -0.95 12.6952
      vertex 12.9615 -0.95 11.8772
      vertex 13.6794 -0.95 12.5932
    endloop
  endfacet
  facet normal 0 -1 0
    outer loop
      vertex 13.1343 -0.95 11.7624
      vertex 13.6794 -0.95 12.5932
      vertex 12.9615 -0.95 11.8772
    endloop
  endfacet
  facet normal 0 -1 0
    outer loop
      vertex 13.3318 -0.95 11.6534
      vertex 13.6794 -0.95 12.5932
      vertex 13.1343 -0.95 11.7624
    endloop
  endfacet
  facet normal 0 -1 -0
    outer loop
      vertex 13.6794 -0.95 12.5932
      vertex 13.3318 -0.95 11.6534
      vertex 13.8247 -0.95 12.4999
    endloop
  endfacet
  facet normal 0 -1 0
    outer loop
      vertex 13.554 -0.95 11.5502
      vertex 13.8247 -0.95 12.4999
      vertex 13.3318 -0.95 11.6534
    endloop
  endfacet
  facet normal 0 -1 -0
    outer loop
      vertex 13.8247 -0.95 12.4999
      vertex 13.554 -0.95 11.5502
      vertex 13.9907 -0.95 12.4155
    endloop
  endfacet
  facet normal 0 -1 -0
    outer loop
      vertex 13.9907 -0.95 12.4155
      vertex 13.8159 -0.95 11.4498
      vertex 14.2108 -0.95 12.3309
    endloop
  endfacet
  facet normal 0 -1 0
    outer loop
      vertex 14.1325 -0.95 11.3495
      vertex 14.2108 -0.95 12.3309
      vertex 13.8159 -0.95 11.4498
    endloop
  endfacet
  facet normal 0 -1 0
    outer loop
      vertex 14.5036 -0.95 11.2491
      vertex 14.5183 -0.95 12.2371
      vertex 14.1325 -0.95 11.3495
    endloop
  endfacet
  facet normal 0 -1 0
    outer loop
      vertex 13.8159 -0.95 11.4498
      vertex 13.9907 -0.95 12.4155
      vertex 13.554 -0.95 11.5502
    endloop
  endfacet
  facet normal 0 -1 -0
    outer loop
      vertex 14.5183 -0.95 12.2371
      vertex 14.5036 -0.95 11.2491
      vertex 14.9133 -0.95 12.1342
    endloop
  endfacet
  facet normal 0 -1 0
    outer loop
      vertex 14.9293 -0.95 11.1487
      vertex 14.9133 -0.95 12.1342
      vertex 14.5036 -0.95 11.2491
    endloop
  endfacet
  facet normal 0 -1 0
    outer loop
      vertex 14.9133 -0.95 12.1342
      vertex 14.9293 -0.95 11.1487
      vertex 15.3958 -0.95 12.0222
    endloop
  endfacet
  facet normal 0 -1 -0
    outer loop
      vertex 14.2108 -0.95 12.3309
      vertex 14.1325 -0.95 11.3495
      vertex 14.5183 -0.95 12.2371
    endloop
  endfacet
  facet normal 0 -1 0
    outer loop
      vertex 15.1839 -0.95 11.0901
      vertex 15.3958 -0.95 12.0222
      vertex 14.9293 -0.95 11.1487
    endloop
  endfacet
  facet normal 0 -1 -0
    outer loop
      vertex 15.3958 -0.95 12.0222
      vertex 15.1839 -0.95 11.0901
      vertex 15.5719 -0.95 11.9813
    endloop
  endfacet
  facet normal 0 -1 0
    outer loop
      vertex 15.427 -0.95 11.0334
      vertex 15.5719 -0.95 11.9813
      vertex 15.1839 -0.95 11.0901
    endloop
  endfacet
  facet normal 0 -1 -0
    outer loop
      vertex 15.5719 -0.95 11.9813
      vertex 15.427 -0.95 11.0334
      vertex 15.7477 -0.95 11.9401
    endloop
  endfacet
  facet normal 0 -1 0
    outer loop
      vertex 15.6586 -0.95 10.9788
      vertex 15.7477 -0.95 11.9401
      vertex 15.427 -0.95 11.0334
    endloop
  endfacet
  facet normal 0 -1 -0
    outer loop
      vertex 15.7477 -0.95 11.9401
      vertex 15.6586 -0.95 10.9788
      vertex 15.9232 -0.95 11.8986
    endloop
  endfacet
  facet normal 0 -1 0
    outer loop
      vertex 15.8786 -0.95 10.9263
      vertex 15.9232 -0.95 11.8986
      vertex 15.6586 -0.95 10.9788
    endloop
  endfacet
  facet normal 0 -1 -0
    outer loop
      vertex 15.9232 -0.95 11.8986
      vertex 15.8786 -0.95 10.9263
      vertex 16.0983 -0.95 11.8567
    endloop
  endfacet
  facet normal 0 -1 -0
    outer loop
      vertex 16.0983 -0.95 11.8567
      vertex 15.8786 -0.95 10.9263
      vertex 16.2714 -0.95 11.8127
    endloop
  endfacet
  facet normal 0 -1 0
    outer loop
      vertex 16.0854 -0.95 10.8717
      vertex 16.2714 -0.95 11.8127
      vertex 15.8786 -0.95 10.9263
    endloop
  endfacet
  facet normal 0 -1 -0
    outer loop
      vertex 16.2714 -0.95 11.8127
      vertex 16.0854 -0.95 10.8717
      vertex 16.4408 -0.95 11.7645
    endloop
  endfacet
  facet normal 0 -1 0
    outer loop
      vertex 16.2774 -0.95 10.811
      vertex 16.4408 -0.95 11.7645
      vertex 16.0854 -0.95 10.8717
    endloop
  endfacet
  facet normal 0 -1 -0
    outer loop
      vertex 16.4408 -0.95 11.7645
      vertex 16.2774 -0.95 10.811
      vertex 16.6064 -0.95 11.7123
    endloop
  endfacet
  facet normal 0 -1 -0
    outer loop
      vertex 16.6064 -0.95 11.7123
      vertex 16.2774 -0.95 10.811
      vertex 16.7683 -0.95 11.656
    endloop
  endfacet
  facet normal 0 -1 0
    outer loop
      vertex 16.4543 -0.95 10.7442
      vertex 16.7683 -0.95 11.656
      vertex 16.2774 -0.95 10.811
    endloop
  endfacet
  facet normal 0 -1 -0
    outer loop
      vertex 16.7683 -0.95 11.656
      vertex 16.4543 -0.95 10.7442
      vertex 16.9258 -0.95 11.5952
    endloop
  endfacet
  facet normal 0 -1 0
    outer loop
      vertex 16.6164 -0.95 10.6713
      vertex 16.9258 -0.95 11.5952
      vertex 16.4543 -0.95 10.7442
    endloop
  endfacet
  facet normal 0 -1 -0
    outer loop
      vertex 16.9258 -0.95 11.5952
      vertex 16.6164 -0.95 10.6713
      vertex 17.0782 -0.95 11.5292
    endloop
  endfacet
  facet normal 0 -1 0
    outer loop
      vertex 16.7624 -0.95 10.5903
      vertex 17.0782 -0.95 11.5292
      vertex 16.6164 -0.95 10.6713
    endloop
  endfacet
  facet normal 0 -1 -0
    outer loop
      vertex 17.0782 -0.95 11.5292
      vertex 16.7624 -0.95 10.5903
      vertex 17.2255 -0.95 11.4582
    endloop
  endfacet
  facet normal 0 -1 -0
    outer loop
      vertex 17.2255 -0.95 11.4582
      vertex 16.7624 -0.95 10.5903
      vertex 17.3678 -0.95 11.382
    endloop
  endfacet
  facet normal 0 -1 0
    outer loop
      vertex 16.8911 -0.95 10.4991
      vertex 17.3678 -0.95 11.382
      vertex 16.7624 -0.95 10.5903
    endloop
  endfacet
  facet normal 0 -1 -0
    outer loop
      vertex 17.3678 -0.95 11.382
      vertex 16.8911 -0.95 10.4991
      vertex 17.5029 -0.95 11.299
    endloop
  endfacet
  facet normal 0 -1 -0
    outer loop
      vertex 17.5029 -0.95 11.299
      vertex 16.8911 -0.95 10.4991
      vertex 17.6289 -0.95 11.2071
    endloop
  endfacet
  facet normal 0 -1 0
    outer loop
      vertex 17.0025 -0.95 10.3977
      vertex 17.6289 -0.95 11.2071
      vertex 16.8911 -0.95 10.4991
    endloop
  endfacet
  facet normal 0 -1 -0
    outer loop
      vertex 17.6289 -0.95 11.2071
      vertex 17.0025 -0.95 10.3977
      vertex 17.7457 -0.95 11.1064
    endloop
  endfacet
  facet normal 0 -1 -0
    outer loop
      vertex 17.7457 -0.95 11.1064
      vertex 17.0025 -0.95 10.3977
      vertex 17.8534 -0.95 10.9968
    endloop
  endfacet
  facet normal 0 -1 0
    outer loop
      vertex 17.0966 -0.95 10.2862
      vertex 17.8534 -0.95 10.9968
      vertex 17.0025 -0.95 10.3977
    endloop
  endfacet
  facet normal 0 -1 -0
    outer loop
      vertex 17.8534 -0.95 10.9968
      vertex 17.0966 -0.95 10.2862
      vertex 17.9508 -0.95 10.8778
    endloop
  endfacet
  facet normal 0 -1 -0
    outer loop
      vertex 17.9508 -0.95 10.8778
      vertex 17.0966 -0.95 10.2862
      vertex 18.0371 -0.95 10.7486
    endloop
  endfacet
  facet normal 0 -1 0
    outer loop
      vertex 17.1713 -0.95 10.1607
      vertex 18.0371 -0.95 10.7486
      vertex 17.0966 -0.95 10.2862
    endloop
  endfacet
  facet normal 0 -1 -0
    outer loop
      vertex 18.0371 -0.95 10.7486
      vertex 17.1713 -0.95 10.1607
      vertex 18.1122 -0.95 10.6093
    endloop
  endfacet
  facet normal 0 -1 -0
    outer loop
      vertex 18.1122 -0.95 10.6093
      vertex 17.1713 -0.95 10.1607
      vertex 18.1762 -0.95 10.4598
    endloop
  endfacet
  facet normal 0 -1 0
    outer loop
      vertex 17.2247 -0.95 10.0177
      vertex 18.1762 -0.95 10.4598
      vertex 17.1713 -0.95 10.1607
    endloop
  endfacet
  facet normal 0 -1 -0
    outer loop
      vertex 18.1762 -0.95 10.4598
      vertex 17.2247 -0.95 10.0177
      vertex 18.2272 -0.95 10.2984
    endloop
  endfacet
  facet normal 0 -1 -0
    outer loop
      vertex 18.2272 -0.95 10.2984
      vertex 17.2247 -0.95 10.0177
      vertex 18.2636 -0.95 10.1234
    endloop
  endfacet
  facet normal 0 -1 0
    outer loop
      vertex 17.2568 -0.95 9.85693
      vertex 18.2636 -0.95 10.1234
      vertex 17.2247 -0.95 10.0177
    endloop
  endfacet
  facet normal 0 -1 -0
    outer loop
      vertex 18.2636 -0.95 10.1234
      vertex 17.2568 -0.95 9.85693
      vertex 18.2855 -0.95 9.93492
    endloop
  endfacet
  facet normal 0 -1 0
    outer loop
      vertex 17.2568 -0.95 9.85693
      vertex 18.2928 -0.95 9.73283
      vertex 18.2855 -0.95 9.93492
    endloop
  endfacet
  facet normal 0 -1 0
    outer loop
      vertex 17.2674 -0.95 9.67859
      vertex 18.2928 -0.95 9.73283
      vertex 17.2568 -0.95 9.85693
    endloop
  endfacet
  facet normal 0 -1 0
    outer loop
      vertex 18.2411 -0.95 9.23375
      vertex 17.2674 -0.95 9.67859
      vertex 17.2334 -0.95 9.36513
    endloop
  endfacet
  facet normal 0 -1 0
    outer loop
      vertex 17.2674 -0.95 9.67859
      vertex 18.2411 -0.95 9.23375
      vertex 18.2928 -0.95 9.73283
    endloop
  endfacet
  facet normal 0 -1 0
    outer loop
      vertex 18.086 -0.95 8.79433
      vertex 17.2334 -0.95 9.36513
      vertex 17.1311 -0.95 9.09201
    endloop
  endfacet
  facet normal 0 -1 0
    outer loop
      vertex 17.8274 -0.95 8.41458
      vertex 17.1311 -0.95 9.09201
      vertex 16.9608 -0.95 8.85924
    endloop
  endfacet
  facet normal 0 -1 0
    outer loop
      vertex 17.2334 -0.95 9.36513
      vertex 18.086 -0.95 8.79433
      vertex 18.2411 -0.95 9.23375
    endloop
  endfacet
  facet normal 0 -1 0
    outer loop
      vertex 17.4654 -0.95 8.09451
      vertex 16.9608 -0.95 8.85924
      vertex 16.7222 -0.95 8.66682
    endloop
  endfacet
  facet normal 0 -1 0
    outer loop
      vertex 17.4654 -0.95 8.09451
      vertex 16.7222 -0.95 8.66682
      vertex 16.421 -0.95 8.51611
    endloop
  endfacet
  facet normal 0 -1 0
    outer loop
      vertex 17.1311 -0.95 9.09201
      vertex 17.8274 -0.95 8.41458
      vertex 18.086 -0.95 8.79433
    endloop
  endfacet
  facet normal 0 -1 0
    outer loop
      vertex 17.4654 -0.95 8.09451
      vertex 16.421 -0.95 8.51611
      vertex 16.0624 -0.95 8.40846
    endloop
  endfacet
  facet normal 0 -1 0
    outer loop
      vertex 17.4654 -0.95 8.09451
      vertex 16.0624 -0.95 8.40846
      vertex 15.6465 -0.95 8.34387
    endloop
  endfacet
  facet normal 0 -1 0
    outer loop
      vertex 17.4654 -0.95 8.09451
      vertex 15.6465 -0.95 8.34387
      vertex 15.1734 -0.95 8.32234
    endloop
  endfacet
  facet normal 0 -1 0
    outer loop
      vertex 16.9608 -0.95 8.85924
      vertex 17.4654 -0.95 8.09451
      vertex 17.8274 -0.95 8.41458
    endloop
  endfacet
  facet normal 0 -1 -0
    outer loop
      vertex 16.3059 -0.95 15.2805
      vertex 16.195 -0.95 14.4449
      vertex 16.7653 -0.95 15.1559
    endloop
  endfacet
  facet normal 0 -1 0
    outer loop
      vertex 16.4537 -0.95 14.3251
      vertex 16.7653 -0.95 15.1559
      vertex 16.195 -0.95 14.4449
    endloop
  endfacet
  facet normal 0 -1 -0
    outer loop
      vertex 16.7653 -0.95 15.1559
      vertex 16.4537 -0.95 14.3251
      vertex 17.1481 -0.95 14.9814
    endloop
  endfacet
  facet normal 0 -1 0
    outer loop
      vertex 16.6707 -0.95 14.1672
      vertex 17.1481 -0.95 14.9814
      vertex 16.4537 -0.95 14.3251
    endloop
  endfacet
  facet normal 0 -1 -0
    outer loop
      vertex 17.1481 -0.95 14.9814
      vertex 16.6707 -0.95 14.1672
      vertex 17.4668 -0.95 14.747
    endloop
  endfacet
  facet normal 0 -1 0
    outer loop
      vertex 16.8497 -0.95 13.9677
      vertex 17.4668 -0.95 14.747
      vertex 16.6707 -0.95 14.1672
    endloop
  endfacet
  facet normal 0 -1 -0
    outer loop
      vertex 17.4668 -0.95 14.747
      vertex 16.8497 -0.95 13.9677
      vertex 17.734 -0.95 14.4424
    endloop
  endfacet
  facet normal 0 -1 0
    outer loop
      vertex 16.9908 -0.95 13.7265
      vertex 17.734 -0.95 14.4424
      vertex 16.8497 -0.95 13.9677
    endloop
  endfacet
  facet normal 0 -1 -0
    outer loop
      vertex 17.734 -0.95 14.4424
      vertex 16.9908 -0.95 13.7265
      vertex 17.9496 -0.95 14.0676
    endloop
  endfacet
  facet normal 0 -1 0
    outer loop
      vertex 17.0938 -0.95 13.4435
      vertex 17.9496 -0.95 14.0676
      vertex 16.9908 -0.95 13.7265
    endloop
  endfacet
  facet normal 0 -1 -0
    outer loop
      vertex 17.9496 -0.95 14.0676
      vertex 17.0938 -0.95 13.4435
      vertex 18.1138 -0.95 13.6226
    endloop
  endfacet
  facet normal 0 -1 0
    outer loop
      vertex 54.9197 -0.95 14.4839
      vertex 55.5697 -0.95 15.3802
      vertex 54.7169 -0.95 15.3165
    endloop
  endfacet
  facet normal 0 -1 0
    outer loop
      vertex 55.951 -0.95 14.5153
      vertex 55.5697 -0.95 15.3802
      vertex 55.5426 -0.95 14.5339
    endloop
  endfacet
  facet normal 0 -1 0
    outer loop
      vertex 55.5697 -0.95 15.3802
      vertex 55.951 -0.95 14.5153
      vertex 56.1746 -0.95 15.3535
    endloop
  endfacet
  facet normal 0 -1 0
    outer loop
      vertex 54.3748 -0.95 14.3339
      vertex 54.7169 -0.95 15.3165
      vertex 53.9653 -0.95 15.1253
    endloop
  endfacet
  facet normal 0 -1 0
    outer loop
      vertex 56.3245 -0.95 14.4593
      vertex 56.1746 -0.95 15.3535
      vertex 55.951 -0.95 14.5153
    endloop
  endfacet
  facet normal 0 -1 0
    outer loop
      vertex 53.9079 -0.95 14.0838
      vertex 53.9653 -0.95 15.1253
      vertex 53.3146 -0.95 14.8065
    endloop
  endfacet
  facet normal 0 -1 0
    outer loop
      vertex 56.1746 -0.95 15.3535
      vertex 56.3245 -0.95 14.4593
      vertex 56.7198 -0.95 15.2731
    endloop
  endfacet
  facet normal 0 -1 0
    outer loop
      vertex 56.663 -0.95 14.3661
      vertex 56.7198 -0.95 15.2731
      vertex 56.3245 -0.95 14.4593
    endloop
  endfacet
  facet normal 0 -1 0
    outer loop
      vertex 55.5697 -0.95 15.3802
      vertex 54.9197 -0.95 14.4839
      vertex 55.5426 -0.95 14.5339
    endloop
  endfacet
  facet normal 0 -1 0
    outer loop
      vertex 53.519 -0.95 13.7337
      vertex 53.3146 -0.95 14.8065
      vertex 52.765 -0.95 14.3603
    endloop
  endfacet
  facet normal 0 -1 -0
    outer loop
      vertex 54.7169 -0.95 15.3165
      vertex 54.3748 -0.95 14.3339
      vertex 54.9197 -0.95 14.4839
    endloop
  endfacet
  facet normal 0 -1 -0
    outer loop
      vertex 53.9653 -0.95 15.1253
      vertex 53.9079 -0.95 14.0838
      vertex 54.3748 -0.95 14.3339
    endloop
  endfacet
  facet normal 0 -1 0
    outer loop
      vertex 53.2129 -0.95 13.2928
      vertex 52.765 -0.95 14.3603
      vertex 52.3283 -0.95 13.7978
    endloop
  endfacet
  facet normal 0 -1 0
    outer loop
      vertex 53.3146 -0.95 14.8065
      vertex 53.519 -0.95 13.7337
      vertex 53.9079 -0.95 14.0838
    endloop
  endfacet
  facet normal 0 -1 0
    outer loop
      vertex 52.765 -0.95 14.3603
      vertex 53.2129 -0.95 13.2928
      vertex 53.519 -0.95 13.7337
    endloop
  endfacet
  facet normal 0 -1 0
    outer loop
      vertex 52.0163 -0.95 13.1302
      vertex 53.2129 -0.95 13.2928
      vertex 52.3283 -0.95 13.7978
    endloop
  endfacet
  facet normal 0 -1 0
    outer loop
      vertex 52.0163 -0.95 13.1302
      vertex 52.9942 -0.95 12.7701
      vertex 53.2129 -0.95 13.2928
    endloop
  endfacet
  facet normal 0 -1 0
    outer loop
      vertex 51.8292 -0.95 12.3575
      vertex 52.9942 -0.95 12.7701
      vertex 52.0163 -0.95 13.1302
    endloop
  endfacet
  facet normal 0 -1 0
    outer loop
      vertex 51.8292 -0.95 12.3575
      vertex 52.8629 -0.95 12.1658
      vertex 52.9942 -0.95 12.7701
    endloop
  endfacet
  facet normal 0 -1 0
    outer loop
      vertex 51.7668 -0.95 11.4797
      vertex 52.8629 -0.95 12.1658
      vertex 51.8292 -0.95 12.3575
    endloop
  endfacet
  facet normal 0 -1 0
    outer loop
      vertex 51.7668 -0.95 11.4797
      vertex 52.8192 -0.95 11.4797
      vertex 52.8629 -0.95 12.1658
    endloop
  endfacet
  facet normal 0 -1 0
    outer loop
      vertex 51.7955 -0.95 10.8919
      vertex 52.8192 -0.95 11.4797
      vertex 51.7668 -0.95 11.4797
    endloop
  endfacet
  facet normal 0 -1 0
    outer loop
      vertex 51.7955 -0.95 10.8919
      vertex 52.8656 -0.95 10.7936
      vertex 52.8192 -0.95 11.4797
    endloop
  endfacet
  facet normal 0 -1 0
    outer loop
      vertex 51.8814 -0.95 10.3438
      vertex 52.8656 -0.95 10.7936
      vertex 51.7955 -0.95 10.8919
    endloop
  endfacet
  facet normal 0 -1 0
    outer loop
      vertex 51.8814 -0.95 10.3438
      vertex 53.005 -0.95 10.1838
      vertex 52.8656 -0.95 10.7936
    endloop
  endfacet
  facet normal 0 -1 0
    outer loop
      vertex 52.0246 -0.95 9.83542
      vertex 53.005 -0.95 10.1838
      vertex 51.8814 -0.95 10.3438
    endloop
  endfacet
  facet normal 0 -1 0
    outer loop
      vertex 52.2252 -0.95 9.36667
      vertex 53.005 -0.95 10.1838
      vertex 52.0246 -0.95 9.83542
    endloop
  endfacet
  facet normal 0 -1 -0
    outer loop
      vertex 53.005 -0.95 10.1838
      vertex 52.2252 -0.95 9.36667
      vertex 53.2372 -0.95 9.6503
    endloop
  endfacet
  facet normal 0 -1 0
    outer loop
      vertex 52.48 -0.95 8.94402
      vertex 53.2372 -0.95 9.6503
      vertex 52.2252 -0.95 9.36667
    endloop
  endfacet
  facet normal 0 -1 -0
    outer loop
      vertex 53.2372 -0.95 9.6503
      vertex 52.48 -0.95 8.94402
      vertex 53.5624 -0.95 9.19307
    endloop
  endfacet
  facet normal 0 -1 0
    outer loop
      vertex 52.786 -0.95 8.57393
      vertex 53.5624 -0.95 9.19307
      vertex 52.48 -0.95 8.94402
    endloop
  endfacet
  facet normal 0 -1 0
    outer loop
      vertex 53.1432 -0.95 8.25638
      vertex 53.5624 -0.95 9.19307
      vertex 52.786 -0.95 8.57393
    endloop
  endfacet
  facet normal 0 -1 -0
    outer loop
      vertex 53.5624 -0.95 9.19307
      vertex 53.1432 -0.95 8.25638
      vertex 53.9696 -0.95 8.82637
    endloop
  endfacet
  facet normal 0 -1 0
    outer loop
      vertex 53.5516 -0.95 7.99139
      vertex 53.9696 -0.95 8.82637
      vertex 53.1432 -0.95 8.25638
    endloop
  endfacet
  facet normal 0 -1 0
    outer loop
      vertex 54.0063 -0.95 7.78255
      vertex 53.9696 -0.95 8.82637
      vertex 53.5516 -0.95 7.99139
    endloop
  endfacet
  facet normal 0 -1 0
    outer loop
      vertex 53.9696 -0.95 8.82637
      vertex 54.0063 -0.95 7.78255
      vertex 54.4481 -0.95 8.56445
    endloop
  endfacet
  facet normal 0 -1 0
    outer loop
      vertex 54.5023 -0.95 7.63336
      vertex 54.4481 -0.95 8.56445
      vertex 54.0063 -0.95 7.78255
    endloop
  endfacet
  facet normal 0 -1 0
    outer loop
      vertex 55.6186 -0.95 8.3549
      vertex 57.9545 -0.95 8.04005
      vertex 58.3439 -0.95 8.26196
    endloop
  endfacet
  facet normal 0 -1 0
    outer loop
      vertex 54.4481 -0.95 8.56445
      vertex 54.5023 -0.95 7.63336
      vertex 54.9977 -0.95 8.40729
    endloop
  endfacet
  facet normal 0 -1 0
    outer loop
      vertex 55.6186 -0.95 8.3549
      vertex 57.5308 -0.95 7.85307
      vertex 57.9545 -0.95 8.04005
    endloop
  endfacet
  facet normal 0 -1 0
    outer loop
      vertex 55.0398 -0.95 7.54387
      vertex 54.9977 -0.95 8.40729
      vertex 54.5023 -0.95 7.63336
    endloop
  endfacet
  facet normal 0 -1 0
    outer loop
      vertex 55.6186 -0.95 8.3549
      vertex 57.0807 -0.95 7.70474
      vertex 57.5308 -0.95 7.85307
    endloop
  endfacet
  facet normal 0 -1 0
    outer loop
      vertex 54.9977 -0.95 8.40729
      vertex 55.0398 -0.95 7.54387
      vertex 55.6186 -0.95 8.3549
    endloop
  endfacet
  facet normal 0 -1 0
    outer loop
      vertex 55.6186 -0.95 8.3549
      vertex 56.612 -0.95 7.59879
      vertex 57.0807 -0.95 7.70474
    endloop
  endfacet
  facet normal 0 -1 -0
    outer loop
      vertex 55.6186 -0.95 8.3549
      vertex 55.0398 -0.95 7.54387
      vertex 55.6186 -0.95 7.51402
    endloop
  endfacet
  facet normal 0 -1 0
    outer loop
      vertex 55.6186 -0.95 8.3549
      vertex 56.1246 -0.95 7.53522
      vertex 56.612 -0.95 7.59879
    endloop
  endfacet
  facet normal 0 -1 0
    outer loop
      vertex 55.6186 -0.95 8.3549
      vertex 55.6186 -0.95 7.51402
      vertex 56.1246 -0.95 7.53522
    endloop
  endfacet
  facet normal 0 -1 -0
    outer loop
      vertex 56.7198 -0.95 15.2731
      vertex 56.663 -0.95 14.3661
      vertex 57.2053 -0.95 15.1392
    endloop
  endfacet
  facet normal 0 -1 0
    outer loop
      vertex 56.9666 -0.95 14.2355
      vertex 57.2053 -0.95 15.1392
      vertex 56.663 -0.95 14.3661
    endloop
  endfacet
  facet normal 0 -1 -0
    outer loop
      vertex 57.2053 -0.95 15.1392
      vertex 56.9666 -0.95 14.2355
      vertex 57.6312 -0.95 14.9517
    endloop
  endfacet
  facet normal 0 -1 0
    outer loop
      vertex 57.2374 -0.95 14.0643
      vertex 57.6312 -0.95 14.9517
      vertex 56.9666 -0.95 14.2355
    endloop
  endfacet
  facet normal 0 -1 -0
    outer loop
      vertex 57.6312 -0.95 14.9517
      vertex 57.2374 -0.95 14.0643
      vertex 58.0045 -0.95 14.7052
    endloop
  endfacet
  facet normal 0 -1 0
    outer loop
      vertex 57.4773 -0.95 13.849
      vertex 58.0045 -0.95 14.7052
      vertex 57.2374 -0.95 14.0643
    endloop
  endfacet
  facet normal 0 -1 -0
    outer loop
      vertex 58.0045 -0.95 14.7052
      vertex 57.4773 -0.95 13.849
      vertex 58.3324 -0.95 14.3943
    endloop
  endfacet
  facet normal 0 -1 0
    outer loop
      vertex 57.6863 -0.95 13.5896
      vertex 58.3324 -0.95 14.3943
      vertex 57.4773 -0.95 13.849
    endloop
  endfacet
  facet normal 0 -1 -0
    outer loop
      vertex 58.3324 -0.95 14.3943
      vertex 57.6863 -0.95 13.5896
      vertex 58.6148 -0.95 14.0189
    endloop
  endfacet
  facet normal 0 -1 0
    outer loop
      vertex 57.8645 -0.95 13.2862
      vertex 58.6148 -0.95 14.0189
      vertex 57.6863 -0.95 13.5896
    endloop
  endfacet
  facet normal 0 -1 -0
    outer loop
      vertex 58.6148 -0.95 14.0189
      vertex 57.8645 -0.95 13.2862
      vertex 58.8518 -0.95 13.5791
    endloop
  endfacet
  facet normal 0 -1 0
    outer loop
      vertex 58.0652 -0.95 10.5791
      vertex 55.7813 -0.95 11.4471
      vertex 55.7813 -0.95 10.5791
    endloop
  endfacet
  facet normal 0 -1 0
    outer loop
      vertex 55.7813 -0.95 11.4471
      vertex 58.0652 -0.95 10.5791
      vertex 59.02 -0.95 11.4471
    endloop
  endfacet
  facet normal 0 -1 0
    outer loop
      vertex 59.02 -0.95 8.81059
      vertex 58.0652 -0.95 10.5791
      vertex 58.0652 -0.95 9.20114
    endloop
  endfacet
  facet normal 0 -1 0
    outer loop
      vertex 58.0652 -0.95 10.5791
      vertex 59.02 -0.95 8.81059
      vertex 59.02 -0.95 11.4471
    endloop
  endfacet
  facet normal 0 -1 0
    outer loop
      vertex 58.6991 -0.95 8.51881
      vertex 58.0652 -0.95 9.20114
      vertex 57.849 -0.95 9.01604
    endloop
  endfacet
  facet normal 0 -1 0
    outer loop
      vertex 58.3439 -0.95 8.26196
      vertex 57.849 -0.95 9.01604
      vertex 57.602 -0.95 8.85127
    endloop
  endfacet
  facet normal 0 -1 0
    outer loop
      vertex 58.3439 -0.95 8.26196
      vertex 57.602 -0.95 8.85127
      vertex 57.3242 -0.95 8.70683
    endloop
  endfacet
  facet normal 0 -1 0
    outer loop
      vertex 58.3439 -0.95 8.26196
      vertex 57.3242 -0.95 8.70683
      vertex 57.0154 -0.95 8.58275
    endloop
  endfacet
  facet normal 0 -1 0
    outer loop
      vertex 58.0652 -0.95 9.20114
      vertex 58.6991 -0.95 8.51881
      vertex 59.02 -0.95 8.81059
    endloop
  endfacet
  facet normal 0 -1 0
    outer loop
      vertex 58.3439 -0.95 8.26196
      vertex 57.0154 -0.95 8.58275
      vertex 56.685 -0.95 8.48306
    endloop
  endfacet
  facet normal 0 -1 0
    outer loop
      vertex 58.3439 -0.95 8.26196
      vertex 56.685 -0.95 8.48306
      vertex 56.3421 -0.95 8.41187
    endloop
  endfacet
  facet normal 0 -1 0
    outer loop
      vertex 58.3439 -0.95 8.26196
      vertex 56.3421 -0.95 8.41187
      vertex 55.9866 -0.95 8.36914
    endloop
  endfacet
  facet normal 0 -1 0
    outer loop
      vertex 57.849 -0.95 9.01604
      vertex 58.3439 -0.95 8.26196
      vertex 58.6991 -0.95 8.51881
    endloop
  endfacet
  facet normal 0 -1 0
    outer loop
      vertex 58.3439 -0.95 8.26196
      vertex 55.9866 -0.95 8.36914
      vertex 55.6186 -0.95 8.3549
    endloop
  endfacet
  facet normal 0 -1 0
    outer loop
      vertex 75.1803 -0.95 11.0999
      vertex 76.1895 -0.95 10.3513
      vertex 76.1895 -0.95 10.4815
    endloop
  endfacet
  facet normal 0 -1 0
    outer loop
      vertex 75.0917 -0.95 8.9601
      vertex 76.0321 -0.95 8.90283
      vertex 75.175 -0.95 9.14691
    endloop
  endfacet
  facet normal 0 -1 0
    outer loop
      vertex 75.6852 -0.95 8.29523
      vertex 75.0917 -0.95 8.9601
      vertex 74.9776 -0.95 8.79022
    endloop
  endfacet
  facet normal 0 -1 0
    outer loop
      vertex 75.6852 -0.95 8.29523
      vertex 74.9776 -0.95 8.79022
      vertex 74.8326 -0.95 8.6373
    endloop
  endfacet
  facet normal 0 -1 0
    outer loop
      vertex 75.1709 -0.95 7.86122
      vertex 74.8326 -0.95 8.6373
      vertex 74.6568 -0.95 8.50131
    endloop
  endfacet
  facet normal 0 -1 0
    outer loop
      vertex 75.1709 -0.95 7.86122
      vertex 74.6568 -0.95 8.50131
      vertex 74.4498 -0.95 8.38976
    endloop
  endfacet
  facet normal 0 -1 0
    outer loop
      vertex 74.489 -0.95 7.60083
      vertex 74.4498 -0.95 8.38976
      vertex 74.2113 -0.95 8.31009
    endloop
  endfacet
  facet normal 0 -1 0
    outer loop
      vertex 75.0917 -0.95 8.9601
      vertex 75.6852 -0.95 8.29523
      vertex 76.0321 -0.95 8.90283
    endloop
  endfacet
  facet normal 0 -1 0
    outer loop
      vertex 74.489 -0.95 7.60083
      vertex 74.2113 -0.95 8.31009
      vertex 73.9413 -0.95 8.26228
    endloop
  endfacet
  facet normal 0 -1 0
    outer loop
      vertex 73.6397 -0.95 7.51402
      vertex 73.9413 -0.95 8.26228
      vertex 73.6397 -0.95 8.24635
    endloop
  endfacet
  facet normal 0 -1 0
    outer loop
      vertex 72.933 -0.95 8.38333
      vertex 73.0275 -0.95 7.56252
      vertex 73.2623 -0.95 8.28059
    endloop
  endfacet
  facet normal 0 -1 -0
    outer loop
      vertex 73.9413 -0.95 8.26228
      vertex 73.6397 -0.95 7.51402
      vertex 74.489 -0.95 7.60083
    endloop
  endfacet
  facet normal 0 -1 0
    outer loop
      vertex 73.6397 -0.95 7.51402
      vertex 73.2623 -0.95 8.28059
      vertex 73.0275 -0.95 7.56252
    endloop
  endfacet
  facet normal 0 -1 0
    outer loop
      vertex 74.4498 -0.95 8.38976
      vertex 74.489 -0.95 7.60083
      vertex 75.1709 -0.95 7.86122
    endloop
  endfacet
  facet normal 0 -1 0
    outer loop
      vertex 73.2623 -0.95 8.28059
      vertex 73.6397 -0.95 7.51402
      vertex 73.6397 -0.95 8.24635
    endloop
  endfacet
  facet normal 0 -1 0
    outer loop
      vertex 74.8326 -0.95 8.6373
      vertex 75.1709 -0.95 7.86122
      vertex 75.6852 -0.95 8.29523
    endloop
  endfacet
  facet normal 0 -1 0
    outer loop
      vertex 73.6017 -0.95 13.6008
      vertex 73.2486 -0.95 12.8496
      vertex 73.5854 -0.95 12.8793
    endloop
  endfacet
  facet normal 0 -1 0
    outer loop
      vertex 72.4597 -0.95 12.4046
      vertex 72.0337 -0.95 13.1644
      vertex 71.6568 -0.95 12.8251
    endloop
  endfacet
  facet normal 0 -1 0
    outer loop
      vertex 72.4835 -0.95 13.4069
      vertex 72.9487 -0.95 12.7606
      vertex 73.2486 -0.95 12.8496
    endloop
  endfacet
  facet normal 0 -1 0
    outer loop
      vertex 72.4835 -0.95 13.4069
      vertex 72.6857 -0.95 12.6123
      vertex 72.9487 -0.95 12.7606
    endloop
  endfacet
  facet normal 0 -1 0
    outer loop
      vertex 72.0337 -0.95 13.1644
      vertex 72.4597 -0.95 12.4046
      vertex 72.6857 -0.95 12.6123
    endloop
  endfacet
  facet normal 0 -1 0
    outer loop
      vertex 72.2761 -0.95 12.145
      vertex 71.6568 -0.95 12.8251
      vertex 71.359 -0.95 12.3948
    endloop
  endfacet
  facet normal 0 -1 0
    outer loop
      vertex 71.6568 -0.95 12.8251
      vertex 72.2761 -0.95 12.145
      vertex 72.4597 -0.95 12.4046
    endloop
  endfacet
  facet normal 0 -1 0
    outer loop
      vertex 72.1403 -0.95 11.8411
      vertex 71.359 -0.95 12.3948
      vertex 71.1462 -0.95 11.8797
    endloop
  endfacet
  facet normal 0 -1 0
    outer loop
      vertex 71.359 -0.95 12.3948
      vertex 72.1403 -0.95 11.8411
      vertex 72.2761 -0.95 12.145
    endloop
  endfacet
  facet normal 0 -1 0
    outer loop
      vertex 71.1462 -0.95 11.8797
      vertex 72.0524 -0.95 11.4927
      vertex 72.1403 -0.95 11.8411
    endloop
  endfacet
  facet normal 0 -1 0
    outer loop
      vertex 71.0186 -0.95 11.28
      vertex 72.0524 -0.95 11.4927
      vertex 71.1462 -0.95 11.8797
    endloop
  endfacet
  facet normal 0 -1 0
    outer loop
      vertex 71.0186 -0.95 11.28
      vertex 72.0122 -0.95 11.0999
      vertex 72.0524 -0.95 11.4927
    endloop
  endfacet
  facet normal 0 -1 0
    outer loop
      vertex 72.0013 -0.95 10.3513
      vertex 72.0122 -0.95 11.0999
      vertex 70.976 -0.95 10.5954
    endloop
  endfacet
  facet normal 0 -1 0
    outer loop
      vertex 70.976 -0.95 10.5954
      vertex 72.0122 -0.95 11.0999
      vertex 71.0186 -0.95 11.28
    endloop
  endfacet
  facet normal 0 -1 0
    outer loop
      vertex 73.2486 -0.95 12.8496
      vertex 73.0061 -0.95 13.5523
      vertex 72.4835 -0.95 13.4069
    endloop
  endfacet
  facet normal 0 -1 0
    outer loop
      vertex 73.2486 -0.95 12.8496
      vertex 73.6017 -0.95 13.6008
      vertex 73.0061 -0.95 13.5523
    endloop
  endfacet
  facet normal 0 -1 0
    outer loop
      vertex 72.6857 -0.95 12.6123
      vertex 72.4835 -0.95 13.4069
      vertex 72.0337 -0.95 13.1644
    endloop
  endfacet
  facet normal 0 -1 0
    outer loop
      vertex 73.9303 -0.95 12.8527
      vertex 73.6017 -0.95 13.6008
      vertex 73.5854 -0.95 12.8793
    endloop
  endfacet
  facet normal 0 -1 0
    outer loop
      vertex 73.6017 -0.95 13.6008
      vertex 73.9303 -0.95 12.8527
      vertex 74.7338 -0.95 13.4059
    endloop
  endfacet
  facet normal 0 -1 0
    outer loop
      vertex 74.2323 -0.95 12.7728
      vertex 74.7338 -0.95 13.4059
      vertex 73.9303 -0.95 12.8527
    endloop
  endfacet
  facet normal 0 -1 0
    outer loop
      vertex 74.4917 -0.95 12.6398
      vertex 74.7338 -0.95 13.4059
      vertex 74.2323 -0.95 12.7728
    endloop
  endfacet
  facet normal 0 -1 0
    outer loop
      vertex 74.7083 -0.95 12.4534
      vertex 74.7338 -0.95 13.4059
      vertex 74.4917 -0.95 12.6398
    endloop
  endfacet
  facet normal 0 -1 -0
    outer loop
      vertex 74.7338 -0.95 13.4059
      vertex 74.7083 -0.95 12.4534
      vertex 75.5425 -0.95 12.821
    endloop
  endfacet
  facet normal 0 -1 0
    outer loop
      vertex 74.8843 -0.95 12.2092
      vertex 75.5425 -0.95 12.821
      vertex 74.7083 -0.95 12.4534
    endloop
  endfacet
  facet normal 0 -1 0
    outer loop
      vertex 75.0217 -0.95 11.9021
      vertex 75.5425 -0.95 12.821
      vertex 74.8843 -0.95 12.2092
    endloop
  endfacet
  facet normal 0 -1 0
    outer loop
      vertex 75.0217 -0.95 11.9021
      vertex 76.0277 -0.95 11.8462
      vertex 75.5425 -0.95 12.821
    endloop
  endfacet
  facet normal 0 -1 0
    outer loop
      vertex 75.1203 -0.95 11.5324
      vertex 76.0277 -0.95 11.8462
      vertex 75.0217 -0.95 11.9021
    endloop
  endfacet
  facet normal 0 -1 0
    outer loop
      vertex 75.1803 -0.95 11.0999
      vertex 76.0277 -0.95 11.8462
      vertex 75.1203 -0.95 11.5324
    endloop
  endfacet
  facet normal 0 -1 0
    outer loop
      vertex 75.1803 -0.95 11.0999
      vertex 76.1895 -0.95 10.4815
      vertex 76.0277 -0.95 11.8462
    endloop
  endfacet
  facet normal 0 -1 -0
    outer loop
      vertex 72.0122 -0.95 11.0999
      vertex 72.0013 -0.95 10.3513
      vertex 75.1803 -0.95 11.0999
    endloop
  endfacet
  facet normal 0 -1 0
    outer loop
      vertex 76.1895 -0.95 10.3513
      vertex 75.1803 -0.95 11.0999
      vertex 72.0013 -0.95 10.3513
    endloop
  endfacet
  facet normal 0 -1 0
    outer loop
      vertex 71.0186 -0.95 9.87759
      vertex 72.0013 -0.95 10.3513
      vertex 70.976 -0.95 10.5954
    endloop
  endfacet
  facet normal 0 -1 0
    outer loop
      vertex 71.0186 -0.95 9.87759
      vertex 72.0274 -0.95 9.8756
      vertex 72.0013 -0.95 10.3513
    endloop
  endfacet
  facet normal 0 -1 0
    outer loop
      vertex 71.1462 -0.95 9.25407
      vertex 72.0274 -0.95 9.8756
      vertex 71.0186 -0.95 9.87759
    endloop
  endfacet
  facet normal 0 -1 -0
    outer loop
      vertex 72.0274 -0.95 9.8756
      vertex 71.1462 -0.95 9.25407
      vertex 72.1057 -0.95 9.45753
    endloop
  endfacet
  facet normal 0 -1 0
    outer loop
      vertex 71.359 -0.95 8.72479
      vertex 72.1057 -0.95 9.45753
      vertex 71.1462 -0.95 9.25407
    endloop
  endfacet
  facet normal 0 -1 -0
    outer loop
      vertex 72.1057 -0.95 9.45753
      vertex 71.359 -0.95 8.72479
      vertex 72.2362 -0.95 9.09708
    endloop
  endfacet
  facet normal 0 -1 0
    outer loop
      vertex 71.6568 -0.95 8.28979
      vertex 72.2362 -0.95 9.09708
      vertex 71.359 -0.95 8.72479
    endloop
  endfacet
  facet normal 0 -1 -0
    outer loop
      vertex 72.2362 -0.95 9.09708
      vertex 71.6568 -0.95 8.28979
      vertex 72.419 -0.95 8.79427
    endloop
  endfacet
  facet normal 0 -1 0
    outer loop
      vertex 72.0361 -0.95 7.95039
      vertex 72.419 -0.95 8.79427
      vertex 71.6568 -0.95 8.28979
    endloop
  endfacet
  facet normal 0 -1 -0
    outer loop
      vertex 72.419 -0.95 8.79427
      vertex 72.0361 -0.95 7.95039
      vertex 72.6519 -0.95 8.55455
    endloop
  endfacet
  facet normal 0 -1 0
    outer loop
      vertex 72.493 -0.95 7.70796
      vertex 72.6519 -0.95 8.55455
      vertex 72.0361 -0.95 7.95039
    endloop
  endfacet
  facet normal 0 -1 -0
    outer loop
      vertex 72.6519 -0.95 8.55455
      vertex 72.493 -0.95 7.70796
      vertex 72.933 -0.95 8.38333
    endloop
  endfacet
  facet normal 0 -1 0
    outer loop
      vertex 73.0275 -0.95 7.56252
      vertex 72.933 -0.95 8.38333
      vertex 72.493 -0.95 7.70796
    endloop
  endfacet
  facet normal 0 -1 0
    outer loop
      vertex 19.351 -0.95 13.4923
      vertex 20.3329 -0.95 9.77083
      vertex 20.3329 -0.95 13.4923
    endloop
  endfacet
  facet normal 0 -1 0
    outer loop
      vertex 19.351 -0.95 9.5809
      vertex 20.3329 -0.95 9.77083
      vertex 19.351 -0.95 13.4923
    endloop
  endfacet
  facet normal 0 -1 0
    outer loop
      vertex 19.351 -0.95 9.5809
      vertex 20.3401 -0.95 9.49686
      vertex 20.3329 -0.95 9.77083
    endloop
  endfacet
  facet normal 0 -1 0
    outer loop
      vertex 19.379 -0.95 9.06674
      vertex 20.3401 -0.95 9.49686
      vertex 19.351 -0.95 9.5809
    endloop
  endfacet
  facet normal 0 -1 -0
    outer loop
      vertex 20.3401 -0.95 9.49686
      vertex 19.379 -0.95 9.06674
      vertex 20.3614 -0.95 9.25545
    endloop
  endfacet
  facet normal 0 -1 0
    outer loop
      vertex 19.379 -0.95 9.06674
      vertex 20.397 -0.95 9.04659
      vertex 20.3614 -0.95 9.25545
    endloop
  endfacet
  facet normal 0 -1 0
    outer loop
      vertex 19.4629 -0.95 8.63089
      vertex 20.397 -0.95 9.04659
      vertex 19.379 -0.95 9.06674
    endloop
  endfacet
  facet normal 0 -1 -0
    outer loop
      vertex 20.397 -0.95 9.04659
      vertex 19.4629 -0.95 8.63089
      vertex 20.4469 -0.95 8.87027
    endloop
  endfacet
  facet normal 0 -1 0
    outer loop
      vertex 19.6028 -0.95 8.27335
      vertex 20.4469 -0.95 8.87027
      vertex 19.4629 -0.95 8.63089
    endloop
  endfacet
  facet normal 0 -1 -0
    outer loop
      vertex 20.4469 -0.95 8.87027
      vertex 19.6028 -0.95 8.27335
      vertex 20.5123 -0.95 8.72142
    endloop
  endfacet
  facet normal 0 -1 0
    outer loop
      vertex 19.7985 -0.95 7.99411
      vertex 20.5123 -0.95 8.72142
      vertex 19.6028 -0.95 8.27335
    endloop
  endfacet
  facet normal 0 -1 -0
    outer loop
      vertex 20.5123 -0.95 8.72142
      vertex 19.7985 -0.95 7.99411
      vertex 20.5947 -0.95 8.59494
    endloop
  endfacet
  facet normal 0 -1 0
    outer loop
      vertex 20.0547 -0.95 7.78407
      vertex 20.5947 -0.95 8.59494
      vertex 19.7985 -0.95 7.99411
    endloop
  endfacet
  facet normal 0 -1 -0
    outer loop
      vertex 20.5947 -0.95 8.59494
      vertex 20.0547 -0.95 7.78407
      vertex 20.694 -0.95 8.49086
    endloop
  endfacet
  facet normal 0 -1 0
    outer loop
      vertex 20.3757 -0.95 7.63405
      vertex 20.694 -0.95 8.49086
      vertex 20.0547 -0.95 7.78407
    endloop
  endfacet
  facet normal 0 -1 -0
    outer loop
      vertex 20.694 -0.95 8.49086
      vertex 20.3757 -0.95 7.63405
      vertex 20.8103 -0.95 8.40915
    endloop
  endfacet
  facet normal 0 -1 0
    outer loop
      vertex 20.7614 -0.95 7.54404
      vertex 20.8103 -0.95 8.40915
      vertex 20.3757 -0.95 7.63405
    endloop
  endfacet
  facet normal 0 -1 -0
    outer loop
      vertex 20.8103 -0.95 8.40915
      vertex 20.7614 -0.95 7.54404
      vertex 20.9497 -0.95 8.34744
    endloop
  endfacet
  facet normal 0 -1 -0
    outer loop
      vertex 20.9497 -0.95 8.34744
      vertex 20.7614 -0.95 7.54404
      vertex 21.1182 -0.95 8.30338
    endloop
  endfacet
  facet normal 0 -1 0
    outer loop
      vertex 21.3159 -0.95 8.27692
      vertex 21.5266 -0.95 7.52979
      vertex 21.5427 -0.95 8.26811
    endloop
  endfacet
  facet normal 0 -1 0
    outer loop
      vertex 21.2118 -0.95 7.51402
      vertex 21.1182 -0.95 8.30338
      vertex 20.7614 -0.95 7.54404
    endloop
  endfacet
  facet normal -0 -1 0
    outer loop
      vertex 21.8147 -0.95 7.57709
      vertex 21.5427 -0.95 8.26811
      vertex 21.5266 -0.95 7.52979
    endloop
  endfacet
  facet normal -0 -1 0
    outer loop
      vertex 22.0759 -0.95 7.65591
      vertex 21.5427 -0.95 8.26811
      vertex 21.8147 -0.95 7.57709
    endloop
  endfacet
  facet normal 0 -1 0
    outer loop
      vertex 21.1182 -0.95 8.30338
      vertex 21.2118 -0.95 7.51402
      vertex 21.3159 -0.95 8.27692
    endloop
  endfacet
  facet normal 0 -1 0
    outer loop
      vertex 21.5427 -0.95 8.26811
      vertex 22.5248 -0.95 7.9146
      vertex 22.7261 -0.95 8.10735
    endloop
  endfacet
  facet normal -0 -1 0
    outer loop
      vertex 21.5266 -0.95 7.52979
      vertex 21.3159 -0.95 8.27692
      vertex 21.2118 -0.95 7.51402
    endloop
  endfacet
  facet normal -0 -1 0
    outer loop
      vertex 22.3104 -0.95 7.76627
      vertex 21.5427 -0.95 8.26811
      vertex 22.0759 -0.95 7.65591
    endloop
  endfacet
  facet normal 0 -1 0
    outer loop
      vertex 21.5427 -0.95 8.26811
      vertex 22.3104 -0.95 7.76627
      vertex 22.5248 -0.95 7.9146
    endloop
  endfacet
  facet normal 0 -1 0
    outer loop
      vertex 22.9141 -0.95 8.34451
      vertex 22.6549 -0.95 8.7509
      vertex 22.4328 -0.95 8.53969
    endloop
  endfacet
  facet normal 0 -1 0
    outer loop
      vertex 22.7261 -0.95 8.10735
      vertex 22.4328 -0.95 8.53969
      vertex 22.1734 -0.95 8.38881
    endloop
  endfacet
  facet normal 0 -1 0
    outer loop
      vertex 22.6549 -0.95 8.7509
      vertex 22.9141 -0.95 8.34451
      vertex 23.0889 -0.95 8.62611
    endloop
  endfacet
  facet normal 0 -1 0
    outer loop
      vertex 22.7261 -0.95 8.10735
      vertex 22.1734 -0.95 8.38881
      vertex 21.8767 -0.95 8.29828
    endloop
  endfacet
  facet normal 0 -1 0
    outer loop
      vertex 22.7261 -0.95 8.10735
      vertex 21.8767 -0.95 8.29828
      vertex 21.5427 -0.95 8.26811
    endloop
  endfacet
  facet normal 0 -1 0
    outer loop
      vertex 22.4328 -0.95 8.53969
      vertex 22.7261 -0.95 8.10735
      vertex 22.9141 -0.95 8.34451
    endloop
  endfacet
  facet normal 0 -1 0
    outer loop
      vertex 23.0617 -0.95 10.0909
      vertex 24.0382 -0.95 13.4923
      vertex 23.0617 -0.95 13.4923
    endloop
  endfacet
  facet normal 0 -1 0
    outer loop
      vertex 24.0382 -0.95 8.8757
      vertex 23.0617 -0.95 10.0909
      vertex 23.0363 -0.95 9.68571
    endloop
  endfacet
  facet normal 0 -1 0
    outer loop
      vertex 24.0382 -0.95 8.8757
      vertex 23.0363 -0.95 9.68571
      vertex 22.96 -0.95 9.3273
    endloop
  endfacet
  facet normal 0 -1 0
    outer loop
      vertex 23.0617 -0.95 10.0909
      vertex 24.0382 -0.95 8.8757
      vertex 24.0382 -0.95 13.4923
    endloop
  endfacet
  facet normal 0 -1 0
    outer loop
      vertex 23.1051 -0.95 8.62611
      vertex 22.96 -0.95 9.3273
      vertex 22.8329 -0.95 9.0157
    endloop
  endfacet
  facet normal 0 -1 0
    outer loop
      vertex 23.0889 -0.95 8.62611
      vertex 22.8329 -0.95 9.0157
      vertex 22.6549 -0.95 8.7509
    endloop
  endfacet
  facet normal 0 -1 0
    outer loop
      vertex 22.8329 -0.95 9.0157
      vertex 23.0889 -0.95 8.62611
      vertex 23.1051 -0.95 8.62611
    endloop
  endfacet
  facet normal 0 -1 0
    outer loop
      vertex 22.96 -0.95 9.3273
      vertex 23.1051 -0.95 8.62611
      vertex 24.0382 -0.95 8.8757
    endloop
  endfacet
  facet normal 0 -1 0
    outer loop
      vertex 24.0403 -0.95 8.41287
      vertex 23.1051 -0.95 8.62611
      vertex 23.1104 -0.95 8.42896
    endloop
  endfacet
  facet normal 0 -1 0
    outer loop
      vertex 23.1051 -0.95 8.62611
      vertex 24.0403 -0.95 8.41287
      vertex 24.0382 -0.95 8.8757
    endloop
  endfacet
  facet normal 0 -1 0
    outer loop
      vertex 23.1153 -0.95 8.26602
      vertex 24.0403 -0.95 8.41287
      vertex 23.1104 -0.95 8.42896
    endloop
  endfacet
  facet normal 0 -1 0
    outer loop
      vertex 24.0464 -0.95 8.04973
      vertex 23.1153 -0.95 8.26602
      vertex 23.1198 -0.95 8.13734
    endloop
  endfacet
  facet normal 0 -1 0
    outer loop
      vertex 23.1153 -0.95 8.26602
      vertex 24.0464 -0.95 8.04973
      vertex 24.0403 -0.95 8.41287
    endloop
  endfacet
  facet normal 0 -1 0
    outer loop
      vertex 23.1241 -0.95 8.04291
      vertex 24.0464 -0.95 8.04973
      vertex 23.1198 -0.95 8.13734
    endloop
  endfacet
  facet normal 0 -1 0
    outer loop
      vertex 23.128 -0.95 7.96783
      vertex 24.0464 -0.95 8.04973
      vertex 23.1241 -0.95 8.04291
    endloop
  endfacet
  facet normal 0 -1 0
    outer loop
      vertex 23.1315 -0.95 7.89714
      vertex 24.0464 -0.95 8.04973
      vertex 23.128 -0.95 7.96783
    endloop
  endfacet
  facet normal 0 -1 0
    outer loop
      vertex 24.0565 -0.95 7.78627
      vertex 23.1315 -0.95 7.89714
      vertex 23.1348 -0.95 7.83087
    endloop
  endfacet
  facet normal 0 -1 0
    outer loop
      vertex 23.1315 -0.95 7.89714
      vertex 24.0565 -0.95 7.78627
      vertex 24.0464 -0.95 8.04973
    endloop
  endfacet
  facet normal 0 -1 0
    outer loop
      vertex 23.1377 -0.95 7.76898
      vertex 24.0565 -0.95 7.78627
      vertex 23.1348 -0.95 7.83087
    endloop
  endfacet
  facet normal 0 -1 0
    outer loop
      vertex 23.1404 -0.95 7.71507
      vertex 24.0565 -0.95 7.78627
      vertex 23.1377 -0.95 7.76898
    endloop
  endfacet
  facet normal 0 -1 0
    outer loop
      vertex 23.1431 -0.95 7.67268
      vertex 24.0565 -0.95 7.78627
      vertex 23.1404 -0.95 7.71507
    endloop
  endfacet
  facet normal 0 -1 0
    outer loop
      vertex 23.1458 -0.95 7.64183
      vertex 24.0565 -0.95 7.78627
      vertex 23.1431 -0.95 7.67268
    endloop
  endfacet
  facet normal 0 -1 0
    outer loop
      vertex 23.1485 -0.95 7.62251
      vertex 24.0565 -0.95 7.78627
      vertex 23.1458 -0.95 7.64183
    endloop
  endfacet
  facet normal 0 -1 -0
    outer loop
      vertex 24.0565 -0.95 7.78627
      vertex 23.1485 -0.95 7.62251
      vertex 24.0708 -0.95 7.62251
    endloop
  endfacet
  facet normal 0 -1 0
    outer loop
      vertex 83.3253 -0.95 13.3286
      vertex 84.2333 -0.95 13.4923
      vertex 83.3111 -0.95 13.4923
    endloop
  endfacet
  facet normal 0 -1 -0
    outer loop
      vertex 84.2333 -0.95 13.4923
      vertex 83.3253 -0.95 13.3286
      vertex 84.236 -0.95 13.473
    endloop
  endfacet
  facet normal 0 -1 -0
    outer loop
      vertex 84.236 -0.95 13.473
      vertex 83.3253 -0.95 13.3286
      vertex 84.2387 -0.95 13.4422
    endloop
  endfacet
  facet normal 0 -1 -0
    outer loop
      vertex 84.2387 -0.95 13.4422
      vertex 83.3253 -0.95 13.3286
      vertex 84.2414 -0.95 13.3998
    endloop
  endfacet
  facet normal 0 -1 -0
    outer loop
      vertex 84.2414 -0.95 13.3998
      vertex 83.3253 -0.95 13.3286
      vertex 84.2441 -0.95 13.3459
    endloop
  endfacet
  facet normal 0 -1 0
    outer loop
      vertex 83.3253 -0.95 13.3286
      vertex 84.247 -0.95 13.284
      vertex 84.2441 -0.95 13.3459
    endloop
  endfacet
  facet normal 0 -1 0
    outer loop
      vertex 83.3253 -0.95 13.3286
      vertex 84.2502 -0.95 13.2177
      vertex 84.247 -0.95 13.284
    endloop
  endfacet
  facet normal 0 -1 0
    outer loop
      vertex 83.3354 -0.95 13.0651
      vertex 84.2502 -0.95 13.2177
      vertex 83.3253 -0.95 13.3286
    endloop
  endfacet
  facet normal 0 -1 -0
    outer loop
      vertex 84.2502 -0.95 13.2177
      vertex 83.3354 -0.95 13.0651
      vertex 84.2538 -0.95 13.147
    endloop
  endfacet
  facet normal 0 -1 -0
    outer loop
      vertex 84.2538 -0.95 13.147
      vertex 83.3354 -0.95 13.0651
      vertex 84.2577 -0.95 13.0719
    endloop
  endfacet
  facet normal 0 -1 0
    outer loop
      vertex 83.3354 -0.95 13.0651
      vertex 84.262 -0.95 12.9774
      vertex 84.2577 -0.95 13.0719
    endloop
  endfacet
  facet normal 0 -1 0
    outer loop
      vertex 83.3354 -0.95 13.0651
      vertex 84.2665 -0.95 12.8488
      vertex 84.262 -0.95 12.9774
    endloop
  endfacet
  facet normal 0 -1 0
    outer loop
      vertex 83.3415 -0.95 12.702
      vertex 84.2665 -0.95 12.8488
      vertex 83.3354 -0.95 13.0651
    endloop
  endfacet
  facet normal 0 -1 0
    outer loop
      vertex 83.3415 -0.95 12.702
      vertex 84.2714 -0.95 12.6859
      vertex 84.2665 -0.95 12.8488
    endloop
  endfacet
  facet normal 0 -1 0
    outer loop
      vertex 83.3415 -0.95 12.702
      vertex 84.2767 -0.95 12.4887
      vertex 84.2714 -0.95 12.6859
    endloop
  endfacet
  facet normal 0 -1 0
    outer loop
      vertex 84.549 -0.95 12.0991
      vertex 84.293 -0.95 12.4887
      vertex 84.2767 -0.95 12.4887
    endloop
  endfacet
  facet normal 0 -1 0
    outer loop
      vertex 83.3436 -0.95 12.2391
      vertex 84.2767 -0.95 12.4887
      vertex 83.3415 -0.95 12.702
    endloop
  endfacet
  facet normal 0 -1 0
    outer loop
      vertex 84.4218 -0.95 11.7875
      vertex 84.2767 -0.95 12.4887
      vertex 83.3436 -0.95 12.2391
    endloop
  endfacet
  facet normal 0 -1 0
    outer loop
      vertex 84.293 -0.95 12.4887
      vertex 84.549 -0.95 12.0991
      vertex 84.727 -0.95 12.3639
    endloop
  endfacet
  facet normal 0 -1 0
    outer loop
      vertex 84.2767 -0.95 12.4887
      vertex 84.4218 -0.95 11.7875
      vertex 84.549 -0.95 12.0991
    endloop
  endfacet
  facet normal 0 -1 0
    outer loop
      vertex 83.3436 -0.95 12.2391
      vertex 84.3456 -0.95 11.4292
      vertex 84.4218 -0.95 11.7875
    endloop
  endfacet
  facet normal 0 -1 0
    outer loop
      vertex 83.3436 -0.95 12.2391
      vertex 84.3201 -0.95 11.0239
      vertex 84.3456 -0.95 11.4292
    endloop
  endfacet
  facet normal 0 -1 0
    outer loop
      vertex 83.3436 -0.95 7.62251
      vertex 84.3201 -0.95 11.0239
      vertex 83.3436 -0.95 12.2391
    endloop
  endfacet
  facet normal 0 -1 -0
    outer loop
      vertex 84.3201 -0.95 11.0239
      vertex 83.3436 -0.95 7.62251
      vertex 84.3201 -0.95 7.62251
    endloop
  endfacet
  facet normal 0 -1 -0
    outer loop
      vertex 85.5671 -0.95 13.5378
      vertex 85.5051 -0.95 12.8166
      vertex 85.8391 -0.95 12.8467
    endloop
  endfacet
  facet normal 0 -1 0
    outer loop
      vertex 84.9491 -0.95 12.5752
      vertex 84.6558 -0.95 13.0075
      vertex 84.4678 -0.95 12.7703
    endloop
  endfacet
  facet normal 0 -1 0
    outer loop
      vertex 84.857 -0.95 13.2002
      vertex 85.2085 -0.95 12.726
      vertex 85.5051 -0.95 12.8166
    endloop
  endfacet
  facet normal 0 -1 0
    outer loop
      vertex 84.6558 -0.95 13.0075
      vertex 84.9491 -0.95 12.5752
      vertex 85.2085 -0.95 12.726
    endloop
  endfacet
  facet normal 0 -1 0
    outer loop
      vertex 84.727 -0.95 12.3639
      vertex 84.4678 -0.95 12.7703
      vertex 84.293 -0.95 12.4887
    endloop
  endfacet
  facet normal 0 -1 0
    outer loop
      vertex 84.4678 -0.95 12.7703
      vertex 84.727 -0.95 12.3639
      vertex 84.9491 -0.95 12.5752
    endloop
  endfacet
  facet normal 0 -1 0
    outer loop
      vertex 86.0659 -0.95 12.8379
      vertex 86.17 -0.95 13.6008
      vertex 85.8552 -0.95 13.5851
    endloop
  endfacet
  facet normal 0 -1 0
    outer loop
      vertex 85.8391 -0.95 12.8467
      vertex 85.8552 -0.95 13.5851
      vertex 85.5671 -0.95 13.5378
    endloop
  endfacet
  facet normal 0 -1 -0
    outer loop
      vertex 86.17 -0.95 13.6008
      vertex 86.0659 -0.95 12.8379
      vertex 86.2635 -0.95 12.8115
    endloop
  endfacet
  facet normal 0 -1 0
    outer loop
      vertex 85.5051 -0.95 12.8166
      vertex 85.5671 -0.95 13.5378
      vertex 85.3059 -0.95 13.4589
    endloop
  endfacet
  facet normal 0 -1 0
    outer loop
      vertex 85.5051 -0.95 12.8166
      vertex 85.3059 -0.95 13.4589
      vertex 85.0714 -0.95 13.3486
    endloop
  endfacet
  facet normal 0 -1 0
    outer loop
      vertex 86.17 -0.95 13.6008
      vertex 86.2635 -0.95 12.8115
      vertex 86.6205 -0.95 13.5708
    endloop
  endfacet
  facet normal 0 -1 0
    outer loop
      vertex 85.5051 -0.95 12.8166
      vertex 85.0714 -0.95 13.3486
      vertex 84.857 -0.95 13.2002
    endloop
  endfacet
  facet normal 0 -1 -0
    outer loop
      vertex 85.8552 -0.95 13.5851
      vertex 85.8391 -0.95 12.8467
      vertex 86.0659 -0.95 12.8379
    endloop
  endfacet
  facet normal 0 -1 0
    outer loop
      vertex 85.2085 -0.95 12.726
      vertex 84.857 -0.95 13.2002
      vertex 84.6558 -0.95 13.0075
    endloop
  endfacet
  facet normal 0 -1 0
    outer loop
      vertex 86.4321 -0.95 12.7674
      vertex 86.6205 -0.95 13.5708
      vertex 86.2635 -0.95 12.8115
    endloop
  endfacet
  facet normal 0 -1 0
    outer loop
      vertex 86.5714 -0.95 12.7057
      vertex 86.6205 -0.95 13.5708
      vertex 86.4321 -0.95 12.7674
    endloop
  endfacet
  facet normal 0 -1 -0
    outer loop
      vertex 86.6205 -0.95 13.5708
      vertex 86.5714 -0.95 12.7057
      vertex 87.0061 -0.95 13.4808
    endloop
  endfacet
  facet normal 0 -1 0
    outer loop
      vertex 86.6877 -0.95 12.624
      vertex 87.0061 -0.95 13.4808
      vertex 86.5714 -0.95 12.7057
    endloop
  endfacet
  facet normal 0 -1 -0
    outer loop
      vertex 87.0061 -0.95 13.4808
      vertex 86.6877 -0.95 12.624
      vertex 87.327 -0.95 13.3308
    endloop
  endfacet
  facet normal 0 -1 0
    outer loop
      vertex 86.7871 -0.95 12.5199
      vertex 87.327 -0.95 13.3308
      vertex 86.6877 -0.95 12.624
    endloop
  endfacet
  facet normal 0 -1 -0
    outer loop
      vertex 87.327 -0.95 13.3308
      vertex 86.7871 -0.95 12.5199
      vertex 87.5832 -0.95 13.1207
    endloop
  endfacet
  facet normal 0 -1 0
    outer loop
      vertex 86.8695 -0.95 12.3934
      vertex 87.5832 -0.95 13.1207
      vertex 86.7871 -0.95 12.5199
    endloop
  endfacet
  facet normal 0 -1 -0
    outer loop
      vertex 87.5832 -0.95 13.1207
      vertex 86.8695 -0.95 12.3934
      vertex 87.779 -0.95 12.8415
    endloop
  endfacet
  facet normal 0 -1 0
    outer loop
      vertex 86.9349 -0.95 12.2446
      vertex 87.779 -0.95 12.8415
      vertex 86.8695 -0.95 12.3934
    endloop
  endfacet
  facet normal 0 -1 -0
    outer loop
      vertex 87.779 -0.95 12.8415
      vertex 86.9349 -0.95 12.2446
      vertex 87.9189 -0.95 12.484
    endloop
  endfacet
  facet normal 0 -1 0
    outer loop
      vertex 86.9848 -0.95 12.0683
      vertex 87.9189 -0.95 12.484
      vertex 86.9349 -0.95 12.2446
    endloop
  endfacet
  facet normal 0 -1 0
    outer loop
      vertex 86.9848 -0.95 12.0683
      vertex 88.0028 -0.95 12.0481
      vertex 87.9189 -0.95 12.484
    endloop
  endfacet
  facet normal 0 -1 0
    outer loop
      vertex 87.0204 -0.95 11.8594
      vertex 88.0028 -0.95 12.0481
      vertex 86.9848 -0.95 12.0683
    endloop
  endfacet
  facet normal 0 -1 0
    outer loop
      vertex 87.0417 -0.95 11.618
      vertex 88.0028 -0.95 12.0481
      vertex 87.0204 -0.95 11.8594
    endloop
  endfacet
  facet normal 0 -1 0
    outer loop
      vertex 87.0417 -0.95 11.618
      vertex 88.0308 -0.95 11.5339
      vertex 88.0028 -0.95 12.0481
    endloop
  endfacet
  facet normal 0 -1 0
    outer loop
      vertex 87.0488 -0.95 11.344
      vertex 88.0308 -0.95 11.5339
      vertex 87.0417 -0.95 11.618
    endloop
  endfacet
  facet normal 0 -1 0
    outer loop
      vertex 88.0308 -0.95 7.62251
      vertex 87.0488 -0.95 11.344
      vertex 87.0488 -0.95 7.62251
    endloop
  endfacet
  facet normal 0 -1 0
    outer loop
      vertex 87.0488 -0.95 11.344
      vertex 88.0308 -0.95 7.62251
      vertex 88.0308 -0.95 11.5339
    endloop
  endfacet
  facet normal 0 -1 0
    outer loop
      vertex 64.6044 -0.95 7.63947
      vertex 65.1428 -0.95 8.34824
      vertex 64.4255 -0.95 7.72847
    endloop
  endfacet
  facet normal 0 -1 0
    outer loop
      vertex 64.8202 -0.95 7.58607
      vertex 65.1428 -0.95 8.34824
      vertex 64.6044 -0.95 7.63947
    endloop
  endfacet
  facet normal -0 -1 0
    outer loop
      vertex 65.2646 -0.95 7.5737
      vertex 65.2385 -0.95 8.27959
      vertex 65.073 -0.95 7.56827
    endloop
  endfacet
  facet normal 0 -1 0
    outer loop
      vertex 65.2385 -0.95 8.27959
      vertex 65.2646 -0.95 7.5737
      vertex 65.3599 -0.95 8.2384
    endloop
  endfacet
  facet normal 0 -1 -0
    outer loop
      vertex 65.1428 -0.95 8.34824
      vertex 64.8202 -0.95 7.58607
      vertex 65.2385 -0.95 8.27959
    endloop
  endfacet
  facet normal -0 -1 0
    outer loop
      vertex 65.4541 -0.95 7.58997
      vertex 65.3599 -0.95 8.2384
      vertex 65.2646 -0.95 7.5737
    endloop
  endfacet
  facet normal 0 -1 0
    outer loop
      vertex 65.073 -0.95 7.56827
      vertex 65.2385 -0.95 8.27959
      vertex 64.8202 -0.95 7.58607
    endloop
  endfacet
  facet normal -0 -1 0
    outer loop
      vertex 65.6416 -0.95 7.6171
      vertex 65.507 -0.95 8.22467
      vertex 65.4541 -0.95 7.58997
    endloop
  endfacet
  facet normal 0 -1 0
    outer loop
      vertex 65.3599 -0.95 8.2384
      vertex 65.4541 -0.95 7.58997
      vertex 65.507 -0.95 8.22467
    endloop
  endfacet
  facet normal 0 -1 0
    outer loop
      vertex 65.7399 -0.95 8.24605
      vertex 65.827 -0.95 7.65508
      vertex 65.827 -0.95 8.26266
    endloop
  endfacet
  facet normal 0 -1 0
    outer loop
      vertex 65.6576 -0.95 8.23416
      vertex 65.827 -0.95 7.65508
      vertex 65.7399 -0.95 8.24605
    endloop
  endfacet
  facet normal 0 -1 0
    outer loop
      vertex 65.507 -0.95 8.22467
      vertex 65.6416 -0.95 7.6171
      vertex 65.5799 -0.95 8.22704
    endloop
  endfacet
  facet normal -0 -1 0
    outer loop
      vertex 65.827 -0.95 7.65508
      vertex 65.6576 -0.95 8.23416
      vertex 65.6416 -0.95 7.6171
    endloop
  endfacet
  facet normal 0 -1 0
    outer loop
      vertex 65.5799 -0.95 8.22704
      vertex 65.6416 -0.95 7.6171
      vertex 65.6576 -0.95 8.23416
    endloop
  endfacet
  facet normal 0 -1 0
    outer loop
      vertex 63.777 -0.95 8.43369
      vertex 63.4448 -0.95 8.78009
      vertex 63.269 -0.95 8.62395
    endloop
  endfacet
  facet normal 0 -1 0
    outer loop
      vertex 63.5669 -0.95 8.17108
      vertex 63.269 -0.95 8.62395
      vertex 63.0711 -0.95 8.49051
    endloop
  endfacet
  facet normal 0 -1 0
    outer loop
      vertex 63.4448 -0.95 8.78009
      vertex 63.777 -0.95 8.43369
      vertex 63.9718 -0.95 8.74547
    endloop
  endfacet
  facet normal 0 -1 0
    outer loop
      vertex 63.3416 -0.95 7.95766
      vertex 63.0711 -0.95 8.49051
      vertex 62.8548 -0.95 8.38368
    endloop
  endfacet
  facet normal 0 -1 0
    outer loop
      vertex 63.101 -0.95 7.79338
      vertex 62.8548 -0.95 8.38368
      vertex 62.6236 -0.95 8.30739
    endloop
  endfacet
  facet normal 0 -1 0
    outer loop
      vertex 62.5511 -0.95 7.58386
      vertex 62.6236 -0.95 8.30739
      vertex 62.3775 -0.95 8.26161
    endloop
  endfacet
  facet normal 0 -1 0
    outer loop
      vertex 63.269 -0.95 8.62395
      vertex 63.5669 -0.95 8.17108
      vertex 63.777 -0.95 8.43369
    endloop
  endfacet
  facet normal 0 -1 0
    outer loop
      vertex 62.2359 -0.95 7.53149
      vertex 62.3775 -0.95 8.26161
      vertex 62.1164 -0.95 8.24635
    endloop
  endfacet
  facet normal 0 -1 0
    outer loop
      vertex 61.4793 -0.95 7.54318
      vertex 61.5238 -0.95 8.39282
      vertex 61.1195 -0.95 7.63066
    endloop
  endfacet
  facet normal 0 -1 -0
    outer loop
      vertex 61.5238 -0.95 8.39282
      vertex 61.4793 -0.95 7.54318
      vertex 61.6939 -0.95 8.31145
    endloop
  endfacet
  facet normal 0 -1 -0
    outer loop
      vertex 62.3775 -0.95 8.26161
      vertex 62.2359 -0.95 7.53149
      vertex 62.5511 -0.95 7.58386
    endloop
  endfacet
  facet normal 0 -1 -0
    outer loop
      vertex 62.6236 -0.95 8.30739
      vertex 62.5511 -0.95 7.58386
      vertex 62.8394 -0.95 7.67117
    endloop
  endfacet
  facet normal 0 -1 -0
    outer loop
      vertex 61.6939 -0.95 8.31145
      vertex 61.4793 -0.95 7.54318
      vertex 61.8914 -0.95 8.26262
    endloop
  endfacet
  facet normal 0 -1 0
    outer loop
      vertex 63.0711 -0.95 8.49051
      vertex 63.3416 -0.95 7.95766
      vertex 63.5669 -0.95 8.17108
    endloop
  endfacet
  facet normal 0 -1 0
    outer loop
      vertex 61.8939 -0.95 7.51402
      vertex 61.8914 -0.95 8.26262
      vertex 61.4793 -0.95 7.54318
    endloop
  endfacet
  facet normal 0 -1 0
    outer loop
      vertex 62.6236 -0.95 8.30739
      vertex 62.8394 -0.95 7.67117
      vertex 63.101 -0.95 7.79338
    endloop
  endfacet
  facet normal 0 -1 0
    outer loop
      vertex 61.8914 -0.95 8.26262
      vertex 61.8939 -0.95 7.51402
      vertex 62.1164 -0.95 8.24635
    endloop
  endfacet
  facet normal 0 -1 0
    outer loop
      vertex 62.8548 -0.95 8.38368
      vertex 63.101 -0.95 7.79338
      vertex 63.3416 -0.95 7.95766
    endloop
  endfacet
  facet normal 0 -1 -0
    outer loop
      vertex 62.1164 -0.95 8.24635
      vertex 61.8939 -0.95 7.51402
      vertex 62.2359 -0.95 7.53149
    endloop
  endfacet
  facet normal 0 -1 -0
    outer loop
      vertex 63.9718 -0.95 11.203
      vertex 62.903 -0.95 10.4978
      vertex 63.9718 -0.95 10.5195
    endloop
  endfacet
  facet normal 0 -1 0
    outer loop
      vertex 61.0651 -0.95 10.8761
      vertex 62.5794 -0.95 10.4849
      vertex 62.903 -0.95 10.4978
    endloop
  endfacet
  facet normal 0 -1 0
    outer loop
      vertex 61.0651 -0.95 10.8761
      vertex 62.2974 -0.95 10.4571
      vertex 62.5794 -0.95 10.4849
    endloop
  endfacet
  facet normal 0 -1 0
    outer loop
      vertex 61.0651 -0.95 10.8761
      vertex 62.0572 -0.95 10.4143
      vertex 62.2974 -0.95 10.4571
    endloop
  endfacet
  facet normal 0 -1 0
    outer loop
      vertex 61.3134 -0.95 9.95523
      vertex 60.7194 -0.95 10.6605
      vertex 60.4572 -0.95 10.3899
    endloop
  endfacet
  facet normal 0 -1 0
    outer loop
      vertex 61.0651 -0.95 10.8761
      vertex 61.8586 -0.95 10.3567
      vertex 62.0572 -0.95 10.4143
    endloop
  endfacet
  facet normal 0 -1 0
    outer loop
      vertex 61.0651 -0.95 10.8761
      vertex 61.6913 -0.95 10.2828
      vertex 61.8586 -0.95 10.3567
    endloop
  endfacet
  facet normal 0 -1 0
    outer loop
      vertex 61.0651 -0.95 10.8761
      vertex 61.5447 -0.95 10.1912
      vertex 61.6913 -0.95 10.2828
    endloop
  endfacet
  facet normal 0 -1 0
    outer loop
      vertex 61.0651 -0.95 10.8761
      vertex 61.4187 -0.95 10.082
      vertex 61.5447 -0.95 10.1912
    endloop
  endfacet
  facet normal 0 -1 0
    outer loop
      vertex 61.2304 -0.95 9.80911
      vertex 60.4572 -0.95 10.3899
      vertex 60.2699 -0.95 10.0665
    endloop
  endfacet
  facet normal 0 -1 0
    outer loop
      vertex 60.7194 -0.95 10.6605
      vertex 61.3134 -0.95 9.95523
      vertex 61.4187 -0.95 10.082
    endloop
  endfacet
  facet normal 0 -1 0
    outer loop
      vertex 60.4572 -0.95 10.3899
      vertex 61.2304 -0.95 9.80911
      vertex 61.3134 -0.95 9.95523
    endloop
  endfacet
  facet normal 0 -1 0
    outer loop
      vertex 61.1711 -0.95 9.64197
      vertex 60.2699 -0.95 10.0665
      vertex 60.1575 -0.95 9.69009
    endloop
  endfacet
  facet normal 0 -1 0
    outer loop
      vertex 60.2699 -0.95 10.0665
      vertex 61.1711 -0.95 9.64197
      vertex 61.2304 -0.95 9.80911
    endloop
  endfacet
  facet normal 0 -1 0
    outer loop
      vertex 60.1575 -0.95 9.69009
      vertex 61.1355 -0.95 9.4538
      vertex 61.1711 -0.95 9.64197
    endloop
  endfacet
  facet normal 0 -1 0
    outer loop
      vertex 60.12 -0.95 9.26083
      vertex 61.1355 -0.95 9.4538
      vertex 60.1575 -0.95 9.69009
    endloop
  endfacet
  facet normal 0 -1 0
    outer loop
      vertex 60.12 -0.95 9.26083
      vertex 61.1236 -0.95 9.24458
      vertex 61.1355 -0.95 9.4538
    endloop
  endfacet
  facet normal 0 -1 0
    outer loop
      vertex 60.1478 -0.95 8.87569
      vertex 61.1236 -0.95 9.24458
      vertex 60.12 -0.95 9.26083
    endloop
  endfacet
  facet normal 0 -1 -0
    outer loop
      vertex 61.1236 -0.95 9.24458
      vertex 60.1478 -0.95 8.87569
      vertex 61.1397 -0.95 9.01944
    endloop
  endfacet
  facet normal 0 -1 0
    outer loop
      vertex 60.2312 -0.95 8.53392
      vertex 61.1397 -0.95 9.01944
      vertex 60.1478 -0.95 8.87569
    endloop
  endfacet
  facet normal 0 -1 -0
    outer loop
      vertex 61.1397 -0.95 9.01944
      vertex 60.2312 -0.95 8.53392
      vertex 61.188 -0.95 8.82141
    endloop
  endfacet
  facet normal 0 -1 0
    outer loop
      vertex 60.3702 -0.95 8.23557
      vertex 61.188 -0.95 8.82141
      vertex 60.2312 -0.95 8.53392
    endloop
  endfacet
  facet normal 0 -1 -0
    outer loop
      vertex 61.188 -0.95 8.82141
      vertex 60.3702 -0.95 8.23557
      vertex 61.2685 -0.95 8.65051
    endloop
  endfacet
  facet normal 0 -1 0
    outer loop
      vertex 60.5648 -0.95 7.98059
      vertex 61.2685 -0.95 8.65051
      vertex 60.3702 -0.95 8.23557
    endloop
  endfacet
  facet normal 0 -1 -0
    outer loop
      vertex 61.2685 -0.95 8.65051
      vertex 60.5648 -0.95 7.98059
      vertex 61.3813 -0.95 8.50674
    endloop
  endfacet
  facet normal 0 -1 0
    outer loop
      vertex 60.8147 -0.95 7.77647
      vertex 61.3813 -0.95 8.50674
      vertex 60.5648 -0.95 7.98059
    endloop
  endfacet
  facet normal 0 -1 -0
    outer loop
      vertex 61.3813 -0.95 8.50674
      vertex 61.1195 -0.95 7.63066
      vertex 61.5238 -0.95 8.39282
    endloop
  endfacet
  facet normal 0 -1 0
    outer loop
      vertex 61.1195 -0.95 7.63066
      vertex 61.3813 -0.95 8.50674
      vertex 60.8147 -0.95 7.77647
    endloop
  endfacet
  facet normal 0 -1 0
    outer loop
      vertex 62.4073 -0.95 12.8437
      vertex 62.7348 -0.95 13.6008
      vertex 61.7983 -0.95 13.5018
    endloop
  endfacet
  facet normal 0 -1 0
    outer loop
      vertex 63.0169 -0.95 12.8383
      vertex 62.7348 -0.95 13.6008
      vertex 62.7131 -0.95 12.8576
    endloop
  endfacet
  facet normal 0 -1 0
    outer loop
      vertex 62.7348 -0.95 13.6008
      vertex 63.0169 -0.95 12.8383
      vertex 63.2539 -0.95 13.5691
    endloop
  endfacet
  facet normal 0 -1 0
    outer loop
      vertex 61.7583 -0.95 12.6351
      vertex 61.7983 -0.95 13.5018
      vertex 61.0938 -0.95 13.2048
    endloop
  endfacet
  facet normal 0 -1 0
    outer loop
      vertex 63.2773 -0.95 12.7803
      vertex 63.2539 -0.95 13.5691
      vertex 63.0169 -0.95 12.8383
    endloop
  endfacet
  facet normal 0 -1 0
    outer loop
      vertex 63.2539 -0.95 13.5691
      vertex 63.2773 -0.95 12.7803
      vertex 63.7045 -0.95 13.474
    endloop
  endfacet
  facet normal 0 -1 0
    outer loop
      vertex 62.7348 -0.95 13.6008
      vertex 62.4073 -0.95 12.8437
      vertex 62.7131 -0.95 12.8576
    endloop
  endfacet
  facet normal 0 -1 0
    outer loop
      vertex 61.7983 -0.95 13.5018
      vertex 62.1462 -0.95 12.802
      vertex 62.4073 -0.95 12.8437
    endloop
  endfacet
  facet normal 0 -1 0
    outer loop
      vertex 61.7983 -0.95 13.5018
      vertex 61.9299 -0.95 12.7325
      vertex 62.1462 -0.95 12.802
    endloop
  endfacet
  facet normal 0 -1 0
    outer loop
      vertex 61.5196 -0.95 12.3463
      vertex 61.0938 -0.95 13.2048
      vertex 60.6211 -0.95 12.7098
    endloop
  endfacet
  facet normal 0 -1 -0
    outer loop
      vertex 61.7983 -0.95 13.5018
      vertex 61.7583 -0.95 12.6351
      vertex 61.9299 -0.95 12.7325
    endloop
  endfacet
  facet normal 0 -1 0
    outer loop
      vertex 61.0938 -0.95 13.2048
      vertex 61.624 -0.95 12.5073
      vertex 61.7583 -0.95 12.6351
    endloop
  endfacet
  facet normal 0 -1 0
    outer loop
      vertex 61.0938 -0.95 13.2048
      vertex 61.5196 -0.95 12.3463
      vertex 61.624 -0.95 12.5073
    endloop
  endfacet
  facet normal 0 -1 0
    outer loop
      vertex 60.6211 -0.95 12.7098
      vertex 61.445 -0.95 12.152
      vertex 61.5196 -0.95 12.3463
    endloop
  endfacet
  facet normal 0 -1 0
    outer loop
      vertex 60.3804 -0.95 12.0167
      vertex 61.445 -0.95 12.152
      vertex 60.6211 -0.95 12.7098
    endloop
  endfacet
  facet normal 0 -1 0
    outer loop
      vertex 61.445 -0.95 12.152
      vertex 60.3804 -0.95 12.0167
      vertex 61.4002 -0.95 11.9245
    endloop
  endfacet
  facet normal 0 -1 0
    outer loop
      vertex 63.4943 -0.95 12.6836
      vertex 63.7045 -0.95 13.474
      vertex 63.2773 -0.95 12.7803
    endloop
  endfacet
  facet normal 0 -1 -0
    outer loop
      vertex 63.7045 -0.95 13.474
      vertex 63.4943 -0.95 12.6836
      vertex 64.0866 -0.95 13.3155
    endloop
  endfacet
  facet normal 0 -1 0
    outer loop
      vertex 63.6679 -0.95 12.5483
      vertex 64.0866 -0.95 13.3155
      vertex 63.4943 -0.95 12.6836
    endloop
  endfacet
  facet normal 0 -1 -0
    outer loop
      vertex 64.0866 -0.95 13.3155
      vertex 63.6679 -0.95 12.5483
      vertex 64.4002 -0.95 13.0935
    endloop
  endfacet
  facet normal 0 -1 0
    outer loop
      vertex 63.8009 -0.95 12.3683
      vertex 64.4002 -0.95 13.0935
      vertex 63.6679 -0.95 12.5483
    endloop
  endfacet
  facet normal 0 -1 -0
    outer loop
      vertex 64.4002 -0.95 13.0935
      vertex 63.8009 -0.95 12.3683
      vertex 64.6447 -0.95 12.8116
    endloop
  endfacet
  facet normal 0 -1 0
    outer loop
      vertex 63.8958 -0.95 12.1374
      vertex 64.6447 -0.95 12.8116
      vertex 63.8009 -0.95 12.3683
    endloop
  endfacet
  facet normal 0 -1 -0
    outer loop
      vertex 64.6447 -0.95 12.8116
      vertex 63.8958 -0.95 12.1374
      vertex 64.8193 -0.95 12.4731
    endloop
  endfacet
  facet normal 0 -1 0
    outer loop
      vertex 63.8958 -0.95 12.1374
      vertex 64.9241 -0.95 12.0779
      vertex 64.8193 -0.95 12.4731
    endloop
  endfacet
  facet normal 0 -1 0
    outer loop
      vertex 63.9528 -0.95 11.8557
      vertex 64.9241 -0.95 12.0779
      vertex 63.8958 -0.95 12.1374
    endloop
  endfacet
  facet normal 0 -1 0
    outer loop
      vertex 63.9528 -0.95 11.8557
      vertex 64.959 -0.95 11.6262
      vertex 64.9241 -0.95 12.0779
    endloop
  endfacet
  facet normal 0 -1 0
    outer loop
      vertex 63.9718 -0.95 11.5231
      vertex 64.959 -0.95 11.6262
      vertex 63.9528 -0.95 11.8557
    endloop
  endfacet
  facet normal 0 -1 0
    outer loop
      vertex 63.9718 -0.95 11.203
      vertex 64.959 -0.95 11.6262
      vertex 63.9718 -0.95 11.5231
    endloop
  endfacet
  facet normal 0 -1 0
    outer loop
      vertex 62.903 -0.95 10.4978
      vertex 62.6534 -0.95 11.1813
      vertex 62.0321 -0.95 11.1366
    endloop
  endfacet
  facet normal 0 -1 0
    outer loop
      vertex 62.903 -0.95 10.4978
      vertex 62.0321 -0.95 11.1366
      vertex 61.5027 -0.95 11.0348
    endloop
  endfacet
  facet normal 0 -1 0
    outer loop
      vertex 61.4187 -0.95 10.082
      vertex 61.0651 -0.95 10.8761
      vertex 60.7194 -0.95 10.6605
    endloop
  endfacet
  facet normal 0 -1 0
    outer loop
      vertex 61.0651 -0.95 10.8761
      vertex 62.903 -0.95 10.4978
      vertex 61.5027 -0.95 11.0348
    endloop
  endfacet
  facet normal 0 -1 0
    outer loop
      vertex 62.903 -0.95 10.4978
      vertex 63.9718 -0.95 11.203
      vertex 62.6534 -0.95 11.1813
    endloop
  endfacet
  facet normal 0 -1 0
    outer loop
      vertex 63.9718 -0.95 10.5195
      vertex 64.959 -0.95 11.6262
      vertex 63.9718 -0.95 11.203
    endloop
  endfacet
  facet normal 0 -1 0
    outer loop
      vertex 64.959 -0.95 9.09811
      vertex 63.9718 -0.95 10.5195
      vertex 63.9718 -0.95 10.0367
    endloop
  endfacet
  facet normal 0 -1 0
    outer loop
      vertex 64.959 -0.95 9.09811
      vertex 63.9718 -0.95 10.0367
      vertex 63.9567 -0.95 9.81303
    endloop
  endfacet
  facet normal 0 -1 0
    outer loop
      vertex 64.959 -0.95 9.09811
      vertex 63.9567 -0.95 9.81303
      vertex 63.9114 -0.95 9.59247
    endloop
  endfacet
  facet normal 0 -1 0
    outer loop
      vertex 64.959 -0.95 9.09811
      vertex 63.9114 -0.95 9.59247
      vertex 63.836 -0.95 9.37495
    endloop
  endfacet
  facet normal 0 -1 0
    outer loop
      vertex 64.0042 -0.95 8.74547
      vertex 63.836 -0.95 9.37495
      vertex 63.7303 -0.95 9.16051
    endloop
  endfacet
  facet normal 0 -1 0
    outer loop
      vertex 63.9718 -0.95 10.5195
      vertex 64.959 -0.95 9.09811
      vertex 64.959 -0.95 11.6262
    endloop
  endfacet
  facet normal 0 -1 0
    outer loop
      vertex 63.9718 -0.95 8.74547
      vertex 63.7303 -0.95 9.16051
      vertex 63.5986 -0.95 8.95894
    endloop
  endfacet
  facet normal 0 -1 0
    outer loop
      vertex 63.836 -0.95 9.37495
      vertex 64.0042 -0.95 8.74547
      vertex 64.959 -0.95 9.09811
    endloop
  endfacet
  facet normal 0 -1 0
    outer loop
      vertex 63.9718 -0.95 8.74547
      vertex 63.5986 -0.95 8.95894
      vertex 63.4448 -0.95 8.78009
    endloop
  endfacet
  facet normal 0 -1 0
    outer loop
      vertex 63.7303 -0.95 9.16051
      vertex 63.9718 -0.95 8.74547
      vertex 64.0042 -0.95 8.74547
    endloop
  endfacet
  facet normal 0 -1 -0
    outer loop
      vertex 64.959 -0.95 9.09811
      vertex 64.0042 -0.95 8.74547
      vertex 64.9662 -0.95 8.8945
    endloop
  endfacet
  facet normal 0 -1 0
    outer loop
      vertex 64.0042 -0.95 8.74547
      vertex 64.9875 -0.95 8.71767
      vertex 64.9662 -0.95 8.8945
    endloop
  endfacet
  facet normal 0 -1 0
    outer loop
      vertex 64.0339 -0.95 8.46184
      vertex 64.9875 -0.95 8.71767
      vertex 64.0042 -0.95 8.74547
    endloop
  endfacet
  facet normal 0 -1 -0
    outer loop
      vertex 64.9875 -0.95 8.71767
      vertex 64.0339 -0.95 8.46184
      vertex 65.0231 -0.95 8.56761
    endloop
  endfacet
  facet normal 0 -1 0
    outer loop
      vertex 64.0904 -0.95 8.21857
      vertex 65.0231 -0.95 8.56761
      vertex 64.0339 -0.95 8.46184
    endloop
  endfacet
  facet normal 0 -1 -0
    outer loop
      vertex 65.0231 -0.95 8.56761
      vertex 64.0904 -0.95 8.21857
      vertex 65.073 -0.95 8.44435
    endloop
  endfacet
  facet normal 0 -1 0
    outer loop
      vertex 64.1736 -0.95 8.01564
      vertex 65.073 -0.95 8.44435
      vertex 64.0904 -0.95 8.21857
    endloop
  endfacet
  facet normal 0 -1 0
    outer loop
      vertex 64.2836 -0.95 7.85307
      vertex 65.073 -0.95 8.44435
      vertex 64.1736 -0.95 8.01564
    endloop
  endfacet
  facet normal 0 -1 -0
    outer loop
      vertex 65.073 -0.95 8.44435
      vertex 64.4255 -0.95 7.72847
      vertex 65.1428 -0.95 8.34824
    endloop
  endfacet
  facet normal 0 -1 0
    outer loop
      vertex 64.4255 -0.95 7.72847
      vertex 65.073 -0.95 8.44435
      vertex 64.2836 -0.95 7.85307
    endloop
  endfacet
  facet normal 0 -1 0
    outer loop
      vertex 80.0477 -0.95 12.8449
      vertex 80.2646 -0.95 13.5545
      vertex 79.6363 -0.95 13.6008
    endloop
  endfacet
  facet normal 0 -1 0
    outer loop
      vertex 79.2536 -0.95 12.8442
      vertex 79.6363 -0.95 13.6008
      vertex 78.4852 -0.95 13.4109
    endloop
  endfacet
  facet normal 0 -1 0
    outer loop
      vertex 80.0477 -0.95 12.8449
      vertex 79.6363 -0.95 13.6008
      vertex 79.6525 -0.95 12.8793
    endloop
  endfacet
  facet normal 0 -1 0
    outer loop
      vertex 80.3815 -0.95 12.7416
      vertex 80.2646 -0.95 13.5545
      vertex 80.0477 -0.95 12.8449
    endloop
  endfacet
  facet normal 0 -1 -0
    outer loop
      vertex 79.6363 -0.95 13.6008
      vertex 79.2536 -0.95 12.8442
      vertex 79.6525 -0.95 12.8793
    endloop
  endfacet
  facet normal 0 -1 0
    outer loop
      vertex 78.6339 -0.95 12.5634
      vertex 78.4852 -0.95 13.4109
      vertex 77.663 -0.95 12.8413
    endloop
  endfacet
  facet normal 0 -1 0
    outer loop
      vertex 78.4852 -0.95 13.4109
      vertex 78.9141 -0.95 12.7389
      vertex 79.2536 -0.95 12.8442
    endloop
  endfacet
  facet normal 0 -1 0
    outer loop
      vertex 78.4852 -0.95 13.4109
      vertex 78.6339 -0.95 12.5634
      vertex 78.9141 -0.95 12.7389
    endloop
  endfacet
  facet normal 0 -1 0
    outer loop
      vertex 77.663 -0.95 12.8413
      vertex 78.4129 -0.95 12.3178
      vertex 78.6339 -0.95 12.5634
    endloop
  endfacet
  facet normal 0 -1 0
    outer loop
      vertex 77.663 -0.95 12.8413
      vertex 78.2456 -0.95 11.9975
      vertex 78.4129 -0.95 12.3178
    endloop
  endfacet
  facet normal 0 -1 0
    outer loop
      vertex 77.1696 -0.95 11.8919
      vertex 78.2456 -0.95 11.9975
      vertex 77.663 -0.95 12.8413
    endloop
  endfacet
  facet normal 0 -1 0
    outer loop
      vertex 77.1696 -0.95 11.8919
      vertex 78.1261 -0.95 11.5983
      vertex 78.2456 -0.95 11.9975
    endloop
  endfacet
  facet normal 0 -1 0
    outer loop
      vertex 77.1696 -0.95 11.8919
      vertex 78.0544 -0.95 11.1201
      vertex 78.1261 -0.95 11.5983
    endloop
  endfacet
  facet normal 0 -1 0
    outer loop
      vertex 77.0052 -0.95 10.5628
      vertex 78.0544 -0.95 11.1201
      vertex 77.1696 -0.95 11.8919
    endloop
  endfacet
  facet normal 0 -1 0
    outer loop
      vertex 77.0052 -0.95 10.5628
      vertex 78.0305 -0.95 10.5628
      vertex 78.0544 -0.95 11.1201
    endloop
  endfacet
  facet normal 0 -1 0
    outer loop
      vertex 77.0052 -0.95 10.5628
      vertex 78.054 -0.95 10.0185
      vertex 78.0305 -0.95 10.5628
    endloop
  endfacet
  facet normal 0 -1 0
    outer loop
      vertex 77.0462 -0.95 9.86591
      vertex 78.054 -0.95 10.0185
      vertex 77.0052 -0.95 10.5628
    endloop
  endfacet
  facet normal 0 -1 0
    outer loop
      vertex 77.0462 -0.95 9.86591
      vertex 78.1247 -0.95 9.54637
      vertex 78.054 -0.95 10.0185
    endloop
  endfacet
  facet normal 0 -1 0
    outer loop
      vertex 77.1693 -0.95 9.25613
      vertex 78.1247 -0.95 9.54637
      vertex 77.0462 -0.95 9.86591
    endloop
  endfacet
  facet normal 0 -1 0
    outer loop
      vertex 77.1693 -0.95 9.25613
      vertex 78.2426 -0.95 9.14645
      vertex 78.1247 -0.95 9.54637
    endloop
  endfacet
  facet normal 0 -1 0
    outer loop
      vertex 77.3744 -0.95 8.73347
      vertex 78.2426 -0.95 9.14645
      vertex 77.1693 -0.95 9.25613
    endloop
  endfacet
  facet normal 0 -1 -0
    outer loop
      vertex 78.2426 -0.95 9.14645
      vertex 77.3744 -0.95 8.73347
      vertex 78.4075 -0.95 8.81874
    endloop
  endfacet
  facet normal 0 -1 0
    outer loop
      vertex 77.6616 -0.95 8.29794
      vertex 78.4075 -0.95 8.81874
      vertex 77.3744 -0.95 8.73347
    endloop
  endfacet
  facet normal 0 -1 0
    outer loop
      vertex 78.0291 -0.95 7.95499
      vertex 78.4075 -0.95 8.81874
      vertex 77.6616 -0.95 8.29794
    endloop
  endfacet
  facet normal 0 -1 -0
    outer loop
      vertex 78.4075 -0.95 8.81874
      vertex 78.0291 -0.95 7.95499
      vertex 78.623 -0.95 8.5636
    endloop
  endfacet
  facet normal 0 -1 0
    outer loop
      vertex 78.4754 -0.95 7.71001
      vertex 78.623 -0.95 8.5636
      vertex 78.0291 -0.95 7.95499
    endloop
  endfacet
  facet normal 0 -1 -0
    outer loop
      vertex 78.623 -0.95 8.5636
      vertex 78.4754 -0.95 7.71001
      vertex 78.8924 -0.95 8.38135
    endloop
  endfacet
  facet normal 0 -1 0
    outer loop
      vertex 79.0002 -0.95 7.56302
      vertex 78.8924 -0.95 8.38135
      vertex 78.4754 -0.95 7.71001
    endloop
  endfacet
  facet normal 0 -1 0
    outer loop
      vertex 80.2646 -0.95 13.5545
      vertex 80.3815 -0.95 12.7416
      vertex 80.804 -0.95 13.4157
    endloop
  endfacet
  facet normal 0 -1 0
    outer loop
      vertex 80.654 -0.95 12.5696
      vertex 80.804 -0.95 13.4157
      vertex 80.3815 -0.95 12.7416
    endloop
  endfacet
  facet normal 0 -1 -0
    outer loop
      vertex 80.804 -0.95 13.4157
      vertex 80.654 -0.95 12.5696
      vertex 81.2546 -0.95 13.1843
    endloop
  endfacet
  facet normal 0 -1 0
    outer loop
      vertex 80.865 -0.95 12.3287
      vertex 81.2546 -0.95 13.1843
      vertex 80.654 -0.95 12.5696
    endloop
  endfacet
  facet normal 0 -1 -0
    outer loop
      vertex 81.2546 -0.95 13.1843
      vertex 80.865 -0.95 12.3287
      vertex 81.6164 -0.95 12.8603
    endloop
  endfacet
  facet normal 0 -1 -0
    outer loop
      vertex 81.6164 -0.95 12.8603
      vertex 80.865 -0.95 12.3287
      vertex 81.8941 -0.95 12.4391
    endloop
  endfacet
  facet normal 0 -1 0
    outer loop
      vertex 81.0229 -0.95 12.0118
      vertex 81.8941 -0.95 12.4391
      vertex 80.865 -0.95 12.3287
    endloop
  endfacet
  facet normal 0 -1 0
    outer loop
      vertex 81.0229 -0.95 12.0118
      vertex 82.0925 -0.95 11.9157
      vertex 81.8941 -0.95 12.4391
    endloop
  endfacet
  facet normal 0 -1 0
    outer loop
      vertex 81.1356 -0.95 11.6119
      vertex 82.0925 -0.95 11.9157
      vertex 81.0229 -0.95 12.0118
    endloop
  endfacet
  facet normal 0 -1 0
    outer loop
      vertex 81.1356 -0.95 11.6119
      vertex 82.2115 -0.95 11.2903
      vertex 82.0925 -0.95 11.9157
    endloop
  endfacet
  facet normal 0 -1 0
    outer loop
      vertex 81.2033 -0.95 11.1289
      vertex 82.2115 -0.95 11.2903
      vertex 81.1356 -0.95 11.6119
    endloop
  endfacet
  facet normal 0 -1 0
    outer loop
      vertex 82.2512 -0.95 10.5628
      vertex 81.2033 -0.95 11.1289
      vertex 81.2258 -0.95 10.5628
    endloop
  endfacet
  facet normal 0 -1 0
    outer loop
      vertex 81.2033 -0.95 11.1289
      vertex 82.2512 -0.95 10.5628
      vertex 82.2115 -0.95 11.2903
    endloop
  endfacet
  facet normal 0 -1 0
    outer loop
      vertex 81.2023 -0.95 10.0031
      vertex 82.2512 -0.95 10.5628
      vertex 81.2258 -0.95 10.5628
    endloop
  endfacet
  facet normal 0 -1 0
    outer loop
      vertex 81.2023 -0.95 10.0031
      vertex 82.2088 -0.95 9.84167
      vertex 82.2512 -0.95 10.5628
    endloop
  endfacet
  facet normal 0 -1 0
    outer loop
      vertex 81.1316 -0.95 9.52261
      vertex 82.2088 -0.95 9.84167
      vertex 81.2023 -0.95 10.0031
    endloop
  endfacet
  facet normal 0 -1 0
    outer loop
      vertex 81.1316 -0.95 9.52261
      vertex 82.0816 -0.95 9.21883
      vertex 82.2088 -0.95 9.84167
    endloop
  endfacet
  facet normal 0 -1 0
    outer loop
      vertex 81.0137 -0.95 9.12149
      vertex 82.0816 -0.95 9.21883
      vertex 81.1316 -0.95 9.52261
    endloop
  endfacet
  facet normal 0 -1 0
    outer loop
      vertex 81.8697 -0.95 8.69431
      vertex 81.0137 -0.95 9.12149
      vertex 80.8488 -0.95 8.79971
    endloop
  endfacet
  facet normal 0 -1 0
    outer loop
      vertex 81.0137 -0.95 9.12149
      vertex 81.8697 -0.95 8.69431
      vertex 82.0816 -0.95 9.21883
    endloop
  endfacet
  facet normal 0 -1 0
    outer loop
      vertex 81.1956 -0.95 7.9382
      vertex 80.8488 -0.95 8.79971
      vertex 80.6289 -0.95 8.55289
    endloop
  endfacet
  facet normal 0 -1 0
    outer loop
      vertex 80.7416 -0.95 7.70255
      vertex 80.6289 -0.95 8.55289
      vertex 80.3463 -0.95 8.37659
    endloop
  endfacet
  facet normal 0 -1 0
    outer loop
      vertex 80.211 -0.95 7.56116
      vertex 80.3463 -0.95 8.37659
      vertex 80.0009 -0.95 8.27081
    endloop
  endfacet
  facet normal 0 -1 0
    outer loop
      vertex 80.8488 -0.95 8.79971
      vertex 81.573 -0.95 8.26811
      vertex 81.8697 -0.95 8.69431
    endloop
  endfacet
  facet normal 0 -1 0
    outer loop
      vertex 79.6037 -0.95 7.51402
      vertex 80.0009 -0.95 8.27081
      vertex 79.5929 -0.95 8.23555
    endloop
  endfacet
  facet normal 0 -1 0
    outer loop
      vertex 78.8924 -0.95 8.38135
      vertex 79.0002 -0.95 7.56302
      vertex 79.2157 -0.95 8.272
    endloop
  endfacet
  facet normal 0 -1 -0
    outer loop
      vertex 80.0009 -0.95 8.27081
      vertex 79.6037 -0.95 7.51402
      vertex 80.211 -0.95 7.56116
    endloop
  endfacet
  facet normal 0 -1 0
    outer loop
      vertex 79.6037 -0.95 7.51402
      vertex 79.2157 -0.95 8.272
      vertex 79.0002 -0.95 7.56302
    endloop
  endfacet
  facet normal 0 -1 -0
    outer loop
      vertex 80.3463 -0.95 8.37659
      vertex 80.211 -0.95 7.56116
      vertex 80.7416 -0.95 7.70255
    endloop
  endfacet
  facet normal 0 -1 0
    outer loop
      vertex 79.2157 -0.95 8.272
      vertex 79.6037 -0.95 7.51402
      vertex 79.5929 -0.95 8.23555
    endloop
  endfacet
  facet normal 0 -1 0
    outer loop
      vertex 80.6289 -0.95 8.55289
      vertex 80.7416 -0.95 7.70255
      vertex 81.1956 -0.95 7.9382
    endloop
  endfacet
  facet normal 0 -1 0
    outer loop
      vertex 80.8488 -0.95 8.79971
      vertex 81.1956 -0.95 7.9382
      vertex 81.573 -0.95 8.26811
    endloop
  endfacet
  facet normal 0 -1 0
    outer loop
      vertex 40.8004 -0.95 11.0999
      vertex 41.8096 -0.95 10.3513
      vertex 41.8096 -0.95 10.4815
    endloop
  endfacet
  facet normal 0 -1 0
    outer loop
      vertex 40.7118 -0.95 8.9601
      vertex 41.6522 -0.95 8.90283
      vertex 40.7951 -0.95 9.14691
    endloop
  endfacet
  facet normal 0 -1 0
    outer loop
      vertex 41.3053 -0.95 8.29523
      vertex 40.7118 -0.95 8.9601
      vertex 40.5977 -0.95 8.79022
    endloop
  endfacet
  facet normal 0 -1 0
    outer loop
      vertex 41.3053 -0.95 8.29523
      vertex 40.5977 -0.95 8.79022
      vertex 40.4527 -0.95 8.6373
    endloop
  endfacet
  facet normal 0 -1 0
    outer loop
      vertex 40.791 -0.95 7.86122
      vertex 40.4527 -0.95 8.6373
      vertex 40.2769 -0.95 8.50131
    endloop
  endfacet
  facet normal 0 -1 0
    outer loop
      vertex 40.791 -0.95 7.86122
      vertex 40.2769 -0.95 8.50131
      vertex 40.0699 -0.95 8.38976
    endloop
  endfacet
  facet normal 0 -1 0
    outer loop
      vertex 40.1091 -0.95 7.60083
      vertex 40.0699 -0.95 8.38976
      vertex 39.8314 -0.95 8.31009
    endloop
  endfacet
  facet normal 0 -1 0
    outer loop
      vertex 40.7118 -0.95 8.9601
      vertex 41.3053 -0.95 8.29523
      vertex 41.6522 -0.95 8.90283
    endloop
  endfacet
  facet normal 0 -1 0
    outer loop
      vertex 40.1091 -0.95 7.60083
      vertex 39.8314 -0.95 8.31009
      vertex 39.5614 -0.95 8.26228
    endloop
  endfacet
  facet normal 0 -1 0
    outer loop
      vertex 39.2598 -0.95 7.51402
      vertex 39.5614 -0.95 8.26228
      vertex 39.2598 -0.95 8.24635
    endloop
  endfacet
  facet normal 0 -1 0
    outer loop
      vertex 38.5531 -0.95 8.38333
      vertex 38.6476 -0.95 7.56252
      vertex 38.8824 -0.95 8.28059
    endloop
  endfacet
  facet normal 0 -1 -0
    outer loop
      vertex 39.5614 -0.95 8.26228
      vertex 39.2598 -0.95 7.51402
      vertex 40.1091 -0.95 7.60083
    endloop
  endfacet
  facet normal 0 -1 0
    outer loop
      vertex 39.2598 -0.95 7.51402
      vertex 38.8824 -0.95 8.28059
      vertex 38.6476 -0.95 7.56252
    endloop
  endfacet
  facet normal 0 -1 0
    outer loop
      vertex 40.0699 -0.95 8.38976
      vertex 40.1091 -0.95 7.60083
      vertex 40.791 -0.95 7.86122
    endloop
  endfacet
  facet normal 0 -1 0
    outer loop
      vertex 38.8824 -0.95 8.28059
      vertex 39.2598 -0.95 7.51402
      vertex 39.2598 -0.95 8.24635
    endloop
  endfacet
  facet normal 0 -1 0
    outer loop
      vertex 40.4527 -0.95 8.6373
      vertex 40.791 -0.95 7.86122
      vertex 41.3053 -0.95 8.29523
    endloop
  endfacet
  facet normal 0 -1 0
    outer loop
      vertex 39.2218 -0.95 13.6008
      vertex 38.8687 -0.95 12.8496
      vertex 39.2056 -0.95 12.8793
    endloop
  endfacet
  facet normal 0 -1 0
    outer loop
      vertex 38.0798 -0.95 12.4046
      vertex 37.6538 -0.95 13.1644
      vertex 37.2769 -0.95 12.8251
    endloop
  endfacet
  facet normal 0 -1 0
    outer loop
      vertex 38.1036 -0.95 13.4069
      vertex 38.5688 -0.95 12.7606
      vertex 38.8687 -0.95 12.8496
    endloop
  endfacet
  facet normal 0 -1 0
    outer loop
      vertex 38.1036 -0.95 13.4069
      vertex 38.3058 -0.95 12.6123
      vertex 38.5688 -0.95 12.7606
    endloop
  endfacet
  facet normal 0 -1 0
    outer loop
      vertex 37.6538 -0.95 13.1644
      vertex 38.0798 -0.95 12.4046
      vertex 38.3058 -0.95 12.6123
    endloop
  endfacet
  facet normal 0 -1 0
    outer loop
      vertex 37.8962 -0.95 12.145
      vertex 37.2769 -0.95 12.8251
      vertex 36.9791 -0.95 12.3948
    endloop
  endfacet
  facet normal 0 -1 0
    outer loop
      vertex 37.2769 -0.95 12.8251
      vertex 37.8962 -0.95 12.145
      vertex 38.0798 -0.95 12.4046
    endloop
  endfacet
  facet normal 0 -1 0
    outer loop
      vertex 37.7604 -0.95 11.8411
      vertex 36.9791 -0.95 12.3948
      vertex 36.7663 -0.95 11.8797
    endloop
  endfacet
  facet normal 0 -1 0
    outer loop
      vertex 36.9791 -0.95 12.3948
      vertex 37.7604 -0.95 11.8411
      vertex 37.8962 -0.95 12.145
    endloop
  endfacet
  facet normal 0 -1 0
    outer loop
      vertex 36.7663 -0.95 11.8797
      vertex 37.6725 -0.95 11.4927
      vertex 37.7604 -0.95 11.8411
    endloop
  endfacet
  facet normal 0 -1 0
    outer loop
      vertex 36.6387 -0.95 11.28
      vertex 37.6725 -0.95 11.4927
      vertex 36.7663 -0.95 11.8797
    endloop
  endfacet
  facet normal 0 -1 0
    outer loop
      vertex 36.6387 -0.95 11.28
      vertex 37.6323 -0.95 11.0999
      vertex 37.6725 -0.95 11.4927
    endloop
  endfacet
  facet normal 0 -1 0
    outer loop
      vertex 37.6214 -0.95 10.3513
      vertex 37.6323 -0.95 11.0999
      vertex 36.5961 -0.95 10.5954
    endloop
  endfacet
  facet normal 0 -1 0
    outer loop
      vertex 36.5961 -0.95 10.5954
      vertex 37.6323 -0.95 11.0999
      vertex 36.6387 -0.95 11.28
    endloop
  endfacet
  facet normal 0 -1 0
    outer loop
      vertex 38.8687 -0.95 12.8496
      vertex 38.6262 -0.95 13.5523
      vertex 38.1036 -0.95 13.4069
    endloop
  endfacet
  facet normal 0 -1 0
    outer loop
      vertex 38.8687 -0.95 12.8496
      vertex 39.2218 -0.95 13.6008
      vertex 38.6262 -0.95 13.5523
    endloop
  endfacet
  facet normal 0 -1 0
    outer loop
      vertex 38.3058 -0.95 12.6123
      vertex 38.1036 -0.95 13.4069
      vertex 37.6538 -0.95 13.1644
    endloop
  endfacet
  facet normal 0 -1 0
    outer loop
      vertex 39.5504 -0.95 12.8527
      vertex 39.2218 -0.95 13.6008
      vertex 39.2056 -0.95 12.8793
    endloop
  endfacet
  facet normal 0 -1 0
    outer loop
      vertex 39.2218 -0.95 13.6008
      vertex 39.5504 -0.95 12.8527
      vertex 40.3539 -0.95 13.4059
    endloop
  endfacet
  facet normal 0 -1 0
    outer loop
      vertex 39.8524 -0.95 12.7728
      vertex 40.3539 -0.95 13.4059
      vertex 39.5504 -0.95 12.8527
    endloop
  endfacet
  facet normal 0 -1 0
    outer loop
      vertex 40.1118 -0.95 12.6398
      vertex 40.3539 -0.95 13.4059
      vertex 39.8524 -0.95 12.7728
    endloop
  endfacet
  facet normal 0 -1 0
    outer loop
      vertex 40.3284 -0.95 12.4534
      vertex 40.3539 -0.95 13.4059
      vertex 40.1118 -0.95 12.6398
    endloop
  endfacet
  facet normal 0 -1 -0
    outer loop
      vertex 40.3539 -0.95 13.4059
      vertex 40.3284 -0.95 12.4534
      vertex 41.1626 -0.95 12.821
    endloop
  endfacet
  facet normal 0 -1 0
    outer loop
      vertex 40.5044 -0.95 12.2092
      vertex 41.1626 -0.95 12.821
      vertex 40.3284 -0.95 12.4534
    endloop
  endfacet
  facet normal 0 -1 0
    outer loop
      vertex 40.6418 -0.95 11.9021
      vertex 41.1626 -0.95 12.821
      vertex 40.5044 -0.95 12.2092
    endloop
  endfacet
  facet normal 0 -1 0
    outer loop
      vertex 40.6418 -0.95 11.9021
      vertex 41.6478 -0.95 11.8462
      vertex 41.1626 -0.95 12.821
    endloop
  endfacet
  facet normal 0 -1 0
    outer loop
      vertex 40.7404 -0.95 11.5324
      vertex 41.6478 -0.95 11.8462
      vertex 40.6418 -0.95 11.9021
    endloop
  endfacet
  facet normal 0 -1 0
    outer loop
      vertex 40.8004 -0.95 11.0999
      vertex 41.6478 -0.95 11.8462
      vertex 40.7404 -0.95 11.5324
    endloop
  endfacet
  facet normal 0 -1 0
    outer loop
      vertex 40.8004 -0.95 11.0999
      vertex 41.8096 -0.95 10.4815
      vertex 41.6478 -0.95 11.8462
    endloop
  endfacet
  facet normal 0 -1 -0
    outer loop
      vertex 37.6323 -0.95 11.0999
      vertex 37.6214 -0.95 10.3513
      vertex 40.8004 -0.95 11.0999
    endloop
  endfacet
  facet normal 0 -1 0
    outer loop
      vertex 41.8096 -0.95 10.3513
      vertex 40.8004 -0.95 11.0999
      vertex 37.6214 -0.95 10.3513
    endloop
  endfacet
  facet normal 0 -1 0
    outer loop
      vertex 36.6387 -0.95 9.87759
      vertex 37.6214 -0.95 10.3513
      vertex 36.5961 -0.95 10.5954
    endloop
  endfacet
  facet normal 0 -1 0
    outer loop
      vertex 36.6387 -0.95 9.87759
      vertex 37.6475 -0.95 9.8756
      vertex 37.6214 -0.95 10.3513
    endloop
  endfacet
  facet normal 0 -1 0
    outer loop
      vertex 36.7663 -0.95 9.25407
      vertex 37.6475 -0.95 9.8756
      vertex 36.6387 -0.95 9.87759
    endloop
  endfacet
  facet normal 0 -1 -0
    outer loop
      vertex 37.6475 -0.95 9.8756
      vertex 36.7663 -0.95 9.25407
      vertex 37.7258 -0.95 9.45753
    endloop
  endfacet
  facet normal 0 -1 0
    outer loop
      vertex 36.9791 -0.95 8.72479
      vertex 37.7258 -0.95 9.45753
      vertex 36.7663 -0.95 9.25407
    endloop
  endfacet
  facet normal 0 -1 -0
    outer loop
      vertex 37.7258 -0.95 9.45753
      vertex 36.9791 -0.95 8.72479
      vertex 37.8563 -0.95 9.09708
    endloop
  endfacet
  facet normal 0 -1 0
    outer loop
      vertex 37.2769 -0.95 8.28979
      vertex 37.8563 -0.95 9.09708
      vertex 36.9791 -0.95 8.72479
    endloop
  endfacet
  facet normal 0 -1 -0
    outer loop
      vertex 37.8563 -0.95 9.09708
      vertex 37.2769 -0.95 8.28979
      vertex 38.0391 -0.95 8.79427
    endloop
  endfacet
  facet normal 0 -1 0
    outer loop
      vertex 37.6562 -0.95 7.95039
      vertex 38.0391 -0.95 8.79427
      vertex 37.2769 -0.95 8.28979
    endloop
  endfacet
  facet normal 0 -1 -0
    outer loop
      vertex 38.0391 -0.95 8.79427
      vertex 37.6562 -0.95 7.95039
      vertex 38.272 -0.95 8.55455
    endloop
  endfacet
  facet normal 0 -1 0
    outer loop
      vertex 38.1131 -0.95 7.70796
      vertex 38.272 -0.95 8.55455
      vertex 37.6562 -0.95 7.95039
    endloop
  endfacet
  facet normal 0 -1 -0
    outer loop
      vertex 38.272 -0.95 8.55455
      vertex 38.1131 -0.95 7.70796
      vertex 38.5531 -0.95 8.38333
    endloop
  endfacet
  facet normal 0 -1 0
    outer loop
      vertex 38.6476 -0.95 7.56252
      vertex 38.5531 -0.95 8.38333
      vertex 38.1131 -0.95 7.70796
    endloop
  endfacet
  facet normal 0 -1 0
    outer loop
      vertex 42.9108 -0.95 13.3286
      vertex 43.8188 -0.95 13.4923
      vertex 42.8966 -0.95 13.4923
    endloop
  endfacet
  facet normal 0 -1 -0
    outer loop
      vertex 43.8188 -0.95 13.4923
      vertex 42.9108 -0.95 13.3286
      vertex 43.8215 -0.95 13.473
    endloop
  endfacet
  facet normal 0 -1 -0
    outer loop
      vertex 43.8215 -0.95 13.473
      vertex 42.9108 -0.95 13.3286
      vertex 43.8242 -0.95 13.4422
    endloop
  endfacet
  facet normal 0 -1 -0
    outer loop
      vertex 43.8242 -0.95 13.4422
      vertex 42.9108 -0.95 13.3286
      vertex 43.8269 -0.95 13.3998
    endloop
  endfacet
  facet normal 0 -1 -0
    outer loop
      vertex 43.8269 -0.95 13.3998
      vertex 42.9108 -0.95 13.3286
      vertex 43.8296 -0.95 13.3459
    endloop
  endfacet
  facet normal 0 -1 0
    outer loop
      vertex 42.9108 -0.95 13.3286
      vertex 43.8325 -0.95 13.284
      vertex 43.8296 -0.95 13.3459
    endloop
  endfacet
  facet normal 0 -1 0
    outer loop
      vertex 42.9108 -0.95 13.3286
      vertex 43.8357 -0.95 13.2177
      vertex 43.8325 -0.95 13.284
    endloop
  endfacet
  facet normal 0 -1 0
    outer loop
      vertex 42.9209 -0.95 13.0651
      vertex 43.8357 -0.95 13.2177
      vertex 42.9108 -0.95 13.3286
    endloop
  endfacet
  facet normal 0 -1 -0
    outer loop
      vertex 43.8357 -0.95 13.2177
      vertex 42.9209 -0.95 13.0651
      vertex 43.8393 -0.95 13.147
    endloop
  endfacet
  facet normal 0 -1 -0
    outer loop
      vertex 43.8393 -0.95 13.147
      vertex 42.9209 -0.95 13.0651
      vertex 43.8432 -0.95 13.0719
    endloop
  endfacet
  facet normal 0 -1 0
    outer loop
      vertex 42.9209 -0.95 13.0651
      vertex 43.8474 -0.95 12.9774
      vertex 43.8432 -0.95 13.0719
    endloop
  endfacet
  facet normal 0 -1 0
    outer loop
      vertex 42.9209 -0.95 13.0651
      vertex 43.852 -0.95 12.8488
      vertex 43.8474 -0.95 12.9774
    endloop
  endfacet
  facet normal 0 -1 0
    outer loop
      vertex 42.927 -0.95 12.702
      vertex 43.852 -0.95 12.8488
      vertex 42.9209 -0.95 13.0651
    endloop
  endfacet
  facet normal 0 -1 0
    outer loop
      vertex 42.927 -0.95 12.702
      vertex 43.8569 -0.95 12.6859
      vertex 43.852 -0.95 12.8488
    endloop
  endfacet
  facet normal 0 -1 0
    outer loop
      vertex 42.927 -0.95 12.702
      vertex 43.8622 -0.95 12.4887
      vertex 43.8569 -0.95 12.6859
    endloop
  endfacet
  facet normal 0 -1 0
    outer loop
      vertex 44.1345 -0.95 12.0991
      vertex 43.8785 -0.95 12.4887
      vertex 43.8622 -0.95 12.4887
    endloop
  endfacet
  facet normal 0 -1 0
    outer loop
      vertex 42.929 -0.95 12.2391
      vertex 43.8622 -0.95 12.4887
      vertex 42.927 -0.95 12.702
    endloop
  endfacet
  facet normal 0 -1 0
    outer loop
      vertex 44.0073 -0.95 11.7875
      vertex 43.8622 -0.95 12.4887
      vertex 42.929 -0.95 12.2391
    endloop
  endfacet
  facet normal 0 -1 0
    outer loop
      vertex 43.8785 -0.95 12.4887
      vertex 44.1345 -0.95 12.0991
      vertex 44.3125 -0.95 12.3639
    endloop
  endfacet
  facet normal 0 -1 0
    outer loop
      vertex 43.8622 -0.95 12.4887
      vertex 44.0073 -0.95 11.7875
      vertex 44.1345 -0.95 12.0991
    endloop
  endfacet
  facet normal 0 -1 0
    outer loop
      vertex 42.929 -0.95 12.2391
      vertex 43.931 -0.95 11.4292
      vertex 44.0073 -0.95 11.7875
    endloop
  endfacet
  facet normal 0 -1 0
    outer loop
      vertex 42.929 -0.95 12.2391
      vertex 43.9056 -0.95 11.0239
      vertex 43.931 -0.95 11.4292
    endloop
  endfacet
  facet normal 0 -1 0
    outer loop
      vertex 42.929 -0.95 7.62251
      vertex 43.9056 -0.95 11.0239
      vertex 42.929 -0.95 12.2391
    endloop
  endfacet
  facet normal 0 -1 -0
    outer loop
      vertex 43.9056 -0.95 11.0239
      vertex 42.929 -0.95 7.62251
      vertex 43.9056 -0.95 7.62251
    endloop
  endfacet
  facet normal 0 -1 -0
    outer loop
      vertex 45.1526 -0.95 13.5378
      vertex 45.0906 -0.95 12.8166
      vertex 45.4246 -0.95 12.8467
    endloop
  endfacet
  facet normal 0 -1 0
    outer loop
      vertex 44.5346 -0.95 12.5752
      vertex 44.2412 -0.95 13.0075
      vertex 44.0533 -0.95 12.7703
    endloop
  endfacet
  facet normal 0 -1 0
    outer loop
      vertex 44.4424 -0.95 13.2002
      vertex 44.7939 -0.95 12.726
      vertex 45.0906 -0.95 12.8166
    endloop
  endfacet
  facet normal 0 -1 0
    outer loop
      vertex 44.2412 -0.95 13.0075
      vertex 44.5346 -0.95 12.5752
      vertex 44.7939 -0.95 12.726
    endloop
  endfacet
  facet normal 0 -1 0
    outer loop
      vertex 44.3125 -0.95 12.3639
      vertex 44.0533 -0.95 12.7703
      vertex 43.8785 -0.95 12.4887
    endloop
  endfacet
  facet normal 0 -1 0
    outer loop
      vertex 44.0533 -0.95 12.7703
      vertex 44.3125 -0.95 12.3639
      vertex 44.5346 -0.95 12.5752
    endloop
  endfacet
  facet normal 0 -1 0
    outer loop
      vertex 45.6514 -0.95 12.8379
      vertex 45.7555 -0.95 13.6008
      vertex 45.4407 -0.95 13.5851
    endloop
  endfacet
  facet normal 0 -1 0
    outer loop
      vertex 45.4246 -0.95 12.8467
      vertex 45.4407 -0.95 13.5851
      vertex 45.1526 -0.95 13.5378
    endloop
  endfacet
  facet normal 0 -1 -0
    outer loop
      vertex 45.7555 -0.95 13.6008
      vertex 45.6514 -0.95 12.8379
      vertex 45.849 -0.95 12.8115
    endloop
  endfacet
  facet normal 0 -1 0
    outer loop
      vertex 45.0906 -0.95 12.8166
      vertex 45.1526 -0.95 13.5378
      vertex 44.8914 -0.95 13.4589
    endloop
  endfacet
  facet normal 0 -1 0
    outer loop
      vertex 45.0906 -0.95 12.8166
      vertex 44.8914 -0.95 13.4589
      vertex 44.6569 -0.95 13.3486
    endloop
  endfacet
  facet normal 0 -1 0
    outer loop
      vertex 45.7555 -0.95 13.6008
      vertex 45.849 -0.95 12.8115
      vertex 46.2059 -0.95 13.5708
    endloop
  endfacet
  facet normal 0 -1 0
    outer loop
      vertex 45.0906 -0.95 12.8166
      vertex 44.6569 -0.95 13.3486
      vertex 44.4424 -0.95 13.2002
    endloop
  endfacet
  facet normal 0 -1 -0
    outer loop
      vertex 45.4407 -0.95 13.5851
      vertex 45.4246 -0.95 12.8467
      vertex 45.6514 -0.95 12.8379
    endloop
  endfacet
  facet normal 0 -1 0
    outer loop
      vertex 44.7939 -0.95 12.726
      vertex 44.4424 -0.95 13.2002
      vertex 44.2412 -0.95 13.0075
    endloop
  endfacet
  facet normal 0 -1 0
    outer loop
      vertex 46.0175 -0.95 12.7674
      vertex 46.2059 -0.95 13.5708
      vertex 45.849 -0.95 12.8115
    endloop
  endfacet
  facet normal 0 -1 0
    outer loop
      vertex 46.1569 -0.95 12.7057
      vertex 46.2059 -0.95 13.5708
      vertex 46.0175 -0.95 12.7674
    endloop
  endfacet
  facet normal 0 -1 -0
    outer loop
      vertex 46.2059 -0.95 13.5708
      vertex 46.1569 -0.95 12.7057
      vertex 46.5916 -0.95 13.4808
    endloop
  endfacet
  facet normal 0 -1 0
    outer loop
      vertex 46.2732 -0.95 12.624
      vertex 46.5916 -0.95 13.4808
      vertex 46.1569 -0.95 12.7057
    endloop
  endfacet
  facet normal 0 -1 -0
    outer loop
      vertex 46.5916 -0.95 13.4808
      vertex 46.2732 -0.95 12.624
      vertex 46.9125 -0.95 13.3308
    endloop
  endfacet
  facet normal 0 -1 0
    outer loop
      vertex 46.3726 -0.95 12.5199
      vertex 46.9125 -0.95 13.3308
      vertex 46.2732 -0.95 12.624
    endloop
  endfacet
  facet normal 0 -1 -0
    outer loop
      vertex 46.9125 -0.95 13.3308
      vertex 46.3726 -0.95 12.5199
      vertex 47.1686 -0.95 13.1207
    endloop
  endfacet
  facet normal 0 -1 0
    outer loop
      vertex 46.455 -0.95 12.3934
      vertex 47.1686 -0.95 13.1207
      vertex 46.3726 -0.95 12.5199
    endloop
  endfacet
  facet normal 0 -1 -0
    outer loop
      vertex 47.1686 -0.95 13.1207
      vertex 46.455 -0.95 12.3934
      vertex 47.3645 -0.95 12.8415
    endloop
  endfacet
  facet normal 0 -1 0
    outer loop
      vertex 46.5204 -0.95 12.2446
      vertex 47.3645 -0.95 12.8415
      vertex 46.455 -0.95 12.3934
    endloop
  endfacet
  facet normal 0 -1 -0
    outer loop
      vertex 47.3645 -0.95 12.8415
      vertex 46.5204 -0.95 12.2446
      vertex 47.5043 -0.95 12.484
    endloop
  endfacet
  facet normal 0 -1 0
    outer loop
      vertex 46.5702 -0.95 12.0683
      vertex 47.5043 -0.95 12.484
      vertex 46.5204 -0.95 12.2446
    endloop
  endfacet
  facet normal 0 -1 0
    outer loop
      vertex 46.5702 -0.95 12.0683
      vertex 47.5883 -0.95 12.0481
      vertex 47.5043 -0.95 12.484
    endloop
  endfacet
  facet normal 0 -1 0
    outer loop
      vertex 46.6058 -0.95 11.8594
      vertex 47.5883 -0.95 12.0481
      vertex 46.5702 -0.95 12.0683
    endloop
  endfacet
  facet normal 0 -1 0
    outer loop
      vertex 46.6272 -0.95 11.618
      vertex 47.5883 -0.95 12.0481
      vertex 46.6058 -0.95 11.8594
    endloop
  endfacet
  facet normal 0 -1 0
    outer loop
      vertex 46.6272 -0.95 11.618
      vertex 47.6162 -0.95 11.5339
      vertex 47.5883 -0.95 12.0481
    endloop
  endfacet
  facet normal 0 -1 0
    outer loop
      vertex 46.6343 -0.95 11.344
      vertex 47.6162 -0.95 11.5339
      vertex 46.6272 -0.95 11.618
    endloop
  endfacet
  facet normal 0 -1 0
    outer loop
      vertex 47.6162 -0.95 7.62251
      vertex 46.6343 -0.95 11.344
      vertex 46.6343 -0.95 7.62251
    endloop
  endfacet
  facet normal 0 -1 0
    outer loop
      vertex 46.6343 -0.95 11.344
      vertex 47.6162 -0.95 7.62251
      vertex 47.6162 -0.95 11.5339
    endloop
  endfacet
  facet normal -0 0 1
    outer loop
      vertex 68.8419 0 15.6732
      vertex 69.8184 -0.95 15.6732
      vertex 69.8184 0 15.6732
    endloop
  endfacet
  facet normal 0 0 1
    outer loop
      vertex 69.8184 -0.95 15.6732
      vertex 68.8419 0 15.6732
      vertex 68.8419 -0.95 15.6732
    endloop
  endfacet
  facet normal -1 0 0
    outer loop
      vertex 68.8419 -0.95 7.62251
      vertex 68.8419 0 15.6732
      vertex 68.8419 0 7.62251
    endloop
  endfacet
  facet normal -1 -0 0
    outer loop
      vertex 68.8419 0 15.6732
      vertex 68.8419 -0.95 7.62251
      vertex 68.8419 -0.95 15.6732
    endloop
  endfacet
  facet normal 0 0 -1
    outer loop
      vertex 68.8419 -0.95 7.62251
      vertex 69.8184 0 7.62251
      vertex 69.8184 -0.95 7.62251
    endloop
  endfacet
  facet normal -0 0 -1
    outer loop
      vertex 69.8184 0 7.62251
      vertex 68.8419 -0.95 7.62251
      vertex 68.8419 0 7.62251
    endloop
  endfacet
  facet normal 1 -0 0
    outer loop
      vertex 69.8184 -0.95 15.6732
      vertex 69.8184 0 7.62251
      vertex 69.8184 0 15.6732
    endloop
  endfacet
  facet normal 1 0 0
    outer loop
      vertex 69.8184 0 7.62251
      vertex 69.8184 -0.95 15.6732
      vertex 69.8184 -0.95 7.62251
    endloop
  endfacet
  facet normal -0 0 1
    outer loop
      vertex 66.4312 0 15.6732
      vertex 67.4077 -0.95 15.6732
      vertex 67.4077 0 15.6732
    endloop
  endfacet
  facet normal 0 0 1
    outer loop
      vertex 67.4077 -0.95 15.6732
      vertex 66.4312 0 15.6732
      vertex 66.4312 -0.95 15.6732
    endloop
  endfacet
  facet normal -1 0 0
    outer loop
      vertex 66.4312 -0.95 7.62251
      vertex 66.4312 0 15.6732
      vertex 66.4312 0 7.62251
    endloop
  endfacet
  facet normal -1 -0 0
    outer loop
      vertex 66.4312 0 15.6732
      vertex 66.4312 -0.95 7.62251
      vertex 66.4312 -0.95 15.6732
    endloop
  endfacet
  facet normal 0 0 -1
    outer loop
      vertex 66.4312 -0.95 7.62251
      vertex 67.4077 0 7.62251
      vertex 67.4077 -0.95 7.62251
    endloop
  endfacet
  facet normal -0 0 -1
    outer loop
      vertex 67.4077 0 7.62251
      vertex 66.4312 -0.95 7.62251
      vertex 66.4312 0 7.62251
    endloop
  endfacet
  facet normal 1 -0 0
    outer loop
      vertex 67.4077 -0.95 15.6732
      vertex 67.4077 0 7.62251
      vertex 67.4077 0 15.6732
    endloop
  endfacet
  facet normal 1 0 0
    outer loop
      vertex 67.4077 0 7.62251
      vertex 67.4077 -0.95 15.6732
      vertex 67.4077 -0.95 7.62251
    endloop
  endfacet
  facet normal 0.63663 0 -0.77117
    outer loop
      vertex 32.4238 -0.95 9.71115
      vertex 33.14 0 10.3024
      vertex 33.14 -0.95 10.3024
    endloop
  endfacet
  facet normal 0.63663 0 -0.77117
    outer loop
      vertex 33.14 0 10.3024
      vertex 32.4238 -0.95 9.71115
      vertex 32.4238 0 9.71115
    endloop
  endfacet
  facet normal -0.8035 0 -0.595304
    outer loop
      vertex 35.1255 -0.95 7.62251
      vertex 33.14 0 10.3024
      vertex 35.1255 0 7.62251
    endloop
  endfacet
  facet normal -0.8035 -0 -0.595304
    outer loop
      vertex 33.14 0 10.3024
      vertex 35.1255 -0.95 7.62251
      vertex 33.14 -0.95 10.3024
    endloop
  endfacet
  facet normal 0 0 -1
    outer loop
      vertex 35.1255 -0.95 7.62251
      vertex 36.2702 0 7.62251
      vertex 36.2702 -0.95 7.62251
    endloop
  endfacet
  facet normal -0 0 -1
    outer loop
      vertex 36.2702 0 7.62251
      vertex 35.1255 -0.95 7.62251
      vertex 35.1255 0 7.62251
    endloop
  endfacet
  facet normal 0.800458 -0 0.599389
    outer loop
      vertex 33.7638 -0.95 10.9697
      vertex 36.2702 0 7.62251
      vertex 33.7638 0 10.9697
    endloop
  endfacet
  facet normal 0.800458 0 0.599389
    outer loop
      vertex 36.2702 0 7.62251
      vertex 33.7638 -0.95 10.9697
      vertex 36.2702 -0.95 7.62251
    endloop
  endfacet
  facet normal 0.727136 0 -0.686493
    outer loop
      vertex 36.1454 -0.95 13.4923
      vertex 33.7638 0 10.9697
      vertex 36.1454 0 13.4923
    endloop
  endfacet
  facet normal 0.727136 0 -0.686493
    outer loop
      vertex 33.7638 0 10.9697
      vertex 36.1454 -0.95 13.4923
      vertex 33.7638 -0.95 10.9697
    endloop
  endfacet
  facet normal -0 0 1
    outer loop
      vertex 35.0007 0 13.4923
      vertex 36.1454 -0.95 13.4923
      vertex 36.1454 0 13.4923
    endloop
  endfacet
  facet normal 0 0 1
    outer loop
      vertex 36.1454 -0.95 13.4923
      vertex 35.0007 0 13.4923
      vertex 35.0007 -0.95 13.4923
    endloop
  endfacet
  facet normal -0.741518 0 0.670933
    outer loop
      vertex 32.4238 -0.95 10.6443
      vertex 35.0007 0 13.4923
      vertex 32.4238 0 10.6443
    endloop
  endfacet
  facet normal -0.741518 0 0.670933
    outer loop
      vertex 35.0007 0 13.4923
      vertex 32.4238 -0.95 10.6443
      vertex 35.0007 -0.95 13.4923
    endloop
  endfacet
  facet normal 1 -0 0
    outer loop
      vertex 32.4238 -0.95 15.6732
      vertex 32.4238 0 10.6443
      vertex 32.4238 0 15.6732
    endloop
  endfacet
  facet normal 1 0 0
    outer loop
      vertex 32.4238 0 10.6443
      vertex 32.4238 -0.95 15.6732
      vertex 32.4238 -0.95 10.6443
    endloop
  endfacet
  facet normal -0 0 1
    outer loop
      vertex 31.4474 0 15.6732
      vertex 32.4238 -0.95 15.6732
      vertex 32.4238 0 15.6732
    endloop
  endfacet
  facet normal 0 0 1
    outer loop
      vertex 32.4238 -0.95 15.6732
      vertex 31.4474 0 15.6732
      vertex 31.4474 -0.95 15.6732
    endloop
  endfacet
  facet normal -1 0 0
    outer loop
      vertex 31.4474 -0.95 7.62251
      vertex 31.4474 0 15.6732
      vertex 31.4474 0 7.62251
    endloop
  endfacet
  facet normal -1 -0 0
    outer loop
      vertex 31.4474 0 15.6732
      vertex 31.4474 -0.95 7.62251
      vertex 31.4474 -0.95 15.6732
    endloop
  endfacet
  facet normal 0 0 -1
    outer loop
      vertex 31.4474 -0.95 7.62251
      vertex 32.4238 0 7.62251
      vertex 32.4238 -0.95 7.62251
    endloop
  endfacet
  facet normal -0 0 -1
    outer loop
      vertex 32.4238 0 7.62251
      vertex 31.4474 -0.95 7.62251
      vertex 31.4474 0 7.62251
    endloop
  endfacet
  facet normal 1 -0 0
    outer loop
      vertex 32.4238 -0.95 9.71115
      vertex 32.4238 0 7.62251
      vertex 32.4238 0 9.71115
    endloop
  endfacet
  facet normal 1 0 0
    outer loop
      vertex 32.4238 0 7.62251
      vertex 32.4238 -0.95 9.71115
      vertex 32.4238 -0.95 7.62251
    endloop
  endfacet
  facet normal 0.171642 0 -0.985159
    outer loop
      vertex 15.8446 -0.95 7.55031
      vertex 16.4693 0 7.65915
      vertex 16.4693 -0.95 7.65915
    endloop
  endfacet
  facet normal 0.171642 0 -0.985159
    outer loop
      vertex 16.4693 0 7.65915
      vertex 15.8446 -0.95 7.55031
      vertex 15.8446 0 7.55031
    endloop
  endfacet
  facet normal 0.31828 0 -0.947997
    outer loop
      vertex 16.4693 -0.95 7.65915
      vertex 17.0096 0 7.84055
      vertex 17.0096 -0.95 7.84055
    endloop
  endfacet
  facet normal 0.31828 0 -0.947997
    outer loop
      vertex 17.0096 0 7.84055
      vertex 16.4693 -0.95 7.65915
      vertex 16.4693 0 7.65915
    endloop
  endfacet
  facet normal 0.486723 0 -0.873556
    outer loop
      vertex 17.0096 -0.95 7.84055
      vertex 17.4654 0 8.09451
      vertex 17.4654 -0.95 8.09451
    endloop
  endfacet
  facet normal 0.486723 0 -0.873556
    outer loop
      vertex 17.4654 0 8.09451
      vertex 17.0096 -0.95 7.84055
      vertex 17.0096 0 7.84055
    endloop
  endfacet
  facet normal 0.662387 0 -0.749162
    outer loop
      vertex 17.4654 -0.95 8.09451
      vertex 17.8274 0 8.41458
      vertex 17.8274 -0.95 8.41458
    endloop
  endfacet
  facet normal 0.662387 0 -0.749162
    outer loop
      vertex 17.8274 0 8.41458
      vertex 17.4654 -0.95 8.09451
      vertex 17.4654 0 8.09451
    endloop
  endfacet
  facet normal 0.826552 0 -0.562861
    outer loop
      vertex 18.086 -0.95 8.79433
      vertex 17.8274 0 8.41458
      vertex 18.086 0 8.79433
    endloop
  endfacet
  facet normal 0.826552 0 -0.562861
    outer loop
      vertex 17.8274 0 8.41458
      vertex 18.086 -0.95 8.79433
      vertex 17.8274 -0.95 8.41458
    endloop
  endfacet
  facet normal 0.942983 0 -0.33284
    outer loop
      vertex 18.2411 -0.95 9.23375
      vertex 18.086 0 8.79433
      vertex 18.2411 0 9.23375
    endloop
  endfacet
  facet normal 0.942983 0 -0.33284
    outer loop
      vertex 18.086 0 8.79433
      vertex 18.2411 -0.95 9.23375
      vertex 18.086 -0.95 8.79433
    endloop
  endfacet
  facet normal 0.994677 0 -0.103039
    outer loop
      vertex 18.2928 -0.95 9.73283
      vertex 18.2411 0 9.23375
      vertex 18.2928 0 9.73283
    endloop
  endfacet
  facet normal 0.994677 0 -0.103039
    outer loop
      vertex 18.2411 0 9.23375
      vertex 18.2928 -0.95 9.73283
      vertex 18.2411 -0.95 9.23375
    endloop
  endfacet
  facet normal 0.999348 -0 0.036099
    outer loop
      vertex 18.2855 -0.95 9.93492
      vertex 18.2928 0 9.73283
      vertex 18.2855 0 9.93492
    endloop
  endfacet
  facet normal 0.999348 0 0.036099
    outer loop
      vertex 18.2928 0 9.73283
      vertex 18.2855 -0.95 9.93492
      vertex 18.2928 -0.95 9.73283
    endloop
  endfacet
  facet normal 0.993317 -0 0.115416
    outer loop
      vertex 18.2636 -0.95 10.1234
      vertex 18.2855 0 9.93492
      vertex 18.2636 0 10.1234
    endloop
  endfacet
  facet normal 0.993317 0 0.115416
    outer loop
      vertex 18.2855 0 9.93492
      vertex 18.2636 -0.95 10.1234
      vertex 18.2855 -0.95 9.93492
    endloop
  endfacet
  facet normal 0.979046 -0 0.203641
    outer loop
      vertex 18.2272 -0.95 10.2984
      vertex 18.2636 0 10.1234
      vertex 18.2272 0 10.2984
    endloop
  endfacet
  facet normal 0.979046 0 0.203641
    outer loop
      vertex 18.2636 0 10.1234
      vertex 18.2272 -0.95 10.2984
      vertex 18.2636 -0.95 10.1234
    endloop
  endfacet
  facet normal 0.953529 -0 0.301301
    outer loop
      vertex 18.1762 -0.95 10.4598
      vertex 18.2272 0 10.2984
      vertex 18.1762 0 10.4598
    endloop
  endfacet
  facet normal 0.953529 0 0.301301
    outer loop
      vertex 18.2272 0 10.2984
      vertex 18.1762 -0.95 10.4598
      vertex 18.2272 -0.95 10.2984
    endloop
  endfacet
  facet normal 0.919304 -0 0.393548
    outer loop
      vertex 18.1122 -0.95 10.6093
      vertex 18.1762 0 10.4598
      vertex 18.1122 0 10.6093
    endloop
  endfacet
  facet normal 0.919304 0 0.393548
    outer loop
      vertex 18.1762 0 10.4598
      vertex 18.1122 -0.95 10.6093
      vertex 18.1762 -0.95 10.4598
    endloop
  endfacet
  facet normal 0.880228 -0 0.474552
    outer loop
      vertex 18.0371 -0.95 10.7486
      vertex 18.1122 0 10.6093
      vertex 18.0371 0 10.7486
    endloop
  endfacet
  facet normal 0.880228 0 0.474552
    outer loop
      vertex 18.1122 0 10.6093
      vertex 18.0371 -0.95 10.7486
      vertex 18.1122 -0.95 10.6093
    endloop
  endfacet
  facet normal 0.831555 -0 0.555443
    outer loop
      vertex 17.9508 -0.95 10.8778
      vertex 18.0371 0 10.7486
      vertex 17.9508 0 10.8778
    endloop
  endfacet
  facet normal 0.831555 0 0.555443
    outer loop
      vertex 18.0371 0 10.7486
      vertex 17.9508 -0.95 10.8778
      vertex 18.0371 -0.95 10.7486
    endloop
  endfacet
  facet normal 0.773841 -0 0.633379
    outer loop
      vertex 17.8534 -0.95 10.9968
      vertex 17.9508 0 10.8778
      vertex 17.8534 0 10.9968
    endloop
  endfacet
  facet normal 0.773841 0 0.633379
    outer loop
      vertex 17.9508 0 10.8778
      vertex 17.8534 -0.95 10.9968
      vertex 17.9508 -0.95 10.8778
    endloop
  endfacet
  facet normal 0.713262 -0 0.700897
    outer loop
      vertex 17.7457 -0.95 11.1064
      vertex 17.8534 0 10.9968
      vertex 17.7457 0 11.1064
    endloop
  endfacet
  facet normal 0.713262 0 0.700897
    outer loop
      vertex 17.8534 0 10.9968
      vertex 17.7457 -0.95 11.1064
      vertex 17.8534 -0.95 10.9968
    endloop
  endfacet
  facet normal 0.652978 0 0.757377
    outer loop
      vertex 17.6289 0 11.2071
      vertex 17.7457 -0.95 11.1064
      vertex 17.7457 0 11.1064
    endloop
  endfacet
  facet normal 0.652978 0 0.757377
    outer loop
      vertex 17.7457 -0.95 11.1064
      vertex 17.6289 0 11.2071
      vertex 17.6289 -0.95 11.2071
    endloop
  endfacet
  facet normal 0.589277 0 0.807931
    outer loop
      vertex 17.5029 0 11.299
      vertex 17.6289 -0.95 11.2071
      vertex 17.6289 0 11.2071
    endloop
  endfacet
  facet normal 0.589277 0 0.807931
    outer loop
      vertex 17.6289 -0.95 11.2071
      vertex 17.5029 0 11.299
      vertex 17.5029 -0.95 11.299
    endloop
  endfacet
  facet normal 0.523464 0 0.852048
    outer loop
      vertex 17.3678 0 11.382
      vertex 17.5029 -0.95 11.299
      vertex 17.5029 0 11.299
    endloop
  endfacet
  facet normal 0.523464 0 0.852048
    outer loop
      vertex 17.5029 -0.95 11.299
      vertex 17.3678 0 11.382
      vertex 17.3678 -0.95 11.382
    endloop
  endfacet
  facet normal 0.472067 0 0.881563
    outer loop
      vertex 17.2255 0 11.4582
      vertex 17.3678 -0.95 11.382
      vertex 17.3678 0 11.382
    endloop
  endfacet
  facet normal 0.472067 0 0.881563
    outer loop
      vertex 17.3678 -0.95 11.382
      vertex 17.2255 0 11.4582
      vertex 17.2255 -0.95 11.4582
    endloop
  endfacet
  facet normal 0.434202 0 0.900816
    outer loop
      vertex 17.0782 0 11.5292
      vertex 17.2255 -0.95 11.4582
      vertex 17.2255 0 11.4582
    endloop
  endfacet
  facet normal 0.434202 0 0.900816
    outer loop
      vertex 17.2255 -0.95 11.4582
      vertex 17.0782 0 11.5292
      vertex 17.0782 -0.95 11.5292
    endloop
  endfacet
  facet normal 0.397405 0 0.917643
    outer loop
      vertex 16.9258 0 11.5952
      vertex 17.0782 -0.95 11.5292
      vertex 17.0782 0 11.5292
    endloop
  endfacet
  facet normal 0.397405 0 0.917643
    outer loop
      vertex 17.0782 -0.95 11.5292
      vertex 16.9258 0 11.5952
      vertex 16.9258 -0.95 11.5952
    endloop
  endfacet
  facet normal 0.36013 0 0.932902
    outer loop
      vertex 16.7683 0 11.656
      vertex 16.9258 -0.95 11.5952
      vertex 16.9258 0 11.5952
    endloop
  endfacet
  facet normal 0.36013 0 0.932902
    outer loop
      vertex 16.9258 -0.95 11.5952
      vertex 16.7683 0 11.656
      vertex 16.7683 -0.95 11.656
    endloop
  endfacet
  facet normal 0.328453 0 0.94452
    outer loop
      vertex 16.6064 0 11.7123
      vertex 16.7683 -0.95 11.656
      vertex 16.7683 0 11.656
    endloop
  endfacet
  facet normal 0.328453 0 0.94452
    outer loop
      vertex 16.7683 -0.95 11.656
      vertex 16.6064 0 11.7123
      vertex 16.6064 -0.95 11.7123
    endloop
  endfacet
  facet normal 0.300635 0 0.953739
    outer loop
      vertex 16.4408 0 11.7645
      vertex 16.6064 -0.95 11.7123
      vertex 16.6064 0 11.7123
    endloop
  endfacet
  facet normal 0.300635 0 0.953739
    outer loop
      vertex 16.6064 -0.95 11.7123
      vertex 16.4408 0 11.7645
      vertex 16.4408 -0.95 11.7645
    endloop
  endfacet
  facet normal 0.273671 0 0.961823
    outer loop
      vertex 16.2714 0 11.8127
      vertex 16.4408 -0.95 11.7645
      vertex 16.4408 0 11.7645
    endloop
  endfacet
  facet normal 0.273671 0 0.961823
    outer loop
      vertex 16.4408 -0.95 11.7645
      vertex 16.2714 0 11.8127
      vertex 16.2714 -0.95 11.8127
    endloop
  endfacet
  facet normal 0.246354 0 0.96918
    outer loop
      vertex 16.0983 0 11.8567
      vertex 16.2714 -0.95 11.8127
      vertex 16.2714 0 11.8127
    endloop
  endfacet
  facet normal 0.246354 0 0.96918
    outer loop
      vertex 16.2714 -0.95 11.8127
      vertex 16.0983 0 11.8567
      vertex 16.0983 -0.95 11.8567
    endloop
  endfacet
  facet normal 0.232722 0 0.972543
    outer loop
      vertex 15.9232 0 11.8986
      vertex 16.0983 -0.95 11.8567
      vertex 16.0983 0 11.8567
    endloop
  endfacet
  facet normal 0.232722 0 0.972543
    outer loop
      vertex 16.0983 -0.95 11.8567
      vertex 15.9232 0 11.8986
      vertex 15.9232 -0.95 11.8986
    endloop
  endfacet
  facet normal 0.230121 0 0.973162
    outer loop
      vertex 15.7477 0 11.9401
      vertex 15.9232 -0.95 11.8986
      vertex 15.9232 0 11.8986
    endloop
  endfacet
  facet normal 0.230121 0 0.973162
    outer loop
      vertex 15.9232 -0.95 11.8986
      vertex 15.7477 0 11.9401
      vertex 15.7477 -0.95 11.9401
    endloop
  endfacet
  facet normal 0.228175 0 0.97362
    outer loop
      vertex 15.5719 0 11.9813
      vertex 15.7477 -0.95 11.9401
      vertex 15.7477 0 11.9401
    endloop
  endfacet
  facet normal 0.228175 0 0.97362
    outer loop
      vertex 15.7477 -0.95 11.9401
      vertex 15.5719 0 11.9813
      vertex 15.5719 -0.95 11.9813
    endloop
  endfacet
  facet normal 0.226233 0 0.974073
    outer loop
      vertex 15.3958 0 12.0222
      vertex 15.5719 -0.95 11.9813
      vertex 15.5719 0 11.9813
    endloop
  endfacet
  facet normal 0.226233 0 0.974073
    outer loop
      vertex 15.5719 -0.95 11.9813
      vertex 15.3958 0 12.0222
      vertex 15.3958 -0.95 12.0222
    endloop
  endfacet
  facet normal 0.226113 0 0.974101
    outer loop
      vertex 14.9133 0 12.1342
      vertex 15.3958 -0.95 12.0222
      vertex 15.3958 0 12.0222
    endloop
  endfacet
  facet normal 0.226113 0 0.974101
    outer loop
      vertex 15.3958 -0.95 12.0222
      vertex 14.9133 0 12.1342
      vertex 14.9133 -0.95 12.1342
    endloop
  endfacet
  facet normal 0.252093 0 0.967703
    outer loop
      vertex 14.5183 0 12.2371
      vertex 14.9133 -0.95 12.1342
      vertex 14.9133 0 12.1342
    endloop
  endfacet
  facet normal 0.252093 0 0.967703
    outer loop
      vertex 14.9133 -0.95 12.1342
      vertex 14.5183 0 12.2371
      vertex 14.5183 -0.95 12.2371
    endloop
  endfacet
  facet normal 0.291768 0 0.956489
    outer loop
      vertex 14.2108 0 12.3309
      vertex 14.5183 -0.95 12.2371
      vertex 14.5183 0 12.2371
    endloop
  endfacet
  facet normal 0.291768 0 0.956489
    outer loop
      vertex 14.5183 -0.95 12.2371
      vertex 14.2108 0 12.3309
      vertex 14.2108 -0.95 12.3309
    endloop
  endfacet
  facet normal 0.35878 0 0.933422
    outer loop
      vertex 13.9907 0 12.4155
      vertex 14.2108 -0.95 12.3309
      vertex 14.2108 0 12.3309
    endloop
  endfacet
  facet normal 0.35878 0 0.933422
    outer loop
      vertex 14.2108 -0.95 12.3309
      vertex 13.9907 0 12.4155
      vertex 13.9907 -0.95 12.4155
    endloop
  endfacet
  facet normal 0.453218 0 0.8914
    outer loop
      vertex 13.8247 0 12.4999
      vertex 13.9907 -0.95 12.4155
      vertex 13.9907 0 12.4155
    endloop
  endfacet
  facet normal 0.453218 0 0.8914
    outer loop
      vertex 13.9907 -0.95 12.4155
      vertex 13.8247 0 12.4999
      vertex 13.8247 -0.95 12.4999
    endloop
  endfacet
  facet normal 0.540318 0 0.841461
    outer loop
      vertex 13.6794 0 12.5932
      vertex 13.8247 -0.95 12.4999
      vertex 13.8247 0 12.4999
    endloop
  endfacet
  facet normal 0.540318 0 0.841461
    outer loop
      vertex 13.8247 -0.95 12.4999
      vertex 13.6794 0 12.5932
      vertex 13.6794 -0.95 12.5932
    endloop
  endfacet
  facet normal 0.633441 0 0.773791
    outer loop
      vertex 13.5548 0 12.6952
      vertex 13.6794 -0.95 12.5932
      vertex 13.6794 0 12.5932
    endloop
  endfacet
  facet normal 0.633441 0 0.773791
    outer loop
      vertex 13.6794 -0.95 12.5932
      vertex 13.5548 0 12.6952
      vertex 13.5548 -0.95 12.6952
    endloop
  endfacet
  facet normal 0.729763 -0 0.6837
    outer loop
      vertex 13.4509 -0.95 12.8061
      vertex 13.5548 0 12.6952
      vertex 13.4509 0 12.8061
    endloop
  endfacet
  facet normal 0.729763 0 0.6837
    outer loop
      vertex 13.5548 0 12.6952
      vertex 13.4509 -0.95 12.8061
      vertex 13.5548 -0.95 12.6952
    endloop
  endfacet
  facet normal 0.832154 -0 0.554544
    outer loop
      vertex 13.369 -0.95 12.929
      vertex 13.4509 0 12.8061
      vertex 13.369 0 12.929
    endloop
  endfacet
  facet normal 0.832154 0 0.554544
    outer loop
      vertex 13.4509 0 12.8061
      vertex 13.369 -0.95 12.929
      vertex 13.4509 -0.95 12.8061
    endloop
  endfacet
  facet normal 0.920894 -0 0.389814
    outer loop
      vertex 13.3105 -0.95 13.0672
      vertex 13.369 0 12.929
      vertex 13.3105 0 13.0672
    endloop
  endfacet
  facet normal 0.920894 0 0.389814
    outer loop
      vertex 13.369 0 12.929
      vertex 13.3105 -0.95 13.0672
      vertex 13.369 -0.95 12.929
    endloop
  endfacet
  facet normal 0.974945 -0 0.222445
    outer loop
      vertex 13.2755 -0.95 13.2206
      vertex 13.3105 0 13.0672
      vertex 13.2755 0 13.2206
    endloop
  endfacet
  facet normal 0.974945 0 0.222445
    outer loop
      vertex 13.3105 0 13.0672
      vertex 13.2755 -0.95 13.2206
      vertex 13.3105 -0.95 13.0672
    endloop
  endfacet
  facet normal 0.997604 -0 0.0691877
    outer loop
      vertex 13.2638 -0.95 13.3893
      vertex 13.2755 0 13.2206
      vertex 13.2638 0 13.3893
    endloop
  endfacet
  facet normal 0.997604 0 0.0691877
    outer loop
      vertex 13.2755 0 13.2206
      vertex 13.2638 -0.95 13.3893
      vertex 13.2755 -0.95 13.2206
    endloop
  endfacet
  facet normal 0.994368 0 -0.105986
    outer loop
      vertex 13.2939 -0.95 13.6717
      vertex 13.2638 0 13.3893
      vertex 13.2939 0 13.6717
    endloop
  endfacet
  facet normal 0.994368 0 -0.105986
    outer loop
      vertex 13.2638 0 13.3893
      vertex 13.2939 -0.95 13.6717
      vertex 13.2638 -0.95 13.3893
    endloop
  endfacet
  facet normal 0.938016 0 -0.346592
    outer loop
      vertex 13.3845 -0.95 13.9169
      vertex 13.2939 0 13.6717
      vertex 13.3845 0 13.9169
    endloop
  endfacet
  facet normal 0.938016 0 -0.346592
    outer loop
      vertex 13.2939 0 13.6717
      vertex 13.3845 -0.95 13.9169
      vertex 13.2939 -0.95 13.6717
    endloop
  endfacet
  facet normal 0.809342 0 -0.587338
    outer loop
      vertex 13.5353 -0.95 14.1247
      vertex 13.3845 0 13.9169
      vertex 13.5353 0 14.1247
    endloop
  endfacet
  facet normal 0.809342 0 -0.587338
    outer loop
      vertex 13.3845 0 13.9169
      vertex 13.5353 -0.95 14.1247
      vertex 13.3845 -0.95 13.9169
    endloop
  endfacet
  facet normal 0.627968 0 -0.778239
    outer loop
      vertex 13.5353 -0.95 14.1247
      vertex 13.7466 0 14.2952
      vertex 13.7466 -0.95 14.2952
    endloop
  endfacet
  facet normal 0.627968 0 -0.778239
    outer loop
      vertex 13.7466 0 14.2952
      vertex 13.5353 -0.95 14.1247
      vertex 13.5353 0 14.1247
    endloop
  endfacet
  facet normal 0.443605 0 -0.896222
    outer loop
      vertex 13.7466 -0.95 14.2952
      vertex 14.0151 0 14.4281
      vertex 14.0151 -0.95 14.4281
    endloop
  endfacet
  facet normal 0.443605 0 -0.896222
    outer loop
      vertex 14.0151 0 14.4281
      vertex 13.7466 -0.95 14.2952
      vertex 13.7466 0 14.2952
    endloop
  endfacet
  facet normal 0.282327 0 -0.959318
    outer loop
      vertex 14.0151 -0.95 14.4281
      vertex 14.3379 0 14.5231
      vertex 14.3379 -0.95 14.5231
    endloop
  endfacet
  facet normal 0.282327 0 -0.959318
    outer loop
      vertex 14.3379 0 14.5231
      vertex 14.0151 -0.95 14.4281
      vertex 14.0151 0 14.4281
    endloop
  endfacet
  facet normal 0.149456 0 -0.988768
    outer loop
      vertex 14.3379 -0.95 14.5231
      vertex 14.715 0 14.5801
      vertex 14.715 -0.95 14.5801
    endloop
  endfacet
  facet normal 0.149456 0 -0.988768
    outer loop
      vertex 14.715 0 14.5801
      vertex 14.3379 -0.95 14.5231
      vertex 14.3379 0 14.5231
    endloop
  endfacet
  facet normal 0.0437891 0 -0.999041
    outer loop
      vertex 14.715 -0.95 14.5801
      vertex 15.1462 0 14.599
      vertex 15.1462 -0.95 14.599
    endloop
  endfacet
  facet normal 0.0437891 0 -0.999041
    outer loop
      vertex 15.1462 0 14.599
      vertex 14.715 -0.95 14.5801
      vertex 14.715 0 14.5801
    endloop
  endfacet
  facet normal -0.0432506 0 -0.999064
    outer loop
      vertex 15.1462 -0.95 14.599
      vertex 15.5412 0 14.5819
      vertex 15.5412 -0.95 14.5819
    endloop
  endfacet
  facet normal -0.0432506 0 -0.999064
    outer loop
      vertex 15.5412 0 14.5819
      vertex 15.1462 -0.95 14.599
      vertex 15.1462 0 14.599
    endloop
  endfacet
  facet normal -0.145461 0 -0.989364
    outer loop
      vertex 15.5412 -0.95 14.5819
      vertex 15.8908 0 14.5305
      vertex 15.8908 -0.95 14.5305
    endloop
  endfacet
  facet normal -0.145461 0 -0.989364
    outer loop
      vertex 15.8908 0 14.5305
      vertex 15.5412 -0.95 14.5819
      vertex 15.5412 0 14.5819
    endloop
  endfacet
  facet normal -0.270874 0 -0.962615
    outer loop
      vertex 15.8908 -0.95 14.5305
      vertex 16.195 0 14.4449
      vertex 16.195 -0.95 14.4449
    endloop
  endfacet
  facet normal -0.270874 0 -0.962615
    outer loop
      vertex 16.195 0 14.4449
      vertex 15.8908 -0.95 14.5305
      vertex 15.8908 0 14.5305
    endloop
  endfacet
  facet normal -0.420215 0 -0.907425
    outer loop
      vertex 16.195 -0.95 14.4449
      vertex 16.4537 0 14.3251
      vertex 16.4537 -0.95 14.3251
    endloop
  endfacet
  facet normal -0.420215 0 -0.907425
    outer loop
      vertex 16.4537 0 14.3251
      vertex 16.195 -0.95 14.4449
      vertex 16.195 0 14.4449
    endloop
  endfacet
  facet normal -0.588371 0 -0.808591
    outer loop
      vertex 16.4537 -0.95 14.3251
      vertex 16.6707 0 14.1672
      vertex 16.6707 -0.95 14.1672
    endloop
  endfacet
  facet normal -0.588371 0 -0.808591
    outer loop
      vertex 16.6707 0 14.1672
      vertex 16.4537 -0.95 14.3251
      vertex 16.4537 0 14.3251
    endloop
  endfacet
  facet normal -0.744314 0 -0.66783
    outer loop
      vertex 16.8497 -0.95 13.9677
      vertex 16.6707 0 14.1672
      vertex 16.8497 0 13.9677
    endloop
  endfacet
  facet normal -0.744314 -0 -0.66783
    outer loop
      vertex 16.6707 0 14.1672
      vertex 16.8497 -0.95 13.9677
      vertex 16.6707 -0.95 14.1672
    endloop
  endfacet
  facet normal -0.863155 0 -0.504939
    outer loop
      vertex 16.9908 -0.95 13.7265
      vertex 16.8497 0 13.9677
      vertex 16.9908 0 13.7265
    endloop
  endfacet
  facet normal -0.863155 -0 -0.504939
    outer loop
      vertex 16.8497 0 13.9677
      vertex 16.9908 -0.95 13.7265
      vertex 16.8497 -0.95 13.9677
    endloop
  endfacet
  facet normal -0.939696 0 -0.34201
    outer loop
      vertex 17.0938 -0.95 13.4435
      vertex 16.9908 0 13.7265
      vertex 17.0938 0 13.4435
    endloop
  endfacet
  facet normal -0.939696 -0 -0.34201
    outer loop
      vertex 16.9908 0 13.7265
      vertex 17.0938 -0.95 13.4435
      vertex 16.9908 -0.95 13.7265
    endloop
  endfacet
  facet normal 0.172942 0 -0.984932
    outer loop
      vertex 17.0938 -0.95 13.4435
      vertex 18.1138 0 13.6226
      vertex 18.1138 -0.95 13.6226
    endloop
  endfacet
  facet normal 0.172942 0 -0.984932
    outer loop
      vertex 18.1138 0 13.6226
      vertex 17.0938 -0.95 13.4435
      vertex 17.0938 0 13.4435
    endloop
  endfacet
  facet normal 0.93817 -0 0.346174
    outer loop
      vertex 17.9496 -0.95 14.0676
      vertex 18.1138 0 13.6226
      vertex 17.9496 0 14.0676
    endloop
  endfacet
  facet normal 0.93817 0 0.346174
    outer loop
      vertex 18.1138 0 13.6226
      vertex 17.9496 -0.95 14.0676
      vertex 18.1138 -0.95 13.6226
    endloop
  endfacet
  facet normal 0.866816 -0 0.498628
    outer loop
      vertex 17.734 -0.95 14.4424
      vertex 17.9496 0 14.0676
      vertex 17.734 0 14.4424
    endloop
  endfacet
  facet normal 0.866816 0 0.498628
    outer loop
      vertex 17.9496 0 14.0676
      vertex 17.734 -0.95 14.4424
      vertex 17.9496 -0.95 14.0676
    endloop
  endfacet
  facet normal 0.751751 -0 0.659448
    outer loop
      vertex 17.4668 -0.95 14.747
      vertex 17.734 0 14.4424
      vertex 17.4668 0 14.747
    endloop
  endfacet
  facet normal 0.751751 0 0.659448
    outer loop
      vertex 17.734 0 14.4424
      vertex 17.4668 -0.95 14.747
      vertex 17.734 -0.95 14.4424
    endloop
  endfacet
  facet normal 0.592492 0 0.805576
    outer loop
      vertex 17.1481 0 14.9814
      vertex 17.4668 -0.95 14.747
      vertex 17.4668 0 14.747
    endloop
  endfacet
  facet normal 0.592492 0 0.805576
    outer loop
      vertex 17.4668 -0.95 14.747
      vertex 17.1481 0 14.9814
      vertex 17.1481 -0.95 14.9814
    endloop
  endfacet
  facet normal 0.414788 0 0.909918
    outer loop
      vertex 16.7653 0 15.1559
      vertex 17.1481 -0.95 14.9814
      vertex 17.1481 0 14.9814
    endloop
  endfacet
  facet normal 0.414788 0 0.909918
    outer loop
      vertex 17.1481 -0.95 14.9814
      vertex 16.7653 0 15.1559
      vertex 16.7653 -0.95 15.1559
    endloop
  endfacet
  facet normal 0.261766 0 0.965131
    outer loop
      vertex 16.3059 0 15.2805
      vertex 16.7653 -0.95 15.1559
      vertex 16.7653 0 15.1559
    endloop
  endfacet
  facet normal 0.261766 0 0.965131
    outer loop
      vertex 16.7653 -0.95 15.1559
      vertex 16.3059 0 15.2805
      vertex 16.3059 -0.95 15.2805
    endloop
  endfacet
  facet normal 0.138188 0 0.990406
    outer loop
      vertex 15.7698 0 15.3553
      vertex 16.3059 -0.95 15.2805
      vertex 16.3059 0 15.2805
    endloop
  endfacet
  facet normal 0.138188 0 0.990406
    outer loop
      vertex 16.3059 -0.95 15.2805
      vertex 15.7698 0 15.3553
      vertex 15.7698 -0.95 15.3553
    endloop
  endfacet
  facet normal 0.0406063 0 0.999175
    outer loop
      vertex 15.1571 0 15.3802
      vertex 15.7698 -0.95 15.3553
      vertex 15.7698 0 15.3553
    endloop
  endfacet
  facet normal 0.0406063 0 0.999175
    outer loop
      vertex 15.7698 -0.95 15.3553
      vertex 15.1571 0 15.3802
      vertex 15.1571 -0.95 15.3802
    endloop
  endfacet
  facet normal -0.0502927 0 0.998735
    outer loop
      vertex 14.4978 0 15.347
      vertex 15.1571 -0.95 15.3802
      vertex 15.1571 0 15.3802
    endloop
  endfacet
  facet normal -0.0502927 0 0.998735
    outer loop
      vertex 15.1571 -0.95 15.3802
      vertex 14.4978 0 15.347
      vertex 14.4978 -0.95 15.347
    endloop
  endfacet
  facet normal -0.169896 0 0.985462
    outer loop
      vertex 13.9195 0 15.2473
      vertex 14.4978 -0.95 15.347
      vertex 14.4978 0 15.347
    endloop
  endfacet
  facet normal -0.169896 0 0.985462
    outer loop
      vertex 14.4978 -0.95 15.347
      vertex 13.9195 0 15.2473
      vertex 13.9195 -0.95 15.2473
    endloop
  endfacet
  facet normal -0.316857 0 0.948473
    outer loop
      vertex 13.4223 0 15.0812
      vertex 13.9195 -0.95 15.2473
      vertex 13.9195 0 15.2473
    endloop
  endfacet
  facet normal -0.316857 0 0.948473
    outer loop
      vertex 13.9195 -0.95 15.2473
      vertex 13.4223 0 15.0812
      vertex 13.4223 -0.95 15.0812
    endloop
  endfacet
  facet normal -0.48785 0 0.872928
    outer loop
      vertex 13.0061 0 14.8486
      vertex 13.4223 -0.95 15.0812
      vertex 13.4223 0 15.0812
    endloop
  endfacet
  facet normal -0.48785 0 0.872928
    outer loop
      vertex 13.4223 -0.95 15.0812
      vertex 13.0061 0 14.8486
      vertex 13.0061 -0.95 14.8486
    endloop
  endfacet
  facet normal -0.666669 0 0.745354
    outer loop
      vertex 12.6774 0 14.5546
      vertex 13.0061 -0.95 14.8486
      vertex 13.0061 0 14.8486
    endloop
  endfacet
  facet normal -0.666669 0 0.745354
    outer loop
      vertex 13.0061 -0.95 14.8486
      vertex 12.6774 0 14.5546
      vertex 12.6774 -0.95 14.5546
    endloop
  endfacet
  facet normal -0.830588 0 0.556888
    outer loop
      vertex 12.4426 -0.95 14.2044
      vertex 12.6774 0 14.5546
      vertex 12.4426 0 14.2044
    endloop
  endfacet
  facet normal -0.830588 0 0.556888
    outer loop
      vertex 12.6774 0 14.5546
      vertex 12.4426 -0.95 14.2044
      vertex 12.6774 -0.95 14.5546
    endloop
  endfacet
  facet normal -0.944851 0 0.327502
    outer loop
      vertex 12.3017 -0.95 13.7979
      vertex 12.4426 0 14.2044
      vertex 12.3017 0 13.7979
    endloop
  endfacet
  facet normal -0.944851 0 0.327502
    outer loop
      vertex 12.4426 0 14.2044
      vertex 12.3017 -0.95 13.7979
      vertex 12.4426 -0.95 14.2044
    endloop
  endfacet
  facet normal -0.994883 0 0.101036
    outer loop
      vertex 12.2547 -0.95 13.3351
      vertex 12.3017 0 13.7979
      vertex 12.2547 0 13.3351
    endloop
  endfacet
  facet normal -0.994883 0 0.101036
    outer loop
      vertex 12.3017 0 13.7979
      vertex 12.2547 -0.95 13.3351
      vertex 12.3017 -0.95 13.7979
    endloop
  endfacet
  facet normal -0.999068 0 -0.0431666
    outer loop
      vertex 12.2637 -0.95 13.1268
      vertex 12.2547 0 13.3351
      vertex 12.2637 0 13.1268
    endloop
  endfacet
  facet normal -0.999068 -0 -0.0431666
    outer loop
      vertex 12.2547 0 13.3351
      vertex 12.2637 -0.95 13.1268
      vertex 12.2547 -0.95 13.3351
    endloop
  endfacet
  facet normal -0.990713 0 -0.13597
    outer loop
      vertex 12.2906 -0.95 12.9308
      vertex 12.2637 0 13.1268
      vertex 12.2906 0 12.9308
    endloop
  endfacet
  facet normal -0.990713 -0 -0.13597
    outer loop
      vertex 12.2637 0 13.1268
      vertex 12.2906 -0.95 12.9308
      vertex 12.2637 -0.95 13.1268
    endloop
  endfacet
  facet normal -0.971312 0 -0.237808
    outer loop
      vertex 12.3356 -0.95 12.747
      vertex 12.2906 0 12.9308
      vertex 12.3356 0 12.747
    endloop
  endfacet
  facet normal -0.971312 -0 -0.237808
    outer loop
      vertex 12.2906 0 12.9308
      vertex 12.3356 -0.95 12.747
      vertex 12.2906 -0.95 12.9308
    endloop
  endfacet
  facet normal -0.938847 0 -0.344335
    outer loop
      vertex 12.3985 -0.95 12.5755
      vertex 12.3356 0 12.747
      vertex 12.3985 0 12.5755
    endloop
  endfacet
  facet normal -0.938847 -0 -0.344335
    outer loop
      vertex 12.3356 0 12.747
      vertex 12.3985 -0.95 12.5755
      vertex 12.3356 -0.95 12.747
    endloop
  endfacet
  facet normal -0.895097 0 -0.445872
    outer loop
      vertex 12.4783 -0.95 12.4153
      vertex 12.3985 0 12.5755
      vertex 12.4783 0 12.4153
    endloop
  endfacet
  facet normal -0.895097 -0 -0.445872
    outer loop
      vertex 12.3985 0 12.5755
      vertex 12.4783 -0.95 12.4153
      vertex 12.3985 -0.95 12.5755
    endloop
  endfacet
  facet normal -0.842292 0 -0.539022
    outer loop
      vertex 12.5741 -0.95 12.2656
      vertex 12.4783 0 12.4153
      vertex 12.5741 0 12.2656
    endloop
  endfacet
  facet normal -0.842292 -0 -0.539022
    outer loop
      vertex 12.4783 0 12.4153
      vertex 12.5741 -0.95 12.2656
      vertex 12.4783 -0.95 12.4153
    endloop
  endfacet
  facet normal -0.779665 0 -0.626197
    outer loop
      vertex 12.6859 -0.95 12.1264
      vertex 12.5741 0 12.2656
      vertex 12.6859 0 12.1264
    endloop
  endfacet
  facet normal -0.779665 -0 -0.626197
    outer loop
      vertex 12.5741 0 12.2656
      vertex 12.6859 -0.95 12.1264
      vertex 12.5741 -0.95 12.2656
    endloop
  endfacet
  facet normal -0.710135 0 -0.704066
    outer loop
      vertex 12.8135 -0.95 11.9977
      vertex 12.6859 0 12.1264
      vertex 12.8135 0 11.9977
    endloop
  endfacet
  facet normal -0.710135 -0 -0.704066
    outer loop
      vertex 12.6859 0 12.1264
      vertex 12.8135 -0.95 11.9977
      vertex 12.6859 -0.95 12.1264
    endloop
  endfacet
  facet normal -0.631381 0 -0.775473
    outer loop
      vertex 12.8135 -0.95 11.9977
      vertex 12.9615 0 11.8772
      vertex 12.9615 -0.95 11.8772
    endloop
  endfacet
  facet normal -0.631381 0 -0.775473
    outer loop
      vertex 12.9615 0 11.8772
      vertex 12.8135 -0.95 11.9977
      vertex 12.8135 0 11.9977
    endloop
  endfacet
  facet normal -0.553365 0 -0.832939
    outer loop
      vertex 12.9615 -0.95 11.8772
      vertex 13.1343 0 11.7624
      vertex 13.1343 -0.95 11.7624
    endloop
  endfacet
  facet normal -0.553365 0 -0.832939
    outer loop
      vertex 13.1343 0 11.7624
      vertex 12.9615 -0.95 11.8772
      vertex 12.9615 0 11.8772
    endloop
  endfacet
  facet normal -0.483195 0 -0.875513
    outer loop
      vertex 13.1343 -0.95 11.7624
      vertex 13.3318 0 11.6534
      vertex 13.3318 -0.95 11.6534
    endloop
  endfacet
  facet normal -0.483195 0 -0.875513
    outer loop
      vertex 13.3318 0 11.6534
      vertex 13.1343 -0.95 11.7624
      vertex 13.1343 0 11.7624
    endloop
  endfacet
  facet normal -0.421231 0 -0.906953
    outer loop
      vertex 13.3318 -0.95 11.6534
      vertex 13.554 0 11.5502
      vertex 13.554 -0.95 11.5502
    endloop
  endfacet
  facet normal -0.421231 0 -0.906953
    outer loop
      vertex 13.554 0 11.5502
      vertex 13.3318 -0.95 11.6534
      vertex 13.3318 0 11.6534
    endloop
  endfacet
  facet normal -0.357952 0 -0.93374
    outer loop
      vertex 13.554 -0.95 11.5502
      vertex 13.8159 0 11.4498
      vertex 13.8159 -0.95 11.4498
    endloop
  endfacet
  facet normal -0.357952 0 -0.93374
    outer loop
      vertex 13.8159 0 11.4498
      vertex 13.554 -0.95 11.5502
      vertex 13.554 0 11.5502
    endloop
  endfacet
  facet normal -0.30201 0 -0.953305
    outer loop
      vertex 13.8159 -0.95 11.4498
      vertex 14.1325 0 11.3495
      vertex 14.1325 -0.95 11.3495
    endloop
  endfacet
  facet normal -0.30201 0 -0.953305
    outer loop
      vertex 14.1325 0 11.3495
      vertex 13.8159 -0.95 11.4498
      vertex 13.8159 0 11.4498
    endloop
  endfacet
  facet normal -0.261158 0 -0.965296
    outer loop
      vertex 14.1325 -0.95 11.3495
      vertex 14.5036 0 11.2491
      vertex 14.5036 -0.95 11.2491
    endloop
  endfacet
  facet normal -0.261158 0 -0.965296
    outer loop
      vertex 14.5036 0 11.2491
      vertex 14.1325 -0.95 11.3495
      vertex 14.1325 0 11.3495
    endloop
  endfacet
  facet normal -0.229549 0 -0.973297
    outer loop
      vertex 14.5036 -0.95 11.2491
      vertex 14.9293 0 11.1487
      vertex 14.9293 -0.95 11.1487
    endloop
  endfacet
  facet normal -0.229549 0 -0.973297
    outer loop
      vertex 14.9293 0 11.1487
      vertex 14.5036 -0.95 11.2491
      vertex 14.5036 0 11.2491
    endloop
  endfacet
  facet normal -0.2243 0 -0.97452
    outer loop
      vertex 14.9293 -0.95 11.1487
      vertex 15.1839 0 11.0901
      vertex 15.1839 -0.95 11.0901
    endloop
  endfacet
  facet normal -0.2243 0 -0.97452
    outer loop
      vertex 15.1839 0 11.0901
      vertex 14.9293 -0.95 11.1487
      vertex 14.9293 0 11.1487
    endloop
  endfacet
  facet normal -0.227141 0 -0.973862
    outer loop
      vertex 15.1839 -0.95 11.0901
      vertex 15.427 0 11.0334
      vertex 15.427 -0.95 11.0334
    endloop
  endfacet
  facet normal -0.227141 0 -0.973862
    outer loop
      vertex 15.427 0 11.0334
      vertex 15.1839 -0.95 11.0901
      vertex 15.1839 0 11.0901
    endloop
  endfacet
  facet normal -0.229461 0 -0.973318
    outer loop
      vertex 15.427 -0.95 11.0334
      vertex 15.6586 0 10.9788
      vertex 15.6586 -0.95 10.9788
    endloop
  endfacet
  facet normal -0.229461 0 -0.973318
    outer loop
      vertex 15.6586 0 10.9788
      vertex 15.427 -0.95 11.0334
      vertex 15.427 0 11.0334
    endloop
  endfacet
  facet normal -0.232119 0 -0.972687
    outer loop
      vertex 15.6586 -0.95 10.9788
      vertex 15.8786 0 10.9263
      vertex 15.8786 -0.95 10.9263
    endloop
  endfacet
  facet normal -0.232119 0 -0.972687
    outer loop
      vertex 15.8786 0 10.9263
      vertex 15.6586 -0.95 10.9788
      vertex 15.6586 0 10.9788
    endloop
  endfacet
  facet normal -0.255276 0 -0.966868
    outer loop
      vertex 15.8786 -0.95 10.9263
      vertex 16.0854 0 10.8717
      vertex 16.0854 -0.95 10.8717
    endloop
  endfacet
  facet normal -0.255276 0 -0.966868
    outer loop
      vertex 16.0854 0 10.8717
      vertex 15.8786 -0.95 10.9263
      vertex 15.8786 0 10.9263
    endloop
  endfacet
  facet normal -0.30144 0 -0.953485
    outer loop
      vertex 16.0854 -0.95 10.8717
      vertex 16.2774 0 10.811
      vertex 16.2774 -0.95 10.811
    endloop
  endfacet
  facet normal -0.30144 0 -0.953485
    outer loop
      vertex 16.2774 0 10.811
      vertex 16.0854 -0.95 10.8717
      vertex 16.0854 0 10.8717
    endloop
  endfacet
  facet normal -0.353267 0 -0.935523
    outer loop
      vertex 16.2774 -0.95 10.811
      vertex 16.4543 0 10.7442
      vertex 16.4543 -0.95 10.7442
    endloop
  endfacet
  facet normal -0.353267 0 -0.935523
    outer loop
      vertex 16.4543 0 10.7442
      vertex 16.2774 -0.95 10.811
      vertex 16.2774 0 10.811
    endloop
  endfacet
  facet normal -0.410154 0 -0.912016
    outer loop
      vertex 16.4543 -0.95 10.7442
      vertex 16.6164 0 10.6713
      vertex 16.6164 -0.95 10.6713
    endloop
  endfacet
  facet normal -0.410154 0 -0.912016
    outer loop
      vertex 16.6164 0 10.6713
      vertex 16.4543 -0.95 10.7442
      vertex 16.4543 0 10.7442
    endloop
  endfacet
  facet normal -0.485134 0 -0.87444
    outer loop
      vertex 16.6164 -0.95 10.6713
      vertex 16.7624 0 10.5903
      vertex 16.7624 -0.95 10.5903
    endloop
  endfacet
  facet normal -0.485134 0 -0.87444
    outer loop
      vertex 16.7624 0 10.5903
      vertex 16.6164 -0.95 10.6713
      vertex 16.6164 0 10.6713
    endloop
  endfacet
  facet normal -0.578176 0 -0.815912
    outer loop
      vertex 16.7624 -0.95 10.5903
      vertex 16.8911 0 10.4991
      vertex 16.8911 -0.95 10.4991
    endloop
  endfacet
  facet normal -0.578176 0 -0.815912
    outer loop
      vertex 16.8911 0 10.4991
      vertex 16.7624 -0.95 10.5903
      vertex 16.7624 0 10.5903
    endloop
  endfacet
  facet normal -0.673135 0 -0.739519
    outer loop
      vertex 16.8911 -0.95 10.4991
      vertex 17.0025 0 10.3977
      vertex 17.0025 -0.95 10.3977
    endloop
  endfacet
  facet normal -0.673135 0 -0.739519
    outer loop
      vertex 17.0025 0 10.3977
      vertex 16.8911 -0.95 10.4991
      vertex 16.8911 0 10.4991
    endloop
  endfacet
  facet normal -0.764218 0 -0.644959
    outer loop
      vertex 17.0966 -0.95 10.2862
      vertex 17.0025 0 10.3977
      vertex 17.0966 0 10.2862
    endloop
  endfacet
  facet normal -0.764218 -0 -0.644959
    outer loop
      vertex 17.0025 0 10.3977
      vertex 17.0966 -0.95 10.2862
      vertex 17.0025 -0.95 10.3977
    endloop
  endfacet
  facet normal -0.8593 0 -0.511472
    outer loop
      vertex 17.1713 -0.95 10.1607
      vertex 17.0966 0 10.2862
      vertex 17.1713 0 10.1607
    endloop
  endfacet
  facet normal -0.8593 -0 -0.511472
    outer loop
      vertex 17.0966 0 10.2862
      vertex 17.1713 -0.95 10.1607
      vertex 17.0966 -0.95 10.2862
    endloop
  endfacet
  facet normal -0.936813 0 -0.349831
    outer loop
      vertex 17.2247 -0.95 10.0177
      vertex 17.1713 0 10.1607
      vertex 17.2247 0 10.0177
    endloop
  endfacet
  facet normal -0.936813 -0 -0.349831
    outer loop
      vertex 17.1713 0 10.1607
      vertex 17.2247 -0.95 10.0177
      vertex 17.1713 -0.95 10.1607
    endloop
  endfacet
  facet normal -0.980644 0 -0.195799
    outer loop
      vertex 17.2568 -0.95 9.85693
      vertex 17.2247 0 10.0177
      vertex 17.2568 0 9.85693
    endloop
  endfacet
  facet normal -0.980644 -0 -0.195799
    outer loop
      vertex 17.2247 0 10.0177
      vertex 17.2568 -0.95 9.85693
      vertex 17.2247 -0.95 10.0177
    endloop
  endfacet
  facet normal -0.998238 0 -0.0593323
    outer loop
      vertex 17.2674 -0.95 9.67859
      vertex 17.2568 0 9.85693
      vertex 17.2674 0 9.67859
    endloop
  endfacet
  facet normal -0.998238 -0 -0.0593323
    outer loop
      vertex 17.2568 0 9.85693
      vertex 17.2674 -0.95 9.67859
      vertex 17.2568 -0.95 9.85693
    endloop
  endfacet
  facet normal -0.994169 0 0.107834
    outer loop
      vertex 17.2334 -0.95 9.36513
      vertex 17.2674 0 9.67859
      vertex 17.2334 0 9.36513
    endloop
  endfacet
  facet normal -0.994169 0 0.107834
    outer loop
      vertex 17.2674 0 9.67859
      vertex 17.2334 -0.95 9.36513
      vertex 17.2674 -0.95 9.67859
    endloop
  endfacet
  facet normal -0.936464 0 0.350763
    outer loop
      vertex 17.1311 -0.95 9.09201
      vertex 17.2334 0 9.36513
      vertex 17.1311 0 9.09201
    endloop
  endfacet
  facet normal -0.936464 0 0.350763
    outer loop
      vertex 17.2334 0 9.36513
      vertex 17.1311 -0.95 9.09201
      vertex 17.2334 -0.95 9.36513
    endloop
  endfacet
  facet normal -0.807063 0 0.590466
    outer loop
      vertex 16.9608 -0.95 8.85924
      vertex 17.1311 0 9.09201
      vertex 16.9608 0 8.85924
    endloop
  endfacet
  facet normal -0.807063 0 0.590466
    outer loop
      vertex 17.1311 0 9.09201
      vertex 16.9608 -0.95 8.85924
      vertex 17.1311 -0.95 9.09201
    endloop
  endfacet
  facet normal -0.627754 0 0.778412
    outer loop
      vertex 16.7222 0 8.66682
      vertex 16.9608 -0.95 8.85924
      vertex 16.9608 0 8.85924
    endloop
  endfacet
  facet normal -0.627754 0 0.778412
    outer loop
      vertex 16.9608 -0.95 8.85924
      vertex 16.7222 0 8.66682
      vertex 16.7222 -0.95 8.66682
    endloop
  endfacet
  facet normal -0.447475 0 0.894297
    outer loop
      vertex 16.421 0 8.51611
      vertex 16.7222 -0.95 8.66682
      vertex 16.7222 0 8.66682
    endloop
  endfacet
  facet normal -0.447475 0 0.894297
    outer loop
      vertex 16.7222 -0.95 8.66682
      vertex 16.421 0 8.51611
      vertex 16.421 -0.95 8.51611
    endloop
  endfacet
  facet normal -0.287519 0 0.957775
    outer loop
      vertex 16.0624 0 8.40846
      vertex 16.421 -0.95 8.51611
      vertex 16.421 0 8.51611
    endloop
  endfacet
  facet normal -0.287519 0 0.957775
    outer loop
      vertex 16.421 -0.95 8.51611
      vertex 16.0624 0 8.40846
      vertex 16.0624 -0.95 8.40846
    endloop
  endfacet
  facet normal -0.153462 0 0.988155
    outer loop
      vertex 15.6465 0 8.34387
      vertex 16.0624 -0.95 8.40846
      vertex 16.0624 0 8.40846
    endloop
  endfacet
  facet normal -0.153462 0 0.988155
    outer loop
      vertex 16.0624 -0.95 8.40846
      vertex 15.6465 0 8.34387
      vertex 15.6465 -0.95 8.34387
    endloop
  endfacet
  facet normal -0.0454613 0 0.998966
    outer loop
      vertex 15.1734 0 8.32234
      vertex 15.6465 -0.95 8.34387
      vertex 15.6465 0 8.34387
    endloop
  endfacet
  facet normal -0.0454613 0 0.998966
    outer loop
      vertex 15.6465 -0.95 8.34387
      vertex 15.1734 0 8.32234
      vertex 15.1734 -0.95 8.32234
    endloop
  endfacet
  facet normal 0.0438396 0 0.999039
    outer loop
      vertex 14.7133 0 8.34253
      vertex 15.1734 -0.95 8.32234
      vertex 15.1734 0 8.32234
    endloop
  endfacet
  facet normal 0.0438396 0 0.999039
    outer loop
      vertex 15.1734 -0.95 8.32234
      vertex 14.7133 0 8.34253
      vertex 14.7133 -0.95 8.34253
    endloop
  endfacet
  facet normal 0.146272 0 0.989244
    outer loop
      vertex 14.304 0 8.40305
      vertex 14.7133 -0.95 8.34253
      vertex 14.7133 0 8.34253
    endloop
  endfacet
  facet normal 0.146272 0 0.989244
    outer loop
      vertex 14.7133 -0.95 8.34253
      vertex 14.304 0 8.40305
      vertex 14.304 -0.95 8.40305
    endloop
  endfacet
  facet normal 0.27092 0 0.962602
    outer loop
      vertex 13.9456 0 8.50392
      vertex 14.304 -0.95 8.40305
      vertex 14.304 0 8.40305
    endloop
  endfacet
  facet normal 0.27092 0 0.962602
    outer loop
      vertex 14.304 -0.95 8.40305
      vertex 13.9456 0 8.50392
      vertex 13.9456 -0.95 8.50392
    endloop
  endfacet
  facet normal 0.417345 0 0.908748
    outer loop
      vertex 13.6381 0 8.64514
      vertex 13.9456 -0.95 8.50392
      vertex 13.9456 0 8.50392
    endloop
  endfacet
  facet normal 0.417345 0 0.908748
    outer loop
      vertex 13.9456 -0.95 8.50392
      vertex 13.6381 0 8.64514
      vertex 13.6381 -0.95 8.64514
    endloop
  endfacet
  facet normal 0.581716 0 0.813392
    outer loop
      vertex 13.3804 0 8.82944
      vertex 13.6381 -0.95 8.64514
      vertex 13.6381 0 8.64514
    endloop
  endfacet
  facet normal 0.581716 0 0.813392
    outer loop
      vertex 13.6381 -0.95 8.64514
      vertex 13.3804 0 8.82944
      vertex 13.3804 -0.95 8.82944
    endloop
  endfacet
  facet normal 0.740479 -0 0.67208
    outer loop
      vertex 13.1716 -0.95 9.05949
      vertex 13.3804 0 8.82944
      vertex 13.1716 0 9.05949
    endloop
  endfacet
  facet normal 0.740479 0 0.67208
    outer loop
      vertex 13.3804 0 8.82944
      vertex 13.1716 -0.95 9.05949
      vertex 13.3804 -0.95 8.82944
    endloop
  endfacet
  facet normal 0.864862 -0 0.50201
    outer loop
      vertex 13.0115 -0.95 9.33531
      vertex 13.1716 0 9.05949
      vertex 13.0115 0 9.33531
    endloop
  endfacet
  facet normal 0.864862 0 0.50201
    outer loop
      vertex 13.1716 0 9.05949
      vertex 13.0115 -0.95 9.33531
      vertex 13.1716 -0.95 9.05949
    endloop
  endfacet
  facet normal 0.945098 -0 0.326788
    outer loop
      vertex 12.9003 -0.95 9.65691
      vertex 13.0115 0 9.33531
      vertex 12.9003 0 9.65691
    endloop
  endfacet
  facet normal 0.945098 0 0.326788
    outer loop
      vertex 13.0115 0 9.33531
      vertex 12.9003 -0.95 9.65691
      vertex 13.0115 -0.95 9.33531
    endloop
  endfacet
  facet normal -0.196116 0 0.980581
    outer loop
      vertex 11.8967 0 9.45619
      vertex 12.9003 -0.95 9.65691
      vertex 12.9003 0 9.65691
    endloop
  endfacet
  facet normal -0.196116 0 0.980581
    outer loop
      vertex 12.9003 -0.95 9.65691
      vertex 11.8967 0 9.45619
      vertex 11.8967 -0.95 9.45619
    endloop
  endfacet
  facet normal -0.917163 0 -0.398513
    outer loop
      vertex 12.2659 -0.95 8.60649
      vertex 11.8967 0 9.45619
      vertex 12.2659 0 8.60649
    endloop
  endfacet
  facet normal -0.917163 -0 -0.398513
    outer loop
      vertex 11.8967 0 9.45619
      vertex 12.2659 -0.95 8.60649
      vertex 11.8967 -0.95 9.45619
    endloop
  endfacet
  facet normal -0.675278 0 -0.737563
    outer loop
      vertex 12.2659 -0.95 8.60649
      vertex 12.9288 0 7.99957
      vertex 12.9288 -0.95 7.99957
    endloop
  endfacet
  facet normal -0.675278 0 -0.737563
    outer loop
      vertex 12.9288 0 7.99957
      vertex 12.2659 -0.95 8.60649
      vertex 12.2659 0 8.60649
    endloop
  endfacet
  facet normal -0.355807 0 -0.93456
    outer loop
      vertex 12.9288 -0.95 7.99957
      vertex 13.8853 0 7.63541
      vertex 13.8853 -0.95 7.63541
    endloop
  endfacet
  facet normal -0.355807 0 -0.93456
    outer loop
      vertex 13.8853 0 7.63541
      vertex 12.9288 -0.95 7.99957
      vertex 12.9288 0 7.99957
    endloop
  endfacet
  facet normal -0.0966496 0 -0.995318
    outer loop
      vertex 13.8853 -0.95 7.63541
      vertex 15.1354 0 7.51402
      vertex 15.1354 -0.95 7.51402
    endloop
  endfacet
  facet normal -0.0966496 0 -0.995318
    outer loop
      vertex 15.1354 0 7.51402
      vertex 13.8853 -0.95 7.63541
      vertex 13.8853 0 7.63541
    endloop
  endfacet
  facet normal 0.0511035 0 -0.998693
    outer loop
      vertex 15.1354 -0.95 7.51402
      vertex 15.8446 0 7.55031
      vertex 15.8446 -0.95 7.55031
    endloop
  endfacet
  facet normal 0.0511035 0 -0.998693
    outer loop
      vertex 15.8446 0 7.55031
      vertex 15.1354 -0.95 7.51402
      vertex 15.1354 0 7.51402
    endloop
  endfacet
  facet normal 0.129331 0 -0.991601
    outer loop
      vertex 56.1246 -0.95 7.53522
      vertex 56.612 0 7.59879
      vertex 56.612 -0.95 7.59879
    endloop
  endfacet
  facet normal 0.129331 0 -0.991601
    outer loop
      vertex 56.612 0 7.59879
      vertex 56.1246 -0.95 7.53522
      vertex 56.1246 0 7.53522
    endloop
  endfacet
  facet normal 0.220488 0 -0.97539
    outer loop
      vertex 56.612 -0.95 7.59879
      vertex 57.0807 0 7.70474
      vertex 57.0807 -0.95 7.70474
    endloop
  endfacet
  facet normal 0.220488 0 -0.97539
    outer loop
      vertex 57.0807 0 7.70474
      vertex 56.612 -0.95 7.59879
      vertex 56.612 0 7.59879
    endloop
  endfacet
  facet normal 0.312991 0 -0.949756
    outer loop
      vertex 57.0807 -0.95 7.70474
      vertex 57.5308 0 7.85307
      vertex 57.5308 -0.95 7.85307
    endloop
  endfacet
  facet normal 0.312991 0 -0.949756
    outer loop
      vertex 57.5308 0 7.85307
      vertex 57.0807 -0.95 7.70474
      vertex 57.0807 0 7.70474
    endloop
  endfacet
  facet normal 0.403737 0 -0.914875
    outer loop
      vertex 57.5308 -0.95 7.85307
      vertex 57.9545 0 8.04005
      vertex 57.9545 -0.95 8.04005
    endloop
  endfacet
  facet normal 0.403737 0 -0.914875
    outer loop
      vertex 57.9545 0 8.04005
      vertex 57.5308 -0.95 7.85307
      vertex 57.5308 0 7.85307
    endloop
  endfacet
  facet normal 0.495122 0 -0.868823
    outer loop
      vertex 57.9545 -0.95 8.04005
      vertex 58.3439 0 8.26196
      vertex 58.3439 -0.95 8.26196
    endloop
  endfacet
  facet normal 0.495122 0 -0.868823
    outer loop
      vertex 58.3439 0 8.26196
      vertex 57.9545 -0.95 8.04005
      vertex 57.9545 0 8.04005
    endloop
  endfacet
  facet normal 0.585965 0 -0.810336
    outer loop
      vertex 58.3439 -0.95 8.26196
      vertex 58.6991 0 8.51881
      vertex 58.6991 -0.95 8.51881
    endloop
  endfacet
  facet normal 0.585965 0 -0.810336
    outer loop
      vertex 58.6991 0 8.51881
      vertex 58.3439 -0.95 8.26196
      vertex 58.3439 0 8.26196
    endloop
  endfacet
  facet normal 0.672739 0 -0.73988
    outer loop
      vertex 58.6991 -0.95 8.51881
      vertex 59.02 0 8.81059
      vertex 59.02 -0.95 8.81059
    endloop
  endfacet
  facet normal 0.672739 0 -0.73988
    outer loop
      vertex 59.02 0 8.81059
      vertex 58.6991 -0.95 8.51881
      vertex 58.6991 0 8.51881
    endloop
  endfacet
  facet normal 1 -0 0
    outer loop
      vertex 59.02 -0.95 11.4471
      vertex 59.02 0 8.81059
      vertex 59.02 0 11.4471
    endloop
  endfacet
  facet normal 1 0 0
    outer loop
      vertex 59.02 0 8.81059
      vertex 59.02 -0.95 11.4471
      vertex 59.02 -0.95 8.81059
    endloop
  endfacet
  facet normal -0 0 1
    outer loop
      vertex 55.7813 0 11.4471
      vertex 59.02 -0.95 11.4471
      vertex 59.02 0 11.4471
    endloop
  endfacet
  facet normal 0 0 1
    outer loop
      vertex 59.02 -0.95 11.4471
      vertex 55.7813 0 11.4471
      vertex 55.7813 -0.95 11.4471
    endloop
  endfacet
  facet normal -1 0 0
    outer loop
      vertex 55.7813 -0.95 10.5791
      vertex 55.7813 0 11.4471
      vertex 55.7813 0 10.5791
    endloop
  endfacet
  facet normal -1 -0 0
    outer loop
      vertex 55.7813 0 11.4471
      vertex 55.7813 -0.95 10.5791
      vertex 55.7813 -0.95 11.4471
    endloop
  endfacet
  facet normal 0 0 -1
    outer loop
      vertex 55.7813 -0.95 10.5791
      vertex 58.0652 0 10.5791
      vertex 58.0652 -0.95 10.5791
    endloop
  endfacet
  facet normal -0 0 -1
    outer loop
      vertex 58.0652 0 10.5791
      vertex 55.7813 -0.95 10.5791
      vertex 55.7813 0 10.5791
    endloop
  endfacet
  facet normal -1 0 0
    outer loop
      vertex 58.0652 -0.95 9.20114
      vertex 58.0652 0 10.5791
      vertex 58.0652 0 9.20114
    endloop
  endfacet
  facet normal -1 -0 0
    outer loop
      vertex 58.0652 0 10.5791
      vertex 58.0652 -0.95 9.20114
      vertex 58.0652 -0.95 10.5791
    endloop
  endfacet
  facet normal -0.650357 0 0.759629
    outer loop
      vertex 57.849 0 9.01604
      vertex 58.0652 -0.95 9.20114
      vertex 58.0652 0 9.20114
    endloop
  endfacet
  facet normal -0.650357 0 0.759629
    outer loop
      vertex 58.0652 -0.95 9.20114
      vertex 57.849 0 9.01604
      vertex 57.849 -0.95 9.01604
    endloop
  endfacet
  facet normal -0.554941 0 0.83189
    outer loop
      vertex 57.602 0 8.85127
      vertex 57.849 -0.95 9.01604
      vertex 57.849 0 9.01604
    endloop
  endfacet
  facet normal -0.554941 0 0.83189
    outer loop
      vertex 57.849 -0.95 9.01604
      vertex 57.602 0 8.85127
      vertex 57.602 -0.95 8.85127
    endloop
  endfacet
  facet normal -0.461313 0 0.887238
    outer loop
      vertex 57.3242 0 8.70683
      vertex 57.602 -0.95 8.85127
      vertex 57.602 0 8.85127
    endloop
  endfacet
  facet normal -0.461313 0 0.887238
    outer loop
      vertex 57.602 -0.95 8.85127
      vertex 57.3242 0 8.70683
      vertex 57.3242 -0.95 8.70683
    endloop
  endfacet
  facet normal -0.372841 0 0.927895
    outer loop
      vertex 57.0154 0 8.58275
      vertex 57.3242 -0.95 8.70683
      vertex 57.3242 0 8.70683
    endloop
  endfacet
  facet normal -0.372841 0 0.927895
    outer loop
      vertex 57.3242 -0.95 8.70683
      vertex 57.0154 0 8.58275
      vertex 57.0154 -0.95 8.58275
    endloop
  endfacet
  facet normal -0.288863 0 0.957371
    outer loop
      vertex 56.685 0 8.48306
      vertex 57.0154 -0.95 8.58275
      vertex 57.0154 0 8.58275
    endloop
  endfacet
  facet normal -0.288863 0 0.957371
    outer loop
      vertex 57.0154 -0.95 8.58275
      vertex 56.685 0 8.48306
      vertex 56.685 -0.95 8.48306
    endloop
  endfacet
  facet normal -0.203277 0 0.979121
    outer loop
      vertex 56.3421 0 8.41187
      vertex 56.685 -0.95 8.48306
      vertex 56.685 0 8.48306
    endloop
  endfacet
  facet normal -0.203277 0 0.979121
    outer loop
      vertex 56.685 -0.95 8.48306
      vertex 56.3421 0 8.41187
      vertex 56.3421 -0.95 8.41187
    endloop
  endfacet
  facet normal -0.119338 0 0.992854
    outer loop
      vertex 55.9866 0 8.36914
      vertex 56.3421 -0.95 8.41187
      vertex 56.3421 0 8.41187
    endloop
  endfacet
  facet normal -0.119338 0 0.992854
    outer loop
      vertex 56.3421 -0.95 8.41187
      vertex 55.9866 0 8.36914
      vertex 55.9866 -0.95 8.36914
    endloop
  endfacet
  facet normal -0.0386667 0 0.999252
    outer loop
      vertex 55.6186 0 8.3549
      vertex 55.9866 -0.95 8.36914
      vertex 55.9866 0 8.36914
    endloop
  endfacet
  facet normal -0.0386667 0 0.999252
    outer loop
      vertex 55.9866 -0.95 8.36914
      vertex 55.6186 0 8.3549
      vertex 55.6186 -0.95 8.3549
    endloop
  endfacet
  facet normal 0.0840787 0 0.996459
    outer loop
      vertex 54.9977 0 8.40729
      vertex 55.6186 -0.95 8.3549
      vertex 55.6186 0 8.3549
    endloop
  endfacet
  facet normal 0.0840787 0 0.996459
    outer loop
      vertex 55.6186 -0.95 8.3549
      vertex 54.9977 0 8.40729
      vertex 54.9977 -0.95 8.40729
    endloop
  endfacet
  facet normal 0.274934 0 0.961463
    outer loop
      vertex 54.4481 0 8.56445
      vertex 54.9977 -0.95 8.40729
      vertex 54.9977 0 8.40729
    endloop
  endfacet
  facet normal 0.274934 0 0.961463
    outer loop
      vertex 54.9977 -0.95 8.40729
      vertex 54.4481 0 8.56445
      vertex 54.4481 -0.95 8.56445
    endloop
  endfacet
  facet normal 0.480151 0 0.877186
    outer loop
      vertex 53.9696 0 8.82637
      vertex 54.4481 -0.95 8.56445
      vertex 54.4481 0 8.56445
    endloop
  endfacet
  facet normal 0.480151 0 0.877186
    outer loop
      vertex 54.4481 -0.95 8.56445
      vertex 53.9696 0 8.82637
      vertex 53.9696 -0.95 8.82637
    endloop
  endfacet
  facet normal 0.669187 0 0.743094
    outer loop
      vertex 53.5624 0 9.19307
      vertex 53.9696 -0.95 8.82637
      vertex 53.9696 0 8.82637
    endloop
  endfacet
  facet normal 0.669187 0 0.743094
    outer loop
      vertex 53.9696 -0.95 8.82637
      vertex 53.5624 0 9.19307
      vertex 53.5624 -0.95 9.19307
    endloop
  endfacet
  facet normal 0.814906 -0 0.579593
    outer loop
      vertex 53.2372 -0.95 9.6503
      vertex 53.5624 0 9.19307
      vertex 53.2372 0 9.6503
    endloop
  endfacet
  facet normal 0.814906 0 0.579593
    outer loop
      vertex 53.5624 0 9.19307
      vertex 53.2372 -0.95 9.6503
      vertex 53.5624 -0.95 9.19307
    endloop
  endfacet
  facet normal 0.916917 -0 0.399078
    outer loop
      vertex 53.005 -0.95 10.1838
      vertex 53.2372 0 9.6503
      vertex 53.005 0 10.1838
    endloop
  endfacet
  facet normal 0.916917 0 0.399078
    outer loop
      vertex 53.2372 0 9.6503
      vertex 53.005 -0.95 10.1838
      vertex 53.2372 -0.95 9.6503
    endloop
  endfacet
  facet normal 0.974853 -0 0.222851
    outer loop
      vertex 52.8656 -0.95 10.7936
      vertex 53.005 0 10.1838
      vertex 52.8656 0 10.7936
    endloop
  endfacet
  facet normal 0.974853 0 0.222851
    outer loop
      vertex 53.005 0 10.1838
      vertex 52.8656 -0.95 10.7936
      vertex 53.005 -0.95 10.1838
    endloop
  endfacet
  facet normal 0.997721 -0 0.0674745
    outer loop
      vertex 52.8192 -0.95 11.4797
      vertex 52.8656 0 10.7936
      vertex 52.8192 0 11.4797
    endloop
  endfacet
  facet normal 0.997721 0 0.0674745
    outer loop
      vertex 52.8656 0 10.7936
      vertex 52.8192 -0.95 11.4797
      vertex 52.8656 -0.95 10.7936
    endloop
  endfacet
  facet normal 0.997978 0 -0.0635645
    outer loop
      vertex 52.8629 -0.95 12.1658
      vertex 52.8192 0 11.4797
      vertex 52.8629 0 12.1658
    endloop
  endfacet
  facet normal 0.997978 0 -0.0635645
    outer loop
      vertex 52.8192 0 11.4797
      vertex 52.8629 -0.95 12.1658
      vertex 52.8192 -0.95 11.4797
    endloop
  endfacet
  facet normal 0.9772 0 -0.212322
    outer loop
      vertex 52.9942 -0.95 12.7701
      vertex 52.8629 0 12.1658
      vertex 52.9942 0 12.7701
    endloop
  endfacet
  facet normal 0.9772 0 -0.212322
    outer loop
      vertex 52.8629 0 12.1658
      vertex 52.9942 -0.95 12.7701
      vertex 52.8629 -0.95 12.1658
    endloop
  endfacet
  facet normal 0.922507 0 -0.385981
    outer loop
      vertex 53.2129 -0.95 13.2928
      vertex 52.9942 0 12.7701
      vertex 53.2129 0 13.2928
    endloop
  endfacet
  facet normal 0.922507 0 -0.385981
    outer loop
      vertex 52.9942 0 12.7701
      vertex 53.2129 -0.95 13.2928
      vertex 52.9942 -0.95 12.7701
    endloop
  endfacet
  facet normal 0.82144 0 -0.570295
    outer loop
      vertex 53.519 -0.95 13.7337
      vertex 53.2129 0 13.2928
      vertex 53.519 0 13.7337
    endloop
  endfacet
  facet normal 0.82144 0 -0.570295
    outer loop
      vertex 53.2129 0 13.2928
      vertex 53.519 -0.95 13.7337
      vertex 53.2129 -0.95 13.2928
    endloop
  endfacet
  facet normal 0.66906 0 -0.743209
    outer loop
      vertex 53.519 -0.95 13.7337
      vertex 53.9079 0 14.0838
      vertex 53.9079 -0.95 14.0838
    endloop
  endfacet
  facet normal 0.66906 0 -0.743209
    outer loop
      vertex 53.9079 0 14.0838
      vertex 53.519 -0.95 13.7337
      vertex 53.519 0 13.7337
    endloop
  endfacet
  facet normal 0.472185 0 -0.8815
    outer loop
      vertex 53.9079 -0.95 14.0838
      vertex 54.3748 0 14.3339
      vertex 54.3748 -0.95 14.3339
    endloop
  endfacet
  facet normal 0.472185 0 -0.8815
    outer loop
      vertex 54.3748 0 14.3339
      vertex 53.9079 -0.95 14.0838
      vertex 53.9079 0 14.0838
    endloop
  endfacet
  facet normal 0.265407 0 -0.964136
    outer loop
      vertex 54.3748 -0.95 14.3339
      vertex 54.9197 0 14.4839
      vertex 54.9197 -0.95 14.4839
    endloop
  endfacet
  facet normal 0.265407 0 -0.964136
    outer loop
      vertex 54.9197 0 14.4839
      vertex 54.3748 -0.95 14.3339
      vertex 54.3748 0 14.3339
    endloop
  endfacet
  facet normal 0.0800124 0 -0.996794
    outer loop
      vertex 54.9197 -0.95 14.4839
      vertex 55.5426 0 14.5339
      vertex 55.5426 -0.95 14.5339
    endloop
  endfacet
  facet normal 0.0800124 0 -0.996794
    outer loop
      vertex 55.5426 0 14.5339
      vertex 54.9197 -0.95 14.4839
      vertex 54.9197 0 14.4839
    endloop
  endfacet
  facet normal -0.0454964 0 -0.998965
    outer loop
      vertex 55.5426 -0.95 14.5339
      vertex 55.951 0 14.5153
      vertex 55.951 -0.95 14.5153
    endloop
  endfacet
  facet normal -0.0454964 0 -0.998965
    outer loop
      vertex 55.951 0 14.5153
      vertex 55.5426 -0.95 14.5339
      vertex 55.5426 0 14.5339
    endloop
  endfacet
  facet normal -0.148276 0 -0.988946
    outer loop
      vertex 55.951 -0.95 14.5153
      vertex 56.3245 0 14.4593
      vertex 56.3245 -0.95 14.4593
    endloop
  endfacet
  facet normal -0.148276 0 -0.988946
    outer loop
      vertex 56.3245 0 14.4593
      vertex 55.951 -0.95 14.5153
      vertex 55.951 0 14.5153
    endloop
  endfacet
  facet normal -0.265454 0 -0.964123
    outer loop
      vertex 56.3245 -0.95 14.4593
      vertex 56.663 0 14.3661
      vertex 56.663 -0.95 14.3661
    endloop
  endfacet
  facet normal -0.265454 0 -0.964123
    outer loop
      vertex 56.663 0 14.3661
      vertex 56.3245 -0.95 14.4593
      vertex 56.3245 0 14.4593
    endloop
  endfacet
  facet normal -0.395161 0 -0.918612
    outer loop
      vertex 56.663 -0.95 14.3661
      vertex 56.9666 0 14.2355
      vertex 56.9666 -0.95 14.2355
    endloop
  endfacet
  facet normal -0.395161 0 -0.918612
    outer loop
      vertex 56.9666 0 14.2355
      vertex 56.663 -0.95 14.3661
      vertex 56.663 0 14.3661
    endloop
  endfacet
  facet normal -0.534369 0 -0.845251
    outer loop
      vertex 56.9666 -0.95 14.2355
      vertex 57.2374 0 14.0643
      vertex 57.2374 -0.95 14.0643
    endloop
  endfacet
  facet normal -0.534369 0 -0.845251
    outer loop
      vertex 57.2374 0 14.0643
      vertex 56.9666 -0.95 14.2355
      vertex 56.9666 0 14.2355
    endloop
  endfacet
  facet normal -0.667919 0 -0.744234
    outer loop
      vertex 57.2374 -0.95 14.0643
      vertex 57.4773 0 13.849
      vertex 57.4773 -0.95 13.849
    endloop
  endfacet
  facet normal -0.667919 0 -0.744234
    outer loop
      vertex 57.4773 0 13.849
      vertex 57.2374 -0.95 14.0643
      vertex 57.2374 0 14.0643
    endloop
  endfacet
  facet normal -0.778697 0 -0.6274
    outer loop
      vertex 57.6863 -0.95 13.5896
      vertex 57.4773 0 13.849
      vertex 57.6863 0 13.5896
    endloop
  endfacet
  facet normal -0.778697 -0 -0.6274
    outer loop
      vertex 57.4773 0 13.849
      vertex 57.6863 -0.95 13.5896
      vertex 57.4773 -0.95 13.849
    endloop
  endfacet
  facet normal -0.86227 0 -0.506449
    outer loop
      vertex 57.8645 -0.95 13.2862
      vertex 57.6863 0 13.5896
      vertex 57.8645 0 13.2862
    endloop
  endfacet
  facet normal -0.86227 -0 -0.506449
    outer loop
      vertex 57.6863 0 13.5896
      vertex 57.8645 -0.95 13.2862
      vertex 57.6863 -0.95 13.5896
    endloop
  endfacet
  facet normal 0.284416 0 -0.958701
    outer loop
      vertex 57.8645 -0.95 13.2862
      vertex 58.8518 0 13.5791
      vertex 58.8518 -0.95 13.5791
    endloop
  endfacet
  facet normal 0.284416 0 -0.958701
    outer loop
      vertex 58.8518 0 13.5791
      vertex 57.8645 -0.95 13.2862
      vertex 57.8645 0 13.2862
    endloop
  endfacet
  facet normal 0.880317 -0 0.474386
    outer loop
      vertex 58.6148 -0.95 14.0189
      vertex 58.8518 0 13.5791
      vertex 58.6148 0 14.0189
    endloop
  endfacet
  facet normal 0.880317 0 0.474386
    outer loop
      vertex 58.8518 0 13.5791
      vertex 58.6148 -0.95 14.0189
      vertex 58.8518 -0.95 13.5791
    endloop
  endfacet
  facet normal 0.799131 -0 0.601157
    outer loop
      vertex 58.3324 -0.95 14.3943
      vertex 58.6148 0 14.0189
      vertex 58.3324 0 14.3943
    endloop
  endfacet
  facet normal 0.799131 0 0.601157
    outer loop
      vertex 58.6148 0 14.0189
      vertex 58.3324 -0.95 14.3943
      vertex 58.6148 -0.95 14.0189
    endloop
  endfacet
  facet normal 0.688045 0 0.725668
    outer loop
      vertex 58.0045 0 14.7052
      vertex 58.3324 -0.95 14.3943
      vertex 58.3324 0 14.3943
    endloop
  endfacet
  facet normal 0.688045 0 0.725668
    outer loop
      vertex 58.3324 -0.95 14.3943
      vertex 58.0045 0 14.7052
      vertex 58.0045 -0.95 14.7052
    endloop
  endfacet
  facet normal 0.551032 0 0.834484
    outer loop
      vertex 57.6312 0 14.9517
      vertex 58.0045 -0.95 14.7052
      vertex 58.0045 0 14.7052
    endloop
  endfacet
  facet normal 0.551032 0 0.834484
    outer loop
      vertex 58.0045 -0.95 14.7052
      vertex 57.6312 0 14.9517
      vertex 57.6312 -0.95 14.9517
    endloop
  endfacet
  facet normal 0.402926 0 0.915233
    outer loop
      vertex 57.2053 0 15.1392
      vertex 57.6312 -0.95 14.9517
      vertex 57.6312 0 14.9517
    endloop
  endfacet
  facet normal 0.402926 0 0.915233
    outer loop
      vertex 57.6312 -0.95 14.9517
      vertex 57.2053 0 15.1392
      vertex 57.2053 -0.95 15.1392
    endloop
  endfacet
  facet normal 0.265872 0 0.964008
    outer loop
      vertex 56.7198 0 15.2731
      vertex 57.2053 -0.95 15.1392
      vertex 57.2053 0 15.1392
    endloop
  endfacet
  facet normal 0.265872 0 0.964008
    outer loop
      vertex 57.2053 -0.95 15.1392
      vertex 56.7198 0 15.2731
      vertex 56.7198 -0.95 15.2731
    endloop
  endfacet
  facet normal 0.145891 0 0.989301
    outer loop
      vertex 56.1746 0 15.3535
      vertex 56.7198 -0.95 15.2731
      vertex 56.7198 0 15.2731
    endloop
  endfacet
  facet normal 0.145891 0 0.989301
    outer loop
      vertex 56.7198 -0.95 15.2731
      vertex 56.1746 0 15.3535
      vertex 56.1746 -0.95 15.3535
    endloop
  endfacet
  facet normal 0.0440966 0 0.999027
    outer loop
      vertex 55.5697 0 15.3802
      vertex 56.1746 -0.95 15.3535
      vertex 56.1746 0 15.3535
    endloop
  endfacet
  facet normal 0.0440966 0 0.999027
    outer loop
      vertex 56.1746 -0.95 15.3535
      vertex 55.5697 0 15.3802
      vertex 55.5697 -0.95 15.3802
    endloop
  endfacet
  facet normal -0.0744876 0 0.997222
    outer loop
      vertex 54.7169 0 15.3165
      vertex 55.5697 -0.95 15.3802
      vertex 55.5697 0 15.3802
    endloop
  endfacet
  facet normal -0.0744876 0 0.997222
    outer loop
      vertex 55.5697 -0.95 15.3802
      vertex 54.7169 0 15.3165
      vertex 54.7169 -0.95 15.3165
    endloop
  endfacet
  facet normal -0.246538 0 0.969133
    outer loop
      vertex 53.9653 0 15.1253
      vertex 54.7169 -0.95 15.3165
      vertex 54.7169 0 15.3165
    endloop
  endfacet
  facet normal -0.246538 0 0.969133
    outer loop
      vertex 54.7169 -0.95 15.3165
      vertex 53.9653 0 15.1253
      vertex 53.9653 -0.95 15.1253
    endloop
  endfacet
  facet normal -0.439967 0 0.898014
    outer loop
      vertex 53.3146 0 14.8065
      vertex 53.9653 -0.95 15.1253
      vertex 53.9653 0 15.1253
    endloop
  endfacet
  facet normal -0.439967 0 0.898014
    outer loop
      vertex 53.9653 -0.95 15.1253
      vertex 53.3146 0 14.8065
      vertex 53.3146 -0.95 14.8065
    endloop
  endfacet
  facet normal -0.630295 0 0.776356
    outer loop
      vertex 52.765 0 14.3603
      vertex 53.3146 -0.95 14.8065
      vertex 53.3146 0 14.8065
    endloop
  endfacet
  facet normal -0.630295 0 0.776356
    outer loop
      vertex 53.3146 -0.95 14.8065
      vertex 52.765 0 14.3603
      vertex 52.765 -0.95 14.3603
    endloop
  endfacet
  facet normal -0.789896 0 0.61324
    outer loop
      vertex 52.3283 -0.95 13.7978
      vertex 52.765 0 14.3603
      vertex 52.3283 0 13.7978
    endloop
  endfacet
  facet normal -0.789896 0 0.61324
    outer loop
      vertex 52.765 0 14.3603
      vertex 52.3283 -0.95 13.7978
      vertex 52.765 -0.95 14.3603
    endloop
  endfacet
  facet normal -0.905947 0 0.423391
    outer loop
      vertex 52.0163 -0.95 13.1302
      vertex 52.3283 0 13.7978
      vertex 52.0163 0 13.1302
    endloop
  endfacet
  facet normal -0.905947 0 0.423391
    outer loop
      vertex 52.3283 0 13.7978
      vertex 52.0163 -0.95 13.1302
      vertex 52.3283 -0.95 13.7978
    endloop
  endfacet
  facet normal -0.971914 0 0.235337
    outer loop
      vertex 51.8292 -0.95 12.3575
      vertex 52.0163 0 13.1302
      vertex 51.8292 0 12.3575
    endloop
  endfacet
  facet normal -0.971914 0 0.235337
    outer loop
      vertex 52.0163 0 13.1302
      vertex 51.8292 -0.95 12.3575
      vertex 52.0163 -0.95 13.1302
    endloop
  endfacet
  facet normal -0.997483 0 0.0709079
    outer loop
      vertex 51.7668 -0.95 11.4797
      vertex 51.8292 0 12.3575
      vertex 51.7668 0 11.4797
    endloop
  endfacet
  facet normal -0.997483 0 0.0709079
    outer loop
      vertex 51.8292 0 12.3575
      vertex 51.7668 -0.95 11.4797
      vertex 51.8292 -0.95 12.3575
    endloop
  endfacet
  facet normal -0.99881 0 -0.048768
    outer loop
      vertex 51.7955 -0.95 10.8919
      vertex 51.7668 0 11.4797
      vertex 51.7955 0 10.8919
    endloop
  endfacet
  facet normal -0.99881 -0 -0.048768
    outer loop
      vertex 51.7668 0 11.4797
      vertex 51.7955 -0.95 10.8919
      vertex 51.7668 -0.95 11.4797
    endloop
  endfacet
  facet normal -0.987941 0 -0.154833
    outer loop
      vertex 51.8814 -0.95 10.3438
      vertex 51.7955 0 10.8919
      vertex 51.8814 0 10.3438
    endloop
  endfacet
  facet normal -0.987941 -0 -0.154833
    outer loop
      vertex 51.7955 0 10.8919
      vertex 51.8814 -0.95 10.3438
      vertex 51.7955 -0.95 10.8919
    endloop
  endfacet
  facet normal -0.962543 0 -0.271128
    outer loop
      vertex 52.0246 -0.95 9.83542
      vertex 51.8814 0 10.3438
      vertex 52.0246 0 9.83542
    endloop
  endfacet
  facet normal -0.962543 -0 -0.271128
    outer loop
      vertex 51.8814 0 10.3438
      vertex 52.0246 -0.95 9.83542
      vertex 51.8814 -0.95 10.3438
    endloop
  endfacet
  facet normal -0.919353 0 -0.393434
    outer loop
      vertex 52.2252 -0.95 9.36667
      vertex 52.0246 0 9.83542
      vertex 52.2252 0 9.36667
    endloop
  endfacet
  facet normal -0.919353 -0 -0.393434
    outer loop
      vertex 52.0246 0 9.83542
      vertex 52.2252 -0.95 9.36667
      vertex 52.0246 -0.95 9.83542
    endloop
  endfacet
  facet normal -0.856409 0 -0.516297
    outer loop
      vertex 52.48 -0.95 8.94402
      vertex 52.2252 0 9.36667
      vertex 52.48 0 8.94402
    endloop
  endfacet
  facet normal -0.856409 -0 -0.516297
    outer loop
      vertex 52.2252 0 9.36667
      vertex 52.48 -0.95 8.94402
      vertex 52.2252 -0.95 9.36667
    endloop
  endfacet
  facet normal -0.770682 0 -0.63722
    outer loop
      vertex 52.786 -0.95 8.57393
      vertex 52.48 0 8.94402
      vertex 52.786 0 8.57393
    endloop
  endfacet
  facet normal -0.770682 -0 -0.63722
    outer loop
      vertex 52.48 0 8.94402
      vertex 52.786 -0.95 8.57393
      vertex 52.48 -0.95 8.94402
    endloop
  endfacet
  facet normal -0.664409 0 -0.747369
    outer loop
      vertex 52.786 -0.95 8.57393
      vertex 53.1432 0 8.25638
      vertex 53.1432 -0.95 8.25638
    endloop
  endfacet
  facet normal -0.664409 0 -0.747369
    outer loop
      vertex 53.1432 0 8.25638
      vertex 52.786 -0.95 8.57393
      vertex 52.786 0 8.57393
    endloop
  endfacet
  facet normal -0.544309 0 -0.838884
    outer loop
      vertex 53.1432 -0.95 8.25638
      vertex 53.5516 0 7.99139
      vertex 53.5516 -0.95 7.99139
    endloop
  endfacet
  facet normal -0.544309 0 -0.838884
    outer loop
      vertex 53.5516 0 7.99139
      vertex 53.1432 -0.95 8.25638
      vertex 53.1432 0 8.25638
    endloop
  endfacet
  facet normal -0.417374 0 -0.908735
    outer loop
      vertex 53.5516 -0.95 7.99139
      vertex 54.0063 0 7.78255
      vertex 54.0063 -0.95 7.78255
    endloop
  endfacet
  facet normal -0.417374 0 -0.908735
    outer loop
      vertex 54.0063 0 7.78255
      vertex 53.5516 -0.95 7.99139
      vertex 53.5516 0 7.99139
    endloop
  endfacet
  facet normal -0.288039 0 -0.957619
    outer loop
      vertex 54.0063 -0.95 7.78255
      vertex 54.5023 0 7.63336
      vertex 54.5023 -0.95 7.63336
    endloop
  endfacet
  facet normal -0.288039 0 -0.957619
    outer loop
      vertex 54.5023 0 7.63336
      vertex 54.0063 -0.95 7.78255
      vertex 54.0063 0 7.78255
    endloop
  endfacet
  facet normal -0.164232 0 -0.986422
    outer loop
      vertex 54.5023 -0.95 7.63336
      vertex 55.0398 0 7.54387
      vertex 55.0398 -0.95 7.54387
    endloop
  endfacet
  facet normal -0.164232 0 -0.986422
    outer loop
      vertex 55.0398 0 7.54387
      vertex 54.5023 -0.95 7.63336
      vertex 54.5023 0 7.63336
    endloop
  endfacet
  facet normal -0.0515038 0 -0.998673
    outer loop
      vertex 55.0398 -0.95 7.54387
      vertex 55.6186 0 7.51402
      vertex 55.6186 -0.95 7.51402
    endloop
  endfacet
  facet normal -0.0515038 0 -0.998673
    outer loop
      vertex 55.6186 0 7.51402
      vertex 55.0398 -0.95 7.54387
      vertex 55.0398 0 7.54387
    endloop
  endfacet
  facet normal 0.0418605 0 -0.999123
    outer loop
      vertex 55.6186 -0.95 7.51402
      vertex 56.1246 0 7.53522
      vertex 56.1246 -0.95 7.53522
    endloop
  endfacet
  facet normal 0.0418605 0 -0.999123
    outer loop
      vertex 56.1246 0 7.53522
      vertex 55.6186 -0.95 7.51402
      vertex 55.6186 0 7.51402
    endloop
  endfacet
  facet normal 0.356735 0 -0.934206
    outer loop
      vertex 74.489 -0.95 7.60083
      vertex 75.1709 0 7.86122
      vertex 75.1709 -0.95 7.86122
    endloop
  endfacet
  facet normal 0.356735 0 -0.934206
    outer loop
      vertex 75.1709 0 7.86122
      vertex 74.489 -0.95 7.60083
      vertex 74.489 0 7.60083
    endloop
  endfacet
  facet normal 0.644931 0 -0.764241
    outer loop
      vertex 75.1709 -0.95 7.86122
      vertex 75.6852 0 8.29523
      vertex 75.6852 -0.95 8.29523
    endloop
  endfacet
  facet normal 0.644931 0 -0.764241
    outer loop
      vertex 75.6852 0 8.29523
      vertex 75.1709 -0.95 7.86122
      vertex 75.1709 0 7.86122
    endloop
  endfacet
  facet normal 0.868428 0 -0.495816
    outer loop
      vertex 76.0321 -0.95 8.90283
      vertex 75.6852 0 8.29523
      vertex 76.0321 0 8.90283
    endloop
  endfacet
  facet normal 0.868428 0 -0.495816
    outer loop
      vertex 75.6852 0 8.29523
      vertex 76.0321 -0.95 8.90283
      vertex 75.6852 -0.95 8.29523
    endloop
  endfacet
  facet normal 0.273885 0 0.961762
    outer loop
      vertex 75.175 0 9.14691
      vertex 76.0321 -0.95 8.90283
      vertex 76.0321 0 8.90283
    endloop
  endfacet
  facet normal 0.273885 0 0.961762
    outer loop
      vertex 76.0321 -0.95 8.90283
      vertex 75.175 0 9.14691
      vertex 75.175 -0.95 9.14691
    endloop
  endfacet
  facet normal -0.913315 0 0.407254
    outer loop
      vertex 75.0917 -0.95 8.9601
      vertex 75.175 0 9.14691
      vertex 75.0917 0 8.9601
    endloop
  endfacet
  facet normal -0.913315 0 0.407254
    outer loop
      vertex 75.175 0 9.14691
      vertex 75.0917 -0.95 8.9601
      vertex 75.175 -0.95 9.14691
    endloop
  endfacet
  facet normal -0.830136 0 0.557561
    outer loop
      vertex 74.9776 -0.95 8.79022
      vertex 75.0917 0 8.9601
      vertex 74.9776 0 8.79022
    endloop
  endfacet
  facet normal -0.830136 0 0.557561
    outer loop
      vertex 75.0917 0 8.9601
      vertex 74.9776 -0.95 8.79022
      vertex 75.0917 -0.95 8.9601
    endloop
  endfacet
  facet normal -0.725648 0 0.688066
    outer loop
      vertex 74.8326 -0.95 8.6373
      vertex 74.9776 0 8.79022
      vertex 74.8326 0 8.6373
    endloop
  endfacet
  facet normal -0.725648 0 0.688066
    outer loop
      vertex 74.9776 0 8.79022
      vertex 74.8326 -0.95 8.6373
      vertex 74.9776 -0.95 8.79022
    endloop
  endfacet
  facet normal -0.611855 0 0.79097
    outer loop
      vertex 74.6568 0 8.50131
      vertex 74.8326 -0.95 8.6373
      vertex 74.8326 0 8.6373
    endloop
  endfacet
  facet normal -0.611855 0 0.79097
    outer loop
      vertex 74.8326 -0.95 8.6373
      vertex 74.6568 0 8.50131
      vertex 74.6568 -0.95 8.50131
    endloop
  endfacet
  facet normal -0.474391 0 0.880314
    outer loop
      vertex 74.4498 0 8.38976
      vertex 74.6568 -0.95 8.50131
      vertex 74.6568 0 8.50131
    endloop
  endfacet
  facet normal -0.474391 0 0.880314
    outer loop
      vertex 74.6568 -0.95 8.50131
      vertex 74.4498 0 8.38976
      vertex 74.4498 -0.95 8.38976
    endloop
  endfacet
  facet normal -0.316836 0 0.94848
    outer loop
      vertex 74.2113 0 8.31009
      vertex 74.4498 -0.95 8.38976
      vertex 74.4498 0 8.38976
    endloop
  endfacet
  facet normal -0.316836 0 0.94848
    outer loop
      vertex 74.4498 -0.95 8.38976
      vertex 74.2113 0 8.31009
      vertex 74.2113 -0.95 8.31009
    endloop
  endfacet
  facet normal -0.174362 0 0.984682
    outer loop
      vertex 73.9413 0 8.26228
      vertex 74.2113 -0.95 8.31009
      vertex 74.2113 0 8.31009
    endloop
  endfacet
  facet normal -0.174362 0 0.984682
    outer loop
      vertex 74.2113 -0.95 8.31009
      vertex 73.9413 0 8.26228
      vertex 73.9413 -0.95 8.26228
    endloop
  endfacet
  facet normal -0.0527448 0 0.998608
    outer loop
      vertex 73.6397 0 8.24635
      vertex 73.9413 -0.95 8.26228
      vertex 73.9413 0 8.26228
    endloop
  endfacet
  facet normal -0.0527448 0 0.998608
    outer loop
      vertex 73.9413 -0.95 8.26228
      vertex 73.6397 0 8.24635
      vertex 73.6397 -0.95 8.24635
    endloop
  endfacet
  facet normal 0.0903549 0 0.99591
    outer loop
      vertex 73.2623 0 8.28059
      vertex 73.6397 -0.95 8.24635
      vertex 73.6397 0 8.24635
    endloop
  endfacet
  facet normal 0.0903549 0 0.99591
    outer loop
      vertex 73.6397 -0.95 8.24635
      vertex 73.2623 0 8.28059
      vertex 73.2623 -0.95 8.28059
    endloop
  endfacet
  facet normal 0.297836 0 0.954617
    outer loop
      vertex 72.933 0 8.38333
      vertex 73.2623 -0.95 8.28059
      vertex 73.2623 0 8.28059
    endloop
  endfacet
  facet normal 0.297836 0 0.954617
    outer loop
      vertex 73.2623 -0.95 8.28059
      vertex 72.933 0 8.38333
      vertex 72.933 -0.95 8.38333
    endloop
  endfacet
  facet normal 0.520203 0 0.854042
    outer loop
      vertex 72.6519 0 8.55455
      vertex 72.933 -0.95 8.38333
      vertex 72.933 0 8.38333
    endloop
  endfacet
  facet normal 0.520203 0 0.854042
    outer loop
      vertex 72.933 -0.95 8.38333
      vertex 72.6519 0 8.55455
      vertex 72.6519 -0.95 8.55455
    endloop
  endfacet
  facet normal 0.717236 -0 0.696831
    outer loop
      vertex 72.419 -0.95 8.79427
      vertex 72.6519 0 8.55455
      vertex 72.419 0 8.79427
    endloop
  endfacet
  facet normal 0.717236 0 0.696831
    outer loop
      vertex 72.6519 0 8.55455
      vertex 72.419 -0.95 8.79427
      vertex 72.6519 -0.95 8.55455
    endloop
  endfacet
  facet normal 0.8561 -0 0.51681
    outer loop
      vertex 72.2362 -0.95 9.09708
      vertex 72.419 0 8.79427
      vertex 72.2362 0 9.09708
    endloop
  endfacet
  facet normal 0.8561 0 0.51681
    outer loop
      vertex 72.419 0 8.79427
      vertex 72.2362 -0.95 9.09708
      vertex 72.419 -0.95 8.79427
    endloop
  endfacet
  facet normal 0.940272 -0 0.340423
    outer loop
      vertex 72.1057 -0.95 9.45753
      vertex 72.2362 0 9.09708
      vertex 72.1057 0 9.45753
    endloop
  endfacet
  facet normal 0.940272 0 0.340423
    outer loop
      vertex 72.2362 0 9.09708
      vertex 72.1057 -0.95 9.45753
      vertex 72.2362 -0.95 9.09708
    endloop
  endfacet
  facet normal 0.98291 -0 0.184088
    outer loop
      vertex 72.0274 -0.95 9.8756
      vertex 72.1057 0 9.45753
      vertex 72.0274 0 9.8756
    endloop
  endfacet
  facet normal 0.98291 0 0.184088
    outer loop
      vertex 72.1057 0 9.45753
      vertex 72.0274 -0.95 9.8756
      vertex 72.1057 -0.95 9.45753
    endloop
  endfacet
  facet normal 0.998498 -0 0.0547841
    outer loop
      vertex 72.0013 -0.95 10.3513
      vertex 72.0274 0 9.8756
      vertex 72.0013 0 10.3513
    endloop
  endfacet
  facet normal 0.998498 0 0.0547841
    outer loop
      vertex 72.0274 0 9.8756
      vertex 72.0013 -0.95 10.3513
      vertex 72.0274 -0.95 9.8756
    endloop
  endfacet
  facet normal 0 0 -1
    outer loop
      vertex 72.0013 -0.95 10.3513
      vertex 76.1895 0 10.3513
      vertex 76.1895 -0.95 10.3513
    endloop
  endfacet
  facet normal -0 0 -1
    outer loop
      vertex 76.1895 0 10.3513
      vertex 72.0013 -0.95 10.3513
      vertex 72.0013 0 10.3513
    endloop
  endfacet
  facet normal 1 -0 0
    outer loop
      vertex 76.1895 -0.95 10.4815
      vertex 76.1895 0 10.3513
      vertex 76.1895 0 10.4815
    endloop
  endfacet
  facet normal 1 0 0
    outer loop
      vertex 76.1895 0 10.3513
      vertex 76.1895 -0.95 10.4815
      vertex 76.1895 -0.95 10.3513
    endloop
  endfacet
  facet normal 0.993045 -0 0.117736
    outer loop
      vertex 76.0277 -0.95 11.8462
      vertex 76.1895 0 10.4815
      vertex 76.0277 0 11.8462
    endloop
  endfacet
  facet normal 0.993045 0 0.117736
    outer loop
      vertex 76.1895 0 10.4815
      vertex 76.0277 -0.95 11.8462
      vertex 76.1895 -0.95 10.4815
    endloop
  endfacet
  facet normal 0.895234 -0 0.445597
    outer loop
      vertex 75.5425 -0.95 12.821
      vertex 76.0277 0 11.8462
      vertex 75.5425 0 12.821
    endloop
  endfacet
  facet normal 0.895234 0 0.445597
    outer loop
      vertex 76.0277 0 11.8462
      vertex 75.5425 -0.95 12.821
      vertex 76.0277 -0.95 11.8462
    endloop
  endfacet
  facet normal 0.586043 0 0.81028
    outer loop
      vertex 74.7338 0 13.4059
      vertex 75.5425 -0.95 12.821
      vertex 75.5425 0 12.821
    endloop
  endfacet
  facet normal 0.586043 0 0.81028
    outer loop
      vertex 75.5425 -0.95 12.821
      vertex 74.7338 0 13.4059
      vertex 74.7338 -0.95 13.4059
    endloop
  endfacet
  facet normal 0.169662 0 0.985502
    outer loop
      vertex 73.6017 0 13.6008
      vertex 74.7338 -0.95 13.4059
      vertex 74.7338 0 13.4059
    endloop
  endfacet
  facet normal 0.169662 0 0.985502
    outer loop
      vertex 74.7338 -0.95 13.4059
      vertex 73.6017 0 13.6008
      vertex 73.6017 -0.95 13.6008
    endloop
  endfacet
  facet normal -0.0811618 0 0.996701
    outer loop
      vertex 73.0061 0 13.5523
      vertex 73.6017 -0.95 13.6008
      vertex 73.6017 0 13.6008
    endloop
  endfacet
  facet normal -0.0811618 0 0.996701
    outer loop
      vertex 73.6017 -0.95 13.6008
      vertex 73.0061 0 13.5523
      vertex 73.0061 -0.95 13.5523
    endloop
  endfacet
  facet normal -0.268043 0 0.963407
    outer loop
      vertex 72.4835 0 13.4069
      vertex 73.0061 -0.95 13.5523
      vertex 73.0061 0 13.5523
    endloop
  endfacet
  facet normal -0.268043 0 0.963407
    outer loop
      vertex 73.0061 -0.95 13.5523
      vertex 72.4835 0 13.4069
      vertex 72.4835 -0.95 13.4069
    endloop
  endfacet
  facet normal -0.474555 0 0.880226
    outer loop
      vertex 72.0337 0 13.1644
      vertex 72.4835 -0.95 13.4069
      vertex 72.4835 0 13.4069
    endloop
  endfacet
  facet normal -0.474555 0 0.880226
    outer loop
      vertex 72.4835 -0.95 13.4069
      vertex 72.0337 0 13.1644
      vertex 72.0337 -0.95 13.1644
    endloop
  endfacet
  facet normal -0.669063 0 0.743206
    outer loop
      vertex 71.6568 0 12.8251
      vertex 72.0337 -0.95 13.1644
      vertex 72.0337 0 13.1644
    endloop
  endfacet
  facet normal -0.669063 0 0.743206
    outer loop
      vertex 72.0337 -0.95 13.1644
      vertex 71.6568 0 12.8251
      vertex 71.6568 -0.95 12.8251
    endloop
  endfacet
  facet normal -0.822282 0 0.569081
    outer loop
      vertex 71.359 -0.95 12.3948
      vertex 71.6568 0 12.8251
      vertex 71.359 0 12.3948
    endloop
  endfacet
  facet normal -0.822282 0 0.569081
    outer loop
      vertex 71.6568 0 12.8251
      vertex 71.359 -0.95 12.3948
      vertex 71.6568 -0.95 12.8251
    endloop
  endfacet
  facet normal -0.924235 0 0.381823
    outer loop
      vertex 71.1462 -0.95 11.8797
      vertex 71.359 0 12.3948
      vertex 71.1462 0 11.8797
    endloop
  endfacet
  facet normal -0.924235 0 0.381823
    outer loop
      vertex 71.359 0 12.3948
      vertex 71.1462 -0.95 11.8797
      vertex 71.359 -0.95 12.3948
    endloop
  endfacet
  facet normal -0.978105 0 0.208114
    outer loop
      vertex 71.0186 -0.95 11.28
      vertex 71.1462 0 11.8797
      vertex 71.0186 0 11.28
    endloop
  endfacet
  facet normal -0.978105 0 0.208114
    outer loop
      vertex 71.1462 0 11.8797
      vertex 71.0186 -0.95 11.28
      vertex 71.1462 -0.95 11.8797
    endloop
  endfacet
  facet normal -0.99807 0 0.062106
    outer loop
      vertex 70.976 -0.95 10.5954
      vertex 71.0186 0 11.28
      vertex 70.976 0 10.5954
    endloop
  endfacet
  facet normal -0.99807 0 0.062106
    outer loop
      vertex 71.0186 0 11.28
      vertex 70.976 -0.95 10.5954
      vertex 71.0186 -0.95 11.28
    endloop
  endfacet
  facet normal -0.998244 0 -0.0592429
    outer loop
      vertex 71.0186 -0.95 9.87759
      vertex 70.976 0 10.5954
      vertex 71.0186 0 9.87759
    endloop
  endfacet
  facet normal -0.998244 -0 -0.0592429
    outer loop
      vertex 70.976 0 10.5954
      vertex 71.0186 -0.95 9.87759
      vertex 70.976 -0.95 10.5954
    endloop
  endfacet
  facet normal -0.979696 0 -0.200489
    outer loop
      vertex 71.1462 -0.95 9.25407
      vertex 71.0186 0 9.87759
      vertex 71.1462 0 9.25407
    endloop
  endfacet
  facet normal -0.979696 -0 -0.200489
    outer loop
      vertex 71.0186 0 9.87759
      vertex 71.1462 -0.95 9.25407
      vertex 71.0186 -0.95 9.87759
    endloop
  endfacet
  facet normal -0.927818 0 -0.373034
    outer loop
      vertex 71.359 -0.95 8.72479
      vertex 71.1462 0 9.25407
      vertex 71.359 0 8.72479
    endloop
  endfacet
  facet normal -0.927818 -0 -0.373034
    outer loop
      vertex 71.1462 0 9.25407
      vertex 71.359 -0.95 8.72479
      vertex 71.1462 -0.95 9.25407
    endloop
  endfacet
  facet normal -0.825158 0 -0.564902
    outer loop
      vertex 71.6568 -0.95 8.28979
      vertex 71.359 0 8.72479
      vertex 71.6568 0 8.28979
    endloop
  endfacet
  facet normal -0.825158 -0 -0.564902
    outer loop
      vertex 71.359 0 8.72479
      vertex 71.6568 -0.95 8.28979
      vertex 71.359 -0.95 8.72479
    endloop
  endfacet
  facet normal -0.666824 0 -0.745216
    outer loop
      vertex 71.6568 -0.95 8.28979
      vertex 72.0361 0 7.95039
      vertex 72.0361 -0.95 7.95039
    endloop
  endfacet
  facet normal -0.666824 0 -0.745216
    outer loop
      vertex 72.0361 0 7.95039
      vertex 71.6568 -0.95 8.28979
      vertex 71.6568 0 8.28979
    endloop
  endfacet
  facet normal -0.468706 0 -0.883354
    outer loop
      vertex 72.0361 -0.95 7.95039
      vertex 72.493 0 7.70796
      vertex 72.493 -0.95 7.70796
    endloop
  endfacet
  facet normal -0.468706 0 -0.883354
    outer loop
      vertex 72.493 0 7.70796
      vertex 72.0361 -0.95 7.95039
      vertex 72.0361 0 7.95039
    endloop
  endfacet
  facet normal -0.262558 0 -0.964916
    outer loop
      vertex 72.493 -0.95 7.70796
      vertex 73.0275 0 7.56252
      vertex 73.0275 -0.95 7.56252
    endloop
  endfacet
  facet normal -0.262558 0 -0.964916
    outer loop
      vertex 73.0275 0 7.56252
      vertex 72.493 -0.95 7.70796
      vertex 72.493 0 7.70796
    endloop
  endfacet
  facet normal -0.078975 0 -0.996877
    outer loop
      vertex 73.0275 -0.95 7.56252
      vertex 73.6397 0 7.51402
      vertex 73.6397 -0.95 7.51402
    endloop
  endfacet
  facet normal -0.078975 0 -0.996877
    outer loop
      vertex 73.6397 0 7.51402
      vertex 73.0275 -0.95 7.56252
      vertex 73.0275 0 7.56252
    endloop
  endfacet
  facet normal 0.101684 0 -0.994817
    outer loop
      vertex 73.6397 -0.95 7.51402
      vertex 74.489 0 7.60083
      vertex 74.489 -0.95 7.60083
    endloop
  endfacet
  facet normal 0.101684 0 -0.994817
    outer loop
      vertex 74.489 0 7.60083
      vertex 73.6397 -0.95 7.51402
      vertex 73.6397 0 7.51402
    endloop
  endfacet
  facet normal 0.994804 0 -0.10181
    outer loop
      vertex 72.0524 -0.95 11.4927
      vertex 72.0122 0 11.0999
      vertex 72.0524 0 11.4927
    endloop
  endfacet
  facet normal 0.994804 0 -0.10181
    outer loop
      vertex 72.0122 0 11.0999
      vertex 72.0524 -0.95 11.4927
      vertex 72.0122 -0.95 11.0999
    endloop
  endfacet
  facet normal 0.969616 0 -0.244631
    outer loop
      vertex 72.1403 -0.95 11.8411
      vertex 72.0524 0 11.4927
      vertex 72.1403 0 11.8411
    endloop
  endfacet
  facet normal 0.969616 0 -0.244631
    outer loop
      vertex 72.0524 0 11.4927
      vertex 72.1403 -0.95 11.8411
      vertex 72.0524 -0.95 11.4927
    endloop
  endfacet
  facet normal 0.912992 0 -0.407977
    outer loop
      vertex 72.2761 -0.95 12.145
      vertex 72.1403 0 11.8411
      vertex 72.2761 0 12.145
    endloop
  endfacet
  facet normal 0.912992 0 -0.407977
    outer loop
      vertex 72.1403 0 11.8411
      vertex 72.2761 -0.95 12.145
      vertex 72.1403 -0.95 11.8411
    endloop
  endfacet
  facet normal 0.816445 0 -0.577424
    outer loop
      vertex 72.4597 -0.95 12.4046
      vertex 72.2761 0 12.145
      vertex 72.4597 0 12.4046
    endloop
  endfacet
  facet normal 0.816445 0 -0.577424
    outer loop
      vertex 72.2761 0 12.145
      vertex 72.4597 -0.95 12.4046
      vertex 72.2761 -0.95 12.145
    endloop
  endfacet
  facet normal 0.676668 0 -0.736288
    outer loop
      vertex 72.4597 -0.95 12.4046
      vertex 72.6857 0 12.6123
      vertex 72.6857 -0.95 12.6123
    endloop
  endfacet
  facet normal 0.676668 0 -0.736288
    outer loop
      vertex 72.6857 0 12.6123
      vertex 72.4597 -0.95 12.4046
      vertex 72.4597 0 12.4046
    endloop
  endfacet
  facet normal 0.491173 0 -0.871062
    outer loop
      vertex 72.6857 -0.95 12.6123
      vertex 72.9487 0 12.7606
      vertex 72.9487 -0.95 12.7606
    endloop
  endfacet
  facet normal 0.491173 0 -0.871062
    outer loop
      vertex 72.9487 0 12.7606
      vertex 72.6857 -0.95 12.6123
      vertex 72.6857 0 12.6123
    endloop
  endfacet
  facet normal 0.284502 0 -0.958675
    outer loop
      vertex 72.9487 -0.95 12.7606
      vertex 73.2486 0 12.8496
      vertex 73.2486 -0.95 12.8496
    endloop
  endfacet
  facet normal 0.284502 0 -0.958675
    outer loop
      vertex 73.2486 0 12.8496
      vertex 72.9487 -0.95 12.7606
      vertex 72.9487 0 12.7606
    endloop
  endfacet
  facet normal 0.087842 0 -0.996134
    outer loop
      vertex 73.2486 -0.95 12.8496
      vertex 73.5854 0 12.8793
      vertex 73.5854 -0.95 12.8793
    endloop
  endfacet
  facet normal 0.087842 0 -0.996134
    outer loop
      vertex 73.5854 0 12.8793
      vertex 73.2486 -0.95 12.8496
      vertex 73.2486 0 12.8496
    endloop
  endfacet
  facet normal -0.0768955 0 -0.997039
    outer loop
      vertex 73.5854 -0.95 12.8793
      vertex 73.9303 0 12.8527
      vertex 73.9303 -0.95 12.8527
    endloop
  endfacet
  facet normal -0.0768955 0 -0.997039
    outer loop
      vertex 73.9303 0 12.8527
      vertex 73.5854 -0.95 12.8793
      vertex 73.5854 0 12.8793
    endloop
  endfacet
  facet normal -0.255769 0 -0.966738
    outer loop
      vertex 73.9303 -0.95 12.8527
      vertex 74.2323 0 12.7728
      vertex 74.2323 -0.95 12.7728
    endloop
  endfacet
  facet normal -0.255769 0 -0.966738
    outer loop
      vertex 74.2323 0 12.7728
      vertex 73.9303 -0.95 12.8527
      vertex 73.9303 0 12.8527
    endloop
  endfacet
  facet normal -0.456247 0 -0.889853
    outer loop
      vertex 74.2323 -0.95 12.7728
      vertex 74.4917 0 12.6398
      vertex 74.4917 -0.95 12.6398
    endloop
  endfacet
  facet normal -0.456247 0 -0.889853
    outer loop
      vertex 74.4917 0 12.6398
      vertex 74.2323 -0.95 12.7728
      vertex 74.2323 0 12.7728
    endloop
  endfacet
  facet normal -0.652289 0 -0.757971
    outer loop
      vertex 74.4917 -0.95 12.6398
      vertex 74.7083 0 12.4534
      vertex 74.7083 -0.95 12.4534
    endloop
  endfacet
  facet normal -0.652289 0 -0.757971
    outer loop
      vertex 74.7083 0 12.4534
      vertex 74.4917 -0.95 12.6398
      vertex 74.4917 0 12.6398
    endloop
  endfacet
  facet normal -0.811257 0 -0.58469
    outer loop
      vertex 74.8843 -0.95 12.2092
      vertex 74.7083 0 12.4534
      vertex 74.8843 0 12.2092
    endloop
  endfacet
  facet normal -0.811257 -0 -0.58469
    outer loop
      vertex 74.7083 0 12.4534
      vertex 74.8843 -0.95 12.2092
      vertex 74.7083 -0.95 12.4534
    endloop
  endfacet
  facet normal -0.912804 0 -0.408399
    outer loop
      vertex 75.0217 -0.95 11.9021
      vertex 74.8843 0 12.2092
      vertex 75.0217 0 11.9021
    endloop
  endfacet
  facet normal -0.912804 -0 -0.408399
    outer loop
      vertex 74.8843 0 12.2092
      vertex 75.0217 -0.95 11.9021
      vertex 74.8843 -0.95 12.2092
    endloop
  endfacet
  facet normal -0.966226 0 -0.257695
    outer loop
      vertex 75.1203 -0.95 11.5324
      vertex 75.0217 0 11.9021
      vertex 75.1203 0 11.5324
    endloop
  endfacet
  facet normal -0.966226 -0 -0.257695
    outer loop
      vertex 75.0217 0 11.9021
      vertex 75.1203 -0.95 11.5324
      vertex 75.0217 -0.95 11.9021
    endloop
  endfacet
  facet normal -0.990514 0 -0.137412
    outer loop
      vertex 75.1803 -0.95 11.0999
      vertex 75.1203 0 11.5324
      vertex 75.1803 0 11.0999
    endloop
  endfacet
  facet normal -0.990514 -0 -0.137412
    outer loop
      vertex 75.1203 0 11.5324
      vertex 75.1803 -0.95 11.0999
      vertex 75.1203 -0.95 11.5324
    endloop
  endfacet
  facet normal -0 0 1
    outer loop
      vertex 72.0122 0 11.0999
      vertex 75.1803 -0.95 11.0999
      vertex 75.1803 0 11.0999
    endloop
  endfacet
  facet normal 0 0 1
    outer loop
      vertex 75.1803 -0.95 11.0999
      vertex 72.0122 0 11.0999
      vertex 72.0122 -0.95 11.0999
    endloop
  endfacet
  facet normal 0.998042 0 -0.0625469
    outer loop
      vertex 26.4364 -0.95 11.4292
      vertex 26.411 0 11.0239
      vertex 26.4364 0 11.4292
    endloop
  endfacet
  facet normal 0.998042 0 -0.0625469
    outer loop
      vertex 26.411 0 11.0239
      vertex 26.4364 -0.95 11.4292
      vertex 26.411 -0.95 11.0239
    endloop
  endfacet
  facet normal 0.978069 0 -0.20828
    outer loop
      vertex 26.5127 -0.95 11.7875
      vertex 26.4364 0 11.4292
      vertex 26.5127 0 11.7875
    endloop
  endfacet
  facet normal 0.978069 0 -0.20828
    outer loop
      vertex 26.4364 0 11.4292
      vertex 26.5127 -0.95 11.7875
      vertex 26.4364 -0.95 11.4292
    endloop
  endfacet
  facet normal 0.925831 0 -0.377939
    outer loop
      vertex 26.6399 -0.95 12.0991
      vertex 26.5127 0 11.7875
      vertex 26.6399 0 12.0991
    endloop
  endfacet
  facet normal 0.925831 0 -0.377939
    outer loop
      vertex 26.5127 0 11.7875
      vertex 26.6399 -0.95 12.0991
      vertex 26.5127 -0.95 11.7875
    endloop
  endfacet
  facet normal 0.829923 0 -0.557879
    outer loop
      vertex 26.8179 -0.95 12.3639
      vertex 26.6399 0 12.0991
      vertex 26.8179 0 12.3639
    endloop
  endfacet
  facet normal 0.829923 0 -0.557879
    outer loop
      vertex 26.6399 0 12.0991
      vertex 26.8179 -0.95 12.3639
      vertex 26.6399 -0.95 12.0991
    endloop
  endfacet
  facet normal 0.689435 0 -0.724347
    outer loop
      vertex 26.8179 -0.95 12.3639
      vertex 27.0399 0 12.5752
      vertex 27.0399 -0.95 12.5752
    endloop
  endfacet
  facet normal 0.689435 0 -0.724347
    outer loop
      vertex 27.0399 0 12.5752
      vertex 26.8179 -0.95 12.3639
      vertex 26.8179 0 12.3639
    endloop
  endfacet
  facet normal 0.502586 0 -0.864527
    outer loop
      vertex 27.0399 -0.95 12.5752
      vertex 27.2993 0 12.726
      vertex 27.2993 -0.95 12.726
    endloop
  endfacet
  facet normal 0.502586 0 -0.864527
    outer loop
      vertex 27.2993 0 12.726
      vertex 27.0399 -0.95 12.5752
      vertex 27.0399 0 12.5752
    endloop
  endfacet
  facet normal 0.292047 0 -0.956404
    outer loop
      vertex 27.2993 -0.95 12.726
      vertex 27.596 0 12.8166
      vertex 27.596 -0.95 12.8166
    endloop
  endfacet
  facet normal 0.292047 0 -0.956404
    outer loop
      vertex 27.596 0 12.8166
      vertex 27.2993 -0.95 12.726
      vertex 27.2993 0 12.726
    endloop
  endfacet
  facet normal 0.0897827 0 -0.995961
    outer loop
      vertex 27.596 -0.95 12.8166
      vertex 27.9299 0 12.8467
      vertex 27.9299 -0.95 12.8467
    endloop
  endfacet
  facet normal 0.0897827 0 -0.995961
    outer loop
      vertex 27.9299 0 12.8467
      vertex 27.596 -0.95 12.8166
      vertex 27.596 0 12.8166
    endloop
  endfacet
  facet normal -0.0387545 0 -0.999249
    outer loop
      vertex 27.9299 -0.95 12.8467
      vertex 28.1568 0 12.8379
      vertex 28.1568 -0.95 12.8379
    endloop
  endfacet
  facet normal -0.0387545 0 -0.999249
    outer loop
      vertex 28.1568 0 12.8379
      vertex 27.9299 -0.95 12.8467
      vertex 27.9299 0 12.8467
    endloop
  endfacet
  facet normal -0.132427 0 -0.991193
    outer loop
      vertex 28.1568 -0.95 12.8379
      vertex 28.3544 0 12.8115
      vertex 28.3544 -0.95 12.8115
    endloop
  endfacet
  facet normal -0.132427 0 -0.991193
    outer loop
      vertex 28.3544 0 12.8115
      vertex 28.1568 -0.95 12.8379
      vertex 28.1568 0 12.8379
    endloop
  endfacet
  facet normal -0.253193 0 -0.967416
    outer loop
      vertex 28.3544 -0.95 12.8115
      vertex 28.5229 0 12.7674
      vertex 28.5229 -0.95 12.7674
    endloop
  endfacet
  facet normal -0.253193 0 -0.967416
    outer loop
      vertex 28.5229 0 12.7674
      vertex 28.3544 -0.95 12.8115
      vertex 28.3544 0 12.8115
    endloop
  endfacet
  facet normal -0.404738 0 -0.914433
    outer loop
      vertex 28.5229 -0.95 12.7674
      vertex 28.6623 0 12.7057
      vertex 28.6623 -0.95 12.7057
    endloop
  endfacet
  facet normal -0.404738 0 -0.914433
    outer loop
      vertex 28.6623 0 12.7057
      vertex 28.5229 -0.95 12.7674
      vertex 28.5229 0 12.7674
    endloop
  endfacet
  facet normal -0.574831 0 -0.818272
    outer loop
      vertex 28.6623 -0.95 12.7057
      vertex 28.7786 0 12.624
      vertex 28.7786 -0.95 12.624
    endloop
  endfacet
  facet normal -0.574831 0 -0.818272
    outer loop
      vertex 28.7786 0 12.624
      vertex 28.6623 -0.95 12.7057
      vertex 28.6623 0 12.7057
    endloop
  endfacet
  facet normal -0.723592 0 -0.690228
    outer loop
      vertex 28.8779 -0.95 12.5199
      vertex 28.7786 0 12.624
      vertex 28.8779 0 12.5199
    endloop
  endfacet
  facet normal -0.723592 -0 -0.690228
    outer loop
      vertex 28.7786 0 12.624
      vertex 28.8779 -0.95 12.5199
      vertex 28.7786 -0.95 12.624
    endloop
  endfacet
  facet normal -0.837914 0 -0.545803
    outer loop
      vertex 28.9603 -0.95 12.3934
      vertex 28.8779 0 12.5199
      vertex 28.9603 0 12.3934
    endloop
  endfacet
  facet normal -0.837914 -0 -0.545803
    outer loop
      vertex 28.8779 0 12.5199
      vertex 28.9603 -0.95 12.3934
      vertex 28.8779 -0.95 12.5199
    endloop
  endfacet
  facet normal -0.915252 0 -0.402883
    outer loop
      vertex 29.0258 -0.95 12.2446
      vertex 28.9603 0 12.3934
      vertex 29.0258 0 12.2446
    endloop
  endfacet
  facet normal -0.915252 -0 -0.402883
    outer loop
      vertex 28.9603 0 12.3934
      vertex 29.0258 -0.95 12.2446
      vertex 28.9603 -0.95 12.3934
    endloop
  endfacet
  facet normal -0.962344 0 -0.271836
    outer loop
      vertex 29.0756 -0.95 12.0683
      vertex 29.0258 0 12.2446
      vertex 29.0756 0 12.0683
    endloop
  endfacet
  facet normal -0.962344 -0 -0.271836
    outer loop
      vertex 29.0258 0 12.2446
      vertex 29.0756 -0.95 12.0683
      vertex 29.0258 -0.95 12.2446
    endloop
  endfacet
  facet normal -0.985788 0 -0.167994
    outer loop
      vertex 29.1112 -0.95 11.8594
      vertex 29.0756 0 12.0683
      vertex 29.1112 0 11.8594
    endloop
  endfacet
  facet normal -0.985788 -0 -0.167994
    outer loop
      vertex 29.0756 0 12.0683
      vertex 29.1112 -0.95 11.8594
      vertex 29.0756 -0.95 12.0683
    endloop
  endfacet
  facet normal -0.996094 0 -0.0883032
    outer loop
      vertex 29.1326 -0.95 11.618
      vertex 29.1112 0 11.8594
      vertex 29.1326 0 11.618
    endloop
  endfacet
  facet normal -0.996094 -0 -0.0883032
    outer loop
      vertex 29.1112 0 11.8594
      vertex 29.1326 -0.95 11.618
      vertex 29.1112 -0.95 11.8594
    endloop
  endfacet
  facet normal -0.999664 0 -0.0259037
    outer loop
      vertex 29.1397 -0.95 11.344
      vertex 29.1326 0 11.618
      vertex 29.1397 0 11.344
    endloop
  endfacet
  facet normal -0.999664 -0 -0.0259037
    outer loop
      vertex 29.1326 0 11.618
      vertex 29.1397 -0.95 11.344
      vertex 29.1326 -0.95 11.618
    endloop
  endfacet
  facet normal -1 0 0
    outer loop
      vertex 29.1397 -0.95 7.62251
      vertex 29.1397 0 11.344
      vertex 29.1397 0 7.62251
    endloop
  endfacet
  facet normal -1 -0 0
    outer loop
      vertex 29.1397 0 11.344
      vertex 29.1397 -0.95 7.62251
      vertex 29.1397 -0.95 11.344
    endloop
  endfacet
  facet normal 0 0 -1
    outer loop
      vertex 29.1397 -0.95 7.62251
      vertex 30.1216 0 7.62251
      vertex 30.1216 -0.95 7.62251
    endloop
  endfacet
  facet normal -0 0 -1
    outer loop
      vertex 30.1216 0 7.62251
      vertex 29.1397 -0.95 7.62251
      vertex 29.1397 0 7.62251
    endloop
  endfacet
  facet normal 1 -0 0
    outer loop
      vertex 30.1216 -0.95 11.5339
      vertex 30.1216 0 7.62251
      vertex 30.1216 0 11.5339
    endloop
  endfacet
  facet normal 1 0 0
    outer loop
      vertex 30.1216 0 7.62251
      vertex 30.1216 -0.95 11.5339
      vertex 30.1216 -0.95 7.62251
    endloop
  endfacet
  facet normal 0.998531 -0 0.0541793
    outer loop
      vertex 30.0937 -0.95 12.0481
      vertex 30.1216 0 11.5339
      vertex 30.0937 0 12.0481
    endloop
  endfacet
  facet normal 0.998531 0 0.0541793
    outer loop
      vertex 30.1216 0 11.5339
      vertex 30.0937 -0.95 12.0481
      vertex 30.1216 -0.95 11.5339
    endloop
  endfacet
  facet normal 0.981934 -0 0.189223
    outer loop
      vertex 30.0097 -0.95 12.484
      vertex 30.0937 0 12.0481
      vertex 30.0097 0 12.484
    endloop
  endfacet
  facet normal 0.981934 0 0.189223
    outer loop
      vertex 30.0937 0 12.0481
      vertex 30.0097 -0.95 12.484
      vertex 30.0937 -0.95 12.0481
    endloop
  endfacet
  facet normal 0.931323 -0 0.364193
    outer loop
      vertex 29.8699 -0.95 12.8415
      vertex 30.0097 0 12.484
      vertex 29.8699 0 12.8415
    endloop
  endfacet
  facet normal 0.931323 0 0.364193
    outer loop
      vertex 30.0097 0 12.484
      vertex 29.8699 -0.95 12.8415
      vertex 30.0097 -0.95 12.484
    endloop
  endfacet
  facet normal 0.818598 -0 0.574367
    outer loop
      vertex 29.674 -0.95 13.1207
      vertex 29.8699 0 12.8415
      vertex 29.674 0 13.1207
    endloop
  endfacet
  facet normal 0.818598 0 0.574367
    outer loop
      vertex 29.8699 0 12.8415
      vertex 29.674 -0.95 13.1207
      vertex 29.8699 -0.95 12.8415
    endloop
  endfacet
  facet normal 0.634256 0 0.773123
    outer loop
      vertex 29.4179 0 13.3308
      vertex 29.674 -0.95 13.1207
      vertex 29.674 0 13.1207
    endloop
  endfacet
  facet normal 0.634256 0 0.773123
    outer loop
      vertex 29.674 -0.95 13.1207
      vertex 29.4179 0 13.3308
      vertex 29.4179 -0.95 13.3308
    endloop
  endfacet
  facet normal 0.423457 0 0.905916
    outer loop
      vertex 29.097 0 13.4808
      vertex 29.4179 -0.95 13.3308
      vertex 29.4179 0 13.3308
    endloop
  endfacet
  facet normal 0.423457 0 0.905916
    outer loop
      vertex 29.4179 -0.95 13.3308
      vertex 29.097 0 13.4808
      vertex 29.097 -0.95 13.4808
    endloop
  endfacet
  facet normal 0.227238 0 0.973839
    outer loop
      vertex 28.7113 0 13.5708
      vertex 29.097 -0.95 13.4808
      vertex 29.097 0 13.4808
    endloop
  endfacet
  facet normal 0.227238 0 0.973839
    outer loop
      vertex 29.097 -0.95 13.4808
      vertex 28.7113 0 13.5708
      vertex 28.7113 -0.95 13.5708
    endloop
  endfacet
  facet normal 0.0664602 0 0.997789
    outer loop
      vertex 28.2609 0 13.6008
      vertex 28.7113 -0.95 13.5708
      vertex 28.7113 0 13.5708
    endloop
  endfacet
  facet normal 0.0664602 0 0.997789
    outer loop
      vertex 28.7113 -0.95 13.5708
      vertex 28.2609 0 13.6008
      vertex 28.2609 -0.95 13.6008
    endloop
  endfacet
  facet normal -0.049811 0 0.998759
    outer loop
      vertex 27.9461 0 13.5851
      vertex 28.2609 -0.95 13.6008
      vertex 28.2609 0 13.6008
    endloop
  endfacet
  facet normal -0.049811 0 0.998759
    outer loop
      vertex 28.2609 -0.95 13.6008
      vertex 27.9461 0 13.5851
      vertex 27.9461 -0.95 13.5851
    endloop
  endfacet
  facet normal -0.16201 0 0.986789
    outer loop
      vertex 27.658 0 13.5378
      vertex 27.9461 -0.95 13.5851
      vertex 27.9461 0 13.5851
    endloop
  endfacet
  facet normal -0.16201 0 0.986789
    outer loop
      vertex 27.9461 -0.95 13.5851
      vertex 27.658 0 13.5378
      vertex 27.658 -0.95 13.5378
    endloop
  endfacet
  facet normal -0.289062 0 0.95731
    outer loop
      vertex 27.3967 0 13.4589
      vertex 27.658 -0.95 13.5378
      vertex 27.658 0 13.5378
    endloop
  endfacet
  facet normal -0.289062 0 0.95731
    outer loop
      vertex 27.658 -0.95 13.5378
      vertex 27.3967 0 13.4589
      vertex 27.3967 -0.95 13.4589
    endloop
  endfacet
  facet normal -0.425778 0 0.904827
    outer loop
      vertex 27.1623 0 13.3486
      vertex 27.3967 -0.95 13.4589
      vertex 27.3967 0 13.4589
    endloop
  endfacet
  facet normal -0.425778 0 0.904827
    outer loop
      vertex 27.3967 -0.95 13.4589
      vertex 27.1623 0 13.3486
      vertex 27.1623 -0.95 13.3486
    endloop
  endfacet
  facet normal -0.568951 0 0.822372
    outer loop
      vertex 26.9478 0 13.2002
      vertex 27.1623 -0.95 13.3486
      vertex 27.1623 0 13.3486
    endloop
  endfacet
  facet normal -0.568951 0 0.822372
    outer loop
      vertex 27.1623 -0.95 13.3486
      vertex 26.9478 0 13.2002
      vertex 26.9478 -0.95 13.2002
    endloop
  endfacet
  facet normal -0.691687 0 0.722197
    outer loop
      vertex 26.7466 0 13.0075
      vertex 26.9478 -0.95 13.2002
      vertex 26.9478 0 13.2002
    endloop
  endfacet
  facet normal -0.691687 0 0.722197
    outer loop
      vertex 26.9478 -0.95 13.2002
      vertex 26.7466 0 13.0075
      vertex 26.7466 -0.95 13.0075
    endloop
  endfacet
  facet normal -0.783697 0 0.621143
    outer loop
      vertex 26.5586 -0.95 12.7703
      vertex 26.7466 0 13.0075
      vertex 26.5586 0 12.7703
    endloop
  endfacet
  facet normal -0.783697 0 0.621143
    outer loop
      vertex 26.7466 0 13.0075
      vertex 26.5586 -0.95 12.7703
      vertex 26.7466 -0.95 13.0075
    endloop
  endfacet
  facet normal -0.849757 0 0.527175
    outer loop
      vertex 26.3839 -0.95 12.4887
      vertex 26.5586 0 12.7703
      vertex 26.3839 0 12.4887
    endloop
  endfacet
  facet normal -0.849757 0 0.527175
    outer loop
      vertex 26.5586 0 12.7703
      vertex 26.3839 -0.95 12.4887
      vertex 26.5586 -0.95 12.7703
    endloop
  endfacet
  facet normal -0 0 1
    outer loop
      vertex 26.3676 0 12.4887
      vertex 26.3839 -0.95 12.4887
      vertex 26.3839 0 12.4887
    endloop
  endfacet
  facet normal 0 0 1
    outer loop
      vertex 26.3839 -0.95 12.4887
      vertex 26.3676 0 12.4887
      vertex 26.3676 -0.95 12.4887
    endloop
  endfacet
  facet normal 0.999639 -0 0.0268666
    outer loop
      vertex 26.3623 -0.95 12.6859
      vertex 26.3676 0 12.4887
      vertex 26.3623 0 12.6859
    endloop
  endfacet
  facet normal 0.999639 0 0.0268666
    outer loop
      vertex 26.3676 0 12.4887
      vertex 26.3623 -0.95 12.6859
      vertex 26.3676 -0.95 12.4887
    endloop
  endfacet
  facet normal 0.999548 -0 0.0300662
    outer loop
      vertex 26.3574 -0.95 12.8488
      vertex 26.3623 0 12.6859
      vertex 26.3574 0 12.8488
    endloop
  endfacet
  facet normal 0.999548 0 0.0300662
    outer loop
      vertex 26.3623 0 12.6859
      vertex 26.3574 -0.95 12.8488
      vertex 26.3623 -0.95 12.6859
    endloop
  endfacet
  facet normal 0.999361 -0 0.035747
    outer loop
      vertex 26.3528 -0.95 12.9774
      vertex 26.3574 0 12.8488
      vertex 26.3528 0 12.9774
    endloop
  endfacet
  facet normal 0.999361 0 0.035747
    outer loop
      vertex 26.3574 0 12.8488
      vertex 26.3528 -0.95 12.9774
      vertex 26.3574 -0.95 12.8488
    endloop
  endfacet
  facet normal 0.999014 -0 0.0444006
    outer loop
      vertex 26.3486 -0.95 13.0719
      vertex 26.3528 0 12.9774
      vertex 26.3486 0 13.0719
    endloop
  endfacet
  facet normal 0.999014 0 0.0444006
    outer loop
      vertex 26.3528 0 12.9774
      vertex 26.3486 -0.95 13.0719
      vertex 26.3528 -0.95 12.9774
    endloop
  endfacet
  facet normal 0.998654 -0 0.0518609
    outer loop
      vertex 26.3447 -0.95 13.147
      vertex 26.3486 0 13.0719
      vertex 26.3447 0 13.147
    endloop
  endfacet
  facet normal 0.998654 0 0.0518609
    outer loop
      vertex 26.3486 0 13.0719
      vertex 26.3447 -0.95 13.147
      vertex 26.3486 -0.95 13.0719
    endloop
  endfacet
  facet normal 0.998706 -0 0.0508535
    outer loop
      vertex 26.3411 -0.95 13.2177
      vertex 26.3447 0 13.147
      vertex 26.3411 0 13.2177
    endloop
  endfacet
  facet normal 0.998706 0 0.0508535
    outer loop
      vertex 26.3447 0 13.147
      vertex 26.3411 -0.95 13.2177
      vertex 26.3447 -0.95 13.147
    endloop
  endfacet
  facet normal 0.998837 -0 0.0482093
    outer loop
      vertex 26.3379 -0.95 13.284
      vertex 26.3411 0 13.2177
      vertex 26.3379 0 13.284
    endloop
  endfacet
  facet normal 0.998837 0 0.0482093
    outer loop
      vertex 26.3411 0 13.2177
      vertex 26.3379 -0.95 13.284
      vertex 26.3411 -0.95 13.2177
    endloop
  endfacet
  facet normal 0.998904 -0 0.0467984
    outer loop
      vertex 26.335 -0.95 13.3459
      vertex 26.3379 0 13.284
      vertex 26.335 0 13.3459
    endloop
  endfacet
  facet normal 0.998904 0 0.0467984
    outer loop
      vertex 26.3379 0 13.284
      vertex 26.335 -0.95 13.3459
      vertex 26.3379 -0.95 13.284
    endloop
  endfacet
  facet normal 0.998748 -0 0.05003
    outer loop
      vertex 26.3323 -0.95 13.3998
      vertex 26.335 0 13.3459
      vertex 26.3323 0 13.3998
    endloop
  endfacet
  facet normal 0.998748 0 0.05003
    outer loop
      vertex 26.335 0 13.3459
      vertex 26.3323 -0.95 13.3998
      vertex 26.335 -0.95 13.3459
    endloop
  endfacet
  facet normal 0.997979 -0 0.0635505
    outer loop
      vertex 26.3296 -0.95 13.4422
      vertex 26.3323 0 13.3998
      vertex 26.3296 0 13.4422
    endloop
  endfacet
  facet normal 0.997979 0 0.0635505
    outer loop
      vertex 26.3323 0 13.3998
      vertex 26.3296 -0.95 13.4422
      vertex 26.3323 -0.95 13.3998
    endloop
  endfacet
  facet normal 0.99618 -0 0.0873274
    outer loop
      vertex 26.3269 -0.95 13.473
      vertex 26.3296 0 13.4422
      vertex 26.3269 0 13.473
    endloop
  endfacet
  facet normal 0.99618 0 0.0873274
    outer loop
      vertex 26.3296 0 13.4422
      vertex 26.3269 -0.95 13.473
      vertex 26.3296 -0.95 13.4422
    endloop
  endfacet
  facet normal 0.990356 -0 0.138547
    outer loop
      vertex 26.3242 -0.95 13.4923
      vertex 26.3269 0 13.473
      vertex 26.3242 0 13.4923
    endloop
  endfacet
  facet normal 0.990356 0 0.138547
    outer loop
      vertex 26.3269 0 13.473
      vertex 26.3242 -0.95 13.4923
      vertex 26.3269 -0.95 13.473
    endloop
  endfacet
  facet normal -0 0 1
    outer loop
      vertex 25.4019 0 13.4923
      vertex 26.3242 -0.95 13.4923
      vertex 26.3242 0 13.4923
    endloop
  endfacet
  facet normal 0 0 1
    outer loop
      vertex 26.3242 -0.95 13.4923
      vertex 25.4019 0 13.4923
      vertex 25.4019 -0.95 13.4923
    endloop
  endfacet
  facet normal -0.996206 0 -0.0870235
    outer loop
      vertex 25.4162 -0.95 13.3286
      vertex 25.4019 0 13.4923
      vertex 25.4162 0 13.3286
    endloop
  endfacet
  facet normal -0.996206 -0 -0.0870235
    outer loop
      vertex 25.4019 0 13.4923
      vertex 25.4162 -0.95 13.3286
      vertex 25.4019 -0.95 13.4923
    endloop
  endfacet
  facet normal -0.999266 0 -0.038302
    outer loop
      vertex 25.4263 -0.95 13.0651
      vertex 25.4162 0 13.3286
      vertex 25.4263 0 13.0651
    endloop
  endfacet
  facet normal -0.999266 -0 -0.038302
    outer loop
      vertex 25.4162 0 13.3286
      vertex 25.4263 -0.95 13.0651
      vertex 25.4162 -0.95 13.3286
    endloop
  endfacet
  facet normal -0.999859 0 -0.0167974
    outer loop
      vertex 25.4324 -0.95 12.702
      vertex 25.4263 0 13.0651
      vertex 25.4324 0 12.702
    endloop
  endfacet
  facet normal -0.999859 -0 -0.0167974
    outer loop
      vertex 25.4263 0 13.0651
      vertex 25.4324 -0.95 12.702
      vertex 25.4263 -0.95 13.0651
    endloop
  endfacet
  facet normal -0.999991 0 -0.00432055
    outer loop
      vertex 25.4344 -0.95 12.2391
      vertex 25.4324 0 12.702
      vertex 25.4344 0 12.2391
    endloop
  endfacet
  facet normal -0.999991 -0 -0.00432055
    outer loop
      vertex 25.4324 0 12.702
      vertex 25.4344 -0.95 12.2391
      vertex 25.4324 -0.95 12.702
    endloop
  endfacet
  facet normal -1 0 0
    outer loop
      vertex 25.4344 -0.95 7.62251
      vertex 25.4344 0 12.2391
      vertex 25.4344 0 7.62251
    endloop
  endfacet
  facet normal -1 -0 0
    outer loop
      vertex 25.4344 0 12.2391
      vertex 25.4344 -0.95 7.62251
      vertex 25.4344 -0.95 12.2391
    endloop
  endfacet
  facet normal 0 0 -1
    outer loop
      vertex 25.4344 -0.95 7.62251
      vertex 26.411 0 7.62251
      vertex 26.411 -0.95 7.62251
    endloop
  endfacet
  facet normal -0 0 -1
    outer loop
      vertex 26.411 0 7.62251
      vertex 25.4344 -0.95 7.62251
      vertex 25.4344 0 7.62251
    endloop
  endfacet
  facet normal 1 -0 0
    outer loop
      vertex 26.411 -0.95 11.0239
      vertex 26.411 0 7.62251
      vertex 26.411 0 11.0239
    endloop
  endfacet
  facet normal 1 0 0
    outer loop
      vertex 26.411 0 7.62251
      vertex 26.411 -0.95 11.0239
      vertex 26.411 -0.95 7.62251
    endloop
  endfacet
  facet normal 0.998027 0 -0.0627922
    outer loop
      vertex 84.3456 -0.95 11.4292
      vertex 84.3201 0 11.0239
      vertex 84.3456 0 11.4292
    endloop
  endfacet
  facet normal 0.998027 0 -0.0627922
    outer loop
      vertex 84.3201 0 11.0239
      vertex 84.3456 -0.95 11.4292
      vertex 84.3201 -0.95 11.0239
    endloop
  endfacet
  facet normal 0.978125 0 -0.208019
    outer loop
      vertex 84.4218 -0.95 11.7875
      vertex 84.3456 0 11.4292
      vertex 84.4218 0 11.7875
    endloop
  endfacet
  facet normal 0.978125 0 -0.208019
    outer loop
      vertex 84.3456 0 11.4292
      vertex 84.4218 -0.95 11.7875
      vertex 84.3456 -0.95 11.4292
    endloop
  endfacet
  facet normal 0.925831 0 -0.377939
    outer loop
      vertex 84.549 -0.95 12.0991
      vertex 84.4218 0 11.7875
      vertex 84.549 0 12.0991
    endloop
  endfacet
  facet normal 0.925831 0 -0.377939
    outer loop
      vertex 84.4218 0 11.7875
      vertex 84.549 -0.95 12.0991
      vertex 84.4218 -0.95 11.7875
    endloop
  endfacet
  facet normal 0.829923 0 -0.557879
    outer loop
      vertex 84.727 -0.95 12.3639
      vertex 84.549 0 12.0991
      vertex 84.727 0 12.3639
    endloop
  endfacet
  facet normal 0.829923 0 -0.557879
    outer loop
      vertex 84.549 0 12.0991
      vertex 84.727 -0.95 12.3639
      vertex 84.549 -0.95 12.0991
    endloop
  endfacet
  facet normal 0.689272 0 -0.724502
    outer loop
      vertex 84.727 -0.95 12.3639
      vertex 84.9491 0 12.5752
      vertex 84.9491 -0.95 12.5752
    endloop
  endfacet
  facet normal 0.689272 0 -0.724502
    outer loop
      vertex 84.9491 0 12.5752
      vertex 84.727 -0.95 12.3639
      vertex 84.727 0 12.3639
    endloop
  endfacet
  facet normal 0.502586 0 -0.864527
    outer loop
      vertex 84.9491 -0.95 12.5752
      vertex 85.2085 0 12.726
      vertex 85.2085 -0.95 12.726
    endloop
  endfacet
  facet normal 0.502586 0 -0.864527
    outer loop
      vertex 85.2085 0 12.726
      vertex 84.9491 -0.95 12.5752
      vertex 84.9491 0 12.5752
    endloop
  endfacet
  facet normal 0.292137 0 -0.956377
    outer loop
      vertex 85.2085 -0.95 12.726
      vertex 85.5051 0 12.8166
      vertex 85.5051 -0.95 12.8166
    endloop
  endfacet
  facet normal 0.292137 0 -0.956377
    outer loop
      vertex 85.5051 0 12.8166
      vertex 85.2085 -0.95 12.726
      vertex 85.2085 0 12.726
    endloop
  endfacet
  facet normal 0.089756 0 -0.995964
    outer loop
      vertex 85.5051 -0.95 12.8166
      vertex 85.8391 0 12.8467
      vertex 85.8391 -0.95 12.8467
    endloop
  endfacet
  facet normal 0.089756 0 -0.995964
    outer loop
      vertex 85.8391 0 12.8467
      vertex 85.5051 -0.95 12.8166
      vertex 85.5051 0 12.8166
    endloop
  endfacet
  facet normal -0.0387715 0 -0.999248
    outer loop
      vertex 85.8391 -0.95 12.8467
      vertex 86.0659 0 12.8379
      vertex 86.0659 -0.95 12.8379
    endloop
  endfacet
  facet normal -0.0387715 0 -0.999248
    outer loop
      vertex 86.0659 0 12.8379
      vertex 85.8391 -0.95 12.8467
      vertex 85.8391 0 12.8467
    endloop
  endfacet
  facet normal -0.132427 0 -0.991193
    outer loop
      vertex 86.0659 -0.95 12.8379
      vertex 86.2635 0 12.8115
      vertex 86.2635 -0.95 12.8115
    endloop
  endfacet
  facet normal -0.132427 0 -0.991193
    outer loop
      vertex 86.2635 0 12.8115
      vertex 86.0659 -0.95 12.8379
      vertex 86.0659 0 12.8379
    endloop
  endfacet
  facet normal -0.253053 0 -0.967453
    outer loop
      vertex 86.2635 -0.95 12.8115
      vertex 86.4321 0 12.7674
      vertex 86.4321 -0.95 12.7674
    endloop
  endfacet
  facet normal -0.253053 0 -0.967453
    outer loop
      vertex 86.4321 0 12.7674
      vertex 86.2635 -0.95 12.8115
      vertex 86.2635 0 12.8115
    endloop
  endfacet
  facet normal -0.404981 0 -0.914325
    outer loop
      vertex 86.4321 -0.95 12.7674
      vertex 86.5714 0 12.7057
      vertex 86.5714 -0.95 12.7057
    endloop
  endfacet
  facet normal -0.404981 0 -0.914325
    outer loop
      vertex 86.5714 0 12.7057
      vertex 86.4321 -0.95 12.7674
      vertex 86.4321 0 12.7674
    endloop
  endfacet
  facet normal -0.574831 0 -0.818272
    outer loop
      vertex 86.5714 -0.95 12.7057
      vertex 86.6877 0 12.624
      vertex 86.6877 -0.95 12.624
    endloop
  endfacet
  facet normal -0.574831 0 -0.818272
    outer loop
      vertex 86.6877 0 12.624
      vertex 86.5714 -0.95 12.7057
      vertex 86.5714 0 12.7057
    endloop
  endfacet
  facet normal -0.723245 0 -0.690591
    outer loop
      vertex 86.7871 -0.95 12.5199
      vertex 86.6877 0 12.624
      vertex 86.7871 0 12.5199
    endloop
  endfacet
  facet normal -0.723245 -0 -0.690591
    outer loop
      vertex 86.6877 0 12.624
      vertex 86.7871 -0.95 12.5199
      vertex 86.6877 -0.95 12.624
    endloop
  endfacet
  facet normal -0.837914 0 -0.545803
    outer loop
      vertex 86.8695 -0.95 12.3934
      vertex 86.7871 0 12.5199
      vertex 86.8695 0 12.3934
    endloop
  endfacet
  facet normal -0.837914 -0 -0.545803
    outer loop
      vertex 86.7871 0 12.5199
      vertex 86.8695 -0.95 12.3934
      vertex 86.7871 -0.95 12.5199
    endloop
  endfacet
  facet normal -0.915478 0 -0.402367
    outer loop
      vertex 86.9349 -0.95 12.2446
      vertex 86.8695 0 12.3934
      vertex 86.9349 0 12.2446
    endloop
  endfacet
  facet normal -0.915478 -0 -0.402367
    outer loop
      vertex 86.8695 0 12.3934
      vertex 86.9349 -0.95 12.2446
      vertex 86.8695 -0.95 12.3934
    endloop
  endfacet
  facet normal -0.962201 0 -0.272342
    outer loop
      vertex 86.9848 -0.95 12.0683
      vertex 86.9349 0 12.2446
      vertex 86.9848 0 12.0683
    endloop
  endfacet
  facet normal -0.962201 -0 -0.272342
    outer loop
      vertex 86.9349 0 12.2446
      vertex 86.9848 -0.95 12.0683
      vertex 86.9349 -0.95 12.2446
    endloop
  endfacet
  facet normal -0.985788 0 -0.167994
    outer loop
      vertex 87.0204 -0.95 11.8594
      vertex 86.9848 0 12.0683
      vertex 87.0204 0 11.8594
    endloop
  endfacet
  facet normal -0.985788 -0 -0.167994
    outer loop
      vertex 86.9848 0 12.0683
      vertex 87.0204 -0.95 11.8594
      vertex 86.9848 -0.95 12.0683
    endloop
  endfacet
  facet normal -0.99613 0 -0.0878938
    outer loop
      vertex 87.0417 -0.95 11.618
      vertex 87.0204 0 11.8594
      vertex 87.0417 0 11.618
    endloop
  endfacet
  facet normal -0.99613 -0 -0.0878938
    outer loop
      vertex 87.0204 0 11.8594
      vertex 87.0417 -0.95 11.618
      vertex 87.0204 -0.95 11.8594
    endloop
  endfacet
  facet normal -0.999664 0 -0.0259037
    outer loop
      vertex 87.0488 -0.95 11.344
      vertex 87.0417 0 11.618
      vertex 87.0488 0 11.344
    endloop
  endfacet
  facet normal -0.999664 -0 -0.0259037
    outer loop
      vertex 87.0417 0 11.618
      vertex 87.0488 -0.95 11.344
      vertex 87.0417 -0.95 11.618
    endloop
  endfacet
  facet normal -1 0 0
    outer loop
      vertex 87.0488 -0.95 7.62251
      vertex 87.0488 0 11.344
      vertex 87.0488 0 7.62251
    endloop
  endfacet
  facet normal -1 -0 0
    outer loop
      vertex 87.0488 0 11.344
      vertex 87.0488 -0.95 7.62251
      vertex 87.0488 -0.95 11.344
    endloop
  endfacet
  facet normal 0 0 -1
    outer loop
      vertex 87.0488 -0.95 7.62251
      vertex 88.0308 0 7.62251
      vertex 88.0308 -0.95 7.62251
    endloop
  endfacet
  facet normal -0 0 -1
    outer loop
      vertex 88.0308 0 7.62251
      vertex 87.0488 -0.95 7.62251
      vertex 87.0488 0 7.62251
    endloop
  endfacet
  facet normal 1 -0 0
    outer loop
      vertex 88.0308 -0.95 11.5339
      vertex 88.0308 0 7.62251
      vertex 88.0308 0 11.5339
    endloop
  endfacet
  facet normal 1 0 0
    outer loop
      vertex 88.0308 0 7.62251
      vertex 88.0308 -0.95 11.5339
      vertex 88.0308 -0.95 7.62251
    endloop
  endfacet
  facet normal 0.998521 -0 0.054373
    outer loop
      vertex 88.0028 -0.95 12.0481
      vertex 88.0308 0 11.5339
      vertex 88.0028 0 12.0481
    endloop
  endfacet
  facet normal 0.998521 0 0.054373
    outer loop
      vertex 88.0308 0 11.5339
      vertex 88.0028 -0.95 12.0481
      vertex 88.0308 -0.95 11.5339
    endloop
  endfacet
  facet normal 0.981976 -0 0.189006
    outer loop
      vertex 87.9189 -0.95 12.484
      vertex 88.0028 0 12.0481
      vertex 87.9189 0 12.484
    endloop
  endfacet
  facet normal 0.981976 0 0.189006
    outer loop
      vertex 88.0028 0 12.0481
      vertex 87.9189 -0.95 12.484
      vertex 88.0028 -0.95 12.0481
    endloop
  endfacet
  facet normal 0.931235 -0 0.364419
    outer loop
      vertex 87.779 -0.95 12.8415
      vertex 87.9189 0 12.484
      vertex 87.779 0 12.8415
    endloop
  endfacet
  facet normal 0.931235 0 0.364419
    outer loop
      vertex 87.9189 0 12.484
      vertex 87.779 -0.95 12.8415
      vertex 87.9189 -0.95 12.484
    endloop
  endfacet
  facet normal 0.818736 -0 0.574171
    outer loop
      vertex 87.5832 -0.95 13.1207
      vertex 87.779 0 12.8415
      vertex 87.5832 0 13.1207
    endloop
  endfacet
  facet normal 0.818736 0 0.574171
    outer loop
      vertex 87.779 0 12.8415
      vertex 87.5832 -0.95 13.1207
      vertex 87.779 -0.95 12.8415
    endloop
  endfacet
  facet normal 0.634108 0 0.773244
    outer loop
      vertex 87.327 0 13.3308
      vertex 87.5832 -0.95 13.1207
      vertex 87.5832 0 13.1207
    endloop
  endfacet
  facet normal 0.634108 0 0.773244
    outer loop
      vertex 87.5832 -0.95 13.1207
      vertex 87.327 0 13.3308
      vertex 87.327 -0.95 13.3308
    endloop
  endfacet
  facet normal 0.423457 0 0.905916
    outer loop
      vertex 87.0061 0 13.4808
      vertex 87.327 -0.95 13.3308
      vertex 87.327 0 13.3308
    endloop
  endfacet
  facet normal 0.423457 0 0.905916
    outer loop
      vertex 87.327 -0.95 13.3308
      vertex 87.0061 0 13.4808
      vertex 87.0061 -0.95 13.4808
    endloop
  endfacet
  facet normal 0.227293 0 0.973826
    outer loop
      vertex 86.6205 0 13.5708
      vertex 87.0061 -0.95 13.4808
      vertex 87.0061 0 13.4808
    endloop
  endfacet
  facet normal 0.227293 0 0.973826
    outer loop
      vertex 87.0061 -0.95 13.4808
      vertex 86.6205 0 13.5708
      vertex 86.6205 -0.95 13.5708
    endloop
  endfacet
  facet normal 0.0664455 0 0.99779
    outer loop
      vertex 86.17 0 13.6008
      vertex 86.6205 -0.95 13.5708
      vertex 86.6205 0 13.5708
    endloop
  endfacet
  facet normal 0.0664455 0 0.99779
    outer loop
      vertex 86.6205 -0.95 13.5708
      vertex 86.17 0 13.6008
      vertex 86.17 -0.95 13.6008
    endloop
  endfacet
  facet normal -0.049811 0 0.998759
    outer loop
      vertex 85.8552 0 13.5851
      vertex 86.17 -0.95 13.6008
      vertex 86.17 0 13.6008
    endloop
  endfacet
  facet normal -0.049811 0 0.998759
    outer loop
      vertex 86.17 -0.95 13.6008
      vertex 85.8552 0 13.5851
      vertex 85.8552 -0.95 13.5851
    endloop
  endfacet
  facet normal -0.16201 0 0.986789
    outer loop
      vertex 85.5671 0 13.5378
      vertex 85.8552 -0.95 13.5851
      vertex 85.8552 0 13.5851
    endloop
  endfacet
  facet normal -0.16201 0 0.986789
    outer loop
      vertex 85.8552 -0.95 13.5851
      vertex 85.5671 0 13.5378
      vertex 85.5671 -0.95 13.5378
    endloop
  endfacet
  facet normal -0.289163 0 0.95728
    outer loop
      vertex 85.3059 0 13.4589
      vertex 85.5671 -0.95 13.5378
      vertex 85.5671 0 13.5378
    endloop
  endfacet
  facet normal -0.289163 0 0.95728
    outer loop
      vertex 85.5671 -0.95 13.5378
      vertex 85.3059 0 13.4589
      vertex 85.3059 -0.95 13.4589
    endloop
  endfacet
  facet normal -0.42563 0 0.904897
    outer loop
      vertex 85.0714 0 13.3486
      vertex 85.3059 -0.95 13.4589
      vertex 85.3059 0 13.4589
    endloop
  endfacet
  facet normal -0.42563 0 0.904897
    outer loop
      vertex 85.3059 -0.95 13.4589
      vertex 85.0714 0 13.3486
      vertex 85.0714 -0.95 13.3486
    endloop
  endfacet
  facet normal -0.56913 0 0.822247
    outer loop
      vertex 84.857 0 13.2002
      vertex 85.0714 -0.95 13.3486
      vertex 85.0714 0 13.3486
    endloop
  endfacet
  facet normal -0.56913 0 0.822247
    outer loop
      vertex 85.0714 -0.95 13.3486
      vertex 84.857 0 13.2002
      vertex 84.857 -0.95 13.2002
    endloop
  endfacet
  facet normal -0.691687 0 0.722197
    outer loop
      vertex 84.6558 0 13.0075
      vertex 84.857 -0.95 13.2002
      vertex 84.857 0 13.2002
    endloop
  endfacet
  facet normal -0.691687 0 0.722197
    outer loop
      vertex 84.857 -0.95 13.2002
      vertex 84.6558 0 13.0075
      vertex 84.6558 -0.95 13.0075
    endloop
  endfacet
  facet normal -0.783697 0 0.621143
    outer loop
      vertex 84.4678 -0.95 12.7703
      vertex 84.6558 0 13.0075
      vertex 84.4678 0 12.7703
    endloop
  endfacet
  facet normal -0.783697 0 0.621143
    outer loop
      vertex 84.6558 0 13.0075
      vertex 84.4678 -0.95 12.7703
      vertex 84.6558 -0.95 13.0075
    endloop
  endfacet
  facet normal -0.849622 0 0.527393
    outer loop
      vertex 84.293 -0.95 12.4887
      vertex 84.4678 0 12.7703
      vertex 84.293 0 12.4887
    endloop
  endfacet
  facet normal -0.849622 0 0.527393
    outer loop
      vertex 84.4678 0 12.7703
      vertex 84.293 -0.95 12.4887
      vertex 84.4678 -0.95 12.7703
    endloop
  endfacet
  facet normal -0 0 1
    outer loop
      vertex 84.2767 0 12.4887
      vertex 84.293 -0.95 12.4887
      vertex 84.293 0 12.4887
    endloop
  endfacet
  facet normal 0 0 1
    outer loop
      vertex 84.293 -0.95 12.4887
      vertex 84.2767 0 12.4887
      vertex 84.2767 -0.95 12.4887
    endloop
  endfacet
  facet normal 0.999639 -0 0.0268666
    outer loop
      vertex 84.2714 -0.95 12.6859
      vertex 84.2767 0 12.4887
      vertex 84.2714 0 12.6859
    endloop
  endfacet
  facet normal 0.999639 0 0.0268666
    outer loop
      vertex 84.2767 0 12.4887
      vertex 84.2714 -0.95 12.6859
      vertex 84.2767 -0.95 12.4887
    endloop
  endfacet
  facet normal 0.999548 -0 0.0300662
    outer loop
      vertex 84.2665 -0.95 12.8488
      vertex 84.2714 0 12.6859
      vertex 84.2665 0 12.8488
    endloop
  endfacet
  facet normal 0.999548 0 0.0300662
    outer loop
      vertex 84.2714 0 12.6859
      vertex 84.2665 -0.95 12.8488
      vertex 84.2714 -0.95 12.6859
    endloop
  endfacet
  facet normal 0.999388 -0 0.0349708
    outer loop
      vertex 84.262 -0.95 12.9774
      vertex 84.2665 0 12.8488
      vertex 84.262 0 12.9774
    endloop
  endfacet
  facet normal 0.999388 0 0.0349708
    outer loop
      vertex 84.2665 0 12.8488
      vertex 84.262 -0.95 12.9774
      vertex 84.2665 -0.95 12.8488
    endloop
  endfacet
  facet normal 0.998966 -0 0.0454556
    outer loop
      vertex 84.2577 -0.95 13.0719
      vertex 84.262 0 12.9774
      vertex 84.2577 0 13.0719
    endloop
  endfacet
  facet normal 0.998966 0 0.0454556
    outer loop
      vertex 84.262 0 12.9774
      vertex 84.2577 -0.95 13.0719
      vertex 84.262 -0.95 12.9774
    endloop
  endfacet
  facet normal 0.998654 -0 0.0518609
    outer loop
      vertex 84.2538 -0.95 13.147
      vertex 84.2577 0 13.0719
      vertex 84.2538 0 13.147
    endloop
  endfacet
  facet normal 0.998654 0 0.0518609
    outer loop
      vertex 84.2577 0 13.0719
      vertex 84.2538 -0.95 13.147
      vertex 84.2577 -0.95 13.0719
    endloop
  endfacet
  facet normal 0.998706 -0 0.0508535
    outer loop
      vertex 84.2502 -0.95 13.2177
      vertex 84.2538 0 13.147
      vertex 84.2502 0 13.2177
    endloop
  endfacet
  facet normal 0.998706 0 0.0508535
    outer loop
      vertex 84.2538 0 13.147
      vertex 84.2502 -0.95 13.2177
      vertex 84.2538 -0.95 13.147
    endloop
  endfacet
  facet normal 0.998837 -0 0.0482093
    outer loop
      vertex 84.247 -0.95 13.284
      vertex 84.2502 0 13.2177
      vertex 84.247 0 13.284
    endloop
  endfacet
  facet normal 0.998837 0 0.0482093
    outer loop
      vertex 84.2502 0 13.2177
      vertex 84.247 -0.95 13.284
      vertex 84.2502 -0.95 13.2177
    endloop
  endfacet
  facet normal 0.998904 -0 0.0467984
    outer loop
      vertex 84.2441 -0.95 13.3459
      vertex 84.247 0 13.284
      vertex 84.2441 0 13.3459
    endloop
  endfacet
  facet normal 0.998904 0 0.0467984
    outer loop
      vertex 84.247 0 13.284
      vertex 84.2441 -0.95 13.3459
      vertex 84.247 -0.95 13.284
    endloop
  endfacet
  facet normal 0.998748 -0 0.05003
    outer loop
      vertex 84.2414 -0.95 13.3998
      vertex 84.2441 0 13.3459
      vertex 84.2414 0 13.3998
    endloop
  endfacet
  facet normal 0.998748 0 0.05003
    outer loop
      vertex 84.2441 0 13.3459
      vertex 84.2414 -0.95 13.3998
      vertex 84.2441 -0.95 13.3459
    endloop
  endfacet
  facet normal 0.997979 -0 0.0635505
    outer loop
      vertex 84.2387 -0.95 13.4422
      vertex 84.2414 0 13.3998
      vertex 84.2387 0 13.4422
    endloop
  endfacet
  facet normal 0.997979 0 0.0635505
    outer loop
      vertex 84.2414 0 13.3998
      vertex 84.2387 -0.95 13.4422
      vertex 84.2414 -0.95 13.3998
    endloop
  endfacet
  facet normal 0.99618 -0 0.0873274
    outer loop
      vertex 84.236 -0.95 13.473
      vertex 84.2387 0 13.4422
      vertex 84.236 0 13.473
    endloop
  endfacet
  facet normal 0.99618 0 0.0873274
    outer loop
      vertex 84.2387 0 13.4422
      vertex 84.236 -0.95 13.473
      vertex 84.2387 -0.95 13.4422
    endloop
  endfacet
  facet normal 0.990356 -0 0.138547
    outer loop
      vertex 84.2333 -0.95 13.4923
      vertex 84.236 0 13.473
      vertex 84.2333 0 13.4923
    endloop
  endfacet
  facet normal 0.990356 0 0.138547
    outer loop
      vertex 84.236 0 13.473
      vertex 84.2333 -0.95 13.4923
      vertex 84.236 -0.95 13.473
    endloop
  endfacet
  facet normal -0 0 1
    outer loop
      vertex 83.3111 0 13.4923
      vertex 84.2333 -0.95 13.4923
      vertex 84.2333 0 13.4923
    endloop
  endfacet
  facet normal 0 0 1
    outer loop
      vertex 84.2333 -0.95 13.4923
      vertex 83.3111 0 13.4923
      vertex 83.3111 -0.95 13.4923
    endloop
  endfacet
  facet normal -0.996259 0 -0.0864195
    outer loop
      vertex 83.3253 -0.95 13.3286
      vertex 83.3111 0 13.4923
      vertex 83.3253 0 13.3286
    endloop
  endfacet
  facet normal -0.996259 -0 -0.0864195
    outer loop
      vertex 83.3111 0 13.4923
      vertex 83.3253 -0.95 13.3286
      vertex 83.3111 -0.95 13.4923
    endloop
  endfacet
  facet normal -0.999266 0 -0.038302
    outer loop
      vertex 83.3354 -0.95 13.0651
      vertex 83.3253 0 13.3286
      vertex 83.3354 0 13.0651
    endloop
  endfacet
  facet normal -0.999266 -0 -0.038302
    outer loop
      vertex 83.3253 0 13.3286
      vertex 83.3354 -0.95 13.0651
      vertex 83.3253 -0.95 13.3286
    endloop
  endfacet
  facet normal -0.999859 0 -0.0167974
    outer loop
      vertex 83.3415 -0.95 12.702
      vertex 83.3354 0 13.0651
      vertex 83.3415 0 12.702
    endloop
  endfacet
  facet normal -0.999859 -0 -0.0167974
    outer loop
      vertex 83.3354 0 13.0651
      vertex 83.3415 -0.95 12.702
      vertex 83.3354 -0.95 13.0651
    endloop
  endfacet
  facet normal -0.99999 0 -0.00453657
    outer loop
      vertex 83.3436 -0.95 12.2391
      vertex 83.3415 0 12.702
      vertex 83.3436 0 12.2391
    endloop
  endfacet
  facet normal -0.99999 -0 -0.00453657
    outer loop
      vertex 83.3415 0 12.702
      vertex 83.3436 -0.95 12.2391
      vertex 83.3415 -0.95 12.702
    endloop
  endfacet
  facet normal -1 0 0
    outer loop
      vertex 83.3436 -0.95 7.62251
      vertex 83.3436 0 12.2391
      vertex 83.3436 0 7.62251
    endloop
  endfacet
  facet normal -1 -0 0
    outer loop
      vertex 83.3436 0 12.2391
      vertex 83.3436 -0.95 7.62251
      vertex 83.3436 -0.95 12.2391
    endloop
  endfacet
  facet normal 0 0 -1
    outer loop
      vertex 83.3436 -0.95 7.62251
      vertex 84.3201 0 7.62251
      vertex 84.3201 -0.95 7.62251
    endloop
  endfacet
  facet normal -0 0 -1
    outer loop
      vertex 84.3201 0 7.62251
      vertex 83.3436 -0.95 7.62251
      vertex 83.3436 0 7.62251
    endloop
  endfacet
  facet normal 1 -0 0
    outer loop
      vertex 84.3201 -0.95 11.0239
      vertex 84.3201 0 7.62251
      vertex 84.3201 0 11.0239
    endloop
  endfacet
  facet normal 1 0 0
    outer loop
      vertex 84.3201 0 7.62251
      vertex 84.3201 -0.95 11.0239
      vertex 84.3201 -0.95 7.62251
    endloop
  endfacet
  facet normal 0.163902 0 -0.986477
    outer loop
      vertex 62.2359 -0.95 7.53149
      vertex 62.5511 0 7.58386
      vertex 62.5511 -0.95 7.58386
    endloop
  endfacet
  facet normal 0.163902 0 -0.986477
    outer loop
      vertex 62.5511 0 7.58386
      vertex 62.2359 -0.95 7.53149
      vertex 62.2359 0 7.53149
    endloop
  endfacet
  facet normal 0.289844 0 -0.957074
    outer loop
      vertex 62.5511 -0.95 7.58386
      vertex 62.8394 0 7.67117
      vertex 62.8394 -0.95 7.67117
    endloop
  endfacet
  facet normal 0.289844 0 -0.957074
    outer loop
      vertex 62.8394 0 7.67117
      vertex 62.5511 -0.95 7.58386
      vertex 62.5511 0 7.58386
    endloop
  endfacet
  facet normal 0.423255 0 -0.906011
    outer loop
      vertex 62.8394 -0.95 7.67117
      vertex 63.101 0 7.79338
      vertex 63.101 -0.95 7.79338
    endloop
  endfacet
  facet normal 0.423255 0 -0.906011
    outer loop
      vertex 63.101 0 7.79338
      vertex 62.8394 -0.95 7.67117
      vertex 62.8394 0 7.67117
    endloop
  endfacet
  facet normal 0.563886 0 -0.825852
    outer loop
      vertex 63.101 -0.95 7.79338
      vertex 63.3416 0 7.95766
      vertex 63.3416 -0.95 7.95766
    endloop
  endfacet
  facet normal 0.563886 0 -0.825852
    outer loop
      vertex 63.3416 0 7.95766
      vertex 63.101 -0.95 7.79338
      vertex 63.101 0 7.79338
    endloop
  endfacet
  facet normal 0.687707 0 -0.725988
    outer loop
      vertex 63.3416 -0.95 7.95766
      vertex 63.5669 0 8.17108
      vertex 63.5669 -0.95 8.17108
    endloop
  endfacet
  facet normal 0.687707 0 -0.725988
    outer loop
      vertex 63.5669 0 8.17108
      vertex 63.3416 -0.95 7.95766
      vertex 63.3416 0 7.95766
    endloop
  endfacet
  facet normal 0.780851 0 -0.624717
    outer loop
      vertex 63.777 -0.95 8.43369
      vertex 63.5669 0 8.17108
      vertex 63.777 0 8.43369
    endloop
  endfacet
  facet normal 0.780851 0 -0.624717
    outer loop
      vertex 63.5669 0 8.17108
      vertex 63.777 -0.95 8.43369
      vertex 63.5669 -0.95 8.17108
    endloop
  endfacet
  facet normal 0.848075 0 -0.529877
    outer loop
      vertex 63.9718 -0.95 8.74547
      vertex 63.777 0 8.43369
      vertex 63.9718 0 8.74547
    endloop
  endfacet
  facet normal 0.848075 0 -0.529877
    outer loop
      vertex 63.777 0 8.43369
      vertex 63.9718 -0.95 8.74547
      vertex 63.777 -0.95 8.43369
    endloop
  endfacet
  facet normal 0 0 -1
    outer loop
      vertex 63.9718 -0.95 8.74547
      vertex 64.0042 0 8.74547
      vertex 64.0042 -0.95 8.74547
    endloop
  endfacet
  facet normal -0 0 -1
    outer loop
      vertex 64.0042 0 8.74547
      vertex 63.9718 -0.95 8.74547
      vertex 63.9718 0 8.74547
    endloop
  endfacet
  facet normal -0.994562 0 -0.104144
    outer loop
      vertex 64.0339 -0.95 8.46184
      vertex 64.0042 0 8.74547
      vertex 64.0339 0 8.46184
    endloop
  endfacet
  facet normal -0.994562 -0 -0.104144
    outer loop
      vertex 64.0042 0 8.74547
      vertex 64.0339 -0.95 8.46184
      vertex 64.0042 -0.95 8.74547
    endloop
  endfacet
  facet normal -0.974074 0 -0.226231
    outer loop
      vertex 64.0904 -0.95 8.21857
      vertex 64.0339 0 8.46184
      vertex 64.0904 0 8.21857
    endloop
  endfacet
  facet normal -0.974074 -0 -0.226231
    outer loop
      vertex 64.0339 0 8.46184
      vertex 64.0904 -0.95 8.21857
      vertex 64.0339 -0.95 8.46184
    endloop
  endfacet
  facet normal -0.925254 0 -0.379348
    outer loop
      vertex 64.1736 -0.95 8.01564
      vertex 64.0904 0 8.21857
      vertex 64.1736 0 8.01564
    endloop
  endfacet
  facet normal -0.925254 -0 -0.379348
    outer loop
      vertex 64.0904 0 8.21857
      vertex 64.1736 -0.95 8.01564
      vertex 64.0904 -0.95 8.21857
    endloop
  endfacet
  facet normal -0.828222 0 -0.560401
    outer loop
      vertex 64.2836 -0.95 7.85307
      vertex 64.1736 0 8.01564
      vertex 64.2836 0 7.85307
    endloop
  endfacet
  facet normal -0.828222 -0 -0.560401
    outer loop
      vertex 64.1736 0 8.01564
      vertex 64.2836 -0.95 7.85307
      vertex 64.1736 -0.95 8.01564
    endloop
  endfacet
  facet normal -0.659816 0 -0.751427
    outer loop
      vertex 64.2836 -0.95 7.85307
      vertex 64.4255 0 7.72847
      vertex 64.4255 -0.95 7.72847
    endloop
  endfacet
  facet normal -0.659816 0 -0.751427
    outer loop
      vertex 64.4255 0 7.72847
      vertex 64.2836 -0.95 7.85307
      vertex 64.2836 0 7.85307
    endloop
  endfacet
  facet normal -0.445411 0 -0.895326
    outer loop
      vertex 64.4255 -0.95 7.72847
      vertex 64.6044 0 7.63947
      vertex 64.6044 -0.95 7.63947
    endloop
  endfacet
  facet normal -0.445411 0 -0.895326
    outer loop
      vertex 64.6044 0 7.63947
      vertex 64.4255 -0.95 7.72847
      vertex 64.4255 0 7.72847
    endloop
  endfacet
  facet normal -0.240206 0 -0.970722
    outer loop
      vertex 64.6044 -0.95 7.63947
      vertex 64.8202 0 7.58607
      vertex 64.8202 -0.95 7.58607
    endloop
  endfacet
  facet normal -0.240206 0 -0.970722
    outer loop
      vertex 64.8202 0 7.58607
      vertex 64.6044 -0.95 7.63947
      vertex 64.6044 0 7.63947
    endloop
  endfacet
  facet normal -0.0702375 0 -0.99753
    outer loop
      vertex 64.8202 -0.95 7.58607
      vertex 65.073 0 7.56827
      vertex 65.073 -0.95 7.56827
    endloop
  endfacet
  facet normal -0.0702375 0 -0.99753
    outer loop
      vertex 65.073 0 7.56827
      vertex 64.8202 -0.95 7.58607
      vertex 64.8202 0 7.58607
    endloop
  endfacet
  facet normal 0.0283289 0 -0.999599
    outer loop
      vertex 65.073 -0.95 7.56827
      vertex 65.2646 0 7.5737
      vertex 65.2646 -0.95 7.5737
    endloop
  endfacet
  facet normal 0.0283289 0 -0.999599
    outer loop
      vertex 65.2646 0 7.5737
      vertex 65.073 -0.95 7.56827
      vertex 65.073 0 7.56827
    endloop
  endfacet
  facet normal 0.0855428 0 -0.996334
    outer loop
      vertex 65.2646 -0.95 7.5737
      vertex 65.4541 0 7.58997
      vertex 65.4541 -0.95 7.58997
    endloop
  endfacet
  facet normal 0.0855428 0 -0.996334
    outer loop
      vertex 65.4541 0 7.58997
      vertex 65.2646 -0.95 7.5737
      vertex 65.2646 0 7.5737
    endloop
  endfacet
  facet normal 0.143202 0 -0.989693
    outer loop
      vertex 65.4541 -0.95 7.58997
      vertex 65.6416 0 7.6171
      vertex 65.6416 -0.95 7.6171
    endloop
  endfacet
  facet normal 0.143202 0 -0.989693
    outer loop
      vertex 65.6416 0 7.6171
      vertex 65.4541 -0.95 7.58997
      vertex 65.4541 0 7.58997
    endloop
  endfacet
  facet normal 0.200687 0 -0.979655
    outer loop
      vertex 65.6416 -0.95 7.6171
      vertex 65.827 0 7.65508
      vertex 65.827 -0.95 7.65508
    endloop
  endfacet
  facet normal 0.200687 0 -0.979655
    outer loop
      vertex 65.827 0 7.65508
      vertex 65.6416 -0.95 7.6171
      vertex 65.6416 0 7.6171
    endloop
  endfacet
  facet normal 1 -0 0
    outer loop
      vertex 65.827 -0.95 8.26266
      vertex 65.827 0 7.65508
      vertex 65.827 0 8.26266
    endloop
  endfacet
  facet normal 1 0 0
    outer loop
      vertex 65.827 0 7.65508
      vertex 65.827 -0.95 8.26266
      vertex 65.827 -0.95 7.65508
    endloop
  endfacet
  facet normal -0.187325 0 0.982298
    outer loop
      vertex 65.7399 0 8.24605
      vertex 65.827 -0.95 8.26266
      vertex 65.827 0 8.26266
    endloop
  endfacet
  facet normal -0.187325 0 0.982298
    outer loop
      vertex 65.827 -0.95 8.26266
      vertex 65.7399 0 8.24605
      vertex 65.7399 -0.95 8.24605
    endloop
  endfacet
  facet normal -0.142987 0 0.989725
    outer loop
      vertex 65.6576 0 8.23416
      vertex 65.7399 -0.95 8.24605
      vertex 65.7399 0 8.24605
    endloop
  endfacet
  facet normal -0.142987 0 0.989725
    outer loop
      vertex 65.7399 -0.95 8.24605
      vertex 65.6576 0 8.23416
      vertex 65.6576 -0.95 8.23416
    endloop
  endfacet
  facet normal -0.0912522 0 0.995828
    outer loop
      vertex 65.5799 0 8.22704
      vertex 65.6576 -0.95 8.23416
      vertex 65.6576 0 8.23416
    endloop
  endfacet
  facet normal -0.0912522 0 0.995828
    outer loop
      vertex 65.6576 -0.95 8.23416
      vertex 65.5799 0 8.22704
      vertex 65.5799 -0.95 8.22704
    endloop
  endfacet
  facet normal -0.0324931 0 0.999472
    outer loop
      vertex 65.507 0 8.22467
      vertex 65.5799 -0.95 8.22704
      vertex 65.5799 0 8.22704
    endloop
  endfacet
  facet normal -0.0324931 0 0.999472
    outer loop
      vertex 65.5799 -0.95 8.22704
      vertex 65.507 0 8.22467
      vertex 65.507 -0.95 8.22467
    endloop
  endfacet
  facet normal 0.0929339 0 0.995672
    outer loop
      vertex 65.3599 0 8.2384
      vertex 65.507 -0.95 8.22467
      vertex 65.507 0 8.22467
    endloop
  endfacet
  facet normal 0.0929339 0 0.995672
    outer loop
      vertex 65.507 -0.95 8.22467
      vertex 65.3599 0 8.2384
      vertex 65.3599 -0.95 8.2384
    endloop
  endfacet
  facet normal 0.321301 0 0.946977
    outer loop
      vertex 65.2385 0 8.27959
      vertex 65.3599 -0.95 8.2384
      vertex 65.3599 0 8.2384
    endloop
  endfacet
  facet normal 0.321301 0 0.946977
    outer loop
      vertex 65.3599 -0.95 8.2384
      vertex 65.2385 0 8.27959
      vertex 65.2385 -0.95 8.27959
    endloop
  endfacet
  facet normal 0.582884 0 0.812556
    outer loop
      vertex 65.1428 0 8.34824
      vertex 65.2385 -0.95 8.27959
      vertex 65.2385 0 8.27959
    endloop
  endfacet
  facet normal 0.582884 0 0.812556
    outer loop
      vertex 65.2385 -0.95 8.27959
      vertex 65.1428 0 8.34824
      vertex 65.1428 -0.95 8.34824
    endloop
  endfacet
  facet normal 0.809129 -0 0.587631
    outer loop
      vertex 65.073 -0.95 8.44435
      vertex 65.1428 0 8.34824
      vertex 65.073 0 8.44435
    endloop
  endfacet
  facet normal 0.809129 0 0.587631
    outer loop
      vertex 65.1428 0 8.34824
      vertex 65.073 -0.95 8.44435
      vertex 65.1428 -0.95 8.34824
    endloop
  endfacet
  facet normal 0.926923 -0 0.375251
    outer loop
      vertex 65.0231 -0.95 8.56761
      vertex 65.073 0 8.44435
      vertex 65.0231 0 8.56761
    endloop
  endfacet
  facet normal 0.926923 0 0.375251
    outer loop
      vertex 65.073 0 8.44435
      vertex 65.0231 -0.95 8.56761
      vertex 65.073 -0.95 8.44435
    endloop
  endfacet
  facet normal 0.972994 -0 0.230832
    outer loop
      vertex 64.9875 -0.95 8.71767
      vertex 65.0231 0 8.56761
      vertex 64.9875 0 8.71767
    endloop
  endfacet
  facet normal 0.972994 0 0.230832
    outer loop
      vertex 65.0231 0 8.56761
      vertex 64.9875 -0.95 8.71767
      vertex 65.0231 -0.95 8.56761
    endloop
  endfacet
  facet normal 0.992823 -0 0.11959
    outer loop
      vertex 64.9662 -0.95 8.8945
      vertex 64.9875 0 8.71767
      vertex 64.9662 0 8.8945
    endloop
  endfacet
  facet normal 0.992823 0 0.11959
    outer loop
      vertex 64.9875 0 8.71767
      vertex 64.9662 -0.95 8.8945
      vertex 64.9875 -0.95 8.71767
    endloop
  endfacet
  facet normal 0.999375 -0 0.0353396
    outer loop
      vertex 64.959 -0.95 9.09811
      vertex 64.9662 0 8.8945
      vertex 64.959 0 9.09811
    endloop
  endfacet
  facet normal 0.999375 0 0.0353396
    outer loop
      vertex 64.9662 0 8.8945
      vertex 64.959 -0.95 9.09811
      vertex 64.9662 -0.95 8.8945
    endloop
  endfacet
  facet normal 1 -0 0
    outer loop
      vertex 64.959 -0.95 11.6262
      vertex 64.959 0 9.09811
      vertex 64.959 0 11.6262
    endloop
  endfacet
  facet normal 1 0 0
    outer loop
      vertex 64.959 0 9.09811
      vertex 64.959 -0.95 11.6262
      vertex 64.959 -0.95 9.09811
    endloop
  endfacet
  facet normal 0.997028 -0 0.0770341
    outer loop
      vertex 64.9241 -0.95 12.0779
      vertex 64.959 0 11.6262
      vertex 64.9241 0 12.0779
    endloop
  endfacet
  facet normal 0.997028 0 0.0770341
    outer loop
      vertex 64.959 0 11.6262
      vertex 64.9241 -0.95 12.0779
      vertex 64.959 -0.95 11.6262
    endloop
  endfacet
  facet normal 0.966591 -0 0.256323
    outer loop
      vertex 64.8193 -0.95 12.4731
      vertex 64.9241 0 12.0779
      vertex 64.8193 0 12.4731
    endloop
  endfacet
  facet normal 0.966591 0 0.256323
    outer loop
      vertex 64.9241 0 12.0779
      vertex 64.8193 -0.95 12.4731
      vertex 64.9241 -0.95 12.0779
    endloop
  endfacet
  facet normal 0.888738 -0 0.458416
    outer loop
      vertex 64.6447 -0.95 12.8116
      vertex 64.8193 0 12.4731
      vertex 64.6447 0 12.8116
    endloop
  endfacet
  facet normal 0.888738 0 0.458416
    outer loop
      vertex 64.8193 0 12.4731
      vertex 64.6447 -0.95 12.8116
      vertex 64.8193 -0.95 12.4731
    endloop
  endfacet
  facet normal 0.755441 -0 0.655216
    outer loop
      vertex 64.4002 -0.95 13.0935
      vertex 64.6447 0 12.8116
      vertex 64.4002 0 13.0935
    endloop
  endfacet
  facet normal 0.755441 0 0.655216
    outer loop
      vertex 64.6447 0 12.8116
      vertex 64.4002 -0.95 13.0935
      vertex 64.6447 -0.95 12.8116
    endloop
  endfacet
  facet normal 0.577786 0 0.816188
    outer loop
      vertex 64.0866 0 13.3155
      vertex 64.4002 -0.95 13.0935
      vertex 64.4002 0 13.0935
    endloop
  endfacet
  facet normal 0.577786 0 0.816188
    outer loop
      vertex 64.4002 -0.95 13.0935
      vertex 64.0866 0 13.3155
      vertex 64.0866 -0.95 13.3155
    endloop
  endfacet
  facet normal 0.383156 0 0.923684
    outer loop
      vertex 63.7045 0 13.474
      vertex 64.0866 -0.95 13.3155
      vertex 64.0866 0 13.3155
    endloop
  endfacet
  facet normal 0.383156 0 0.923684
    outer loop
      vertex 64.0866 -0.95 13.3155
      vertex 63.7045 0 13.474
      vertex 63.7045 -0.95 13.474
    endloop
  endfacet
  facet normal 0.206503 0 0.978446
    outer loop
      vertex 63.2539 0 13.5691
      vertex 63.7045 -0.95 13.474
      vertex 63.7045 0 13.474
    endloop
  endfacet
  facet normal 0.206503 0 0.978446
    outer loop
      vertex 63.7045 -0.95 13.474
      vertex 63.2539 0 13.5691
      vertex 63.2539 -0.95 13.5691
    endloop
  endfacet
  facet normal 0.0609537 0 0.998141
    outer loop
      vertex 62.7348 0 13.6008
      vertex 63.2539 -0.95 13.5691
      vertex 63.2539 0 13.5691
    endloop
  endfacet
  facet normal 0.0609537 0 0.998141
    outer loop
      vertex 63.2539 -0.95 13.5691
      vertex 62.7348 0 13.6008
      vertex 62.7348 -0.95 13.6008
    endloop
  endfacet
  facet normal -0.105127 0 0.994459
    outer loop
      vertex 61.7983 0 13.5018
      vertex 62.7348 -0.95 13.6008
      vertex 62.7348 0 13.6008
    endloop
  endfacet
  facet normal -0.105127 0 0.994459
    outer loop
      vertex 62.7348 -0.95 13.6008
      vertex 61.7983 0 13.5018
      vertex 61.7983 -0.95 13.5018
    endloop
  endfacet
  facet normal -0.388466 0 0.921463
    outer loop
      vertex 61.0938 0 13.2048
      vertex 61.7983 -0.95 13.5018
      vertex 61.7983 0 13.5018
    endloop
  endfacet
  facet normal -0.388466 0 0.921463
    outer loop
      vertex 61.7983 -0.95 13.5018
      vertex 61.0938 0 13.2048
      vertex 61.0938 -0.95 13.2048
    endloop
  endfacet
  facet normal -0.72321 0 0.690629
    outer loop
      vertex 60.6211 -0.95 12.7098
      vertex 61.0938 0 13.2048
      vertex 60.6211 0 12.7098
    endloop
  endfacet
  facet normal -0.72321 0 0.690629
    outer loop
      vertex 61.0938 0 13.2048
      vertex 60.6211 -0.95 12.7098
      vertex 61.0938 -0.95 13.2048
    endloop
  endfacet
  facet normal -0.944657 0 0.328061
    outer loop
      vertex 60.3804 -0.95 12.0167
      vertex 60.6211 0 12.7098
      vertex 60.3804 0 12.0167
    endloop
  endfacet
  facet normal -0.944657 0 0.328061
    outer loop
      vertex 60.6211 0 12.7098
      vertex 60.3804 -0.95 12.0167
      vertex 60.6211 -0.95 12.7098
    endloop
  endfacet
  facet normal -0.0900426 0 -0.995938
    outer loop
      vertex 60.3804 -0.95 12.0167
      vertex 61.4002 0 11.9245
      vertex 61.4002 -0.95 11.9245
    endloop
  endfacet
  facet normal -0.0900426 0 -0.995938
    outer loop
      vertex 61.4002 0 11.9245
      vertex 60.3804 -0.95 12.0167
      vertex 60.3804 0 12.0167
    endloop
  endfacet
  facet normal 0.981157 0 -0.193212
    outer loop
      vertex 61.445 -0.95 12.152
      vertex 61.4002 0 11.9245
      vertex 61.445 0 12.152
    endloop
  endfacet
  facet normal 0.981157 0 -0.193212
    outer loop
      vertex 61.4002 0 11.9245
      vertex 61.445 -0.95 12.152
      vertex 61.4002 -0.95 11.9245
    endloop
  endfacet
  facet normal 0.933556 0 -0.358432
    outer loop
      vertex 61.5196 -0.95 12.3463
      vertex 61.445 0 12.152
      vertex 61.5196 0 12.3463
    endloop
  endfacet
  facet normal 0.933556 0 -0.358432
    outer loop
      vertex 61.445 0 12.152
      vertex 61.5196 -0.95 12.3463
      vertex 61.445 -0.95 12.152
    endloop
  endfacet
  facet normal 0.839038 0 -0.544072
    outer loop
      vertex 61.624 -0.95 12.5073
      vertex 61.5196 0 12.3463
      vertex 61.624 0 12.5073
    endloop
  endfacet
  facet normal 0.839038 0 -0.544072
    outer loop
      vertex 61.5196 0 12.3463
      vertex 61.624 -0.95 12.5073
      vertex 61.5196 -0.95 12.3463
    endloop
  endfacet
  facet normal 0.689359 0 -0.72442
    outer loop
      vertex 61.624 -0.95 12.5073
      vertex 61.7583 0 12.6351
      vertex 61.7583 -0.95 12.6351
    endloop
  endfacet
  facet normal 0.689359 0 -0.72442
    outer loop
      vertex 61.7583 0 12.6351
      vertex 61.624 -0.95 12.5073
      vertex 61.624 0 12.5073
    endloop
  endfacet
  facet normal 0.493626 0 -0.869674
    outer loop
      vertex 61.7583 -0.95 12.6351
      vertex 61.9299 0 12.7325
      vertex 61.9299 -0.95 12.7325
    endloop
  endfacet
  facet normal 0.493626 0 -0.869674
    outer loop
      vertex 61.9299 0 12.7325
      vertex 61.7583 -0.95 12.6351
      vertex 61.7583 0 12.6351
    endloop
  endfacet
  facet normal 0.305909 0 -0.952061
    outer loop
      vertex 61.9299 -0.95 12.7325
      vertex 62.1462 0 12.802
      vertex 62.1462 -0.95 12.802
    endloop
  endfacet
  facet normal 0.305909 0 -0.952061
    outer loop
      vertex 62.1462 0 12.802
      vertex 61.9299 -0.95 12.7325
      vertex 61.9299 0 12.7325
    endloop
  endfacet
  facet normal 0.15771 0 -0.987485
    outer loop
      vertex 62.1462 -0.95 12.802
      vertex 62.4073 0 12.8437
      vertex 62.4073 -0.95 12.8437
    endloop
  endfacet
  facet normal 0.15771 0 -0.987485
    outer loop
      vertex 62.4073 0 12.8437
      vertex 62.1462 -0.95 12.802
      vertex 62.1462 0 12.802
    endloop
  endfacet
  facet normal 0.0454077 0 -0.998969
    outer loop
      vertex 62.4073 -0.95 12.8437
      vertex 62.7131 0 12.8576
      vertex 62.7131 -0.95 12.8576
    endloop
  endfacet
  facet normal 0.0454077 0 -0.998969
    outer loop
      vertex 62.7131 0 12.8576
      vertex 62.4073 -0.95 12.8437
      vertex 62.4073 0 12.8437
    endloop
  endfacet
  facet normal -0.0634008 0 -0.997988
    outer loop
      vertex 62.7131 -0.95 12.8576
      vertex 63.0169 0 12.8383
      vertex 63.0169 -0.95 12.8383
    endloop
  endfacet
  facet normal -0.0634008 0 -0.997988
    outer loop
      vertex 63.0169 0 12.8383
      vertex 62.7131 -0.95 12.8576
      vertex 62.7131 0 12.8576
    endloop
  endfacet
  facet normal -0.217407 0 -0.976081
    outer loop
      vertex 63.0169 -0.95 12.8383
      vertex 63.2773 0 12.7803
      vertex 63.2773 -0.95 12.7803
    endloop
  endfacet
  facet normal -0.217407 0 -0.976081
    outer loop
      vertex 63.2773 0 12.7803
      vertex 63.0169 -0.95 12.8383
      vertex 63.0169 0 12.8383
    endloop
  endfacet
  facet normal -0.407037 0 -0.913412
    outer loop
      vertex 63.2773 -0.95 12.7803
      vertex 63.4943 0 12.6836
      vertex 63.4943 -0.95 12.6836
    endloop
  endfacet
  facet normal -0.407037 0 -0.913412
    outer loop
      vertex 63.4943 0 12.6836
      vertex 63.2773 -0.95 12.7803
      vertex 63.2773 0 12.7803
    endloop
  endfacet
  facet normal -0.614727 0 -0.78874
    outer loop
      vertex 63.4943 -0.95 12.6836
      vertex 63.6679 0 12.5483
      vertex 63.6679 -0.95 12.5483
    endloop
  endfacet
  facet normal -0.614727 0 -0.78874
    outer loop
      vertex 63.6679 0 12.5483
      vertex 63.4943 -0.95 12.6836
      vertex 63.4943 0 12.6836
    endloop
  endfacet
  facet normal -0.804269 0 -0.594265
    outer loop
      vertex 63.8009 -0.95 12.3683
      vertex 63.6679 0 12.5483
      vertex 63.8009 0 12.3683
    endloop
  endfacet
  facet normal -0.804269 -0 -0.594265
    outer loop
      vertex 63.6679 0 12.5483
      vertex 63.8009 -0.95 12.3683
      vertex 63.6679 -0.95 12.5483
    endloop
  endfacet
  facet normal -0.924927 0 -0.380145
    outer loop
      vertex 63.8958 -0.95 12.1374
      vertex 63.8009 0 12.3683
      vertex 63.8958 0 12.1374
    endloop
  endfacet
  facet normal -0.924927 -0 -0.380145
    outer loop
      vertex 63.8009 0 12.3683
      vertex 63.8958 -0.95 12.1374
      vertex 63.8009 -0.95 12.3683
    endloop
  endfacet
  facet normal -0.980137 0 -0.198324
    outer loop
      vertex 63.9528 -0.95 11.8557
      vertex 63.8958 0 12.1374
      vertex 63.9528 0 11.8557
    endloop
  endfacet
  facet normal -0.980137 -0 -0.198324
    outer loop
      vertex 63.8958 0 12.1374
      vertex 63.9528 -0.95 11.8557
      vertex 63.8958 -0.95 12.1374
    endloop
  endfacet
  facet normal -0.998372 0 -0.0570327
    outer loop
      vertex 63.9718 -0.95 11.5231
      vertex 63.9528 0 11.8557
      vertex 63.9718 0 11.5231
    endloop
  endfacet
  facet normal -0.998372 -0 -0.0570327
    outer loop
      vertex 63.9528 0 11.8557
      vertex 63.9718 -0.95 11.5231
      vertex 63.9528 -0.95 11.8557
    endloop
  endfacet
  facet normal -1 0 0
    outer loop
      vertex 63.9718 -0.95 11.203
      vertex 63.9718 0 11.5231
      vertex 63.9718 0 11.203
    endloop
  endfacet
  facet normal -1 -0 0
    outer loop
      vertex 63.9718 0 11.5231
      vertex 63.9718 -0.95 11.203
      vertex 63.9718 -0.95 11.5231
    endloop
  endfacet
  facet normal -0.0164571 0 0.999865
    outer loop
      vertex 62.6534 0 11.1813
      vertex 63.9718 -0.95 11.203
      vertex 63.9718 0 11.203
    endloop
  endfacet
  facet normal -0.0164571 0 0.999865
    outer loop
      vertex 63.9718 -0.95 11.203
      vertex 62.6534 0 11.1813
      vertex 62.6534 -0.95 11.1813
    endloop
  endfacet
  facet normal -0.0717604 0 0.997422
    outer loop
      vertex 62.0321 0 11.1366
      vertex 62.6534 -0.95 11.1813
      vertex 62.6534 0 11.1813
    endloop
  endfacet
  facet normal -0.0717604 0 0.997422
    outer loop
      vertex 62.6534 -0.95 11.1813
      vertex 62.0321 0 11.1366
      vertex 62.0321 -0.95 11.1366
    endloop
  endfacet
  facet normal -0.188834 0 0.982009
    outer loop
      vertex 61.5027 0 11.0348
      vertex 62.0321 -0.95 11.1366
      vertex 62.0321 0 11.1366
    endloop
  endfacet
  facet normal -0.188834 0 0.982009
    outer loop
      vertex 62.0321 -0.95 11.1366
      vertex 61.5027 0 11.0348
      vertex 61.5027 -0.95 11.0348
    endloop
  endfacet
  facet normal -0.340932 0 0.940088
    outer loop
      vertex 61.0651 0 10.8761
      vertex 61.5027 -0.95 11.0348
      vertex 61.5027 0 11.0348
    endloop
  endfacet
  facet normal -0.340932 0 0.940088
    outer loop
      vertex 61.5027 -0.95 11.0348
      vertex 61.0651 0 10.8761
      vertex 61.0651 -0.95 10.8761
    endloop
  endfacet
  facet normal -0.529182 0 0.848508
    outer loop
      vertex 60.7194 0 10.6605
      vertex 61.0651 -0.95 10.8761
      vertex 61.0651 0 10.8761
    endloop
  endfacet
  facet normal -0.529182 0 0.848508
    outer loop
      vertex 61.0651 -0.95 10.8761
      vertex 60.7194 0 10.6605
      vertex 60.7194 -0.95 10.6605
    endloop
  endfacet
  facet normal -0.718166 0 0.695872
    outer loop
      vertex 60.4572 -0.95 10.3899
      vertex 60.7194 0 10.6605
      vertex 60.4572 0 10.3899
    endloop
  endfacet
  facet normal -0.718166 0 0.695872
    outer loop
      vertex 60.7194 0 10.6605
      vertex 60.4572 -0.95 10.3899
      vertex 60.7194 -0.95 10.6605
    endloop
  endfacet
  facet normal -0.865347 0 0.501173
    outer loop
      vertex 60.2699 -0.95 10.0665
      vertex 60.4572 0 10.3899
      vertex 60.2699 0 10.0665
    endloop
  endfacet
  facet normal -0.865347 0 0.501173
    outer loop
      vertex 60.4572 0 10.3899
      vertex 60.2699 -0.95 10.0665
      vertex 60.4572 -0.95 10.3899
    endloop
  endfacet
  facet normal -0.958192 0 0.286126
    outer loop
      vertex 60.1575 -0.95 9.69009
      vertex 60.2699 0 10.0665
      vertex 60.1575 0 9.69009
    endloop
  endfacet
  facet normal -0.958192 0 0.286126
    outer loop
      vertex 60.2699 0 10.0665
      vertex 60.1575 -0.95 9.69009
      vertex 60.2699 -0.95 10.0665
    endloop
  endfacet
  facet normal -0.996206 0 0.0870282
    outer loop
      vertex 60.12 -0.95 9.26083
      vertex 60.1575 0 9.69009
      vertex 60.12 0 9.26083
    endloop
  endfacet
  facet normal -0.996206 0 0.0870282
    outer loop
      vertex 60.1575 0 9.69009
      vertex 60.12 -0.95 9.26083
      vertex 60.1575 -0.95 9.69009
    endloop
  endfacet
  facet normal -0.997405 0 -0.0719942
    outer loop
      vertex 60.1478 -0.95 8.87569
      vertex 60.12 0 9.26083
      vertex 60.1478 0 8.87569
    endloop
  endfacet
  facet normal -0.997405 -0 -0.0719942
    outer loop
      vertex 60.12 0 9.26083
      vertex 60.1478 -0.95 8.87569
      vertex 60.12 -0.95 9.26083
    endloop
  endfacet
  facet normal -0.971493 0 -0.237067
    outer loop
      vertex 60.2312 -0.95 8.53392
      vertex 60.1478 0 8.87569
      vertex 60.2312 0 8.53392
    endloop
  endfacet
  facet normal -0.971493 -0 -0.237067
    outer loop
      vertex 60.1478 0 8.87569
      vertex 60.2312 -0.95 8.53392
      vertex 60.1478 -0.95 8.87569
    endloop
  endfacet
  facet normal -0.906451 0 -0.422312
    outer loop
      vertex 60.3702 -0.95 8.23557
      vertex 60.2312 0 8.53392
      vertex 60.3702 0 8.23557
    endloop
  endfacet
  facet normal -0.906451 -0 -0.422312
    outer loop
      vertex 60.2312 0 8.53392
      vertex 60.3702 -0.95 8.23557
      vertex 60.2312 -0.95 8.53392
    endloop
  endfacet
  facet normal -0.794936 0 -0.606693
    outer loop
      vertex 60.5648 -0.95 7.98059
      vertex 60.3702 0 8.23557
      vertex 60.5648 0 7.98059
    endloop
  endfacet
  facet normal -0.794936 -0 -0.606693
    outer loop
      vertex 60.3702 0 8.23557
      vertex 60.5648 -0.95 7.98059
      vertex 60.3702 -0.95 8.23557
    endloop
  endfacet
  facet normal -0.6326 0 -0.774479
    outer loop
      vertex 60.5648 -0.95 7.98059
      vertex 60.8147 0 7.77647
      vertex 60.8147 -0.95 7.77647
    endloop
  endfacet
  facet normal -0.6326 0 -0.774479
    outer loop
      vertex 60.8147 0 7.77647
      vertex 60.5648 -0.95 7.98059
      vertex 60.5648 0 7.98059
    endloop
  endfacet
  facet normal -0.431542 0 -0.902093
    outer loop
      vertex 60.8147 -0.95 7.77647
      vertex 61.1195 0 7.63066
      vertex 61.1195 -0.95 7.63066
    endloop
  endfacet
  facet normal -0.431542 0 -0.902093
    outer loop
      vertex 61.1195 0 7.63066
      vertex 60.8147 -0.95 7.77647
      vertex 60.8147 0 7.77647
    endloop
  endfacet
  facet normal -0.236252 0 -0.971692
    outer loop
      vertex 61.1195 -0.95 7.63066
      vertex 61.4793 0 7.54318
      vertex 61.4793 -0.95 7.54318
    endloop
  endfacet
  facet normal -0.236252 0 -0.971692
    outer loop
      vertex 61.4793 0 7.54318
      vertex 61.1195 -0.95 7.63066
      vertex 61.1195 0 7.63066
    endloop
  endfacet
  facet normal -0.0701595 0 -0.997536
    outer loop
      vertex 61.4793 -0.95 7.54318
      vertex 61.8939 0 7.51402
      vertex 61.8939 -0.95 7.51402
    endloop
  endfacet
  facet normal -0.0701595 0 -0.997536
    outer loop
      vertex 61.8939 0 7.51402
      vertex 61.4793 -0.95 7.54318
      vertex 61.4793 0 7.54318
    endloop
  endfacet
  facet normal 0.0510154 0 -0.998698
    outer loop
      vertex 61.8939 -0.95 7.51402
      vertex 62.2359 0 7.53149
      vertex 62.2359 -0.95 7.53149
    endloop
  endfacet
  facet normal 0.0510154 0 -0.998698
    outer loop
      vertex 62.2359 0 7.53149
      vertex 61.8939 -0.95 7.51402
      vertex 61.8939 0 7.51402
    endloop
  endfacet
  facet normal 0.240014 0 0.97077
    outer loop
      vertex 61.6939 0 8.31145
      vertex 61.8914 -0.95 8.26262
      vertex 61.8914 0 8.26262
    endloop
  endfacet
  facet normal 0.240014 0 0.97077
    outer loop
      vertex 61.8914 -0.95 8.26262
      vertex 61.6939 0 8.31145
      vertex 61.6939 -0.95 8.31145
    endloop
  endfacet
  facet normal 0.431532 0 0.902097
    outer loop
      vertex 61.5238 0 8.39282
      vertex 61.6939 -0.95 8.31145
      vertex 61.6939 0 8.31145
    endloop
  endfacet
  facet normal 0.431532 0 0.902097
    outer loop
      vertex 61.6939 -0.95 8.31145
      vertex 61.5238 0 8.39282
      vertex 61.5238 -0.95 8.39282
    endloop
  endfacet
  facet normal 0.624428 0 0.781083
    outer loop
      vertex 61.3813 0 8.50674
      vertex 61.5238 -0.95 8.39282
      vertex 61.5238 0 8.39282
    endloop
  endfacet
  facet normal 0.624428 0 0.781083
    outer loop
      vertex 61.5238 -0.95 8.39282
      vertex 61.3813 0 8.50674
      vertex 61.3813 -0.95 8.50674
    endloop
  endfacet
  facet normal 0.786749 -0 0.617273
    outer loop
      vertex 61.2685 -0.95 8.65051
      vertex 61.3813 0 8.50674
      vertex 61.2685 0 8.65051
    endloop
  endfacet
  facet normal 0.786749 0 0.617273
    outer loop
      vertex 61.3813 0 8.50674
      vertex 61.2685 -0.95 8.65051
      vertex 61.3813 -0.95 8.50674
    endloop
  endfacet
  facet normal 0.904663 -0 0.426128
    outer loop
      vertex 61.188 -0.95 8.82141
      vertex 61.2685 0 8.65051
      vertex 61.188 0 8.82141
    endloop
  endfacet
  facet normal 0.904663 0 0.426128
    outer loop
      vertex 61.2685 0 8.65051
      vertex 61.188 -0.95 8.82141
      vertex 61.2685 -0.95 8.65051
    endloop
  endfacet
  facet normal 0.97152 -0 0.236956
    outer loop
      vertex 61.1397 -0.95 9.01944
      vertex 61.188 0 8.82141
      vertex 61.1397 0 9.01944
    endloop
  endfacet
  facet normal 0.97152 0 0.236956
    outer loop
      vertex 61.188 0 8.82141
      vertex 61.1397 -0.95 9.01944
      vertex 61.188 -0.95 8.82141
    endloop
  endfacet
  facet normal 0.997453 -0 0.0713289
    outer loop
      vertex 61.1236 -0.95 9.24458
      vertex 61.1397 0 9.01944
      vertex 61.1236 0 9.24458
    endloop
  endfacet
  facet normal 0.997453 0 0.0713289
    outer loop
      vertex 61.1397 0 9.01944
      vertex 61.1236 -0.95 9.24458
      vertex 61.1397 -0.95 9.01944
    endloop
  endfacet
  facet normal 0.998386 0 -0.0567861
    outer loop
      vertex 61.1355 -0.95 9.4538
      vertex 61.1236 0 9.24458
      vertex 61.1355 0 9.4538
    endloop
  endfacet
  facet normal 0.998386 0 -0.0567861
    outer loop
      vertex 61.1236 0 9.24458
      vertex 61.1355 -0.95 9.4538
      vertex 61.1236 -0.95 9.24458
    endloop
  endfacet
  facet normal 0.98257 0 -0.185893
    outer loop
      vertex 61.1711 -0.95 9.64197
      vertex 61.1355 0 9.4538
      vertex 61.1711 0 9.64197
    endloop
  endfacet
  facet normal 0.98257 0 -0.185893
    outer loop
      vertex 61.1355 0 9.4538
      vertex 61.1711 -0.95 9.64197
      vertex 61.1355 -0.95 9.4538
    endloop
  endfacet
  facet normal 0.942442 0 -0.334371
    outer loop
      vertex 61.2304 -0.95 9.80911
      vertex 61.1711 0 9.64197
      vertex 61.2304 0 9.80911
    endloop
  endfacet
  facet normal 0.942442 0 -0.334371
    outer loop
      vertex 61.1711 0 9.64197
      vertex 61.2304 -0.95 9.80911
      vertex 61.1711 -0.95 9.64197
    endloop
  endfacet
  facet normal 0.869515 0 -0.493907
    outer loop
      vertex 61.3134 -0.95 9.95523
      vertex 61.2304 0 9.80911
      vertex 61.3134 0 9.95523
    endloop
  endfacet
  facet normal 0.869515 0 -0.493907
    outer loop
      vertex 61.2304 0 9.80911
      vertex 61.3134 -0.95 9.95523
      vertex 61.2304 -0.95 9.80911
    endloop
  endfacet
  facet normal 0.76924 0 -0.63896
    outer loop
      vertex 61.4187 -0.95 10.082
      vertex 61.3134 0 9.95523
      vertex 61.4187 0 10.082
    endloop
  endfacet
  facet normal 0.76924 0 -0.63896
    outer loop
      vertex 61.3134 0 9.95523
      vertex 61.4187 -0.95 10.082
      vertex 61.3134 -0.95 9.95523
    endloop
  endfacet
  facet normal 0.654931 0 -0.755689
    outer loop
      vertex 61.4187 -0.95 10.082
      vertex 61.5447 0 10.1912
      vertex 61.5447 -0.95 10.1912
    endloop
  endfacet
  facet normal 0.654931 0 -0.755689
    outer loop
      vertex 61.5447 0 10.1912
      vertex 61.4187 -0.95 10.082
      vertex 61.4187 0 10.082
    endloop
  endfacet
  facet normal 0.529895 0 -0.848063
    outer loop
      vertex 61.5447 -0.95 10.1912
      vertex 61.6913 0 10.2828
      vertex 61.6913 -0.95 10.2828
    endloop
  endfacet
  facet normal 0.529895 0 -0.848063
    outer loop
      vertex 61.6913 0 10.2828
      vertex 61.5447 -0.95 10.1912
      vertex 61.5447 0 10.1912
    endloop
  endfacet
  facet normal 0.404057 0 -0.914734
    outer loop
      vertex 61.6913 -0.95 10.2828
      vertex 61.8586 0 10.3567
      vertex 61.8586 -0.95 10.3567
    endloop
  endfacet
  facet normal 0.404057 0 -0.914734
    outer loop
      vertex 61.8586 0 10.3567
      vertex 61.6913 -0.95 10.2828
      vertex 61.6913 0 10.2828
    endloop
  endfacet
  facet normal 0.278551 0 -0.960421
    outer loop
      vertex 61.8586 -0.95 10.3567
      vertex 62.0572 0 10.4143
      vertex 62.0572 -0.95 10.4143
    endloop
  endfacet
  facet normal 0.278551 0 -0.960421
    outer loop
      vertex 62.0572 0 10.4143
      vertex 61.8586 -0.95 10.3567
      vertex 61.8586 0 10.3567
    endloop
  endfacet
  facet normal 0.175422 0 -0.984493
    outer loop
      vertex 62.0572 -0.95 10.4143
      vertex 62.2974 0 10.4571
      vertex 62.2974 -0.95 10.4571
    endloop
  endfacet
  facet normal 0.175422 0 -0.984493
    outer loop
      vertex 62.2974 0 10.4571
      vertex 62.0572 -0.95 10.4143
      vertex 62.0572 0 10.4143
    endloop
  endfacet
  facet normal 0.098106 0 -0.995176
    outer loop
      vertex 62.2974 -0.95 10.4571
      vertex 62.5794 0 10.4849
      vertex 62.5794 -0.95 10.4849
    endloop
  endfacet
  facet normal 0.098106 0 -0.995176
    outer loop
      vertex 62.5794 0 10.4849
      vertex 62.2974 -0.95 10.4571
      vertex 62.2974 0 10.4571
    endloop
  endfacet
  facet normal 0.0398324 0 -0.999206
    outer loop
      vertex 62.5794 -0.95 10.4849
      vertex 62.903 0 10.4978
      vertex 62.903 -0.95 10.4978
    endloop
  endfacet
  facet normal 0.0398324 0 -0.999206
    outer loop
      vertex 62.903 0 10.4978
      vertex 62.5794 -0.95 10.4849
      vertex 62.5794 0 10.4849
    endloop
  endfacet
  facet normal 0.020299 0 -0.999794
    outer loop
      vertex 62.903 -0.95 10.4978
      vertex 63.9718 0 10.5195
      vertex 63.9718 -0.95 10.5195
    endloop
  endfacet
  facet normal 0.020299 0 -0.999794
    outer loop
      vertex 63.9718 0 10.5195
      vertex 62.903 -0.95 10.4978
      vertex 62.903 0 10.4978
    endloop
  endfacet
  facet normal -1 0 0
    outer loop
      vertex 63.9718 -0.95 10.0367
      vertex 63.9718 0 10.5195
      vertex 63.9718 0 10.0367
    endloop
  endfacet
  facet normal -1 -0 0
    outer loop
      vertex 63.9718 0 10.5195
      vertex 63.9718 -0.95 10.0367
      vertex 63.9718 -0.95 10.5195
    endloop
  endfacet
  facet normal -0.997729 0 0.0673569
    outer loop
      vertex 63.9567 -0.95 9.81303
      vertex 63.9718 0 10.0367
      vertex 63.9567 0 9.81303
    endloop
  endfacet
  facet normal -0.997729 0 0.0673569
    outer loop
      vertex 63.9718 0 10.0367
      vertex 63.9567 -0.95 9.81303
      vertex 63.9718 -0.95 10.0367
    endloop
  endfacet
  facet normal -0.979553 0 0.201187
    outer loop
      vertex 63.9114 -0.95 9.59247
      vertex 63.9567 0 9.81303
      vertex 63.9114 0 9.59247
    endloop
  endfacet
  facet normal -0.979553 0 0.201187
    outer loop
      vertex 63.9567 0 9.81303
      vertex 63.9114 -0.95 9.59247
      vertex 63.9567 -0.95 9.81303
    endloop
  endfacet
  facet normal -0.944846 0 0.327516
    outer loop
      vertex 63.836 -0.95 9.37495
      vertex 63.9114 0 9.59247
      vertex 63.836 0 9.37495
    endloop
  endfacet
  facet normal -0.944846 0 0.327516
    outer loop
      vertex 63.9114 0 9.59247
      vertex 63.836 -0.95 9.37495
      vertex 63.9114 -0.95 9.59247
    endloop
  endfacet
  facet normal -0.896956 0 0.44212
    outer loop
      vertex 63.7303 -0.95 9.16051
      vertex 63.836 0 9.37495
      vertex 63.7303 0 9.16051
    endloop
  endfacet
  facet normal -0.896956 0 0.44212
    outer loop
      vertex 63.836 0 9.37495
      vertex 63.7303 -0.95 9.16051
      vertex 63.836 -0.95 9.37495
    endloop
  endfacet
  facet normal -0.837152 0 0.546971
    outer loop
      vertex 63.5986 -0.95 8.95894
      vertex 63.7303 0 9.16051
      vertex 63.5986 0 8.95894
    endloop
  endfacet
  facet normal -0.837152 0 0.546971
    outer loop
      vertex 63.7303 0 9.16051
      vertex 63.5986 -0.95 8.95894
      vertex 63.7303 -0.95 9.16051
    endloop
  endfacet
  facet normal -0.758208 0 0.652012
    outer loop
      vertex 63.4448 -0.95 8.78009
      vertex 63.5986 0 8.95894
      vertex 63.4448 0 8.78009
    endloop
  endfacet
  facet normal -0.758208 0 0.652012
    outer loop
      vertex 63.5986 0 8.95894
      vertex 63.4448 -0.95 8.78009
      vertex 63.5986 -0.95 8.95894
    endloop
  endfacet
  facet normal -0.664063 0 0.747677
    outer loop
      vertex 63.269 0 8.62395
      vertex 63.4448 -0.95 8.78009
      vertex 63.4448 0 8.78009
    endloop
  endfacet
  facet normal -0.664063 0 0.747677
    outer loop
      vertex 63.4448 -0.95 8.78009
      vertex 63.269 0 8.62395
      vertex 63.269 -0.95 8.62395
    endloop
  endfacet
  facet normal -0.559063 0 0.829125
    outer loop
      vertex 63.0711 0 8.49051
      vertex 63.269 -0.95 8.62395
      vertex 63.269 0 8.62395
    endloop
  endfacet
  facet normal -0.559063 0 0.829125
    outer loop
      vertex 63.269 -0.95 8.62395
      vertex 63.0711 0 8.49051
      vertex 63.0711 -0.95 8.49051
    endloop
  endfacet
  facet normal -0.442831 0 0.896605
    outer loop
      vertex 62.8548 0 8.38368
      vertex 63.0711 -0.95 8.49051
      vertex 63.0711 0 8.49051
    endloop
  endfacet
  facet normal -0.442831 0 0.896605
    outer loop
      vertex 63.0711 -0.95 8.49051
      vertex 62.8548 0 8.38368
      vertex 62.8548 -0.95 8.38368
    endloop
  endfacet
  facet normal -0.313355 0 0.949636
    outer loop
      vertex 62.6236 0 8.30739
      vertex 62.8548 -0.95 8.38368
      vertex 62.8548 0 8.38368
    endloop
  endfacet
  facet normal -0.313355 0 0.949636
    outer loop
      vertex 62.8548 -0.95 8.38368
      vertex 62.6236 0 8.30739
      vertex 62.6236 -0.95 8.30739
    endloop
  endfacet
  facet normal -0.182885 0 0.983134
    outer loop
      vertex 62.3775 0 8.26161
      vertex 62.6236 -0.95 8.30739
      vertex 62.6236 0 8.30739
    endloop
  endfacet
  facet normal -0.182885 0 0.983134
    outer loop
      vertex 62.6236 -0.95 8.30739
      vertex 62.3775 0 8.26161
      vertex 62.3775 -0.95 8.26161
    endloop
  endfacet
  facet normal -0.0583455 0 0.998296
    outer loop
      vertex 62.1164 0 8.24635
      vertex 62.3775 -0.95 8.26161
      vertex 62.3775 0 8.26161
    endloop
  endfacet
  facet normal -0.0583455 0 0.998296
    outer loop
      vertex 62.3775 -0.95 8.26161
      vertex 62.1164 0 8.24635
      vertex 62.1164 -0.95 8.24635
    endloop
  endfacet
  facet normal 0.0721228 0 0.997396
    outer loop
      vertex 61.8914 0 8.26262
      vertex 62.1164 -0.95 8.24635
      vertex 62.1164 0 8.24635
    endloop
  endfacet
  facet normal 0.0721228 0 0.997396
    outer loop
      vertex 62.1164 -0.95 8.24635
      vertex 61.8914 0 8.26262
      vertex 61.8914 -0.95 8.26262
    endloop
  endfacet
  facet normal 0.257487 0 -0.966282
    outer loop
      vertex 80.211 -0.95 7.56116
      vertex 80.7416 0 7.70255
      vertex 80.7416 -0.95 7.70255
    endloop
  endfacet
  facet normal 0.257487 0 -0.966282
    outer loop
      vertex 80.7416 0 7.70255
      vertex 80.211 -0.95 7.56116
      vertex 80.211 0 7.56116
    endloop
  endfacet
  facet normal 0.460691 0 -0.887561
    outer loop
      vertex 80.7416 -0.95 7.70255
      vertex 81.1956 0 7.9382
      vertex 81.1956 -0.95 7.9382
    endloop
  endfacet
  facet normal 0.460691 0 -0.887561
    outer loop
      vertex 81.1956 0 7.9382
      vertex 80.7416 -0.95 7.70255
      vertex 80.7416 0 7.70255
    endloop
  endfacet
  facet normal 0.658149 0 -0.752888
    outer loop
      vertex 81.1956 -0.95 7.9382
      vertex 81.573 0 8.26811
      vertex 81.573 -0.95 8.26811
    endloop
  endfacet
  facet normal 0.658149 0 -0.752888
    outer loop
      vertex 81.573 0 8.26811
      vertex 81.1956 -0.95 7.9382
      vertex 81.1956 0 7.9382
    endloop
  endfacet
  facet normal 0.820713 0 -0.571341
    outer loop
      vertex 81.8697 -0.95 8.69431
      vertex 81.573 0 8.26811
      vertex 81.8697 0 8.69431
    endloop
  endfacet
  facet normal 0.820713 0 -0.571341
    outer loop
      vertex 81.573 0 8.26811
      vertex 81.8697 -0.95 8.69431
      vertex 81.573 -0.95 8.26811
    endloop
  endfacet
  facet normal 0.927196 0 -0.374576
    outer loop
      vertex 82.0816 -0.95 9.21883
      vertex 81.8697 0 8.69431
      vertex 82.0816 0 9.21883
    endloop
  endfacet
  facet normal 0.927196 0 -0.374576
    outer loop
      vertex 81.8697 0 8.69431
      vertex 82.0816 -0.95 9.21883
      vertex 81.8697 -0.95 8.69431
    endloop
  endfacet
  facet normal 0.979776 0 -0.200096
    outer loop
      vertex 82.2088 -0.95 9.84167
      vertex 82.0816 0 9.21883
      vertex 82.2088 0 9.84167
    endloop
  endfacet
  facet normal 0.979776 0 -0.200096
    outer loop
      vertex 82.0816 0 9.21883
      vertex 82.2088 -0.95 9.84167
      vertex 82.0816 -0.95 9.21883
    endloop
  endfacet
  facet normal 0.998276 0 -0.0586952
    outer loop
      vertex 82.2512 -0.95 10.5628
      vertex 82.2088 0 9.84167
      vertex 82.2512 0 10.5628
    endloop
  endfacet
  facet normal 0.998276 0 -0.0586952
    outer loop
      vertex 82.2088 0 9.84167
      vertex 82.2512 -0.95 10.5628
      vertex 82.2088 -0.95 9.84167
    endloop
  endfacet
  facet normal 0.998514 -0 0.0544894
    outer loop
      vertex 82.2115 -0.95 11.2903
      vertex 82.2512 0 10.5628
      vertex 82.2115 0 11.2903
    endloop
  endfacet
  facet normal 0.998514 0 0.0544894
    outer loop
      vertex 82.2512 0 10.5628
      vertex 82.2115 -0.95 11.2903
      vertex 82.2512 -0.95 10.5628
    endloop
  endfacet
  facet normal 0.982374 -0 0.186924
    outer loop
      vertex 82.0925 -0.95 11.9157
      vertex 82.2115 0 11.2903
      vertex 82.0925 0 11.9157
    endloop
  endfacet
  facet normal 0.982374 0 0.186924
    outer loop
      vertex 82.2115 0 11.2903
      vertex 82.0925 -0.95 11.9157
      vertex 82.2115 -0.95 11.2903
    endloop
  endfacet
  facet normal 0.935075 -0 0.35445
    outer loop
      vertex 81.8941 -0.95 12.4391
      vertex 82.0925 0 11.9157
      vertex 81.8941 0 12.4391
    endloop
  endfacet
  facet normal 0.935075 0 0.35445
    outer loop
      vertex 82.0925 0 11.9157
      vertex 81.8941 -0.95 12.4391
      vertex 82.0925 -0.95 11.9157
    endloop
  endfacet
  facet normal 0.834875 -0 0.550439
    outer loop
      vertex 81.6164 -0.95 12.8603
      vertex 81.8941 0 12.4391
      vertex 81.6164 0 12.8603
    endloop
  endfacet
  facet normal 0.834875 0 0.550439
    outer loop
      vertex 81.8941 0 12.4391
      vertex 81.6164 -0.95 12.8603
      vertex 81.8941 -0.95 12.4391
    endloop
  endfacet
  facet normal 0.66712 0 0.74495
    outer loop
      vertex 81.2546 0 13.1843
      vertex 81.6164 -0.95 12.8603
      vertex 81.6164 0 12.8603
    endloop
  endfacet
  facet normal 0.66712 0 0.74495
    outer loop
      vertex 81.6164 -0.95 12.8603
      vertex 81.2546 0 13.1843
      vertex 81.2546 -0.95 13.1843
    endloop
  endfacet
  facet normal 0.456822 0 0.889558
    outer loop
      vertex 80.804 0 13.4157
      vertex 81.2546 -0.95 13.1843
      vertex 81.2546 0 13.1843
    endloop
  endfacet
  facet normal 0.456822 0 0.889558
    outer loop
      vertex 81.2546 -0.95 13.1843
      vertex 80.804 0 13.4157
      vertex 80.804 -0.95 13.4157
    endloop
  endfacet
  facet normal 0.249205 0 0.968451
    outer loop
      vertex 80.2646 0 13.5545
      vertex 80.804 -0.95 13.4157
      vertex 80.804 0 13.4157
    endloop
  endfacet
  facet normal 0.249205 0 0.968451
    outer loop
      vertex 80.804 -0.95 13.4157
      vertex 80.2646 0 13.5545
      vertex 80.2646 -0.95 13.5545
    endloop
  endfacet
  facet normal 0.0734916 0 0.997296
    outer loop
      vertex 79.6363 0 13.6008
      vertex 80.2646 -0.95 13.5545
      vertex 80.2646 0 13.5545
    endloop
  endfacet
  facet normal 0.0734916 0 0.997296
    outer loop
      vertex 80.2646 -0.95 13.5545
      vertex 79.6363 0 13.6008
      vertex 79.6363 -0.95 13.6008
    endloop
  endfacet
  facet normal -0.162772 0 0.986664
    outer loop
      vertex 78.4852 0 13.4109
      vertex 79.6363 -0.95 13.6008
      vertex 79.6363 0 13.6008
    endloop
  endfacet
  facet normal -0.162772 0 0.986664
    outer loop
      vertex 79.6363 -0.95 13.6008
      vertex 78.4852 0 13.4109
      vertex 78.4852 -0.95 13.4109
    endloop
  endfacet
  facet normal -0.56947 0 0.822012
    outer loop
      vertex 77.663 0 12.8413
      vertex 78.4852 -0.95 13.4109
      vertex 78.4852 0 13.4109
    endloop
  endfacet
  facet normal -0.56947 0 0.822012
    outer loop
      vertex 78.4852 -0.95 13.4109
      vertex 77.663 0 12.8413
      vertex 77.663 -0.95 12.8413
    endloop
  endfacet
  facet normal -0.887327 0 0.461141
    outer loop
      vertex 77.1696 -0.95 11.8919
      vertex 77.663 0 12.8413
      vertex 77.1696 0 11.8919
    endloop
  endfacet
  facet normal -0.887327 0 0.461141
    outer loop
      vertex 77.663 0 12.8413
      vertex 77.1696 -0.95 11.8919
      vertex 77.663 -0.95 12.8413
    endloop
  endfacet
  facet normal -0.992437 0 0.122757
    outer loop
      vertex 77.0052 -0.95 10.5628
      vertex 77.1696 0 11.8919
      vertex 77.0052 0 10.5628
    endloop
  endfacet
  facet normal -0.992437 0 0.122757
    outer loop
      vertex 77.1696 0 11.8919
      vertex 77.0052 -0.95 10.5628
      vertex 77.1696 -0.95 11.8919
    endloop
  endfacet
  facet normal -0.998274 0 -0.0587313
    outer loop
      vertex 77.0462 -0.95 9.86591
      vertex 77.0052 0 10.5628
      vertex 77.0462 0 9.86591
    endloop
  endfacet
  facet normal -0.998274 -0 -0.0587313
    outer loop
      vertex 77.0052 0 10.5628
      vertex 77.0462 -0.95 9.86591
      vertex 77.0052 -0.95 10.5628
    endloop
  endfacet
  facet normal -0.980225 0 -0.197884
    outer loop
      vertex 77.1693 -0.95 9.25613
      vertex 77.0462 0 9.86591
      vertex 77.1693 0 9.25613
    endloop
  endfacet
  facet normal -0.980225 -0 -0.197884
    outer loop
      vertex 77.0462 0 9.86591
      vertex 77.1693 -0.95 9.25613
      vertex 77.0462 -0.95 9.86591
    endloop
  endfacet
  facet normal -0.930891 0 -0.365296
    outer loop
      vertex 77.3744 -0.95 8.73347
      vertex 77.1693 0 9.25613
      vertex 77.3744 0 8.73347
    endloop
  endfacet
  facet normal -0.930891 -0 -0.365296
    outer loop
      vertex 77.1693 0 9.25613
      vertex 77.3744 -0.95 8.73347
      vertex 77.1693 -0.95 9.25613
    endloop
  endfacet
  facet normal -0.834829 0 -0.550509
    outer loop
      vertex 77.6616 -0.95 8.29794
      vertex 77.3744 0 8.73347
      vertex 77.6616 0 8.29794
    endloop
  endfacet
  facet normal -0.834829 -0 -0.550509
    outer loop
      vertex 77.3744 0 8.73347
      vertex 77.6616 -0.95 8.29794
      vertex 77.3744 -0.95 8.73347
    endloop
  endfacet
  facet normal -0.682265 0 -0.731105
    outer loop
      vertex 77.6616 -0.95 8.29794
      vertex 78.0291 0 7.95499
      vertex 78.0291 -0.95 7.95499
    endloop
  endfacet
  facet normal -0.682265 0 -0.731105
    outer loop
      vertex 78.0291 0 7.95499
      vertex 77.6616 -0.95 8.29794
      vertex 77.6616 0 8.29794
    endloop
  endfacet
  facet normal -0.481187 0 -0.876618
    outer loop
      vertex 78.0291 -0.95 7.95499
      vertex 78.4754 0 7.71001
      vertex 78.4754 -0.95 7.71001
    endloop
  endfacet
  facet normal -0.481187 0 -0.876618
    outer loop
      vertex 78.4754 0 7.71001
      vertex 78.0291 -0.95 7.95499
      vertex 78.0291 0 7.95499
    endloop
  endfacet
  facet normal -0.269708 0 -0.962942
    outer loop
      vertex 78.4754 -0.95 7.71001
      vertex 79.0002 0 7.56302
      vertex 79.0002 -0.95 7.56302
    endloop
  endfacet
  facet normal -0.269708 0 -0.962942
    outer loop
      vertex 79.0002 0 7.56302
      vertex 78.4754 -0.95 7.71001
      vertex 78.4754 0 7.71001
    endloop
  endfacet
  facet normal -0.0809267 0 -0.99672
    outer loop
      vertex 79.0002 -0.95 7.56302
      vertex 79.6037 0 7.51402
      vertex 79.6037 -0.95 7.51402
    endloop
  endfacet
  facet normal -0.0809267 0 -0.99672
    outer loop
      vertex 79.6037 0 7.51402
      vertex 79.0002 -0.95 7.56302
      vertex 79.0002 0 7.56302
    endloop
  endfacet
  facet normal 0.0773895 0 -0.997001
    outer loop
      vertex 79.6037 -0.95 7.51402
      vertex 80.211 0 7.56116
      vertex 80.211 -0.95 7.56116
    endloop
  endfacet
  facet normal 0.0773895 0 -0.997001
    outer loop
      vertex 80.211 0 7.56116
      vertex 79.6037 -0.95 7.51402
      vertex 79.6037 0 7.51402
    endloop
  endfacet
  facet normal 0.3204 0 0.947282
    outer loop
      vertex 78.8924 0 8.38135
      vertex 79.2157 -0.95 8.272
      vertex 79.2157 0 8.272
    endloop
  endfacet
  facet normal 0.3204 0 0.947282
    outer loop
      vertex 79.2157 -0.95 8.272
      vertex 78.8924 0 8.38135
      vertex 78.8924 -0.95 8.38135
    endloop
  endfacet
  facet normal 0.560328 0 0.828271
    outer loop
      vertex 78.623 0 8.5636
      vertex 78.8924 -0.95 8.38135
      vertex 78.8924 0 8.38135
    endloop
  endfacet
  facet normal 0.560328 0 0.828271
    outer loop
      vertex 78.8924 -0.95 8.38135
      vertex 78.623 0 8.5636
      vertex 78.623 -0.95 8.5636
    endloop
  endfacet
  facet normal 0.763958 -0 0.645265
    outer loop
      vertex 78.4075 -0.95 8.81874
      vertex 78.623 0 8.5636
      vertex 78.4075 0 8.81874
    endloop
  endfacet
  facet normal 0.763958 0 0.645265
    outer loop
      vertex 78.623 0 8.5636
      vertex 78.4075 -0.95 8.81874
      vertex 78.623 -0.95 8.5636
    endloop
  endfacet
  facet normal 0.893285 -0 0.449491
    outer loop
      vertex 78.2426 -0.95 9.14645
      vertex 78.4075 0 8.81874
      vertex 78.2426 0 9.14645
    endloop
  endfacet
  facet normal 0.893285 0 0.449491
    outer loop
      vertex 78.4075 0 8.81874
      vertex 78.2426 -0.95 9.14645
      vertex 78.4075 -0.95 8.81874
    endloop
  endfacet
  facet normal 0.959186 -0 0.282777
    outer loop
      vertex 78.1247 -0.95 9.54637
      vertex 78.2426 0 9.14645
      vertex 78.1247 0 9.54637
    endloop
  endfacet
  facet normal 0.959186 0 0.282777
    outer loop
      vertex 78.2426 0 9.14645
      vertex 78.1247 -0.95 9.54637
      vertex 78.2426 -0.95 9.14645
    endloop
  endfacet
  facet normal 0.988973 -0 0.148096
    outer loop
      vertex 78.054 -0.95 10.0185
      vertex 78.1247 0 9.54637
      vertex 78.054 0 10.0185
    endloop
  endfacet
  facet normal 0.988973 0 0.148096
    outer loop
      vertex 78.1247 0 9.54637
      vertex 78.054 -0.95 10.0185
      vertex 78.1247 -0.95 9.54637
    endloop
  endfacet
  facet normal 0.999069 -0 0.0431345
    outer loop
      vertex 78.0305 -0.95 10.5628
      vertex 78.054 0 10.0185
      vertex 78.0305 0 10.5628
    endloop
  endfacet
  facet normal 0.999069 0 0.0431345
    outer loop
      vertex 78.054 0 10.0185
      vertex 78.0305 -0.95 10.5628
      vertex 78.054 -0.95 10.0185
    endloop
  endfacet
  facet normal 0.999082 0 -0.042846
    outer loop
      vertex 78.0544 -0.95 11.1201
      vertex 78.0305 0 10.5628
      vertex 78.0544 0 11.1201
    endloop
  endfacet
  facet normal 0.999082 0 -0.042846
    outer loop
      vertex 78.0305 0 10.5628
      vertex 78.0544 -0.95 11.1201
      vertex 78.0305 -0.95 10.5628
    endloop
  endfacet
  facet normal 0.988945 0 -0.14828
    outer loop
      vertex 78.1261 -0.95 11.5983
      vertex 78.0544 0 11.1201
      vertex 78.1261 0 11.5983
    endloop
  endfacet
  facet normal 0.988945 0 -0.14828
    outer loop
      vertex 78.0544 0 11.1201
      vertex 78.1261 -0.95 11.5983
      vertex 78.0544 -0.95 11.1201
    endloop
  endfacet
  facet normal 0.957998 0 -0.286775
    outer loop
      vertex 78.2456 -0.95 11.9975
      vertex 78.1261 0 11.5983
      vertex 78.2456 0 11.9975
    endloop
  endfacet
  facet normal 0.957998 0 -0.286775
    outer loop
      vertex 78.1261 0 11.5983
      vertex 78.2456 -0.95 11.9975
      vertex 78.1261 -0.95 11.5983
    endloop
  endfacet
  facet normal 0.886373 0 -0.462973
    outer loop
      vertex 78.4129 -0.95 12.3178
      vertex 78.2456 0 11.9975
      vertex 78.4129 0 12.3178
    endloop
  endfacet
  facet normal 0.886373 0 -0.462973
    outer loop
      vertex 78.2456 0 11.9975
      vertex 78.4129 -0.95 12.3178
      vertex 78.2456 -0.95 11.9975
    endloop
  endfacet
  facet normal 0.743354 0 -0.668898
    outer loop
      vertex 78.6339 -0.95 12.5634
      vertex 78.4129 0 12.3178
      vertex 78.6339 0 12.5634
    endloop
  endfacet
  facet normal 0.743354 0 -0.668898
    outer loop
      vertex 78.4129 0 12.3178
      vertex 78.6339 -0.95 12.5634
      vertex 78.4129 -0.95 12.3178
    endloop
  endfacet
  facet normal 0.530814 0 -0.847488
    outer loop
      vertex 78.6339 -0.95 12.5634
      vertex 78.9141 0 12.7389
      vertex 78.9141 -0.95 12.7389
    endloop
  endfacet
  facet normal 0.530814 0 -0.847488
    outer loop
      vertex 78.9141 0 12.7389
      vertex 78.6339 -0.95 12.5634
      vertex 78.6339 0 12.5634
    endloop
  endfacet
  facet normal 0.29624 0 -0.955114
    outer loop
      vertex 78.9141 -0.95 12.7389
      vertex 79.2536 0 12.8442
      vertex 79.2536 -0.95 12.8442
    endloop
  endfacet
  facet normal 0.29624 0 -0.955114
    outer loop
      vertex 79.2536 0 12.8442
      vertex 78.9141 -0.95 12.7389
      vertex 78.9141 0 12.7389
    endloop
  endfacet
  facet normal 0.0876533 0 -0.996151
    outer loop
      vertex 79.2536 -0.95 12.8442
      vertex 79.6525 0 12.8793
      vertex 79.6525 -0.95 12.8793
    endloop
  endfacet
  facet normal 0.0876533 0 -0.996151
    outer loop
      vertex 79.6525 0 12.8793
      vertex 79.2536 -0.95 12.8442
      vertex 79.2536 0 12.8442
    endloop
  endfacet
  facet normal -0.0867166 0 -0.996233
    outer loop
      vertex 79.6525 -0.95 12.8793
      vertex 80.0477 0 12.8449
      vertex 80.0477 -0.95 12.8449
    endloop
  endfacet
  facet normal -0.0867166 0 -0.996233
    outer loop
      vertex 80.0477 0 12.8449
      vertex 79.6525 -0.95 12.8793
      vertex 79.6525 0 12.8793
    endloop
  endfacet
  facet normal -0.295634 0 -0.955301
    outer loop
      vertex 80.0477 -0.95 12.8449
      vertex 80.3815 0 12.7416
      vertex 80.3815 -0.95 12.7416
    endloop
  endfacet
  facet normal -0.295634 0 -0.955301
    outer loop
      vertex 80.3815 0 12.7416
      vertex 80.0477 -0.95 12.8449
      vertex 80.0477 0 12.8449
    endloop
  endfacet
  facet normal -0.533759 0 -0.845636
    outer loop
      vertex 80.3815 -0.95 12.7416
      vertex 80.654 0 12.5696
      vertex 80.654 -0.95 12.5696
    endloop
  endfacet
  facet normal -0.533759 0 -0.845636
    outer loop
      vertex 80.654 0 12.5696
      vertex 80.3815 -0.95 12.7416
      vertex 80.3815 0 12.7416
    endloop
  endfacet
  facet normal -0.752248 0 -0.65888
    outer loop
      vertex 80.865 -0.95 12.3287
      vertex 80.654 0 12.5696
      vertex 80.865 0 12.3287
    endloop
  endfacet
  facet normal -0.752248 -0 -0.65888
    outer loop
      vertex 80.654 0 12.5696
      vertex 80.865 -0.95 12.3287
      vertex 80.654 -0.95 12.5696
    endloop
  endfacet
  facet normal -0.895048 0 -0.44597
    outer loop
      vertex 81.0229 -0.95 12.0118
      vertex 80.865 0 12.3287
      vertex 81.0229 0 12.0118
    endloop
  endfacet
  facet normal -0.895048 -0 -0.44597
    outer loop
      vertex 80.865 0 12.3287
      vertex 81.0229 -0.95 12.0118
      vertex 80.865 -0.95 12.3287
    endloop
  endfacet
  facet normal -0.962508 0 -0.271254
    outer loop
      vertex 81.1356 -0.95 11.6119
      vertex 81.0229 0 12.0118
      vertex 81.1356 0 11.6119
    endloop
  endfacet
  facet normal -0.962508 -0 -0.271254
    outer loop
      vertex 81.0229 0 12.0118
      vertex 81.1356 -0.95 11.6119
      vertex 81.0229 -0.95 12.0118
    endloop
  endfacet
  facet normal -0.990319 0 -0.138809
    outer loop
      vertex 81.2033 -0.95 11.1289
      vertex 81.1356 0 11.6119
      vertex 81.2033 0 11.1289
    endloop
  endfacet
  facet normal -0.990319 -0 -0.138809
    outer loop
      vertex 81.1356 0 11.6119
      vertex 81.2033 -0.95 11.1289
      vertex 81.1356 -0.95 11.6119
    endloop
  endfacet
  facet normal -0.999211 0 -0.0397143
    outer loop
      vertex 81.2258 -0.95 10.5628
      vertex 81.2033 0 11.1289
      vertex 81.2258 0 10.5628
    endloop
  endfacet
  facet normal -0.999211 -0 -0.0397143
    outer loop
      vertex 81.2033 0 11.1289
      vertex 81.2258 -0.95 10.5628
      vertex 81.2033 -0.95 11.1289
    endloop
  endfacet
  facet normal -0.99912 0 0.0419498
    outer loop
      vertex 81.2023 -0.95 10.0031
      vertex 81.2258 0 10.5628
      vertex 81.2023 0 10.0031
    endloop
  endfacet
  facet normal -0.99912 0 0.0419498
    outer loop
      vertex 81.2258 0 10.5628
      vertex 81.2023 -0.95 10.0031
      vertex 81.2258 -0.95 10.5628
    endloop
  endfacet
  facet normal -0.989347 0 0.145574
    outer loop
      vertex 81.1316 -0.95 9.52261
      vertex 81.2023 0 10.0031
      vertex 81.1316 0 9.52261
    endloop
  endfacet
  facet normal -0.989347 0 0.145574
    outer loop
      vertex 81.2023 0 10.0031
      vertex 81.1316 -0.95 9.52261
      vertex 81.2023 -0.95 10.0031
    endloop
  endfacet
  facet normal -0.959415 0 0.281998
    outer loop
      vertex 81.0137 -0.95 9.12149
      vertex 81.1316 0 9.52261
      vertex 81.0137 0 9.12149
    endloop
  endfacet
  facet normal -0.959415 0 0.281998
    outer loop
      vertex 81.1316 0 9.52261
      vertex 81.0137 -0.95 9.12149
      vertex 81.1316 -0.95 9.52261
    endloop
  endfacet
  facet normal -0.889947 0 0.456064
    outer loop
      vertex 80.8488 -0.95 8.79971
      vertex 81.0137 0 9.12149
      vertex 80.8488 0 8.79971
    endloop
  endfacet
  facet normal -0.889947 0 0.456064
    outer loop
      vertex 81.0137 0 9.12149
      vertex 80.8488 -0.95 8.79971
      vertex 81.0137 -0.95 9.12149
    endloop
  endfacet
  facet normal -0.746651 0 0.665216
    outer loop
      vertex 80.6289 -0.95 8.55289
      vertex 80.8488 0 8.79971
      vertex 80.6289 0 8.55289
    endloop
  endfacet
  facet normal -0.746651 0 0.665216
    outer loop
      vertex 80.8488 0 8.79971
      vertex 80.6289 -0.95 8.55289
      vertex 80.8488 -0.95 8.79971
    endloop
  endfacet
  facet normal -0.529297 0 0.848437
    outer loop
      vertex 80.3463 0 8.37659
      vertex 80.6289 -0.95 8.55289
      vertex 80.6289 0 8.55289
    endloop
  endfacet
  facet normal -0.529297 0 0.848437
    outer loop
      vertex 80.6289 -0.95 8.55289
      vertex 80.3463 0 8.37659
      vertex 80.3463 -0.95 8.37659
    endloop
  endfacet
  facet normal -0.292829 0 0.956165
    outer loop
      vertex 80.0009 0 8.27081
      vertex 80.3463 -0.95 8.37659
      vertex 80.3463 0 8.37659
    endloop
  endfacet
  facet normal -0.292829 0 0.956165
    outer loop
      vertex 80.3463 -0.95 8.37659
      vertex 80.0009 0 8.27081
      vertex 80.0009 -0.95 8.27081
    endloop
  endfacet
  facet normal -0.0861006 0 0.996286
    outer loop
      vertex 79.5929 0 8.23555
      vertex 80.0009 -0.95 8.27081
      vertex 80.0009 0 8.27081
    endloop
  endfacet
  facet normal -0.0861006 0 0.996286
    outer loop
      vertex 80.0009 -0.95 8.27081
      vertex 79.5929 0 8.23555
      vertex 79.5929 -0.95 8.23555
    endloop
  endfacet
  facet normal 0.096185 0 0.995363
    outer loop
      vertex 79.2157 0 8.272
      vertex 79.5929 -0.95 8.23555
      vertex 79.5929 0 8.23555
    endloop
  endfacet
  facet normal 0.096185 0 0.995363
    outer loop
      vertex 79.5929 -0.95 8.23555
      vertex 79.2157 0 8.272
      vertex 79.2157 -0.95 8.272
    endloop
  endfacet
  facet normal 0.356735 0 -0.934206
    outer loop
      vertex 40.1091 -0.95 7.60083
      vertex 40.791 0 7.86122
      vertex 40.791 -0.95 7.86122
    endloop
  endfacet
  facet normal 0.356735 0 -0.934206
    outer loop
      vertex 40.791 0 7.86122
      vertex 40.1091 -0.95 7.60083
      vertex 40.1091 0 7.60083
    endloop
  endfacet
  facet normal 0.644931 0 -0.764241
    outer loop
      vertex 40.791 -0.95 7.86122
      vertex 41.3053 0 8.29523
      vertex 41.3053 -0.95 8.29523
    endloop
  endfacet
  facet normal 0.644931 0 -0.764241
    outer loop
      vertex 41.3053 0 8.29523
      vertex 40.791 -0.95 7.86122
      vertex 40.791 0 7.86122
    endloop
  endfacet
  facet normal 0.868428 0 -0.495816
    outer loop
      vertex 41.6522 -0.95 8.90283
      vertex 41.3053 0 8.29523
      vertex 41.6522 0 8.90283
    endloop
  endfacet
  facet normal 0.868428 0 -0.495816
    outer loop
      vertex 41.3053 0 8.29523
      vertex 41.6522 -0.95 8.90283
      vertex 41.3053 -0.95 8.29523
    endloop
  endfacet
  facet normal 0.273885 0 0.961762
    outer loop
      vertex 40.7951 0 9.14691
      vertex 41.6522 -0.95 8.90283
      vertex 41.6522 0 8.90283
    endloop
  endfacet
  facet normal 0.273885 0 0.961762
    outer loop
      vertex 41.6522 -0.95 8.90283
      vertex 40.7951 0 9.14691
      vertex 40.7951 -0.95 9.14691
    endloop
  endfacet
  facet normal -0.913315 0 0.407254
    outer loop
      vertex 40.7118 -0.95 8.9601
      vertex 40.7951 0 9.14691
      vertex 40.7118 0 8.9601
    endloop
  endfacet
  facet normal -0.913315 0 0.407254
    outer loop
      vertex 40.7951 0 9.14691
      vertex 40.7118 -0.95 8.9601
      vertex 40.7951 -0.95 9.14691
    endloop
  endfacet
  facet normal -0.830136 0 0.557561
    outer loop
      vertex 40.5977 -0.95 8.79022
      vertex 40.7118 0 8.9601
      vertex 40.5977 0 8.79022
    endloop
  endfacet
  facet normal -0.830136 0 0.557561
    outer loop
      vertex 40.7118 0 8.9601
      vertex 40.5977 -0.95 8.79022
      vertex 40.7118 -0.95 8.9601
    endloop
  endfacet
  facet normal -0.725648 0 0.688066
    outer loop
      vertex 40.4527 -0.95 8.6373
      vertex 40.5977 0 8.79022
      vertex 40.4527 0 8.6373
    endloop
  endfacet
  facet normal -0.725648 0 0.688066
    outer loop
      vertex 40.5977 0 8.79022
      vertex 40.4527 -0.95 8.6373
      vertex 40.5977 -0.95 8.79022
    endloop
  endfacet
  facet normal -0.611855 0 0.79097
    outer loop
      vertex 40.2769 0 8.50131
      vertex 40.4527 -0.95 8.6373
      vertex 40.4527 0 8.6373
    endloop
  endfacet
  facet normal -0.611855 0 0.79097
    outer loop
      vertex 40.4527 -0.95 8.6373
      vertex 40.2769 0 8.50131
      vertex 40.2769 -0.95 8.50131
    endloop
  endfacet
  facet normal -0.474391 0 0.880314
    outer loop
      vertex 40.0699 0 8.38976
      vertex 40.2769 -0.95 8.50131
      vertex 40.2769 0 8.50131
    endloop
  endfacet
  facet normal -0.474391 0 0.880314
    outer loop
      vertex 40.2769 -0.95 8.50131
      vertex 40.0699 0 8.38976
      vertex 40.0699 -0.95 8.38976
    endloop
  endfacet
  facet normal -0.316836 0 0.94848
    outer loop
      vertex 39.8314 0 8.31009
      vertex 40.0699 -0.95 8.38976
      vertex 40.0699 0 8.38976
    endloop
  endfacet
  facet normal -0.316836 0 0.94848
    outer loop
      vertex 40.0699 -0.95 8.38976
      vertex 39.8314 0 8.31009
      vertex 39.8314 -0.95 8.31009
    endloop
  endfacet
  facet normal -0.174362 0 0.984682
    outer loop
      vertex 39.5614 0 8.26228
      vertex 39.8314 -0.95 8.31009
      vertex 39.8314 0 8.31009
    endloop
  endfacet
  facet normal -0.174362 0 0.984682
    outer loop
      vertex 39.8314 -0.95 8.31009
      vertex 39.5614 0 8.26228
      vertex 39.5614 -0.95 8.26228
    endloop
  endfacet
  facet normal -0.0527448 0 0.998608
    outer loop
      vertex 39.2598 0 8.24635
      vertex 39.5614 -0.95 8.26228
      vertex 39.5614 0 8.26228
    endloop
  endfacet
  facet normal -0.0527448 0 0.998608
    outer loop
      vertex 39.5614 -0.95 8.26228
      vertex 39.2598 0 8.24635
      vertex 39.2598 -0.95 8.24635
    endloop
  endfacet
  facet normal 0.0903549 0 0.99591
    outer loop
      vertex 38.8824 0 8.28059
      vertex 39.2598 -0.95 8.24635
      vertex 39.2598 0 8.24635
    endloop
  endfacet
  facet normal 0.0903549 0 0.99591
    outer loop
      vertex 39.2598 -0.95 8.24635
      vertex 38.8824 0 8.28059
      vertex 38.8824 -0.95 8.28059
    endloop
  endfacet
  facet normal 0.297836 0 0.954617
    outer loop
      vertex 38.5531 0 8.38333
      vertex 38.8824 -0.95 8.28059
      vertex 38.8824 0 8.28059
    endloop
  endfacet
  facet normal 0.297836 0 0.954617
    outer loop
      vertex 38.8824 -0.95 8.28059
      vertex 38.5531 0 8.38333
      vertex 38.5531 -0.95 8.38333
    endloop
  endfacet
  facet normal 0.520203 0 0.854042
    outer loop
      vertex 38.272 0 8.55455
      vertex 38.5531 -0.95 8.38333
      vertex 38.5531 0 8.38333
    endloop
  endfacet
  facet normal 0.520203 0 0.854042
    outer loop
      vertex 38.5531 -0.95 8.38333
      vertex 38.272 0 8.55455
      vertex 38.272 -0.95 8.55455
    endloop
  endfacet
  facet normal 0.717236 -0 0.696831
    outer loop
      vertex 38.0391 -0.95 8.79427
      vertex 38.272 0 8.55455
      vertex 38.0391 0 8.79427
    endloop
  endfacet
  facet normal 0.717236 0 0.696831
    outer loop
      vertex 38.272 0 8.55455
      vertex 38.0391 -0.95 8.79427
      vertex 38.272 -0.95 8.55455
    endloop
  endfacet
  facet normal 0.8561 -0 0.51681
    outer loop
      vertex 37.8563 -0.95 9.09708
      vertex 38.0391 0 8.79427
      vertex 37.8563 0 9.09708
    endloop
  endfacet
  facet normal 0.8561 0 0.51681
    outer loop
      vertex 38.0391 0 8.79427
      vertex 37.8563 -0.95 9.09708
      vertex 38.0391 -0.95 8.79427
    endloop
  endfacet
  facet normal 0.940272 -0 0.340423
    outer loop
      vertex 37.7258 -0.95 9.45753
      vertex 37.8563 0 9.09708
      vertex 37.7258 0 9.45753
    endloop
  endfacet
  facet normal 0.940272 0 0.340423
    outer loop
      vertex 37.8563 0 9.09708
      vertex 37.7258 -0.95 9.45753
      vertex 37.8563 -0.95 9.09708
    endloop
  endfacet
  facet normal 0.98291 -0 0.184088
    outer loop
      vertex 37.6475 -0.95 9.8756
      vertex 37.7258 0 9.45753
      vertex 37.6475 0 9.8756
    endloop
  endfacet
  facet normal 0.98291 0 0.184088
    outer loop
      vertex 37.7258 0 9.45753
      vertex 37.6475 -0.95 9.8756
      vertex 37.7258 -0.95 9.45753
    endloop
  endfacet
  facet normal 0.998498 -0 0.0547841
    outer loop
      vertex 37.6214 -0.95 10.3513
      vertex 37.6475 0 9.8756
      vertex 37.6214 0 10.3513
    endloop
  endfacet
  facet normal 0.998498 0 0.0547841
    outer loop
      vertex 37.6475 0 9.8756
      vertex 37.6214 -0.95 10.3513
      vertex 37.6475 -0.95 9.8756
    endloop
  endfacet
  facet normal 0 0 -1
    outer loop
      vertex 37.6214 -0.95 10.3513
      vertex 41.8096 0 10.3513
      vertex 41.8096 -0.95 10.3513
    endloop
  endfacet
  facet normal -0 0 -1
    outer loop
      vertex 41.8096 0 10.3513
      vertex 37.6214 -0.95 10.3513
      vertex 37.6214 0 10.3513
    endloop
  endfacet
  facet normal 1 -0 0
    outer loop
      vertex 41.8096 -0.95 10.4815
      vertex 41.8096 0 10.3513
      vertex 41.8096 0 10.4815
    endloop
  endfacet
  facet normal 1 0 0
    outer loop
      vertex 41.8096 0 10.3513
      vertex 41.8096 -0.95 10.4815
      vertex 41.8096 -0.95 10.3513
    endloop
  endfacet
  facet normal 0.993045 -0 0.117736
    outer loop
      vertex 41.6478 -0.95 11.8462
      vertex 41.8096 0 10.4815
      vertex 41.6478 0 11.8462
    endloop
  endfacet
  facet normal 0.993045 0 0.117736
    outer loop
      vertex 41.8096 0 10.4815
      vertex 41.6478 -0.95 11.8462
      vertex 41.8096 -0.95 10.4815
    endloop
  endfacet
  facet normal 0.895234 -0 0.445597
    outer loop
      vertex 41.1626 -0.95 12.821
      vertex 41.6478 0 11.8462
      vertex 41.1626 0 12.821
    endloop
  endfacet
  facet normal 0.895234 0 0.445597
    outer loop
      vertex 41.6478 0 11.8462
      vertex 41.1626 -0.95 12.821
      vertex 41.6478 -0.95 11.8462
    endloop
  endfacet
  facet normal 0.586043 0 0.81028
    outer loop
      vertex 40.3539 0 13.4059
      vertex 41.1626 -0.95 12.821
      vertex 41.1626 0 12.821
    endloop
  endfacet
  facet normal 0.586043 0 0.81028
    outer loop
      vertex 41.1626 -0.95 12.821
      vertex 40.3539 0 13.4059
      vertex 40.3539 -0.95 13.4059
    endloop
  endfacet
  facet normal 0.169662 0 0.985502
    outer loop
      vertex 39.2218 0 13.6008
      vertex 40.3539 -0.95 13.4059
      vertex 40.3539 0 13.4059
    endloop
  endfacet
  facet normal 0.169662 0 0.985502
    outer loop
      vertex 40.3539 -0.95 13.4059
      vertex 39.2218 0 13.6008
      vertex 39.2218 -0.95 13.6008
    endloop
  endfacet
  facet normal -0.0811618 0 0.996701
    outer loop
      vertex 38.6262 0 13.5523
      vertex 39.2218 -0.95 13.6008
      vertex 39.2218 0 13.6008
    endloop
  endfacet
  facet normal -0.0811618 0 0.996701
    outer loop
      vertex 39.2218 -0.95 13.6008
      vertex 38.6262 0 13.5523
      vertex 38.6262 -0.95 13.5523
    endloop
  endfacet
  facet normal -0.268043 0 0.963407
    outer loop
      vertex 38.1036 0 13.4069
      vertex 38.6262 -0.95 13.5523
      vertex 38.6262 0 13.5523
    endloop
  endfacet
  facet normal -0.268043 0 0.963407
    outer loop
      vertex 38.6262 -0.95 13.5523
      vertex 38.1036 0 13.4069
      vertex 38.1036 -0.95 13.4069
    endloop
  endfacet
  facet normal -0.474555 0 0.880226
    outer loop
      vertex 37.6538 0 13.1644
      vertex 38.1036 -0.95 13.4069
      vertex 38.1036 0 13.4069
    endloop
  endfacet
  facet normal -0.474555 0 0.880226
    outer loop
      vertex 38.1036 -0.95 13.4069
      vertex 37.6538 0 13.1644
      vertex 37.6538 -0.95 13.1644
    endloop
  endfacet
  facet normal -0.669063 0 0.743206
    outer loop
      vertex 37.2769 0 12.8251
      vertex 37.6538 -0.95 13.1644
      vertex 37.6538 0 13.1644
    endloop
  endfacet
  facet normal -0.669063 0 0.743206
    outer loop
      vertex 37.6538 -0.95 13.1644
      vertex 37.2769 0 12.8251
      vertex 37.2769 -0.95 12.8251
    endloop
  endfacet
  facet normal -0.822282 0 0.569081
    outer loop
      vertex 36.9791 -0.95 12.3948
      vertex 37.2769 0 12.8251
      vertex 36.9791 0 12.3948
    endloop
  endfacet
  facet normal -0.822282 0 0.569081
    outer loop
      vertex 37.2769 0 12.8251
      vertex 36.9791 -0.95 12.3948
      vertex 37.2769 -0.95 12.8251
    endloop
  endfacet
  facet normal -0.924235 0 0.381823
    outer loop
      vertex 36.7663 -0.95 11.8797
      vertex 36.9791 0 12.3948
      vertex 36.7663 0 11.8797
    endloop
  endfacet
  facet normal -0.924235 0 0.381823
    outer loop
      vertex 36.9791 0 12.3948
      vertex 36.7663 -0.95 11.8797
      vertex 36.9791 -0.95 12.3948
    endloop
  endfacet
  facet normal -0.978105 0 0.208114
    outer loop
      vertex 36.6387 -0.95 11.28
      vertex 36.7663 0 11.8797
      vertex 36.6387 0 11.28
    endloop
  endfacet
  facet normal -0.978105 0 0.208114
    outer loop
      vertex 36.7663 0 11.8797
      vertex 36.6387 -0.95 11.28
      vertex 36.7663 -0.95 11.8797
    endloop
  endfacet
  facet normal -0.99807 0 0.062106
    outer loop
      vertex 36.5961 -0.95 10.5954
      vertex 36.6387 0 11.28
      vertex 36.5961 0 10.5954
    endloop
  endfacet
  facet normal -0.99807 0 0.062106
    outer loop
      vertex 36.6387 0 11.28
      vertex 36.5961 -0.95 10.5954
      vertex 36.6387 -0.95 11.28
    endloop
  endfacet
  facet normal -0.998244 0 -0.0592429
    outer loop
      vertex 36.6387 -0.95 9.87759
      vertex 36.5961 0 10.5954
      vertex 36.6387 0 9.87759
    endloop
  endfacet
  facet normal -0.998244 -0 -0.0592429
    outer loop
      vertex 36.5961 0 10.5954
      vertex 36.6387 -0.95 9.87759
      vertex 36.5961 -0.95 10.5954
    endloop
  endfacet
  facet normal -0.979696 0 -0.200489
    outer loop
      vertex 36.7663 -0.95 9.25407
      vertex 36.6387 0 9.87759
      vertex 36.7663 0 9.25407
    endloop
  endfacet
  facet normal -0.979696 -0 -0.200489
    outer loop
      vertex 36.6387 0 9.87759
      vertex 36.7663 -0.95 9.25407
      vertex 36.6387 -0.95 9.87759
    endloop
  endfacet
  facet normal -0.927818 0 -0.373034
    outer loop
      vertex 36.9791 -0.95 8.72479
      vertex 36.7663 0 9.25407
      vertex 36.9791 0 8.72479
    endloop
  endfacet
  facet normal -0.927818 -0 -0.373034
    outer loop
      vertex 36.7663 0 9.25407
      vertex 36.9791 -0.95 8.72479
      vertex 36.7663 -0.95 9.25407
    endloop
  endfacet
  facet normal -0.825158 0 -0.564902
    outer loop
      vertex 37.2769 -0.95 8.28979
      vertex 36.9791 0 8.72479
      vertex 37.2769 0 8.28979
    endloop
  endfacet
  facet normal -0.825158 -0 -0.564902
    outer loop
      vertex 36.9791 0 8.72479
      vertex 37.2769 -0.95 8.28979
      vertex 36.9791 -0.95 8.72479
    endloop
  endfacet
  facet normal -0.666824 0 -0.745216
    outer loop
      vertex 37.2769 -0.95 8.28979
      vertex 37.6562 0 7.95039
      vertex 37.6562 -0.95 7.95039
    endloop
  endfacet
  facet normal -0.666824 0 -0.745216
    outer loop
      vertex 37.6562 0 7.95039
      vertex 37.2769 -0.95 8.28979
      vertex 37.2769 0 8.28979
    endloop
  endfacet
  facet normal -0.468706 0 -0.883354
    outer loop
      vertex 37.6562 -0.95 7.95039
      vertex 38.1131 0 7.70796
      vertex 38.1131 -0.95 7.70796
    endloop
  endfacet
  facet normal -0.468706 0 -0.883354
    outer loop
      vertex 38.1131 0 7.70796
      vertex 37.6562 -0.95 7.95039
      vertex 37.6562 0 7.95039
    endloop
  endfacet
  facet normal -0.262558 0 -0.964916
    outer loop
      vertex 38.1131 -0.95 7.70796
      vertex 38.6476 0 7.56252
      vertex 38.6476 -0.95 7.56252
    endloop
  endfacet
  facet normal -0.262558 0 -0.964916
    outer loop
      vertex 38.6476 0 7.56252
      vertex 38.1131 -0.95 7.70796
      vertex 38.1131 0 7.70796
    endloop
  endfacet
  facet normal -0.078975 0 -0.996877
    outer loop
      vertex 38.6476 -0.95 7.56252
      vertex 39.2598 0 7.51402
      vertex 39.2598 -0.95 7.51402
    endloop
  endfacet
  facet normal -0.078975 0 -0.996877
    outer loop
      vertex 39.2598 0 7.51402
      vertex 38.6476 -0.95 7.56252
      vertex 38.6476 0 7.56252
    endloop
  endfacet
  facet normal 0.101684 0 -0.994817
    outer loop
      vertex 39.2598 -0.95 7.51402
      vertex 40.1091 0 7.60083
      vertex 40.1091 -0.95 7.60083
    endloop
  endfacet
  facet normal 0.101684 0 -0.994817
    outer loop
      vertex 40.1091 0 7.60083
      vertex 39.2598 -0.95 7.51402
      vertex 39.2598 0 7.51402
    endloop
  endfacet
  facet normal 0.994804 0 -0.10181
    outer loop
      vertex 37.6725 -0.95 11.4927
      vertex 37.6323 0 11.0999
      vertex 37.6725 0 11.4927
    endloop
  endfacet
  facet normal 0.994804 0 -0.10181
    outer loop
      vertex 37.6323 0 11.0999
      vertex 37.6725 -0.95 11.4927
      vertex 37.6323 -0.95 11.0999
    endloop
  endfacet
  facet normal 0.969616 0 -0.244631
    outer loop
      vertex 37.7604 -0.95 11.8411
      vertex 37.6725 0 11.4927
      vertex 37.7604 0 11.8411
    endloop
  endfacet
  facet normal 0.969616 0 -0.244631
    outer loop
      vertex 37.6725 0 11.4927
      vertex 37.7604 -0.95 11.8411
      vertex 37.6725 -0.95 11.4927
    endloop
  endfacet
  facet normal 0.912992 0 -0.407977
    outer loop
      vertex 37.8962 -0.95 12.145
      vertex 37.7604 0 11.8411
      vertex 37.8962 0 12.145
    endloop
  endfacet
  facet normal 0.912992 0 -0.407977
    outer loop
      vertex 37.7604 0 11.8411
      vertex 37.8962 -0.95 12.145
      vertex 37.7604 -0.95 11.8411
    endloop
  endfacet
  facet normal 0.816445 0 -0.577424
    outer loop
      vertex 38.0798 -0.95 12.4046
      vertex 37.8962 0 12.145
      vertex 38.0798 0 12.4046
    endloop
  endfacet
  facet normal 0.816445 0 -0.577424
    outer loop
      vertex 37.8962 0 12.145
      vertex 38.0798 -0.95 12.4046
      vertex 37.8962 -0.95 12.145
    endloop
  endfacet
  facet normal 0.676668 0 -0.736288
    outer loop
      vertex 38.0798 -0.95 12.4046
      vertex 38.3058 0 12.6123
      vertex 38.3058 -0.95 12.6123
    endloop
  endfacet
  facet normal 0.676668 0 -0.736288
    outer loop
      vertex 38.3058 0 12.6123
      vertex 38.0798 -0.95 12.4046
      vertex 38.0798 0 12.4046
    endloop
  endfacet
  facet normal 0.491173 0 -0.871062
    outer loop
      vertex 38.3058 -0.95 12.6123
      vertex 38.5688 0 12.7606
      vertex 38.5688 -0.95 12.7606
    endloop
  endfacet
  facet normal 0.491173 0 -0.871062
    outer loop
      vertex 38.5688 0 12.7606
      vertex 38.3058 -0.95 12.6123
      vertex 38.3058 0 12.6123
    endloop
  endfacet
  facet normal 0.284502 0 -0.958675
    outer loop
      vertex 38.5688 -0.95 12.7606
      vertex 38.8687 0 12.8496
      vertex 38.8687 -0.95 12.8496
    endloop
  endfacet
  facet normal 0.284502 0 -0.958675
    outer loop
      vertex 38.8687 0 12.8496
      vertex 38.5688 -0.95 12.7606
      vertex 38.5688 0 12.7606
    endloop
  endfacet
  facet normal 0.0878161 0 -0.996137
    outer loop
      vertex 38.8687 -0.95 12.8496
      vertex 39.2056 0 12.8793
      vertex 39.2056 -0.95 12.8793
    endloop
  endfacet
  facet normal 0.0878161 0 -0.996137
    outer loop
      vertex 39.2056 0 12.8793
      vertex 38.8687 -0.95 12.8496
      vertex 38.8687 0 12.8496
    endloop
  endfacet
  facet normal -0.0769176 0 -0.997037
    outer loop
      vertex 39.2056 -0.95 12.8793
      vertex 39.5504 0 12.8527
      vertex 39.5504 -0.95 12.8527
    endloop
  endfacet
  facet normal -0.0769176 0 -0.997037
    outer loop
      vertex 39.5504 0 12.8527
      vertex 39.2056 -0.95 12.8793
      vertex 39.2056 0 12.8793
    endloop
  endfacet
  facet normal -0.255769 0 -0.966738
    outer loop
      vertex 39.5504 -0.95 12.8527
      vertex 39.8524 0 12.7728
      vertex 39.8524 -0.95 12.7728
    endloop
  endfacet
  facet normal -0.255769 0 -0.966738
    outer loop
      vertex 39.8524 0 12.7728
      vertex 39.5504 -0.95 12.8527
      vertex 39.5504 0 12.8527
    endloop
  endfacet
  facet normal -0.456247 0 -0.889853
    outer loop
      vertex 39.8524 -0.95 12.7728
      vertex 40.1118 0 12.6398
      vertex 40.1118 -0.95 12.6398
    endloop
  endfacet
  facet normal -0.456247 0 -0.889853
    outer loop
      vertex 40.1118 0 12.6398
      vertex 39.8524 -0.95 12.7728
      vertex 39.8524 0 12.7728
    endloop
  endfacet
  facet normal -0.652289 0 -0.757971
    outer loop
      vertex 40.1118 -0.95 12.6398
      vertex 40.3284 0 12.4534
      vertex 40.3284 -0.95 12.4534
    endloop
  endfacet
  facet normal -0.652289 0 -0.757971
    outer loop
      vertex 40.3284 0 12.4534
      vertex 40.1118 -0.95 12.6398
      vertex 40.1118 0 12.6398
    endloop
  endfacet
  facet normal -0.811257 0 -0.58469
    outer loop
      vertex 40.5044 -0.95 12.2092
      vertex 40.3284 0 12.4534
      vertex 40.5044 0 12.2092
    endloop
  endfacet
  facet normal -0.811257 -0 -0.58469
    outer loop
      vertex 40.3284 0 12.4534
      vertex 40.5044 -0.95 12.2092
      vertex 40.3284 -0.95 12.4534
    endloop
  endfacet
  facet normal -0.912804 0 -0.408399
    outer loop
      vertex 40.6418 -0.95 11.9021
      vertex 40.5044 0 12.2092
      vertex 40.6418 0 11.9021
    endloop
  endfacet
  facet normal -0.912804 -0 -0.408399
    outer loop
      vertex 40.5044 0 12.2092
      vertex 40.6418 -0.95 11.9021
      vertex 40.5044 -0.95 12.2092
    endloop
  endfacet
  facet normal -0.966226 0 -0.257695
    outer loop
      vertex 40.7404 -0.95 11.5324
      vertex 40.6418 0 11.9021
      vertex 40.7404 0 11.5324
    endloop
  endfacet
  facet normal -0.966226 -0 -0.257695
    outer loop
      vertex 40.6418 0 11.9021
      vertex 40.7404 -0.95 11.5324
      vertex 40.6418 -0.95 11.9021
    endloop
  endfacet
  facet normal -0.990514 0 -0.137412
    outer loop
      vertex 40.8004 -0.95 11.0999
      vertex 40.7404 0 11.5324
      vertex 40.8004 0 11.0999
    endloop
  endfacet
  facet normal -0.990514 -0 -0.137412
    outer loop
      vertex 40.7404 0 11.5324
      vertex 40.8004 -0.95 11.0999
      vertex 40.7404 -0.95 11.5324
    endloop
  endfacet
  facet normal -0 0 1
    outer loop
      vertex 37.6323 0 11.0999
      vertex 40.8004 -0.95 11.0999
      vertex 40.8004 0 11.0999
    endloop
  endfacet
  facet normal 0 0 1
    outer loop
      vertex 40.8004 -0.95 11.0999
      vertex 37.6323 0 11.0999
      vertex 37.6323 -0.95 11.0999
    endloop
  endfacet
  facet normal 0.998042 0 -0.0625469
    outer loop
      vertex 43.931 -0.95 11.4292
      vertex 43.9056 0 11.0239
      vertex 43.931 0 11.4292
    endloop
  endfacet
  facet normal 0.998042 0 -0.0625469
    outer loop
      vertex 43.9056 0 11.0239
      vertex 43.931 -0.95 11.4292
      vertex 43.9056 -0.95 11.0239
    endloop
  endfacet
  facet normal 0.978069 0 -0.20828
    outer loop
      vertex 44.0073 -0.95 11.7875
      vertex 43.931 0 11.4292
      vertex 44.0073 0 11.7875
    endloop
  endfacet
  facet normal 0.978069 0 -0.20828
    outer loop
      vertex 43.931 0 11.4292
      vertex 44.0073 -0.95 11.7875
      vertex 43.931 -0.95 11.4292
    endloop
  endfacet
  facet normal 0.925831 0 -0.377939
    outer loop
      vertex 44.1345 -0.95 12.0991
      vertex 44.0073 0 11.7875
      vertex 44.1345 0 12.0991
    endloop
  endfacet
  facet normal 0.925831 0 -0.377939
    outer loop
      vertex 44.0073 0 11.7875
      vertex 44.1345 -0.95 12.0991
      vertex 44.0073 -0.95 11.7875
    endloop
  endfacet
  facet normal 0.829923 0 -0.557879
    outer loop
      vertex 44.3125 -0.95 12.3639
      vertex 44.1345 0 12.0991
      vertex 44.3125 0 12.3639
    endloop
  endfacet
  facet normal 0.829923 0 -0.557879
    outer loop
      vertex 44.1345 0 12.0991
      vertex 44.3125 -0.95 12.3639
      vertex 44.1345 -0.95 12.0991
    endloop
  endfacet
  facet normal 0.689272 0 -0.724502
    outer loop
      vertex 44.3125 -0.95 12.3639
      vertex 44.5346 0 12.5752
      vertex 44.5346 -0.95 12.5752
    endloop
  endfacet
  facet normal 0.689272 0 -0.724502
    outer loop
      vertex 44.5346 0 12.5752
      vertex 44.3125 -0.95 12.3639
      vertex 44.3125 0 12.3639
    endloop
  endfacet
  facet normal 0.502731 0 -0.864443
    outer loop
      vertex 44.5346 -0.95 12.5752
      vertex 44.7939 0 12.726
      vertex 44.7939 -0.95 12.726
    endloop
  endfacet
  facet normal 0.502731 0 -0.864443
    outer loop
      vertex 44.7939 0 12.726
      vertex 44.5346 -0.95 12.5752
      vertex 44.5346 0 12.5752
    endloop
  endfacet
  facet normal 0.292047 0 -0.956404
    outer loop
      vertex 44.7939 -0.95 12.726
      vertex 45.0906 0 12.8166
      vertex 45.0906 -0.95 12.8166
    endloop
  endfacet
  facet normal 0.292047 0 -0.956404
    outer loop
      vertex 45.0906 0 12.8166
      vertex 44.7939 -0.95 12.726
      vertex 44.7939 0 12.726
    endloop
  endfacet
  facet normal 0.089756 0 -0.995964
    outer loop
      vertex 45.0906 -0.95 12.8166
      vertex 45.4246 0 12.8467
      vertex 45.4246 -0.95 12.8467
    endloop
  endfacet
  facet normal 0.089756 0 -0.995964
    outer loop
      vertex 45.4246 0 12.8467
      vertex 45.0906 -0.95 12.8166
      vertex 45.0906 0 12.8166
    endloop
  endfacet
  facet normal -0.0387715 0 -0.999248
    outer loop
      vertex 45.4246 -0.95 12.8467
      vertex 45.6514 0 12.8379
      vertex 45.6514 -0.95 12.8379
    endloop
  endfacet
  facet normal -0.0387715 0 -0.999248
    outer loop
      vertex 45.6514 0 12.8379
      vertex 45.4246 -0.95 12.8467
      vertex 45.4246 0 12.8467
    endloop
  endfacet
  facet normal -0.132427 0 -0.991193
    outer loop
      vertex 45.6514 -0.95 12.8379
      vertex 45.849 0 12.8115
      vertex 45.849 -0.95 12.8115
    endloop
  endfacet
  facet normal -0.132427 0 -0.991193
    outer loop
      vertex 45.849 0 12.8115
      vertex 45.6514 -0.95 12.8379
      vertex 45.6514 0 12.8379
    endloop
  endfacet
  facet normal -0.253193 0 -0.967416
    outer loop
      vertex 45.849 -0.95 12.8115
      vertex 46.0175 0 12.7674
      vertex 46.0175 -0.95 12.7674
    endloop
  endfacet
  facet normal -0.253193 0 -0.967416
    outer loop
      vertex 46.0175 0 12.7674
      vertex 45.849 -0.95 12.8115
      vertex 45.849 0 12.8115
    endloop
  endfacet
  facet normal -0.404738 0 -0.914433
    outer loop
      vertex 46.0175 -0.95 12.7674
      vertex 46.1569 0 12.7057
      vertex 46.1569 -0.95 12.7057
    endloop
  endfacet
  facet normal -0.404738 0 -0.914433
    outer loop
      vertex 46.1569 0 12.7057
      vertex 46.0175 -0.95 12.7674
      vertex 46.0175 0 12.7674
    endloop
  endfacet
  facet normal -0.574831 0 -0.818272
    outer loop
      vertex 46.1569 -0.95 12.7057
      vertex 46.2732 0 12.624
      vertex 46.2732 -0.95 12.624
    endloop
  endfacet
  facet normal -0.574831 0 -0.818272
    outer loop
      vertex 46.2732 0 12.624
      vertex 46.1569 -0.95 12.7057
      vertex 46.1569 0 12.7057
    endloop
  endfacet
  facet normal -0.723245 0 -0.690591
    outer loop
      vertex 46.3726 -0.95 12.5199
      vertex 46.2732 0 12.624
      vertex 46.3726 0 12.5199
    endloop
  endfacet
  facet normal -0.723245 -0 -0.690591
    outer loop
      vertex 46.2732 0 12.624
      vertex 46.3726 -0.95 12.5199
      vertex 46.2732 -0.95 12.624
    endloop
  endfacet
  facet normal -0.837914 0 -0.545803
    outer loop
      vertex 46.455 -0.95 12.3934
      vertex 46.3726 0 12.5199
      vertex 46.455 0 12.3934
    endloop
  endfacet
  facet normal -0.837914 -0 -0.545803
    outer loop
      vertex 46.3726 0 12.5199
      vertex 46.455 -0.95 12.3934
      vertex 46.3726 -0.95 12.5199
    endloop
  endfacet
  facet normal -0.915478 0 -0.402367
    outer loop
      vertex 46.5204 -0.95 12.2446
      vertex 46.455 0 12.3934
      vertex 46.5204 0 12.2446
    endloop
  endfacet
  facet normal -0.915478 -0 -0.402367
    outer loop
      vertex 46.455 0 12.3934
      vertex 46.5204 -0.95 12.2446
      vertex 46.455 -0.95 12.3934
    endloop
  endfacet
  facet normal -0.962344 0 -0.271836
    outer loop
      vertex 46.5702 -0.95 12.0683
      vertex 46.5204 0 12.2446
      vertex 46.5702 0 12.0683
    endloop
  endfacet
  facet normal -0.962344 -0 -0.271836
    outer loop
      vertex 46.5204 0 12.2446
      vertex 46.5702 -0.95 12.0683
      vertex 46.5204 -0.95 12.2446
    endloop
  endfacet
  facet normal -0.985788 0 -0.167994
    outer loop
      vertex 46.6058 -0.95 11.8594
      vertex 46.5702 0 12.0683
      vertex 46.6058 0 11.8594
    endloop
  endfacet
  facet normal -0.985788 -0 -0.167994
    outer loop
      vertex 46.5702 0 12.0683
      vertex 46.6058 -0.95 11.8594
      vertex 46.5702 -0.95 12.0683
    endloop
  endfacet
  facet normal -0.996094 0 -0.0883032
    outer loop
      vertex 46.6272 -0.95 11.618
      vertex 46.6058 0 11.8594
      vertex 46.6272 0 11.618
    endloop
  endfacet
  facet normal -0.996094 -0 -0.0883032
    outer loop
      vertex 46.6058 0 11.8594
      vertex 46.6272 -0.95 11.618
      vertex 46.6058 -0.95 11.8594
    endloop
  endfacet
  facet normal -0.999664 0 -0.0259037
    outer loop
      vertex 46.6343 -0.95 11.344
      vertex 46.6272 0 11.618
      vertex 46.6343 0 11.344
    endloop
  endfacet
  facet normal -0.999664 -0 -0.0259037
    outer loop
      vertex 46.6272 0 11.618
      vertex 46.6343 -0.95 11.344
      vertex 46.6272 -0.95 11.618
    endloop
  endfacet
  facet normal -1 0 0
    outer loop
      vertex 46.6343 -0.95 7.62251
      vertex 46.6343 0 11.344
      vertex 46.6343 0 7.62251
    endloop
  endfacet
  facet normal -1 -0 0
    outer loop
      vertex 46.6343 0 11.344
      vertex 46.6343 -0.95 7.62251
      vertex 46.6343 -0.95 11.344
    endloop
  endfacet
  facet normal 0 0 -1
    outer loop
      vertex 46.6343 -0.95 7.62251
      vertex 47.6162 0 7.62251
      vertex 47.6162 -0.95 7.62251
    endloop
  endfacet
  facet normal -0 0 -1
    outer loop
      vertex 47.6162 0 7.62251
      vertex 46.6343 -0.95 7.62251
      vertex 46.6343 0 7.62251
    endloop
  endfacet
  facet normal 1 -0 0
    outer loop
      vertex 47.6162 -0.95 11.5339
      vertex 47.6162 0 7.62251
      vertex 47.6162 0 11.5339
    endloop
  endfacet
  facet normal 1 0 0
    outer loop
      vertex 47.6162 0 7.62251
      vertex 47.6162 -0.95 11.5339
      vertex 47.6162 -0.95 7.62251
    endloop
  endfacet
  facet normal 0.998531 -0 0.0541793
    outer loop
      vertex 47.5883 -0.95 12.0481
      vertex 47.6162 0 11.5339
      vertex 47.5883 0 12.0481
    endloop
  endfacet
  facet normal 0.998531 0 0.0541793
    outer loop
      vertex 47.6162 0 11.5339
      vertex 47.5883 -0.95 12.0481
      vertex 47.6162 -0.95 11.5339
    endloop
  endfacet
  facet normal 0.981934 -0 0.189223
    outer loop
      vertex 47.5043 -0.95 12.484
      vertex 47.5883 0 12.0481
      vertex 47.5043 0 12.484
    endloop
  endfacet
  facet normal 0.981934 0 0.189223
    outer loop
      vertex 47.5883 0 12.0481
      vertex 47.5043 -0.95 12.484
      vertex 47.5883 -0.95 12.0481
    endloop
  endfacet
  facet normal 0.931323 -0 0.364193
    outer loop
      vertex 47.3645 -0.95 12.8415
      vertex 47.5043 0 12.484
      vertex 47.3645 0 12.8415
    endloop
  endfacet
  facet normal 0.931323 0 0.364193
    outer loop
      vertex 47.5043 0 12.484
      vertex 47.3645 -0.95 12.8415
      vertex 47.5043 -0.95 12.484
    endloop
  endfacet
  facet normal 0.818598 -0 0.574367
    outer loop
      vertex 47.1686 -0.95 13.1207
      vertex 47.3645 0 12.8415
      vertex 47.1686 0 13.1207
    endloop
  endfacet
  facet normal 0.818598 0 0.574367
    outer loop
      vertex 47.3645 0 12.8415
      vertex 47.1686 -0.95 13.1207
      vertex 47.3645 -0.95 12.8415
    endloop
  endfacet
  facet normal 0.634256 0 0.773123
    outer loop
      vertex 46.9125 0 13.3308
      vertex 47.1686 -0.95 13.1207
      vertex 47.1686 0 13.1207
    endloop
  endfacet
  facet normal 0.634256 0 0.773123
    outer loop
      vertex 47.1686 -0.95 13.1207
      vertex 46.9125 0 13.3308
      vertex 46.9125 -0.95 13.3308
    endloop
  endfacet
  facet normal 0.423457 0 0.905916
    outer loop
      vertex 46.5916 0 13.4808
      vertex 46.9125 -0.95 13.3308
      vertex 46.9125 0 13.3308
    endloop
  endfacet
  facet normal 0.423457 0 0.905916
    outer loop
      vertex 46.9125 -0.95 13.3308
      vertex 46.5916 0 13.4808
      vertex 46.5916 -0.95 13.4808
    endloop
  endfacet
  facet normal 0.227238 0 0.973839
    outer loop
      vertex 46.2059 0 13.5708
      vertex 46.5916 -0.95 13.4808
      vertex 46.5916 0 13.4808
    endloop
  endfacet
  facet normal 0.227238 0 0.973839
    outer loop
      vertex 46.5916 -0.95 13.4808
      vertex 46.2059 0 13.5708
      vertex 46.2059 -0.95 13.5708
    endloop
  endfacet
  facet normal 0.0664602 0 0.997789
    outer loop
      vertex 45.7555 0 13.6008
      vertex 46.2059 -0.95 13.5708
      vertex 46.2059 0 13.5708
    endloop
  endfacet
  facet normal 0.0664602 0 0.997789
    outer loop
      vertex 46.2059 -0.95 13.5708
      vertex 45.7555 0 13.6008
      vertex 45.7555 -0.95 13.6008
    endloop
  endfacet
  facet normal -0.049811 0 0.998759
    outer loop
      vertex 45.4407 0 13.5851
      vertex 45.7555 -0.95 13.6008
      vertex 45.7555 0 13.6008
    endloop
  endfacet
  facet normal -0.049811 0 0.998759
    outer loop
      vertex 45.7555 -0.95 13.6008
      vertex 45.4407 0 13.5851
      vertex 45.4407 -0.95 13.5851
    endloop
  endfacet
  facet normal -0.16201 0 0.986789
    outer loop
      vertex 45.1526 0 13.5378
      vertex 45.4407 -0.95 13.5851
      vertex 45.4407 0 13.5851
    endloop
  endfacet
  facet normal -0.16201 0 0.986789
    outer loop
      vertex 45.4407 -0.95 13.5851
      vertex 45.1526 0 13.5378
      vertex 45.1526 -0.95 13.5378
    endloop
  endfacet
  facet normal -0.289163 0 0.95728
    outer loop
      vertex 44.8914 0 13.4589
      vertex 45.1526 -0.95 13.5378
      vertex 45.1526 0 13.5378
    endloop
  endfacet
  facet normal -0.289163 0 0.95728
    outer loop
      vertex 45.1526 -0.95 13.5378
      vertex 44.8914 0 13.4589
      vertex 44.8914 -0.95 13.4589
    endloop
  endfacet
  facet normal -0.42563 0 0.904897
    outer loop
      vertex 44.6569 0 13.3486
      vertex 44.8914 -0.95 13.4589
      vertex 44.8914 0 13.4589
    endloop
  endfacet
  facet normal -0.42563 0 0.904897
    outer loop
      vertex 44.8914 -0.95 13.4589
      vertex 44.6569 0 13.3486
      vertex 44.6569 -0.95 13.3486
    endloop
  endfacet
  facet normal -0.568951 0 0.822372
    outer loop
      vertex 44.4424 0 13.2002
      vertex 44.6569 -0.95 13.3486
      vertex 44.6569 0 13.3486
    endloop
  endfacet
  facet normal -0.568951 0 0.822372
    outer loop
      vertex 44.6569 -0.95 13.3486
      vertex 44.4424 0 13.2002
      vertex 44.4424 -0.95 13.2002
    endloop
  endfacet
  facet normal -0.691687 0 0.722197
    outer loop
      vertex 44.2412 0 13.0075
      vertex 44.4424 -0.95 13.2002
      vertex 44.4424 0 13.2002
    endloop
  endfacet
  facet normal -0.691687 0 0.722197
    outer loop
      vertex 44.4424 -0.95 13.2002
      vertex 44.2412 0 13.0075
      vertex 44.2412 -0.95 13.0075
    endloop
  endfacet
  facet normal -0.783858 0 0.62094
    outer loop
      vertex 44.0533 -0.95 12.7703
      vertex 44.2412 0 13.0075
      vertex 44.0533 0 12.7703
    endloop
  endfacet
  facet normal -0.783858 0 0.62094
    outer loop
      vertex 44.2412 0 13.0075
      vertex 44.0533 -0.95 12.7703
      vertex 44.2412 -0.95 13.0075
    endloop
  endfacet
  facet normal -0.849622 0 0.527393
    outer loop
      vertex 43.8785 -0.95 12.4887
      vertex 44.0533 0 12.7703
      vertex 43.8785 0 12.4887
    endloop
  endfacet
  facet normal -0.849622 0 0.527393
    outer loop
      vertex 44.0533 0 12.7703
      vertex 43.8785 -0.95 12.4887
      vertex 44.0533 -0.95 12.7703
    endloop
  endfacet
  facet normal -0 0 1
    outer loop
      vertex 43.8622 0 12.4887
      vertex 43.8785 -0.95 12.4887
      vertex 43.8785 0 12.4887
    endloop
  endfacet
  facet normal 0 0 1
    outer loop
      vertex 43.8785 -0.95 12.4887
      vertex 43.8622 0 12.4887
      vertex 43.8622 -0.95 12.4887
    endloop
  endfacet
  facet normal 0.999639 -0 0.0268666
    outer loop
      vertex 43.8569 -0.95 12.6859
      vertex 43.8622 0 12.4887
      vertex 43.8569 0 12.6859
    endloop
  endfacet
  facet normal 0.999639 0 0.0268666
    outer loop
      vertex 43.8622 0 12.4887
      vertex 43.8569 -0.95 12.6859
      vertex 43.8622 -0.95 12.4887
    endloop
  endfacet
  facet normal 0.999548 -0 0.0300662
    outer loop
      vertex 43.852 -0.95 12.8488
      vertex 43.8569 0 12.6859
      vertex 43.852 0 12.8488
    endloop
  endfacet
  facet normal 0.999548 0 0.0300662
    outer loop
      vertex 43.8569 0 12.6859
      vertex 43.852 -0.95 12.8488
      vertex 43.8569 -0.95 12.6859
    endloop
  endfacet
  facet normal 0.999361 -0 0.035747
    outer loop
      vertex 43.8474 -0.95 12.9774
      vertex 43.852 0 12.8488
      vertex 43.8474 0 12.9774
    endloop
  endfacet
  facet normal 0.999361 0 0.035747
    outer loop
      vertex 43.852 0 12.8488
      vertex 43.8474 -0.95 12.9774
      vertex 43.852 -0.95 12.8488
    endloop
  endfacet
  facet normal 0.999014 -0 0.0444006
    outer loop
      vertex 43.8432 -0.95 13.0719
      vertex 43.8474 0 12.9774
      vertex 43.8432 0 13.0719
    endloop
  endfacet
  facet normal 0.999014 0 0.0444006
    outer loop
      vertex 43.8474 0 12.9774
      vertex 43.8432 -0.95 13.0719
      vertex 43.8474 -0.95 12.9774
    endloop
  endfacet
  facet normal 0.998654 -0 0.0518609
    outer loop
      vertex 43.8393 -0.95 13.147
      vertex 43.8432 0 13.0719
      vertex 43.8393 0 13.147
    endloop
  endfacet
  facet normal 0.998654 0 0.0518609
    outer loop
      vertex 43.8432 0 13.0719
      vertex 43.8393 -0.95 13.147
      vertex 43.8432 -0.95 13.0719
    endloop
  endfacet
  facet normal 0.998706 -0 0.0508535
    outer loop
      vertex 43.8357 -0.95 13.2177
      vertex 43.8393 0 13.147
      vertex 43.8357 0 13.2177
    endloop
  endfacet
  facet normal 0.998706 0 0.0508535
    outer loop
      vertex 43.8393 0 13.147
      vertex 43.8357 -0.95 13.2177
      vertex 43.8393 -0.95 13.147
    endloop
  endfacet
  facet normal 0.998837 -0 0.0482093
    outer loop
      vertex 43.8325 -0.95 13.284
      vertex 43.8357 0 13.2177
      vertex 43.8325 0 13.284
    endloop
  endfacet
  facet normal 0.998837 0 0.0482093
    outer loop
      vertex 43.8357 0 13.2177
      vertex 43.8325 -0.95 13.284
      vertex 43.8357 -0.95 13.2177
    endloop
  endfacet
  facet normal 0.998904 -0 0.0467984
    outer loop
      vertex 43.8296 -0.95 13.3459
      vertex 43.8325 0 13.284
      vertex 43.8296 0 13.3459
    endloop
  endfacet
  facet normal 0.998904 0 0.0467984
    outer loop
      vertex 43.8325 0 13.284
      vertex 43.8296 -0.95 13.3459
      vertex 43.8325 -0.95 13.284
    endloop
  endfacet
  facet normal 0.998748 -0 0.05003
    outer loop
      vertex 43.8269 -0.95 13.3998
      vertex 43.8296 0 13.3459
      vertex 43.8269 0 13.3998
    endloop
  endfacet
  facet normal 0.998748 0 0.05003
    outer loop
      vertex 43.8296 0 13.3459
      vertex 43.8269 -0.95 13.3998
      vertex 43.8296 -0.95 13.3459
    endloop
  endfacet
  facet normal 0.997979 -0 0.0635505
    outer loop
      vertex 43.8242 -0.95 13.4422
      vertex 43.8269 0 13.3998
      vertex 43.8242 0 13.4422
    endloop
  endfacet
  facet normal 0.997979 0 0.0635505
    outer loop
      vertex 43.8269 0 13.3998
      vertex 43.8242 -0.95 13.4422
      vertex 43.8269 -0.95 13.3998
    endloop
  endfacet
  facet normal 0.99618 -0 0.0873274
    outer loop
      vertex 43.8215 -0.95 13.473
      vertex 43.8242 0 13.4422
      vertex 43.8215 0 13.473
    endloop
  endfacet
  facet normal 0.99618 0 0.0873274
    outer loop
      vertex 43.8242 0 13.4422
      vertex 43.8215 -0.95 13.473
      vertex 43.8242 -0.95 13.4422
    endloop
  endfacet
  facet normal 0.990356 -0 0.138547
    outer loop
      vertex 43.8188 -0.95 13.4923
      vertex 43.8215 0 13.473
      vertex 43.8188 0 13.4923
    endloop
  endfacet
  facet normal 0.990356 0 0.138547
    outer loop
      vertex 43.8215 0 13.473
      vertex 43.8188 -0.95 13.4923
      vertex 43.8215 -0.95 13.473
    endloop
  endfacet
  facet normal -0 0 1
    outer loop
      vertex 42.8966 0 13.4923
      vertex 43.8188 -0.95 13.4923
      vertex 43.8188 0 13.4923
    endloop
  endfacet
  facet normal 0 0 1
    outer loop
      vertex 43.8188 -0.95 13.4923
      vertex 42.8966 0 13.4923
      vertex 42.8966 -0.95 13.4923
    endloop
  endfacet
  facet normal -0.996259 0 -0.0864195
    outer loop
      vertex 42.9108 -0.95 13.3286
      vertex 42.8966 0 13.4923
      vertex 42.9108 0 13.3286
    endloop
  endfacet
  facet normal -0.996259 -0 -0.0864195
    outer loop
      vertex 42.8966 0 13.4923
      vertex 42.9108 -0.95 13.3286
      vertex 42.8966 -0.95 13.4923
    endloop
  endfacet
  facet normal -0.999266 0 -0.038302
    outer loop
      vertex 42.9209 -0.95 13.0651
      vertex 42.9108 0 13.3286
      vertex 42.9209 0 13.0651
    endloop
  endfacet
  facet normal -0.999266 -0 -0.038302
    outer loop
      vertex 42.9108 0 13.3286
      vertex 42.9209 -0.95 13.0651
      vertex 42.9108 -0.95 13.3286
    endloop
  endfacet
  facet normal -0.999859 0 -0.0167974
    outer loop
      vertex 42.927 -0.95 12.702
      vertex 42.9209 0 13.0651
      vertex 42.927 0 12.702
    endloop
  endfacet
  facet normal -0.999859 -0 -0.0167974
    outer loop
      vertex 42.9209 0 13.0651
      vertex 42.927 -0.95 12.702
      vertex 42.9209 -0.95 13.0651
    endloop
  endfacet
  facet normal -0.999991 0 -0.00432055
    outer loop
      vertex 42.929 -0.95 12.2391
      vertex 42.927 0 12.702
      vertex 42.929 0 12.2391
    endloop
  endfacet
  facet normal -0.999991 -0 -0.00432055
    outer loop
      vertex 42.927 0 12.702
      vertex 42.929 -0.95 12.2391
      vertex 42.927 -0.95 12.702
    endloop
  endfacet
  facet normal -1 0 0
    outer loop
      vertex 42.929 -0.95 7.62251
      vertex 42.929 0 12.2391
      vertex 42.929 0 7.62251
    endloop
  endfacet
  facet normal -1 -0 0
    outer loop
      vertex 42.929 0 12.2391
      vertex 42.929 -0.95 7.62251
      vertex 42.929 -0.95 12.2391
    endloop
  endfacet
  facet normal 0 0 -1
    outer loop
      vertex 42.929 -0.95 7.62251
      vertex 43.9056 0 7.62251
      vertex 43.9056 -0.95 7.62251
    endloop
  endfacet
  facet normal -0 0 -1
    outer loop
      vertex 43.9056 0 7.62251
      vertex 42.929 -0.95 7.62251
      vertex 42.929 0 7.62251
    endloop
  endfacet
  facet normal 1 -0 0
    outer loop
      vertex 43.9056 -0.95 11.0239
      vertex 43.9056 0 7.62251
      vertex 43.9056 0 11.0239
    endloop
  endfacet
  facet normal 1 0 0
    outer loop
      vertex 43.9056 0 7.62251
      vertex 43.9056 -0.95 11.0239
      vertex 43.9056 -0.95 7.62251
    endloop
  endfacet
  facet normal 0.16201 0 -0.986789
    outer loop
      vertex 21.5266 -0.95 7.52979
      vertex 21.8147 0 7.57709
      vertex 21.8147 -0.95 7.57709
    endloop
  endfacet
  facet normal 0.16201 0 -0.986789
    outer loop
      vertex 21.8147 0 7.57709
      vertex 21.5266 -0.95 7.52979
      vertex 21.5266 0 7.52979
    endloop
  endfacet
  facet normal 0.288894 0 -0.957361
    outer loop
      vertex 21.8147 -0.95 7.57709
      vertex 22.0759 0 7.65591
      vertex 22.0759 -0.95 7.65591
    endloop
  endfacet
  facet normal 0.288894 0 -0.957361
    outer loop
      vertex 22.0759 0 7.65591
      vertex 21.8147 -0.95 7.57709
      vertex 21.8147 0 7.57709
    endloop
  endfacet
  facet normal 0.425819 0 -0.904808
    outer loop
      vertex 22.0759 -0.95 7.65591
      vertex 22.3104 0 7.76627
      vertex 22.3104 -0.95 7.76627
    endloop
  endfacet
  facet normal 0.425819 0 -0.904808
    outer loop
      vertex 22.3104 0 7.76627
      vertex 22.0759 -0.95 7.65591
      vertex 22.0759 0 7.65591
    endloop
  endfacet
  facet normal 0.568949 0 -0.822373
    outer loop
      vertex 22.3104 -0.95 7.76627
      vertex 22.5248 0 7.9146
      vertex 22.5248 -0.95 7.9146
    endloop
  endfacet
  facet normal 0.568949 0 -0.822373
    outer loop
      vertex 22.5248 0 7.9146
      vertex 22.3104 -0.95 7.76627
      vertex 22.3104 0 7.76627
    endloop
  endfacet
  facet normal 0.691601 0 -0.722279
    outer loop
      vertex 22.5248 -0.95 7.9146
      vertex 22.7261 0 8.10735
      vertex 22.7261 -0.95 8.10735
    endloop
  endfacet
  facet normal 0.691601 0 -0.722279
    outer loop
      vertex 22.7261 0 8.10735
      vertex 22.5248 -0.95 7.9146
      vertex 22.5248 0 7.9146
    endloop
  endfacet
  facet normal 0.783646 0 -0.621207
    outer loop
      vertex 22.9141 -0.95 8.34451
      vertex 22.7261 0 8.10735
      vertex 22.9141 0 8.34451
    endloop
  endfacet
  facet normal 0.783646 0 -0.621207
    outer loop
      vertex 22.7261 0 8.10735
      vertex 22.9141 -0.95 8.34451
      vertex 22.7261 -0.95 8.10735
    endloop
  endfacet
  facet normal 0.849622 0 -0.527393
    outer loop
      vertex 23.0889 -0.95 8.62611
      vertex 22.9141 0 8.34451
      vertex 23.0889 0 8.62611
    endloop
  endfacet
  facet normal 0.849622 0 -0.527393
    outer loop
      vertex 22.9141 0 8.34451
      vertex 23.0889 -0.95 8.62611
      vertex 22.9141 -0.95 8.34451
    endloop
  endfacet
  facet normal 0 0 -1
    outer loop
      vertex 23.0889 -0.95 8.62611
      vertex 23.1051 0 8.62611
      vertex 23.1051 -0.95 8.62611
    endloop
  endfacet
  facet normal -0 0 -1
    outer loop
      vertex 23.1051 0 8.62611
      vertex 23.0889 -0.95 8.62611
      vertex 23.0889 0 8.62611
    endloop
  endfacet
  facet normal -0.999639 0 -0.0268734
    outer loop
      vertex 23.1104 -0.95 8.42896
      vertex 23.1051 0 8.62611
      vertex 23.1104 0 8.42896
    endloop
  endfacet
  facet normal -0.999639 -0 -0.0268734
    outer loop
      vertex 23.1051 0 8.62611
      vertex 23.1104 -0.95 8.42896
      vertex 23.1051 -0.95 8.62611
    endloop
  endfacet
  facet normal -0.999548 0 -0.0300588
    outer loop
      vertex 23.1153 -0.95 8.26602
      vertex 23.1104 0 8.42896
      vertex 23.1153 0 8.26602
    endloop
  endfacet
  facet normal -0.999548 -0 -0.0300588
    outer loop
      vertex 23.1104 0 8.42896
      vertex 23.1153 -0.95 8.26602
      vertex 23.1104 -0.95 8.42896
    endloop
  endfacet
  facet normal -0.999389 0 -0.0349491
    outer loop
      vertex 23.1198 -0.95 8.13734
      vertex 23.1153 0 8.26602
      vertex 23.1198 0 8.13734
    endloop
  endfacet
  facet normal -0.999389 -0 -0.0349491
    outer loop
      vertex 23.1153 0 8.26602
      vertex 23.1198 -0.95 8.13734
      vertex 23.1153 -0.95 8.26602
    endloop
  endfacet
  facet normal -0.998965 0 -0.0454892
    outer loop
      vertex 23.1241 -0.95 8.04291
      vertex 23.1198 0 8.13734
      vertex 23.1241 0 8.04291
    endloop
  endfacet
  facet normal -0.998965 -0 -0.0454892
    outer loop
      vertex 23.1198 0 8.13734
      vertex 23.1241 -0.95 8.04291
      vertex 23.1198 -0.95 8.13734
    endloop
  endfacet
  facet normal -0.998654 0 -0.0518747
    outer loop
      vertex 23.128 -0.95 7.96783
      vertex 23.1241 0 8.04291
      vertex 23.128 0 7.96783
    endloop
  endfacet
  facet normal -0.998654 -0 -0.0518747
    outer loop
      vertex 23.1241 0 8.04291
      vertex 23.128 -0.95 7.96783
      vertex 23.1241 -0.95 8.04291
    endloop
  endfacet
  facet normal -0.998777 0 -0.0494514
    outer loop
      vertex 23.1315 -0.95 7.89714
      vertex 23.128 0 7.96783
      vertex 23.1315 0 7.89714
    endloop
  endfacet
  facet normal -0.998777 -0 -0.0494514
    outer loop
      vertex 23.128 0 7.96783
      vertex 23.1315 -0.95 7.89714
      vertex 23.128 -0.95 7.96783
    endloop
  endfacet
  facet normal -0.998762 0 -0.0497347
    outer loop
      vertex 23.1348 -0.95 7.83087
      vertex 23.1315 0 7.89714
      vertex 23.1348 0 7.83087
    endloop
  endfacet
  facet normal -0.998762 -0 -0.0497347
    outer loop
      vertex 23.1315 0 7.89714
      vertex 23.1348 -0.95 7.83087
      vertex 23.1315 -0.95 7.89714
    endloop
  endfacet
  facet normal -0.998904 0 -0.046806
    outer loop
      vertex 23.1377 -0.95 7.76898
      vertex 23.1348 0 7.83087
      vertex 23.1377 0 7.76898
    endloop
  endfacet
  facet normal -0.998904 -0 -0.046806
    outer loop
      vertex 23.1348 0 7.83087
      vertex 23.1377 -0.95 7.76898
      vertex 23.1348 -0.95 7.83087
    endloop
  endfacet
  facet normal -0.998748 0 -0.0500208
    outer loop
      vertex 23.1404 -0.95 7.71507
      vertex 23.1377 0 7.76898
      vertex 23.1404 0 7.71507
    endloop
  endfacet
  facet normal -0.998748 -0 -0.0500208
    outer loop
      vertex 23.1377 0 7.76898
      vertex 23.1404 -0.95 7.71507
      vertex 23.1377 -0.95 7.76898
    endloop
  endfacet
  facet normal -0.997978 0 -0.0635655
    outer loop
      vertex 23.1431 -0.95 7.67268
      vertex 23.1404 0 7.71507
      vertex 23.1431 0 7.67268
    endloop
  endfacet
  facet normal -0.997978 -0 -0.0635655
    outer loop
      vertex 23.1404 0 7.71507
      vertex 23.1431 -0.95 7.67268
      vertex 23.1404 -0.95 7.71507
    endloop
  endfacet
  facet normal -0.996192 0 -0.087187
    outer loop
      vertex 23.1458 -0.95 7.64183
      vertex 23.1431 0 7.67268
      vertex 23.1458 0 7.64183
    endloop
  endfacet
  facet normal -0.996192 -0 -0.087187
    outer loop
      vertex 23.1431 0 7.67268
      vertex 23.1458 -0.95 7.64183
      vertex 23.1431 -0.95 7.67268
    endloop
  endfacet
  facet normal -0.990376 0 -0.138407
    outer loop
      vertex 23.1485 -0.95 7.62251
      vertex 23.1458 0 7.64183
      vertex 23.1485 0 7.62251
    endloop
  endfacet
  facet normal -0.990376 -0 -0.138407
    outer loop
      vertex 23.1458 0 7.64183
      vertex 23.1485 -0.95 7.62251
      vertex 23.1458 -0.95 7.64183
    endloop
  endfacet
  facet normal 0 0 -1
    outer loop
      vertex 23.1485 -0.95 7.62251
      vertex 24.0708 0 7.62251
      vertex 24.0708 -0.95 7.62251
    endloop
  endfacet
  facet normal -0 0 -1
    outer loop
      vertex 24.0708 0 7.62251
      vertex 23.1485 -0.95 7.62251
      vertex 23.1485 0 7.62251
    endloop
  endfacet
  facet normal 0.996209 -0 0.0869919
    outer loop
      vertex 24.0565 -0.95 7.78627
      vertex 24.0708 0 7.62251
      vertex 24.0565 0 7.78627
    endloop
  endfacet
  facet normal 0.996209 0 0.0869919
    outer loop
      vertex 24.0708 0 7.62251
      vertex 24.0565 -0.95 7.78627
      vertex 24.0708 -0.95 7.62251
    endloop
  endfacet
  facet normal 0.999266 -0 0.0383079
    outer loop
      vertex 24.0464 -0.95 8.04973
      vertex 24.0565 0 7.78627
      vertex 24.0464 0 8.04973
    endloop
  endfacet
  facet normal 0.999266 0 0.0383079
    outer loop
      vertex 24.0565 0 7.78627
      vertex 24.0464 -0.95 8.04973
      vertex 24.0565 -0.95 7.78627
    endloop
  endfacet
  facet normal 0.999859 -0 0.0167956
    outer loop
      vertex 24.0403 -0.95 8.41287
      vertex 24.0464 0 8.04973
      vertex 24.0403 0 8.41287
    endloop
  endfacet
  facet normal 0.999859 0 0.0167956
    outer loop
      vertex 24.0464 0 8.04973
      vertex 24.0403 -0.95 8.41287
      vertex 24.0464 -0.95 8.04973
    endloop
  endfacet
  facet normal 0.99999 -0 0.00453726
    outer loop
      vertex 24.0382 -0.95 8.8757
      vertex 24.0403 0 8.41287
      vertex 24.0382 0 8.8757
    endloop
  endfacet
  facet normal 0.99999 0 0.00453726
    outer loop
      vertex 24.0403 0 8.41287
      vertex 24.0382 -0.95 8.8757
      vertex 24.0403 -0.95 8.41287
    endloop
  endfacet
  facet normal 1 -0 0
    outer loop
      vertex 24.0382 -0.95 13.4923
      vertex 24.0382 0 8.8757
      vertex 24.0382 0 13.4923
    endloop
  endfacet
  facet normal 1 0 0
    outer loop
      vertex 24.0382 0 8.8757
      vertex 24.0382 -0.95 13.4923
      vertex 24.0382 -0.95 8.8757
    endloop
  endfacet
  facet normal -0 0 1
    outer loop
      vertex 23.0617 0 13.4923
      vertex 24.0382 -0.95 13.4923
      vertex 24.0382 0 13.4923
    endloop
  endfacet
  facet normal 0 0 1
    outer loop
      vertex 24.0382 -0.95 13.4923
      vertex 23.0617 0 13.4923
      vertex 23.0617 -0.95 13.4923
    endloop
  endfacet
  facet normal -1 0 0
    outer loop
      vertex 23.0617 -0.95 10.0909
      vertex 23.0617 0 13.4923
      vertex 23.0617 0 10.0909
    endloop
  endfacet
  facet normal -1 -0 0
    outer loop
      vertex 23.0617 0 13.4923
      vertex 23.0617 -0.95 10.0909
      vertex 23.0617 -0.95 13.4923
    endloop
  endfacet
  facet normal -0.998041 0 0.0625638
    outer loop
      vertex 23.0363 -0.95 9.68571
      vertex 23.0617 0 10.0909
      vertex 23.0363 0 9.68571
    endloop
  endfacet
  facet normal -0.998041 0 0.0625638
    outer loop
      vertex 23.0617 0 10.0909
      vertex 23.0363 -0.95 9.68571
      vertex 23.0617 -0.95 10.0909
    endloop
  endfacet
  facet normal -0.978082 0 0.208219
    outer loop
      vertex 22.96 -0.95 9.3273
      vertex 23.0363 0 9.68571
      vertex 22.96 0 9.3273
    endloop
  endfacet
  facet normal -0.978082 0 0.208219
    outer loop
      vertex 23.0363 0 9.68571
      vertex 22.96 -0.95 9.3273
      vertex 23.0363 -0.95 9.68571
    endloop
  endfacet
  facet normal -0.925935 0 0.377684
    outer loop
      vertex 22.8329 -0.95 9.0157
      vertex 22.96 0 9.3273
      vertex 22.8329 0 9.0157
    endloop
  endfacet
  facet normal -0.925935 0 0.377684
    outer loop
      vertex 22.96 0 9.3273
      vertex 22.8329 -0.95 9.0157
      vertex 22.96 -0.95 9.3273
    endloop
  endfacet
  facet normal -0.829923 0 0.557879
    outer loop
      vertex 22.6549 -0.95 8.7509
      vertex 22.8329 0 9.0157
      vertex 22.6549 0 8.7509
    endloop
  endfacet
  facet normal -0.829923 0 0.557879
    outer loop
      vertex 22.8329 0 9.0157
      vertex 22.6549 -0.95 8.7509
      vertex 22.8329 -0.95 9.0157
    endloop
  endfacet
  facet normal -0.689118 0 0.724649
    outer loop
      vertex 22.4328 0 8.53969
      vertex 22.6549 -0.95 8.7509
      vertex 22.6549 0 8.7509
    endloop
  endfacet
  facet normal -0.689118 0 0.724649
    outer loop
      vertex 22.6549 -0.95 8.7509
      vertex 22.4328 0 8.53969
      vertex 22.4328 -0.95 8.53969
    endloop
  endfacet
  facet normal -0.502785 0 0.864412
    outer loop
      vertex 22.1734 0 8.38881
      vertex 22.4328 -0.95 8.53969
      vertex 22.4328 0 8.53969
    endloop
  endfacet
  facet normal -0.502785 0 0.864412
    outer loop
      vertex 22.4328 -0.95 8.53969
      vertex 22.1734 0 8.38881
      vertex 22.1734 -0.95 8.38881
    endloop
  endfacet
  facet normal -0.29184 0 0.956467
    outer loop
      vertex 21.8767 0 8.29828
      vertex 22.1734 -0.95 8.38881
      vertex 22.1734 0 8.38881
    endloop
  endfacet
  facet normal -0.29184 0 0.956467
    outer loop
      vertex 22.1734 -0.95 8.38881
      vertex 21.8767 0 8.29828
      vertex 21.8767 -0.95 8.29828
    endloop
  endfacet
  facet normal -0.0899631 0 0.995945
    outer loop
      vertex 21.5427 0 8.26811
      vertex 21.8767 -0.95 8.29828
      vertex 21.8767 0 8.29828
    endloop
  endfacet
  facet normal -0.0899631 0 0.995945
    outer loop
      vertex 21.8767 -0.95 8.29828
      vertex 21.5427 0 8.26811
      vertex 21.5427 -0.95 8.26811
    endloop
  endfacet
  facet normal 0.0388155 0 0.999246
    outer loop
      vertex 21.3159 0 8.27692
      vertex 21.5427 -0.95 8.26811
      vertex 21.5427 0 8.26811
    endloop
  endfacet
  facet normal 0.0388155 0 0.999246
    outer loop
      vertex 21.5427 -0.95 8.26811
      vertex 21.3159 0 8.27692
      vertex 21.3159 -0.95 8.27692
    endloop
  endfacet
  facet normal 0.132656 0 0.991162
    outer loop
      vertex 21.1182 0 8.30338
      vertex 21.3159 -0.95 8.27692
      vertex 21.3159 0 8.27692
    endloop
  endfacet
  facet normal 0.132656 0 0.991162
    outer loop
      vertex 21.3159 -0.95 8.27692
      vertex 21.1182 0 8.30338
      vertex 21.1182 -0.95 8.30338
    endloop
  endfacet
  facet normal 0.252978 0 0.967472
    outer loop
      vertex 20.9497 0 8.34744
      vertex 21.1182 -0.95 8.30338
      vertex 21.1182 0 8.30338
    endloop
  endfacet
  facet normal 0.252978 0 0.967472
    outer loop
      vertex 21.1182 -0.95 8.30338
      vertex 20.9497 0 8.34744
      vertex 20.9497 -0.95 8.34744
    endloop
  endfacet
  facet normal 0.404793 0 0.914408
    outer loop
      vertex 20.8103 0 8.40915
      vertex 20.9497 -0.95 8.34744
      vertex 20.9497 0 8.34744
    endloop
  endfacet
  facet normal 0.404793 0 0.914408
    outer loop
      vertex 20.9497 -0.95 8.34744
      vertex 20.8103 0 8.40915
      vertex 20.8103 -0.95 8.40915
    endloop
  endfacet
  facet normal 0.574878 0 0.818239
    outer loop
      vertex 20.694 0 8.49086
      vertex 20.8103 -0.95 8.40915
      vertex 20.8103 0 8.40915
    endloop
  endfacet
  facet normal 0.574878 0 0.818239
    outer loop
      vertex 20.8103 -0.95 8.40915
      vertex 20.694 0 8.49086
      vertex 20.694 -0.95 8.49086
    endloop
  endfacet
  facet normal 0.723526 -0 0.690297
    outer loop
      vertex 20.5947 -0.95 8.59494
      vertex 20.694 0 8.49086
      vertex 20.5947 0 8.59494
    endloop
  endfacet
  facet normal 0.723526 0 0.690297
    outer loop
      vertex 20.694 0 8.49086
      vertex 20.5947 -0.95 8.59494
      vertex 20.694 -0.95 8.49086
    endloop
  endfacet
  facet normal 0.837874 -0 0.545864
    outer loop
      vertex 20.5123 -0.95 8.72142
      vertex 20.5947 0 8.59494
      vertex 20.5123 0 8.72142
    endloop
  endfacet
  facet normal 0.837874 0 0.545864
    outer loop
      vertex 20.5947 0 8.59494
      vertex 20.5123 -0.95 8.72142
      vertex 20.5947 -0.95 8.59494
    endloop
  endfacet
  facet normal 0.915528 -0 0.402254
    outer loop
      vertex 20.4469 -0.95 8.87027
      vertex 20.5123 0 8.72142
      vertex 20.4469 0 8.87027
    endloop
  endfacet
  facet normal 0.915528 0 0.402254
    outer loop
      vertex 20.5123 0 8.72142
      vertex 20.4469 -0.95 8.87027
      vertex 20.5123 -0.95 8.72142
    endloop
  endfacet
  facet normal 0.962209 -0 0.272313
    outer loop
      vertex 20.397 -0.95 9.04659
      vertex 20.4469 0 8.87027
      vertex 20.397 0 9.04659
    endloop
  endfacet
  facet normal 0.962209 0 0.272313
    outer loop
      vertex 20.4469 0 8.87027
      vertex 20.397 -0.95 9.04659
      vertex 20.4469 -0.95 8.87027
    endloop
  endfacet
  facet normal 0.985783 -0 0.168026
    outer loop
      vertex 20.3614 -0.95 9.25545
      vertex 20.397 0 9.04659
      vertex 20.3614 0 9.25545
    endloop
  endfacet
  facet normal 0.985783 0 0.168026
    outer loop
      vertex 20.397 0 9.04659
      vertex 20.3614 -0.95 9.25545
      vertex 20.397 -0.95 9.04659
    endloop
  endfacet
  facet normal 0.99613 -0 0.0878902
    outer loop
      vertex 20.3401 -0.95 9.49686
      vertex 20.3614 0 9.25545
      vertex 20.3401 0 9.49686
    endloop
  endfacet
  facet normal 0.99613 0 0.0878902
    outer loop
      vertex 20.3614 0 9.25545
      vertex 20.3401 -0.95 9.49686
      vertex 20.3614 -0.95 9.25545
    endloop
  endfacet
  facet normal 0.999655 -0 0.0262712
    outer loop
      vertex 20.3329 -0.95 9.77083
      vertex 20.3401 0 9.49686
      vertex 20.3329 0 9.77083
    endloop
  endfacet
  facet normal 0.999655 0 0.0262712
    outer loop
      vertex 20.3401 0 9.49686
      vertex 20.3329 -0.95 9.77083
      vertex 20.3401 -0.95 9.49686
    endloop
  endfacet
  facet normal 1 -0 0
    outer loop
      vertex 20.3329 -0.95 13.4923
      vertex 20.3329 0 9.77083
      vertex 20.3329 0 13.4923
    endloop
  endfacet
  facet normal 1 0 0
    outer loop
      vertex 20.3329 0 9.77083
      vertex 20.3329 -0.95 13.4923
      vertex 20.3329 -0.95 9.77083
    endloop
  endfacet
  facet normal -0 0 1
    outer loop
      vertex 19.351 0 13.4923
      vertex 20.3329 -0.95 13.4923
      vertex 20.3329 0 13.4923
    endloop
  endfacet
  facet normal 0 0 1
    outer loop
      vertex 20.3329 -0.95 13.4923
      vertex 19.351 0 13.4923
      vertex 19.351 -0.95 13.4923
    endloop
  endfacet
  facet normal -1 0 0
    outer loop
      vertex 19.351 -0.95 9.5809
      vertex 19.351 0 13.4923
      vertex 19.351 0 9.5809
    endloop
  endfacet
  facet normal -1 -0 0
    outer loop
      vertex 19.351 0 13.4923
      vertex 19.351 -0.95 9.5809
      vertex 19.351 -0.95 13.4923
    endloop
  endfacet
  facet normal -0.99852 0 -0.0543772
    outer loop
      vertex 19.379 -0.95 9.06674
      vertex 19.351 0 9.5809
      vertex 19.379 0 9.06674
    endloop
  endfacet
  facet normal -0.99852 -0 -0.0543772
    outer loop
      vertex 19.351 0 9.5809
      vertex 19.379 -0.95 9.06674
      vertex 19.351 -0.95 9.5809
    endloop
  endfacet
  facet normal -0.981972 0 -0.189027
    outer loop
      vertex 19.4629 -0.95 8.63089
      vertex 19.379 0 9.06674
      vertex 19.4629 0 8.63089
    endloop
  endfacet
  facet normal -0.981972 -0 -0.189027
    outer loop
      vertex 19.379 0 9.06674
      vertex 19.4629 -0.95 8.63089
      vertex 19.379 -0.95 9.06674
    endloop
  endfacet
  facet normal -0.931249 0 -0.364384
    outer loop
      vertex 19.6028 -0.95 8.27335
      vertex 19.4629 0 8.63089
      vertex 19.6028 0 8.27335
    endloop
  endfacet
  facet normal -0.931249 -0 -0.364384
    outer loop
      vertex 19.4629 0 8.63089
      vertex 19.6028 -0.95 8.27335
      vertex 19.4629 -0.95 8.63089
    endloop
  endfacet
  facet normal -0.818912 0 -0.573919
    outer loop
      vertex 19.7985 -0.95 7.99411
      vertex 19.6028 0 8.27335
      vertex 19.7985 0 7.99411
    endloop
  endfacet
  facet normal -0.818912 -0 -0.573919
    outer loop
      vertex 19.6028 0 8.27335
      vertex 19.7985 -0.95 7.99411
      vertex 19.6028 -0.95 8.27335
    endloop
  endfacet
  facet normal -0.634 0 -0.773333
    outer loop
      vertex 19.7985 -0.95 7.99411
      vertex 20.0547 0 7.78407
      vertex 20.0547 -0.95 7.78407
    endloop
  endfacet
  facet normal -0.634 0 -0.773333
    outer loop
      vertex 20.0547 0 7.78407
      vertex 19.7985 -0.95 7.99411
      vertex 19.7985 0 7.99411
    endloop
  endfacet
  facet normal -0.423395 0 -0.905945
    outer loop
      vertex 20.0547 -0.95 7.78407
      vertex 20.3757 0 7.63405
      vertex 20.3757 -0.95 7.63405
    endloop
  endfacet
  facet normal -0.423395 0 -0.905945
    outer loop
      vertex 20.3757 0 7.63405
      vertex 20.0547 -0.95 7.78407
      vertex 20.0547 0 7.78407
    endloop
  endfacet
  facet normal -0.227262 0 -0.973834
    outer loop
      vertex 20.3757 -0.95 7.63405
      vertex 20.7614 0 7.54404
      vertex 20.7614 -0.95 7.54404
    endloop
  endfacet
  facet normal -0.227262 0 -0.973834
    outer loop
      vertex 20.7614 0 7.54404
      vertex 20.3757 -0.95 7.63405
      vertex 20.3757 0 7.63405
    endloop
  endfacet
  facet normal -0.0665043 0 -0.997786
    outer loop
      vertex 20.7614 -0.95 7.54404
      vertex 21.2118 0 7.51402
      vertex 21.2118 -0.95 7.51402
    endloop
  endfacet
  facet normal -0.0665043 0 -0.997786
    outer loop
      vertex 21.2118 0 7.51402
      vertex 20.7614 -0.95 7.54404
      vertex 20.7614 0 7.54404
    endloop
  endfacet
  facet normal 0.0500326 0 -0.998748
    outer loop
      vertex 21.2118 -0.95 7.51402
      vertex 21.5266 0 7.52979
      vertex 21.5266 -0.95 7.52979
    endloop
  endfacet
  facet normal 0.0500326 0 -0.998748
    outer loop
      vertex 21.5266 0 7.52979
      vertex 21.2118 -0.95 7.51402
      vertex 21.2118 0 7.51402
    endloop
  endfacet
endsolid OpenSCAD_Model
