solid OpenSCAD_Model
  facet normal 1 -0 0
    outer loop
      vertex 90 1.5 1.2
      vertex 90 57.7 0
      vertex 90 56.5 1.2
    endloop
  endfacet
  facet normal 1 0 0
    outer loop
      vertex 90 57.7 0
      vertex 90 1.5 1.2
      vertex 90 0.299999 0
    endloop
  endfacet
  facet normal 0 0 -1
    outer loop
      vertex 0 0.299999 0
      vertex 90 57.7 0
      vertex 90 0.299999 0
    endloop
  endfacet
  facet normal -0 0 -1
    outer loop
      vertex 90 57.7 0
      vertex 0 0.299999 0
      vertex 0 57.7 0
    endloop
  endfacet
  facet normal 0 -0.707106 0.707107
    outer loop
      vertex 0 1.5 1.2
      vertex 90 0.299999 0
      vertex 90 1.5 1.2
    endloop
  endfacet
  facet normal 0 -0.707106 0.707107
    outer loop
      vertex 90 0.299999 0
      vertex 0 1.5 1.2
      vertex 0 0.299999 0
    endloop
  endfacet
  facet normal -1 0 0
    outer loop
      vertex 0 57.7 0
      vertex 0 1.5 1.2
      vertex 0 56.5 1.2
    endloop
  endfacet
  facet normal -1 0 -0
    outer loop
      vertex 0 1.5 1.2
      vertex 0 57.7 0
      vertex 0 0.299999 0
    endloop
  endfacet
  facet normal -0 0.707107 0.707107
    outer loop
      vertex 0 57.7 0
      vertex 90 56.5 1.2
      vertex 90 57.7 0
    endloop
  endfacet
  facet normal 0 0.707107 0.707107
    outer loop
      vertex 90 56.5 1.2
      vertex 0 57.7 0
      vertex 0 56.5 1.2
    endloop
  endfacet
  facet normal 0 0 1
    outer loop
      vertex 14.9902 30.7375 1.2
      vertex 10.8564 30.7375 1.2
      vertex 14.9902 27.195 1.2
    endloop
  endfacet
  facet normal -0 0 1
    outer loop
      vertex 17.488 34.3126 1.2
      vertex 18.4645 33.0648 1.2
      vertex 18.4645 34.3126 1.2
    endloop
  endfacet
  facet normal 0 0 1
    outer loop
      vertex 18.4645 33.0648 1.2
      vertex 17.488 34.3126 1.2
      vertex 17.488 33.0648 1.2
    endloop
  endfacet
  facet normal 0 0 1
    outer loop
      vertex 36.9101 29.9238 1.2
      vertex 35.8957 28.7194 1.2
      vertex 36.7528 28.4753 1.2
    endloop
  endfacet
  facet normal 0 0 1
    outer loop
      vertex 35.8957 28.7194 1.2
      vertex 35.6983 28.3627 1.2
      vertex 35.8124 28.5326 1.2
    endloop
  endfacet
  facet normal 0 0 1
    outer loop
      vertex 35.8957 28.7194 1.2
      vertex 35.5533 28.2098 1.2
      vertex 35.6983 28.3627 1.2
    endloop
  endfacet
  facet normal 0 0 1
    outer loop
      vertex 35.8957 28.7194 1.2
      vertex 35.3775 28.0738 1.2
      vertex 35.5533 28.2098 1.2
    endloop
  endfacet
  facet normal 0 0 1
    outer loop
      vertex 35.8957 28.7194 1.2
      vertex 35.1705 27.9623 1.2
      vertex 35.3775 28.0738 1.2
    endloop
  endfacet
  facet normal -0 0 1
    outer loop
      vertex 32.722 29.9238 1.2
      vertex 35.8957 28.7194 1.2
      vertex 36.9101 29.9238 1.2
    endloop
  endfacet
  facet normal -0 -0 1
    outer loop
      vertex 32.7481 29.4481 1.2
      vertex 35.8957 28.7194 1.2
      vertex 32.722 29.9238 1.2
    endloop
  endfacet
  facet normal -0 -0 1
    outer loop
      vertex 32.8264 29.03 1.2
      vertex 35.8957 28.7194 1.2
      vertex 32.7481 29.4481 1.2
    endloop
  endfacet
  facet normal 0 0 1
    outer loop
      vertex 35.8957 28.7194 1.2
      vertex 34.932 27.8826 1.2
      vertex 35.1705 27.9623 1.2
    endloop
  endfacet
  facet normal 0 0 1
    outer loop
      vertex 35.8957 28.7194 1.2
      vertex 34.662 27.8348 1.2
      vertex 34.932 27.8826 1.2
    endloop
  endfacet
  facet normal 0 0 1
    outer loop
      vertex 34.662 27.8348 1.2
      vertex 32.8264 29.03 1.2
      vertex 34.3604 27.8188 1.2
    endloop
  endfacet
  facet normal -0 -0 1
    outer loop
      vertex 32.9569 28.6696 1.2
      vertex 34.3604 27.8188 1.2
      vertex 32.8264 29.03 1.2
    endloop
  endfacet
  facet normal -0 -0 1
    outer loop
      vertex 33.1396 28.3668 1.2
      vertex 33.983 27.8531 1.2
      vertex 32.9569 28.6696 1.2
    endloop
  endfacet
  facet normal 0 0 1
    outer loop
      vertex 33.983 27.8531 1.2
      vertex 33.1396 28.3668 1.2
      vertex 33.6537 27.9558 1.2
    endloop
  endfacet
  facet normal 0 0 1
    outer loop
      vertex 33.6537 27.9558 1.2
      vertex 33.1396 28.3668 1.2
      vertex 33.3726 28.1271 1.2
    endloop
  endfacet
  facet normal 0 0 1
    outer loop
      vertex 34.3604 27.8188 1.2
      vertex 32.9569 28.6696 1.2
      vertex 33.983 27.8531 1.2
    endloop
  endfacet
  facet normal 0 0 1
    outer loop
      vertex 35.8957 28.7194 1.2
      vertex 32.8264 29.03 1.2
      vertex 34.662 27.8348 1.2
    endloop
  endfacet
  facet normal 0 0 1
    outer loop
      vertex 31.6967 30.1679 1.2
      vertex 30.6205 28.4048 1.2
      vertex 30.6225 27.9854 1.2
    endloop
  endfacet
  facet normal -0 0 1
    outer loop
      vertex 29.4975 32.4013 1.2
      vertex 29.6549 32.1535 1.2
      vertex 29.644 32.8099 1.2
    endloop
  endfacet
  facet normal 0 0 1
    outer loop
      vertex 25.6566 30.1028 1.2
      vertex 24.5859 28.4048 1.2
      vertex 24.5879 27.9854 1.2
    endloop
  endfacet
  facet normal -0 0 1
    outer loop
      vertex 23.4629 32.4013 1.2
      vertex 23.6203 32.1535 1.2
      vertex 23.6094 32.8099 1.2
    endloop
  endfacet
  facet normal 0 0 1
    outer loop
      vertex 14.9902 31.6055 1.2
      vertex 10.8564 34.8388 1.2
      vertex 10.8564 31.6055 1.2
    endloop
  endfacet
  facet normal 0 0 1
    outer loop
      vertex 36.7484 31.4187 1.2
      vertex 38.0296 31.8116 1.2
      vertex 38.0276 32.2745 1.2
    endloop
  endfacet
  facet normal 0 0 1
    outer loop
      vertex 39.1079 31.36 1.2
      vertex 41.7349 30.9165 1.2
      vertex 41.7278 31.1905 1.2
    endloop
  endfacet
  facet normal 0 0 1
    outer loop
      vertex 48.9879 33.9925 1.2
      vertex 46.3621 33.9925 1.2
      vertex 48.9879 27.195 1.2
    endloop
  endfacet
  facet normal 0 0 1
    outer loop
      vertex 57.2234 29.9238 1.2
      vertex 56.2089 28.7194 1.2
      vertex 57.066 28.4753 1.2
    endloop
  endfacet
  facet normal 0 0 1
    outer loop
      vertex 56.2089 28.7194 1.2
      vertex 56.0115 28.3627 1.2
      vertex 56.1257 28.5326 1.2
    endloop
  endfacet
  facet normal 0 0 1
    outer loop
      vertex 56.2089 28.7194 1.2
      vertex 55.8666 28.2098 1.2
      vertex 56.0115 28.3627 1.2
    endloop
  endfacet
  facet normal 0 0 1
    outer loop
      vertex 56.2089 28.7194 1.2
      vertex 55.6908 28.0738 1.2
      vertex 55.8666 28.2098 1.2
    endloop
  endfacet
  facet normal 0 0 1
    outer loop
      vertex 56.2089 28.7194 1.2
      vertex 55.4838 27.9623 1.2
      vertex 55.6908 28.0738 1.2
    endloop
  endfacet
  facet normal -0 0 1
    outer loop
      vertex 53.0352 29.9238 1.2
      vertex 56.2089 28.7194 1.2
      vertex 57.2234 29.9238 1.2
    endloop
  endfacet
  facet normal -0 -0 1
    outer loop
      vertex 53.0613 29.4481 1.2
      vertex 56.2089 28.7194 1.2
      vertex 53.0352 29.9238 1.2
    endloop
  endfacet
  facet normal -0 -0 1
    outer loop
      vertex 53.1397 29.03 1.2
      vertex 56.2089 28.7194 1.2
      vertex 53.0613 29.4481 1.2
    endloop
  endfacet
  facet normal 0 0 1
    outer loop
      vertex 56.2089 28.7194 1.2
      vertex 55.2453 27.8826 1.2
      vertex 55.4838 27.9623 1.2
    endloop
  endfacet
  facet normal 0 0 1
    outer loop
      vertex 56.2089 28.7194 1.2
      vertex 54.9752 27.8348 1.2
      vertex 55.2453 27.8826 1.2
    endloop
  endfacet
  facet normal 0 0 1
    outer loop
      vertex 54.9752 27.8348 1.2
      vertex 53.1397 29.03 1.2
      vertex 54.6736 27.8188 1.2
    endloop
  endfacet
  facet normal -0 -0 1
    outer loop
      vertex 53.2702 28.6696 1.2
      vertex 54.6736 27.8188 1.2
      vertex 53.1397 29.03 1.2
    endloop
  endfacet
  facet normal -0 -0 1
    outer loop
      vertex 53.4529 28.3668 1.2
      vertex 54.2962 27.8531 1.2
      vertex 53.2702 28.6696 1.2
    endloop
  endfacet
  facet normal 0 0 1
    outer loop
      vertex 54.2962 27.8531 1.2
      vertex 53.4529 28.3668 1.2
      vertex 53.967 27.9558 1.2
    endloop
  endfacet
  facet normal 0 0 1
    outer loop
      vertex 53.967 27.9558 1.2
      vertex 53.4529 28.3668 1.2
      vertex 53.6859 28.1271 1.2
    endloop
  endfacet
  facet normal 0 0 1
    outer loop
      vertex 54.6736 27.8188 1.2
      vertex 53.2702 28.6696 1.2
      vertex 54.2962 27.8531 1.2
    endloop
  endfacet
  facet normal 0 0 1
    outer loop
      vertex 56.2089 28.7194 1.2
      vertex 53.1397 29.03 1.2
      vertex 54.9752 27.8348 1.2
    endloop
  endfacet
  facet normal 0 0 1
    outer loop
      vertex 53.0676 32.737 1.2
      vertex 52.6443 33.9925 1.2
      vertex 52.6908 32.3976 1.2
    endloop
  endfacet
  facet normal -0 0 1
    outer loop
      vertex 50.0186 33.9925 1.2
      vertex 52.6908 32.3976 1.2
      vertex 52.6443 33.9925 1.2
    endloop
  endfacet
  facet normal 0 0 1
    outer loop
      vertex 52.6908 32.3976 1.2
      vertex 50.0186 33.9925 1.2
      vertex 52.3929 31.9673 1.2
    endloop
  endfacet
  facet normal 0 0 1
    outer loop
      vertex 52.3929 31.9673 1.2
      vertex 50.0186 33.9925 1.2
      vertex 52.1802 31.4523 1.2
    endloop
  endfacet
  facet normal 0 0 1
    outer loop
      vertex 52.0525 30.8524 1.2
      vertex 50.0186 33.9925 1.2
      vertex 52.01 30.1679 1.2
    endloop
  endfacet
  facet normal 0 0 1
    outer loop
      vertex 52.1802 31.4523 1.2
      vertex 50.0186 33.9925 1.2
      vertex 52.0525 30.8524 1.2
    endloop
  endfacet
  facet normal 0 0 1
    outer loop
      vertex 57.0617 31.4187 1.2
      vertex 58.3429 31.8116 1.2
      vertex 58.3409 32.2745 1.2
    endloop
  endfacet
  facet normal 0 0 1
    outer loop
      vertex 59.4049 31.3668 1.2
      vertex 61.739 30.9165 1.2
      vertex 61.7244 31.3095 1.2
    endloop
  endfacet
  facet normal 0 0 1
    outer loop
      vertex 62.7935 31.3702 1.2
      vertex 65.1296 30.9165 1.2
      vertex 65.115 31.3095 1.2
    endloop
  endfacet
  facet normal 0 0 1
    outer loop
      vertex 66.0699 31.6184 1.2
      vertex 67.36 31.866 1.2
      vertex 67.3579 32.2806 1.2
    endloop
  endfacet
  facet normal 0 0 1
    outer loop
      vertex 68.6308 27.6602 1.2
      vertex 68.3351 27.5714 1.2
      vertex 68.3364 27.1841 1.2
    endloop
  endfacet
  facet normal 0 0 1
    outer loop
      vertex 68.6308 27.6602 1.2
      vertex 68.331 27.8541 1.2
      vertex 68.3351 27.5714 1.2
    endloop
  endfacet
  facet normal 0 0 1
    outer loop
      vertex 68.6308 27.6602 1.2
      vertex 68.3242 28.0325 1.2
      vertex 68.331 27.8541 1.2
    endloop
  endfacet
  facet normal 0 -0 1
    outer loop
      vertex 68.3242 28.0325 1.2
      vertex 68.3419 28.1064 1.2
      vertex 68.3148 28.1064 1.2
    endloop
  endfacet
  facet normal 0 0 1
    outer loop
      vertex 80.7421 29.9238 1.2
      vertex 79.7276 28.7194 1.2
      vertex 80.5847 28.4753 1.2
    endloop
  endfacet
  facet normal 0 0 1
    outer loop
      vertex 79.7276 28.7194 1.2
      vertex 79.5302 28.3627 1.2
      vertex 79.6443 28.5326 1.2
    endloop
  endfacet
  facet normal 0 0 1
    outer loop
      vertex 79.7276 28.7194 1.2
      vertex 79.3853 28.2098 1.2
      vertex 79.5302 28.3627 1.2
    endloop
  endfacet
  facet normal 0 0 1
    outer loop
      vertex 79.7276 28.7194 1.2
      vertex 79.2094 28.0738 1.2
      vertex 79.3853 28.2098 1.2
    endloop
  endfacet
  facet normal 0 0 1
    outer loop
      vertex 79.7276 28.7194 1.2
      vertex 79.0025 27.9623 1.2
      vertex 79.2094 28.0738 1.2
    endloop
  endfacet
  facet normal -0 0 1
    outer loop
      vertex 76.5539 29.9238 1.2
      vertex 79.7276 28.7194 1.2
      vertex 80.7421 29.9238 1.2
    endloop
  endfacet
  facet normal -0 -0 1
    outer loop
      vertex 76.58 29.4481 1.2
      vertex 79.7276 28.7194 1.2
      vertex 76.5539 29.9238 1.2
    endloop
  endfacet
  facet normal -0 -0 1
    outer loop
      vertex 76.6583 29.03 1.2
      vertex 79.7276 28.7194 1.2
      vertex 76.58 29.4481 1.2
    endloop
  endfacet
  facet normal 0 0 1
    outer loop
      vertex 79.7276 28.7194 1.2
      vertex 78.7639 27.8826 1.2
      vertex 79.0025 27.9623 1.2
    endloop
  endfacet
  facet normal 0 0 1
    outer loop
      vertex 79.7276 28.7194 1.2
      vertex 78.4939 27.8348 1.2
      vertex 78.7639 27.8826 1.2
    endloop
  endfacet
  facet normal 0 0 1
    outer loop
      vertex 78.4939 27.8348 1.2
      vertex 76.6583 29.03 1.2
      vertex 78.1923 27.8188 1.2
    endloop
  endfacet
  facet normal -0 -0 1
    outer loop
      vertex 76.7889 28.6696 1.2
      vertex 78.1923 27.8188 1.2
      vertex 76.6583 29.03 1.2
    endloop
  endfacet
  facet normal -0 -0 1
    outer loop
      vertex 76.9716 28.3668 1.2
      vertex 77.8149 27.8531 1.2
      vertex 76.7889 28.6696 1.2
    endloop
  endfacet
  facet normal 0 0 1
    outer loop
      vertex 77.8149 27.8531 1.2
      vertex 76.9716 28.3668 1.2
      vertex 77.4857 27.9558 1.2
    endloop
  endfacet
  facet normal 0 0 1
    outer loop
      vertex 77.4857 27.9558 1.2
      vertex 76.9716 28.3668 1.2
      vertex 77.2045 28.1271 1.2
    endloop
  endfacet
  facet normal 0 0 1
    outer loop
      vertex 78.1923 27.8188 1.2
      vertex 76.7889 28.6696 1.2
      vertex 77.8149 27.8531 1.2
    endloop
  endfacet
  facet normal 0 0 1
    outer loop
      vertex 79.7276 28.7194 1.2
      vertex 76.6583 29.03 1.2
      vertex 78.4939 27.8348 1.2
    endloop
  endfacet
  facet normal 0 0 1
    outer loop
      vertex 80.7421 29.9238 1.2
      vertex 90 56.5 1.2
      vertex 80.7421 30.054 1.2
    endloop
  endfacet
  facet normal 0 0 1
    outer loop
      vertex 90 56.5 1.2
      vertex 80.5803 31.4187 1.2
      vertex 80.7421 30.054 1.2
    endloop
  endfacet
  facet normal 0 0 1
    outer loop
      vertex 90 56.5 1.2
      vertex 80.0951 32.3935 1.2
      vertex 80.5803 31.4187 1.2
    endloop
  endfacet
  facet normal 0 0 1
    outer loop
      vertex 90 56.5 1.2
      vertex 79.2865 32.9783 1.2
      vertex 80.0951 32.3935 1.2
    endloop
  endfacet
  facet normal -0 0 1
    outer loop
      vertex 74.371 35.2457 1.2
      vertex 79.2865 32.9783 1.2
      vertex 90 56.5 1.2
    endloop
  endfacet
  facet normal 0 0 1
    outer loop
      vertex 79.2865 32.9783 1.2
      vertex 74.371 35.2457 1.2
      vertex 78.1543 33.1733 1.2
    endloop
  endfacet
  facet normal 0 0 1
    outer loop
      vertex 78.1543 33.1733 1.2
      vertex 74.371 35.2457 1.2
      vertex 77.5588 33.1248 1.2
    endloop
  endfacet
  facet normal 0 0 1
    outer loop
      vertex 77.5588 33.1248 1.2
      vertex 74.371 35.2457 1.2
      vertex 77.0361 32.9794 1.2
    endloop
  endfacet
  facet normal 0 0 1
    outer loop
      vertex 77.0361 32.9794 1.2
      vertex 74.371 35.2457 1.2
      vertex 76.5863 32.737 1.2
    endloop
  endfacet
  facet normal 0 0 1
    outer loop
      vertex 76.5863 32.737 1.2
      vertex 74.371 35.2457 1.2
      vertex 76.2094 32.3976 1.2
    endloop
  endfacet
  facet normal 0 0 1
    outer loop
      vertex 74.371 27.195 1.2
      vertex 75.5712 30.8524 1.2
      vertex 74.371 35.2457 1.2
    endloop
  endfacet
  facet normal 0 0 1
    outer loop
      vertex 75.6988 31.4523 1.2
      vertex 74.371 35.2457 1.2
      vertex 75.5712 30.8524 1.2
    endloop
  endfacet
  facet normal 0 0 1
    outer loop
      vertex 75.9116 31.9673 1.2
      vertex 74.371 35.2457 1.2
      vertex 75.6988 31.4523 1.2
    endloop
  endfacet
  facet normal 0 0 1
    outer loop
      vertex 76.2094 32.3976 1.2
      vertex 74.371 35.2457 1.2
      vertex 75.9116 31.9673 1.2
    endloop
  endfacet
  facet normal 0 0 1
    outer loop
      vertex 90 56.5 1.2
      vertex 73.3946 35.2457 1.2
      vertex 74.371 35.2457 1.2
    endloop
  endfacet
  facet normal -0 0 1
    outer loop
      vertex 72.2903 30.8837 1.2
      vertex 73.3946 27.195 1.2
      vertex 73.3946 35.2457 1.2
    endloop
  endfacet
  facet normal 0 0 1
    outer loop
      vertex 73.3946 27.195 1.2
      vertex 72.2903 30.8837 1.2
      vertex 72.3239 30.1571 1.2
    endloop
  endfacet
  facet normal 0 0 1
    outer loop
      vertex 73.3946 35.2457 1.2
      vertex 72.1896 31.5065 1.2
      vertex 72.2903 30.8837 1.2
    endloop
  endfacet
  facet normal 0 0 1
    outer loop
      vertex 73.3946 35.2457 1.2
      vertex 72.0217 32.0256 1.2
      vertex 72.1896 31.5065 1.2
    endloop
  endfacet
  facet normal 0 0 1
    outer loop
      vertex 73.3946 35.2457 1.2
      vertex 71.7868 32.441 1.2
      vertex 72.0217 32.0256 1.2
    endloop
  endfacet
  facet normal 0 0 1
    outer loop
      vertex 73.3946 35.2457 1.2
      vertex 71.484 32.759 1.2
      vertex 71.7868 32.441 1.2
    endloop
  endfacet
  facet normal 0 0 1
    outer loop
      vertex 73.3946 35.2457 1.2
      vertex 71.1127 32.9862 1.2
      vertex 71.484 32.759 1.2
    endloop
  endfacet
  facet normal 0 0 1
    outer loop
      vertex 64.3972 33.1733 1.2
      vertex 73.3946 35.2457 1.2
      vertex 90 56.5 1.2
    endloop
  endfacet
  facet normal 0 0 1
    outer loop
      vertex 73.3946 35.2457 1.2
      vertex 70.6729 33.1225 1.2
      vertex 71.1127 32.9862 1.2
    endloop
  endfacet
  facet normal 0 0 1
    outer loop
      vertex 73.3946 35.2457 1.2
      vertex 70.1647 33.168 1.2
      vertex 70.6729 33.1225 1.2
    endloop
  endfacet
  facet normal 0 0 1
    outer loop
      vertex 73.3946 35.2457 1.2
      vertex 69.8317 33.1522 1.2
      vertex 70.1647 33.168 1.2
    endloop
  endfacet
  facet normal 0 0 1
    outer loop
      vertex 73.3946 35.2457 1.2
      vertex 68.2714 33.0648 1.2
      vertex 69.8317 33.1522 1.2
    endloop
  endfacet
  facet normal 0 0 1
    outer loop
      vertex 69.8317 33.1522 1.2
      vertex 68.2714 33.0648 1.2
      vertex 69.5327 33.1049 1.2
    endloop
  endfacet
  facet normal 0 0 1
    outer loop
      vertex 69.5327 33.1049 1.2
      vertex 68.2714 33.0648 1.2
      vertex 69.2675 33.026 1.2
    endloop
  endfacet
  facet normal 0 0 1
    outer loop
      vertex 69.2675 33.026 1.2
      vertex 68.2714 33.0648 1.2
      vertex 69.0363 32.9156 1.2
    endloop
  endfacet
  facet normal 0 0 1
    outer loop
      vertex 69.0363 32.9156 1.2
      vertex 68.2714 33.0648 1.2
      vertex 68.8325 32.7714 1.2
    endloop
  endfacet
  facet normal -0 0 1
    outer loop
      vertex 68.3248 32.1833 1.2
      vertex 68.3473 32.1209 1.2
      vertex 68.488 32.374 1.2
    endloop
  endfacet
  facet normal 0 0 1
    outer loop
      vertex 68.3473 32.1209 1.2
      vertex 68.3248 32.1833 1.2
      vertex 68.3256 32.1209 1.2
    endloop
  endfacet
  facet normal -0 0 1
    outer loop
      vertex 68.312 32.5006 1.2
      vertex 68.488 32.374 1.2
      vertex 68.6498 32.5908 1.2
    endloop
  endfacet
  facet normal 0 0 1
    outer loop
      vertex 68.488 32.374 1.2
      vertex 68.3222 32.2673 1.2
      vertex 68.3248 32.1833 1.2
    endloop
  endfacet
  facet normal -0 -0 1
    outer loop
      vertex 68.2744 33.047 1.2
      vertex 68.8325 32.7714 1.2
      vertex 68.2714 33.0648 1.2
    endloop
  endfacet
  facet normal 0 0 1
    outer loop
      vertex 68.488 32.374 1.2
      vertex 68.318 32.3731 1.2
      vertex 68.3222 32.2673 1.2
    endloop
  endfacet
  facet normal 0 0 1
    outer loop
      vertex 68.488 32.374 1.2
      vertex 68.312 32.5006 1.2
      vertex 68.318 32.3731 1.2
    endloop
  endfacet
  facet normal 0 0 1
    outer loop
      vertex 68.6498 32.5908 1.2
      vertex 68.3055 32.63 1.2
      vertex 68.312 32.5006 1.2
    endloop
  endfacet
  facet normal 0 0 1
    outer loop
      vertex 68.6498 32.5908 1.2
      vertex 68.2992 32.7413 1.2
      vertex 68.3055 32.63 1.2
    endloop
  endfacet
  facet normal 0 0 1
    outer loop
      vertex 68.6498 32.5908 1.2
      vertex 68.2932 32.8348 1.2
      vertex 68.2992 32.7413 1.2
    endloop
  endfacet
  facet normal 0 0 1
    outer loop
      vertex 68.8325 32.7714 1.2
      vertex 68.2932 32.8348 1.2
      vertex 68.6498 32.5908 1.2
    endloop
  endfacet
  facet normal -0 -0 1
    outer loop
      vertex 68.2932 32.8348 1.2
      vertex 68.8325 32.7714 1.2
      vertex 68.2876 32.9102 1.2
    endloop
  endfacet
  facet normal -0 -0 1
    outer loop
      vertex 68.2876 32.9102 1.2
      vertex 68.8325 32.7714 1.2
      vertex 68.2825 32.9697 1.2
    endloop
  endfacet
  facet normal -0 -0 1
    outer loop
      vertex 68.2825 32.9697 1.2
      vertex 68.8325 32.7714 1.2
      vertex 68.2781 33.0153 1.2
    endloop
  endfacet
  facet normal -0 -0 1
    outer loop
      vertex 68.2781 33.0153 1.2
      vertex 68.8325 32.7714 1.2
      vertex 68.2744 33.047 1.2
    endloop
  endfacet
  facet normal 0 0 1
    outer loop
      vertex 73.3946 35.2457 1.2
      vertex 67.3274 33.0648 1.2
      vertex 68.2714 33.0648 1.2
    endloop
  endfacet
  facet normal 0 0 1
    outer loop
      vertex 67.36 31.866 1.2
      vertex 66.0699 31.6184 1.2
      vertex 66.0952 31.1064 1.2
    endloop
  endfacet
  facet normal 0 0 1
    outer loop
      vertex 67.3416 32.88 1.2
      vertex 65.9942 32.0531 1.2
      vertex 66.0699 31.6184 1.2
    endloop
  endfacet
  facet normal 0 0 1
    outer loop
      vertex 73.3946 35.2457 1.2
      vertex 64.8117 33.1431 1.2
      vertex 67.3274 33.0648 1.2
    endloop
  endfacet
  facet normal 0 0 1
    outer loop
      vertex 67.3416 32.88 1.2
      vertex 65.8679 32.4105 1.2
      vertex 65.9942 32.0531 1.2
    endloop
  endfacet
  facet normal 0 0 1
    outer loop
      vertex 67.3274 33.0648 1.2
      vertex 65.6911 32.6905 1.2
      vertex 65.8679 32.4105 1.2
    endloop
  endfacet
  facet normal 0 0 1
    outer loop
      vertex 67.3274 33.0648 1.2
      vertex 65.4586 32.9017 1.2
      vertex 65.6911 32.6905 1.2
    endloop
  endfacet
  facet normal 0 0 1
    outer loop
      vertex 67.3274 33.0648 1.2
      vertex 65.1655 33.0526 1.2
      vertex 65.4586 32.9017 1.2
    endloop
  endfacet
  facet normal 0 0 1
    outer loop
      vertex 67.3274 33.0648 1.2
      vertex 64.8117 33.1431 1.2
      vertex 65.1655 33.0526 1.2
    endloop
  endfacet
  facet normal 0 0 1
    outer loop
      vertex 73.3946 35.2457 1.2
      vertex 64.3972 33.1733 1.2
      vertex 64.8117 33.1431 1.2
    endloop
  endfacet
  facet normal 0 0 1
    outer loop
      vertex 90 56.5 1.2
      vertex 64.1021 33.157 1.2
      vertex 64.3972 33.1733 1.2
    endloop
  endfacet
  facet normal 0 0 1
    outer loop
      vertex 61.3227 33.1567 1.2
      vertex 64.1021 33.157 1.2
      vertex 90 56.5 1.2
    endloop
  endfacet
  facet normal 0 0 1
    outer loop
      vertex 64.1021 33.157 1.2
      vertex 61.3227 33.1567 1.2
      vertex 63.8296 33.1082 1.2
    endloop
  endfacet
  facet normal 0 -0 1
    outer loop
      vertex 61.604 33.1069 1.2
      vertex 63.8296 33.1082 1.2
      vertex 61.3227 33.1567 1.2
    endloop
  endfacet
  facet normal 0 0 1
    outer loop
      vertex 63.8296 33.1082 1.2
      vertex 61.604 33.1069 1.2
      vertex 63.5799 33.0268 1.2
    endloop
  endfacet
  facet normal -0 0 1
    outer loop
      vertex 62.5108 32.3318 1.2
      vertex 62.6178 32.0612 1.2
      vertex 62.7777 32.3362 1.2
    endloop
  endfacet
  facet normal 0 0 1
    outer loop
      vertex 62.6178 32.0612 1.2
      vertex 62.5108 32.3318 1.2
      vertex 62.6015 32.0612 1.2
    endloop
  endfacet
  facet normal -0 0 1
    outer loop
      vertex 62.3906 32.563 1.2
      vertex 62.7777 32.3362 1.2
      vertex 62.9535 32.5698 1.2
    endloop
  endfacet
  facet normal -0 0 1
    outer loop
      vertex 62.2409 32.7549 1.2
      vertex 62.9535 32.5698 1.2
      vertex 63.1452 32.762 1.2
    endloop
  endfacet
  facet normal 0 0 1
    outer loop
      vertex 63.5799 33.0268 1.2
      vertex 61.8503 33.0238 1.2
      vertex 63.3529 32.9129 1.2
    endloop
  endfacet
  facet normal 0 0 1
    outer loop
      vertex 62.7777 32.3362 1.2
      vertex 62.3906 32.563 1.2
      vertex 62.5108 32.3318 1.2
    endloop
  endfacet
  facet normal 0 0 1
    outer loop
      vertex 62.9535 32.5698 1.2
      vertex 62.2409 32.7549 1.2
      vertex 62.3906 32.563 1.2
    endloop
  endfacet
  facet normal 0 0 1
    outer loop
      vertex 63.1452 32.762 1.2
      vertex 62.0617 32.9075 1.2
      vertex 62.2409 32.7549 1.2
    endloop
  endfacet
  facet normal 0 0 1
    outer loop
      vertex 63.3529 32.9129 1.2
      vertex 62.0617 32.9075 1.2
      vertex 63.1452 32.762 1.2
    endloop
  endfacet
  facet normal 0 -0 1
    outer loop
      vertex 62.0617 32.9075 1.2
      vertex 63.3529 32.9129 1.2
      vertex 61.8503 33.0238 1.2
    endloop
  endfacet
  facet normal 0 -0 1
    outer loop
      vertex 61.8503 33.0238 1.2
      vertex 63.5799 33.0268 1.2
      vertex 61.604 33.1069 1.2
    endloop
  endfacet
  facet normal 0 0 1
    outer loop
      vertex 90 56.5 1.2
      vertex 61.0066 33.1733 1.2
      vertex 61.3227 33.1567 1.2
    endloop
  endfacet
  facet normal -0 0 1
    outer loop
      vertex 52.6443 34.8388 1.2
      vertex 61.0066 33.1733 1.2
      vertex 90 56.5 1.2
    endloop
  endfacet
  facet normal 0 0 1
    outer loop
      vertex 61.0066 33.1733 1.2
      vertex 52.6443 34.8388 1.2
      vertex 60.7248 33.1581 1.2
    endloop
  endfacet
  facet normal 0 -0 1
    outer loop
      vertex 59.2327 33.0648 1.2
      vertex 60.7248 33.1581 1.2
      vertex 52.6443 34.8388 1.2
    endloop
  endfacet
  facet normal 0 0 1
    outer loop
      vertex 60.7248 33.1581 1.2
      vertex 59.2327 33.0648 1.2
      vertex 60.4655 33.1123 1.2
    endloop
  endfacet
  facet normal 0 0 1
    outer loop
      vertex 60.2285 33.036 1.2
      vertex 59.2327 33.0648 1.2
      vertex 60.0139 32.9292 1.2
    endloop
  endfacet
  facet normal -0 0 1
    outer loop
      vertex 59.2708 32.2584 1.2
      vertex 59.2923 32.0612 1.2
      vertex 59.4554 32.3494 1.2
    endloop
  endfacet
  facet normal 0 0 1
    outer loop
      vertex 59.2923 32.0612 1.2
      vertex 59.2708 32.2584 1.2
      vertex 59.276 32.0612 1.2
    endloop
  endfacet
  facet normal -0 0 1
    outer loop
      vertex 59.2613 32.5499 1.2
      vertex 59.4554 32.3494 1.2
      vertex 59.63 32.5901 1.2
    endloop
  endfacet
  facet normal 0 0 1
    outer loop
      vertex 59.2463 32.8565 1.2
      vertex 59.63 32.5901 1.2
      vertex 59.8162 32.7834 1.2
    endloop
  endfacet
  facet normal 0 0 1
    outer loop
      vertex 59.4554 32.3494 1.2
      vertex 59.2659 32.4213 1.2
      vertex 59.2708 32.2584 1.2
    endloop
  endfacet
  facet normal 0 0 1
    outer loop
      vertex 60.0139 32.9292 1.2
      vertex 59.2327 33.0648 1.2
      vertex 59.8162 32.7834 1.2
    endloop
  endfacet
  facet normal 0 0 1
    outer loop
      vertex 59.4554 32.3494 1.2
      vertex 59.2613 32.5499 1.2
      vertex 59.2659 32.4213 1.2
    endloop
  endfacet
  facet normal 0 0 1
    outer loop
      vertex 59.63 32.5901 1.2
      vertex 59.257 32.6443 1.2
      vertex 59.2613 32.5499 1.2
    endloop
  endfacet
  facet normal 0 0 1
    outer loop
      vertex 59.63 32.5901 1.2
      vertex 59.2531 32.7195 1.2
      vertex 59.257 32.6443 1.2
    endloop
  endfacet
  facet normal 0 0 1
    outer loop
      vertex 59.63 32.5901 1.2
      vertex 59.2496 32.7902 1.2
      vertex 59.2531 32.7195 1.2
    endloop
  endfacet
  facet normal 0 0 1
    outer loop
      vertex 59.63 32.5901 1.2
      vertex 59.2463 32.8565 1.2
      vertex 59.2496 32.7902 1.2
    endloop
  endfacet
  facet normal 0 0 1
    outer loop
      vertex 59.8162 32.7834 1.2
      vertex 59.2435 32.9184 1.2
      vertex 59.2463 32.8565 1.2
    endloop
  endfacet
  facet normal 0 0 1
    outer loop
      vertex 59.8162 32.7834 1.2
      vertex 59.2407 32.9723 1.2
      vertex 59.2435 32.9184 1.2
    endloop
  endfacet
  facet normal 0 0 1
    outer loop
      vertex 59.8162 32.7834 1.2
      vertex 59.238 33.0146 1.2
      vertex 59.2407 32.9723 1.2
    endloop
  endfacet
  facet normal 0 0 1
    outer loop
      vertex 59.8162 32.7834 1.2
      vertex 59.2353 33.0455 1.2
      vertex 59.238 33.0146 1.2
    endloop
  endfacet
  facet normal 0 0 1
    outer loop
      vertex 59.8162 32.7834 1.2
      vertex 59.2327 33.0648 1.2
      vertex 59.2353 33.0455 1.2
    endloop
  endfacet
  facet normal 0 0 1
    outer loop
      vertex 60.4655 33.1123 1.2
      vertex 59.2327 33.0648 1.2
      vertex 60.2285 33.036 1.2
    endloop
  endfacet
  facet normal 0 0 1
    outer loop
      vertex 58.3429 31.8116 1.2
      vertex 57.0617 31.4187 1.2
      vertex 57.2234 30.054 1.2
    endloop
  endfacet
  facet normal 0 0 1
    outer loop
      vertex 58.3246 32.9011 1.2
      vertex 56.5765 32.3935 1.2
      vertex 57.0617 31.4187 1.2
    endloop
  endfacet
  facet normal 0 0 1
    outer loop
      vertex 59.2327 33.0648 1.2
      vertex 52.6443 34.8388 1.2
      vertex 58.3104 33.0648 1.2
    endloop
  endfacet
  facet normal 0 0 1
    outer loop
      vertex 58.3104 33.0648 1.2
      vertex 55.7678 32.9783 1.2
      vertex 56.5765 32.3935 1.2
    endloop
  endfacet
  facet normal 0 0 1
    outer loop
      vertex 58.3104 33.0648 1.2
      vertex 52.6443 34.8388 1.2
      vertex 55.7678 32.9783 1.2
    endloop
  endfacet
  facet normal 0 0 1
    outer loop
      vertex 55.7678 32.9783 1.2
      vertex 52.6443 34.8388 1.2
      vertex 54.6356 33.1733 1.2
    endloop
  endfacet
  facet normal 0 0 1
    outer loop
      vertex 54.6356 33.1733 1.2
      vertex 52.6443 34.8388 1.2
      vertex 54.0401 33.1248 1.2
    endloop
  endfacet
  facet normal -0 0 1
    outer loop
      vertex 52.6443 33.9925 1.2
      vertex 54.0401 33.1248 1.2
      vertex 52.6443 34.8388 1.2
    endloop
  endfacet
  facet normal 0 0 1
    outer loop
      vertex 53.5174 32.9794 1.2
      vertex 52.6443 33.9925 1.2
      vertex 53.0676 32.737 1.2
    endloop
  endfacet
  facet normal 0 0 1
    outer loop
      vertex 54.0401 33.1248 1.2
      vertex 52.6443 33.9925 1.2
      vertex 53.5174 32.9794 1.2
    endloop
  endfacet
  facet normal 0 0 1
    outer loop
      vertex 90 56.5 1.2
      vertex 46.3621 34.8388 1.2
      vertex 52.6443 34.8388 1.2
    endloop
  endfacet
  facet normal 0 0 1
    outer loop
      vertex 42.2692 32.6932 1.2
      vertex 46.3621 33.9925 1.2
      vertex 46.3621 34.8388 1.2
    endloop
  endfacet
  facet normal 0 0 1
    outer loop
      vertex 46.3621 33.9925 1.2
      vertex 42.6888 31.6206 1.2
      vertex 42.7168 31.1064 1.2
    endloop
  endfacet
  facet normal 0 0 1
    outer loop
      vertex 46.3621 33.9925 1.2
      vertex 42.6049 32.0565 1.2
      vertex 42.6888 31.6206 1.2
    endloop
  endfacet
  facet normal 0 0 1
    outer loop
      vertex 46.3621 33.9925 1.2
      vertex 42.465 32.414 1.2
      vertex 42.6049 32.0565 1.2
    endloop
  endfacet
  facet normal 0 0 1
    outer loop
      vertex 46.3621 33.9925 1.2
      vertex 42.2692 32.6932 1.2
      vertex 42.465 32.414 1.2
    endloop
  endfacet
  facet normal 0 0 1
    outer loop
      vertex 46.3621 34.8388 1.2
      vertex 42.0131 32.9033 1.2
      vertex 42.2692 32.6932 1.2
    endloop
  endfacet
  facet normal -0 0 1
    outer loop
      vertex 0 56.5 1.2
      vertex 46.3621 34.8388 1.2
      vertex 90 56.5 1.2
    endloop
  endfacet
  facet normal 0 0 1
    outer loop
      vertex 46.3621 34.8388 1.2
      vertex 41.6922 33.0533 1.2
      vertex 42.0131 32.9033 1.2
    endloop
  endfacet
  facet normal 0 0 1
    outer loop
      vertex 46.3621 34.8388 1.2
      vertex 41.3065 33.1433 1.2
      vertex 41.6922 33.0533 1.2
    endloop
  endfacet
  facet normal 0 -0 1
    outer loop
      vertex 40.5413 33.1575 1.2
      vertex 46.3621 34.8388 1.2
      vertex 30.6205 35.2457 1.2
    endloop
  endfacet
  facet normal 0 0 1
    outer loop
      vertex 46.3621 34.8388 1.2
      vertex 40.8561 33.1733 1.2
      vertex 41.3065 33.1433 1.2
    endloop
  endfacet
  facet normal 0 0 1
    outer loop
      vertex 46.3621 34.8388 1.2
      vertex 40.5413 33.1575 1.2
      vertex 40.8561 33.1733 1.2
    endloop
  endfacet
  facet normal 0 -0 1
    outer loop
      vertex 38.9194 33.0648 1.2
      vertex 40.5413 33.1575 1.2
      vertex 30.6205 35.2457 1.2
    endloop
  endfacet
  facet normal -0 0 1
    outer loop
      vertex 38.9575 32.2584 1.2
      vertex 38.9791 32.0612 1.2
      vertex 39.1538 32.3428 1.2
    endloop
  endfacet
  facet normal 0 0 1
    outer loop
      vertex 38.9791 32.0612 1.2
      vertex 38.9575 32.2584 1.2
      vertex 38.9627 32.0612 1.2
    endloop
  endfacet
  facet normal -0 0 1
    outer loop
      vertex 38.948 32.5499 1.2
      vertex 39.1538 32.3428 1.2
      vertex 39.3418 32.58 1.2
    endloop
  endfacet
  facet normal 0 0 1
    outer loop
      vertex 38.9331 32.8565 1.2
      vertex 39.3418 32.58 1.2
      vertex 39.543 32.7727 1.2
    endloop
  endfacet
  facet normal 0 0 1
    outer loop
      vertex 39.1538 32.3428 1.2
      vertex 38.9526 32.4213 1.2
      vertex 38.9575 32.2584 1.2
    endloop
  endfacet
  facet normal 0 0 1
    outer loop
      vertex 38.9194 33.0648 1.2
      vertex 39.543 32.7727 1.2
      vertex 39.7575 32.9211 1.2
    endloop
  endfacet
  facet normal 0 0 1
    outer loop
      vertex 39.1538 32.3428 1.2
      vertex 38.948 32.5499 1.2
      vertex 38.9526 32.4213 1.2
    endloop
  endfacet
  facet normal 0 0 1
    outer loop
      vertex 38.9194 33.0648 1.2
      vertex 39.7575 32.9211 1.2
      vertex 39.9919 33.0314 1.2
    endloop
  endfacet
  facet normal 0 0 1
    outer loop
      vertex 40.5413 33.1575 1.2
      vertex 38.9194 33.0648 1.2
      vertex 40.2532 33.1102 1.2
    endloop
  endfacet
  facet normal 0 0 1
    outer loop
      vertex 39.3418 32.58 1.2
      vertex 38.9438 32.6443 1.2
      vertex 38.948 32.5499 1.2
    endloop
  endfacet
  facet normal 0 0 1
    outer loop
      vertex 39.3418 32.58 1.2
      vertex 38.9399 32.7195 1.2
      vertex 38.9438 32.6443 1.2
    endloop
  endfacet
  facet normal 0 0 1
    outer loop
      vertex 39.3418 32.58 1.2
      vertex 38.9363 32.7902 1.2
      vertex 38.9399 32.7195 1.2
    endloop
  endfacet
  facet normal 0 0 1
    outer loop
      vertex 39.3418 32.58 1.2
      vertex 38.9331 32.8565 1.2
      vertex 38.9363 32.7902 1.2
    endloop
  endfacet
  facet normal 0 0 1
    outer loop
      vertex 39.543 32.7727 1.2
      vertex 38.9302 32.9184 1.2
      vertex 38.9331 32.8565 1.2
    endloop
  endfacet
  facet normal 0 0 1
    outer loop
      vertex 39.543 32.7727 1.2
      vertex 38.9275 32.9723 1.2
      vertex 38.9302 32.9184 1.2
    endloop
  endfacet
  facet normal 0 0 1
    outer loop
      vertex 39.543 32.7727 1.2
      vertex 38.9248 33.0146 1.2
      vertex 38.9275 32.9723 1.2
    endloop
  endfacet
  facet normal 0 0 1
    outer loop
      vertex 39.543 32.7727 1.2
      vertex 38.9221 33.0455 1.2
      vertex 38.9248 33.0146 1.2
    endloop
  endfacet
  facet normal 0 0 1
    outer loop
      vertex 39.543 32.7727 1.2
      vertex 38.9194 33.0648 1.2
      vertex 38.9221 33.0455 1.2
    endloop
  endfacet
  facet normal 0 0 1
    outer loop
      vertex 40.2532 33.1102 1.2
      vertex 38.9194 33.0648 1.2
      vertex 39.9919 33.0314 1.2
    endloop
  endfacet
  facet normal 0 0 1
    outer loop
      vertex 38.0296 31.8116 1.2
      vertex 36.7484 31.4187 1.2
      vertex 36.9101 30.054 1.2
    endloop
  endfacet
  facet normal 0 0 1
    outer loop
      vertex 38.0114 32.9011 1.2
      vertex 36.2632 32.3935 1.2
      vertex 36.7484 31.4187 1.2
    endloop
  endfacet
  facet normal 0 0 1
    outer loop
      vertex 38.9194 33.0648 1.2
      vertex 30.6205 35.2457 1.2
      vertex 37.9971 33.0648 1.2
    endloop
  endfacet
  facet normal 0 0 1
    outer loop
      vertex 37.9971 33.0648 1.2
      vertex 35.4545 32.9783 1.2
      vertex 36.2632 32.3935 1.2
    endloop
  endfacet
  facet normal 0 0 1
    outer loop
      vertex 37.9971 33.0648 1.2
      vertex 30.6205 35.2457 1.2
      vertex 35.4545 32.9783 1.2
    endloop
  endfacet
  facet normal 0 0 1
    outer loop
      vertex 35.4545 32.9783 1.2
      vertex 30.6205 35.2457 1.2
      vertex 34.3224 33.1733 1.2
    endloop
  endfacet
  facet normal 0 0 1
    outer loop
      vertex 34.3224 33.1733 1.2
      vertex 30.6205 35.2457 1.2
      vertex 33.7268 33.1248 1.2
    endloop
  endfacet
  facet normal 0 0 1
    outer loop
      vertex 30.6205 28.4048 1.2
      vertex 31.6967 30.1679 1.2
      vertex 31.7392 30.8524 1.2
    endloop
  endfacet
  facet normal 0 0 1
    outer loop
      vertex 30.6205 35.2457 1.2
      vertex 31.7392 30.8524 1.2
      vertex 31.8669 31.4523 1.2
    endloop
  endfacet
  facet normal 0 0 1
    outer loop
      vertex 31.6967 30.1679 1.2
      vertex 30.6388 27.3805 1.2
      vertex 30.653 27.195 1.2
    endloop
  endfacet
  facet normal 0 0 1
    outer loop
      vertex 31.6967 30.1679 1.2
      vertex 30.6286 27.6439 1.2
      vertex 30.6388 27.3805 1.2
    endloop
  endfacet
  facet normal 0 0 1
    outer loop
      vertex 31.6967 30.1679 1.2
      vertex 30.6225 27.9854 1.2
      vertex 30.6286 27.6439 1.2
    endloop
  endfacet
  facet normal 0 0 1
    outer loop
      vertex 30.6205 28.4048 1.2
      vertex 31.7392 30.8524 1.2
      vertex 30.6205 35.2457 1.2
    endloop
  endfacet
  facet normal 0 0 1
    outer loop
      vertex 32.0797 31.9673 1.2
      vertex 30.6205 35.2457 1.2
      vertex 31.8669 31.4523 1.2
    endloop
  endfacet
  facet normal 0 0 1
    outer loop
      vertex 32.3775 32.3976 1.2
      vertex 30.6205 35.2457 1.2
      vertex 32.0797 31.9673 1.2
    endloop
  endfacet
  facet normal 0 0 1
    outer loop
      vertex 32.7544 32.737 1.2
      vertex 30.6205 35.2457 1.2
      vertex 32.3775 32.3976 1.2
    endloop
  endfacet
  facet normal 0 0 1
    outer loop
      vertex 33.2042 32.9794 1.2
      vertex 30.6205 35.2457 1.2
      vertex 32.7544 32.737 1.2
    endloop
  endfacet
  facet normal 0 0 1
    outer loop
      vertex 33.7268 33.1248 1.2
      vertex 30.6205 35.2457 1.2
      vertex 33.2042 32.9794 1.2
    endloop
  endfacet
  facet normal 0 0 1
    outer loop
      vertex 46.3621 34.8388 1.2
      vertex 0 56.5 1.2
      vertex 30.6205 35.2457 1.2
    endloop
  endfacet
  facet normal -0 0 1
    outer loop
      vertex 28.9278 32.9292 1.2
      vertex 29.644 32.8099 1.2
      vertex 29.644 35.2457 1.2
    endloop
  endfacet
  facet normal 0 0 1
    outer loop
      vertex 29.6549 32.1535 1.2
      vertex 29.4975 32.4013 1.2
      vertex 29.644 32.1535 1.2
    endloop
  endfacet
  facet normal 0 0 1
    outer loop
      vertex 29.644 32.8099 1.2
      vertex 29.3293 32.6132 1.2
      vertex 29.4975 32.4013 1.2
    endloop
  endfacet
  facet normal 0 0 1
    outer loop
      vertex 29.644 32.8099 1.2
      vertex 29.1394 32.7891 1.2
      vertex 29.3293 32.6132 1.2
    endloop
  endfacet
  facet normal 0 0 1
    outer loop
      vertex 29.644 32.8099 1.2
      vertex 28.9278 32.9292 1.2
      vertex 29.1394 32.7891 1.2
    endloop
  endfacet
  facet normal 0 0 1
    outer loop
      vertex 29.644 35.2457 1.2
      vertex 28.6915 33.036 1.2
      vertex 28.9278 32.9292 1.2
    endloop
  endfacet
  facet normal 0 0 1
    outer loop
      vertex 29.644 35.2457 1.2
      vertex 28.4274 33.1123 1.2
      vertex 28.6915 33.036 1.2
    endloop
  endfacet
  facet normal 0 0 1
    outer loop
      vertex 29.644 35.2457 1.2
      vertex 28.1355 33.1581 1.2
      vertex 28.4274 33.1123 1.2
    endloop
  endfacet
  facet normal 0 0 1
    outer loop
      vertex 29.644 35.2457 1.2
      vertex 27.8158 33.1733 1.2
      vertex 28.1355 33.1581 1.2
    endloop
  endfacet
  facet normal -0 0 1
    outer loop
      vertex 24.5859 35.2457 1.2
      vertex 27.8158 33.1733 1.2
      vertex 29.644 35.2457 1.2
    endloop
  endfacet
  facet normal 0 0 1
    outer loop
      vertex 24.5859 28.4048 1.2
      vertex 25.6566 30.1028 1.2
      vertex 25.7916 31.4462 1.2
    endloop
  endfacet
  facet normal 0 0 1
    outer loop
      vertex 25.6566 30.1028 1.2
      vertex 24.6042 27.3805 1.2
      vertex 24.6184 27.195 1.2
    endloop
  endfacet
  facet normal 0 0 1
    outer loop
      vertex 25.6566 30.1028 1.2
      vertex 24.594 27.6439 1.2
      vertex 24.6042 27.3805 1.2
    endloop
  endfacet
  facet normal 0 0 1
    outer loop
      vertex 25.6566 30.1028 1.2
      vertex 24.5879 27.9854 1.2
      vertex 24.594 27.6439 1.2
    endloop
  endfacet
  facet normal 0 0 1
    outer loop
      vertex 24.5859 28.4048 1.2
      vertex 25.7916 31.4462 1.2
      vertex 24.5859 35.2457 1.2
    endloop
  endfacet
  facet normal 0 0 1
    outer loop
      vertex 26.1964 32.4057 1.2
      vertex 24.5859 35.2457 1.2
      vertex 25.7916 31.4462 1.2
    endloop
  endfacet
  facet normal 0 0 1
    outer loop
      vertex 26.8712 32.9814 1.2
      vertex 24.5859 35.2457 1.2
      vertex 26.1964 32.4057 1.2
    endloop
  endfacet
  facet normal 0 0 1
    outer loop
      vertex 27.8158 33.1733 1.2
      vertex 24.5859 35.2457 1.2
      vertex 26.8712 32.9814 1.2
    endloop
  endfacet
  facet normal 0 0 1
    outer loop
      vertex 30.6205 35.2457 1.2
      vertex 0 56.5 1.2
      vertex 29.644 35.2457 1.2
    endloop
  endfacet
  facet normal 0 0 1
    outer loop
      vertex 29.644 35.2457 1.2
      vertex 0 56.5 1.2
      vertex 24.5859 35.2457 1.2
    endloop
  endfacet
  facet normal -0 0 1
    outer loop
      vertex 22.8932 32.9292 1.2
      vertex 23.6094 32.8099 1.2
      vertex 23.6094 35.2457 1.2
    endloop
  endfacet
  facet normal 0 0 1
    outer loop
      vertex 23.6203 32.1535 1.2
      vertex 23.4629 32.4013 1.2
      vertex 23.6094 32.1535 1.2
    endloop
  endfacet
  facet normal 0 0 1
    outer loop
      vertex 23.6094 32.8099 1.2
      vertex 23.2947 32.6132 1.2
      vertex 23.4629 32.4013 1.2
    endloop
  endfacet
  facet normal 0 0 1
    outer loop
      vertex 23.6094 32.8099 1.2
      vertex 23.1048 32.7891 1.2
      vertex 23.2947 32.6132 1.2
    endloop
  endfacet
  facet normal 0 0 1
    outer loop
      vertex 23.6094 32.8099 1.2
      vertex 22.8932 32.9292 1.2
      vertex 23.1048 32.7891 1.2
    endloop
  endfacet
  facet normal 0 0 1
    outer loop
      vertex 23.6094 35.2457 1.2
      vertex 22.6569 33.036 1.2
      vertex 22.8932 32.9292 1.2
    endloop
  endfacet
  facet normal 0 0 1
    outer loop
      vertex 23.6094 35.2457 1.2
      vertex 22.3928 33.1123 1.2
      vertex 22.6569 33.036 1.2
    endloop
  endfacet
  facet normal 0 0 1
    outer loop
      vertex 23.6094 35.2457 1.2
      vertex 22.1009 33.1581 1.2
      vertex 22.3928 33.1123 1.2
    endloop
  endfacet
  facet normal 0 0 1
    outer loop
      vertex 23.6094 35.2457 1.2
      vertex 21.7812 33.1733 1.2
      vertex 22.1009 33.1581 1.2
    endloop
  endfacet
  facet normal -0 0 1
    outer loop
      vertex 18.4645 35.2457 1.2
      vertex 21.7812 33.1733 1.2
      vertex 23.6094 35.2457 1.2
    endloop
  endfacet
  facet normal 0 0 1
    outer loop
      vertex 20.8365 32.9814 1.2
      vertex 18.4645 33.0648 1.2
      vertex 20.1618 32.4057 1.2
    endloop
  endfacet
  facet normal -0 0 1
    outer loop
      vertex 18.4645 33.0648 1.2
      vertex 20.8365 32.9814 1.2
      vertex 18.4645 34.3126 1.2
    endloop
  endfacet
  facet normal -0 0 1
    outer loop
      vertex 18.4645 34.3126 1.2
      vertex 20.8365 32.9814 1.2
      vertex 18.4645 35.2457 1.2
    endloop
  endfacet
  facet normal 0 0 1
    outer loop
      vertex 21.7812 33.1733 1.2
      vertex 18.4645 35.2457 1.2
      vertex 20.8365 32.9814 1.2
    endloop
  endfacet
  facet normal 0 0 1
    outer loop
      vertex 24.5859 35.2457 1.2
      vertex 0 56.5 1.2
      vertex 23.6094 35.2457 1.2
    endloop
  endfacet
  facet normal 0 0 1
    outer loop
      vertex 23.6094 35.2457 1.2
      vertex 0 56.5 1.2
      vertex 18.4645 35.2457 1.2
    endloop
  endfacet
  facet normal -0 0 1
    outer loop
      vertex 16.0264 34.8388 1.2
      vertex 17.488 34.3126 1.2
      vertex 17.488 35.2457 1.2
    endloop
  endfacet
  facet normal 0 0 1
    outer loop
      vertex 17.488 34.3126 1.2
      vertex 16.0264 34.8388 1.2
      vertex 17.488 33.0648 1.2
    endloop
  endfacet
  facet normal 0 0 1
    outer loop
      vertex 16.0264 27.195 1.2
      vertex 17.488 33.0648 1.2
      vertex 16.0264 34.8388 1.2
    endloop
  endfacet
  facet normal 0 0 1
    outer loop
      vertex 18.4645 35.2457 1.2
      vertex 0 56.5 1.2
      vertex 17.488 35.2457 1.2
    endloop
  endfacet
  facet normal 0 -0 1
    outer loop
      vertex 14.9902 34.8388 1.2
      vertex 17.488 35.2457 1.2
      vertex 0 56.5 1.2
    endloop
  endfacet
  facet normal 0 0 1
    outer loop
      vertex 14.9902 34.8388 1.2
      vertex 10.8564 34.8388 1.2
      vertex 14.9902 31.6055 1.2
    endloop
  endfacet
  facet normal 0 0 1
    outer loop
      vertex 17.488 35.2457 1.2
      vertex 14.9902 34.8388 1.2
      vertex 16.0264 34.8388 1.2
    endloop
  endfacet
  facet normal 0 0 1
    outer loop
      vertex 14.9902 34.8388 1.2
      vertex 0 56.5 1.2
      vertex 10.8564 34.8388 1.2
    endloop
  endfacet
  facet normal 0 0 1
    outer loop
      vertex 9.82019 34.8388 1.2
      vertex 0 56.5 1.2
      vertex 9.82019 27.195 1.2
    endloop
  endfacet
  facet normal 0 0 1
    outer loop
      vertex 10.8564 34.8388 1.2
      vertex 0 56.5 1.2
      vertex 9.82019 34.8388 1.2
    endloop
  endfacet
  facet normal 0 0 1
    outer loop
      vertex 90 56.5 1.2
      vertex 80.7421 29.9238 1.2
      vertex 90 1.5 1.2
    endloop
  endfacet
  facet normal -0 0 1
    outer loop
      vertex 80.5847 28.4753 1.2
      vertex 90 1.5 1.2
      vertex 80.7421 29.9238 1.2
    endloop
  endfacet
  facet normal -0 0 1
    outer loop
      vertex 80.2379 27.8677 1.2
      vertex 90 1.5 1.2
      vertex 80.5847 28.4753 1.2
    endloop
  endfacet
  facet normal -0 0 1
    outer loop
      vertex 79.7235 27.4337 1.2
      vertex 90 1.5 1.2
      vertex 80.2379 27.8677 1.2
    endloop
  endfacet
  facet normal -0 0 1
    outer loop
      vertex 79.0416 27.1733 1.2
      vertex 90 1.5 1.2
      vertex 79.7235 27.4337 1.2
    endloop
  endfacet
  facet normal -0 0 1
    outer loop
      vertex 78.1923 27.0865 1.2
      vertex 90 1.5 1.2
      vertex 79.0416 27.1733 1.2
    endloop
  endfacet
  facet normal 0 0 1
    outer loop
      vertex 77.5801 27.135 1.2
      vertex 90 1.5 1.2
      vertex 78.1923 27.0865 1.2
    endloop
  endfacet
  facet normal -0 0 1
    outer loop
      vertex 74.371 27.195 1.2
      vertex 77.5801 27.135 1.2
      vertex 77.0456 27.2805 1.2
    endloop
  endfacet
  facet normal 0 0 1
    outer loop
      vertex 74.371 27.195 1.2
      vertex 77.0456 27.2805 1.2
      vertex 76.5887 27.5229 1.2
    endloop
  endfacet
  facet normal 0 0 1
    outer loop
      vertex 74.371 27.195 1.2
      vertex 76.5887 27.5229 1.2
      vertex 76.2094 27.8623 1.2
    endloop
  endfacet
  facet normal 0 0 1
    outer loop
      vertex 74.371 27.195 1.2
      vertex 76.2094 27.8623 1.2
      vertex 75.9116 28.2973 1.2
    endloop
  endfacet
  facet normal 0 0 1
    outer loop
      vertex 75.5712 30.8524 1.2
      vertex 74.371 27.195 1.2
      vertex 75.5286 30.1679 1.2
    endloop
  endfacet
  facet normal 0 0 1
    outer loop
      vertex 75.5286 30.1679 1.2
      vertex 74.371 27.195 1.2
      vertex 75.5712 29.4501 1.2
    endloop
  endfacet
  facet normal 0 0 1
    outer loop
      vertex 75.5712 29.4501 1.2
      vertex 74.371 27.195 1.2
      vertex 75.6988 28.8266 1.2
    endloop
  endfacet
  facet normal 0 0 1
    outer loop
      vertex 74.371 27.195 1.2
      vertex 75.9116 28.2973 1.2
      vertex 75.6988 28.8266 1.2
    endloop
  endfacet
  facet normal 0 0 1
    outer loop
      vertex 77.5801 27.135 1.2
      vertex 74.371 27.195 1.2
      vertex 68.3364 24.8894 1.2
    endloop
  endfacet
  facet normal 0 0 1
    outer loop
      vertex 68.3364 24.8894 1.2
      vertex 74.371 27.195 1.2
      vertex 73.3946 27.195 1.2
    endloop
  endfacet
  facet normal -0 0 1
    outer loop
      vertex 72.1889 28.8137 1.2
      vertex 73.3946 27.195 1.2
      vertex 72.3239 30.1571 1.2
    endloop
  endfacet
  facet normal -0 0 1
    outer loop
      vertex 71.7841 27.8542 1.2
      vertex 73.3946 27.195 1.2
      vertex 72.1889 28.8137 1.2
    endloop
  endfacet
  facet normal -0 0 1
    outer loop
      vertex 71.1093 27.2784 1.2
      vertex 73.3946 27.195 1.2
      vertex 71.7841 27.8542 1.2
    endloop
  endfacet
  facet normal 0 0 1
    outer loop
      vertex 68.3364 24.8894 1.2
      vertex 73.3946 27.195 1.2
      vertex 71.1093 27.2784 1.2
    endloop
  endfacet
  facet normal 0 0 1
    outer loop
      vertex 68.3364 24.8894 1.2
      vertex 71.1093 27.2784 1.2
      vertex 70.1647 27.0865 1.2
    endloop
  endfacet
  facet normal 0 0 1
    outer loop
      vertex 68.3364 24.8894 1.2
      vertex 70.1647 27.0865 1.2
      vertex 69.5422 27.1503 1.2
    endloop
  endfacet
  facet normal -0 0 1
    outer loop
      vertex 68.3364 27.1841 1.2
      vertex 69.5422 27.1503 1.2
      vertex 69.0309 27.3415 1.2
    endloop
  endfacet
  facet normal 0 0 1
    outer loop
      vertex 68.3364 27.1841 1.2
      vertex 69.0309 27.3415 1.2
      vertex 68.6308 27.6602 1.2
    endloop
  endfacet
  facet normal -0 0 1
    outer loop
      vertex 68.3242 28.0325 1.2
      vertex 68.6308 27.6602 1.2
      vertex 68.3419 28.1064 1.2
    endloop
  endfacet
  facet normal 0 0 1
    outer loop
      vertex 69.5422 27.1503 1.2
      vertex 68.3364 27.1841 1.2
      vertex 68.3364 24.8894 1.2
    endloop
  endfacet
  facet normal 0 0 1
    outer loop
      vertex 77.5801 27.135 1.2
      vertex 68.3364 24.8894 1.2
      vertex 90 1.5 1.2
    endloop
  endfacet
  facet normal -0 0 1
    outer loop
      vertex 67.36 24.8894 1.2
      vertex 90 1.5 1.2
      vertex 68.3364 24.8894 1.2
    endloop
  endfacet
  facet normal 0 0 1
    outer loop
      vertex 66.0699 31.6184 1.2
      vertex 67.3579 32.2806 1.2
      vertex 67.3518 32.6186 1.2
    endloop
  endfacet
  facet normal 0 0 1
    outer loop
      vertex 66.0699 31.6184 1.2
      vertex 67.3518 32.6186 1.2
      vertex 67.3416 32.88 1.2
    endloop
  endfacet
  facet normal 0 0 1
    outer loop
      vertex 65.8679 32.4105 1.2
      vertex 67.3416 32.88 1.2
      vertex 67.3274 33.0648 1.2
    endloop
  endfacet
  facet normal 0 0 1
    outer loop
      vertex 67.36 31.866 1.2
      vertex 66.0952 31.1064 1.2
      vertex 66.0952 27.195 1.2
    endloop
  endfacet
  facet normal 0 0 1
    outer loop
      vertex 67.36 31.866 1.2
      vertex 66.0952 27.195 1.2
      vertex 67.36 24.8894 1.2
    endloop
  endfacet
  facet normal -0 0 1
    outer loop
      vertex 65.1296 27.195 1.2
      vertex 67.36 24.8894 1.2
      vertex 66.0952 27.195 1.2
    endloop
  endfacet
  facet normal 0 0 1
    outer loop
      vertex 64.0555 32.4192 1.2
      vertex 65.115 31.3095 1.2
      vertex 65.0713 31.6367 1.2
    endloop
  endfacet
  facet normal 0 0 1
    outer loop
      vertex 64.3359 32.3989 1.2
      vertex 65.0713 31.6367 1.2
      vertex 64.9984 31.8981 1.2
    endloop
  endfacet
  facet normal 0 0 1
    outer loop
      vertex 64.5695 32.3378 1.2
      vertex 64.9984 31.8981 1.2
      vertex 64.8963 32.0937 1.2
    endloop
  endfacet
  facet normal 0 0 1
    outer loop
      vertex 64.5695 32.3378 1.2
      vertex 64.8963 32.0937 1.2
      vertex 64.7563 32.2361 1.2
    endloop
  endfacet
  facet normal 0 0 1
    outer loop
      vertex 64.9984 31.8981 1.2
      vertex 64.5695 32.3378 1.2
      vertex 64.3359 32.3989 1.2
    endloop
  endfacet
  facet normal 0 0 1
    outer loop
      vertex 65.0713 31.6367 1.2
      vertex 64.3359 32.3989 1.2
      vertex 64.0555 32.4192 1.2
    endloop
  endfacet
  facet normal 0 0 1
    outer loop
      vertex 65.115 31.3095 1.2
      vertex 64.0555 32.4192 1.2
      vertex 63.7532 32.3896 1.2
    endloop
  endfacet
  facet normal 0 0 1
    outer loop
      vertex 65.115 31.3095 1.2
      vertex 63.7532 32.3896 1.2
      vertex 63.0599 31.9445 1.2
    endloop
  endfacet
  facet normal 0 0 1
    outer loop
      vertex 63.0599 31.9445 1.2
      vertex 63.7532 32.3896 1.2
      vertex 63.4865 32.3006 1.2
    endloop
  endfacet
  facet normal 0 0 1
    outer loop
      vertex 63.0599 31.9445 1.2
      vertex 63.4865 32.3006 1.2
      vertex 63.2554 32.1522 1.2
    endloop
  endfacet
  facet normal 0 0 1
    outer loop
      vertex 65.115 31.3095 1.2
      vertex 63.0599 31.9445 1.2
      vertex 62.9045 31.6823 1.2
    endloop
  endfacet
  facet normal 0 0 1
    outer loop
      vertex 65.115 31.3095 1.2
      vertex 62.9045 31.6823 1.2
      vertex 62.7935 31.3702 1.2
    endloop
  endfacet
  facet normal 0 0 1
    outer loop
      vertex 65.1296 30.9165 1.2
      vertex 62.7935 31.3702 1.2
      vertex 62.7269 31.0082 1.2
    endloop
  endfacet
  facet normal 0 0 1
    outer loop
      vertex 65.1296 30.9165 1.2
      vertex 62.7269 31.0082 1.2
      vertex 62.7047 30.5964 1.2
    endloop
  endfacet
  facet normal 0 0 1
    outer loop
      vertex 65.1296 30.9165 1.2
      vertex 62.7047 30.5964 1.2
      vertex 65.1296 27.195 1.2
    endloop
  endfacet
  facet normal 0 0 1
    outer loop
      vertex 62.7047 27.195 1.2
      vertex 65.1296 27.195 1.2
      vertex 62.7047 30.5964 1.2
    endloop
  endfacet
  facet normal -0 0 1
    outer loop
      vertex 62.7047 27.195 1.2
      vertex 67.36 24.8894 1.2
      vertex 65.1296 27.195 1.2
    endloop
  endfacet
  facet normal -0 0 1
    outer loop
      vertex 61.739 27.195 1.2
      vertex 67.36 24.8894 1.2
      vertex 62.7047 27.195 1.2
    endloop
  endfacet
  facet normal -0 0 1
    outer loop
      vertex 59.314 27.195 1.2
      vertex 67.36 24.8894 1.2
      vertex 61.739 27.195 1.2
    endloop
  endfacet
  facet normal 0 0 1
    outer loop
      vertex 60.3692 32.3894 1.2
      vertex 61.7244 31.3095 1.2
      vertex 61.6806 31.6367 1.2
    endloop
  endfacet
  facet normal 0 0 1
    outer loop
      vertex 60.9452 32.3989 1.2
      vertex 61.6806 31.6367 1.2
      vertex 61.6078 31.8981 1.2
    endloop
  endfacet
  facet normal 0 0 1
    outer loop
      vertex 61.1788 32.3378 1.2
      vertex 61.6078 31.8981 1.2
      vertex 61.5057 32.0937 1.2
    endloop
  endfacet
  facet normal 0 0 1
    outer loop
      vertex 61.1788 32.3378 1.2
      vertex 61.5057 32.0937 1.2
      vertex 61.3657 32.2361 1.2
    endloop
  endfacet
  facet normal 0 0 1
    outer loop
      vertex 61.6078 31.8981 1.2
      vertex 61.1788 32.3378 1.2
      vertex 60.9452 32.3989 1.2
    endloop
  endfacet
  facet normal 0 0 1
    outer loop
      vertex 61.6806 31.6367 1.2
      vertex 60.9452 32.3989 1.2
      vertex 60.6648 32.4192 1.2
    endloop
  endfacet
  facet normal -0 0 1
    outer loop
      vertex 60.3692 32.3894 1.2
      vertex 61.6806 31.6367 1.2
      vertex 60.6648 32.4192 1.2
    endloop
  endfacet
  facet normal 0 0 1
    outer loop
      vertex 61.7244 31.3095 1.2
      vertex 60.3692 32.3894 1.2
      vertex 59.6774 31.9418 1.2
    endloop
  endfacet
  facet normal 0 0 1
    outer loop
      vertex 59.6774 31.9418 1.2
      vertex 60.3692 32.3894 1.2
      vertex 60.106 32.2999 1.2
    endloop
  endfacet
  facet normal 0 0 1
    outer loop
      vertex 59.6774 31.9418 1.2
      vertex 60.106 32.2999 1.2
      vertex 59.8755 32.1507 1.2
    endloop
  endfacet
  facet normal 0 0 1
    outer loop
      vertex 61.7244 31.3095 1.2
      vertex 59.6774 31.9418 1.2
      vertex 59.5184 31.6787 1.2
    endloop
  endfacet
  facet normal 0 0 1
    outer loop
      vertex 61.7244 31.3095 1.2
      vertex 59.5184 31.6787 1.2
      vertex 59.4049 31.3668 1.2
    endloop
  endfacet
  facet normal 0 0 1
    outer loop
      vertex 61.739 30.9165 1.2
      vertex 59.4049 31.3668 1.2
      vertex 59.3367 31.006 1.2
    endloop
  endfacet
  facet normal 0 0 1
    outer loop
      vertex 61.739 30.9165 1.2
      vertex 59.3367 31.006 1.2
      vertex 59.314 30.5964 1.2
    endloop
  endfacet
  facet normal 0 0 1
    outer loop
      vertex 61.739 30.9165 1.2
      vertex 59.314 30.5964 1.2
      vertex 61.739 27.195 1.2
    endloop
  endfacet
  facet normal 0 0 1
    outer loop
      vertex 59.314 27.195 1.2
      vertex 61.739 27.195 1.2
      vertex 59.314 30.5964 1.2
    endloop
  endfacet
  facet normal -0 0 1
    outer loop
      vertex 58.3429 27.195 1.2
      vertex 67.36 24.8894 1.2
      vertex 59.314 27.195 1.2
    endloop
  endfacet
  facet normal -0 0 1
    outer loop
      vertex 54.6736 27.0865 1.2
      vertex 67.36 24.8894 1.2
      vertex 58.3429 27.195 1.2
    endloop
  endfacet
  facet normal 0 0 1
    outer loop
      vertex 57.0617 31.4187 1.2
      vertex 58.3409 32.2745 1.2
      vertex 58.3348 32.6376 1.2
    endloop
  endfacet
  facet normal 0 0 1
    outer loop
      vertex 57.0617 31.4187 1.2
      vertex 58.3348 32.6376 1.2
      vertex 58.3246 32.9011 1.2
    endloop
  endfacet
  facet normal 0 0 1
    outer loop
      vertex 56.5765 32.3935 1.2
      vertex 58.3246 32.9011 1.2
      vertex 58.3104 33.0648 1.2
    endloop
  endfacet
  facet normal 0 0 1
    outer loop
      vertex 58.3429 31.8116 1.2
      vertex 57.2234 30.054 1.2
      vertex 57.2234 29.9238 1.2
    endloop
  endfacet
  facet normal 0 0 1
    outer loop
      vertex 58.3429 31.8116 1.2
      vertex 57.2234 29.9238 1.2
      vertex 58.3429 27.195 1.2
    endloop
  endfacet
  facet normal -0 0 1
    outer loop
      vertex 57.066 28.4753 1.2
      vertex 58.3429 27.195 1.2
      vertex 57.2234 29.9238 1.2
    endloop
  endfacet
  facet normal -0 0 1
    outer loop
      vertex 56.7192 27.8677 1.2
      vertex 58.3429 27.195 1.2
      vertex 57.066 28.4753 1.2
    endloop
  endfacet
  facet normal -0 0 1
    outer loop
      vertex 56.2048 27.4337 1.2
      vertex 58.3429 27.195 1.2
      vertex 56.7192 27.8677 1.2
    endloop
  endfacet
  facet normal 0 0 1
    outer loop
      vertex 55.523 27.1733 1.2
      vertex 58.3429 27.195 1.2
      vertex 56.2048 27.4337 1.2
    endloop
  endfacet
  facet normal 0 0 1
    outer loop
      vertex 54.6736 27.0865 1.2
      vertex 58.3429 27.195 1.2
      vertex 55.523 27.1733 1.2
    endloop
  endfacet
  facet normal 0 0 1
    outer loop
      vertex 67.36 24.8894 1.2
      vertex 54.6736 27.0865 1.2
      vertex 90 1.5 1.2
    endloop
  endfacet
  facet normal 0 0 1
    outer loop
      vertex 54.0615 27.135 1.2
      vertex 90 1.5 1.2
      vertex 54.6736 27.0865 1.2
    endloop
  endfacet
  facet normal -0 0 1
    outer loop
      vertex 50.0186 27.195 1.2
      vertex 54.0615 27.135 1.2
      vertex 53.5269 27.2805 1.2
    endloop
  endfacet
  facet normal 0 0 1
    outer loop
      vertex 50.0186 27.195 1.2
      vertex 53.5269 27.2805 1.2
      vertex 53.07 27.5229 1.2
    endloop
  endfacet
  facet normal 0 0 1
    outer loop
      vertex 50.0186 27.195 1.2
      vertex 52.01 30.1679 1.2
      vertex 50.0186 33.9925 1.2
    endloop
  endfacet
  facet normal 0 0 1
    outer loop
      vertex 52.01 30.1679 1.2
      vertex 50.0186 27.195 1.2
      vertex 52.0525 29.4501 1.2
    endloop
  endfacet
  facet normal 0 0 1
    outer loop
      vertex 52.0525 29.4501 1.2
      vertex 50.0186 27.195 1.2
      vertex 52.1802 28.8266 1.2
    endloop
  endfacet
  facet normal 0 0 1
    outer loop
      vertex 52.1802 28.8266 1.2
      vertex 50.0186 27.195 1.2
      vertex 52.3929 28.2973 1.2
    endloop
  endfacet
  facet normal 0 0 1
    outer loop
      vertex 50.0186 27.195 1.2
      vertex 52.6908 27.8623 1.2
      vertex 52.3929 28.2973 1.2
    endloop
  endfacet
  facet normal 0 0 1
    outer loop
      vertex 50.0186 27.195 1.2
      vertex 53.07 27.5229 1.2
      vertex 52.6908 27.8623 1.2
    endloop
  endfacet
  facet normal 0 0 1
    outer loop
      vertex 54.0615 27.135 1.2
      vertex 50.0186 27.195 1.2
      vertex 90 1.5 1.2
    endloop
  endfacet
  facet normal -0 0 1
    outer loop
      vertex 48.9879 27.195 1.2
      vertex 90 1.5 1.2
      vertex 50.0186 27.195 1.2
    endloop
  endfacet
  facet normal -0 0 1
    outer loop
      vertex 42.7168 31.1064 1.2
      vertex 48.9879 27.195 1.2
      vertex 46.3621 33.9925 1.2
    endloop
  endfacet
  facet normal 0 0 1
    outer loop
      vertex 42.7168 27.195 1.2
      vertex 48.9879 27.195 1.2
      vertex 42.7168 31.1064 1.2
    endloop
  endfacet
  facet normal 0 0 1
    outer loop
      vertex 48.9879 27.195 1.2
      vertex 42.7168 27.195 1.2
      vertex 90 1.5 1.2
    endloop
  endfacet
  facet normal 0 0 1
    outer loop
      vertex 0 1.5 1.2
      vertex 42.7168 27.195 1.2
      vertex 41.7349 27.195 1.2
    endloop
  endfacet
  facet normal 0 0 1
    outer loop
      vertex 40.5251 32.4192 1.2
      vertex 41.7278 31.1905 1.2
      vertex 41.7064 31.4319 1.2
    endloop
  endfacet
  facet normal 0 0 1
    outer loop
      vertex 40.752 32.4104 1.2
      vertex 41.7064 31.4319 1.2
      vertex 41.6708 31.6408 1.2
    endloop
  endfacet
  facet normal 0 0 1
    outer loop
      vertex 40.9496 32.384 1.2
      vertex 41.6708 31.6408 1.2
      vertex 41.621 31.8171 1.2
    endloop
  endfacet
  facet normal 0 0 1
    outer loop
      vertex 40.9496 32.384 1.2
      vertex 41.621 31.8171 1.2
      vertex 41.5555 31.9659 1.2
    endloop
  endfacet
  facet normal 0 0 1
    outer loop
      vertex 41.1181 32.3399 1.2
      vertex 41.5555 31.9659 1.2
      vertex 41.4731 32.0924 1.2
    endloop
  endfacet
  facet normal 0 0 1
    outer loop
      vertex 41.1181 32.3399 1.2
      vertex 41.4731 32.0924 1.2
      vertex 41.3738 32.1965 1.2
    endloop
  endfacet
  facet normal 0 0 1
    outer loop
      vertex 41.1181 32.3399 1.2
      vertex 41.3738 32.1965 1.2
      vertex 41.2575 32.2782 1.2
    endloop
  endfacet
  facet normal 0 0 1
    outer loop
      vertex 41.5555 31.9659 1.2
      vertex 41.1181 32.3399 1.2
      vertex 40.9496 32.384 1.2
    endloop
  endfacet
  facet normal 0 0 1
    outer loop
      vertex 41.6708 31.6408 1.2
      vertex 40.9496 32.384 1.2
      vertex 40.752 32.4104 1.2
    endloop
  endfacet
  facet normal 0 0 1
    outer loop
      vertex 41.7064 31.4319 1.2
      vertex 40.752 32.4104 1.2
      vertex 40.5251 32.4192 1.2
    endloop
  endfacet
  facet normal 0 0 1
    outer loop
      vertex 41.7278 31.1905 1.2
      vertex 40.5251 32.4192 1.2
      vertex 40.1912 32.3891 1.2
    endloop
  endfacet
  facet normal 0 0 1
    outer loop
      vertex 41.7278 31.1905 1.2
      vertex 40.1912 32.3891 1.2
      vertex 39.4131 31.9364 1.2
    endloop
  endfacet
  facet normal 0 0 1
    outer loop
      vertex 39.4131 31.9364 1.2
      vertex 40.1912 32.3891 1.2
      vertex 39.8945 32.2985 1.2
    endloop
  endfacet
  facet normal 0 0 1
    outer loop
      vertex 39.4131 31.9364 1.2
      vertex 39.8945 32.2985 1.2
      vertex 39.6351 32.1477 1.2
    endloop
  endfacet
  facet normal 0 0 1
    outer loop
      vertex 41.7278 31.1905 1.2
      vertex 39.4131 31.9364 1.2
      vertex 39.2351 31.6716 1.2
    endloop
  endfacet
  facet normal 0 0 1
    outer loop
      vertex 41.7278 31.1905 1.2
      vertex 39.2351 31.6716 1.2
      vertex 39.1079 31.36 1.2
    endloop
  endfacet
  facet normal 0 0 1
    outer loop
      vertex 41.7349 30.9165 1.2
      vertex 39.1079 31.36 1.2
      vertex 39.0316 31.0016 1.2
    endloop
  endfacet
  facet normal 0 0 1
    outer loop
      vertex 41.7349 30.9165 1.2
      vertex 39.0316 31.0016 1.2
      vertex 39.0062 30.5964 1.2
    endloop
  endfacet
  facet normal 0 0 1
    outer loop
      vertex 41.7349 30.9165 1.2
      vertex 39.0062 30.5964 1.2
      vertex 41.7349 27.195 1.2
    endloop
  endfacet
  facet normal 0 0 1
    outer loop
      vertex 39.0062 27.195 1.2
      vertex 41.7349 27.195 1.2
      vertex 39.0062 30.5964 1.2
    endloop
  endfacet
  facet normal 0 0 1
    outer loop
      vertex 0 1.5 1.2
      vertex 41.7349 27.195 1.2
      vertex 39.0062 27.195 1.2
    endloop
  endfacet
  facet normal 0 0 1
    outer loop
      vertex 0 1.5 1.2
      vertex 39.0062 27.195 1.2
      vertex 38.0296 27.195 1.2
    endloop
  endfacet
  facet normal 0 0 1
    outer loop
      vertex 36.7484 31.4187 1.2
      vertex 38.0276 32.2745 1.2
      vertex 38.0215 32.6376 1.2
    endloop
  endfacet
  facet normal 0 0 1
    outer loop
      vertex 36.7484 31.4187 1.2
      vertex 38.0215 32.6376 1.2
      vertex 38.0114 32.9011 1.2
    endloop
  endfacet
  facet normal 0 0 1
    outer loop
      vertex 36.2632 32.3935 1.2
      vertex 38.0114 32.9011 1.2
      vertex 37.9971 33.0648 1.2
    endloop
  endfacet
  facet normal 0 0 1
    outer loop
      vertex 38.0296 31.8116 1.2
      vertex 36.9101 30.054 1.2
      vertex 36.9101 29.9238 1.2
    endloop
  endfacet
  facet normal 0 0 1
    outer loop
      vertex 38.0296 31.8116 1.2
      vertex 36.9101 29.9238 1.2
      vertex 38.0296 27.195 1.2
    endloop
  endfacet
  facet normal -0 0 1
    outer loop
      vertex 36.7528 28.4753 1.2
      vertex 38.0296 27.195 1.2
      vertex 36.9101 29.9238 1.2
    endloop
  endfacet
  facet normal -0 0 1
    outer loop
      vertex 36.4059 27.8677 1.2
      vertex 38.0296 27.195 1.2
      vertex 36.7528 28.4753 1.2
    endloop
  endfacet
  facet normal -0 0 1
    outer loop
      vertex 35.8916 27.4337 1.2
      vertex 38.0296 27.195 1.2
      vertex 36.4059 27.8677 1.2
    endloop
  endfacet
  facet normal 0 0 1
    outer loop
      vertex 35.2097 27.1733 1.2
      vertex 38.0296 27.195 1.2
      vertex 35.8916 27.4337 1.2
    endloop
  endfacet
  facet normal 0 0 1
    outer loop
      vertex 34.3604 27.0865 1.2
      vertex 38.0296 27.195 1.2
      vertex 35.2097 27.1733 1.2
    endloop
  endfacet
  facet normal 0 0 1
    outer loop
      vertex 38.0296 27.195 1.2
      vertex 34.3604 27.0865 1.2
      vertex 0 1.5 1.2
    endloop
  endfacet
  facet normal 0 0 1
    outer loop
      vertex 0 1.5 1.2
      vertex 34.3604 27.0865 1.2
      vertex 33.7482 27.135 1.2
    endloop
  endfacet
  facet normal -0 0 1
    outer loop
      vertex 30.653 27.195 1.2
      vertex 33.7482 27.135 1.2
      vertex 33.2137 27.2805 1.2
    endloop
  endfacet
  facet normal 0 0 1
    outer loop
      vertex 30.653 27.195 1.2
      vertex 31.7392 29.4501 1.2
      vertex 31.6967 30.1679 1.2
    endloop
  endfacet
  facet normal 0 0 1
    outer loop
      vertex 30.653 27.195 1.2
      vertex 31.8669 28.8266 1.2
      vertex 31.7392 29.4501 1.2
    endloop
  endfacet
  facet normal 0 0 1
    outer loop
      vertex 30.653 27.195 1.2
      vertex 32.0797 28.2973 1.2
      vertex 31.8669 28.8266 1.2
    endloop
  endfacet
  facet normal 0 0 1
    outer loop
      vertex 30.653 27.195 1.2
      vertex 32.3775 27.8623 1.2
      vertex 32.0797 28.2973 1.2
    endloop
  endfacet
  facet normal 0 0 1
    outer loop
      vertex 30.653 27.195 1.2
      vertex 32.7568 27.5229 1.2
      vertex 32.3775 27.8623 1.2
    endloop
  endfacet
  facet normal 0 0 1
    outer loop
      vertex 30.653 27.195 1.2
      vertex 33.2137 27.2805 1.2
      vertex 32.7568 27.5229 1.2
    endloop
  endfacet
  facet normal 0 0 1
    outer loop
      vertex 33.7482 27.135 1.2
      vertex 30.653 27.195 1.2
      vertex 0 1.5 1.2
    endloop
  endfacet
  facet normal 0 0 1
    outer loop
      vertex 28.1333 27.1018 1.2
      vertex 30.653 27.195 1.2
      vertex 29.7199 27.195 1.2
    endloop
  endfacet
  facet normal -0 0 1
    outer loop
      vertex 29.644 28.1389 1.2
      vertex 29.6669 28.0196 1.2
      vertex 29.6657 28.1389 1.2
    endloop
  endfacet
  facet normal 0 0 1
    outer loop
      vertex 29.4973 27.8768 1.2
      vertex 29.6669 28.0196 1.2
      vertex 29.644 28.1389 1.2
    endloop
  endfacet
  facet normal 0 0 1
    outer loop
      vertex 29.6669 28.0196 1.2
      vertex 29.4973 27.8768 1.2
      vertex 29.6704 27.8894 1.2
    endloop
  endfacet
  facet normal 0 0 1
    outer loop
      vertex 29.6704 27.8894 1.2
      vertex 29.4973 27.8768 1.2
      vertex 29.6763 27.7483 1.2
    endloop
  endfacet
  facet normal 0 0 1
    outer loop
      vertex 29.3286 27.6548 1.2
      vertex 29.6763 27.7483 1.2
      vertex 29.4973 27.8768 1.2
    endloop
  endfacet
  facet normal 0 0 1
    outer loop
      vertex 29.6763 27.7483 1.2
      vertex 29.3286 27.6548 1.2
      vertex 29.6846 27.5965 1.2
    endloop
  endfacet
  facet normal 0 0 1
    outer loop
      vertex 29.6846 27.5965 1.2
      vertex 29.3286 27.6548 1.2
      vertex 29.694 27.4534 1.2
    endloop
  endfacet
  facet normal 0 0 1
    outer loop
      vertex 29.694 27.4534 1.2
      vertex 29.3286 27.6548 1.2
      vertex 29.703 27.3388 1.2
    endloop
  endfacet
  facet normal -0 0 1
    outer loop
      vertex 29.1379 27.4727 1.2
      vertex 29.703 27.3388 1.2
      vertex 29.3286 27.6548 1.2
    endloop
  endfacet
  facet normal 0 0 1
    outer loop
      vertex 29.703 27.3388 1.2
      vertex 29.1379 27.4727 1.2
      vertex 29.7116 27.2527 1.2
    endloop
  endfacet
  facet normal 0 0 1
    outer loop
      vertex 29.7116 27.2527 1.2
      vertex 29.1379 27.4727 1.2
      vertex 29.7199 27.195 1.2
    endloop
  endfacet
  facet normal -0 0 1
    outer loop
      vertex 28.9251 27.3306 1.2
      vertex 29.7199 27.195 1.2
      vertex 29.1379 27.4727 1.2
    endloop
  endfacet
  facet normal -0 0 1
    outer loop
      vertex 28.688 27.2238 1.2
      vertex 29.7199 27.195 1.2
      vertex 28.9251 27.3306 1.2
    endloop
  endfacet
  facet normal 0 0 1
    outer loop
      vertex 28.424 27.1476 1.2
      vertex 29.7199 27.195 1.2
      vertex 28.688 27.2238 1.2
    endloop
  endfacet
  facet normal 0 0 1
    outer loop
      vertex 28.1333 27.1018 1.2
      vertex 29.7199 27.195 1.2
      vertex 28.424 27.1476 1.2
    endloop
  endfacet
  facet normal 0 0 1
    outer loop
      vertex 30.653 27.195 1.2
      vertex 28.1333 27.1018 1.2
      vertex 0 1.5 1.2
    endloop
  endfacet
  facet normal 0 0 1
    outer loop
      vertex 0 1.5 1.2
      vertex 28.1333 27.1018 1.2
      vertex 27.8158 27.0865 1.2
    endloop
  endfacet
  facet normal 0 0 1
    outer loop
      vertex 0 1.5 1.2
      vertex 27.8158 27.0865 1.2
      vertex 27.2965 27.1333 1.2
    endloop
  endfacet
  facet normal -0 0 1
    outer loop
      vertex 24.6184 27.195 1.2
      vertex 27.2965 27.1333 1.2
      vertex 26.8508 27.2737 1.2
    endloop
  endfacet
  facet normal 0 0 1
    outer loop
      vertex 24.6184 27.195 1.2
      vertex 25.6894 29.3915 1.2
      vertex 25.6566 30.1028 1.2
    endloop
  endfacet
  facet normal 0 0 1
    outer loop
      vertex 24.6184 27.195 1.2
      vertex 25.7875 28.7764 1.2
      vertex 25.6894 29.3915 1.2
    endloop
  endfacet
  facet normal 0 0 1
    outer loop
      vertex 24.6184 27.195 1.2
      vertex 25.9511 28.2576 1.2
      vertex 25.7875 28.7764 1.2
    endloop
  endfacet
  facet normal 0 0 1
    outer loop
      vertex 24.6184 27.195 1.2
      vertex 26.1802 27.8352 1.2
      vertex 25.9511 28.2576 1.2
    endloop
  endfacet
  facet normal 0 0 1
    outer loop
      vertex 24.6184 27.195 1.2
      vertex 26.4787 27.5076 1.2
      vertex 26.1802 27.8352 1.2
    endloop
  endfacet
  facet normal 0 0 1
    outer loop
      vertex 24.6184 27.195 1.2
      vertex 26.8508 27.2737 1.2
      vertex 26.4787 27.5076 1.2
    endloop
  endfacet
  facet normal 0 0 1
    outer loop
      vertex 27.2965 27.1333 1.2
      vertex 24.6184 27.195 1.2
      vertex 0 1.5 1.2
    endloop
  endfacet
  facet normal 0 0 1
    outer loop
      vertex 0 1.5 1.2
      vertex 24.6184 27.195 1.2
      vertex 23.6853 27.195 1.2
    endloop
  endfacet
  facet normal -0 0 1
    outer loop
      vertex 23.6094 28.1389 1.2
      vertex 23.6323 28.0196 1.2
      vertex 23.6311 28.1389 1.2
    endloop
  endfacet
  facet normal 0 0 1
    outer loop
      vertex 23.4627 27.8768 1.2
      vertex 23.6323 28.0196 1.2
      vertex 23.6094 28.1389 1.2
    endloop
  endfacet
  facet normal 0 0 1
    outer loop
      vertex 23.6323 28.0196 1.2
      vertex 23.4627 27.8768 1.2
      vertex 23.6358 27.8894 1.2
    endloop
  endfacet
  facet normal 0 0 1
    outer loop
      vertex 23.6358 27.8894 1.2
      vertex 23.4627 27.8768 1.2
      vertex 23.6417 27.7483 1.2
    endloop
  endfacet
  facet normal 0 0 1
    outer loop
      vertex 23.294 27.6548 1.2
      vertex 23.6417 27.7483 1.2
      vertex 23.4627 27.8768 1.2
    endloop
  endfacet
  facet normal 0 0 1
    outer loop
      vertex 23.6417 27.7483 1.2
      vertex 23.294 27.6548 1.2
      vertex 23.65 27.5965 1.2
    endloop
  endfacet
  facet normal 0 0 1
    outer loop
      vertex 23.65 27.5965 1.2
      vertex 23.294 27.6548 1.2
      vertex 23.6594 27.4534 1.2
    endloop
  endfacet
  facet normal 0 0 1
    outer loop
      vertex 23.6594 27.4534 1.2
      vertex 23.294 27.6548 1.2
      vertex 23.6684 27.3388 1.2
    endloop
  endfacet
  facet normal -0 0 1
    outer loop
      vertex 23.1033 27.4727 1.2
      vertex 23.6684 27.3388 1.2
      vertex 23.294 27.6548 1.2
    endloop
  endfacet
  facet normal 0 0 1
    outer loop
      vertex 23.6684 27.3388 1.2
      vertex 23.1033 27.4727 1.2
      vertex 23.677 27.2527 1.2
    endloop
  endfacet
  facet normal 0 0 1
    outer loop
      vertex 23.677 27.2527 1.2
      vertex 23.1033 27.4727 1.2
      vertex 23.6853 27.195 1.2
    endloop
  endfacet
  facet normal -0 0 1
    outer loop
      vertex 22.8905 27.3306 1.2
      vertex 23.6853 27.195 1.2
      vertex 23.1033 27.4727 1.2
    endloop
  endfacet
  facet normal -0 0 1
    outer loop
      vertex 22.6534 27.2238 1.2
      vertex 23.6853 27.195 1.2
      vertex 22.8905 27.3306 1.2
    endloop
  endfacet
  facet normal 0 0 1
    outer loop
      vertex 22.3894 27.1476 1.2
      vertex 23.6853 27.195 1.2
      vertex 22.6534 27.2238 1.2
    endloop
  endfacet
  facet normal 0 0 1
    outer loop
      vertex 22.0987 27.1018 1.2
      vertex 23.6853 27.195 1.2
      vertex 22.3894 27.1476 1.2
    endloop
  endfacet
  facet normal 0 0 1
    outer loop
      vertex 23.6853 27.195 1.2
      vertex 22.0987 27.1018 1.2
      vertex 0 1.5 1.2
    endloop
  endfacet
  facet normal 0 0 1
    outer loop
      vertex 0 1.5 1.2
      vertex 22.0987 27.1018 1.2
      vertex 21.7812 27.0865 1.2
    endloop
  endfacet
  facet normal 0 0 1
    outer loop
      vertex 0 1.5 1.2
      vertex 21.7812 27.0865 1.2
      vertex 21.2619 27.1333 1.2
    endloop
  endfacet
  facet normal -0 0 1
    outer loop
      vertex 18.4645 27.195 1.2
      vertex 21.2619 27.1333 1.2
      vertex 20.8162 27.2737 1.2
    endloop
  endfacet
  facet normal 0 0 1
    outer loop
      vertex 20.1618 32.4057 1.2
      vertex 18.4645 33.0648 1.2
      vertex 19.757 31.4462 1.2
    endloop
  endfacet
  facet normal 0 0 1
    outer loop
      vertex 19.757 31.4462 1.2
      vertex 18.4645 33.0648 1.2
      vertex 19.622 30.1028 1.2
    endloop
  endfacet
  facet normal 0 0 1
    outer loop
      vertex 18.4645 27.195 1.2
      vertex 19.622 30.1028 1.2
      vertex 18.4645 33.0648 1.2
    endloop
  endfacet
  facet normal 0 0 1
    outer loop
      vertex 19.622 30.1028 1.2
      vertex 18.4645 27.195 1.2
      vertex 19.6548 29.3915 1.2
    endloop
  endfacet
  facet normal 0 0 1
    outer loop
      vertex 19.6548 29.3915 1.2
      vertex 18.4645 27.195 1.2
      vertex 19.7529 28.7764 1.2
    endloop
  endfacet
  facet normal 0 0 1
    outer loop
      vertex 18.4645 27.195 1.2
      vertex 19.9165 28.2576 1.2
      vertex 19.7529 28.7764 1.2
    endloop
  endfacet
  facet normal 0 0 1
    outer loop
      vertex 18.4645 27.195 1.2
      vertex 20.1456 27.8352 1.2
      vertex 19.9165 28.2576 1.2
    endloop
  endfacet
  facet normal 0 0 1
    outer loop
      vertex 18.4645 27.195 1.2
      vertex 20.4441 27.5076 1.2
      vertex 20.1456 27.8352 1.2
    endloop
  endfacet
  facet normal 0 0 1
    outer loop
      vertex 18.4645 27.195 1.2
      vertex 20.8162 27.2737 1.2
      vertex 20.4441 27.5076 1.2
    endloop
  endfacet
  facet normal 0 0 1
    outer loop
      vertex 21.2619 27.1333 1.2
      vertex 18.4645 27.195 1.2
      vertex 0 1.5 1.2
    endloop
  endfacet
  facet normal 0 0 1
    outer loop
      vertex 0 1.5 1.2
      vertex 18.4645 27.195 1.2
      vertex 17.488 27.195 1.2
    endloop
  endfacet
  facet normal 0 0 1
    outer loop
      vertex 17.488 33.0648 1.2
      vertex 16.0264 27.195 1.2
      vertex 17.488 27.195 1.2
    endloop
  endfacet
  facet normal 0 0 1
    outer loop
      vertex 0 1.5 1.2
      vertex 17.488 27.195 1.2
      vertex 16.0264 27.195 1.2
    endloop
  endfacet
  facet normal 0 0 1
    outer loop
      vertex 0 1.5 1.2
      vertex 16.0264 27.195 1.2
      vertex 14.9902 27.195 1.2
    endloop
  endfacet
  facet normal 0 0 1
    outer loop
      vertex 10.8564 27.195 1.2
      vertex 14.9902 27.195 1.2
      vertex 10.8564 30.7375 1.2
    endloop
  endfacet
  facet normal 0 0 1
    outer loop
      vertex 0 1.5 1.2
      vertex 14.9902 27.195 1.2
      vertex 10.8564 27.195 1.2
    endloop
  endfacet
  facet normal 0 0 1
    outer loop
      vertex 0 1.5 1.2
      vertex 10.8564 27.195 1.2
      vertex 9.82019 27.195 1.2
    endloop
  endfacet
  facet normal 0 0 1
    outer loop
      vertex 42.7168 27.195 1.2
      vertex 0 1.5 1.2
      vertex 90 1.5 1.2
    endloop
  endfacet
  facet normal 0 0 1
    outer loop
      vertex 0 1.5 1.2
      vertex 9.82019 27.195 1.2
      vertex 0 56.5 1.2
    endloop
  endfacet
  facet normal -0 0 1
    outer loop
      vertex 20.6678 30.7058 1.2
      vertex 23.6094 30.2004 1.2
      vertex 23.586 30.7446 1.2
    endloop
  endfacet
  facet normal 0 0 1
    outer loop
      vertex 20.6678 30.7058 1.2
      vertex 23.586 30.7446 1.2
      vertex 23.5158 31.2108 1.2
    endloop
  endfacet
  facet normal 0 0 1
    outer loop
      vertex 23.6094 30.2004 1.2
      vertex 20.6473 30.1353 1.2
      vertex 23.586 29.6352 1.2
    endloop
  endfacet
  facet normal 0 0 1
    outer loop
      vertex 20.7294 31.1912 1.2
      vertex 23.5158 31.2108 1.2
      vertex 23.3988 31.5991 1.2
    endloop
  endfacet
  facet normal 0 -0 1
    outer loop
      vertex 20.6677 29.5633 1.2
      vertex 23.586 29.6352 1.2
      vertex 20.6473 30.1353 1.2
    endloop
  endfacet
  facet normal 0 0 1
    outer loop
      vertex 22.4234 32.4179 1.2
      vertex 23.3988 31.5991 1.2
      vertex 23.2351 31.9093 1.2
    endloop
  endfacet
  facet normal 0 0 1
    outer loop
      vertex 23.586 29.6352 1.2
      vertex 20.6677 29.5633 1.2
      vertex 23.5158 29.1494 1.2
    endloop
  endfacet
  facet normal 0 0 1
    outer loop
      vertex 22.7495 32.3162 1.2
      vertex 23.2351 31.9093 1.2
      vertex 23.0201 32.1467 1.2
    endloop
  endfacet
  facet normal 0 -0 1
    outer loop
      vertex 20.7287 29.0788 1.2
      vertex 23.5158 29.1494 1.2
      vertex 20.6677 29.5633 1.2
    endloop
  endfacet
  facet normal 0 0 1
    outer loop
      vertex 23.2351 31.9093 1.2
      vertex 22.7495 32.3162 1.2
      vertex 22.4234 32.4179 1.2
    endloop
  endfacet
  facet normal 0 0 1
    outer loop
      vertex 23.5158 29.1494 1.2
      vertex 20.7287 29.0788 1.2
      vertex 23.3988 28.7428 1.2
    endloop
  endfacet
  facet normal 0 0 1
    outer loop
      vertex 23.3988 31.5991 1.2
      vertex 22.4234 32.4179 1.2
      vertex 20.7294 31.1912 1.2
    endloop
  endfacet
  facet normal 0 -0 1
    outer loop
      vertex 22.4173 27.8765 1.2
      vertex 23.3988 28.7428 1.2
      vertex 20.7287 29.0788 1.2
    endloop
  endfacet
  facet normal 0 0 1
    outer loop
      vertex 20.832 31.5914 1.2
      vertex 22.4234 32.4179 1.2
      vertex 22.0415 32.4518 1.2
    endloop
  endfacet
  facet normal 0 0 1
    outer loop
      vertex 23.3988 28.7428 1.2
      vertex 22.4173 27.8765 1.2
      vertex 23.2351 28.4156 1.2
    endloop
  endfacet
  facet normal 0 0 1
    outer loop
      vertex 20.832 31.5914 1.2
      vertex 22.0415 32.4518 1.2
      vertex 21.6983 32.4177 1.2
    endloop
  endfacet
  facet normal 0 -0 1
    outer loop
      vertex 22.7468 27.9844 1.2
      vertex 23.2351 28.4156 1.2
      vertex 22.4173 27.8765 1.2
    endloop
  endfacet
  facet normal 0 0 1
    outer loop
      vertex 20.9756 31.9066 1.2
      vertex 21.6983 32.4177 1.2
      vertex 21.4062 32.3155 1.2
    endloop
  endfacet
  facet normal 0 0 1
    outer loop
      vertex 23.2351 28.4156 1.2
      vertex 22.7468 27.9844 1.2
      vertex 23.0194 28.1641 1.2
    endloop
  endfacet
  facet normal 0 0 1
    outer loop
      vertex 20.9756 31.9066 1.2
      vertex 21.4062 32.3155 1.2
      vertex 21.1653 32.1451 1.2
    endloop
  endfacet
  facet normal 0 0 1
    outer loop
      vertex 22.4173 27.8765 1.2
      vertex 20.7287 29.0788 1.2
      vertex 22.0308 27.8406 1.2
    endloop
  endfacet
  facet normal 0 0 1
    outer loop
      vertex 21.6983 32.4177 1.2
      vertex 20.9756 31.9066 1.2
      vertex 20.832 31.5914 1.2
    endloop
  endfacet
  facet normal -0 -0 1
    outer loop
      vertex 20.8304 28.6818 1.2
      vertex 22.0308 27.8406 1.2
      vertex 20.7287 29.0788 1.2
    endloop
  endfacet
  facet normal 0 0 1
    outer loop
      vertex 22.4234 32.4179 1.2
      vertex 20.832 31.5914 1.2
      vertex 20.7294 31.1912 1.2
    endloop
  endfacet
  facet normal 0 0 1
    outer loop
      vertex 22.0308 27.8406 1.2
      vertex 20.8304 28.6818 1.2
      vertex 21.69 27.8738 1.2
    endloop
  endfacet
  facet normal 0 0 1
    outer loop
      vertex 23.5158 31.2108 1.2
      vertex 20.7294 31.1912 1.2
      vertex 20.6678 30.7058 1.2
    endloop
  endfacet
  facet normal -0 -0 1
    outer loop
      vertex 20.9728 28.3722 1.2
      vertex 21.69 27.8738 1.2
      vertex 20.8304 28.6818 1.2
    endloop
  endfacet
  facet normal 0 0 1
    outer loop
      vertex 23.6094 30.2004 1.2
      vertex 20.6678 30.7058 1.2
      vertex 20.6473 30.1353 1.2
    endloop
  endfacet
  facet normal 0 0 1
    outer loop
      vertex 21.69 27.8738 1.2
      vertex 20.9728 28.3722 1.2
      vertex 21.4001 27.9735 1.2
    endloop
  endfacet
  facet normal 0 0 1
    outer loop
      vertex 21.4001 27.9735 1.2
      vertex 20.9728 28.3722 1.2
      vertex 21.161 28.1396 1.2
    endloop
  endfacet
  facet normal -0 0 1
    outer loop
      vertex 26.7024 30.7058 1.2
      vertex 29.644 30.2004 1.2
      vertex 29.6206 30.7446 1.2
    endloop
  endfacet
  facet normal 0 0 1
    outer loop
      vertex 26.7024 30.7058 1.2
      vertex 29.6206 30.7446 1.2
      vertex 29.5504 31.2108 1.2
    endloop
  endfacet
  facet normal 0 0 1
    outer loop
      vertex 29.644 30.2004 1.2
      vertex 26.6819 30.1353 1.2
      vertex 29.6206 29.6352 1.2
    endloop
  endfacet
  facet normal 0 0 1
    outer loop
      vertex 26.764 31.1912 1.2
      vertex 29.5504 31.2108 1.2
      vertex 29.4335 31.5991 1.2
    endloop
  endfacet
  facet normal 0 -0 1
    outer loop
      vertex 26.7023 29.5633 1.2
      vertex 29.6206 29.6352 1.2
      vertex 26.6819 30.1353 1.2
    endloop
  endfacet
  facet normal 0 0 1
    outer loop
      vertex 28.458 32.4179 1.2
      vertex 29.4335 31.5991 1.2
      vertex 29.2697 31.9093 1.2
    endloop
  endfacet
  facet normal 0 0 1
    outer loop
      vertex 29.6206 29.6352 1.2
      vertex 26.7023 29.5633 1.2
      vertex 29.5504 29.1494 1.2
    endloop
  endfacet
  facet normal 0 0 1
    outer loop
      vertex 28.7841 32.3162 1.2
      vertex 29.2697 31.9093 1.2
      vertex 29.0547 32.1467 1.2
    endloop
  endfacet
  facet normal 0 -0 1
    outer loop
      vertex 26.7633 29.0788 1.2
      vertex 29.5504 29.1494 1.2
      vertex 26.7023 29.5633 1.2
    endloop
  endfacet
  facet normal 0 0 1
    outer loop
      vertex 29.2697 31.9093 1.2
      vertex 28.7841 32.3162 1.2
      vertex 28.458 32.4179 1.2
    endloop
  endfacet
  facet normal 0 0 1
    outer loop
      vertex 29.5504 29.1494 1.2
      vertex 26.7633 29.0788 1.2
      vertex 29.4335 28.7428 1.2
    endloop
  endfacet
  facet normal 0 0 1
    outer loop
      vertex 29.4335 31.5991 1.2
      vertex 28.458 32.4179 1.2
      vertex 26.764 31.1912 1.2
    endloop
  endfacet
  facet normal 0 -0 1
    outer loop
      vertex 28.4519 27.8765 1.2
      vertex 29.4335 28.7428 1.2
      vertex 26.7633 29.0788 1.2
    endloop
  endfacet
  facet normal 0 0 1
    outer loop
      vertex 26.8666 31.5914 1.2
      vertex 28.458 32.4179 1.2
      vertex 28.0762 32.4518 1.2
    endloop
  endfacet
  facet normal 0 0 1
    outer loop
      vertex 29.4335 28.7428 1.2
      vertex 28.4519 27.8765 1.2
      vertex 29.2697 28.4156 1.2
    endloop
  endfacet
  facet normal 0 0 1
    outer loop
      vertex 26.8666 31.5914 1.2
      vertex 28.0762 32.4518 1.2
      vertex 27.7329 32.4177 1.2
    endloop
  endfacet
  facet normal 0 -0 1
    outer loop
      vertex 28.7814 27.9844 1.2
      vertex 29.2697 28.4156 1.2
      vertex 28.4519 27.8765 1.2
    endloop
  endfacet
  facet normal 0 0 1
    outer loop
      vertex 27.0102 31.9066 1.2
      vertex 27.7329 32.4177 1.2
      vertex 27.4408 32.3155 1.2
    endloop
  endfacet
  facet normal 0 0 1
    outer loop
      vertex 29.2697 28.4156 1.2
      vertex 28.7814 27.9844 1.2
      vertex 29.054 28.1641 1.2
    endloop
  endfacet
  facet normal 0 0 1
    outer loop
      vertex 27.0102 31.9066 1.2
      vertex 27.4408 32.3155 1.2
      vertex 27.1999 32.1451 1.2
    endloop
  endfacet
  facet normal 0 0 1
    outer loop
      vertex 28.4519 27.8765 1.2
      vertex 26.7633 29.0788 1.2
      vertex 28.0654 27.8406 1.2
    endloop
  endfacet
  facet normal 0 0 1
    outer loop
      vertex 27.7329 32.4177 1.2
      vertex 27.0102 31.9066 1.2
      vertex 26.8666 31.5914 1.2
    endloop
  endfacet
  facet normal -0 -0 1
    outer loop
      vertex 26.865 28.6818 1.2
      vertex 28.0654 27.8406 1.2
      vertex 26.7633 29.0788 1.2
    endloop
  endfacet
  facet normal 0 0 1
    outer loop
      vertex 28.458 32.4179 1.2
      vertex 26.8666 31.5914 1.2
      vertex 26.764 31.1912 1.2
    endloop
  endfacet
  facet normal 0 0 1
    outer loop
      vertex 28.0654 27.8406 1.2
      vertex 26.865 28.6818 1.2
      vertex 27.7246 27.8738 1.2
    endloop
  endfacet
  facet normal 0 0 1
    outer loop
      vertex 29.5504 31.2108 1.2
      vertex 26.764 31.1912 1.2
      vertex 26.7024 30.7058 1.2
    endloop
  endfacet
  facet normal -0 -0 1
    outer loop
      vertex 27.0074 28.3722 1.2
      vertex 27.7246 27.8738 1.2
      vertex 26.865 28.6818 1.2
    endloop
  endfacet
  facet normal 0 0 1
    outer loop
      vertex 29.644 30.2004 1.2
      vertex 26.7024 30.7058 1.2
      vertex 26.6819 30.1353 1.2
    endloop
  endfacet
  facet normal 0 0 1
    outer loop
      vertex 27.7246 27.8738 1.2
      vertex 27.0074 28.3722 1.2
      vertex 27.4347 27.9735 1.2
    endloop
  endfacet
  facet normal 0 0 1
    outer loop
      vertex 27.4347 27.9735 1.2
      vertex 27.0074 28.3722 1.2
      vertex 27.1956 28.1396 1.2
    endloop
  endfacet
  facet normal -0 0 1
    outer loop
      vertex 32.861 31.4136 1.2
      vertex 35.841 31.1049 1.2
      vertex 35.7423 31.4747 1.2
    endloop
  endfacet
  facet normal 0 0 1
    outer loop
      vertex 34.6509 32.4252 1.2
      vertex 35.7423 31.4747 1.2
      vertex 35.605 31.7817 1.2
    endloop
  endfacet
  facet normal 0 0 1
    outer loop
      vertex 34.953 32.3453 1.2
      vertex 35.605 31.7817 1.2
      vertex 35.429 32.026 1.2
    endloop
  endfacet
  facet normal 0 0 1
    outer loop
      vertex 34.953 32.3453 1.2
      vertex 35.429 32.026 1.2
      vertex 35.2124 32.2122 1.2
    endloop
  endfacet
  facet normal 0 0 1
    outer loop
      vertex 35.605 31.7817 1.2
      vertex 34.953 32.3453 1.2
      vertex 34.6509 32.4252 1.2
    endloop
  endfacet
  facet normal 0 0 1
    outer loop
      vertex 35.7423 31.4747 1.2
      vertex 34.6509 32.4252 1.2
      vertex 34.3061 32.4518 1.2
    endloop
  endfacet
  facet normal 0 0 1
    outer loop
      vertex 35.7423 31.4747 1.2
      vertex 34.3061 32.4518 1.2
      vertex 32.861 31.4136 1.2
    endloop
  endfacet
  facet normal 0 0 1
    outer loop
      vertex 32.9968 31.7175 1.2
      vertex 34.3061 32.4518 1.2
      vertex 33.9693 32.4221 1.2
    endloop
  endfacet
  facet normal 0 0 1
    outer loop
      vertex 33.1804 31.9771 1.2
      vertex 33.9693 32.4221 1.2
      vertex 33.6693 32.3331 1.2
    endloop
  endfacet
  facet normal 0 0 1
    outer loop
      vertex 33.1804 31.9771 1.2
      vertex 33.6693 32.3331 1.2
      vertex 33.4064 32.1848 1.2
    endloop
  endfacet
  facet normal 0 0 1
    outer loop
      vertex 33.9693 32.4221 1.2
      vertex 33.1804 31.9771 1.2
      vertex 32.9968 31.7175 1.2
    endloop
  endfacet
  facet normal 0 0 1
    outer loop
      vertex 34.3061 32.4518 1.2
      vertex 32.9968 31.7175 1.2
      vertex 32.861 31.4136 1.2
    endloop
  endfacet
  facet normal 0 0 1
    outer loop
      vertex 35.841 31.1049 1.2
      vertex 32.861 31.4136 1.2
      vertex 32.773 31.0652 1.2
    endloop
  endfacet
  facet normal 0 0 1
    outer loop
      vertex 32.7328 30.6724 1.2
      vertex 35.841 31.1049 1.2
      vertex 32.773 31.0652 1.2
    endloop
  endfacet
  facet normal 0 0 1
    outer loop
      vertex 35.841 31.1049 1.2
      vertex 32.7328 30.6724 1.2
      vertex 35.901 30.6724 1.2
    endloop
  endfacet
  facet normal -0 0 1
    outer loop
      vertex 53.1743 31.4136 1.2
      vertex 56.1543 31.1049 1.2
      vertex 56.0556 31.4747 1.2
    endloop
  endfacet
  facet normal 0 0 1
    outer loop
      vertex 54.9642 32.4252 1.2
      vertex 56.0556 31.4747 1.2
      vertex 55.9183 31.7817 1.2
    endloop
  endfacet
  facet normal 0 0 1
    outer loop
      vertex 55.2663 32.3453 1.2
      vertex 55.9183 31.7817 1.2
      vertex 55.7423 32.026 1.2
    endloop
  endfacet
  facet normal 0 0 1
    outer loop
      vertex 55.2663 32.3453 1.2
      vertex 55.7423 32.026 1.2
      vertex 55.5256 32.2122 1.2
    endloop
  endfacet
  facet normal 0 0 1
    outer loop
      vertex 55.9183 31.7817 1.2
      vertex 55.2663 32.3453 1.2
      vertex 54.9642 32.4252 1.2
    endloop
  endfacet
  facet normal 0 0 1
    outer loop
      vertex 56.0556 31.4747 1.2
      vertex 54.9642 32.4252 1.2
      vertex 54.6194 32.4518 1.2
    endloop
  endfacet
  facet normal 0 0 1
    outer loop
      vertex 56.0556 31.4747 1.2
      vertex 54.6194 32.4518 1.2
      vertex 53.1743 31.4136 1.2
    endloop
  endfacet
  facet normal 0 0 1
    outer loop
      vertex 53.3101 31.7175 1.2
      vertex 54.6194 32.4518 1.2
      vertex 54.2825 32.4221 1.2
    endloop
  endfacet
  facet normal 0 0 1
    outer loop
      vertex 53.4936 31.9771 1.2
      vertex 54.2825 32.4221 1.2
      vertex 53.9826 32.3331 1.2
    endloop
  endfacet
  facet normal 0 0 1
    outer loop
      vertex 53.4936 31.9771 1.2
      vertex 53.9826 32.3331 1.2
      vertex 53.7196 32.1848 1.2
    endloop
  endfacet
  facet normal 0 0 1
    outer loop
      vertex 54.2825 32.4221 1.2
      vertex 53.4936 31.9771 1.2
      vertex 53.3101 31.7175 1.2
    endloop
  endfacet
  facet normal 0 0 1
    outer loop
      vertex 54.6194 32.4518 1.2
      vertex 53.3101 31.7175 1.2
      vertex 53.1743 31.4136 1.2
    endloop
  endfacet
  facet normal 0 0 1
    outer loop
      vertex 56.1543 31.1049 1.2
      vertex 53.1743 31.4136 1.2
      vertex 53.0863 31.0652 1.2
    endloop
  endfacet
  facet normal 0 0 1
    outer loop
      vertex 53.0461 30.6724 1.2
      vertex 56.1543 31.1049 1.2
      vertex 53.0863 31.0652 1.2
    endloop
  endfacet
  facet normal 0 0 1
    outer loop
      vertex 56.1543 31.1049 1.2
      vertex 53.0461 30.6724 1.2
      vertex 56.2143 30.6724 1.2
    endloop
  endfacet
  facet normal -0 0 1
    outer loop
      vertex 68.3471 30.4549 1.2
      vertex 71.2985 30.1353 1.2
      vertex 71.2778 30.7046 1.2
    endloop
  endfacet
  facet normal -0 0 1
    outer loop
      vertex 68.4326 31.1289 1.2
      vertex 71.2778 30.7046 1.2
      vertex 71.2158 31.1864 1.2
    endloop
  endfacet
  facet normal 0 0 1
    outer loop
      vertex 71.2985 30.1353 1.2
      vertex 68.3471 30.4549 1.2
      vertex 68.3364 30.0594 1.2
    endloop
  endfacet
  facet normal -0 0 1
    outer loop
      vertex 68.5073 31.4075 1.2
      vertex 71.2158 31.1864 1.2
      vertex 71.1124 31.5808 1.2
    endloop
  endfacet
  facet normal 0 0 1
    outer loop
      vertex 71.2985 30.1353 1.2
      vertex 68.3364 30.0594 1.2
      vertex 71.2777 29.5513 1.2
    endloop
  endfacet
  facet normal 0 0 1
    outer loop
      vertex 70.2515 32.381 1.2
      vertex 71.1124 31.5808 1.2
      vertex 70.9676 31.8876 1.2
    endloop
  endfacet
  facet normal 0 -0 1
    outer loop
      vertex 68.3595 29.5196 1.2
      vertex 71.2777 29.5513 1.2
      vertex 68.3364 30.0594 1.2
    endloop
  endfacet
  facet normal 0 0 1
    outer loop
      vertex 70.2515 32.381 1.2
      vertex 70.9676 31.8876 1.2
      vertex 70.7777 32.1179 1.2
    endloop
  endfacet
  facet normal 0 0 1
    outer loop
      vertex 71.2777 29.5513 1.2
      vertex 68.4287 29.0558 1.2
      vertex 71.2151 29.0578 1.2
    endloop
  endfacet
  facet normal 0 0 1
    outer loop
      vertex 70.2515 32.381 1.2
      vertex 70.7777 32.1179 1.2
      vertex 70.539 32.2823 1.2
    endloop
  endfacet
  facet normal 0 -0 1
    outer loop
      vertex 68.5439 28.6679 1.2
      vertex 71.2151 29.0578 1.2
      vertex 68.4287 29.0558 1.2
    endloop
  endfacet
  facet normal 0 0 1
    outer loop
      vertex 71.1124 31.5808 1.2
      vertex 70.2515 32.381 1.2
      vertex 69.9152 32.4139 1.2
    endloop
  endfacet
  facet normal 0 0 1
    outer loop
      vertex 71.2151 29.0578 1.2
      vertex 68.5439 28.6679 1.2
      vertex 71.1108 28.6548 1.2
    endloop
  endfacet
  facet normal -0 0 1
    outer loop
      vertex 69.6407 32.3986 1.2
      vertex 71.1124 31.5808 1.2
      vertex 69.9152 32.4139 1.2
    endloop
  endfacet
  facet normal 0 -0 1
    outer loop
      vertex 69.9043 27.808 1.2
      vertex 71.1108 28.6548 1.2
      vertex 68.5439 28.6679 1.2
    endloop
  endfacet
  facet normal 0 0 1
    outer loop
      vertex 71.1124 31.5808 1.2
      vertex 69.6407 32.3986 1.2
      vertex 68.5073 31.4075 1.2
    endloop
  endfacet
  facet normal 0 0 1
    outer loop
      vertex 71.1108 28.6548 1.2
      vertex 70.2432 27.8414 1.2
      vertex 70.9648 28.3424 1.2
    endloop
  endfacet
  facet normal 0 0 1
    outer loop
      vertex 68.6026 31.6494 1.2
      vertex 69.6407 32.3986 1.2
      vertex 69.3977 32.3528 1.2
    endloop
  endfacet
  facet normal 0 0 1
    outer loop
      vertex 70.9648 28.3424 1.2
      vertex 70.2432 27.8414 1.2
      vertex 70.7735 28.1086 1.2
    endloop
  endfacet
  facet normal 0 0 1
    outer loop
      vertex 68.7176 31.8571 1.2
      vertex 69.3977 32.3528 1.2
      vertex 69.1863 32.2765 1.2
    endloop
  endfacet
  facet normal 0 0 1
    outer loop
      vertex 68.8522 32.0305 1.2
      vertex 69.1863 32.2765 1.2
      vertex 69.0064 32.1697 1.2
    endloop
  endfacet
  facet normal 0 0 1
    outer loop
      vertex 70.7735 28.1086 1.2
      vertex 70.2432 27.8414 1.2
      vertex 70.5329 27.9416 1.2
    endloop
  endfacet
  facet normal 0 0 1
    outer loop
      vertex 69.1863 32.2765 1.2
      vertex 68.8522 32.0305 1.2
      vertex 68.7176 31.8571 1.2
    endloop
  endfacet
  facet normal 0 0 1
    outer loop
      vertex 69.3977 32.3528 1.2
      vertex 68.7176 31.8571 1.2
      vertex 68.6026 31.6494 1.2
    endloop
  endfacet
  facet normal 0 -0 1
    outer loop
      vertex 70.2432 27.8414 1.2
      vertex 71.1108 28.6548 1.2
      vertex 69.9043 27.808 1.2
    endloop
  endfacet
  facet normal 0 0 1
    outer loop
      vertex 69.6407 32.3986 1.2
      vertex 68.6026 31.6494 1.2
      vertex 68.5073 31.4075 1.2
    endloop
  endfacet
  facet normal 0 0 1
    outer loop
      vertex 69.9043 27.808 1.2
      vertex 68.5439 28.6679 1.2
      vertex 69.5181 27.8423 1.2
    endloop
  endfacet
  facet normal 0 0 1
    outer loop
      vertex 71.2158 31.1864 1.2
      vertex 68.5073 31.4075 1.2
      vertex 68.4326 31.1289 1.2
    endloop
  endfacet
  facet normal 0 0 1
    outer loop
      vertex 71.2778 30.7046 1.2
      vertex 68.4326 31.1289 1.2
      vertex 68.3792 30.8114 1.2
    endloop
  endfacet
  facet normal 0 -0 1
    outer loop
      vertex 68.4287 29.0558 1.2
      vertex 71.2777 29.5513 1.2
      vertex 68.3595 29.5196 1.2
    endloop
  endfacet
  facet normal 0 0 1
    outer loop
      vertex 71.2778 30.7046 1.2
      vertex 68.3792 30.8114 1.2
      vertex 68.3471 30.4549 1.2
    endloop
  endfacet
  facet normal -0 -0 1
    outer loop
      vertex 68.7053 28.356 1.2
      vertex 69.5181 27.8423 1.2
      vertex 68.5439 28.6679 1.2
    endloop
  endfacet
  facet normal 0 0 1
    outer loop
      vertex 69.5181 27.8423 1.2
      vertex 68.7053 28.356 1.2
      vertex 69.1895 27.945 1.2
    endloop
  endfacet
  facet normal 0 0 1
    outer loop
      vertex 69.1895 27.945 1.2
      vertex 68.7053 28.356 1.2
      vertex 68.9186 28.1163 1.2
    endloop
  endfacet
  facet normal -0 0 1
    outer loop
      vertex 76.6929 31.4136 1.2
      vertex 79.6729 31.1049 1.2
      vertex 79.5743 31.4747 1.2
    endloop
  endfacet
  facet normal 0 0 1
    outer loop
      vertex 78.4829 32.4252 1.2
      vertex 79.5743 31.4747 1.2
      vertex 79.4369 31.7817 1.2
    endloop
  endfacet
  facet normal 0 0 1
    outer loop
      vertex 78.785 32.3453 1.2
      vertex 79.4369 31.7817 1.2
      vertex 79.261 32.026 1.2
    endloop
  endfacet
  facet normal 0 0 1
    outer loop
      vertex 78.785 32.3453 1.2
      vertex 79.261 32.026 1.2
      vertex 79.0443 32.2122 1.2
    endloop
  endfacet
  facet normal 0 0 1
    outer loop
      vertex 79.4369 31.7817 1.2
      vertex 78.785 32.3453 1.2
      vertex 78.4829 32.4252 1.2
    endloop
  endfacet
  facet normal 0 0 1
    outer loop
      vertex 79.5743 31.4747 1.2
      vertex 78.4829 32.4252 1.2
      vertex 78.1381 32.4518 1.2
    endloop
  endfacet
  facet normal 0 0 1
    outer loop
      vertex 79.5743 31.4747 1.2
      vertex 78.1381 32.4518 1.2
      vertex 76.6929 31.4136 1.2
    endloop
  endfacet
  facet normal 0 0 1
    outer loop
      vertex 76.8287 31.7175 1.2
      vertex 78.1381 32.4518 1.2
      vertex 77.8012 32.4221 1.2
    endloop
  endfacet
  facet normal 0 0 1
    outer loop
      vertex 77.0123 31.9771 1.2
      vertex 77.8012 32.4221 1.2
      vertex 77.5013 32.3331 1.2
    endloop
  endfacet
  facet normal 0 0 1
    outer loop
      vertex 77.0123 31.9771 1.2
      vertex 77.5013 32.3331 1.2
      vertex 77.2383 32.1848 1.2
    endloop
  endfacet
  facet normal 0 0 1
    outer loop
      vertex 77.8012 32.4221 1.2
      vertex 77.0123 31.9771 1.2
      vertex 76.8287 31.7175 1.2
    endloop
  endfacet
  facet normal 0 0 1
    outer loop
      vertex 78.1381 32.4518 1.2
      vertex 76.8287 31.7175 1.2
      vertex 76.6929 31.4136 1.2
    endloop
  endfacet
  facet normal 0 0 1
    outer loop
      vertex 79.6729 31.1049 1.2
      vertex 76.6929 31.4136 1.2
      vertex 76.605 31.0652 1.2
    endloop
  endfacet
  facet normal 0 0 1
    outer loop
      vertex 76.5648 30.6724 1.2
      vertex 79.6729 31.1049 1.2
      vertex 76.605 31.0652 1.2
    endloop
  endfacet
  facet normal 0 0 1
    outer loop
      vertex 79.6729 31.1049 1.2
      vertex 76.5648 30.6724 1.2
      vertex 79.733 30.6724 1.2
    endloop
  endfacet
  facet normal -0 0 1
    outer loop
      vertex 17.488 35.2457 2.15
      vertex 18.4645 34.3126 2.15
      vertex 18.4645 35.2457 2.15
    endloop
  endfacet
  facet normal 0 0 1
    outer loop
      vertex 18.4645 34.3126 2.15
      vertex 17.488 35.2457 2.15
      vertex 17.488 34.3126 2.15
    endloop
  endfacet
  facet normal -0 0 1
    outer loop
      vertex 73.3946 35.2457 2.15
      vertex 74.371 27.195 2.15
      vertex 74.371 35.2457 2.15
    endloop
  endfacet
  facet normal 0 0 1
    outer loop
      vertex 74.371 27.195 2.15
      vertex 73.3946 35.2457 2.15
      vertex 73.3946 27.195 2.15
    endloop
  endfacet
  facet normal 0 0 1
    outer loop
      vertex 24.5859 28.4048 2.15
      vertex 23.586 30.7446 2.15
      vertex 23.6094 30.2004 2.15
    endloop
  endfacet
  facet normal 0 0 1
    outer loop
      vertex 23.6203 32.1535 2.15
      vertex 23.5158 31.2108 2.15
      vertex 23.586 30.7446 2.15
    endloop
  endfacet
  facet normal 0 0 1
    outer loop
      vertex 23.2351 31.9093 2.15
      vertex 23.6094 32.1535 2.15
      vertex 23.4629 32.4013 2.15
    endloop
  endfacet
  facet normal 0 0 1
    outer loop
      vertex 23.6203 32.1535 2.15
      vertex 23.3988 31.5991 2.15
      vertex 23.5158 31.2108 2.15
    endloop
  endfacet
  facet normal 0 0 1
    outer loop
      vertex 23.0201 32.1467 2.15
      vertex 23.4629 32.4013 2.15
      vertex 23.2947 32.6132 2.15
    endloop
  endfacet
  facet normal 0 0 1
    outer loop
      vertex 23.6094 32.1535 2.15
      vertex 23.2351 31.9093 2.15
      vertex 23.3988 31.5991 2.15
    endloop
  endfacet
  facet normal 0 0 1
    outer loop
      vertex 22.7495 32.3162 2.15
      vertex 23.2947 32.6132 2.15
      vertex 23.1048 32.7891 2.15
    endloop
  endfacet
  facet normal 0 0 1
    outer loop
      vertex 23.4629 32.4013 2.15
      vertex 23.0201 32.1467 2.15
      vertex 23.2351 31.9093 2.15
    endloop
  endfacet
  facet normal 0 0 1
    outer loop
      vertex 22.7495 32.3162 2.15
      vertex 23.1048 32.7891 2.15
      vertex 22.8932 32.9292 2.15
    endloop
  endfacet
  facet normal 0 0 1
    outer loop
      vertex 23.2947 32.6132 2.15
      vertex 22.7495 32.3162 2.15
      vertex 23.0201 32.1467 2.15
    endloop
  endfacet
  facet normal 0 0 1
    outer loop
      vertex 22.4234 32.4179 2.15
      vertex 22.8932 32.9292 2.15
      vertex 22.6569 33.036 2.15
    endloop
  endfacet
  facet normal 0 0 1
    outer loop
      vertex 22.8932 32.9292 2.15
      vertex 22.4234 32.4179 2.15
      vertex 22.7495 32.3162 2.15
    endloop
  endfacet
  facet normal 0 0 1
    outer loop
      vertex 22.3928 33.1123 2.15
      vertex 22.4234 32.4179 2.15
      vertex 22.6569 33.036 2.15
    endloop
  endfacet
  facet normal 0 0 1
    outer loop
      vertex 22.0415 32.4518 2.15
      vertex 22.3928 33.1123 2.15
      vertex 22.1009 33.1581 2.15
    endloop
  endfacet
  facet normal 0 0 1
    outer loop
      vertex 22.3928 33.1123 2.15
      vertex 22.0415 32.4518 2.15
      vertex 22.4234 32.4179 2.15
    endloop
  endfacet
  facet normal 0 0 1
    outer loop
      vertex 21.7812 33.1733 2.15
      vertex 22.0415 32.4518 2.15
      vertex 22.1009 33.1581 2.15
    endloop
  endfacet
  facet normal 0 0 1
    outer loop
      vertex 21.7812 33.1733 2.15
      vertex 21.6983 32.4177 2.15
      vertex 22.0415 32.4518 2.15
    endloop
  endfacet
  facet normal 0 0 1
    outer loop
      vertex 21.7812 33.1733 2.15
      vertex 21.4062 32.3155 2.15
      vertex 21.6983 32.4177 2.15
    endloop
  endfacet
  facet normal -0 0 1
    outer loop
      vertex 20.8365 32.9814 2.15
      vertex 21.4062 32.3155 2.15
      vertex 21.7812 33.1733 2.15
    endloop
  endfacet
  facet normal 0 0 1
    outer loop
      vertex 21.4062 32.3155 2.15
      vertex 20.8365 32.9814 2.15
      vertex 21.1653 32.1451 2.15
    endloop
  endfacet
  facet normal -0 0 1
    outer loop
      vertex 20.1618 32.4057 2.15
      vertex 21.1653 32.1451 2.15
      vertex 20.8365 32.9814 2.15
    endloop
  endfacet
  facet normal 0 0 1
    outer loop
      vertex 21.1653 32.1451 2.15
      vertex 20.1618 32.4057 2.15
      vertex 20.9756 31.9066 2.15
    endloop
  endfacet
  facet normal 0 0 1
    outer loop
      vertex 20.9756 31.9066 2.15
      vertex 20.1618 32.4057 2.15
      vertex 20.832 31.5914 2.15
    endloop
  endfacet
  facet normal 0 0 1
    outer loop
      vertex 19.757 31.4462 2.15
      vertex 20.832 31.5914 2.15
      vertex 20.1618 32.4057 2.15
    endloop
  endfacet
  facet normal 0 0 1
    outer loop
      vertex 19.622 30.1028 2.15
      vertex 20.6473 30.1353 2.15
      vertex 20.6678 30.7058 2.15
    endloop
  endfacet
  facet normal 0 0 1
    outer loop
      vertex 20.832 31.5914 2.15
      vertex 19.757 31.4462 2.15
      vertex 20.7294 31.1912 2.15
    endloop
  endfacet
  facet normal 0 0 1
    outer loop
      vertex 20.7294 31.1912 2.15
      vertex 19.757 31.4462 2.15
      vertex 20.6678 30.7058 2.15
    endloop
  endfacet
  facet normal 0 0 1
    outer loop
      vertex 20.6473 30.1353 2.15
      vertex 19.622 30.1028 2.15
      vertex 19.6548 29.3915 2.15
    endloop
  endfacet
  facet normal 0 0 1
    outer loop
      vertex 20.6473 30.1353 2.15
      vertex 19.6548 29.3915 2.15
      vertex 19.7529 28.7764 2.15
    endloop
  endfacet
  facet normal 0 0 1
    outer loop
      vertex 20.6678 30.7058 2.15
      vertex 19.757 31.4462 2.15
      vertex 19.622 30.1028 2.15
    endloop
  endfacet
  facet normal 0 0 1
    outer loop
      vertex 20.6473 30.1353 2.15
      vertex 19.7529 28.7764 2.15
      vertex 19.9165 28.2576 2.15
    endloop
  endfacet
  facet normal 0 -0 1
    outer loop
      vertex 20.1456 27.8352 2.15
      vertex 20.6473 30.1353 2.15
      vertex 19.9165 28.2576 2.15
    endloop
  endfacet
  facet normal 0 0 1
    outer loop
      vertex 20.6473 30.1353 2.15
      vertex 20.1456 27.8352 2.15
      vertex 20.4441 27.5076 2.15
    endloop
  endfacet
  facet normal -0 0 1
    outer loop
      vertex 23.6203 32.1535 2.15
      vertex 24.5859 28.4048 2.15
      vertex 24.5859 35.2457 2.15
    endloop
  endfacet
  facet normal 0 -0 1
    outer loop
      vertex 23.6323 28.0196 2.15
      vertex 24.5859 28.4048 2.15
      vertex 23.6311 28.1389 2.15
    endloop
  endfacet
  facet normal 0 -0 1
    outer loop
      vertex 23.6594 27.4534 2.15
      vertex 24.5859 28.4048 2.15
      vertex 23.65 27.5965 2.15
    endloop
  endfacet
  facet normal 0 -0 1
    outer loop
      vertex 23.677 27.2527 2.15
      vertex 24.5859 28.4048 2.15
      vertex 23.6684 27.3388 2.15
    endloop
  endfacet
  facet normal 0 0 1
    outer loop
      vertex 24.5859 28.4048 2.15
      vertex 23.677 27.2527 2.15
      vertex 23.6853 27.195 2.15
    endloop
  endfacet
  facet normal 0 -0 1
    outer loop
      vertex 23.6684 27.3388 2.15
      vertex 24.5859 28.4048 2.15
      vertex 23.6594 27.4534 2.15
    endloop
  endfacet
  facet normal 0 0 1
    outer loop
      vertex 24.5859 28.4048 2.15
      vertex 23.6417 27.7483 2.15
      vertex 23.65 27.5965 2.15
    endloop
  endfacet
  facet normal 0 0 1
    outer loop
      vertex 24.5859 28.4048 2.15
      vertex 23.6358 27.8894 2.15
      vertex 23.6417 27.7483 2.15
    endloop
  endfacet
  facet normal 0 0 1
    outer loop
      vertex 24.5859 28.4048 2.15
      vertex 23.6323 28.0196 2.15
      vertex 23.6358 27.8894 2.15
    endloop
  endfacet
  facet normal -0 0 1
    outer loop
      vertex 23.586 30.7446 2.15
      vertex 24.5859 28.4048 2.15
      vertex 23.6203 32.1535 2.15
    endloop
  endfacet
  facet normal 0 0 1
    outer loop
      vertex 23.6094 32.8099 2.15
      vertex 24.5859 35.2457 2.15
      vertex 23.6094 35.2457 2.15
    endloop
  endfacet
  facet normal 0 0 1
    outer loop
      vertex 24.5859 35.2457 2.15
      vertex 23.6094 32.8099 2.15
      vertex 23.6203 32.1535 2.15
    endloop
  endfacet
  facet normal 0 0 1
    outer loop
      vertex 24.6042 27.3805 2.15
      vertex 23.6853 27.195 2.15
      vertex 24.6184 27.195 2.15
    endloop
  endfacet
  facet normal 0 0 1
    outer loop
      vertex 24.594 27.6439 2.15
      vertex 23.6853 27.195 2.15
      vertex 24.6042 27.3805 2.15
    endloop
  endfacet
  facet normal 0 0 1
    outer loop
      vertex 24.5879 27.9854 2.15
      vertex 23.6853 27.195 2.15
      vertex 24.594 27.6439 2.15
    endloop
  endfacet
  facet normal 0 0 1
    outer loop
      vertex 23.6853 27.195 2.15
      vertex 24.5879 27.9854 2.15
      vertex 24.5859 28.4048 2.15
    endloop
  endfacet
  facet normal 0 0 1
    outer loop
      vertex 23.3988 31.5991 2.15
      vertex 23.6203 32.1535 2.15
      vertex 23.6094 32.1535 2.15
    endloop
  endfacet
  facet normal -0 0 1
    outer loop
      vertex 23.586 29.6352 2.15
      vertex 24.5859 28.4048 2.15
      vertex 23.6094 30.2004 2.15
    endloop
  endfacet
  facet normal -0 0 1
    outer loop
      vertex 23.5158 29.1494 2.15
      vertex 24.5859 28.4048 2.15
      vertex 23.586 29.6352 2.15
    endloop
  endfacet
  facet normal -0 0 1
    outer loop
      vertex 23.3988 28.7428 2.15
      vertex 24.5859 28.4048 2.15
      vertex 23.5158 29.1494 2.15
    endloop
  endfacet
  facet normal 0 0 1
    outer loop
      vertex 24.5859 28.4048 2.15
      vertex 23.3988 28.7428 2.15
      vertex 23.6311 28.1389 2.15
    endloop
  endfacet
  facet normal 0 0 1
    outer loop
      vertex 23.6311 28.1389 2.15
      vertex 23.3988 28.7428 2.15
      vertex 23.6094 28.1389 2.15
    endloop
  endfacet
  facet normal -0 0 1
    outer loop
      vertex 23.2351 28.4156 2.15
      vertex 23.6094 28.1389 2.15
      vertex 23.3988 28.7428 2.15
    endloop
  endfacet
  facet normal 0 0 1
    outer loop
      vertex 23.6094 28.1389 2.15
      vertex 23.2351 28.4156 2.15
      vertex 23.4627 27.8768 2.15
    endloop
  endfacet
  facet normal -0 0 1
    outer loop
      vertex 23.0194 28.1641 2.15
      vertex 23.4627 27.8768 2.15
      vertex 23.2351 28.4156 2.15
    endloop
  endfacet
  facet normal 0 0 1
    outer loop
      vertex 23.4627 27.8768 2.15
      vertex 23.0194 28.1641 2.15
      vertex 23.294 27.6548 2.15
    endloop
  endfacet
  facet normal -0 0 1
    outer loop
      vertex 22.7468 27.9844 2.15
      vertex 23.294 27.6548 2.15
      vertex 23.0194 28.1641 2.15
    endloop
  endfacet
  facet normal 0 0 1
    outer loop
      vertex 23.294 27.6548 2.15
      vertex 22.7468 27.9844 2.15
      vertex 23.1033 27.4727 2.15
    endloop
  endfacet
  facet normal 0 0 1
    outer loop
      vertex 23.1033 27.4727 2.15
      vertex 22.7468 27.9844 2.15
      vertex 22.8905 27.3306 2.15
    endloop
  endfacet
  facet normal -0 0 1
    outer loop
      vertex 22.4173 27.8765 2.15
      vertex 22.8905 27.3306 2.15
      vertex 22.7468 27.9844 2.15
    endloop
  endfacet
  facet normal 0 0 1
    outer loop
      vertex 22.8905 27.3306 2.15
      vertex 22.4173 27.8765 2.15
      vertex 22.6534 27.2238 2.15
    endloop
  endfacet
  facet normal 0 0 1
    outer loop
      vertex 22.4173 27.8765 2.15
      vertex 22.3894 27.1476 2.15
      vertex 22.6534 27.2238 2.15
    endloop
  endfacet
  facet normal -0 0 1
    outer loop
      vertex 22.0308 27.8406 2.15
      vertex 22.3894 27.1476 2.15
      vertex 22.4173 27.8765 2.15
    endloop
  endfacet
  facet normal 0 0 1
    outer loop
      vertex 22.3894 27.1476 2.15
      vertex 22.0308 27.8406 2.15
      vertex 22.0987 27.1018 2.15
    endloop
  endfacet
  facet normal 0 0 1
    outer loop
      vertex 22.0308 27.8406 2.15
      vertex 21.7812 27.0865 2.15
      vertex 22.0987 27.1018 2.15
    endloop
  endfacet
  facet normal 0 0 1
    outer loop
      vertex 21.69 27.8738 2.15
      vertex 21.7812 27.0865 2.15
      vertex 22.0308 27.8406 2.15
    endloop
  endfacet
  facet normal 0 0 1
    outer loop
      vertex 21.2619 27.1333 2.15
      vertex 21.69 27.8738 2.15
      vertex 21.4001 27.9735 2.15
    endloop
  endfacet
  facet normal 0 0 1
    outer loop
      vertex 21.69 27.8738 2.15
      vertex 21.2619 27.1333 2.15
      vertex 21.7812 27.0865 2.15
    endloop
  endfacet
  facet normal 0 0 1
    outer loop
      vertex 20.8162 27.2737 2.15
      vertex 21.4001 27.9735 2.15
      vertex 21.161 28.1396 2.15
    endloop
  endfacet
  facet normal 0 0 1
    outer loop
      vertex 20.4441 27.5076 2.15
      vertex 21.161 28.1396 2.15
      vertex 20.9728 28.3722 2.15
    endloop
  endfacet
  facet normal 0 0 1
    outer loop
      vertex 20.4441 27.5076 2.15
      vertex 20.9728 28.3722 2.15
      vertex 20.8304 28.6818 2.15
    endloop
  endfacet
  facet normal 0 0 1
    outer loop
      vertex 21.4001 27.9735 2.15
      vertex 20.8162 27.2737 2.15
      vertex 21.2619 27.1333 2.15
    endloop
  endfacet
  facet normal 0 0 1
    outer loop
      vertex 20.4441 27.5076 2.15
      vertex 20.8304 28.6818 2.15
      vertex 20.7287 29.0788 2.15
    endloop
  endfacet
  facet normal 0 0 1
    outer loop
      vertex 20.4441 27.5076 2.15
      vertex 20.7287 29.0788 2.15
      vertex 20.6677 29.5633 2.15
    endloop
  endfacet
  facet normal 0 0 1
    outer loop
      vertex 21.161 28.1396 2.15
      vertex 20.4441 27.5076 2.15
      vertex 20.8162 27.2737 2.15
    endloop
  endfacet
  facet normal 0 0 1
    outer loop
      vertex 20.4441 27.5076 2.15
      vertex 20.6677 29.5633 2.15
      vertex 20.6473 30.1353 2.15
    endloop
  endfacet
  facet normal 0 0 1
    outer loop
      vertex 52.6443 34.8388 2.15
      vertex 50.0186 33.9925 2.15
      vertex 52.6443 33.9925 2.15
    endloop
  endfacet
  facet normal 0 0 1
    outer loop
      vertex 50.0186 33.9925 2.15
      vertex 48.9879 33.9925 2.15
      vertex 50.0186 27.195 2.15
    endloop
  endfacet
  facet normal 0 0 1
    outer loop
      vertex 52.6443 34.8388 2.15
      vertex 48.9879 33.9925 2.15
      vertex 50.0186 33.9925 2.15
    endloop
  endfacet
  facet normal -0 0 1
    outer loop
      vertex 46.3621 34.8388 2.15
      vertex 48.9879 33.9925 2.15
      vertex 52.6443 34.8388 2.15
    endloop
  endfacet
  facet normal 0 0 1
    outer loop
      vertex 48.9879 33.9925 2.15
      vertex 46.3621 34.8388 2.15
      vertex 46.3621 33.9925 2.15
    endloop
  endfacet
  facet normal 0 0 1
    outer loop
      vertex 50.0186 27.195 2.15
      vertex 48.9879 33.9925 2.15
      vertex 48.9879 27.195 2.15
    endloop
  endfacet
  facet normal 0 0 1
    outer loop
      vertex 30.6205 28.4048 2.15
      vertex 29.6206 30.7446 2.15
      vertex 29.644 30.2004 2.15
    endloop
  endfacet
  facet normal 0 0 1
    outer loop
      vertex 29.6549 32.1535 2.15
      vertex 29.5504 31.2108 2.15
      vertex 29.6206 30.7446 2.15
    endloop
  endfacet
  facet normal 0 0 1
    outer loop
      vertex 29.2697 31.9093 2.15
      vertex 29.644 32.1535 2.15
      vertex 29.4975 32.4013 2.15
    endloop
  endfacet
  facet normal 0 0 1
    outer loop
      vertex 29.6549 32.1535 2.15
      vertex 29.4335 31.5991 2.15
      vertex 29.5504 31.2108 2.15
    endloop
  endfacet
  facet normal 0 0 1
    outer loop
      vertex 29.0547 32.1467 2.15
      vertex 29.4975 32.4013 2.15
      vertex 29.3293 32.6132 2.15
    endloop
  endfacet
  facet normal 0 0 1
    outer loop
      vertex 29.644 32.1535 2.15
      vertex 29.2697 31.9093 2.15
      vertex 29.4335 31.5991 2.15
    endloop
  endfacet
  facet normal 0 0 1
    outer loop
      vertex 28.7841 32.3162 2.15
      vertex 29.3293 32.6132 2.15
      vertex 29.1394 32.7891 2.15
    endloop
  endfacet
  facet normal 0 0 1
    outer loop
      vertex 29.4975 32.4013 2.15
      vertex 29.0547 32.1467 2.15
      vertex 29.2697 31.9093 2.15
    endloop
  endfacet
  facet normal 0 0 1
    outer loop
      vertex 28.7841 32.3162 2.15
      vertex 29.1394 32.7891 2.15
      vertex 28.9278 32.9292 2.15
    endloop
  endfacet
  facet normal 0 0 1
    outer loop
      vertex 29.3293 32.6132 2.15
      vertex 28.7841 32.3162 2.15
      vertex 29.0547 32.1467 2.15
    endloop
  endfacet
  facet normal 0 0 1
    outer loop
      vertex 28.458 32.4179 2.15
      vertex 28.9278 32.9292 2.15
      vertex 28.6915 33.036 2.15
    endloop
  endfacet
  facet normal 0 0 1
    outer loop
      vertex 28.9278 32.9292 2.15
      vertex 28.458 32.4179 2.15
      vertex 28.7841 32.3162 2.15
    endloop
  endfacet
  facet normal 0 0 1
    outer loop
      vertex 28.4274 33.1123 2.15
      vertex 28.458 32.4179 2.15
      vertex 28.6915 33.036 2.15
    endloop
  endfacet
  facet normal 0 0 1
    outer loop
      vertex 28.0762 32.4518 2.15
      vertex 28.4274 33.1123 2.15
      vertex 28.1355 33.1581 2.15
    endloop
  endfacet
  facet normal 0 0 1
    outer loop
      vertex 28.4274 33.1123 2.15
      vertex 28.0762 32.4518 2.15
      vertex 28.458 32.4179 2.15
    endloop
  endfacet
  facet normal 0 0 1
    outer loop
      vertex 27.8158 33.1733 2.15
      vertex 28.0762 32.4518 2.15
      vertex 28.1355 33.1581 2.15
    endloop
  endfacet
  facet normal 0 0 1
    outer loop
      vertex 27.8158 33.1733 2.15
      vertex 27.7329 32.4177 2.15
      vertex 28.0762 32.4518 2.15
    endloop
  endfacet
  facet normal 0 0 1
    outer loop
      vertex 27.8158 33.1733 2.15
      vertex 27.4408 32.3155 2.15
      vertex 27.7329 32.4177 2.15
    endloop
  endfacet
  facet normal -0 0 1
    outer loop
      vertex 26.8712 32.9814 2.15
      vertex 27.4408 32.3155 2.15
      vertex 27.8158 33.1733 2.15
    endloop
  endfacet
  facet normal 0 0 1
    outer loop
      vertex 27.4408 32.3155 2.15
      vertex 26.8712 32.9814 2.15
      vertex 27.1999 32.1451 2.15
    endloop
  endfacet
  facet normal -0 0 1
    outer loop
      vertex 26.1964 32.4057 2.15
      vertex 27.1999 32.1451 2.15
      vertex 26.8712 32.9814 2.15
    endloop
  endfacet
  facet normal 0 0 1
    outer loop
      vertex 27.1999 32.1451 2.15
      vertex 26.1964 32.4057 2.15
      vertex 27.0102 31.9066 2.15
    endloop
  endfacet
  facet normal 0 0 1
    outer loop
      vertex 27.0102 31.9066 2.15
      vertex 26.1964 32.4057 2.15
      vertex 26.8666 31.5914 2.15
    endloop
  endfacet
  facet normal 0 0 1
    outer loop
      vertex 25.7916 31.4462 2.15
      vertex 26.8666 31.5914 2.15
      vertex 26.1964 32.4057 2.15
    endloop
  endfacet
  facet normal 0 0 1
    outer loop
      vertex 25.6566 30.1028 2.15
      vertex 26.6819 30.1353 2.15
      vertex 26.7024 30.7058 2.15
    endloop
  endfacet
  facet normal 0 0 1
    outer loop
      vertex 26.8666 31.5914 2.15
      vertex 25.7916 31.4462 2.15
      vertex 26.764 31.1912 2.15
    endloop
  endfacet
  facet normal 0 0 1
    outer loop
      vertex 26.764 31.1912 2.15
      vertex 25.7916 31.4462 2.15
      vertex 26.7024 30.7058 2.15
    endloop
  endfacet
  facet normal 0 0 1
    outer loop
      vertex 26.6819 30.1353 2.15
      vertex 25.6566 30.1028 2.15
      vertex 25.6894 29.3915 2.15
    endloop
  endfacet
  facet normal 0 0 1
    outer loop
      vertex 26.6819 30.1353 2.15
      vertex 25.6894 29.3915 2.15
      vertex 25.7875 28.7764 2.15
    endloop
  endfacet
  facet normal 0 0 1
    outer loop
      vertex 26.7024 30.7058 2.15
      vertex 25.7916 31.4462 2.15
      vertex 25.6566 30.1028 2.15
    endloop
  endfacet
  facet normal 0 0 1
    outer loop
      vertex 26.6819 30.1353 2.15
      vertex 25.7875 28.7764 2.15
      vertex 25.9511 28.2576 2.15
    endloop
  endfacet
  facet normal 0 -0 1
    outer loop
      vertex 26.1802 27.8352 2.15
      vertex 26.6819 30.1353 2.15
      vertex 25.9511 28.2576 2.15
    endloop
  endfacet
  facet normal 0 0 1
    outer loop
      vertex 26.6819 30.1353 2.15
      vertex 26.1802 27.8352 2.15
      vertex 26.4787 27.5076 2.15
    endloop
  endfacet
  facet normal -0 0 1
    outer loop
      vertex 29.6549 32.1535 2.15
      vertex 30.6205 28.4048 2.15
      vertex 30.6205 35.2457 2.15
    endloop
  endfacet
  facet normal 0 -0 1
    outer loop
      vertex 29.6669 28.0196 2.15
      vertex 30.6205 28.4048 2.15
      vertex 29.6657 28.1389 2.15
    endloop
  endfacet
  facet normal 0 -0 1
    outer loop
      vertex 29.694 27.4534 2.15
      vertex 30.6205 28.4048 2.15
      vertex 29.6846 27.5965 2.15
    endloop
  endfacet
  facet normal 0 -0 1
    outer loop
      vertex 29.7116 27.2527 2.15
      vertex 30.6205 28.4048 2.15
      vertex 29.703 27.3388 2.15
    endloop
  endfacet
  facet normal 0 0 1
    outer loop
      vertex 30.6205 28.4048 2.15
      vertex 29.7116 27.2527 2.15
      vertex 29.7199 27.195 2.15
    endloop
  endfacet
  facet normal 0 -0 1
    outer loop
      vertex 29.703 27.3388 2.15
      vertex 30.6205 28.4048 2.15
      vertex 29.694 27.4534 2.15
    endloop
  endfacet
  facet normal 0 0 1
    outer loop
      vertex 30.6205 28.4048 2.15
      vertex 29.6763 27.7483 2.15
      vertex 29.6846 27.5965 2.15
    endloop
  endfacet
  facet normal 0 0 1
    outer loop
      vertex 30.6205 28.4048 2.15
      vertex 29.6704 27.8894 2.15
      vertex 29.6763 27.7483 2.15
    endloop
  endfacet
  facet normal 0 0 1
    outer loop
      vertex 30.6205 28.4048 2.15
      vertex 29.6669 28.0196 2.15
      vertex 29.6704 27.8894 2.15
    endloop
  endfacet
  facet normal -0 0 1
    outer loop
      vertex 29.6206 30.7446 2.15
      vertex 30.6205 28.4048 2.15
      vertex 29.6549 32.1535 2.15
    endloop
  endfacet
  facet normal 0 0 1
    outer loop
      vertex 29.644 32.8099 2.15
      vertex 30.6205 35.2457 2.15
      vertex 29.644 35.2457 2.15
    endloop
  endfacet
  facet normal 0 0 1
    outer loop
      vertex 30.6205 35.2457 2.15
      vertex 29.644 32.8099 2.15
      vertex 29.6549 32.1535 2.15
    endloop
  endfacet
  facet normal 0 0 1
    outer loop
      vertex 30.6388 27.3805 2.15
      vertex 29.7199 27.195 2.15
      vertex 30.653 27.195 2.15
    endloop
  endfacet
  facet normal 0 0 1
    outer loop
      vertex 30.6286 27.6439 2.15
      vertex 29.7199 27.195 2.15
      vertex 30.6388 27.3805 2.15
    endloop
  endfacet
  facet normal 0 0 1
    outer loop
      vertex 30.6225 27.9854 2.15
      vertex 29.7199 27.195 2.15
      vertex 30.6286 27.6439 2.15
    endloop
  endfacet
  facet normal 0 0 1
    outer loop
      vertex 29.7199 27.195 2.15
      vertex 30.6225 27.9854 2.15
      vertex 30.6205 28.4048 2.15
    endloop
  endfacet
  facet normal 0 0 1
    outer loop
      vertex 29.4335 31.5991 2.15
      vertex 29.6549 32.1535 2.15
      vertex 29.644 32.1535 2.15
    endloop
  endfacet
  facet normal -0 0 1
    outer loop
      vertex 29.6206 29.6352 2.15
      vertex 30.6205 28.4048 2.15
      vertex 29.644 30.2004 2.15
    endloop
  endfacet
  facet normal -0 0 1
    outer loop
      vertex 29.5504 29.1494 2.15
      vertex 30.6205 28.4048 2.15
      vertex 29.6206 29.6352 2.15
    endloop
  endfacet
  facet normal -0 0 1
    outer loop
      vertex 29.4335 28.7428 2.15
      vertex 30.6205 28.4048 2.15
      vertex 29.5504 29.1494 2.15
    endloop
  endfacet
  facet normal 0 0 1
    outer loop
      vertex 30.6205 28.4048 2.15
      vertex 29.4335 28.7428 2.15
      vertex 29.6657 28.1389 2.15
    endloop
  endfacet
  facet normal 0 0 1
    outer loop
      vertex 29.6657 28.1389 2.15
      vertex 29.4335 28.7428 2.15
      vertex 29.644 28.1389 2.15
    endloop
  endfacet
  facet normal -0 0 1
    outer loop
      vertex 29.2697 28.4156 2.15
      vertex 29.644 28.1389 2.15
      vertex 29.4335 28.7428 2.15
    endloop
  endfacet
  facet normal 0 0 1
    outer loop
      vertex 29.644 28.1389 2.15
      vertex 29.2697 28.4156 2.15
      vertex 29.4973 27.8768 2.15
    endloop
  endfacet
  facet normal -0 0 1
    outer loop
      vertex 29.054 28.1641 2.15
      vertex 29.4973 27.8768 2.15
      vertex 29.2697 28.4156 2.15
    endloop
  endfacet
  facet normal 0 0 1
    outer loop
      vertex 29.4973 27.8768 2.15
      vertex 29.054 28.1641 2.15
      vertex 29.3286 27.6548 2.15
    endloop
  endfacet
  facet normal -0 0 1
    outer loop
      vertex 28.7814 27.9844 2.15
      vertex 29.3286 27.6548 2.15
      vertex 29.054 28.1641 2.15
    endloop
  endfacet
  facet normal 0 0 1
    outer loop
      vertex 29.3286 27.6548 2.15
      vertex 28.7814 27.9844 2.15
      vertex 29.1379 27.4727 2.15
    endloop
  endfacet
  facet normal 0 0 1
    outer loop
      vertex 29.1379 27.4727 2.15
      vertex 28.7814 27.9844 2.15
      vertex 28.9251 27.3306 2.15
    endloop
  endfacet
  facet normal -0 0 1
    outer loop
      vertex 28.4519 27.8765 2.15
      vertex 28.9251 27.3306 2.15
      vertex 28.7814 27.9844 2.15
    endloop
  endfacet
  facet normal 0 0 1
    outer loop
      vertex 28.9251 27.3306 2.15
      vertex 28.4519 27.8765 2.15
      vertex 28.688 27.2238 2.15
    endloop
  endfacet
  facet normal 0 0 1
    outer loop
      vertex 28.4519 27.8765 2.15
      vertex 28.424 27.1476 2.15
      vertex 28.688 27.2238 2.15
    endloop
  endfacet
  facet normal -0 0 1
    outer loop
      vertex 28.0654 27.8406 2.15
      vertex 28.424 27.1476 2.15
      vertex 28.4519 27.8765 2.15
    endloop
  endfacet
  facet normal 0 0 1
    outer loop
      vertex 28.424 27.1476 2.15
      vertex 28.0654 27.8406 2.15
      vertex 28.1333 27.1018 2.15
    endloop
  endfacet
  facet normal 0 0 1
    outer loop
      vertex 28.0654 27.8406 2.15
      vertex 27.8158 27.0865 2.15
      vertex 28.1333 27.1018 2.15
    endloop
  endfacet
  facet normal 0 0 1
    outer loop
      vertex 27.7246 27.8738 2.15
      vertex 27.8158 27.0865 2.15
      vertex 28.0654 27.8406 2.15
    endloop
  endfacet
  facet normal 0 0 1
    outer loop
      vertex 27.2965 27.1333 2.15
      vertex 27.7246 27.8738 2.15
      vertex 27.4347 27.9735 2.15
    endloop
  endfacet
  facet normal 0 0 1
    outer loop
      vertex 27.7246 27.8738 2.15
      vertex 27.2965 27.1333 2.15
      vertex 27.8158 27.0865 2.15
    endloop
  endfacet
  facet normal 0 0 1
    outer loop
      vertex 26.8508 27.2737 2.15
      vertex 27.4347 27.9735 2.15
      vertex 27.1956 28.1396 2.15
    endloop
  endfacet
  facet normal 0 0 1
    outer loop
      vertex 26.4787 27.5076 2.15
      vertex 27.1956 28.1396 2.15
      vertex 27.0074 28.3722 2.15
    endloop
  endfacet
  facet normal 0 0 1
    outer loop
      vertex 26.4787 27.5076 2.15
      vertex 27.0074 28.3722 2.15
      vertex 26.865 28.6818 2.15
    endloop
  endfacet
  facet normal 0 0 1
    outer loop
      vertex 27.4347 27.9735 2.15
      vertex 26.8508 27.2737 2.15
      vertex 27.2965 27.1333 2.15
    endloop
  endfacet
  facet normal 0 0 1
    outer loop
      vertex 26.4787 27.5076 2.15
      vertex 26.865 28.6818 2.15
      vertex 26.7633 29.0788 2.15
    endloop
  endfacet
  facet normal 0 0 1
    outer loop
      vertex 26.4787 27.5076 2.15
      vertex 26.7633 29.0788 2.15
      vertex 26.7023 29.5633 2.15
    endloop
  endfacet
  facet normal 0 0 1
    outer loop
      vertex 27.1956 28.1396 2.15
      vertex 26.4787 27.5076 2.15
      vertex 26.8508 27.2737 2.15
    endloop
  endfacet
  facet normal 0 0 1
    outer loop
      vertex 26.4787 27.5076 2.15
      vertex 26.7023 29.5633 2.15
      vertex 26.6819 30.1353 2.15
    endloop
  endfacet
  facet normal -0 0 1
    outer loop
      vertex 17.488 33.0648 2.15
      vertex 18.4645 27.195 2.15
      vertex 18.4645 33.0648 2.15
    endloop
  endfacet
  facet normal 0 0 1
    outer loop
      vertex 18.4645 27.195 2.15
      vertex 17.488 33.0648 2.15
      vertex 17.488 27.195 2.15
    endloop
  endfacet
  facet normal -0 0 1
    outer loop
      vertex 9.82019 34.8388 2.15
      vertex 10.8564 31.6055 2.15
      vertex 10.8564 34.8388 2.15
    endloop
  endfacet
  facet normal 0 0 1
    outer loop
      vertex 10.8564 31.6055 2.15
      vertex 9.82019 34.8388 2.15
      vertex 10.8564 30.7375 2.15
    endloop
  endfacet
  facet normal 0 0 1
    outer loop
      vertex 9.82019 27.195 2.15
      vertex 10.8564 30.7375 2.15
      vertex 9.82019 34.8388 2.15
    endloop
  endfacet
  facet normal 0 0 1
    outer loop
      vertex 10.8564 30.7375 2.15
      vertex 9.82019 27.195 2.15
      vertex 10.8564 27.195 2.15
    endloop
  endfacet
  facet normal -0 0 1
    outer loop
      vertex 10.8564 31.6055 2.15
      vertex 14.9902 30.7375 2.15
      vertex 14.9902 31.6055 2.15
    endloop
  endfacet
  facet normal 0 0 1
    outer loop
      vertex 14.9902 30.7375 2.15
      vertex 10.8564 31.6055 2.15
      vertex 10.8564 30.7375 2.15
    endloop
  endfacet
  facet normal 0 0 1
    outer loop
      vertex 14.9902 31.6055 2.15
      vertex 16.0264 34.8388 2.15
      vertex 14.9902 34.8388 2.15
    endloop
  endfacet
  facet normal 0 0 1
    outer loop
      vertex 14.9902 30.7375 2.15
      vertex 16.0264 34.8388 2.15
      vertex 14.9902 31.6055 2.15
    endloop
  endfacet
  facet normal 0 0 1
    outer loop
      vertex 16.0264 34.8388 2.15
      vertex 14.9902 30.7375 2.15
      vertex 16.0264 27.195 2.15
    endloop
  endfacet
  facet normal 0 0 1
    outer loop
      vertex 16.0264 27.195 2.15
      vertex 14.9902 30.7375 2.15
      vertex 14.9902 27.195 2.15
    endloop
  endfacet
  facet normal 0 0 1
    outer loop
      vertex 38.9627 32.0612 2.15
      vertex 38.0276 32.2745 2.15
      vertex 38.0296 31.8116 2.15
    endloop
  endfacet
  facet normal 0 0 1
    outer loop
      vertex 38.9248 33.0146 2.15
      vertex 38.0215 32.6376 2.15
      vertex 38.0276 32.2745 2.15
    endloop
  endfacet
  facet normal 0 0 1
    outer loop
      vertex 38.9248 33.0146 2.15
      vertex 38.0114 32.9011 2.15
      vertex 38.0215 32.6376 2.15
    endloop
  endfacet
  facet normal 0 -0 1
    outer loop
      vertex 38.0114 32.9011 2.15
      vertex 38.9194 33.0648 2.15
      vertex 37.9971 33.0648 2.15
    endloop
  endfacet
  facet normal 0 0 1
    outer loop
      vertex 42.7168 31.1064 2.15
      vertex 41.7278 31.1905 2.15
      vertex 41.7349 30.9165 2.15
    endloop
  endfacet
  facet normal 0 0 1
    outer loop
      vertex 42.2692 32.6932 2.15
      vertex 41.7064 31.4319 2.15
      vertex 41.7278 31.1905 2.15
    endloop
  endfacet
  facet normal 0 0 1
    outer loop
      vertex 41.3738 32.1965 2.15
      vertex 42.0131 32.9033 2.15
      vertex 41.6922 33.0533 2.15
    endloop
  endfacet
  facet normal 0 0 1
    outer loop
      vertex 42.2692 32.6932 2.15
      vertex 41.6708 31.6408 2.15
      vertex 41.7064 31.4319 2.15
    endloop
  endfacet
  facet normal 0 0 1
    outer loop
      vertex 42.2692 32.6932 2.15
      vertex 41.621 31.8171 2.15
      vertex 41.6708 31.6408 2.15
    endloop
  endfacet
  facet normal 0 0 1
    outer loop
      vertex 42.2692 32.6932 2.15
      vertex 41.5555 31.9659 2.15
      vertex 41.621 31.8171 2.15
    endloop
  endfacet
  facet normal 0 0 1
    outer loop
      vertex 42.2692 32.6932 2.15
      vertex 41.4731 32.0924 2.15
      vertex 41.5555 31.9659 2.15
    endloop
  endfacet
  facet normal 0 0 1
    outer loop
      vertex 42.0131 32.9033 2.15
      vertex 41.3738 32.1965 2.15
      vertex 41.4731 32.0924 2.15
    endloop
  endfacet
  facet normal 0 0 1
    outer loop
      vertex 41.2575 32.2782 2.15
      vertex 41.6922 33.0533 2.15
      vertex 41.3065 33.1433 2.15
    endloop
  endfacet
  facet normal 0 0 1
    outer loop
      vertex 41.6922 33.0533 2.15
      vertex 41.2575 32.2782 2.15
      vertex 41.3738 32.1965 2.15
    endloop
  endfacet
  facet normal 0 0 1
    outer loop
      vertex 41.3065 33.1433 2.15
      vertex 41.1181 32.3399 2.15
      vertex 41.2575 32.2782 2.15
    endloop
  endfacet
  facet normal 0 0 1
    outer loop
      vertex 41.3065 33.1433 2.15
      vertex 40.9496 32.384 2.15
      vertex 41.1181 32.3399 2.15
    endloop
  endfacet
  facet normal 0 0 1
    outer loop
      vertex 40.8561 33.1733 2.15
      vertex 40.9496 32.384 2.15
      vertex 41.3065 33.1433 2.15
    endloop
  endfacet
  facet normal 0 0 1
    outer loop
      vertex 40.8561 33.1733 2.15
      vertex 40.752 32.4104 2.15
      vertex 40.9496 32.384 2.15
    endloop
  endfacet
  facet normal -0 0 1
    outer loop
      vertex 40.5413 33.1575 2.15
      vertex 40.752 32.4104 2.15
      vertex 40.8561 33.1733 2.15
    endloop
  endfacet
  facet normal 0 0 1
    outer loop
      vertex 40.5413 33.1575 2.15
      vertex 40.5251 32.4192 2.15
      vertex 40.752 32.4104 2.15
    endloop
  endfacet
  facet normal -0 0 1
    outer loop
      vertex 40.2532 33.1102 2.15
      vertex 40.5251 32.4192 2.15
      vertex 40.5413 33.1575 2.15
    endloop
  endfacet
  facet normal 0 0 1
    outer loop
      vertex 40.2532 33.1102 2.15
      vertex 40.1912 32.3891 2.15
      vertex 40.5251 32.4192 2.15
    endloop
  endfacet
  facet normal -0 0 1
    outer loop
      vertex 39.9919 33.0314 2.15
      vertex 40.1912 32.3891 2.15
      vertex 40.2532 33.1102 2.15
    endloop
  endfacet
  facet normal -0 0 1
    outer loop
      vertex 39.7575 32.9211 2.15
      vertex 40.1912 32.3891 2.15
      vertex 39.9919 33.0314 2.15
    endloop
  endfacet
  facet normal 0 0 1
    outer loop
      vertex 40.1912 32.3891 2.15
      vertex 39.7575 32.9211 2.15
      vertex 39.8945 32.2985 2.15
    endloop
  endfacet
  facet normal -0 0 1
    outer loop
      vertex 39.543 32.7727 2.15
      vertex 39.8945 32.2985 2.15
      vertex 39.7575 32.9211 2.15
    endloop
  endfacet
  facet normal -0 0 1
    outer loop
      vertex 39.3418 32.58 2.15
      vertex 39.8945 32.2985 2.15
      vertex 39.543 32.7727 2.15
    endloop
  endfacet
  facet normal 0 0 1
    outer loop
      vertex 39.8945 32.2985 2.15
      vertex 39.3418 32.58 2.15
      vertex 39.6351 32.1477 2.15
    endloop
  endfacet
  facet normal -0 0 1
    outer loop
      vertex 39.1538 32.3428 2.15
      vertex 39.6351 32.1477 2.15
      vertex 39.3418 32.58 2.15
    endloop
  endfacet
  facet normal 0 0 1
    outer loop
      vertex 39.6351 32.1477 2.15
      vertex 39.1538 32.3428 2.15
      vertex 39.4131 31.9364 2.15
    endloop
  endfacet
  facet normal -0 0 1
    outer loop
      vertex 38.9791 32.0612 2.15
      vertex 39.4131 31.9364 2.15
      vertex 39.1538 32.3428 2.15
    endloop
  endfacet
  facet normal 0 0 1
    outer loop
      vertex 39.4131 31.9364 2.15
      vertex 38.9791 32.0612 2.15
      vertex 39.2351 31.6716 2.15
    endloop
  endfacet
  facet normal -0 0 1
    outer loop
      vertex 38.9627 32.0612 2.15
      vertex 39.2351 31.6716 2.15
      vertex 38.9791 32.0612 2.15
    endloop
  endfacet
  facet normal 0 0 1
    outer loop
      vertex 39.2351 31.6716 2.15
      vertex 38.9627 32.0612 2.15
      vertex 39.1079 31.36 2.15
    endloop
  endfacet
  facet normal -0 0 1
    outer loop
      vertex 38.0296 31.8116 2.15
      vertex 39.1079 31.36 2.15
      vertex 38.9627 32.0612 2.15
    endloop
  endfacet
  facet normal 0 0 1
    outer loop
      vertex 39.1079 31.36 2.15
      vertex 38.0296 31.8116 2.15
      vertex 39.0316 31.0016 2.15
    endloop
  endfacet
  facet normal 0 0 1
    outer loop
      vertex 39.0316 31.0016 2.15
      vertex 38.0296 31.8116 2.15
      vertex 39.0062 30.5964 2.15
    endloop
  endfacet
  facet normal 0 0 1
    outer loop
      vertex 38.0276 32.2745 2.15
      vertex 38.9627 32.0612 2.15
      vertex 38.9575 32.2584 2.15
    endloop
  endfacet
  facet normal -0 0 1
    outer loop
      vertex 38.0276 32.2745 2.15
      vertex 38.9575 32.2584 2.15
      vertex 38.9526 32.4213 2.15
    endloop
  endfacet
  facet normal 0 0 1
    outer loop
      vertex 38.0276 32.2745 2.15
      vertex 38.9526 32.4213 2.15
      vertex 38.948 32.5499 2.15
    endloop
  endfacet
  facet normal 0 0 1
    outer loop
      vertex 38.0276 32.2745 2.15
      vertex 38.948 32.5499 2.15
      vertex 38.9438 32.6443 2.15
    endloop
  endfacet
  facet normal 0 0 1
    outer loop
      vertex 38.0276 32.2745 2.15
      vertex 38.9438 32.6443 2.15
      vertex 38.9399 32.7195 2.15
    endloop
  endfacet
  facet normal 0 0 1
    outer loop
      vertex 38.0276 32.2745 2.15
      vertex 38.9399 32.7195 2.15
      vertex 38.9363 32.7902 2.15
    endloop
  endfacet
  facet normal 0 0 1
    outer loop
      vertex 38.0276 32.2745 2.15
      vertex 38.9363 32.7902 2.15
      vertex 38.9331 32.8565 2.15
    endloop
  endfacet
  facet normal 0 0 1
    outer loop
      vertex 38.0276 32.2745 2.15
      vertex 38.9331 32.8565 2.15
      vertex 38.9302 32.9184 2.15
    endloop
  endfacet
  facet normal 0 0 1
    outer loop
      vertex 38.0276 32.2745 2.15
      vertex 38.9302 32.9184 2.15
      vertex 38.9275 32.9723 2.15
    endloop
  endfacet
  facet normal 0 0 1
    outer loop
      vertex 38.0276 32.2745 2.15
      vertex 38.9275 32.9723 2.15
      vertex 38.9248 33.0146 2.15
    endloop
  endfacet
  facet normal 0 0 1
    outer loop
      vertex 38.9194 33.0648 2.15
      vertex 38.9248 33.0146 2.15
      vertex 38.9221 33.0455 2.15
    endloop
  endfacet
  facet normal 0 0 1
    outer loop
      vertex 38.0114 32.9011 2.15
      vertex 38.9248 33.0146 2.15
      vertex 38.9194 33.0648 2.15
    endloop
  endfacet
  facet normal 0 0 1
    outer loop
      vertex 38.0296 27.195 2.15
      vertex 39.0062 30.5964 2.15
      vertex 38.0296 31.8116 2.15
    endloop
  endfacet
  facet normal 0 0 1
    outer loop
      vertex 39.0062 30.5964 2.15
      vertex 38.0296 27.195 2.15
      vertex 39.0062 27.195 2.15
    endloop
  endfacet
  facet normal -0 0 1
    outer loop
      vertex 41.7278 31.1905 2.15
      vertex 42.7168 31.1064 2.15
      vertex 42.6888 31.6206 2.15
    endloop
  endfacet
  facet normal 0 0 1
    outer loop
      vertex 41.7278 31.1905 2.15
      vertex 42.6888 31.6206 2.15
      vertex 42.6049 32.0565 2.15
    endloop
  endfacet
  facet normal 0 0 1
    outer loop
      vertex 41.7278 31.1905 2.15
      vertex 42.6049 32.0565 2.15
      vertex 42.465 32.414 2.15
    endloop
  endfacet
  facet normal 0 0 1
    outer loop
      vertex 41.7278 31.1905 2.15
      vertex 42.465 32.414 2.15
      vertex 42.2692 32.6932 2.15
    endloop
  endfacet
  facet normal 0 0 1
    outer loop
      vertex 41.4731 32.0924 2.15
      vertex 42.2692 32.6932 2.15
      vertex 42.0131 32.9033 2.15
    endloop
  endfacet
  facet normal 0 0 1
    outer loop
      vertex 42.7168 31.1064 2.15
      vertex 41.7349 30.9165 2.15
      vertex 42.7168 27.195 2.15
    endloop
  endfacet
  facet normal 0 0 1
    outer loop
      vertex 42.7168 27.195 2.15
      vertex 41.7349 30.9165 2.15
      vertex 41.7349 27.195 2.15
    endloop
  endfacet
  facet normal 0 0 1
    outer loop
      vertex 80.5803 31.4187 2.15
      vertex 79.6729 31.1049 2.15
      vertex 79.733 30.6724 2.15
    endloop
  endfacet
  facet normal 0 0 1
    outer loop
      vertex 80.5803 31.4187 2.15
      vertex 79.5743 31.4747 2.15
      vertex 79.6729 31.1049 2.15
    endloop
  endfacet
  facet normal 0 0 1
    outer loop
      vertex 80.0951 32.3935 2.15
      vertex 79.4369 31.7817 2.15
      vertex 79.5743 31.4747 2.15
    endloop
  endfacet
  facet normal 0 0 1
    outer loop
      vertex 79.261 32.026 2.15
      vertex 80.0951 32.3935 2.15
      vertex 79.2865 32.9783 2.15
    endloop
  endfacet
  facet normal 0 0 1
    outer loop
      vertex 80.0951 32.3935 2.15
      vertex 79.261 32.026 2.15
      vertex 79.4369 31.7817 2.15
    endloop
  endfacet
  facet normal 0 0 1
    outer loop
      vertex 79.2865 32.9783 2.15
      vertex 79.0443 32.2122 2.15
      vertex 79.261 32.026 2.15
    endloop
  endfacet
  facet normal 0 0 1
    outer loop
      vertex 79.2865 32.9783 2.15
      vertex 78.785 32.3453 2.15
      vertex 79.0443 32.2122 2.15
    endloop
  endfacet
  facet normal 0 0 1
    outer loop
      vertex 79.2865 32.9783 2.15
      vertex 78.4829 32.4252 2.15
      vertex 78.785 32.3453 2.15
    endloop
  endfacet
  facet normal 0 0 1
    outer loop
      vertex 78.1543 33.1733 2.15
      vertex 78.4829 32.4252 2.15
      vertex 79.2865 32.9783 2.15
    endloop
  endfacet
  facet normal 0 0 1
    outer loop
      vertex 78.1543 33.1733 2.15
      vertex 78.1381 32.4518 2.15
      vertex 78.4829 32.4252 2.15
    endloop
  endfacet
  facet normal 0 0 1
    outer loop
      vertex 78.1543 33.1733 2.15
      vertex 77.8012 32.4221 2.15
      vertex 78.1381 32.4518 2.15
    endloop
  endfacet
  facet normal -0 0 1
    outer loop
      vertex 77.5588 33.1248 2.15
      vertex 77.8012 32.4221 2.15
      vertex 78.1543 33.1733 2.15
    endloop
  endfacet
  facet normal 0 0 1
    outer loop
      vertex 77.5588 33.1248 2.15
      vertex 77.5013 32.3331 2.15
      vertex 77.8012 32.4221 2.15
    endloop
  endfacet
  facet normal -0 0 1
    outer loop
      vertex 77.0361 32.9794 2.15
      vertex 77.5013 32.3331 2.15
      vertex 77.5588 33.1248 2.15
    endloop
  endfacet
  facet normal 0 0 1
    outer loop
      vertex 77.5013 32.3331 2.15
      vertex 77.0361 32.9794 2.15
      vertex 77.2383 32.1848 2.15
    endloop
  endfacet
  facet normal -0 0 1
    outer loop
      vertex 76.5863 32.737 2.15
      vertex 77.2383 32.1848 2.15
      vertex 77.0361 32.9794 2.15
    endloop
  endfacet
  facet normal 0 0 1
    outer loop
      vertex 77.2383 32.1848 2.15
      vertex 76.5863 32.737 2.15
      vertex 77.0123 31.9771 2.15
    endloop
  endfacet
  facet normal -0 0 1
    outer loop
      vertex 76.2094 32.3976 2.15
      vertex 77.0123 31.9771 2.15
      vertex 76.5863 32.737 2.15
    endloop
  endfacet
  facet normal 0 0 1
    outer loop
      vertex 77.0123 31.9771 2.15
      vertex 76.2094 32.3976 2.15
      vertex 76.8287 31.7175 2.15
    endloop
  endfacet
  facet normal -0 0 1
    outer loop
      vertex 75.9116 31.9673 2.15
      vertex 76.8287 31.7175 2.15
      vertex 76.2094 32.3976 2.15
    endloop
  endfacet
  facet normal 0 0 1
    outer loop
      vertex 76.8287 31.7175 2.15
      vertex 75.9116 31.9673 2.15
      vertex 76.6929 31.4136 2.15
    endloop
  endfacet
  facet normal -0 0 1
    outer loop
      vertex 75.6988 31.4523 2.15
      vertex 76.6929 31.4136 2.15
      vertex 75.9116 31.9673 2.15
    endloop
  endfacet
  facet normal 0 0 1
    outer loop
      vertex 76.6929 31.4136 2.15
      vertex 75.6988 31.4523 2.15
      vertex 76.605 31.0652 2.15
    endloop
  endfacet
  facet normal -0 0 1
    outer loop
      vertex 79.733 30.6724 2.15
      vertex 80.7421 30.054 2.15
      vertex 80.5803 31.4187 2.15
    endloop
  endfacet
  facet normal -0 0 1
    outer loop
      vertex 79.5743 31.4747 2.15
      vertex 80.5803 31.4187 2.15
      vertex 80.0951 32.3935 2.15
    endloop
  endfacet
  facet normal 0 0 1
    outer loop
      vertex 80.7421 30.054 2.15
      vertex 79.733 30.6724 2.15
      vertex 80.7421 29.9238 2.15
    endloop
  endfacet
  facet normal 0 0 1
    outer loop
      vertex 76.5539 29.9238 2.15
      vertex 79.733 30.6724 2.15
      vertex 76.5648 30.6724 2.15
    endloop
  endfacet
  facet normal 0 0 1
    outer loop
      vertex 79.733 30.6724 2.15
      vertex 76.5539 29.9238 2.15
      vertex 80.7421 29.9238 2.15
    endloop
  endfacet
  facet normal -0 0 1
    outer loop
      vertex 79.6443 28.5326 2.15
      vertex 80.5847 28.4753 2.15
      vertex 79.7276 28.7194 2.15
    endloop
  endfacet
  facet normal 0 0 1
    outer loop
      vertex 80.5847 28.4753 2.15
      vertex 79.6443 28.5326 2.15
      vertex 80.2379 27.8677 2.15
    endloop
  endfacet
  facet normal -0 0 1
    outer loop
      vertex 79.5302 28.3627 2.15
      vertex 80.2379 27.8677 2.15
      vertex 79.6443 28.5326 2.15
    endloop
  endfacet
  facet normal -0 0 1
    outer loop
      vertex 79.3853 28.2098 2.15
      vertex 80.2379 27.8677 2.15
      vertex 79.5302 28.3627 2.15
    endloop
  endfacet
  facet normal 0 0 1
    outer loop
      vertex 80.2379 27.8677 2.15
      vertex 79.3853 28.2098 2.15
      vertex 79.7235 27.4337 2.15
    endloop
  endfacet
  facet normal -0 0 1
    outer loop
      vertex 79.2094 28.0738 2.15
      vertex 79.7235 27.4337 2.15
      vertex 79.3853 28.2098 2.15
    endloop
  endfacet
  facet normal -0 0 1
    outer loop
      vertex 79.0025 27.9623 2.15
      vertex 79.7235 27.4337 2.15
      vertex 79.2094 28.0738 2.15
    endloop
  endfacet
  facet normal 0 0 1
    outer loop
      vertex 79.7235 27.4337 2.15
      vertex 79.0025 27.9623 2.15
      vertex 79.0416 27.1733 2.15
    endloop
  endfacet
  facet normal -0 0 1
    outer loop
      vertex 78.7639 27.8826 2.15
      vertex 79.0416 27.1733 2.15
      vertex 79.0025 27.9623 2.15
    endloop
  endfacet
  facet normal -0 0 1
    outer loop
      vertex 78.4939 27.8348 2.15
      vertex 79.0416 27.1733 2.15
      vertex 78.7639 27.8826 2.15
    endloop
  endfacet
  facet normal 0 0 1
    outer loop
      vertex 78.1923 27.0865 2.15
      vertex 78.4939 27.8348 2.15
      vertex 78.1923 27.8188 2.15
    endloop
  endfacet
  facet normal 0 0 1
    outer loop
      vertex 78.4939 27.8348 2.15
      vertex 78.1923 27.0865 2.15
      vertex 79.0416 27.1733 2.15
    endloop
  endfacet
  facet normal 0 0 1
    outer loop
      vertex 77.8149 27.8531 2.15
      vertex 78.1923 27.0865 2.15
      vertex 78.1923 27.8188 2.15
    endloop
  endfacet
  facet normal 0 0 1
    outer loop
      vertex 77.8149 27.8531 2.15
      vertex 77.5801 27.135 2.15
      vertex 78.1923 27.0865 2.15
    endloop
  endfacet
  facet normal 0 0 1
    outer loop
      vertex 77.4857 27.9558 2.15
      vertex 77.5801 27.135 2.15
      vertex 77.8149 27.8531 2.15
    endloop
  endfacet
  facet normal 0 0 1
    outer loop
      vertex 77.0456 27.2805 2.15
      vertex 77.4857 27.9558 2.15
      vertex 77.2045 28.1271 2.15
    endloop
  endfacet
  facet normal 0 0 1
    outer loop
      vertex 77.4857 27.9558 2.15
      vertex 77.0456 27.2805 2.15
      vertex 77.5801 27.135 2.15
    endloop
  endfacet
  facet normal 0 0 1
    outer loop
      vertex 76.5887 27.5229 2.15
      vertex 77.2045 28.1271 2.15
      vertex 76.9716 28.3668 2.15
    endloop
  endfacet
  facet normal 0 0 1
    outer loop
      vertex 76.2094 27.8623 2.15
      vertex 76.9716 28.3668 2.15
      vertex 76.7889 28.6696 2.15
    endloop
  endfacet
  facet normal 0 0 1
    outer loop
      vertex 75.9116 28.2973 2.15
      vertex 76.7889 28.6696 2.15
      vertex 76.6583 29.03 2.15
    endloop
  endfacet
  facet normal 0 0 1
    outer loop
      vertex 77.2045 28.1271 2.15
      vertex 76.5887 27.5229 2.15
      vertex 77.0456 27.2805 2.15
    endloop
  endfacet
  facet normal 0 0 1
    outer loop
      vertex 75.6988 28.8266 2.15
      vertex 76.6583 29.03 2.15
      vertex 76.58 29.4481 2.15
    endloop
  endfacet
  facet normal -0 0 1
    outer loop
      vertex 75.5712 29.4501 2.15
      vertex 76.58 29.4481 2.15
      vertex 76.5539 29.9238 2.15
    endloop
  endfacet
  facet normal 0 0 1
    outer loop
      vertex 75.5712 30.8524 2.15
      vertex 76.605 31.0652 2.15
      vertex 75.6988 31.4523 2.15
    endloop
  endfacet
  facet normal 0 -0 1
    outer loop
      vertex 75.5712 29.4501 2.15
      vertex 76.5539 29.9238 2.15
      vertex 75.5286 30.1679 2.15
    endloop
  endfacet
  facet normal 0 0 1
    outer loop
      vertex 76.605 31.0652 2.15
      vertex 75.5712 30.8524 2.15
      vertex 76.5648 30.6724 2.15
    endloop
  endfacet
  facet normal 0 0 1
    outer loop
      vertex 76.58 29.4481 2.15
      vertex 75.5712 29.4501 2.15
      vertex 75.6988 28.8266 2.15
    endloop
  endfacet
  facet normal 0 0 1
    outer loop
      vertex 75.5286 30.1679 2.15
      vertex 76.5648 30.6724 2.15
      vertex 75.5712 30.8524 2.15
    endloop
  endfacet
  facet normal 0 0 1
    outer loop
      vertex 76.6583 29.03 2.15
      vertex 75.6988 28.8266 2.15
      vertex 75.9116 28.2973 2.15
    endloop
  endfacet
  facet normal 0 0 1
    outer loop
      vertex 76.5648 30.6724 2.15
      vertex 75.5286 30.1679 2.15
      vertex 76.5539 29.9238 2.15
    endloop
  endfacet
  facet normal 0 0 1
    outer loop
      vertex 76.7889 28.6696 2.15
      vertex 75.9116 28.2973 2.15
      vertex 76.2094 27.8623 2.15
    endloop
  endfacet
  facet normal 0 0 1
    outer loop
      vertex 76.9716 28.3668 2.15
      vertex 76.2094 27.8623 2.15
      vertex 76.5887 27.5229 2.15
    endloop
  endfacet
  facet normal 0 0 1
    outer loop
      vertex 59.276 32.0612 2.15
      vertex 58.3409 32.2745 2.15
      vertex 58.3429 31.8116 2.15
    endloop
  endfacet
  facet normal 0 0 1
    outer loop
      vertex 59.238 33.0146 2.15
      vertex 58.3348 32.6376 2.15
      vertex 58.3409 32.2745 2.15
    endloop
  endfacet
  facet normal 0 0 1
    outer loop
      vertex 59.238 33.0146 2.15
      vertex 58.3246 32.9011 2.15
      vertex 58.3348 32.6376 2.15
    endloop
  endfacet
  facet normal 0 -0 1
    outer loop
      vertex 58.3246 32.9011 2.15
      vertex 59.2327 33.0648 2.15
      vertex 58.3104 33.0648 2.15
    endloop
  endfacet
  facet normal 0 0 1
    outer loop
      vertex 62.7269 31.0082 2.15
      vertex 61.7244 31.3095 2.15
      vertex 61.739 30.9165 2.15
    endloop
  endfacet
  facet normal 0 0 1
    outer loop
      vertex 62.0617 32.9075 2.15
      vertex 61.6806 31.6367 2.15
      vertex 61.7244 31.3095 2.15
    endloop
  endfacet
  facet normal 0 0 1
    outer loop
      vertex 62.0617 32.9075 2.15
      vertex 61.6078 31.8981 2.15
      vertex 61.6806 31.6367 2.15
    endloop
  endfacet
  facet normal 0 0 1
    outer loop
      vertex 61.3657 32.2361 2.15
      vertex 61.8503 33.0238 2.15
      vertex 61.604 33.1069 2.15
    endloop
  endfacet
  facet normal 0 0 1
    outer loop
      vertex 62.0617 32.9075 2.15
      vertex 61.5057 32.0937 2.15
      vertex 61.6078 31.8981 2.15
    endloop
  endfacet
  facet normal 0 0 1
    outer loop
      vertex 62.0617 32.9075 2.15
      vertex 61.3657 32.2361 2.15
      vertex 61.5057 32.0937 2.15
    endloop
  endfacet
  facet normal 0 0 1
    outer loop
      vertex 61.1788 32.3378 2.15
      vertex 61.604 33.1069 2.15
      vertex 61.3227 33.1567 2.15
    endloop
  endfacet
  facet normal 0 0 1
    outer loop
      vertex 61.604 33.1069 2.15
      vertex 61.1788 32.3378 2.15
      vertex 61.3657 32.2361 2.15
    endloop
  endfacet
  facet normal 0 0 1
    outer loop
      vertex 60.9452 32.3989 2.15
      vertex 61.3227 33.1567 2.15
      vertex 61.0066 33.1733 2.15
    endloop
  endfacet
  facet normal 0 0 1
    outer loop
      vertex 61.3227 33.1567 2.15
      vertex 60.9452 32.3989 2.15
      vertex 61.1788 32.3378 2.15
    endloop
  endfacet
  facet normal -0 0 1
    outer loop
      vertex 60.7248 33.1581 2.15
      vertex 60.9452 32.3989 2.15
      vertex 61.0066 33.1733 2.15
    endloop
  endfacet
  facet normal 0 0 1
    outer loop
      vertex 60.7248 33.1581 2.15
      vertex 60.6648 32.4192 2.15
      vertex 60.9452 32.3989 2.15
    endloop
  endfacet
  facet normal -0 0 1
    outer loop
      vertex 60.4655 33.1123 2.15
      vertex 60.6648 32.4192 2.15
      vertex 60.7248 33.1581 2.15
    endloop
  endfacet
  facet normal 0 0 1
    outer loop
      vertex 60.4655 33.1123 2.15
      vertex 60.3692 32.3894 2.15
      vertex 60.6648 32.4192 2.15
    endloop
  endfacet
  facet normal -0 0 1
    outer loop
      vertex 60.2285 33.036 2.15
      vertex 60.3692 32.3894 2.15
      vertex 60.4655 33.1123 2.15
    endloop
  endfacet
  facet normal -0 0 1
    outer loop
      vertex 60.0139 32.9292 2.15
      vertex 60.3692 32.3894 2.15
      vertex 60.2285 33.036 2.15
    endloop
  endfacet
  facet normal 0 0 1
    outer loop
      vertex 60.3692 32.3894 2.15
      vertex 60.0139 32.9292 2.15
      vertex 60.106 32.2999 2.15
    endloop
  endfacet
  facet normal -0 0 1
    outer loop
      vertex 59.8162 32.7834 2.15
      vertex 60.106 32.2999 2.15
      vertex 60.0139 32.9292 2.15
    endloop
  endfacet
  facet normal -0 0 1
    outer loop
      vertex 59.63 32.5901 2.15
      vertex 60.106 32.2999 2.15
      vertex 59.8162 32.7834 2.15
    endloop
  endfacet
  facet normal 0 0 1
    outer loop
      vertex 60.106 32.2999 2.15
      vertex 59.63 32.5901 2.15
      vertex 59.8755 32.1507 2.15
    endloop
  endfacet
  facet normal -0 0 1
    outer loop
      vertex 59.4554 32.3494 2.15
      vertex 59.8755 32.1507 2.15
      vertex 59.63 32.5901 2.15
    endloop
  endfacet
  facet normal 0 0 1
    outer loop
      vertex 59.8755 32.1507 2.15
      vertex 59.4554 32.3494 2.15
      vertex 59.6774 31.9418 2.15
    endloop
  endfacet
  facet normal -0 0 1
    outer loop
      vertex 59.2923 32.0612 2.15
      vertex 59.6774 31.9418 2.15
      vertex 59.4554 32.3494 2.15
    endloop
  endfacet
  facet normal 0 0 1
    outer loop
      vertex 59.6774 31.9418 2.15
      vertex 59.2923 32.0612 2.15
      vertex 59.5184 31.6787 2.15
    endloop
  endfacet
  facet normal -0 0 1
    outer loop
      vertex 59.276 32.0612 2.15
      vertex 59.5184 31.6787 2.15
      vertex 59.2923 32.0612 2.15
    endloop
  endfacet
  facet normal 0 0 1
    outer loop
      vertex 59.5184 31.6787 2.15
      vertex 59.276 32.0612 2.15
      vertex 59.4049 31.3668 2.15
    endloop
  endfacet
  facet normal -0 0 1
    outer loop
      vertex 58.3429 31.8116 2.15
      vertex 59.4049 31.3668 2.15
      vertex 59.276 32.0612 2.15
    endloop
  endfacet
  facet normal 0 0 1
    outer loop
      vertex 59.4049 31.3668 2.15
      vertex 58.3429 31.8116 2.15
      vertex 59.3367 31.006 2.15
    endloop
  endfacet
  facet normal 0 0 1
    outer loop
      vertex 59.3367 31.006 2.15
      vertex 58.3429 31.8116 2.15
      vertex 59.314 30.5964 2.15
    endloop
  endfacet
  facet normal 0 0 1
    outer loop
      vertex 58.3409 32.2745 2.15
      vertex 59.276 32.0612 2.15
      vertex 59.2708 32.2584 2.15
    endloop
  endfacet
  facet normal -0 0 1
    outer loop
      vertex 58.3409 32.2745 2.15
      vertex 59.2708 32.2584 2.15
      vertex 59.2659 32.4213 2.15
    endloop
  endfacet
  facet normal 0 0 1
    outer loop
      vertex 58.3409 32.2745 2.15
      vertex 59.2659 32.4213 2.15
      vertex 59.2613 32.5499 2.15
    endloop
  endfacet
  facet normal 0 0 1
    outer loop
      vertex 58.3409 32.2745 2.15
      vertex 59.2613 32.5499 2.15
      vertex 59.257 32.6443 2.15
    endloop
  endfacet
  facet normal 0 0 1
    outer loop
      vertex 58.3409 32.2745 2.15
      vertex 59.257 32.6443 2.15
      vertex 59.2531 32.7195 2.15
    endloop
  endfacet
  facet normal 0 0 1
    outer loop
      vertex 58.3409 32.2745 2.15
      vertex 59.2531 32.7195 2.15
      vertex 59.2496 32.7902 2.15
    endloop
  endfacet
  facet normal 0 0 1
    outer loop
      vertex 58.3409 32.2745 2.15
      vertex 59.2496 32.7902 2.15
      vertex 59.2463 32.8565 2.15
    endloop
  endfacet
  facet normal 0 0 1
    outer loop
      vertex 58.3409 32.2745 2.15
      vertex 59.2463 32.8565 2.15
      vertex 59.2435 32.9184 2.15
    endloop
  endfacet
  facet normal 0 0 1
    outer loop
      vertex 58.3409 32.2745 2.15
      vertex 59.2435 32.9184 2.15
      vertex 59.2407 32.9723 2.15
    endloop
  endfacet
  facet normal 0 0 1
    outer loop
      vertex 58.3409 32.2745 2.15
      vertex 59.2407 32.9723 2.15
      vertex 59.238 33.0146 2.15
    endloop
  endfacet
  facet normal 0 0 1
    outer loop
      vertex 59.2327 33.0648 2.15
      vertex 59.238 33.0146 2.15
      vertex 59.2353 33.0455 2.15
    endloop
  endfacet
  facet normal 0 0 1
    outer loop
      vertex 58.3246 32.9011 2.15
      vertex 59.238 33.0146 2.15
      vertex 59.2327 33.0648 2.15
    endloop
  endfacet
  facet normal 0 0 1
    outer loop
      vertex 58.3429 27.195 2.15
      vertex 59.314 30.5964 2.15
      vertex 58.3429 31.8116 2.15
    endloop
  endfacet
  facet normal 0 0 1
    outer loop
      vertex 59.314 30.5964 2.15
      vertex 58.3429 27.195 2.15
      vertex 59.314 27.195 2.15
    endloop
  endfacet
  facet normal 0 0 1
    outer loop
      vertex 66.0952 31.1064 2.15
      vertex 65.115 31.3095 2.15
      vertex 65.1296 30.9165 2.15
    endloop
  endfacet
  facet normal 0 0 1
    outer loop
      vertex 65.4586 32.9017 2.15
      vertex 65.0713 31.6367 2.15
      vertex 65.115 31.3095 2.15
    endloop
  endfacet
  facet normal 0 0 1
    outer loop
      vertex 65.4586 32.9017 2.15
      vertex 64.9984 31.8981 2.15
      vertex 65.0713 31.6367 2.15
    endloop
  endfacet
  facet normal 0 0 1
    outer loop
      vertex 65.4586 32.9017 2.15
      vertex 64.8963 32.0937 2.15
      vertex 64.9984 31.8981 2.15
    endloop
  endfacet
  facet normal 0 0 1
    outer loop
      vertex 64.7563 32.2361 2.15
      vertex 65.1655 33.0526 2.15
      vertex 64.8117 33.1431 2.15
    endloop
  endfacet
  facet normal 0 0 1
    outer loop
      vertex 65.4586 32.9017 2.15
      vertex 64.7563 32.2361 2.15
      vertex 64.8963 32.0937 2.15
    endloop
  endfacet
  facet normal 0 0 1
    outer loop
      vertex 64.8117 33.1431 2.15
      vertex 64.5695 32.3378 2.15
      vertex 64.7563 32.2361 2.15
    endloop
  endfacet
  facet normal 0 0 1
    outer loop
      vertex 64.3972 33.1733 2.15
      vertex 64.5695 32.3378 2.15
      vertex 64.8117 33.1431 2.15
    endloop
  endfacet
  facet normal 0 0 1
    outer loop
      vertex 64.3972 33.1733 2.15
      vertex 64.3359 32.3989 2.15
      vertex 64.5695 32.3378 2.15
    endloop
  endfacet
  facet normal -0 0 1
    outer loop
      vertex 64.1021 33.157 2.15
      vertex 64.3359 32.3989 2.15
      vertex 64.3972 33.1733 2.15
    endloop
  endfacet
  facet normal 0 0 1
    outer loop
      vertex 64.1021 33.157 2.15
      vertex 64.0555 32.4192 2.15
      vertex 64.3359 32.3989 2.15
    endloop
  endfacet
  facet normal -0 0 1
    outer loop
      vertex 63.8296 33.1082 2.15
      vertex 64.0555 32.4192 2.15
      vertex 64.1021 33.157 2.15
    endloop
  endfacet
  facet normal 0 0 1
    outer loop
      vertex 63.8296 33.1082 2.15
      vertex 63.7532 32.3896 2.15
      vertex 64.0555 32.4192 2.15
    endloop
  endfacet
  facet normal -0 0 1
    outer loop
      vertex 63.5799 33.0268 2.15
      vertex 63.7532 32.3896 2.15
      vertex 63.8296 33.1082 2.15
    endloop
  endfacet
  facet normal -0 0 1
    outer loop
      vertex 63.3529 32.9129 2.15
      vertex 63.7532 32.3896 2.15
      vertex 63.5799 33.0268 2.15
    endloop
  endfacet
  facet normal 0 0 1
    outer loop
      vertex 63.7532 32.3896 2.15
      vertex 63.3529 32.9129 2.15
      vertex 63.4865 32.3006 2.15
    endloop
  endfacet
  facet normal -0 0 1
    outer loop
      vertex 63.1452 32.762 2.15
      vertex 63.4865 32.3006 2.15
      vertex 63.3529 32.9129 2.15
    endloop
  endfacet
  facet normal -0 0 1
    outer loop
      vertex 62.9535 32.5698 2.15
      vertex 63.4865 32.3006 2.15
      vertex 63.1452 32.762 2.15
    endloop
  endfacet
  facet normal 0 0 1
    outer loop
      vertex 63.4865 32.3006 2.15
      vertex 62.9535 32.5698 2.15
      vertex 63.2554 32.1522 2.15
    endloop
  endfacet
  facet normal -0 0 1
    outer loop
      vertex 62.7777 32.3362 2.15
      vertex 63.2554 32.1522 2.15
      vertex 62.9535 32.5698 2.15
    endloop
  endfacet
  facet normal 0 0 1
    outer loop
      vertex 63.2554 32.1522 2.15
      vertex 62.7777 32.3362 2.15
      vertex 63.0599 31.9445 2.15
    endloop
  endfacet
  facet normal -0 0 1
    outer loop
      vertex 62.6178 32.0612 2.15
      vertex 63.0599 31.9445 2.15
      vertex 62.7777 32.3362 2.15
    endloop
  endfacet
  facet normal 0 0 1
    outer loop
      vertex 63.0599 31.9445 2.15
      vertex 62.6178 32.0612 2.15
      vertex 62.9045 31.6823 2.15
    endloop
  endfacet
  facet normal -0 0 1
    outer loop
      vertex 62.6015 32.0612 2.15
      vertex 62.9045 31.6823 2.15
      vertex 62.6178 32.0612 2.15
    endloop
  endfacet
  facet normal 0 0 1
    outer loop
      vertex 62.9045 31.6823 2.15
      vertex 62.6015 32.0612 2.15
      vertex 62.7935 31.3702 2.15
    endloop
  endfacet
  facet normal 0 0 1
    outer loop
      vertex 61.7244 31.3095 2.15
      vertex 62.7935 31.3702 2.15
      vertex 62.6015 32.0612 2.15
    endloop
  endfacet
  facet normal -0 0 1
    outer loop
      vertex 61.7244 31.3095 2.15
      vertex 62.7269 31.0082 2.15
      vertex 62.7935 31.3702 2.15
    endloop
  endfacet
  facet normal 0 0 1
    outer loop
      vertex 62.7269 31.0082 2.15
      vertex 61.739 30.9165 2.15
      vertex 62.7047 30.5964 2.15
    endloop
  endfacet
  facet normal 0 0 1
    outer loop
      vertex 61.7244 31.3095 2.15
      vertex 62.6015 32.0612 2.15
      vertex 62.5108 32.3318 2.15
    endloop
  endfacet
  facet normal 0 0 1
    outer loop
      vertex 61.7244 31.3095 2.15
      vertex 62.5108 32.3318 2.15
      vertex 62.3906 32.563 2.15
    endloop
  endfacet
  facet normal 0 0 1
    outer loop
      vertex 61.7244 31.3095 2.15
      vertex 62.3906 32.563 2.15
      vertex 62.2409 32.7549 2.15
    endloop
  endfacet
  facet normal 0 0 1
    outer loop
      vertex 61.7244 31.3095 2.15
      vertex 62.2409 32.7549 2.15
      vertex 62.0617 32.9075 2.15
    endloop
  endfacet
  facet normal 0 0 1
    outer loop
      vertex 61.3657 32.2361 2.15
      vertex 62.0617 32.9075 2.15
      vertex 61.8503 33.0238 2.15
    endloop
  endfacet
  facet normal 0 0 1
    outer loop
      vertex 61.739 27.195 2.15
      vertex 62.7047 30.5964 2.15
      vertex 61.739 30.9165 2.15
    endloop
  endfacet
  facet normal 0 0 1
    outer loop
      vertex 62.7047 30.5964 2.15
      vertex 61.739 27.195 2.15
      vertex 62.7047 27.195 2.15
    endloop
  endfacet
  facet normal -0 0 1
    outer loop
      vertex 65.115 31.3095 2.15
      vertex 66.0952 31.1064 2.15
      vertex 66.0699 31.6184 2.15
    endloop
  endfacet
  facet normal 0 0 1
    outer loop
      vertex 65.115 31.3095 2.15
      vertex 66.0699 31.6184 2.15
      vertex 65.9942 32.0531 2.15
    endloop
  endfacet
  facet normal 0 0 1
    outer loop
      vertex 65.115 31.3095 2.15
      vertex 65.9942 32.0531 2.15
      vertex 65.8679 32.4105 2.15
    endloop
  endfacet
  facet normal 0 0 1
    outer loop
      vertex 65.115 31.3095 2.15
      vertex 65.8679 32.4105 2.15
      vertex 65.6911 32.6905 2.15
    endloop
  endfacet
  facet normal 0 0 1
    outer loop
      vertex 65.115 31.3095 2.15
      vertex 65.6911 32.6905 2.15
      vertex 65.4586 32.9017 2.15
    endloop
  endfacet
  facet normal 0 0 1
    outer loop
      vertex 64.7563 32.2361 2.15
      vertex 65.4586 32.9017 2.15
      vertex 65.1655 33.0526 2.15
    endloop
  endfacet
  facet normal 0 0 1
    outer loop
      vertex 66.0952 31.1064 2.15
      vertex 65.1296 30.9165 2.15
      vertex 66.0952 27.195 2.15
    endloop
  endfacet
  facet normal 0 0 1
    outer loop
      vertex 66.0952 27.195 2.15
      vertex 65.1296 30.9165 2.15
      vertex 65.1296 27.195 2.15
    endloop
  endfacet
  facet normal 0 0 1
    outer loop
      vertex 57.0617 31.4187 2.15
      vertex 56.1543 31.1049 2.15
      vertex 56.2143 30.6724 2.15
    endloop
  endfacet
  facet normal 0 0 1
    outer loop
      vertex 57.0617 31.4187 2.15
      vertex 56.0556 31.4747 2.15
      vertex 56.1543 31.1049 2.15
    endloop
  endfacet
  facet normal 0 0 1
    outer loop
      vertex 56.5765 32.3935 2.15
      vertex 55.9183 31.7817 2.15
      vertex 56.0556 31.4747 2.15
    endloop
  endfacet
  facet normal 0 0 1
    outer loop
      vertex 55.7423 32.026 2.15
      vertex 56.5765 32.3935 2.15
      vertex 55.7678 32.9783 2.15
    endloop
  endfacet
  facet normal 0 0 1
    outer loop
      vertex 56.5765 32.3935 2.15
      vertex 55.7423 32.026 2.15
      vertex 55.9183 31.7817 2.15
    endloop
  endfacet
  facet normal 0 0 1
    outer loop
      vertex 55.7678 32.9783 2.15
      vertex 55.5256 32.2122 2.15
      vertex 55.7423 32.026 2.15
    endloop
  endfacet
  facet normal 0 0 1
    outer loop
      vertex 55.7678 32.9783 2.15
      vertex 55.2663 32.3453 2.15
      vertex 55.5256 32.2122 2.15
    endloop
  endfacet
  facet normal 0 0 1
    outer loop
      vertex 55.7678 32.9783 2.15
      vertex 54.9642 32.4252 2.15
      vertex 55.2663 32.3453 2.15
    endloop
  endfacet
  facet normal 0 0 1
    outer loop
      vertex 54.6356 33.1733 2.15
      vertex 54.9642 32.4252 2.15
      vertex 55.7678 32.9783 2.15
    endloop
  endfacet
  facet normal 0 0 1
    outer loop
      vertex 54.6356 33.1733 2.15
      vertex 54.6194 32.4518 2.15
      vertex 54.9642 32.4252 2.15
    endloop
  endfacet
  facet normal 0 0 1
    outer loop
      vertex 54.6356 33.1733 2.15
      vertex 54.2825 32.4221 2.15
      vertex 54.6194 32.4518 2.15
    endloop
  endfacet
  facet normal -0 0 1
    outer loop
      vertex 54.0401 33.1248 2.15
      vertex 54.2825 32.4221 2.15
      vertex 54.6356 33.1733 2.15
    endloop
  endfacet
  facet normal 0 0 1
    outer loop
      vertex 54.0401 33.1248 2.15
      vertex 53.9826 32.3331 2.15
      vertex 54.2825 32.4221 2.15
    endloop
  endfacet
  facet normal -0 0 1
    outer loop
      vertex 53.5174 32.9794 2.15
      vertex 53.9826 32.3331 2.15
      vertex 54.0401 33.1248 2.15
    endloop
  endfacet
  facet normal 0 0 1
    outer loop
      vertex 53.9826 32.3331 2.15
      vertex 53.5174 32.9794 2.15
      vertex 53.7196 32.1848 2.15
    endloop
  endfacet
  facet normal -0 0 1
    outer loop
      vertex 53.0676 32.737 2.15
      vertex 53.7196 32.1848 2.15
      vertex 53.5174 32.9794 2.15
    endloop
  endfacet
  facet normal 0 0 1
    outer loop
      vertex 53.7196 32.1848 2.15
      vertex 53.0676 32.737 2.15
      vertex 53.4936 31.9771 2.15
    endloop
  endfacet
  facet normal -0 0 1
    outer loop
      vertex 52.6908 32.3976 2.15
      vertex 53.4936 31.9771 2.15
      vertex 53.0676 32.737 2.15
    endloop
  endfacet
  facet normal 0 0 1
    outer loop
      vertex 53.4936 31.9771 2.15
      vertex 52.6908 32.3976 2.15
      vertex 53.3101 31.7175 2.15
    endloop
  endfacet
  facet normal -0 0 1
    outer loop
      vertex 52.3929 31.9673 2.15
      vertex 53.3101 31.7175 2.15
      vertex 52.6908 32.3976 2.15
    endloop
  endfacet
  facet normal 0 0 1
    outer loop
      vertex 53.3101 31.7175 2.15
      vertex 52.3929 31.9673 2.15
      vertex 53.1743 31.4136 2.15
    endloop
  endfacet
  facet normal -0 0 1
    outer loop
      vertex 52.1802 31.4523 2.15
      vertex 53.1743 31.4136 2.15
      vertex 52.3929 31.9673 2.15
    endloop
  endfacet
  facet normal 0 0 1
    outer loop
      vertex 53.1743 31.4136 2.15
      vertex 52.1802 31.4523 2.15
      vertex 53.0863 31.0652 2.15
    endloop
  endfacet
  facet normal -0 0 1
    outer loop
      vertex 56.2143 30.6724 2.15
      vertex 57.2234 30.054 2.15
      vertex 57.0617 31.4187 2.15
    endloop
  endfacet
  facet normal -0 0 1
    outer loop
      vertex 56.0556 31.4747 2.15
      vertex 57.0617 31.4187 2.15
      vertex 56.5765 32.3935 2.15
    endloop
  endfacet
  facet normal 0 0 1
    outer loop
      vertex 57.2234 30.054 2.15
      vertex 56.2143 30.6724 2.15
      vertex 57.2234 29.9238 2.15
    endloop
  endfacet
  facet normal 0 0 1
    outer loop
      vertex 53.0352 29.9238 2.15
      vertex 56.2143 30.6724 2.15
      vertex 53.0461 30.6724 2.15
    endloop
  endfacet
  facet normal 0 0 1
    outer loop
      vertex 56.2143 30.6724 2.15
      vertex 53.0352 29.9238 2.15
      vertex 57.2234 29.9238 2.15
    endloop
  endfacet
  facet normal -0 0 1
    outer loop
      vertex 56.1257 28.5326 2.15
      vertex 57.066 28.4753 2.15
      vertex 56.2089 28.7194 2.15
    endloop
  endfacet
  facet normal 0 0 1
    outer loop
      vertex 57.066 28.4753 2.15
      vertex 56.1257 28.5326 2.15
      vertex 56.7192 27.8677 2.15
    endloop
  endfacet
  facet normal -0 0 1
    outer loop
      vertex 56.0115 28.3627 2.15
      vertex 56.7192 27.8677 2.15
      vertex 56.1257 28.5326 2.15
    endloop
  endfacet
  facet normal -0 0 1
    outer loop
      vertex 55.8666 28.2098 2.15
      vertex 56.7192 27.8677 2.15
      vertex 56.0115 28.3627 2.15
    endloop
  endfacet
  facet normal 0 0 1
    outer loop
      vertex 56.7192 27.8677 2.15
      vertex 55.8666 28.2098 2.15
      vertex 56.2048 27.4337 2.15
    endloop
  endfacet
  facet normal -0 0 1
    outer loop
      vertex 55.6908 28.0738 2.15
      vertex 56.2048 27.4337 2.15
      vertex 55.8666 28.2098 2.15
    endloop
  endfacet
  facet normal -0 0 1
    outer loop
      vertex 55.4838 27.9623 2.15
      vertex 56.2048 27.4337 2.15
      vertex 55.6908 28.0738 2.15
    endloop
  endfacet
  facet normal 0 0 1
    outer loop
      vertex 56.2048 27.4337 2.15
      vertex 55.4838 27.9623 2.15
      vertex 55.523 27.1733 2.15
    endloop
  endfacet
  facet normal -0 0 1
    outer loop
      vertex 55.2453 27.8826 2.15
      vertex 55.523 27.1733 2.15
      vertex 55.4838 27.9623 2.15
    endloop
  endfacet
  facet normal -0 0 1
    outer loop
      vertex 54.9752 27.8348 2.15
      vertex 55.523 27.1733 2.15
      vertex 55.2453 27.8826 2.15
    endloop
  endfacet
  facet normal 0 0 1
    outer loop
      vertex 54.6736 27.0865 2.15
      vertex 54.9752 27.8348 2.15
      vertex 54.6736 27.8188 2.15
    endloop
  endfacet
  facet normal 0 0 1
    outer loop
      vertex 54.9752 27.8348 2.15
      vertex 54.6736 27.0865 2.15
      vertex 55.523 27.1733 2.15
    endloop
  endfacet
  facet normal 0 0 1
    outer loop
      vertex 54.2962 27.8531 2.15
      vertex 54.6736 27.0865 2.15
      vertex 54.6736 27.8188 2.15
    endloop
  endfacet
  facet normal 0 0 1
    outer loop
      vertex 54.2962 27.8531 2.15
      vertex 54.0615 27.135 2.15
      vertex 54.6736 27.0865 2.15
    endloop
  endfacet
  facet normal 0 0 1
    outer loop
      vertex 53.967 27.9558 2.15
      vertex 54.0615 27.135 2.15
      vertex 54.2962 27.8531 2.15
    endloop
  endfacet
  facet normal 0 0 1
    outer loop
      vertex 53.5269 27.2805 2.15
      vertex 53.967 27.9558 2.15
      vertex 53.6859 28.1271 2.15
    endloop
  endfacet
  facet normal 0 0 1
    outer loop
      vertex 53.967 27.9558 2.15
      vertex 53.5269 27.2805 2.15
      vertex 54.0615 27.135 2.15
    endloop
  endfacet
  facet normal 0 0 1
    outer loop
      vertex 53.07 27.5229 2.15
      vertex 53.6859 28.1271 2.15
      vertex 53.4529 28.3668 2.15
    endloop
  endfacet
  facet normal 0 0 1
    outer loop
      vertex 52.6908 27.8623 2.15
      vertex 53.4529 28.3668 2.15
      vertex 53.2702 28.6696 2.15
    endloop
  endfacet
  facet normal 0 0 1
    outer loop
      vertex 52.3929 28.2973 2.15
      vertex 53.2702 28.6696 2.15
      vertex 53.1397 29.03 2.15
    endloop
  endfacet
  facet normal 0 0 1
    outer loop
      vertex 53.6859 28.1271 2.15
      vertex 53.07 27.5229 2.15
      vertex 53.5269 27.2805 2.15
    endloop
  endfacet
  facet normal 0 0 1
    outer loop
      vertex 52.1802 28.8266 2.15
      vertex 53.1397 29.03 2.15
      vertex 53.0613 29.4481 2.15
    endloop
  endfacet
  facet normal -0 0 1
    outer loop
      vertex 52.0525 29.4501 2.15
      vertex 53.0613 29.4481 2.15
      vertex 53.0352 29.9238 2.15
    endloop
  endfacet
  facet normal 0 0 1
    outer loop
      vertex 52.0525 30.8524 2.15
      vertex 53.0863 31.0652 2.15
      vertex 52.1802 31.4523 2.15
    endloop
  endfacet
  facet normal 0 -0 1
    outer loop
      vertex 52.0525 29.4501 2.15
      vertex 53.0352 29.9238 2.15
      vertex 52.01 30.1679 2.15
    endloop
  endfacet
  facet normal 0 0 1
    outer loop
      vertex 53.0863 31.0652 2.15
      vertex 52.0525 30.8524 2.15
      vertex 53.0461 30.6724 2.15
    endloop
  endfacet
  facet normal 0 0 1
    outer loop
      vertex 53.0613 29.4481 2.15
      vertex 52.0525 29.4501 2.15
      vertex 52.1802 28.8266 2.15
    endloop
  endfacet
  facet normal 0 0 1
    outer loop
      vertex 52.01 30.1679 2.15
      vertex 53.0461 30.6724 2.15
      vertex 52.0525 30.8524 2.15
    endloop
  endfacet
  facet normal 0 0 1
    outer loop
      vertex 53.1397 29.03 2.15
      vertex 52.1802 28.8266 2.15
      vertex 52.3929 28.2973 2.15
    endloop
  endfacet
  facet normal 0 0 1
    outer loop
      vertex 53.0461 30.6724 2.15
      vertex 52.01 30.1679 2.15
      vertex 53.0352 29.9238 2.15
    endloop
  endfacet
  facet normal 0 0 1
    outer loop
      vertex 53.2702 28.6696 2.15
      vertex 52.3929 28.2973 2.15
      vertex 52.6908 27.8623 2.15
    endloop
  endfacet
  facet normal 0 0 1
    outer loop
      vertex 53.4529 28.3668 2.15
      vertex 52.6908 27.8623 2.15
      vertex 53.07 27.5229 2.15
    endloop
  endfacet
  facet normal 0 0 1
    outer loop
      vertex 36.7484 31.4187 2.15
      vertex 35.841 31.1049 2.15
      vertex 35.901 30.6724 2.15
    endloop
  endfacet
  facet normal 0 0 1
    outer loop
      vertex 36.7484 31.4187 2.15
      vertex 35.7423 31.4747 2.15
      vertex 35.841 31.1049 2.15
    endloop
  endfacet
  facet normal 0 0 1
    outer loop
      vertex 36.2632 32.3935 2.15
      vertex 35.605 31.7817 2.15
      vertex 35.7423 31.4747 2.15
    endloop
  endfacet
  facet normal 0 0 1
    outer loop
      vertex 35.429 32.026 2.15
      vertex 36.2632 32.3935 2.15
      vertex 35.4545 32.9783 2.15
    endloop
  endfacet
  facet normal 0 0 1
    outer loop
      vertex 36.2632 32.3935 2.15
      vertex 35.429 32.026 2.15
      vertex 35.605 31.7817 2.15
    endloop
  endfacet
  facet normal 0 0 1
    outer loop
      vertex 35.4545 32.9783 2.15
      vertex 35.2124 32.2122 2.15
      vertex 35.429 32.026 2.15
    endloop
  endfacet
  facet normal 0 0 1
    outer loop
      vertex 35.4545 32.9783 2.15
      vertex 34.953 32.3453 2.15
      vertex 35.2124 32.2122 2.15
    endloop
  endfacet
  facet normal 0 0 1
    outer loop
      vertex 35.4545 32.9783 2.15
      vertex 34.6509 32.4252 2.15
      vertex 34.953 32.3453 2.15
    endloop
  endfacet
  facet normal 0 0 1
    outer loop
      vertex 34.3224 33.1733 2.15
      vertex 34.6509 32.4252 2.15
      vertex 35.4545 32.9783 2.15
    endloop
  endfacet
  facet normal 0 0 1
    outer loop
      vertex 34.3224 33.1733 2.15
      vertex 34.3061 32.4518 2.15
      vertex 34.6509 32.4252 2.15
    endloop
  endfacet
  facet normal 0 0 1
    outer loop
      vertex 34.3224 33.1733 2.15
      vertex 33.9693 32.4221 2.15
      vertex 34.3061 32.4518 2.15
    endloop
  endfacet
  facet normal -0 0 1
    outer loop
      vertex 33.7268 33.1248 2.15
      vertex 33.9693 32.4221 2.15
      vertex 34.3224 33.1733 2.15
    endloop
  endfacet
  facet normal 0 0 1
    outer loop
      vertex 33.7268 33.1248 2.15
      vertex 33.6693 32.3331 2.15
      vertex 33.9693 32.4221 2.15
    endloop
  endfacet
  facet normal -0 0 1
    outer loop
      vertex 33.2042 32.9794 2.15
      vertex 33.6693 32.3331 2.15
      vertex 33.7268 33.1248 2.15
    endloop
  endfacet
  facet normal 0 0 1
    outer loop
      vertex 33.6693 32.3331 2.15
      vertex 33.2042 32.9794 2.15
      vertex 33.4064 32.1848 2.15
    endloop
  endfacet
  facet normal -0 0 1
    outer loop
      vertex 32.7544 32.737 2.15
      vertex 33.4064 32.1848 2.15
      vertex 33.2042 32.9794 2.15
    endloop
  endfacet
  facet normal 0 0 1
    outer loop
      vertex 33.4064 32.1848 2.15
      vertex 32.7544 32.737 2.15
      vertex 33.1804 31.9771 2.15
    endloop
  endfacet
  facet normal -0 0 1
    outer loop
      vertex 32.3775 32.3976 2.15
      vertex 33.1804 31.9771 2.15
      vertex 32.7544 32.737 2.15
    endloop
  endfacet
  facet normal 0 0 1
    outer loop
      vertex 33.1804 31.9771 2.15
      vertex 32.3775 32.3976 2.15
      vertex 32.9968 31.7175 2.15
    endloop
  endfacet
  facet normal -0 0 1
    outer loop
      vertex 32.0797 31.9673 2.15
      vertex 32.9968 31.7175 2.15
      vertex 32.3775 32.3976 2.15
    endloop
  endfacet
  facet normal 0 0 1
    outer loop
      vertex 32.9968 31.7175 2.15
      vertex 32.0797 31.9673 2.15
      vertex 32.861 31.4136 2.15
    endloop
  endfacet
  facet normal -0 0 1
    outer loop
      vertex 31.8669 31.4523 2.15
      vertex 32.861 31.4136 2.15
      vertex 32.0797 31.9673 2.15
    endloop
  endfacet
  facet normal 0 0 1
    outer loop
      vertex 32.861 31.4136 2.15
      vertex 31.8669 31.4523 2.15
      vertex 32.773 31.0652 2.15
    endloop
  endfacet
  facet normal -0 0 1
    outer loop
      vertex 35.901 30.6724 2.15
      vertex 36.9101 30.054 2.15
      vertex 36.7484 31.4187 2.15
    endloop
  endfacet
  facet normal -0 0 1
    outer loop
      vertex 35.7423 31.4747 2.15
      vertex 36.7484 31.4187 2.15
      vertex 36.2632 32.3935 2.15
    endloop
  endfacet
  facet normal 0 0 1
    outer loop
      vertex 36.9101 30.054 2.15
      vertex 35.901 30.6724 2.15
      vertex 36.9101 29.9238 2.15
    endloop
  endfacet
  facet normal 0 0 1
    outer loop
      vertex 32.722 29.9238 2.15
      vertex 35.901 30.6724 2.15
      vertex 32.7328 30.6724 2.15
    endloop
  endfacet
  facet normal 0 0 1
    outer loop
      vertex 35.901 30.6724 2.15
      vertex 32.722 29.9238 2.15
      vertex 36.9101 29.9238 2.15
    endloop
  endfacet
  facet normal -0 0 1
    outer loop
      vertex 35.8124 28.5326 2.15
      vertex 36.7528 28.4753 2.15
      vertex 35.8957 28.7194 2.15
    endloop
  endfacet
  facet normal 0 0 1
    outer loop
      vertex 36.7528 28.4753 2.15
      vertex 35.8124 28.5326 2.15
      vertex 36.4059 27.8677 2.15
    endloop
  endfacet
  facet normal -0 0 1
    outer loop
      vertex 35.6983 28.3627 2.15
      vertex 36.4059 27.8677 2.15
      vertex 35.8124 28.5326 2.15
    endloop
  endfacet
  facet normal -0 0 1
    outer loop
      vertex 35.5533 28.2098 2.15
      vertex 36.4059 27.8677 2.15
      vertex 35.6983 28.3627 2.15
    endloop
  endfacet
  facet normal 0 0 1
    outer loop
      vertex 36.4059 27.8677 2.15
      vertex 35.5533 28.2098 2.15
      vertex 35.8916 27.4337 2.15
    endloop
  endfacet
  facet normal -0 0 1
    outer loop
      vertex 35.3775 28.0738 2.15
      vertex 35.8916 27.4337 2.15
      vertex 35.5533 28.2098 2.15
    endloop
  endfacet
  facet normal -0 0 1
    outer loop
      vertex 35.1705 27.9623 2.15
      vertex 35.8916 27.4337 2.15
      vertex 35.3775 28.0738 2.15
    endloop
  endfacet
  facet normal 0 0 1
    outer loop
      vertex 35.8916 27.4337 2.15
      vertex 35.1705 27.9623 2.15
      vertex 35.2097 27.1733 2.15
    endloop
  endfacet
  facet normal -0 0 1
    outer loop
      vertex 34.932 27.8826 2.15
      vertex 35.2097 27.1733 2.15
      vertex 35.1705 27.9623 2.15
    endloop
  endfacet
  facet normal -0 0 1
    outer loop
      vertex 34.662 27.8348 2.15
      vertex 35.2097 27.1733 2.15
      vertex 34.932 27.8826 2.15
    endloop
  endfacet
  facet normal 0 0 1
    outer loop
      vertex 34.3604 27.0865 2.15
      vertex 34.662 27.8348 2.15
      vertex 34.3604 27.8188 2.15
    endloop
  endfacet
  facet normal 0 0 1
    outer loop
      vertex 34.662 27.8348 2.15
      vertex 34.3604 27.0865 2.15
      vertex 35.2097 27.1733 2.15
    endloop
  endfacet
  facet normal 0 0 1
    outer loop
      vertex 33.983 27.8531 2.15
      vertex 34.3604 27.0865 2.15
      vertex 34.3604 27.8188 2.15
    endloop
  endfacet
  facet normal 0 0 1
    outer loop
      vertex 33.983 27.8531 2.15
      vertex 33.7482 27.135 2.15
      vertex 34.3604 27.0865 2.15
    endloop
  endfacet
  facet normal 0 0 1
    outer loop
      vertex 33.6537 27.9558 2.15
      vertex 33.7482 27.135 2.15
      vertex 33.983 27.8531 2.15
    endloop
  endfacet
  facet normal 0 0 1
    outer loop
      vertex 33.2137 27.2805 2.15
      vertex 33.6537 27.9558 2.15
      vertex 33.3726 28.1271 2.15
    endloop
  endfacet
  facet normal 0 0 1
    outer loop
      vertex 33.6537 27.9558 2.15
      vertex 33.2137 27.2805 2.15
      vertex 33.7482 27.135 2.15
    endloop
  endfacet
  facet normal 0 0 1
    outer loop
      vertex 32.7568 27.5229 2.15
      vertex 33.3726 28.1271 2.15
      vertex 33.1396 28.3668 2.15
    endloop
  endfacet
  facet normal 0 0 1
    outer loop
      vertex 32.3775 27.8623 2.15
      vertex 33.1396 28.3668 2.15
      vertex 32.9569 28.6696 2.15
    endloop
  endfacet
  facet normal 0 0 1
    outer loop
      vertex 32.0797 28.2973 2.15
      vertex 32.9569 28.6696 2.15
      vertex 32.8264 29.03 2.15
    endloop
  endfacet
  facet normal 0 0 1
    outer loop
      vertex 33.3726 28.1271 2.15
      vertex 32.7568 27.5229 2.15
      vertex 33.2137 27.2805 2.15
    endloop
  endfacet
  facet normal 0 0 1
    outer loop
      vertex 31.8669 28.8266 2.15
      vertex 32.8264 29.03 2.15
      vertex 32.7481 29.4481 2.15
    endloop
  endfacet
  facet normal -0 0 1
    outer loop
      vertex 31.7392 29.4501 2.15
      vertex 32.7481 29.4481 2.15
      vertex 32.722 29.9238 2.15
    endloop
  endfacet
  facet normal 0 0 1
    outer loop
      vertex 31.7392 30.8524 2.15
      vertex 32.773 31.0652 2.15
      vertex 31.8669 31.4523 2.15
    endloop
  endfacet
  facet normal 0 -0 1
    outer loop
      vertex 31.7392 29.4501 2.15
      vertex 32.722 29.9238 2.15
      vertex 31.6967 30.1679 2.15
    endloop
  endfacet
  facet normal 0 0 1
    outer loop
      vertex 32.773 31.0652 2.15
      vertex 31.7392 30.8524 2.15
      vertex 32.7328 30.6724 2.15
    endloop
  endfacet
  facet normal 0 0 1
    outer loop
      vertex 32.7481 29.4481 2.15
      vertex 31.7392 29.4501 2.15
      vertex 31.8669 28.8266 2.15
    endloop
  endfacet
  facet normal 0 0 1
    outer loop
      vertex 31.6967 30.1679 2.15
      vertex 32.7328 30.6724 2.15
      vertex 31.7392 30.8524 2.15
    endloop
  endfacet
  facet normal 0 0 1
    outer loop
      vertex 32.8264 29.03 2.15
      vertex 31.8669 28.8266 2.15
      vertex 32.0797 28.2973 2.15
    endloop
  endfacet
  facet normal 0 0 1
    outer loop
      vertex 32.7328 30.6724 2.15
      vertex 31.6967 30.1679 2.15
      vertex 32.722 29.9238 2.15
    endloop
  endfacet
  facet normal 0 0 1
    outer loop
      vertex 32.9569 28.6696 2.15
      vertex 32.0797 28.2973 2.15
      vertex 32.3775 27.8623 2.15
    endloop
  endfacet
  facet normal 0 0 1
    outer loop
      vertex 33.1396 28.3668 2.15
      vertex 32.3775 27.8623 2.15
      vertex 32.7568 27.5229 2.15
    endloop
  endfacet
  facet normal 0 0 1
    outer loop
      vertex 67.36 24.8894 2.15
      vertex 68.3364 27.1841 2.15
      vertex 68.3351 27.5714 2.15
    endloop
  endfacet
  facet normal 0 0 1
    outer loop
      vertex 67.36 24.8894 2.15
      vertex 68.3351 27.5714 2.15
      vertex 68.331 27.8541 2.15
    endloop
  endfacet
  facet normal 0 0 1
    outer loop
      vertex 68.3148 28.1064 2.15
      vertex 68.331 27.8541 2.15
      vertex 68.3242 28.0325 2.15
    endloop
  endfacet
  facet normal 0 0 1
    outer loop
      vertex 68.331 27.8541 2.15
      vertex 68.3148 28.1064 2.15
      vertex 67.36 24.8894 2.15
    endloop
  endfacet
  facet normal 0 0 1
    outer loop
      vertex 68.3471 30.4549 2.15
      vertex 67.36 31.866 2.15
      vertex 68.3364 30.0594 2.15
    endloop
  endfacet
  facet normal 0 0 1
    outer loop
      vertex 67.3518 32.6186 2.15
      vertex 68.3055 32.63 2.15
      vertex 68.2992 32.7413 2.15
    endloop
  endfacet
  facet normal 0 0 1
    outer loop
      vertex 67.3518 32.6186 2.15
      vertex 68.2992 32.7413 2.15
      vertex 68.2932 32.8348 2.15
    endloop
  endfacet
  facet normal -0 0 1
    outer loop
      vertex 67.3416 32.88 2.15
      vertex 68.2932 32.8348 2.15
      vertex 68.2876 32.9102 2.15
    endloop
  endfacet
  facet normal 0 0 1
    outer loop
      vertex 67.3416 32.88 2.15
      vertex 68.2876 32.9102 2.15
      vertex 68.2825 32.9697 2.15
    endloop
  endfacet
  facet normal 0 0 1
    outer loop
      vertex 67.3416 32.88 2.15
      vertex 68.2825 32.9697 2.15
      vertex 68.2781 33.0153 2.15
    endloop
  endfacet
  facet normal 0 0 1
    outer loop
      vertex 68.3364 30.0594 2.15
      vertex 67.36 31.866 2.15
      vertex 68.3148 28.1064 2.15
    endloop
  endfacet
  facet normal 0 0 1
    outer loop
      vertex 67.3416 32.88 2.15
      vertex 68.2781 33.0153 2.15
      vertex 68.2744 33.047 2.15
    endloop
  endfacet
  facet normal 0 0 1
    outer loop
      vertex 67.3416 32.88 2.15
      vertex 68.2744 33.047 2.15
      vertex 68.2714 33.0648 2.15
    endloop
  endfacet
  facet normal 0 0 1
    outer loop
      vertex 67.36 24.8894 2.15
      vertex 68.3148 28.1064 2.15
      vertex 67.36 31.866 2.15
    endloop
  endfacet
  facet normal 0 0 1
    outer loop
      vertex 68.3364 27.1841 2.15
      vertex 67.36 24.8894 2.15
      vertex 68.3364 24.8894 2.15
    endloop
  endfacet
  facet normal 0 0 1
    outer loop
      vertex 68.3055 32.63 2.15
      vertex 67.3579 32.2806 2.15
      vertex 67.36 31.866 2.15
    endloop
  endfacet
  facet normal 0 0 1
    outer loop
      vertex 68.3055 32.63 2.15
      vertex 67.3518 32.6186 2.15
      vertex 67.3579 32.2806 2.15
    endloop
  endfacet
  facet normal 0 0 1
    outer loop
      vertex 68.2932 32.8348 2.15
      vertex 67.3416 32.88 2.15
      vertex 67.3518 32.6186 2.15
    endloop
  endfacet
  facet normal 0 -0 1
    outer loop
      vertex 67.3416 32.88 2.15
      vertex 68.2714 33.0648 2.15
      vertex 67.3274 33.0648 2.15
    endloop
  endfacet
  facet normal 0 0 1
    outer loop
      vertex 72.3239 30.1571 2.15
      vertex 71.2778 30.7046 2.15
      vertex 71.2985 30.1353 2.15
    endloop
  endfacet
  facet normal 0 0 1
    outer loop
      vertex 71.7868 32.441 2.15
      vertex 71.2158 31.1864 2.15
      vertex 71.2778 30.7046 2.15
    endloop
  endfacet
  facet normal 0 0 1
    outer loop
      vertex 70.7777 32.1179 2.15
      vertex 71.484 32.759 2.15
      vertex 71.1127 32.9862 2.15
    endloop
  endfacet
  facet normal 0 0 1
    outer loop
      vertex 71.7868 32.441 2.15
      vertex 71.1124 31.5808 2.15
      vertex 71.2158 31.1864 2.15
    endloop
  endfacet
  facet normal 0 0 1
    outer loop
      vertex 71.7868 32.441 2.15
      vertex 70.9676 31.8876 2.15
      vertex 71.1124 31.5808 2.15
    endloop
  endfacet
  facet normal 0 0 1
    outer loop
      vertex 71.484 32.759 2.15
      vertex 70.7777 32.1179 2.15
      vertex 70.9676 31.8876 2.15
    endloop
  endfacet
  facet normal 0 0 1
    outer loop
      vertex 70.539 32.2823 2.15
      vertex 71.1127 32.9862 2.15
      vertex 70.6729 33.1225 2.15
    endloop
  endfacet
  facet normal 0 0 1
    outer loop
      vertex 71.1127 32.9862 2.15
      vertex 70.539 32.2823 2.15
      vertex 70.7777 32.1179 2.15
    endloop
  endfacet
  facet normal 0 0 1
    outer loop
      vertex 70.6729 33.1225 2.15
      vertex 70.2515 32.381 2.15
      vertex 70.539 32.2823 2.15
    endloop
  endfacet
  facet normal 0 0 1
    outer loop
      vertex 70.1647 33.168 2.15
      vertex 70.2515 32.381 2.15
      vertex 70.6729 33.1225 2.15
    endloop
  endfacet
  facet normal 0 0 1
    outer loop
      vertex 70.1647 33.168 2.15
      vertex 69.9152 32.4139 2.15
      vertex 70.2515 32.381 2.15
    endloop
  endfacet
  facet normal -0 0 1
    outer loop
      vertex 69.8317 33.1522 2.15
      vertex 69.9152 32.4139 2.15
      vertex 70.1647 33.168 2.15
    endloop
  endfacet
  facet normal 0 0 1
    outer loop
      vertex 69.8317 33.1522 2.15
      vertex 69.6407 32.3986 2.15
      vertex 69.9152 32.4139 2.15
    endloop
  endfacet
  facet normal -0 0 1
    outer loop
      vertex 69.5327 33.1049 2.15
      vertex 69.6407 32.3986 2.15
      vertex 69.8317 33.1522 2.15
    endloop
  endfacet
  facet normal -0 0 1
    outer loop
      vertex 69.2675 33.026 2.15
      vertex 69.6407 32.3986 2.15
      vertex 69.5327 33.1049 2.15
    endloop
  endfacet
  facet normal 0 0 1
    outer loop
      vertex 69.6407 32.3986 2.15
      vertex 69.2675 33.026 2.15
      vertex 69.3977 32.3528 2.15
    endloop
  endfacet
  facet normal -0 0 1
    outer loop
      vertex 69.0363 32.9156 2.15
      vertex 69.3977 32.3528 2.15
      vertex 69.2675 33.026 2.15
    endloop
  endfacet
  facet normal 0 0 1
    outer loop
      vertex 69.3977 32.3528 2.15
      vertex 69.0363 32.9156 2.15
      vertex 69.1863 32.2765 2.15
    endloop
  endfacet
  facet normal -0 0 1
    outer loop
      vertex 68.8325 32.7714 2.15
      vertex 69.1863 32.2765 2.15
      vertex 69.0363 32.9156 2.15
    endloop
  endfacet
  facet normal 0 0 1
    outer loop
      vertex 69.1863 32.2765 2.15
      vertex 68.8325 32.7714 2.15
      vertex 69.0064 32.1697 2.15
    endloop
  endfacet
  facet normal -0 0 1
    outer loop
      vertex 68.6498 32.5908 2.15
      vertex 69.0064 32.1697 2.15
      vertex 68.8325 32.7714 2.15
    endloop
  endfacet
  facet normal -0 0 1
    outer loop
      vertex 68.488 32.374 2.15
      vertex 69.0064 32.1697 2.15
      vertex 68.6498 32.5908 2.15
    endloop
  endfacet
  facet normal 0 0 1
    outer loop
      vertex 69.0064 32.1697 2.15
      vertex 68.488 32.374 2.15
      vertex 68.8522 32.0305 2.15
    endloop
  endfacet
  facet normal -0 0 1
    outer loop
      vertex 68.3473 32.1209 2.15
      vertex 68.8522 32.0305 2.15
      vertex 68.488 32.374 2.15
    endloop
  endfacet
  facet normal 0 0 1
    outer loop
      vertex 68.8522 32.0305 2.15
      vertex 68.3473 32.1209 2.15
      vertex 68.7176 31.8571 2.15
    endloop
  endfacet
  facet normal 0 0 1
    outer loop
      vertex 68.7176 31.8571 2.15
      vertex 68.3473 32.1209 2.15
      vertex 68.6026 31.6494 2.15
    endloop
  endfacet
  facet normal -0 0 1
    outer loop
      vertex 68.3256 32.1209 2.15
      vertex 68.6026 31.6494 2.15
      vertex 68.3473 32.1209 2.15
    endloop
  endfacet
  facet normal 0 0 1
    outer loop
      vertex 68.6026 31.6494 2.15
      vertex 68.3256 32.1209 2.15
      vertex 68.5073 31.4075 2.15
    endloop
  endfacet
  facet normal -0 0 1
    outer loop
      vertex 67.36 31.866 2.15
      vertex 68.5073 31.4075 2.15
      vertex 68.3256 32.1209 2.15
    endloop
  endfacet
  facet normal 0 0 1
    outer loop
      vertex 68.5073 31.4075 2.15
      vertex 67.36 31.866 2.15
      vertex 68.4326 31.1289 2.15
    endloop
  endfacet
  facet normal 0 0 1
    outer loop
      vertex 68.4326 31.1289 2.15
      vertex 67.36 31.866 2.15
      vertex 68.3792 30.8114 2.15
    endloop
  endfacet
  facet normal 0 0 1
    outer loop
      vertex 68.3792 30.8114 2.15
      vertex 67.36 31.866 2.15
      vertex 68.3471 30.4549 2.15
    endloop
  endfacet
  facet normal 0 0 1
    outer loop
      vertex 71.2778 30.7046 2.15
      vertex 72.2903 30.8837 2.15
      vertex 72.1896 31.5065 2.15
    endloop
  endfacet
  facet normal -0 0 1
    outer loop
      vertex 71.2778 30.7046 2.15
      vertex 72.3239 30.1571 2.15
      vertex 72.2903 30.8837 2.15
    endloop
  endfacet
  facet normal 0 0 1
    outer loop
      vertex 71.2778 30.7046 2.15
      vertex 72.1896 31.5065 2.15
      vertex 72.0217 32.0256 2.15
    endloop
  endfacet
  facet normal 0 0 1
    outer loop
      vertex 71.2778 30.7046 2.15
      vertex 72.0217 32.0256 2.15
      vertex 71.7868 32.441 2.15
    endloop
  endfacet
  facet normal 0 0 1
    outer loop
      vertex 71.2777 29.5513 2.15
      vertex 72.3239 30.1571 2.15
      vertex 71.2985 30.1353 2.15
    endloop
  endfacet
  facet normal 0 0 1
    outer loop
      vertex 70.9676 31.8876 2.15
      vertex 71.7868 32.441 2.15
      vertex 71.484 32.759 2.15
    endloop
  endfacet
  facet normal 0 0 1
    outer loop
      vertex 72.3239 30.1571 2.15
      vertex 71.2777 29.5513 2.15
      vertex 72.1889 28.8137 2.15
    endloop
  endfacet
  facet normal -0 0 1
    outer loop
      vertex 71.2151 29.0578 2.15
      vertex 72.1889 28.8137 2.15
      vertex 71.2777 29.5513 2.15
    endloop
  endfacet
  facet normal 0 0 1
    outer loop
      vertex 71.1108 28.6548 2.15
      vertex 72.1889 28.8137 2.15
      vertex 71.2151 29.0578 2.15
    endloop
  endfacet
  facet normal 0 0 1
    outer loop
      vertex 72.1889 28.8137 2.15
      vertex 71.1108 28.6548 2.15
      vertex 71.7841 27.8542 2.15
    endloop
  endfacet
  facet normal -0 0 1
    outer loop
      vertex 70.9648 28.3424 2.15
      vertex 71.7841 27.8542 2.15
      vertex 71.1108 28.6548 2.15
    endloop
  endfacet
  facet normal -0 0 1
    outer loop
      vertex 70.7735 28.1086 2.15
      vertex 71.7841 27.8542 2.15
      vertex 70.9648 28.3424 2.15
    endloop
  endfacet
  facet normal 0 0 1
    outer loop
      vertex 71.7841 27.8542 2.15
      vertex 70.7735 28.1086 2.15
      vertex 71.1093 27.2784 2.15
    endloop
  endfacet
  facet normal -0 0 1
    outer loop
      vertex 70.5329 27.9416 2.15
      vertex 71.1093 27.2784 2.15
      vertex 70.7735 28.1086 2.15
    endloop
  endfacet
  facet normal 0 0 1
    outer loop
      vertex 70.1647 27.0865 2.15
      vertex 70.5329 27.9416 2.15
      vertex 70.2432 27.8414 2.15
    endloop
  endfacet
  facet normal 0 0 1
    outer loop
      vertex 70.5329 27.9416 2.15
      vertex 70.1647 27.0865 2.15
      vertex 71.1093 27.2784 2.15
    endloop
  endfacet
  facet normal -0 0 1
    outer loop
      vertex 69.9043 27.808 2.15
      vertex 70.1647 27.0865 2.15
      vertex 70.2432 27.8414 2.15
    endloop
  endfacet
  facet normal 0 0 1
    outer loop
      vertex 69.9043 27.808 2.15
      vertex 69.5422 27.1503 2.15
      vertex 70.1647 27.0865 2.15
    endloop
  endfacet
  facet normal 0 0 1
    outer loop
      vertex 69.5181 27.8423 2.15
      vertex 69.5422 27.1503 2.15
      vertex 69.9043 27.808 2.15
    endloop
  endfacet
  facet normal 0 0 1
    outer loop
      vertex 69.0309 27.3415 2.15
      vertex 69.5181 27.8423 2.15
      vertex 69.1895 27.945 2.15
    endloop
  endfacet
  facet normal 0 0 1
    outer loop
      vertex 69.5181 27.8423 2.15
      vertex 69.0309 27.3415 2.15
      vertex 69.5422 27.1503 2.15
    endloop
  endfacet
  facet normal 0 0 1
    outer loop
      vertex 68.6308 27.6602 2.15
      vertex 69.1895 27.945 2.15
      vertex 68.9186 28.1163 2.15
    endloop
  endfacet
  facet normal 0 0 1
    outer loop
      vertex 68.3419 28.1064 2.15
      vertex 68.9186 28.1163 2.15
      vertex 68.7053 28.356 2.15
    endloop
  endfacet
  facet normal 0 0 1
    outer loop
      vertex 69.1895 27.945 2.15
      vertex 68.6308 27.6602 2.15
      vertex 69.0309 27.3415 2.15
    endloop
  endfacet
  facet normal 0 0 1
    outer loop
      vertex 68.3419 28.1064 2.15
      vertex 68.7053 28.356 2.15
      vertex 68.5439 28.6679 2.15
    endloop
  endfacet
  facet normal 0 0 1
    outer loop
      vertex 68.3148 28.1064 2.15
      vertex 68.5439 28.6679 2.15
      vertex 68.4287 29.0558 2.15
    endloop
  endfacet
  facet normal 0 0 1
    outer loop
      vertex 68.3148 28.1064 2.15
      vertex 68.4287 29.0558 2.15
      vertex 68.3595 29.5196 2.15
    endloop
  endfacet
  facet normal 0 0 1
    outer loop
      vertex 68.9186 28.1163 2.15
      vertex 68.3419 28.1064 2.15
      vertex 68.6308 27.6602 2.15
    endloop
  endfacet
  facet normal 0 0 1
    outer loop
      vertex 68.3148 28.1064 2.15
      vertex 68.3595 29.5196 2.15
      vertex 68.3364 30.0594 2.15
    endloop
  endfacet
  facet normal 0 0 1
    outer loop
      vertex 68.3248 32.1833 2.15
      vertex 67.36 31.866 2.15
      vertex 68.3256 32.1209 2.15
    endloop
  endfacet
  facet normal 0 0 1
    outer loop
      vertex 67.36 31.866 2.15
      vertex 68.3248 32.1833 2.15
      vertex 68.3222 32.2673 2.15
    endloop
  endfacet
  facet normal 0 0 1
    outer loop
      vertex 67.36 31.866 2.15
      vertex 68.3222 32.2673 2.15
      vertex 68.318 32.3731 2.15
    endloop
  endfacet
  facet normal 0 0 1
    outer loop
      vertex 67.36 31.866 2.15
      vertex 68.318 32.3731 2.15
      vertex 68.312 32.5006 2.15
    endloop
  endfacet
  facet normal 0 0 1
    outer loop
      vertex 68.5439 28.6679 2.15
      vertex 68.3148 28.1064 2.15
      vertex 68.3419 28.1064 2.15
    endloop
  endfacet
  facet normal 0 0 1
    outer loop
      vertex 67.36 31.866 2.15
      vertex 68.312 32.5006 2.15
      vertex 68.3055 32.63 2.15
    endloop
  endfacet
  facet normal 0 1 -0
    outer loop
      vertex 18.4645 35.2457 1.2
      vertex 17.488 35.2457 2.15
      vertex 18.4645 35.2457 2.15
    endloop
  endfacet
  facet normal 0 1 0
    outer loop
      vertex 17.488 35.2457 2.15
      vertex 18.4645 35.2457 1.2
      vertex 17.488 35.2457 1.2
    endloop
  endfacet
  facet normal -1 0 0
    outer loop
      vertex 17.488 34.3126 1.2
      vertex 17.488 35.2457 2.15
      vertex 17.488 35.2457 1.2
    endloop
  endfacet
  facet normal -1 -0 0
    outer loop
      vertex 17.488 35.2457 2.15
      vertex 17.488 34.3126 1.2
      vertex 17.488 34.3126 2.15
    endloop
  endfacet
  facet normal 0 -1 0
    outer loop
      vertex 17.488 34.3126 1.2
      vertex 18.4645 34.3126 2.15
      vertex 17.488 34.3126 2.15
    endloop
  endfacet
  facet normal 0 -1 -0
    outer loop
      vertex 18.4645 34.3126 2.15
      vertex 17.488 34.3126 1.2
      vertex 18.4645 34.3126 1.2
    endloop
  endfacet
  facet normal 1 -0 0
    outer loop
      vertex 18.4645 34.3126 2.15
      vertex 18.4645 35.2457 1.2
      vertex 18.4645 35.2457 2.15
    endloop
  endfacet
  facet normal 1 0 0
    outer loop
      vertex 18.4645 35.2457 1.2
      vertex 18.4645 34.3126 2.15
      vertex 18.4645 34.3126 1.2
    endloop
  endfacet
  facet normal 0 1 -0
    outer loop
      vertex 74.371 35.2457 1.2
      vertex 73.3946 35.2457 2.15
      vertex 74.371 35.2457 2.15
    endloop
  endfacet
  facet normal 0 1 0
    outer loop
      vertex 73.3946 35.2457 2.15
      vertex 74.371 35.2457 1.2
      vertex 73.3946 35.2457 1.2
    endloop
  endfacet
  facet normal -1 0 0
    outer loop
      vertex 73.3946 27.195 1.2
      vertex 73.3946 35.2457 2.15
      vertex 73.3946 35.2457 1.2
    endloop
  endfacet
  facet normal -1 -0 0
    outer loop
      vertex 73.3946 35.2457 2.15
      vertex 73.3946 27.195 1.2
      vertex 73.3946 27.195 2.15
    endloop
  endfacet
  facet normal 0 -1 0
    outer loop
      vertex 73.3946 27.195 1.2
      vertex 74.371 27.195 2.15
      vertex 73.3946 27.195 2.15
    endloop
  endfacet
  facet normal 0 -1 -0
    outer loop
      vertex 74.371 27.195 2.15
      vertex 73.3946 27.195 1.2
      vertex 74.371 27.195 1.2
    endloop
  endfacet
  facet normal 1 -0 0
    outer loop
      vertex 74.371 27.195 2.15
      vertex 74.371 35.2457 1.2
      vertex 74.371 35.2457 2.15
    endloop
  endfacet
  facet normal 1 0 0
    outer loop
      vertex 74.371 35.2457 1.2
      vertex 74.371 27.195 2.15
      vertex 74.371 27.195 1.2
    endloop
  endfacet
  facet normal 0.155631 -0.987815 0
    outer loop
      vertex 22.0987 27.1018 1.2
      vertex 22.3894 27.1476 2.15
      vertex 22.0987 27.1018 2.15
    endloop
  endfacet
  facet normal 0.155631 -0.987815 0
    outer loop
      vertex 22.3894 27.1476 2.15
      vertex 22.0987 27.1018 1.2
      vertex 22.3894 27.1476 1.2
    endloop
  endfacet
  facet normal 0.277316 -0.960779 0
    outer loop
      vertex 22.3894 27.1476 1.2
      vertex 22.6534 27.2238 2.15
      vertex 22.3894 27.1476 2.15
    endloop
  endfacet
  facet normal 0.277316 -0.960779 0
    outer loop
      vertex 22.6534 27.2238 2.15
      vertex 22.3894 27.1476 1.2
      vertex 22.6534 27.2238 1.2
    endloop
  endfacet
  facet normal 0.4107 -0.91177 0
    outer loop
      vertex 22.6534 27.2238 1.2
      vertex 22.8905 27.3306 2.15
      vertex 22.6534 27.2238 2.15
    endloop
  endfacet
  facet normal 0.4107 -0.91177 0
    outer loop
      vertex 22.8905 27.3306 2.15
      vertex 22.6534 27.2238 1.2
      vertex 22.8905 27.3306 1.2
    endloop
  endfacet
  facet normal 0.555331 -0.831629 0
    outer loop
      vertex 22.8905 27.3306 1.2
      vertex 23.1033 27.4727 2.15
      vertex 22.8905 27.3306 2.15
    endloop
  endfacet
  facet normal 0.555331 -0.831629 0
    outer loop
      vertex 23.1033 27.4727 2.15
      vertex 22.8905 27.3306 1.2
      vertex 23.1033 27.4727 1.2
    endloop
  endfacet
  facet normal 0.690611 -0.723226 0
    outer loop
      vertex 23.1033 27.4727 1.2
      vertex 23.294 27.6548 2.15
      vertex 23.1033 27.4727 2.15
    endloop
  endfacet
  facet normal 0.690611 -0.723226 0
    outer loop
      vertex 23.294 27.6548 2.15
      vertex 23.1033 27.4727 1.2
      vertex 23.294 27.6548 1.2
    endloop
  endfacet
  facet normal 0.796197 -0.605038 0
    outer loop
      vertex 23.294 27.6548 2.15
      vertex 23.4627 27.8768 1.2
      vertex 23.4627 27.8768 2.15
    endloop
  endfacet
  facet normal 0.796197 -0.605038 0
    outer loop
      vertex 23.4627 27.8768 1.2
      vertex 23.294 27.6548 2.15
      vertex 23.294 27.6548 1.2
    endloop
  endfacet
  facet normal 0.872614 -0.488411 0
    outer loop
      vertex 23.4627 27.8768 2.15
      vertex 23.6094 28.1389 1.2
      vertex 23.6094 28.1389 2.15
    endloop
  endfacet
  facet normal 0.872614 -0.488411 0
    outer loop
      vertex 23.6094 28.1389 1.2
      vertex 23.4627 27.8768 2.15
      vertex 23.4627 27.8768 1.2
    endloop
  endfacet
  facet normal 0 -1 0
    outer loop
      vertex 23.6094 28.1389 1.2
      vertex 23.6311 28.1389 2.15
      vertex 23.6094 28.1389 2.15
    endloop
  endfacet
  facet normal 0 -1 -0
    outer loop
      vertex 23.6311 28.1389 2.15
      vertex 23.6094 28.1389 1.2
      vertex 23.6311 28.1389 1.2
    endloop
  endfacet
  facet normal -0.999949 -0.0100582 0
    outer loop
      vertex 23.6323 28.0196 1.2
      vertex 23.6311 28.1389 2.15
      vertex 23.6311 28.1389 1.2
    endloop
  endfacet
  facet normal -0.999949 -0.0100582 0
    outer loop
      vertex 23.6311 28.1389 2.15
      vertex 23.6323 28.0196 1.2
      vertex 23.6323 28.0196 2.15
    endloop
  endfacet
  facet normal -0.999639 -0.026872 0
    outer loop
      vertex 23.6358 27.8894 1.2
      vertex 23.6323 28.0196 2.15
      vertex 23.6323 28.0196 1.2
    endloop
  endfacet
  facet normal -0.999639 -0.026872 0
    outer loop
      vertex 23.6323 28.0196 2.15
      vertex 23.6358 27.8894 1.2
      vertex 23.6358 27.8894 2.15
    endloop
  endfacet
  facet normal -0.999127 -0.0417778 0
    outer loop
      vertex 23.6417 27.7483 1.2
      vertex 23.6358 27.8894 2.15
      vertex 23.6358 27.8894 1.2
    endloop
  endfacet
  facet normal -0.999127 -0.0417778 0
    outer loop
      vertex 23.6358 27.8894 2.15
      vertex 23.6417 27.7483 1.2
      vertex 23.6417 27.7483 2.15
    endloop
  endfacet
  facet normal -0.998509 -0.0545957 0
    outer loop
      vertex 23.65 27.5965 1.2
      vertex 23.6417 27.7483 2.15
      vertex 23.6417 27.7483 1.2
    endloop
  endfacet
  facet normal -0.998509 -0.0545957 0
    outer loop
      vertex 23.6417 27.7483 2.15
      vertex 23.65 27.5965 1.2
      vertex 23.65 27.5965 2.15
    endloop
  endfacet
  facet normal -0.997849 -0.0655471 0
    outer loop
      vertex 23.6594 27.4534 1.2
      vertex 23.65 27.5965 2.15
      vertex 23.65 27.5965 1.2
    endloop
  endfacet
  facet normal -0.997849 -0.0655471 0
    outer loop
      vertex 23.65 27.5965 2.15
      vertex 23.6594 27.4534 1.2
      vertex 23.6594 27.4534 2.15
    endloop
  endfacet
  facet normal -0.99693 -0.078293 0
    outer loop
      vertex 23.6684 27.3388 1.2
      vertex 23.6594 27.4534 2.15
      vertex 23.6594 27.4534 1.2
    endloop
  endfacet
  facet normal -0.99693 -0.078293 0
    outer loop
      vertex 23.6594 27.4534 2.15
      vertex 23.6684 27.3388 1.2
      vertex 23.6684 27.3388 2.15
    endloop
  endfacet
  facet normal -0.995049 -0.0993893 0
    outer loop
      vertex 23.677 27.2527 1.2
      vertex 23.6684 27.3388 2.15
      vertex 23.6684 27.3388 1.2
    endloop
  endfacet
  facet normal -0.995049 -0.0993893 0
    outer loop
      vertex 23.6684 27.3388 2.15
      vertex 23.677 27.2527 1.2
      vertex 23.677 27.2527 2.15
    endloop
  endfacet
  facet normal -0.989812 -0.142382 0
    outer loop
      vertex 23.6853 27.195 1.2
      vertex 23.677 27.2527 2.15
      vertex 23.677 27.2527 1.2
    endloop
  endfacet
  facet normal -0.989812 -0.142382 0
    outer loop
      vertex 23.677 27.2527 2.15
      vertex 23.6853 27.195 1.2
      vertex 23.6853 27.195 2.15
    endloop
  endfacet
  facet normal 0 -1 0
    outer loop
      vertex 23.6853 27.195 1.2
      vertex 24.6184 27.195 2.15
      vertex 23.6853 27.195 2.15
    endloop
  endfacet
  facet normal 0 -1 -0
    outer loop
      vertex 24.6184 27.195 2.15
      vertex 23.6853 27.195 1.2
      vertex 24.6184 27.195 1.2
    endloop
  endfacet
  facet normal 0.997083 0.0763266 0
    outer loop
      vertex 24.6184 27.195 2.15
      vertex 24.6042 27.3805 1.2
      vertex 24.6042 27.3805 2.15
    endloop
  endfacet
  facet normal 0.997083 0.0763266 0
    outer loop
      vertex 24.6042 27.3805 1.2
      vertex 24.6184 27.195 2.15
      vertex 24.6184 27.195 1.2
    endloop
  endfacet
  facet normal 0.999251 0.0386954 0
    outer loop
      vertex 24.6042 27.3805 2.15
      vertex 24.594 27.6439 1.2
      vertex 24.594 27.6439 2.15
    endloop
  endfacet
  facet normal 0.999251 0.0386954 0
    outer loop
      vertex 24.594 27.6439 1.2
      vertex 24.6042 27.3805 2.15
      vertex 24.6042 27.3805 1.2
    endloop
  endfacet
  facet normal 0.999841 0.0178595 0
    outer loop
      vertex 24.594 27.6439 2.15
      vertex 24.5879 27.9854 1.2
      vertex 24.5879 27.9854 2.15
    endloop
  endfacet
  facet normal 0.999841 0.0178595 0
    outer loop
      vertex 24.5879 27.9854 1.2
      vertex 24.594 27.6439 2.15
      vertex 24.594 27.6439 1.2
    endloop
  endfacet
  facet normal 0.999989 0.00476866 0
    outer loop
      vertex 24.5879 27.9854 2.15
      vertex 24.5859 28.4048 1.2
      vertex 24.5859 28.4048 2.15
    endloop
  endfacet
  facet normal 0.999989 0.00476866 0
    outer loop
      vertex 24.5859 28.4048 1.2
      vertex 24.5879 27.9854 2.15
      vertex 24.5879 27.9854 1.2
    endloop
  endfacet
  facet normal 1 -0 0
    outer loop
      vertex 24.5859 28.4048 2.15
      vertex 24.5859 35.2457 1.2
      vertex 24.5859 35.2457 2.15
    endloop
  endfacet
  facet normal 1 0 0
    outer loop
      vertex 24.5859 35.2457 1.2
      vertex 24.5859 28.4048 2.15
      vertex 24.5859 28.4048 1.2
    endloop
  endfacet
  facet normal 0 1 -0
    outer loop
      vertex 24.5859 35.2457 1.2
      vertex 23.6094 35.2457 2.15
      vertex 24.5859 35.2457 2.15
    endloop
  endfacet
  facet normal 0 1 0
    outer loop
      vertex 23.6094 35.2457 2.15
      vertex 24.5859 35.2457 1.2
      vertex 23.6094 35.2457 1.2
    endloop
  endfacet
  facet normal -1 0 0
    outer loop
      vertex 23.6094 32.8099 1.2
      vertex 23.6094 35.2457 2.15
      vertex 23.6094 35.2457 1.2
    endloop
  endfacet
  facet normal -1 -0 0
    outer loop
      vertex 23.6094 35.2457 2.15
      vertex 23.6094 32.8099 1.2
      vertex 23.6094 32.8099 2.15
    endloop
  endfacet
  facet normal -0.999862 -0.0166034 0
    outer loop
      vertex 23.6203 32.1535 1.2
      vertex 23.6094 32.8099 2.15
      vertex 23.6094 32.8099 1.2
    endloop
  endfacet
  facet normal -0.999862 -0.0166034 0
    outer loop
      vertex 23.6094 32.8099 2.15
      vertex 23.6203 32.1535 1.2
      vertex 23.6203 32.1535 2.15
    endloop
  endfacet
  facet normal 0 1 -0
    outer loop
      vertex 23.6203 32.1535 1.2
      vertex 23.6094 32.1535 2.15
      vertex 23.6203 32.1535 2.15
    endloop
  endfacet
  facet normal 0 1 0
    outer loop
      vertex 23.6094 32.1535 2.15
      vertex 23.6203 32.1535 1.2
      vertex 23.6094 32.1535 1.2
    endloop
  endfacet
  facet normal 0.860816 0.508917 0
    outer loop
      vertex 23.6094 32.1535 2.15
      vertex 23.4629 32.4013 1.2
      vertex 23.4629 32.4013 2.15
    endloop
  endfacet
  facet normal 0.860816 0.508917 0
    outer loop
      vertex 23.4629 32.4013 1.2
      vertex 23.6094 32.1535 2.15
      vertex 23.6094 32.1535 1.2
    endloop
  endfacet
  facet normal 0.783243 0.621715 0
    outer loop
      vertex 23.4629 32.4013 2.15
      vertex 23.2947 32.6132 1.2
      vertex 23.2947 32.6132 2.15
    endloop
  endfacet
  facet normal 0.783243 0.621715 0
    outer loop
      vertex 23.2947 32.6132 1.2
      vertex 23.4629 32.4013 2.15
      vertex 23.4629 32.4013 1.2
    endloop
  endfacet
  facet normal 0.679547 0.733632 -0
    outer loop
      vertex 23.2947 32.6132 1.2
      vertex 23.1048 32.7891 2.15
      vertex 23.2947 32.6132 2.15
    endloop
  endfacet
  facet normal 0.679547 0.733632 0
    outer loop
      vertex 23.1048 32.7891 2.15
      vertex 23.2947 32.6132 1.2
      vertex 23.1048 32.7891 1.2
    endloop
  endfacet
  facet normal 0.55206 0.833804 -0
    outer loop
      vertex 23.1048 32.7891 1.2
      vertex 22.8932 32.9292 2.15
      vertex 23.1048 32.7891 2.15
    endloop
  endfacet
  facet normal 0.55206 0.833804 0
    outer loop
      vertex 22.8932 32.9292 2.15
      vertex 23.1048 32.7891 1.2
      vertex 22.8932 32.9292 1.2
    endloop
  endfacet
  facet normal 0.411855 0.911249 -0
    outer loop
      vertex 22.8932 32.9292 1.2
      vertex 22.6569 33.036 2.15
      vertex 22.8932 32.9292 2.15
    endloop
  endfacet
  facet normal 0.411855 0.911249 0
    outer loop
      vertex 22.6569 33.036 2.15
      vertex 22.8932 32.9292 1.2
      vertex 22.6569 33.036 1.2
    endloop
  endfacet
  facet normal 0.277555 0.96071 -0
    outer loop
      vertex 22.6569 33.036 1.2
      vertex 22.3928 33.1123 2.15
      vertex 22.6569 33.036 2.15
    endloop
  endfacet
  facet normal 0.277555 0.96071 0
    outer loop
      vertex 22.3928 33.1123 2.15
      vertex 22.6569 33.036 1.2
      vertex 22.3928 33.1123 1.2
    endloop
  endfacet
  facet normal 0.155007 0.987913 -0
    outer loop
      vertex 22.3928 33.1123 1.2
      vertex 22.1009 33.1581 2.15
      vertex 22.3928 33.1123 2.15
    endloop
  endfacet
  facet normal 0.155007 0.987913 0
    outer loop
      vertex 22.1009 33.1581 2.15
      vertex 22.3928 33.1123 1.2
      vertex 22.1009 33.1581 1.2
    endloop
  endfacet
  facet normal 0.0474909 0.998872 -0
    outer loop
      vertex 22.1009 33.1581 1.2
      vertex 21.7812 33.1733 2.15
      vertex 22.1009 33.1581 2.15
    endloop
  endfacet
  facet normal 0.0474909 0.998872 0
    outer loop
      vertex 21.7812 33.1733 2.15
      vertex 22.1009 33.1581 1.2
      vertex 21.7812 33.1733 1.2
    endloop
  endfacet
  facet normal -0.199068 0.979986 0
    outer loop
      vertex 21.7812 33.1733 1.2
      vertex 20.8365 32.9814 2.15
      vertex 21.7812 33.1733 2.15
    endloop
  endfacet
  facet normal -0.199068 0.979986 0
    outer loop
      vertex 20.8365 32.9814 2.15
      vertex 21.7812 33.1733 1.2
      vertex 20.8365 32.9814 1.2
    endloop
  endfacet
  facet normal -0.649091 0.760711 0
    outer loop
      vertex 20.8365 32.9814 1.2
      vertex 20.1618 32.4057 2.15
      vertex 20.8365 32.9814 2.15
    endloop
  endfacet
  facet normal -0.649091 0.760711 0
    outer loop
      vertex 20.1618 32.4057 2.15
      vertex 20.8365 32.9814 1.2
      vertex 20.1618 32.4057 1.2
    endloop
  endfacet
  facet normal -0.92136 0.388709 0
    outer loop
      vertex 19.757 31.4462 1.2
      vertex 20.1618 32.4057 2.15
      vertex 20.1618 32.4057 1.2
    endloop
  endfacet
  facet normal -0.92136 0.388709 0
    outer loop
      vertex 20.1618 32.4057 2.15
      vertex 19.757 31.4462 1.2
      vertex 19.757 31.4462 2.15
    endloop
  endfacet
  facet normal -0.994989 0.0999877 0
    outer loop
      vertex 19.622 30.1028 1.2
      vertex 19.757 31.4462 2.15
      vertex 19.757 31.4462 1.2
    endloop
  endfacet
  facet normal -0.994989 0.0999877 0
    outer loop
      vertex 19.757 31.4462 2.15
      vertex 19.622 30.1028 1.2
      vertex 19.622 30.1028 2.15
    endloop
  endfacet
  facet normal -0.998938 -0.0460638 0
    outer loop
      vertex 19.6548 29.3915 1.2
      vertex 19.622 30.1028 2.15
      vertex 19.622 30.1028 1.2
    endloop
  endfacet
  facet normal -0.998938 -0.0460638 0
    outer loop
      vertex 19.622 30.1028 2.15
      vertex 19.6548 29.3915 1.2
      vertex 19.6548 29.3915 2.15
    endloop
  endfacet
  facet normal -0.98752 -0.157496 0
    outer loop
      vertex 19.7529 28.7764 1.2
      vertex 19.6548 29.3915 2.15
      vertex 19.6548 29.3915 1.2
    endloop
  endfacet
  facet normal -0.98752 -0.157496 0
    outer loop
      vertex 19.6548 29.3915 2.15
      vertex 19.7529 28.7764 1.2
      vertex 19.7529 28.7764 2.15
    endloop
  endfacet
  facet normal -0.953705 -0.300744 0
    outer loop
      vertex 19.9165 28.2576 1.2
      vertex 19.7529 28.7764 2.15
      vertex 19.7529 28.7764 1.2
    endloop
  endfacet
  facet normal -0.953705 -0.300744 0
    outer loop
      vertex 19.7529 28.7764 2.15
      vertex 19.9165 28.2576 1.2
      vertex 19.9165 28.2576 2.15
    endloop
  endfacet
  facet normal -0.87903 -0.476766 0
    outer loop
      vertex 20.1456 27.8352 1.2
      vertex 19.9165 28.2576 2.15
      vertex 19.9165 28.2576 1.2
    endloop
  endfacet
  facet normal -0.87903 -0.476766 0
    outer loop
      vertex 19.9165 28.2576 2.15
      vertex 20.1456 27.8352 1.2
      vertex 20.1456 27.8352 2.15
    endloop
  endfacet
  facet normal -0.739174 -0.673515 0
    outer loop
      vertex 20.4441 27.5076 1.2
      vertex 20.1456 27.8352 2.15
      vertex 20.1456 27.8352 1.2
    endloop
  endfacet
  facet normal -0.739174 -0.673515 0
    outer loop
      vertex 20.1456 27.8352 2.15
      vertex 20.4441 27.5076 1.2
      vertex 20.4441 27.5076 2.15
    endloop
  endfacet
  facet normal -0.532186 -0.846628 0
    outer loop
      vertex 20.4441 27.5076 1.2
      vertex 20.8162 27.2737 2.15
      vertex 20.4441 27.5076 2.15
    endloop
  endfacet
  facet normal -0.532186 -0.846628 -0
    outer loop
      vertex 20.8162 27.2737 2.15
      vertex 20.4441 27.5076 1.2
      vertex 20.8162 27.2737 1.2
    endloop
  endfacet
  facet normal -0.300455 -0.953796 0
    outer loop
      vertex 20.8162 27.2737 1.2
      vertex 21.2619 27.1333 2.15
      vertex 20.8162 27.2737 2.15
    endloop
  endfacet
  facet normal -0.300455 -0.953796 -0
    outer loop
      vertex 21.2619 27.1333 2.15
      vertex 20.8162 27.2737 1.2
      vertex 21.2619 27.1333 1.2
    endloop
  endfacet
  facet normal -0.0897576 -0.995964 0
    outer loop
      vertex 21.2619 27.1333 1.2
      vertex 21.7812 27.0865 2.15
      vertex 21.2619 27.1333 2.15
    endloop
  endfacet
  facet normal -0.0897576 -0.995964 -0
    outer loop
      vertex 21.7812 27.0865 2.15
      vertex 21.2619 27.1333 1.2
      vertex 21.7812 27.0865 1.2
    endloop
  endfacet
  facet normal 0.0481331 -0.998841 0
    outer loop
      vertex 21.7812 27.0865 1.2
      vertex 22.0987 27.1018 2.15
      vertex 21.7812 27.0865 2.15
    endloop
  endfacet
  facet normal 0.0481331 -0.998841 0
    outer loop
      vertex 22.0987 27.1018 2.15
      vertex 21.7812 27.0865 1.2
      vertex 22.0987 27.1018 1.2
    endloop
  endfacet
  facet normal 0.325217 0.94564 -0
    outer loop
      vertex 21.69 27.8738 1.2
      vertex 21.4001 27.9735 2.15
      vertex 21.69 27.8738 2.15
    endloop
  endfacet
  facet normal 0.325217 0.94564 0
    outer loop
      vertex 21.4001 27.9735 2.15
      vertex 21.69 27.8738 1.2
      vertex 21.4001 27.9735 1.2
    endloop
  endfacet
  facet normal 0.570531 0.821276 -0
    outer loop
      vertex 21.4001 27.9735 1.2
      vertex 21.161 28.1396 2.15
      vertex 21.4001 27.9735 2.15
    endloop
  endfacet
  facet normal 0.570531 0.821276 0
    outer loop
      vertex 21.161 28.1396 2.15
      vertex 21.4001 27.9735 1.2
      vertex 21.161 28.1396 1.2
    endloop
  endfacet
  facet normal 0.777401 0.629006 0
    outer loop
      vertex 21.161 28.1396 2.15
      vertex 20.9728 28.3722 1.2
      vertex 20.9728 28.3722 2.15
    endloop
  endfacet
  facet normal 0.777401 0.629006 0
    outer loop
      vertex 20.9728 28.3722 1.2
      vertex 21.161 28.1396 2.15
      vertex 21.161 28.1396 1.2
    endloop
  endfacet
  facet normal 0.908508 0.417867 0
    outer loop
      vertex 20.9728 28.3722 2.15
      vertex 20.8304 28.6818 1.2
      vertex 20.8304 28.6818 2.15
    endloop
  endfacet
  facet normal 0.908508 0.417867 0
    outer loop
      vertex 20.8304 28.6818 1.2
      vertex 20.9728 28.3722 2.15
      vertex 20.9728 28.3722 1.2
    endloop
  endfacet
  facet normal 0.96872 0.248158 0
    outer loop
      vertex 20.8304 28.6818 2.15
      vertex 20.7287 29.0788 1.2
      vertex 20.7287 29.0788 2.15
    endloop
  endfacet
  facet normal 0.96872 0.248158 0
    outer loop
      vertex 20.7287 29.0788 1.2
      vertex 20.8304 28.6818 2.15
      vertex 20.8304 28.6818 1.2
    endloop
  endfacet
  facet normal 0.992167 0.124917 0
    outer loop
      vertex 20.7287 29.0788 2.15
      vertex 20.6677 29.5633 1.2
      vertex 20.6677 29.5633 2.15
    endloop
  endfacet
  facet normal 0.992167 0.124917 0
    outer loop
      vertex 20.6677 29.5633 1.2
      vertex 20.7287 29.0788 2.15
      vertex 20.7287 29.0788 1.2
    endloop
  endfacet
  facet normal 0.999365 0.0356417 0
    outer loop
      vertex 20.6677 29.5633 2.15
      vertex 20.6473 30.1353 1.2
      vertex 20.6473 30.1353 2.15
    endloop
  endfacet
  facet normal 0.999365 0.0356417 0
    outer loop
      vertex 20.6473 30.1353 1.2
      vertex 20.6677 29.5633 2.15
      vertex 20.6677 29.5633 1.2
    endloop
  endfacet
  facet normal 0.999355 -0.0359102 0
    outer loop
      vertex 20.6473 30.1353 2.15
      vertex 20.6678 30.7058 1.2
      vertex 20.6678 30.7058 2.15
    endloop
  endfacet
  facet normal 0.999355 -0.0359102 0
    outer loop
      vertex 20.6678 30.7058 1.2
      vertex 20.6473 30.1353 2.15
      vertex 20.6473 30.1353 1.2
    endloop
  endfacet
  facet normal 0.992043 -0.125896 0
    outer loop
      vertex 20.6678 30.7058 2.15
      vertex 20.7294 31.1912 1.2
      vertex 20.7294 31.1912 2.15
    endloop
  endfacet
  facet normal 0.992043 -0.125896 0
    outer loop
      vertex 20.7294 31.1912 1.2
      vertex 20.6678 30.7058 2.15
      vertex 20.6678 30.7058 1.2
    endloop
  endfacet
  facet normal 0.968673 -0.24834 0
    outer loop
      vertex 20.7294 31.1912 2.15
      vertex 20.832 31.5914 1.2
      vertex 20.832 31.5914 2.15
    endloop
  endfacet
  facet normal 0.968673 -0.24834 0
    outer loop
      vertex 20.832 31.5914 1.2
      vertex 20.7294 31.1912 2.15
      vertex 20.7294 31.1912 1.2
    endloop
  endfacet
  facet normal 0.91001 -0.414586 0
    outer loop
      vertex 20.832 31.5914 2.15
      vertex 20.9756 31.9066 1.2
      vertex 20.9756 31.9066 2.15
    endloop
  endfacet
  facet normal 0.91001 -0.414586 0
    outer loop
      vertex 20.9756 31.9066 1.2
      vertex 20.832 31.5914 2.15
      vertex 20.832 31.5914 1.2
    endloop
  endfacet
  facet normal 0.782626 -0.622492 0
    outer loop
      vertex 20.9756 31.9066 2.15
      vertex 21.1653 32.1451 1.2
      vertex 21.1653 32.1451 2.15
    endloop
  endfacet
  facet normal 0.782626 -0.622492 0
    outer loop
      vertex 21.1653 32.1451 1.2
      vertex 20.9756 31.9066 2.15
      vertex 20.9756 31.9066 1.2
    endloop
  endfacet
  facet normal 0.577481 -0.816404 0
    outer loop
      vertex 21.1653 32.1451 1.2
      vertex 21.4062 32.3155 2.15
      vertex 21.1653 32.1451 2.15
    endloop
  endfacet
  facet normal 0.577481 -0.816404 0
    outer loop
      vertex 21.4062 32.3155 2.15
      vertex 21.1653 32.1451 1.2
      vertex 21.4062 32.3155 1.2
    endloop
  endfacet
  facet normal 0.33025 -0.943894 0
    outer loop
      vertex 21.4062 32.3155 1.2
      vertex 21.6983 32.4177 2.15
      vertex 21.4062 32.3155 2.15
    endloop
  endfacet
  facet normal 0.33025 -0.943894 0
    outer loop
      vertex 21.6983 32.4177 2.15
      vertex 21.4062 32.3155 1.2
      vertex 21.6983 32.4177 1.2
    endloop
  endfacet
  facet normal 0.0988721 -0.9951 0
    outer loop
      vertex 21.6983 32.4177 1.2
      vertex 22.0415 32.4518 2.15
      vertex 21.6983 32.4177 2.15
    endloop
  endfacet
  facet normal 0.0988721 -0.9951 0
    outer loop
      vertex 22.0415 32.4518 2.15
      vertex 21.6983 32.4177 1.2
      vertex 22.0415 32.4518 1.2
    endloop
  endfacet
  facet normal -0.088419 -0.996083 0
    outer loop
      vertex 22.0415 32.4518 1.2
      vertex 22.4234 32.4179 2.15
      vertex 22.0415 32.4518 2.15
    endloop
  endfacet
  facet normal -0.088419 -0.996083 -0
    outer loop
      vertex 22.4234 32.4179 2.15
      vertex 22.0415 32.4518 1.2
      vertex 22.4234 32.4179 1.2
    endloop
  endfacet
  facet normal -0.297725 -0.954652 0
    outer loop
      vertex 22.4234 32.4179 1.2
      vertex 22.7495 32.3162 2.15
      vertex 22.4234 32.4179 2.15
    endloop
  endfacet
  facet normal -0.297725 -0.954652 -0
    outer loop
      vertex 22.7495 32.3162 2.15
      vertex 22.4234 32.4179 1.2
      vertex 22.7495 32.3162 1.2
    endloop
  endfacet
  facet normal -0.530843 -0.84747 0
    outer loop
      vertex 22.7495 32.3162 1.2
      vertex 23.0201 32.1467 2.15
      vertex 22.7495 32.3162 2.15
    endloop
  endfacet
  facet normal -0.530843 -0.84747 -0
    outer loop
      vertex 23.0201 32.1467 2.15
      vertex 22.7495 32.3162 1.2
      vertex 23.0201 32.1467 1.2
    endloop
  endfacet
  facet normal -0.74121 -0.671273 0
    outer loop
      vertex 23.2351 31.9093 1.2
      vertex 23.0201 32.1467 2.15
      vertex 23.0201 32.1467 1.2
    endloop
  endfacet
  facet normal -0.74121 -0.671273 0
    outer loop
      vertex 23.0201 32.1467 2.15
      vertex 23.2351 31.9093 1.2
      vertex 23.2351 31.9093 2.15
    endloop
  endfacet
  facet normal -0.884404 -0.466721 0
    outer loop
      vertex 23.3988 31.5991 1.2
      vertex 23.2351 31.9093 2.15
      vertex 23.2351 31.9093 1.2
    endloop
  endfacet
  facet normal -0.884404 -0.466721 0
    outer loop
      vertex 23.2351 31.9093 2.15
      vertex 23.3988 31.5991 1.2
      vertex 23.3988 31.5991 2.15
    endloop
  endfacet
  facet normal -0.957479 -0.288501 0
    outer loop
      vertex 23.5158 31.2108 1.2
      vertex 23.3988 31.5991 2.15
      vertex 23.3988 31.5991 1.2
    endloop
  endfacet
  facet normal -0.957479 -0.288501 0
    outer loop
      vertex 23.3988 31.5991 2.15
      vertex 23.5158 31.2108 1.2
      vertex 23.5158 31.2108 2.15
    endloop
  endfacet
  facet normal -0.988852 -0.148901 0
    outer loop
      vertex 23.586 30.7446 1.2
      vertex 23.5158 31.2108 2.15
      vertex 23.5158 31.2108 1.2
    endloop
  endfacet
  facet normal -0.988852 -0.148901 0
    outer loop
      vertex 23.5158 31.2108 2.15
      vertex 23.586 30.7446 1.2
      vertex 23.586 30.7446 2.15
    endloop
  endfacet
  facet normal -0.999077 -0.0429592 0
    outer loop
      vertex 23.6094 30.2004 1.2
      vertex 23.586 30.7446 2.15
      vertex 23.586 30.7446 1.2
    endloop
  endfacet
  facet normal -0.999077 -0.0429592 0
    outer loop
      vertex 23.586 30.7446 2.15
      vertex 23.6094 30.2004 1.2
      vertex 23.6094 30.2004 2.15
    endloop
  endfacet
  facet normal -0.999144 0.0413658 0
    outer loop
      vertex 23.586 29.6352 1.2
      vertex 23.6094 30.2004 2.15
      vertex 23.6094 30.2004 1.2
    endloop
  endfacet
  facet normal -0.999144 0.0413658 0
    outer loop
      vertex 23.6094 30.2004 2.15
      vertex 23.586 29.6352 1.2
      vertex 23.586 29.6352 2.15
    endloop
  endfacet
  facet normal -0.98972 0.143018 0
    outer loop
      vertex 23.5158 29.1494 1.2
      vertex 23.586 29.6352 2.15
      vertex 23.586 29.6352 1.2
    endloop
  endfacet
  facet normal -0.98972 0.143018 0
    outer loop
      vertex 23.586 29.6352 2.15
      vertex 23.5158 29.1494 1.2
      vertex 23.5158 29.1494 2.15
    endloop
  endfacet
  facet normal -0.961005 0.276531 0
    outer loop
      vertex 23.3988 28.7428 1.2
      vertex 23.5158 29.1494 2.15
      vertex 23.5158 29.1494 1.2
    endloop
  endfacet
  facet normal -0.961005 0.276531 0
    outer loop
      vertex 23.5158 29.1494 2.15
      vertex 23.3988 28.7428 1.2
      vertex 23.3988 28.7428 2.15
    endloop
  endfacet
  facet normal -0.894318 0.447432 0
    outer loop
      vertex 23.2351 28.4156 1.2
      vertex 23.3988 28.7428 2.15
      vertex 23.3988 28.7428 1.2
    endloop
  endfacet
  facet normal -0.894318 0.447432 0
    outer loop
      vertex 23.3988 28.7428 2.15
      vertex 23.2351 28.4156 1.2
      vertex 23.2351 28.4156 2.15
    endloop
  endfacet
  facet normal -0.759065 0.651015 0
    outer loop
      vertex 23.0194 28.1641 1.2
      vertex 23.2351 28.4156 2.15
      vertex 23.2351 28.4156 1.2
    endloop
  endfacet
  facet normal -0.759065 0.651015 0
    outer loop
      vertex 23.2351 28.4156 2.15
      vertex 23.0194 28.1641 1.2
      vertex 23.0194 28.1641 2.15
    endloop
  endfacet
  facet normal -0.550381 0.834913 0
    outer loop
      vertex 23.0194 28.1641 1.2
      vertex 22.7468 27.9844 2.15
      vertex 23.0194 28.1641 2.15
    endloop
  endfacet
  facet normal -0.550381 0.834913 0
    outer loop
      vertex 22.7468 27.9844 2.15
      vertex 23.0194 28.1641 1.2
      vertex 22.7468 27.9844 1.2
    endloop
  endfacet
  facet normal -0.311205 0.950343 0
    outer loop
      vertex 22.7468 27.9844 1.2
      vertex 22.4173 27.8765 2.15
      vertex 22.7468 27.9844 2.15
    endloop
  endfacet
  facet normal -0.311205 0.950343 0
    outer loop
      vertex 22.4173 27.8765 2.15
      vertex 22.7468 27.9844 1.2
      vertex 22.4173 27.8765 1.2
    endloop
  endfacet
  facet normal -0.0924868 0.995714 0
    outer loop
      vertex 22.4173 27.8765 1.2
      vertex 22.0308 27.8406 2.15
      vertex 22.4173 27.8765 2.15
    endloop
  endfacet
  facet normal -0.0924868 0.995714 0
    outer loop
      vertex 22.0308 27.8406 2.15
      vertex 22.4173 27.8765 1.2
      vertex 22.0308 27.8406 1.2
    endloop
  endfacet
  facet normal 0.0969588 0.995288 -0
    outer loop
      vertex 22.0308 27.8406 1.2
      vertex 21.69 27.8738 2.15
      vertex 22.0308 27.8406 2.15
    endloop
  endfacet
  facet normal 0.0969588 0.995288 0
    outer loop
      vertex 21.69 27.8738 2.15
      vertex 22.0308 27.8406 1.2
      vertex 21.69 27.8738 1.2
    endloop
  endfacet
  facet normal 0.155631 -0.987815 0
    outer loop
      vertex 28.1333 27.1018 1.2
      vertex 28.424 27.1476 2.15
      vertex 28.1333 27.1018 2.15
    endloop
  endfacet
  facet normal 0.155631 -0.987815 0
    outer loop
      vertex 28.424 27.1476 2.15
      vertex 28.1333 27.1018 1.2
      vertex 28.424 27.1476 1.2
    endloop
  endfacet
  facet normal 0.277316 -0.960779 0
    outer loop
      vertex 28.424 27.1476 1.2
      vertex 28.688 27.2238 2.15
      vertex 28.424 27.1476 2.15
    endloop
  endfacet
  facet normal 0.277316 -0.960779 0
    outer loop
      vertex 28.688 27.2238 2.15
      vertex 28.424 27.1476 1.2
      vertex 28.688 27.2238 1.2
    endloop
  endfacet
  facet normal 0.4107 -0.91177 0
    outer loop
      vertex 28.688 27.2238 1.2
      vertex 28.9251 27.3306 2.15
      vertex 28.688 27.2238 2.15
    endloop
  endfacet
  facet normal 0.4107 -0.91177 0
    outer loop
      vertex 28.9251 27.3306 2.15
      vertex 28.688 27.2238 1.2
      vertex 28.9251 27.3306 1.2
    endloop
  endfacet
  facet normal 0.555331 -0.831629 0
    outer loop
      vertex 28.9251 27.3306 1.2
      vertex 29.1379 27.4727 2.15
      vertex 28.9251 27.3306 2.15
    endloop
  endfacet
  facet normal 0.555331 -0.831629 0
    outer loop
      vertex 29.1379 27.4727 2.15
      vertex 28.9251 27.3306 1.2
      vertex 29.1379 27.4727 1.2
    endloop
  endfacet
  facet normal 0.690611 -0.723226 0
    outer loop
      vertex 29.1379 27.4727 1.2
      vertex 29.3286 27.6548 2.15
      vertex 29.1379 27.4727 2.15
    endloop
  endfacet
  facet normal 0.690611 -0.723226 0
    outer loop
      vertex 29.3286 27.6548 2.15
      vertex 29.1379 27.4727 1.2
      vertex 29.3286 27.6548 1.2
    endloop
  endfacet
  facet normal 0.796197 -0.605038 0
    outer loop
      vertex 29.3286 27.6548 2.15
      vertex 29.4973 27.8768 1.2
      vertex 29.4973 27.8768 2.15
    endloop
  endfacet
  facet normal 0.796197 -0.605038 0
    outer loop
      vertex 29.4973 27.8768 1.2
      vertex 29.3286 27.6548 2.15
      vertex 29.3286 27.6548 1.2
    endloop
  endfacet
  facet normal 0.872614 -0.488411 0
    outer loop
      vertex 29.4973 27.8768 2.15
      vertex 29.644 28.1389 1.2
      vertex 29.644 28.1389 2.15
    endloop
  endfacet
  facet normal 0.872614 -0.488411 0
    outer loop
      vertex 29.644 28.1389 1.2
      vertex 29.4973 27.8768 2.15
      vertex 29.4973 27.8768 1.2
    endloop
  endfacet
  facet normal 0 -1 0
    outer loop
      vertex 29.644 28.1389 1.2
      vertex 29.6657 28.1389 2.15
      vertex 29.644 28.1389 2.15
    endloop
  endfacet
  facet normal 0 -1 -0
    outer loop
      vertex 29.6657 28.1389 2.15
      vertex 29.644 28.1389 1.2
      vertex 29.6657 28.1389 1.2
    endloop
  endfacet
  facet normal -0.999949 -0.0100582 0
    outer loop
      vertex 29.6669 28.0196 1.2
      vertex 29.6657 28.1389 2.15
      vertex 29.6657 28.1389 1.2
    endloop
  endfacet
  facet normal -0.999949 -0.0100582 0
    outer loop
      vertex 29.6657 28.1389 2.15
      vertex 29.6669 28.0196 1.2
      vertex 29.6669 28.0196 2.15
    endloop
  endfacet
  facet normal -0.999639 -0.026872 0
    outer loop
      vertex 29.6704 27.8894 1.2
      vertex 29.6669 28.0196 2.15
      vertex 29.6669 28.0196 1.2
    endloop
  endfacet
  facet normal -0.999639 -0.026872 0
    outer loop
      vertex 29.6669 28.0196 2.15
      vertex 29.6704 27.8894 1.2
      vertex 29.6704 27.8894 2.15
    endloop
  endfacet
  facet normal -0.999127 -0.0417778 0
    outer loop
      vertex 29.6763 27.7483 1.2
      vertex 29.6704 27.8894 2.15
      vertex 29.6704 27.8894 1.2
    endloop
  endfacet
  facet normal -0.999127 -0.0417778 0
    outer loop
      vertex 29.6704 27.8894 2.15
      vertex 29.6763 27.7483 1.2
      vertex 29.6763 27.7483 2.15
    endloop
  endfacet
  facet normal -0.998509 -0.0545957 0
    outer loop
      vertex 29.6846 27.5965 1.2
      vertex 29.6763 27.7483 2.15
      vertex 29.6763 27.7483 1.2
    endloop
  endfacet
  facet normal -0.998509 -0.0545957 0
    outer loop
      vertex 29.6763 27.7483 2.15
      vertex 29.6846 27.5965 1.2
      vertex 29.6846 27.5965 2.15
    endloop
  endfacet
  facet normal -0.997849 -0.0655471 0
    outer loop
      vertex 29.694 27.4534 1.2
      vertex 29.6846 27.5965 2.15
      vertex 29.6846 27.5965 1.2
    endloop
  endfacet
  facet normal -0.997849 -0.0655471 0
    outer loop
      vertex 29.6846 27.5965 2.15
      vertex 29.694 27.4534 1.2
      vertex 29.694 27.4534 2.15
    endloop
  endfacet
  facet normal -0.99693 -0.078293 0
    outer loop
      vertex 29.703 27.3388 1.2
      vertex 29.694 27.4534 2.15
      vertex 29.694 27.4534 1.2
    endloop
  endfacet
  facet normal -0.99693 -0.078293 0
    outer loop
      vertex 29.694 27.4534 2.15
      vertex 29.703 27.3388 1.2
      vertex 29.703 27.3388 2.15
    endloop
  endfacet
  facet normal -0.995049 -0.0993893 0
    outer loop
      vertex 29.7116 27.2527 1.2
      vertex 29.703 27.3388 2.15
      vertex 29.703 27.3388 1.2
    endloop
  endfacet
  facet normal -0.995049 -0.0993893 0
    outer loop
      vertex 29.703 27.3388 2.15
      vertex 29.7116 27.2527 1.2
      vertex 29.7116 27.2527 2.15
    endloop
  endfacet
  facet normal -0.989812 -0.142382 0
    outer loop
      vertex 29.7199 27.195 1.2
      vertex 29.7116 27.2527 2.15
      vertex 29.7116 27.2527 1.2
    endloop
  endfacet
  facet normal -0.989812 -0.142382 0
    outer loop
      vertex 29.7116 27.2527 2.15
      vertex 29.7199 27.195 1.2
      vertex 29.7199 27.195 2.15
    endloop
  endfacet
  facet normal 0 -1 0
    outer loop
      vertex 29.7199 27.195 1.2
      vertex 30.653 27.195 2.15
      vertex 29.7199 27.195 2.15
    endloop
  endfacet
  facet normal 0 -1 -0
    outer loop
      vertex 30.653 27.195 2.15
      vertex 29.7199 27.195 1.2
      vertex 30.653 27.195 1.2
    endloop
  endfacet
  facet normal 0.997083 0.0763266 0
    outer loop
      vertex 30.653 27.195 2.15
      vertex 30.6388 27.3805 1.2
      vertex 30.6388 27.3805 2.15
    endloop
  endfacet
  facet normal 0.997083 0.0763266 0
    outer loop
      vertex 30.6388 27.3805 1.2
      vertex 30.653 27.195 2.15
      vertex 30.653 27.195 1.2
    endloop
  endfacet
  facet normal 0.999251 0.0386954 0
    outer loop
      vertex 30.6388 27.3805 2.15
      vertex 30.6286 27.6439 1.2
      vertex 30.6286 27.6439 2.15
    endloop
  endfacet
  facet normal 0.999251 0.0386954 0
    outer loop
      vertex 30.6286 27.6439 1.2
      vertex 30.6388 27.3805 2.15
      vertex 30.6388 27.3805 1.2
    endloop
  endfacet
  facet normal 0.999841 0.0178595 0
    outer loop
      vertex 30.6286 27.6439 2.15
      vertex 30.6225 27.9854 1.2
      vertex 30.6225 27.9854 2.15
    endloop
  endfacet
  facet normal 0.999841 0.0178595 0
    outer loop
      vertex 30.6225 27.9854 1.2
      vertex 30.6286 27.6439 2.15
      vertex 30.6286 27.6439 1.2
    endloop
  endfacet
  facet normal 0.999989 0.00476866 0
    outer loop
      vertex 30.6225 27.9854 2.15
      vertex 30.6205 28.4048 1.2
      vertex 30.6205 28.4048 2.15
    endloop
  endfacet
  facet normal 0.999989 0.00476866 0
    outer loop
      vertex 30.6205 28.4048 1.2
      vertex 30.6225 27.9854 2.15
      vertex 30.6225 27.9854 1.2
    endloop
  endfacet
  facet normal 1 -0 0
    outer loop
      vertex 30.6205 28.4048 2.15
      vertex 30.6205 35.2457 1.2
      vertex 30.6205 35.2457 2.15
    endloop
  endfacet
  facet normal 1 0 0
    outer loop
      vertex 30.6205 35.2457 1.2
      vertex 30.6205 28.4048 2.15
      vertex 30.6205 28.4048 1.2
    endloop
  endfacet
  facet normal 0 1 -0
    outer loop
      vertex 30.6205 35.2457 1.2
      vertex 29.644 35.2457 2.15
      vertex 30.6205 35.2457 2.15
    endloop
  endfacet
  facet normal 0 1 0
    outer loop
      vertex 29.644 35.2457 2.15
      vertex 30.6205 35.2457 1.2
      vertex 29.644 35.2457 1.2
    endloop
  endfacet
  facet normal -1 0 0
    outer loop
      vertex 29.644 32.8099 1.2
      vertex 29.644 35.2457 2.15
      vertex 29.644 35.2457 1.2
    endloop
  endfacet
  facet normal -1 -0 0
    outer loop
      vertex 29.644 35.2457 2.15
      vertex 29.644 32.8099 1.2
      vertex 29.644 32.8099 2.15
    endloop
  endfacet
  facet normal -0.999862 -0.0166034 0
    outer loop
      vertex 29.6549 32.1535 1.2
      vertex 29.644 32.8099 2.15
      vertex 29.644 32.8099 1.2
    endloop
  endfacet
  facet normal -0.999862 -0.0166034 0
    outer loop
      vertex 29.644 32.8099 2.15
      vertex 29.6549 32.1535 1.2
      vertex 29.6549 32.1535 2.15
    endloop
  endfacet
  facet normal 0 1 -0
    outer loop
      vertex 29.6549 32.1535 1.2
      vertex 29.644 32.1535 2.15
      vertex 29.6549 32.1535 2.15
    endloop
  endfacet
  facet normal 0 1 0
    outer loop
      vertex 29.644 32.1535 2.15
      vertex 29.6549 32.1535 1.2
      vertex 29.644 32.1535 1.2
    endloop
  endfacet
  facet normal 0.860816 0.508917 0
    outer loop
      vertex 29.644 32.1535 2.15
      vertex 29.4975 32.4013 1.2
      vertex 29.4975 32.4013 2.15
    endloop
  endfacet
  facet normal 0.860816 0.508917 0
    outer loop
      vertex 29.4975 32.4013 1.2
      vertex 29.644 32.1535 2.15
      vertex 29.644 32.1535 1.2
    endloop
  endfacet
  facet normal 0.783243 0.621715 0
    outer loop
      vertex 29.4975 32.4013 2.15
      vertex 29.3293 32.6132 1.2
      vertex 29.3293 32.6132 2.15
    endloop
  endfacet
  facet normal 0.783243 0.621715 0
    outer loop
      vertex 29.3293 32.6132 1.2
      vertex 29.4975 32.4013 2.15
      vertex 29.4975 32.4013 1.2
    endloop
  endfacet
  facet normal 0.679547 0.733632 -0
    outer loop
      vertex 29.3293 32.6132 1.2
      vertex 29.1394 32.7891 2.15
      vertex 29.3293 32.6132 2.15
    endloop
  endfacet
  facet normal 0.679547 0.733632 0
    outer loop
      vertex 29.1394 32.7891 2.15
      vertex 29.3293 32.6132 1.2
      vertex 29.1394 32.7891 1.2
    endloop
  endfacet
  facet normal 0.55206 0.833804 -0
    outer loop
      vertex 29.1394 32.7891 1.2
      vertex 28.9278 32.9292 2.15
      vertex 29.1394 32.7891 2.15
    endloop
  endfacet
  facet normal 0.55206 0.833804 0
    outer loop
      vertex 28.9278 32.9292 2.15
      vertex 29.1394 32.7891 1.2
      vertex 28.9278 32.9292 1.2
    endloop
  endfacet
  facet normal 0.411855 0.911249 -0
    outer loop
      vertex 28.9278 32.9292 1.2
      vertex 28.6915 33.036 2.15
      vertex 28.9278 32.9292 2.15
    endloop
  endfacet
  facet normal 0.411855 0.911249 0
    outer loop
      vertex 28.6915 33.036 2.15
      vertex 28.9278 32.9292 1.2
      vertex 28.6915 33.036 1.2
    endloop
  endfacet
  facet normal 0.277555 0.96071 -0
    outer loop
      vertex 28.6915 33.036 1.2
      vertex 28.4274 33.1123 2.15
      vertex 28.6915 33.036 2.15
    endloop
  endfacet
  facet normal 0.277555 0.96071 0
    outer loop
      vertex 28.4274 33.1123 2.15
      vertex 28.6915 33.036 1.2
      vertex 28.4274 33.1123 1.2
    endloop
  endfacet
  facet normal 0.155007 0.987913 -0
    outer loop
      vertex 28.4274 33.1123 1.2
      vertex 28.1355 33.1581 2.15
      vertex 28.4274 33.1123 2.15
    endloop
  endfacet
  facet normal 0.155007 0.987913 0
    outer loop
      vertex 28.1355 33.1581 2.15
      vertex 28.4274 33.1123 1.2
      vertex 28.1355 33.1581 1.2
    endloop
  endfacet
  facet normal 0.0474909 0.998872 -0
    outer loop
      vertex 28.1355 33.1581 1.2
      vertex 27.8158 33.1733 2.15
      vertex 28.1355 33.1581 2.15
    endloop
  endfacet
  facet normal 0.0474909 0.998872 0
    outer loop
      vertex 27.8158 33.1733 2.15
      vertex 28.1355 33.1581 1.2
      vertex 27.8158 33.1733 1.2
    endloop
  endfacet
  facet normal -0.199088 0.979982 0
    outer loop
      vertex 27.8158 33.1733 1.2
      vertex 26.8712 32.9814 2.15
      vertex 27.8158 33.1733 2.15
    endloop
  endfacet
  facet normal -0.199088 0.979982 0
    outer loop
      vertex 26.8712 32.9814 2.15
      vertex 27.8158 33.1733 1.2
      vertex 26.8712 32.9814 1.2
    endloop
  endfacet
  facet normal -0.649035 0.760759 0
    outer loop
      vertex 26.8712 32.9814 1.2
      vertex 26.1964 32.4057 2.15
      vertex 26.8712 32.9814 2.15
    endloop
  endfacet
  facet normal -0.649035 0.760759 0
    outer loop
      vertex 26.1964 32.4057 2.15
      vertex 26.8712 32.9814 1.2
      vertex 26.1964 32.4057 1.2
    endloop
  endfacet
  facet normal -0.92136 0.388709 0
    outer loop
      vertex 25.7916 31.4462 1.2
      vertex 26.1964 32.4057 2.15
      vertex 26.1964 32.4057 1.2
    endloop
  endfacet
  facet normal -0.92136 0.388709 0
    outer loop
      vertex 26.1964 32.4057 2.15
      vertex 25.7916 31.4462 1.2
      vertex 25.7916 31.4462 2.15
    endloop
  endfacet
  facet normal -0.994989 0.0999877 0
    outer loop
      vertex 25.6566 30.1028 1.2
      vertex 25.7916 31.4462 2.15
      vertex 25.7916 31.4462 1.2
    endloop
  endfacet
  facet normal -0.994989 0.0999877 0
    outer loop
      vertex 25.7916 31.4462 2.15
      vertex 25.6566 30.1028 1.2
      vertex 25.6566 30.1028 2.15
    endloop
  endfacet
  facet normal -0.998938 -0.0460638 0
    outer loop
      vertex 25.6894 29.3915 1.2
      vertex 25.6566 30.1028 2.15
      vertex 25.6566 30.1028 1.2
    endloop
  endfacet
  facet normal -0.998938 -0.0460638 0
    outer loop
      vertex 25.6566 30.1028 2.15
      vertex 25.6894 29.3915 1.2
      vertex 25.6894 29.3915 2.15
    endloop
  endfacet
  facet normal -0.98752 -0.157496 0
    outer loop
      vertex 25.7875 28.7764 1.2
      vertex 25.6894 29.3915 2.15
      vertex 25.6894 29.3915 1.2
    endloop
  endfacet
  facet normal -0.98752 -0.157496 0
    outer loop
      vertex 25.6894 29.3915 2.15
      vertex 25.7875 28.7764 1.2
      vertex 25.7875 28.7764 2.15
    endloop
  endfacet
  facet normal -0.953705 -0.300744 0
    outer loop
      vertex 25.9511 28.2576 1.2
      vertex 25.7875 28.7764 2.15
      vertex 25.7875 28.7764 1.2
    endloop
  endfacet
  facet normal -0.953705 -0.300744 0
    outer loop
      vertex 25.7875 28.7764 2.15
      vertex 25.9511 28.2576 1.2
      vertex 25.9511 28.2576 2.15
    endloop
  endfacet
  facet normal -0.87903 -0.476766 0
    outer loop
      vertex 26.1802 27.8352 1.2
      vertex 25.9511 28.2576 2.15
      vertex 25.9511 28.2576 1.2
    endloop
  endfacet
  facet normal -0.87903 -0.476766 0
    outer loop
      vertex 25.9511 28.2576 2.15
      vertex 26.1802 27.8352 1.2
      vertex 26.1802 27.8352 2.15
    endloop
  endfacet
  facet normal -0.739174 -0.673515 0
    outer loop
      vertex 26.4787 27.5076 1.2
      vertex 26.1802 27.8352 2.15
      vertex 26.1802 27.8352 1.2
    endloop
  endfacet
  facet normal -0.739174 -0.673515 0
    outer loop
      vertex 26.1802 27.8352 2.15
      vertex 26.4787 27.5076 1.2
      vertex 26.4787 27.5076 2.15
    endloop
  endfacet
  facet normal -0.532186 -0.846628 0
    outer loop
      vertex 26.4787 27.5076 1.2
      vertex 26.8508 27.2737 2.15
      vertex 26.4787 27.5076 2.15
    endloop
  endfacet
  facet normal -0.532186 -0.846628 -0
    outer loop
      vertex 26.8508 27.2737 2.15
      vertex 26.4787 27.5076 1.2
      vertex 26.8508 27.2737 1.2
    endloop
  endfacet
  facet normal -0.300455 -0.953796 0
    outer loop
      vertex 26.8508 27.2737 1.2
      vertex 27.2965 27.1333 2.15
      vertex 26.8508 27.2737 2.15
    endloop
  endfacet
  facet normal -0.300455 -0.953796 -0
    outer loop
      vertex 27.2965 27.1333 2.15
      vertex 26.8508 27.2737 1.2
      vertex 27.2965 27.1333 1.2
    endloop
  endfacet
  facet normal -0.0897576 -0.995964 0
    outer loop
      vertex 27.2965 27.1333 1.2
      vertex 27.8158 27.0865 2.15
      vertex 27.2965 27.1333 2.15
    endloop
  endfacet
  facet normal -0.0897576 -0.995964 -0
    outer loop
      vertex 27.8158 27.0865 2.15
      vertex 27.2965 27.1333 1.2
      vertex 27.8158 27.0865 1.2
    endloop
  endfacet
  facet normal 0.0481331 -0.998841 0
    outer loop
      vertex 27.8158 27.0865 1.2
      vertex 28.1333 27.1018 2.15
      vertex 27.8158 27.0865 2.15
    endloop
  endfacet
  facet normal 0.0481331 -0.998841 0
    outer loop
      vertex 28.1333 27.1018 2.15
      vertex 27.8158 27.0865 1.2
      vertex 28.1333 27.1018 1.2
    endloop
  endfacet
  facet normal 0.325217 0.94564 -0
    outer loop
      vertex 27.7246 27.8738 1.2
      vertex 27.4347 27.9735 2.15
      vertex 27.7246 27.8738 2.15
    endloop
  endfacet
  facet normal 0.325217 0.94564 0
    outer loop
      vertex 27.4347 27.9735 2.15
      vertex 27.7246 27.8738 1.2
      vertex 27.4347 27.9735 1.2
    endloop
  endfacet
  facet normal 0.570531 0.821276 -0
    outer loop
      vertex 27.4347 27.9735 1.2
      vertex 27.1956 28.1396 2.15
      vertex 27.4347 27.9735 2.15
    endloop
  endfacet
  facet normal 0.570531 0.821276 0
    outer loop
      vertex 27.1956 28.1396 2.15
      vertex 27.4347 27.9735 1.2
      vertex 27.1956 28.1396 1.2
    endloop
  endfacet
  facet normal 0.777401 0.629006 0
    outer loop
      vertex 27.1956 28.1396 2.15
      vertex 27.0074 28.3722 1.2
      vertex 27.0074 28.3722 2.15
    endloop
  endfacet
  facet normal 0.777401 0.629006 0
    outer loop
      vertex 27.0074 28.3722 1.2
      vertex 27.1956 28.1396 2.15
      vertex 27.1956 28.1396 1.2
    endloop
  endfacet
  facet normal 0.908508 0.417867 0
    outer loop
      vertex 27.0074 28.3722 2.15
      vertex 26.865 28.6818 1.2
      vertex 26.865 28.6818 2.15
    endloop
  endfacet
  facet normal 0.908508 0.417867 0
    outer loop
      vertex 26.865 28.6818 1.2
      vertex 27.0074 28.3722 2.15
      vertex 27.0074 28.3722 1.2
    endloop
  endfacet
  facet normal 0.96872 0.248158 0
    outer loop
      vertex 26.865 28.6818 2.15
      vertex 26.7633 29.0788 1.2
      vertex 26.7633 29.0788 2.15
    endloop
  endfacet
  facet normal 0.96872 0.248158 0
    outer loop
      vertex 26.7633 29.0788 1.2
      vertex 26.865 28.6818 2.15
      vertex 26.865 28.6818 1.2
    endloop
  endfacet
  facet normal 0.992167 0.124917 0
    outer loop
      vertex 26.7633 29.0788 2.15
      vertex 26.7023 29.5633 1.2
      vertex 26.7023 29.5633 2.15
    endloop
  endfacet
  facet normal 0.992167 0.124917 0
    outer loop
      vertex 26.7023 29.5633 1.2
      vertex 26.7633 29.0788 2.15
      vertex 26.7633 29.0788 1.2
    endloop
  endfacet
  facet normal 0.999365 0.0356417 0
    outer loop
      vertex 26.7023 29.5633 2.15
      vertex 26.6819 30.1353 1.2
      vertex 26.6819 30.1353 2.15
    endloop
  endfacet
  facet normal 0.999365 0.0356417 0
    outer loop
      vertex 26.6819 30.1353 1.2
      vertex 26.7023 29.5633 2.15
      vertex 26.7023 29.5633 1.2
    endloop
  endfacet
  facet normal 0.999355 -0.0359102 0
    outer loop
      vertex 26.6819 30.1353 2.15
      vertex 26.7024 30.7058 1.2
      vertex 26.7024 30.7058 2.15
    endloop
  endfacet
  facet normal 0.999355 -0.0359102 0
    outer loop
      vertex 26.7024 30.7058 1.2
      vertex 26.6819 30.1353 2.15
      vertex 26.6819 30.1353 1.2
    endloop
  endfacet
  facet normal 0.992043 -0.125896 0
    outer loop
      vertex 26.7024 30.7058 2.15
      vertex 26.764 31.1912 1.2
      vertex 26.764 31.1912 2.15
    endloop
  endfacet
  facet normal 0.992043 -0.125896 0
    outer loop
      vertex 26.764 31.1912 1.2
      vertex 26.7024 30.7058 2.15
      vertex 26.7024 30.7058 1.2
    endloop
  endfacet
  facet normal 0.968673 -0.24834 0
    outer loop
      vertex 26.764 31.1912 2.15
      vertex 26.8666 31.5914 1.2
      vertex 26.8666 31.5914 2.15
    endloop
  endfacet
  facet normal 0.968673 -0.24834 0
    outer loop
      vertex 26.8666 31.5914 1.2
      vertex 26.764 31.1912 2.15
      vertex 26.764 31.1912 1.2
    endloop
  endfacet
  facet normal 0.91001 -0.414586 0
    outer loop
      vertex 26.8666 31.5914 2.15
      vertex 27.0102 31.9066 1.2
      vertex 27.0102 31.9066 2.15
    endloop
  endfacet
  facet normal 0.91001 -0.414586 0
    outer loop
      vertex 27.0102 31.9066 1.2
      vertex 26.8666 31.5914 2.15
      vertex 26.8666 31.5914 1.2
    endloop
  endfacet
  facet normal 0.782626 -0.622492 0
    outer loop
      vertex 27.0102 31.9066 2.15
      vertex 27.1999 32.1451 1.2
      vertex 27.1999 32.1451 2.15
    endloop
  endfacet
  facet normal 0.782626 -0.622492 0
    outer loop
      vertex 27.1999 32.1451 1.2
      vertex 27.0102 31.9066 2.15
      vertex 27.0102 31.9066 1.2
    endloop
  endfacet
  facet normal 0.577481 -0.816404 0
    outer loop
      vertex 27.1999 32.1451 1.2
      vertex 27.4408 32.3155 2.15
      vertex 27.1999 32.1451 2.15
    endloop
  endfacet
  facet normal 0.577481 -0.816404 0
    outer loop
      vertex 27.4408 32.3155 2.15
      vertex 27.1999 32.1451 1.2
      vertex 27.4408 32.3155 1.2
    endloop
  endfacet
  facet normal 0.33025 -0.943894 0
    outer loop
      vertex 27.4408 32.3155 1.2
      vertex 27.7329 32.4177 2.15
      vertex 27.4408 32.3155 2.15
    endloop
  endfacet
  facet normal 0.33025 -0.943894 0
    outer loop
      vertex 27.7329 32.4177 2.15
      vertex 27.4408 32.3155 1.2
      vertex 27.7329 32.4177 1.2
    endloop
  endfacet
  facet normal 0.0988436 -0.995103 0
    outer loop
      vertex 27.7329 32.4177 1.2
      vertex 28.0762 32.4518 2.15
      vertex 27.7329 32.4177 2.15
    endloop
  endfacet
  facet normal 0.0988436 -0.995103 0
    outer loop
      vertex 28.0762 32.4518 2.15
      vertex 27.7329 32.4177 1.2
      vertex 28.0762 32.4518 1.2
    endloop
  endfacet
  facet normal -0.088442 -0.996081 0
    outer loop
      vertex 28.0762 32.4518 1.2
      vertex 28.458 32.4179 2.15
      vertex 28.0762 32.4518 2.15
    endloop
  endfacet
  facet normal -0.088442 -0.996081 -0
    outer loop
      vertex 28.458 32.4179 2.15
      vertex 28.0762 32.4518 1.2
      vertex 28.458 32.4179 1.2
    endloop
  endfacet
  facet normal -0.297725 -0.954652 0
    outer loop
      vertex 28.458 32.4179 1.2
      vertex 28.7841 32.3162 2.15
      vertex 28.458 32.4179 2.15
    endloop
  endfacet
  facet normal -0.297725 -0.954652 -0
    outer loop
      vertex 28.7841 32.3162 2.15
      vertex 28.458 32.4179 1.2
      vertex 28.7841 32.3162 1.2
    endloop
  endfacet
  facet normal -0.530843 -0.84747 0
    outer loop
      vertex 28.7841 32.3162 1.2
      vertex 29.0547 32.1467 2.15
      vertex 28.7841 32.3162 2.15
    endloop
  endfacet
  facet normal -0.530843 -0.84747 -0
    outer loop
      vertex 29.0547 32.1467 2.15
      vertex 28.7841 32.3162 1.2
      vertex 29.0547 32.1467 1.2
    endloop
  endfacet
  facet normal -0.74121 -0.671273 0
    outer loop
      vertex 29.2697 31.9093 1.2
      vertex 29.0547 32.1467 2.15
      vertex 29.0547 32.1467 1.2
    endloop
  endfacet
  facet normal -0.74121 -0.671273 0
    outer loop
      vertex 29.0547 32.1467 2.15
      vertex 29.2697 31.9093 1.2
      vertex 29.2697 31.9093 2.15
    endloop
  endfacet
  facet normal -0.884287 -0.466944 0
    outer loop
      vertex 29.4335 31.5991 1.2
      vertex 29.2697 31.9093 2.15
      vertex 29.2697 31.9093 1.2
    endloop
  endfacet
  facet normal -0.884287 -0.466944 0
    outer loop
      vertex 29.2697 31.9093 2.15
      vertex 29.4335 31.5991 1.2
      vertex 29.4335 31.5991 2.15
    endloop
  endfacet
  facet normal -0.957548 -0.288275 0
    outer loop
      vertex 29.5504 31.2108 1.2
      vertex 29.4335 31.5991 2.15
      vertex 29.4335 31.5991 1.2
    endloop
  endfacet
  facet normal -0.957548 -0.288275 0
    outer loop
      vertex 29.4335 31.5991 2.15
      vertex 29.5504 31.2108 1.2
      vertex 29.5504 31.2108 2.15
    endloop
  endfacet
  facet normal -0.988852 -0.148901 0
    outer loop
      vertex 29.6206 30.7446 1.2
      vertex 29.5504 31.2108 2.15
      vertex 29.5504 31.2108 1.2
    endloop
  endfacet
  facet normal -0.988852 -0.148901 0
    outer loop
      vertex 29.5504 31.2108 2.15
      vertex 29.6206 30.7446 1.2
      vertex 29.6206 30.7446 2.15
    endloop
  endfacet
  facet normal -0.999077 -0.0429592 0
    outer loop
      vertex 29.644 30.2004 1.2
      vertex 29.6206 30.7446 2.15
      vertex 29.6206 30.7446 1.2
    endloop
  endfacet
  facet normal -0.999077 -0.0429592 0
    outer loop
      vertex 29.6206 30.7446 2.15
      vertex 29.644 30.2004 1.2
      vertex 29.644 30.2004 2.15
    endloop
  endfacet
  facet normal -0.999144 0.0413658 0
    outer loop
      vertex 29.6206 29.6352 1.2
      vertex 29.644 30.2004 2.15
      vertex 29.644 30.2004 1.2
    endloop
  endfacet
  facet normal -0.999144 0.0413658 0
    outer loop
      vertex 29.644 30.2004 2.15
      vertex 29.6206 29.6352 1.2
      vertex 29.6206 29.6352 2.15
    endloop
  endfacet
  facet normal -0.98972 0.143018 0
    outer loop
      vertex 29.5504 29.1494 1.2
      vertex 29.6206 29.6352 2.15
      vertex 29.6206 29.6352 1.2
    endloop
  endfacet
  facet normal -0.98972 0.143018 0
    outer loop
      vertex 29.6206 29.6352 2.15
      vertex 29.5504 29.1494 1.2
      vertex 29.5504 29.1494 2.15
    endloop
  endfacet
  facet normal -0.961068 0.276313 0
    outer loop
      vertex 29.4335 28.7428 1.2
      vertex 29.5504 29.1494 2.15
      vertex 29.5504 29.1494 1.2
    endloop
  endfacet
  facet normal -0.961068 0.276313 0
    outer loop
      vertex 29.5504 29.1494 2.15
      vertex 29.4335 28.7428 1.2
      vertex 29.4335 28.7428 2.15
    endloop
  endfacet
  facet normal -0.894208 0.447651 0
    outer loop
      vertex 29.2697 28.4156 1.2
      vertex 29.4335 28.7428 2.15
      vertex 29.4335 28.7428 1.2
    endloop
  endfacet
  facet normal -0.894208 0.447651 0
    outer loop
      vertex 29.4335 28.7428 2.15
      vertex 29.2697 28.4156 1.2
      vertex 29.2697 28.4156 2.15
    endloop
  endfacet
  facet normal -0.759065 0.651015 0
    outer loop
      vertex 29.054 28.1641 1.2
      vertex 29.2697 28.4156 2.15
      vertex 29.2697 28.4156 1.2
    endloop
  endfacet
  facet normal -0.759065 0.651015 0
    outer loop
      vertex 29.2697 28.4156 2.15
      vertex 29.054 28.1641 1.2
      vertex 29.054 28.1641 2.15
    endloop
  endfacet
  facet normal -0.550381 0.834913 0
    outer loop
      vertex 29.054 28.1641 1.2
      vertex 28.7814 27.9844 2.15
      vertex 29.054 28.1641 2.15
    endloop
  endfacet
  facet normal -0.550381 0.834913 0
    outer loop
      vertex 28.7814 27.9844 2.15
      vertex 29.054 28.1641 1.2
      vertex 28.7814 27.9844 1.2
    endloop
  endfacet
  facet normal -0.311205 0.950343 0
    outer loop
      vertex 28.7814 27.9844 1.2
      vertex 28.4519 27.8765 2.15
      vertex 28.7814 27.9844 2.15
    endloop
  endfacet
  facet normal -0.311205 0.950343 0
    outer loop
      vertex 28.4519 27.8765 2.15
      vertex 28.7814 27.9844 1.2
      vertex 28.4519 27.8765 1.2
    endloop
  endfacet
  facet normal -0.0924868 0.995714 0
    outer loop
      vertex 28.4519 27.8765 1.2
      vertex 28.0654 27.8406 2.15
      vertex 28.4519 27.8765 2.15
    endloop
  endfacet
  facet normal -0.0924868 0.995714 0
    outer loop
      vertex 28.0654 27.8406 2.15
      vertex 28.4519 27.8765 1.2
      vertex 28.0654 27.8406 1.2
    endloop
  endfacet
  facet normal 0.0969588 0.995288 -0
    outer loop
      vertex 28.0654 27.8406 1.2
      vertex 27.7246 27.8738 2.15
      vertex 28.0654 27.8406 2.15
    endloop
  endfacet
  facet normal 0.0969588 0.995288 0
    outer loop
      vertex 27.7246 27.8738 2.15
      vertex 28.0654 27.8406 1.2
      vertex 27.7246 27.8738 1.2
    endloop
  endfacet
  facet normal 0 -1 0
    outer loop
      vertex 10.8564 30.7375 1.2
      vertex 14.9902 30.7375 2.15
      vertex 10.8564 30.7375 2.15
    endloop
  endfacet
  facet normal 0 -1 -0
    outer loop
      vertex 14.9902 30.7375 2.15
      vertex 10.8564 30.7375 1.2
      vertex 14.9902 30.7375 1.2
    endloop
  endfacet
  facet normal -1 0 0
    outer loop
      vertex 14.9902 27.195 1.2
      vertex 14.9902 30.7375 2.15
      vertex 14.9902 30.7375 1.2
    endloop
  endfacet
  facet normal -1 -0 0
    outer loop
      vertex 14.9902 30.7375 2.15
      vertex 14.9902 27.195 1.2
      vertex 14.9902 27.195 2.15
    endloop
  endfacet
  facet normal 0 -1 0
    outer loop
      vertex 14.9902 27.195 1.2
      vertex 16.0264 27.195 2.15
      vertex 14.9902 27.195 2.15
    endloop
  endfacet
  facet normal 0 -1 -0
    outer loop
      vertex 16.0264 27.195 2.15
      vertex 14.9902 27.195 1.2
      vertex 16.0264 27.195 1.2
    endloop
  endfacet
  facet normal 1 -0 0
    outer loop
      vertex 16.0264 27.195 2.15
      vertex 16.0264 34.8388 1.2
      vertex 16.0264 34.8388 2.15
    endloop
  endfacet
  facet normal 1 0 0
    outer loop
      vertex 16.0264 34.8388 1.2
      vertex 16.0264 27.195 2.15
      vertex 16.0264 27.195 1.2
    endloop
  endfacet
  facet normal 0 1 -0
    outer loop
      vertex 16.0264 34.8388 1.2
      vertex 14.9902 34.8388 2.15
      vertex 16.0264 34.8388 2.15
    endloop
  endfacet
  facet normal 0 1 0
    outer loop
      vertex 14.9902 34.8388 2.15
      vertex 16.0264 34.8388 1.2
      vertex 14.9902 34.8388 1.2
    endloop
  endfacet
  facet normal -1 0 0
    outer loop
      vertex 14.9902 31.6055 1.2
      vertex 14.9902 34.8388 2.15
      vertex 14.9902 34.8388 1.2
    endloop
  endfacet
  facet normal -1 -0 0
    outer loop
      vertex 14.9902 34.8388 2.15
      vertex 14.9902 31.6055 1.2
      vertex 14.9902 31.6055 2.15
    endloop
  endfacet
  facet normal 0 1 -0
    outer loop
      vertex 14.9902 31.6055 1.2
      vertex 10.8564 31.6055 2.15
      vertex 14.9902 31.6055 2.15
    endloop
  endfacet
  facet normal 0 1 0
    outer loop
      vertex 10.8564 31.6055 2.15
      vertex 14.9902 31.6055 1.2
      vertex 10.8564 31.6055 1.2
    endloop
  endfacet
  facet normal 1 -0 0
    outer loop
      vertex 10.8564 31.6055 2.15
      vertex 10.8564 34.8388 1.2
      vertex 10.8564 34.8388 2.15
    endloop
  endfacet
  facet normal 1 0 0
    outer loop
      vertex 10.8564 34.8388 1.2
      vertex 10.8564 31.6055 2.15
      vertex 10.8564 31.6055 1.2
    endloop
  endfacet
  facet normal 0 1 -0
    outer loop
      vertex 10.8564 34.8388 1.2
      vertex 9.82019 34.8388 2.15
      vertex 10.8564 34.8388 2.15
    endloop
  endfacet
  facet normal 0 1 0
    outer loop
      vertex 9.82019 34.8388 2.15
      vertex 10.8564 34.8388 1.2
      vertex 9.82019 34.8388 1.2
    endloop
  endfacet
  facet normal -1 0 0
    outer loop
      vertex 9.82019 27.195 1.2
      vertex 9.82019 34.8388 2.15
      vertex 9.82019 34.8388 1.2
    endloop
  endfacet
  facet normal -1 -0 0
    outer loop
      vertex 9.82019 34.8388 2.15
      vertex 9.82019 27.195 1.2
      vertex 9.82019 27.195 2.15
    endloop
  endfacet
  facet normal 0 -1 0
    outer loop
      vertex 9.82019 27.195 1.2
      vertex 10.8564 27.195 2.15
      vertex 9.82019 27.195 2.15
    endloop
  endfacet
  facet normal 0 -1 -0
    outer loop
      vertex 10.8564 27.195 2.15
      vertex 9.82019 27.195 1.2
      vertex 10.8564 27.195 1.2
    endloop
  endfacet
  facet normal 1 -0 0
    outer loop
      vertex 10.8564 27.195 2.15
      vertex 10.8564 30.7375 1.2
      vertex 10.8564 30.7375 2.15
    endloop
  endfacet
  facet normal 1 0 0
    outer loop
      vertex 10.8564 30.7375 1.2
      vertex 10.8564 27.195 2.15
      vertex 10.8564 27.195 1.2
    endloop
  endfacet
  facet normal 0 -1 0
    outer loop
      vertex 50.0186 33.9925 1.2
      vertex 52.6443 33.9925 2.15
      vertex 50.0186 33.9925 2.15
    endloop
  endfacet
  facet normal 0 -1 -0
    outer loop
      vertex 52.6443 33.9925 2.15
      vertex 50.0186 33.9925 1.2
      vertex 52.6443 33.9925 1.2
    endloop
  endfacet
  facet normal 1 -0 0
    outer loop
      vertex 52.6443 33.9925 2.15
      vertex 52.6443 34.8388 1.2
      vertex 52.6443 34.8388 2.15
    endloop
  endfacet
  facet normal 1 0 0
    outer loop
      vertex 52.6443 34.8388 1.2
      vertex 52.6443 33.9925 2.15
      vertex 52.6443 33.9925 1.2
    endloop
  endfacet
  facet normal 0 1 -0
    outer loop
      vertex 52.6443 34.8388 1.2
      vertex 46.3621 34.8388 2.15
      vertex 52.6443 34.8388 2.15
    endloop
  endfacet
  facet normal 0 1 0
    outer loop
      vertex 46.3621 34.8388 2.15
      vertex 52.6443 34.8388 1.2
      vertex 46.3621 34.8388 1.2
    endloop
  endfacet
  facet normal -1 0 0
    outer loop
      vertex 46.3621 33.9925 1.2
      vertex 46.3621 34.8388 2.15
      vertex 46.3621 34.8388 1.2
    endloop
  endfacet
  facet normal -1 -0 0
    outer loop
      vertex 46.3621 34.8388 2.15
      vertex 46.3621 33.9925 1.2
      vertex 46.3621 33.9925 2.15
    endloop
  endfacet
  facet normal 0 -1 0
    outer loop
      vertex 46.3621 33.9925 1.2
      vertex 48.9879 33.9925 2.15
      vertex 46.3621 33.9925 2.15
    endloop
  endfacet
  facet normal 0 -1 -0
    outer loop
      vertex 48.9879 33.9925 2.15
      vertex 46.3621 33.9925 1.2
      vertex 48.9879 33.9925 1.2
    endloop
  endfacet
  facet normal -1 0 0
    outer loop
      vertex 48.9879 27.195 1.2
      vertex 48.9879 33.9925 2.15
      vertex 48.9879 33.9925 1.2
    endloop
  endfacet
  facet normal -1 -0 0
    outer loop
      vertex 48.9879 33.9925 2.15
      vertex 48.9879 27.195 1.2
      vertex 48.9879 27.195 2.15
    endloop
  endfacet
  facet normal 0 -1 0
    outer loop
      vertex 48.9879 27.195 1.2
      vertex 50.0186 27.195 2.15
      vertex 48.9879 27.195 2.15
    endloop
  endfacet
  facet normal 0 -1 -0
    outer loop
      vertex 50.0186 27.195 2.15
      vertex 48.9879 27.195 1.2
      vertex 50.0186 27.195 1.2
    endloop
  endfacet
  facet normal 1 -0 0
    outer loop
      vertex 50.0186 27.195 2.15
      vertex 50.0186 33.9925 1.2
      vertex 50.0186 33.9925 2.15
    endloop
  endfacet
  facet normal 1 0 0
    outer loop
      vertex 50.0186 33.9925 1.2
      vertex 50.0186 27.195 2.15
      vertex 50.0186 27.195 1.2
    endloop
  endfacet
  facet normal 0.998041 -0.0625623 0
    outer loop
      vertex 39.0062 30.5964 2.15
      vertex 39.0316 31.0016 1.2
      vertex 39.0316 31.0016 2.15
    endloop
  endfacet
  facet normal 0.998041 -0.0625623 0
    outer loop
      vertex 39.0316 31.0016 1.2
      vertex 39.0062 30.5964 2.15
      vertex 39.0062 30.5964 1.2
    endloop
  endfacet
  facet normal 0.978081 -0.208224 0
    outer loop
      vertex 39.0316 31.0016 2.15
      vertex 39.1079 31.36 1.2
      vertex 39.1079 31.36 2.15
    endloop
  endfacet
  facet normal 0.978081 -0.208224 0
    outer loop
      vertex 39.1079 31.36 1.2
      vertex 39.0316 31.0016 2.15
      vertex 39.0316 31.0016 1.2
    endloop
  endfacet
  facet normal 0.925831 -0.377939 0
    outer loop
      vertex 39.1079 31.36 2.15
      vertex 39.2351 31.6716 1.2
      vertex 39.2351 31.6716 2.15
    endloop
  endfacet
  facet normal 0.925831 -0.377939 0
    outer loop
      vertex 39.2351 31.6716 1.2
      vertex 39.1079 31.36 2.15
      vertex 39.1079 31.36 1.2
    endloop
  endfacet
  facet normal 0.829923 -0.557879 0
    outer loop
      vertex 39.2351 31.6716 2.15
      vertex 39.4131 31.9364 1.2
      vertex 39.4131 31.9364 2.15
    endloop
  endfacet
  facet normal 0.829923 -0.557879 0
    outer loop
      vertex 39.4131 31.9364 1.2
      vertex 39.2351 31.6716 2.15
      vertex 39.2351 31.6716 1.2
    endloop
  endfacet
  facet normal 0.689435 -0.724347 0
    outer loop
      vertex 39.4131 31.9364 1.2
      vertex 39.6351 32.1477 2.15
      vertex 39.4131 31.9364 2.15
    endloop
  endfacet
  facet normal 0.689435 -0.724347 0
    outer loop
      vertex 39.6351 32.1477 2.15
      vertex 39.4131 31.9364 1.2
      vertex 39.6351 32.1477 1.2
    endloop
  endfacet
  facet normal 0.502586 -0.864527 0
    outer loop
      vertex 39.6351 32.1477 1.2
      vertex 39.8945 32.2985 2.15
      vertex 39.6351 32.1477 2.15
    endloop
  endfacet
  facet normal 0.502586 -0.864527 0
    outer loop
      vertex 39.8945 32.2985 2.15
      vertex 39.6351 32.1477 1.2
      vertex 39.8945 32.2985 1.2
    endloop
  endfacet
  facet normal 0.292047 -0.956404 0
    outer loop
      vertex 39.8945 32.2985 1.2
      vertex 40.1912 32.3891 2.15
      vertex 39.8945 32.2985 2.15
    endloop
  endfacet
  facet normal 0.292047 -0.956404 0
    outer loop
      vertex 40.1912 32.3891 2.15
      vertex 39.8945 32.2985 1.2
      vertex 40.1912 32.3891 1.2
    endloop
  endfacet
  facet normal 0.0897827 -0.995961 0
    outer loop
      vertex 40.1912 32.3891 1.2
      vertex 40.5251 32.4192 2.15
      vertex 40.1912 32.3891 2.15
    endloop
  endfacet
  facet normal 0.0897827 -0.995961 0
    outer loop
      vertex 40.5251 32.4192 2.15
      vertex 40.1912 32.3891 1.2
      vertex 40.5251 32.4192 1.2
    endloop
  endfacet
  facet normal -0.0387545 -0.999249 0
    outer loop
      vertex 40.5251 32.4192 1.2
      vertex 40.752 32.4104 2.15
      vertex 40.5251 32.4192 2.15
    endloop
  endfacet
  facet normal -0.0387545 -0.999249 -0
    outer loop
      vertex 40.752 32.4104 2.15
      vertex 40.5251 32.4192 1.2
      vertex 40.752 32.4104 1.2
    endloop
  endfacet
  facet normal -0.132427 -0.991193 0
    outer loop
      vertex 40.752 32.4104 1.2
      vertex 40.9496 32.384 2.15
      vertex 40.752 32.4104 2.15
    endloop
  endfacet
  facet normal -0.132427 -0.991193 -0
    outer loop
      vertex 40.9496 32.384 2.15
      vertex 40.752 32.4104 1.2
      vertex 40.9496 32.384 1.2
    endloop
  endfacet
  facet normal -0.253193 -0.967416 0
    outer loop
      vertex 40.9496 32.384 1.2
      vertex 41.1181 32.3399 2.15
      vertex 40.9496 32.384 2.15
    endloop
  endfacet
  facet normal -0.253193 -0.967416 -0
    outer loop
      vertex 41.1181 32.3399 2.15
      vertex 40.9496 32.384 1.2
      vertex 41.1181 32.3399 1.2
    endloop
  endfacet
  facet normal -0.404738 -0.914433 0
    outer loop
      vertex 41.1181 32.3399 1.2
      vertex 41.2575 32.2782 2.15
      vertex 41.1181 32.3399 2.15
    endloop
  endfacet
  facet normal -0.404738 -0.914433 -0
    outer loop
      vertex 41.2575 32.2782 2.15
      vertex 41.1181 32.3399 1.2
      vertex 41.2575 32.2782 1.2
    endloop
  endfacet
  facet normal -0.574831 -0.818272 0
    outer loop
      vertex 41.2575 32.2782 1.2
      vertex 41.3738 32.1965 2.15
      vertex 41.2575 32.2782 2.15
    endloop
  endfacet
  facet normal -0.574831 -0.818272 -0
    outer loop
      vertex 41.3738 32.1965 2.15
      vertex 41.2575 32.2782 1.2
      vertex 41.3738 32.1965 1.2
    endloop
  endfacet
  facet normal -0.723592 -0.690228 0
    outer loop
      vertex 41.4731 32.0924 1.2
      vertex 41.3738 32.1965 2.15
      vertex 41.3738 32.1965 1.2
    endloop
  endfacet
  facet normal -0.723592 -0.690228 0
    outer loop
      vertex 41.3738 32.1965 2.15
      vertex 41.4731 32.0924 1.2
      vertex 41.4731 32.0924 2.15
    endloop
  endfacet
  facet normal -0.837914 -0.545803 0
    outer loop
      vertex 41.5555 31.9659 1.2
      vertex 41.4731 32.0924 2.15
      vertex 41.4731 32.0924 1.2
    endloop
  endfacet
  facet normal -0.837914 -0.545803 0
    outer loop
      vertex 41.4731 32.0924 2.15
      vertex 41.5555 31.9659 1.2
      vertex 41.5555 31.9659 2.15
    endloop
  endfacet
  facet normal -0.915252 -0.402883 0
    outer loop
      vertex 41.621 31.8171 1.2
      vertex 41.5555 31.9659 2.15
      vertex 41.5555 31.9659 1.2
    endloop
  endfacet
  facet normal -0.915252 -0.402883 0
    outer loop
      vertex 41.5555 31.9659 2.15
      vertex 41.621 31.8171 1.2
      vertex 41.621 31.8171 2.15
    endloop
  endfacet
  facet normal -0.962344 -0.271836 0
    outer loop
      vertex 41.6708 31.6408 1.2
      vertex 41.621 31.8171 2.15
      vertex 41.621 31.8171 1.2
    endloop
  endfacet
  facet normal -0.962344 -0.271836 0
    outer loop
      vertex 41.621 31.8171 2.15
      vertex 41.6708 31.6408 1.2
      vertex 41.6708 31.6408 2.15
    endloop
  endfacet
  facet normal -0.985788 -0.167994 0
    outer loop
      vertex 41.7064 31.4319 1.2
      vertex 41.6708 31.6408 2.15
      vertex 41.6708 31.6408 1.2
    endloop
  endfacet
  facet normal -0.985788 -0.167994 0
    outer loop
      vertex 41.6708 31.6408 2.15
      vertex 41.7064 31.4319 1.2
      vertex 41.7064 31.4319 2.15
    endloop
  endfacet
  facet normal -0.996094 -0.0883032 0
    outer loop
      vertex 41.7278 31.1905 1.2
      vertex 41.7064 31.4319 2.15
      vertex 41.7064 31.4319 1.2
    endloop
  endfacet
  facet normal -0.996094 -0.0883032 0
    outer loop
      vertex 41.7064 31.4319 2.15
      vertex 41.7278 31.1905 1.2
      vertex 41.7278 31.1905 2.15
    endloop
  endfacet
  facet normal -0.999664 -0.0259037 0
    outer loop
      vertex 41.7349 30.9165 1.2
      vertex 41.7278 31.1905 2.15
      vertex 41.7278 31.1905 1.2
    endloop
  endfacet
  facet normal -0.999664 -0.0259037 0
    outer loop
      vertex 41.7278 31.1905 2.15
      vertex 41.7349 30.9165 1.2
      vertex 41.7349 30.9165 2.15
    endloop
  endfacet
  facet normal -1 0 0
    outer loop
      vertex 41.7349 27.195 1.2
      vertex 41.7349 30.9165 2.15
      vertex 41.7349 30.9165 1.2
    endloop
  endfacet
  facet normal -1 -0 0
    outer loop
      vertex 41.7349 30.9165 2.15
      vertex 41.7349 27.195 1.2
      vertex 41.7349 27.195 2.15
    endloop
  endfacet
  facet normal 0 -1 0
    outer loop
      vertex 41.7349 27.195 1.2
      vertex 42.7168 27.195 2.15
      vertex 41.7349 27.195 2.15
    endloop
  endfacet
  facet normal 0 -1 -0
    outer loop
      vertex 42.7168 27.195 2.15
      vertex 41.7349 27.195 1.2
      vertex 42.7168 27.195 1.2
    endloop
  endfacet
  facet normal 1 -0 0
    outer loop
      vertex 42.7168 27.195 2.15
      vertex 42.7168 31.1064 1.2
      vertex 42.7168 31.1064 2.15
    endloop
  endfacet
  facet normal 1 0 0
    outer loop
      vertex 42.7168 31.1064 1.2
      vertex 42.7168 27.195 2.15
      vertex 42.7168 27.195 1.2
    endloop
  endfacet
  facet normal 0.998521 0.054373 0
    outer loop
      vertex 42.7168 31.1064 2.15
      vertex 42.6888 31.6206 1.2
      vertex 42.6888 31.6206 2.15
    endloop
  endfacet
  facet normal 0.998521 0.054373 0
    outer loop
      vertex 42.6888 31.6206 1.2
      vertex 42.7168 31.1064 2.15
      vertex 42.7168 31.1064 1.2
    endloop
  endfacet
  facet normal 0.981976 0.189006 0
    outer loop
      vertex 42.6888 31.6206 2.15
      vertex 42.6049 32.0565 1.2
      vertex 42.6049 32.0565 2.15
    endloop
  endfacet
  facet normal 0.981976 0.189006 0
    outer loop
      vertex 42.6049 32.0565 1.2
      vertex 42.6888 31.6206 2.15
      vertex 42.6888 31.6206 1.2
    endloop
  endfacet
  facet normal 0.931235 0.364419 0
    outer loop
      vertex 42.6049 32.0565 2.15
      vertex 42.465 32.414 1.2
      vertex 42.465 32.414 2.15
    endloop
  endfacet
  facet normal 0.931235 0.364419 0
    outer loop
      vertex 42.465 32.414 1.2
      vertex 42.6049 32.0565 2.15
      vertex 42.6049 32.0565 1.2
    endloop
  endfacet
  facet normal 0.818736 0.574171 0
    outer loop
      vertex 42.465 32.414 2.15
      vertex 42.2692 32.6932 1.2
      vertex 42.2692 32.6932 2.15
    endloop
  endfacet
  facet normal 0.818736 0.574171 0
    outer loop
      vertex 42.2692 32.6932 1.2
      vertex 42.465 32.414 2.15
      vertex 42.465 32.414 1.2
    endloop
  endfacet
  facet normal 0.634256 0.773123 -0
    outer loop
      vertex 42.2692 32.6932 1.2
      vertex 42.0131 32.9033 2.15
      vertex 42.2692 32.6932 2.15
    endloop
  endfacet
  facet normal 0.634256 0.773123 0
    outer loop
      vertex 42.0131 32.9033 2.15
      vertex 42.2692 32.6932 1.2
      vertex 42.0131 32.9033 1.2
    endloop
  endfacet
  facet normal 0.423457 0.905916 -0
    outer loop
      vertex 42.0131 32.9033 1.2
      vertex 41.6922 33.0533 2.15
      vertex 42.0131 32.9033 2.15
    endloop
  endfacet
  facet normal 0.423457 0.905916 0
    outer loop
      vertex 41.6922 33.0533 2.15
      vertex 42.0131 32.9033 1.2
      vertex 41.6922 33.0533 1.2
    endloop
  endfacet
  facet normal 0.227238 0.973839 -0
    outer loop
      vertex 41.6922 33.0533 1.2
      vertex 41.3065 33.1433 2.15
      vertex 41.6922 33.0533 2.15
    endloop
  endfacet
  facet normal 0.227238 0.973839 0
    outer loop
      vertex 41.3065 33.1433 2.15
      vertex 41.6922 33.0533 1.2
      vertex 41.3065 33.1433 1.2
    endloop
  endfacet
  facet normal 0.0664602 0.997789 -0
    outer loop
      vertex 41.3065 33.1433 1.2
      vertex 40.8561 33.1733 2.15
      vertex 41.3065 33.1433 2.15
    endloop
  endfacet
  facet normal 0.0664602 0.997789 0
    outer loop
      vertex 40.8561 33.1733 2.15
      vertex 41.3065 33.1433 1.2
      vertex 40.8561 33.1733 1.2
    endloop
  endfacet
  facet normal -0.0501275 0.998743 0
    outer loop
      vertex 40.8561 33.1733 1.2
      vertex 40.5413 33.1575 2.15
      vertex 40.8561 33.1733 2.15
    endloop
  endfacet
  facet normal -0.0501275 0.998743 0
    outer loop
      vertex 40.5413 33.1575 2.15
      vertex 40.8561 33.1733 1.2
      vertex 40.5413 33.1575 1.2
    endloop
  endfacet
  facet normal -0.16201 0.986789 0
    outer loop
      vertex 40.5413 33.1575 1.2
      vertex 40.2532 33.1102 2.15
      vertex 40.5413 33.1575 2.15
    endloop
  endfacet
  facet normal -0.16201 0.986789 0
    outer loop
      vertex 40.2532 33.1102 2.15
      vertex 40.5413 33.1575 1.2
      vertex 40.2532 33.1102 1.2
    endloop
  endfacet
  facet normal -0.288726 0.957412 0
    outer loop
      vertex 40.2532 33.1102 1.2
      vertex 39.9919 33.0314 2.15
      vertex 40.2532 33.1102 2.15
    endloop
  endfacet
  facet normal -0.288726 0.957412 0
    outer loop
      vertex 39.9919 33.0314 2.15
      vertex 40.2532 33.1102 1.2
      vertex 39.9919 33.0314 1.2
    endloop
  endfacet
  facet normal -0.425778 0.904827 0
    outer loop
      vertex 39.9919 33.0314 1.2
      vertex 39.7575 32.9211 2.15
      vertex 39.9919 33.0314 2.15
    endloop
  endfacet
  facet normal -0.425778 0.904827 0
    outer loop
      vertex 39.7575 32.9211 2.15
      vertex 39.9919 33.0314 1.2
      vertex 39.7575 32.9211 1.2
    endloop
  endfacet
  facet normal -0.568951 0.822372 0
    outer loop
      vertex 39.7575 32.9211 1.2
      vertex 39.543 32.7727 2.15
      vertex 39.7575 32.9211 2.15
    endloop
  endfacet
  facet normal -0.568951 0.822372 0
    outer loop
      vertex 39.543 32.7727 2.15
      vertex 39.7575 32.9211 1.2
      vertex 39.543 32.7727 1.2
    endloop
  endfacet
  facet normal -0.691687 0.722197 0
    outer loop
      vertex 39.543 32.7727 1.2
      vertex 39.3418 32.58 2.15
      vertex 39.543 32.7727 2.15
    endloop
  endfacet
  facet normal -0.691687 0.722197 0
    outer loop
      vertex 39.3418 32.58 2.15
      vertex 39.543 32.7727 1.2
      vertex 39.3418 32.58 1.2
    endloop
  endfacet
  facet normal -0.783697 0.621143 0
    outer loop
      vertex 39.1538 32.3428 1.2
      vertex 39.3418 32.58 2.15
      vertex 39.3418 32.58 1.2
    endloop
  endfacet
  facet normal -0.783697 0.621143 0
    outer loop
      vertex 39.3418 32.58 2.15
      vertex 39.1538 32.3428 1.2
      vertex 39.1538 32.3428 2.15
    endloop
  endfacet
  facet normal -0.849757 0.527175 0
    outer loop
      vertex 38.9791 32.0612 1.2
      vertex 39.1538 32.3428 2.15
      vertex 39.1538 32.3428 1.2
    endloop
  endfacet
  facet normal -0.849757 0.527175 0
    outer loop
      vertex 39.1538 32.3428 2.15
      vertex 38.9791 32.0612 1.2
      vertex 38.9791 32.0612 2.15
    endloop
  endfacet
  facet normal 0 1 -0
    outer loop
      vertex 38.9791 32.0612 1.2
      vertex 38.9627 32.0612 2.15
      vertex 38.9791 32.0612 2.15
    endloop
  endfacet
  facet normal 0 1 0
    outer loop
      vertex 38.9627 32.0612 2.15
      vertex 38.9791 32.0612 1.2
      vertex 38.9627 32.0612 1.2
    endloop
  endfacet
  facet normal 0.999653 0.02636 0
    outer loop
      vertex 38.9627 32.0612 2.15
      vertex 38.9575 32.2584 1.2
      vertex 38.9575 32.2584 2.15
    endloop
  endfacet
  facet normal 0.999653 0.02636 0
    outer loop
      vertex 38.9575 32.2584 1.2
      vertex 38.9627 32.0612 2.15
      vertex 38.9627 32.0612 1.2
    endloop
  endfacet
  facet normal 0.999548 0.0300662 0
    outer loop
      vertex 38.9575 32.2584 2.15
      vertex 38.9526 32.4213 1.2
      vertex 38.9526 32.4213 2.15
    endloop
  endfacet
  facet normal 0.999548 0.0300662 0
    outer loop
      vertex 38.9526 32.4213 1.2
      vertex 38.9575 32.2584 2.15
      vertex 38.9575 32.2584 1.2
    endloop
  endfacet
  facet normal 0.999361 0.035747 0
    outer loop
      vertex 38.9526 32.4213 2.15
      vertex 38.948 32.5499 1.2
      vertex 38.948 32.5499 2.15
    endloop
  endfacet
  facet normal 0.999361 0.035747 0
    outer loop
      vertex 38.948 32.5499 1.2
      vertex 38.9526 32.4213 2.15
      vertex 38.9526 32.4213 1.2
    endloop
  endfacet
  facet normal 0.999012 0.0444476 0
    outer loop
      vertex 38.948 32.5499 2.15
      vertex 38.9438 32.6443 1.2
      vertex 38.9438 32.6443 2.15
    endloop
  endfacet
  facet normal 0.999012 0.0444476 0
    outer loop
      vertex 38.9438 32.6443 1.2
      vertex 38.948 32.5499 2.15
      vertex 38.948 32.5499 1.2
    endloop
  endfacet
  facet normal 0.998658 0.0517921 0
    outer loop
      vertex 38.9438 32.6443 2.15
      vertex 38.9399 32.7195 1.2
      vertex 38.9399 32.7195 2.15
    endloop
  endfacet
  facet normal 0.998658 0.0517921 0
    outer loop
      vertex 38.9399 32.7195 1.2
      vertex 38.9438 32.6443 2.15
      vertex 38.9438 32.6443 1.2
    endloop
  endfacet
  facet normal 0.998706 0.0508535 0
    outer loop
      vertex 38.9399 32.7195 2.15
      vertex 38.9363 32.7902 1.2
      vertex 38.9363 32.7902 2.15
    endloop
  endfacet
  facet normal 0.998706 0.0508535 0
    outer loop
      vertex 38.9363 32.7902 1.2
      vertex 38.9399 32.7195 2.15
      vertex 38.9399 32.7195 1.2
    endloop
  endfacet
  facet normal 0.998837 0.0482093 0
    outer loop
      vertex 38.9363 32.7902 2.15
      vertex 38.9331 32.8565 1.2
      vertex 38.9331 32.8565 2.15
    endloop
  endfacet
  facet normal 0.998837 0.0482093 0
    outer loop
      vertex 38.9331 32.8565 1.2
      vertex 38.9363 32.7902 2.15
      vertex 38.9363 32.7902 1.2
    endloop
  endfacet
  facet normal 0.998904 0.0467984 0
    outer loop
      vertex 38.9331 32.8565 2.15
      vertex 38.9302 32.9184 1.2
      vertex 38.9302 32.9184 2.15
    endloop
  endfacet
  facet normal 0.998904 0.0467984 0
    outer loop
      vertex 38.9302 32.9184 1.2
      vertex 38.9331 32.8565 2.15
      vertex 38.9331 32.8565 1.2
    endloop
  endfacet
  facet normal 0.998748 0.05003 0
    outer loop
      vertex 38.9302 32.9184 2.15
      vertex 38.9275 32.9723 1.2
      vertex 38.9275 32.9723 2.15
    endloop
  endfacet
  facet normal 0.998748 0.05003 0
    outer loop
      vertex 38.9275 32.9723 1.2
      vertex 38.9302 32.9184 2.15
      vertex 38.9302 32.9184 1.2
    endloop
  endfacet
  facet normal 0.997969 0.0637002 0
    outer loop
      vertex 38.9275 32.9723 2.15
      vertex 38.9248 33.0146 1.2
      vertex 38.9248 33.0146 2.15
    endloop
  endfacet
  facet normal 0.997969 0.0637002 0
    outer loop
      vertex 38.9248 33.0146 1.2
      vertex 38.9275 32.9723 2.15
      vertex 38.9275 32.9723 1.2
    endloop
  endfacet
  facet normal 0.996204 0.087047 0
    outer loop
      vertex 38.9248 33.0146 2.15
      vertex 38.9221 33.0455 1.2
      vertex 38.9221 33.0455 2.15
    endloop
  endfacet
  facet normal 0.996204 0.087047 0
    outer loop
      vertex 38.9221 33.0455 1.2
      vertex 38.9248 33.0146 2.15
      vertex 38.9248 33.0146 1.2
    endloop
  endfacet
  facet normal 0.990356 0.138547 0
    outer loop
      vertex 38.9221 33.0455 2.15
      vertex 38.9194 33.0648 1.2
      vertex 38.9194 33.0648 2.15
    endloop
  endfacet
  facet normal 0.990356 0.138547 0
    outer loop
      vertex 38.9194 33.0648 1.2
      vertex 38.9221 33.0455 2.15
      vertex 38.9221 33.0455 1.2
    endloop
  endfacet
  facet normal 0 1 -0
    outer loop
      vertex 38.9194 33.0648 1.2
      vertex 37.9971 33.0648 2.15
      vertex 38.9194 33.0648 2.15
    endloop
  endfacet
  facet normal 0 1 0
    outer loop
      vertex 37.9971 33.0648 2.15
      vertex 38.9194 33.0648 1.2
      vertex 37.9971 33.0648 1.2
    endloop
  endfacet
  facet normal -0.996206 -0.0870235 0
    outer loop
      vertex 38.0114 32.9011 1.2
      vertex 37.9971 33.0648 2.15
      vertex 37.9971 33.0648 1.2
    endloop
  endfacet
  facet normal -0.996206 -0.0870235 0
    outer loop
      vertex 37.9971 33.0648 2.15
      vertex 38.0114 32.9011 1.2
      vertex 38.0114 32.9011 2.15
    endloop
  endfacet
  facet normal -0.999266 -0.038302 0
    outer loop
      vertex 38.0215 32.6376 1.2
      vertex 38.0114 32.9011 2.15
      vertex 38.0114 32.9011 1.2
    endloop
  endfacet
  facet normal -0.999266 -0.038302 0
    outer loop
      vertex 38.0114 32.9011 2.15
      vertex 38.0215 32.6376 1.2
      vertex 38.0215 32.6376 2.15
    endloop
  endfacet
  facet normal -0.999859 -0.0167974 0
    outer loop
      vertex 38.0276 32.2745 1.2
      vertex 38.0215 32.6376 2.15
      vertex 38.0215 32.6376 1.2
    endloop
  endfacet
  facet normal -0.999859 -0.0167974 0
    outer loop
      vertex 38.0215 32.6376 2.15
      vertex 38.0276 32.2745 1.2
      vertex 38.0276 32.2745 2.15
    endloop
  endfacet
  facet normal -0.999991 -0.00432055 0
    outer loop
      vertex 38.0296 31.8116 1.2
      vertex 38.0276 32.2745 2.15
      vertex 38.0276 32.2745 1.2
    endloop
  endfacet
  facet normal -0.999991 -0.00432055 0
    outer loop
      vertex 38.0276 32.2745 2.15
      vertex 38.0296 31.8116 1.2
      vertex 38.0296 31.8116 2.15
    endloop
  endfacet
  facet normal -1 0 0
    outer loop
      vertex 38.0296 27.195 1.2
      vertex 38.0296 31.8116 2.15
      vertex 38.0296 31.8116 1.2
    endloop
  endfacet
  facet normal -1 -0 0
    outer loop
      vertex 38.0296 31.8116 2.15
      vertex 38.0296 27.195 1.2
      vertex 38.0296 27.195 2.15
    endloop
  endfacet
  facet normal 0 -1 0
    outer loop
      vertex 38.0296 27.195 1.2
      vertex 39.0062 27.195 2.15
      vertex 38.0296 27.195 2.15
    endloop
  endfacet
  facet normal 0 -1 -0
    outer loop
      vertex 39.0062 27.195 2.15
      vertex 38.0296 27.195 1.2
      vertex 39.0062 27.195 1.2
    endloop
  endfacet
  facet normal 1 -0 0
    outer loop
      vertex 39.0062 27.195 2.15
      vertex 39.0062 30.5964 1.2
      vertex 39.0062 30.5964 2.15
    endloop
  endfacet
  facet normal 1 0 0
    outer loop
      vertex 39.0062 30.5964 1.2
      vertex 39.0062 27.195 2.15
      vertex 39.0062 27.195 1.2
    endloop
  endfacet
  facet normal 0.356747 -0.934201 0
    outer loop
      vertex 79.0416 27.1733 1.2
      vertex 79.7235 27.4337 2.15
      vertex 79.0416 27.1733 2.15
    endloop
  endfacet
  facet normal 0.356747 -0.934201 0
    outer loop
      vertex 79.7235 27.4337 2.15
      vertex 79.0416 27.1733 1.2
      vertex 79.7235 27.4337 1.2
    endloop
  endfacet
  facet normal 0.644849 -0.76431 0
    outer loop
      vertex 79.7235 27.4337 1.2
      vertex 80.2379 27.8677 2.15
      vertex 79.7235 27.4337 2.15
    endloop
  endfacet
  facet normal 0.644849 -0.76431 0
    outer loop
      vertex 80.2379 27.8677 2.15
      vertex 79.7235 27.4337 1.2
      vertex 80.2379 27.8677 1.2
    endloop
  endfacet
  facet normal 0.868489 -0.495708 0
    outer loop
      vertex 80.2379 27.8677 2.15
      vertex 80.5847 28.4753 1.2
      vertex 80.5847 28.4753 2.15
    endloop
  endfacet
  facet normal 0.868489 -0.495708 0
    outer loop
      vertex 80.5847 28.4753 1.2
      vertex 80.2379 27.8677 2.15
      vertex 80.2379 27.8677 1.2
    endloop
  endfacet
  facet normal 0.273906 0.961756 -0
    outer loop
      vertex 80.5847 28.4753 1.2
      vertex 79.7276 28.7194 2.15
      vertex 80.5847 28.4753 2.15
    endloop
  endfacet
  facet normal 0.273906 0.961756 0
    outer loop
      vertex 79.7276 28.7194 2.15
      vertex 80.5847 28.4753 1.2
      vertex 79.7276 28.7194 1.2
    endloop
  endfacet
  facet normal -0.913307 0.407272 0
    outer loop
      vertex 79.6443 28.5326 1.2
      vertex 79.7276 28.7194 2.15
      vertex 79.7276 28.7194 1.2
    endloop
  endfacet
  facet normal -0.913307 0.407272 0
    outer loop
      vertex 79.7276 28.7194 2.15
      vertex 79.6443 28.5326 1.2
      vertex 79.6443 28.5326 2.15
    endloop
  endfacet
  facet normal -0.830166 0.557516 0
    outer loop
      vertex 79.5302 28.3627 1.2
      vertex 79.6443 28.5326 2.15
      vertex 79.6443 28.5326 1.2
    endloop
  endfacet
  facet normal -0.830166 0.557516 0
    outer loop
      vertex 79.6443 28.5326 2.15
      vertex 79.5302 28.3627 1.2
      vertex 79.5302 28.3627 2.15
    endloop
  endfacet
  facet normal -0.72584 0.687863 0
    outer loop
      vertex 79.3853 28.2098 1.2
      vertex 79.5302 28.3627 2.15
      vertex 79.5302 28.3627 1.2
    endloop
  endfacet
  facet normal -0.72584 0.687863 0
    outer loop
      vertex 79.5302 28.3627 2.15
      vertex 79.3853 28.2098 1.2
      vertex 79.3853 28.2098 2.15
    endloop
  endfacet
  facet normal -0.611665 0.791117 0
    outer loop
      vertex 79.3853 28.2098 1.2
      vertex 79.2094 28.0738 2.15
      vertex 79.3853 28.2098 2.15
    endloop
  endfacet
  facet normal -0.611665 0.791117 0
    outer loop
      vertex 79.2094 28.0738 2.15
      vertex 79.3853 28.2098 1.2
      vertex 79.2094 28.0738 1.2
    endloop
  endfacet
  facet normal -0.474404 0.880307 0
    outer loop
      vertex 79.2094 28.0738 1.2
      vertex 79.0025 27.9623 2.15
      vertex 79.2094 28.0738 2.15
    endloop
  endfacet
  facet normal -0.474404 0.880307 0
    outer loop
      vertex 79.0025 27.9623 2.15
      vertex 79.2094 28.0738 1.2
      vertex 79.0025 27.9623 1.2
    endloop
  endfacet
  facet normal -0.316824 0.948484 0
    outer loop
      vertex 79.0025 27.9623 1.2
      vertex 78.7639 27.8826 2.15
      vertex 79.0025 27.9623 2.15
    endloop
  endfacet
  facet normal -0.316824 0.948484 0
    outer loop
      vertex 78.7639 27.8826 2.15
      vertex 79.0025 27.9623 1.2
      vertex 78.7639 27.8826 1.2
    endloop
  endfacet
  facet normal -0.174326 0.984688 0
    outer loop
      vertex 78.7639 27.8826 1.2
      vertex 78.4939 27.8348 2.15
      vertex 78.7639 27.8826 2.15
    endloop
  endfacet
  facet normal -0.174326 0.984688 0
    outer loop
      vertex 78.4939 27.8348 2.15
      vertex 78.7639 27.8826 1.2
      vertex 78.4939 27.8348 1.2
    endloop
  endfacet
  facet normal -0.0529759 0.998596 0
    outer loop
      vertex 78.4939 27.8348 1.2
      vertex 78.1923 27.8188 2.15
      vertex 78.4939 27.8348 2.15
    endloop
  endfacet
  facet normal -0.0529759 0.998596 0
    outer loop
      vertex 78.1923 27.8188 2.15
      vertex 78.4939 27.8348 1.2
      vertex 78.1923 27.8188 1.2
    endloop
  endfacet
  facet normal 0.090512 0.995895 -0
    outer loop
      vertex 78.1923 27.8188 1.2
      vertex 77.8149 27.8531 2.15
      vertex 78.1923 27.8188 2.15
    endloop
  endfacet
  facet normal 0.090512 0.995895 0
    outer loop
      vertex 77.8149 27.8531 2.15
      vertex 78.1923 27.8188 1.2
      vertex 77.8149 27.8531 1.2
    endloop
  endfacet
  facet normal 0.297813 0.954624 -0
    outer loop
      vertex 77.8149 27.8531 1.2
      vertex 77.4857 27.9558 2.15
      vertex 77.8149 27.8531 2.15
    endloop
  endfacet
  facet normal 0.297813 0.954624 0
    outer loop
      vertex 77.4857 27.9558 2.15
      vertex 77.8149 27.8531 1.2
      vertex 77.4857 27.9558 1.2
    endloop
  endfacet
  facet normal 0.520246 0.854017 -0
    outer loop
      vertex 77.4857 27.9558 1.2
      vertex 77.2045 28.1271 2.15
      vertex 77.4857 27.9558 2.15
    endloop
  endfacet
  facet normal 0.520246 0.854017 0
    outer loop
      vertex 77.2045 28.1271 2.15
      vertex 77.4857 27.9558 1.2
      vertex 77.2045 28.1271 1.2
    endloop
  endfacet
  facet normal 0.717207 0.69686 0
    outer loop
      vertex 77.2045 28.1271 2.15
      vertex 76.9716 28.3668 1.2
      vertex 76.9716 28.3668 2.15
    endloop
  endfacet
  facet normal 0.717207 0.69686 0
    outer loop
      vertex 76.9716 28.3668 1.2
      vertex 77.2045 28.1271 2.15
      vertex 77.2045 28.1271 1.2
    endloop
  endfacet
  facet normal 0.856218 0.516615 0
    outer loop
      vertex 76.9716 28.3668 2.15
      vertex 76.7889 28.6696 1.2
      vertex 76.7889 28.6696 2.15
    endloop
  endfacet
  facet normal 0.856218 0.516615 0
    outer loop
      vertex 76.7889 28.6696 1.2
      vertex 76.9716 28.3668 2.15
      vertex 76.9716 28.3668 1.2
    endloop
  endfacet
  facet normal 0.940174 0.340696 0
    outer loop
      vertex 76.7889 28.6696 2.15
      vertex 76.6583 29.03 1.2
      vertex 76.6583 29.03 2.15
    endloop
  endfacet
  facet normal 0.940174 0.340696 0
    outer loop
      vertex 76.6583 29.03 1.2
      vertex 76.7889 28.6696 2.15
      vertex 76.7889 28.6696 1.2
    endloop
  endfacet
  facet normal 0.982912 0.184076 0
    outer loop
      vertex 76.6583 29.03 2.15
      vertex 76.58 29.4481 1.2
      vertex 76.58 29.4481 2.15
    endloop
  endfacet
  facet normal 0.982912 0.184076 0
    outer loop
      vertex 76.58 29.4481 1.2
      vertex 76.6583 29.03 2.15
      vertex 76.6583 29.03 1.2
    endloop
  endfacet
  facet normal 0.998498 0.0547841 0
    outer loop
      vertex 76.58 29.4481 2.15
      vertex 76.5539 29.9238 1.2
      vertex 76.5539 29.9238 2.15
    endloop
  endfacet
  facet normal 0.998498 0.0547841 0
    outer loop
      vertex 76.5539 29.9238 1.2
      vertex 76.58 29.4481 2.15
      vertex 76.58 29.4481 1.2
    endloop
  endfacet
  facet normal 0 -1 0
    outer loop
      vertex 76.5539 29.9238 1.2
      vertex 80.7421 29.9238 2.15
      vertex 76.5539 29.9238 2.15
    endloop
  endfacet
  facet normal 0 -1 -0
    outer loop
      vertex 80.7421 29.9238 2.15
      vertex 76.5539 29.9238 1.2
      vertex 80.7421 29.9238 1.2
    endloop
  endfacet
  facet normal 1 -0 0
    outer loop
      vertex 80.7421 29.9238 2.15
      vertex 80.7421 30.054 1.2
      vertex 80.7421 30.054 2.15
    endloop
  endfacet
  facet normal 1 0 0
    outer loop
      vertex 80.7421 30.054 1.2
      vertex 80.7421 29.9238 2.15
      vertex 80.7421 29.9238 1.2
    endloop
  endfacet
  facet normal 0.993045 0.117736 0
    outer loop
      vertex 80.7421 30.054 2.15
      vertex 80.5803 31.4187 1.2
      vertex 80.5803 31.4187 2.15
    endloop
  endfacet
  facet normal 0.993045 0.117736 0
    outer loop
      vertex 80.5803 31.4187 1.2
      vertex 80.7421 30.054 2.15
      vertex 80.7421 30.054 1.2
    endloop
  endfacet
  facet normal 0.895234 0.445597 0
    outer loop
      vertex 80.5803 31.4187 2.15
      vertex 80.0951 32.3935 1.2
      vertex 80.0951 32.3935 2.15
    endloop
  endfacet
  facet normal 0.895234 0.445597 0
    outer loop
      vertex 80.0951 32.3935 1.2
      vertex 80.5803 31.4187 2.15
      vertex 80.5803 31.4187 1.2
    endloop
  endfacet
  facet normal 0.586025 0.810293 -0
    outer loop
      vertex 80.0951 32.3935 1.2
      vertex 79.2865 32.9783 2.15
      vertex 80.0951 32.3935 2.15
    endloop
  endfacet
  facet normal 0.586025 0.810293 0
    outer loop
      vertex 79.2865 32.9783 2.15
      vertex 80.0951 32.3935 1.2
      vertex 79.2865 32.9783 1.2
    endloop
  endfacet
  facet normal 0.169732 0.98549 -0
    outer loop
      vertex 79.2865 32.9783 1.2
      vertex 78.1543 33.1733 2.15
      vertex 79.2865 32.9783 2.15
    endloop
  endfacet
  facet normal 0.169732 0.98549 0
    outer loop
      vertex 78.1543 33.1733 2.15
      vertex 79.2865 32.9783 1.2
      vertex 78.1543 33.1733 1.2
    endloop
  endfacet
  facet normal -0.0811754 0.9967 0
    outer loop
      vertex 78.1543 33.1733 1.2
      vertex 77.5588 33.1248 2.15
      vertex 78.1543 33.1733 2.15
    endloop
  endfacet
  facet normal -0.0811754 0.9967 0
    outer loop
      vertex 77.5588 33.1248 2.15
      vertex 78.1543 33.1733 1.2
      vertex 77.5588 33.1248 1.2
    endloop
  endfacet
  facet normal -0.267996 0.96342 0
    outer loop
      vertex 77.5588 33.1248 1.2
      vertex 77.0361 32.9794 2.15
      vertex 77.5588 33.1248 2.15
    endloop
  endfacet
  facet normal -0.267996 0.96342 0
    outer loop
      vertex 77.0361 32.9794 2.15
      vertex 77.5588 33.1248 1.2
      vertex 77.0361 32.9794 1.2
    endloop
  endfacet
  facet normal -0.474403 0.880308 0
    outer loop
      vertex 77.0361 32.9794 1.2
      vertex 76.5863 32.737 2.15
      vertex 77.0361 32.9794 2.15
    endloop
  endfacet
  facet normal -0.474403 0.880308 0
    outer loop
      vertex 76.5863 32.737 2.15
      vertex 77.0361 32.9794 1.2
      vertex 76.5863 32.737 1.2
    endloop
  endfacet
  facet normal -0.669172 0.743108 0
    outer loop
      vertex 76.5863 32.737 1.2
      vertex 76.2094 32.3976 2.15
      vertex 76.5863 32.737 2.15
    endloop
  endfacet
  facet normal -0.669172 0.743108 0
    outer loop
      vertex 76.2094 32.3976 2.15
      vertex 76.5863 32.737 1.2
      vertex 76.2094 32.3976 1.2
    endloop
  endfacet
  facet normal -0.822282 0.569081 0
    outer loop
      vertex 75.9116 31.9673 1.2
      vertex 76.2094 32.3976 2.15
      vertex 76.2094 32.3976 1.2
    endloop
  endfacet
  facet normal -0.822282 0.569081 0
    outer loop
      vertex 76.2094 32.3976 2.15
      vertex 75.9116 31.9673 1.2
      vertex 75.9116 31.9673 2.15
    endloop
  endfacet
  facet normal -0.924209 0.381887 0
    outer loop
      vertex 75.6988 31.4523 1.2
      vertex 75.9116 31.9673 2.15
      vertex 75.9116 31.9673 1.2
    endloop
  endfacet
  facet normal -0.924209 0.381887 0
    outer loop
      vertex 75.9116 31.9673 2.15
      vertex 75.6988 31.4523 1.2
      vertex 75.6988 31.4523 2.15
    endloop
  endfacet
  facet normal -0.978119 0.208048 0
    outer loop
      vertex 75.5712 30.8524 1.2
      vertex 75.6988 31.4523 2.15
      vertex 75.6988 31.4523 1.2
    endloop
  endfacet
  facet normal -0.978119 0.208048 0
    outer loop
      vertex 75.6988 31.4523 2.15
      vertex 75.5712 30.8524 1.2
      vertex 75.5712 30.8524 2.15
    endloop
  endfacet
  facet normal -0.998069 0.062115 0
    outer loop
      vertex 75.5286 30.1679 1.2
      vertex 75.5712 30.8524 2.15
      vertex 75.5712 30.8524 1.2
    endloop
  endfacet
  facet normal -0.998069 0.062115 0
    outer loop
      vertex 75.5712 30.8524 2.15
      vertex 75.5286 30.1679 1.2
      vertex 75.5286 30.1679 2.15
    endloop
  endfacet
  facet normal -0.998244 -0.0592438 0
    outer loop
      vertex 75.5712 29.4501 1.2
      vertex 75.5286 30.1679 2.15
      vertex 75.5286 30.1679 1.2
    endloop
  endfacet
  facet normal -0.998244 -0.0592438 0
    outer loop
      vertex 75.5286 30.1679 2.15
      vertex 75.5712 29.4501 1.2
      vertex 75.5712 29.4501 2.15
    endloop
  endfacet
  facet normal -0.979695 -0.200496 0
    outer loop
      vertex 75.6988 28.8266 1.2
      vertex 75.5712 29.4501 2.15
      vertex 75.5712 29.4501 1.2
    endloop
  endfacet
  facet normal -0.979695 -0.200496 0
    outer loop
      vertex 75.5712 29.4501 2.15
      vertex 75.6988 28.8266 1.2
      vertex 75.6988 28.8266 2.15
    endloop
  endfacet
  facet normal -0.927822 -0.373022 0
    outer loop
      vertex 75.9116 28.2973 1.2
      vertex 75.6988 28.8266 2.15
      vertex 75.6988 28.8266 1.2
    endloop
  endfacet
  facet normal -0.927822 -0.373022 0
    outer loop
      vertex 75.6988 28.8266 2.15
      vertex 75.9116 28.2973 1.2
      vertex 75.9116 28.2973 2.15
    endloop
  endfacet
  facet normal -0.825158 -0.564902 0
    outer loop
      vertex 76.2094 27.8623 1.2
      vertex 75.9116 28.2973 2.15
      vertex 75.9116 28.2973 1.2
    endloop
  endfacet
  facet normal -0.825158 -0.564902 0
    outer loop
      vertex 75.9116 28.2973 2.15
      vertex 76.2094 27.8623 1.2
      vertex 76.2094 27.8623 2.15
    endloop
  endfacet
  facet normal -0.666824 -0.745216 0
    outer loop
      vertex 76.2094 27.8623 1.2
      vertex 76.5887 27.5229 2.15
      vertex 76.2094 27.8623 2.15
    endloop
  endfacet
  facet normal -0.666824 -0.745216 -0
    outer loop
      vertex 76.5887 27.5229 2.15
      vertex 76.2094 27.8623 1.2
      vertex 76.5887 27.5229 1.2
    endloop
  endfacet
  facet normal -0.46866 -0.883378 0
    outer loop
      vertex 76.5887 27.5229 1.2
      vertex 77.0456 27.2805 2.15
      vertex 76.5887 27.5229 2.15
    endloop
  endfacet
  facet normal -0.46866 -0.883378 -0
    outer loop
      vertex 77.0456 27.2805 2.15
      vertex 76.5887 27.5229 1.2
      vertex 77.0456 27.2805 1.2
    endloop
  endfacet
  facet normal -0.262659 -0.964889 0
    outer loop
      vertex 77.0456 27.2805 1.2
      vertex 77.5801 27.135 2.15
      vertex 77.0456 27.2805 2.15
    endloop
  endfacet
  facet normal -0.262659 -0.964889 -0
    outer loop
      vertex 77.5801 27.135 2.15
      vertex 77.0456 27.2805 1.2
      vertex 77.5801 27.135 1.2
    endloop
  endfacet
  facet normal -0.078975 -0.996877 0
    outer loop
      vertex 77.5801 27.135 1.2
      vertex 78.1923 27.0865 2.15
      vertex 77.5801 27.135 2.15
    endloop
  endfacet
  facet normal -0.078975 -0.996877 -0
    outer loop
      vertex 78.1923 27.0865 2.15
      vertex 77.5801 27.135 1.2
      vertex 78.1923 27.0865 1.2
    endloop
  endfacet
  facet normal 0.101672 -0.994818 0
    outer loop
      vertex 78.1923 27.0865 1.2
      vertex 79.0416 27.1733 2.15
      vertex 78.1923 27.0865 2.15
    endloop
  endfacet
  facet normal 0.101672 -0.994818 0
    outer loop
      vertex 79.0416 27.1733 2.15
      vertex 78.1923 27.0865 1.2
      vertex 79.0416 27.1733 1.2
    endloop
  endfacet
  facet normal 0.994804 -0.10181 0
    outer loop
      vertex 76.5648 30.6724 2.15
      vertex 76.605 31.0652 1.2
      vertex 76.605 31.0652 2.15
    endloop
  endfacet
  facet normal 0.994804 -0.10181 0
    outer loop
      vertex 76.605 31.0652 1.2
      vertex 76.5648 30.6724 2.15
      vertex 76.5648 30.6724 1.2
    endloop
  endfacet
  facet normal 0.969616 -0.244631 0
    outer loop
      vertex 76.605 31.0652 2.15
      vertex 76.6929 31.4136 1.2
      vertex 76.6929 31.4136 2.15
    endloop
  endfacet
  facet normal 0.969616 -0.244631 0
    outer loop
      vertex 76.6929 31.4136 1.2
      vertex 76.605 31.0652 2.15
      vertex 76.605 31.0652 1.2
    endloop
  endfacet
  facet normal 0.912992 -0.407977 0
    outer loop
      vertex 76.6929 31.4136 2.15
      vertex 76.8287 31.7175 1.2
      vertex 76.8287 31.7175 2.15
    endloop
  endfacet
  facet normal 0.912992 -0.407977 0
    outer loop
      vertex 76.8287 31.7175 1.2
      vertex 76.6929 31.4136 2.15
      vertex 76.6929 31.4136 1.2
    endloop
  endfacet
  facet normal 0.816445 -0.577424 0
    outer loop
      vertex 76.8287 31.7175 2.15
      vertex 77.0123 31.9771 1.2
      vertex 77.0123 31.9771 2.15
    endloop
  endfacet
  facet normal 0.816445 -0.577424 0
    outer loop
      vertex 77.0123 31.9771 1.2
      vertex 76.8287 31.7175 2.15
      vertex 76.8287 31.7175 1.2
    endloop
  endfacet
  facet normal 0.676668 -0.736288 0
    outer loop
      vertex 77.0123 31.9771 1.2
      vertex 77.2383 32.1848 2.15
      vertex 77.0123 31.9771 2.15
    endloop
  endfacet
  facet normal 0.676668 -0.736288 0
    outer loop
      vertex 77.2383 32.1848 2.15
      vertex 77.0123 31.9771 1.2
      vertex 77.2383 32.1848 1.2
    endloop
  endfacet
  facet normal 0.491173 -0.871062 0
    outer loop
      vertex 77.2383 32.1848 1.2
      vertex 77.5013 32.3331 2.15
      vertex 77.2383 32.1848 2.15
    endloop
  endfacet
  facet normal 0.491173 -0.871062 0
    outer loop
      vertex 77.5013 32.3331 2.15
      vertex 77.2383 32.1848 1.2
      vertex 77.5013 32.3331 1.2
    endloop
  endfacet
  facet normal 0.284502 -0.958675 0
    outer loop
      vertex 77.5013 32.3331 1.2
      vertex 77.8012 32.4221 2.15
      vertex 77.5013 32.3331 2.15
    endloop
  endfacet
  facet normal 0.284502 -0.958675 0
    outer loop
      vertex 77.8012 32.4221 2.15
      vertex 77.5013 32.3331 1.2
      vertex 77.8012 32.4221 1.2
    endloop
  endfacet
  facet normal 0.0878161 -0.996137 0
    outer loop
      vertex 77.8012 32.4221 1.2
      vertex 78.1381 32.4518 2.15
      vertex 77.8012 32.4221 2.15
    endloop
  endfacet
  facet normal 0.0878161 -0.996137 0
    outer loop
      vertex 78.1381 32.4518 2.15
      vertex 77.8012 32.4221 1.2
      vertex 78.1381 32.4518 1.2
    endloop
  endfacet
  facet normal -0.0769176 -0.997037 0
    outer loop
      vertex 78.1381 32.4518 1.2
      vertex 78.4829 32.4252 2.15
      vertex 78.1381 32.4518 2.15
    endloop
  endfacet
  facet normal -0.0769176 -0.997037 -0
    outer loop
      vertex 78.4829 32.4252 2.15
      vertex 78.1381 32.4518 1.2
      vertex 78.4829 32.4252 1.2
    endloop
  endfacet
  facet normal -0.25569 -0.966759 0
    outer loop
      vertex 78.4829 32.4252 1.2
      vertex 78.785 32.3453 2.15
      vertex 78.4829 32.4252 2.15
    endloop
  endfacet
  facet normal -0.25569 -0.966759 -0
    outer loop
      vertex 78.785 32.3453 2.15
      vertex 78.4829 32.4252 1.2
      vertex 78.785 32.3453 1.2
    endloop
  endfacet
  facet normal -0.456658 -0.889642 0
    outer loop
      vertex 78.785 32.3453 1.2
      vertex 79.0443 32.2122 2.15
      vertex 78.785 32.3453 2.15
    endloop
  endfacet
  facet normal -0.456658 -0.889642 -0
    outer loop
      vertex 79.0443 32.2122 2.15
      vertex 78.785 32.3453 1.2
      vertex 79.0443 32.2122 1.2
    endloop
  endfacet
  facet normal -0.651713 -0.758465 0
    outer loop
      vertex 79.0443 32.2122 1.2
      vertex 79.261 32.026 2.15
      vertex 79.0443 32.2122 2.15
    endloop
  endfacet
  facet normal -0.651713 -0.758465 -0
    outer loop
      vertex 79.261 32.026 2.15
      vertex 79.0443 32.2122 1.2
      vertex 79.261 32.026 1.2
    endloop
  endfacet
  facet normal -0.811528 -0.584313 0
    outer loop
      vertex 79.4369 31.7817 1.2
      vertex 79.261 32.026 2.15
      vertex 79.261 32.026 1.2
    endloop
  endfacet
  facet normal -0.811528 -0.584313 0
    outer loop
      vertex 79.261 32.026 2.15
      vertex 79.4369 31.7817 1.2
      vertex 79.4369 31.7817 2.15
    endloop
  endfacet
  facet normal -0.912754 -0.408509 0
    outer loop
      vertex 79.5743 31.4747 1.2
      vertex 79.4369 31.7817 2.15
      vertex 79.4369 31.7817 1.2
    endloop
  endfacet
  facet normal -0.912754 -0.408509 0
    outer loop
      vertex 79.4369 31.7817 2.15
      vertex 79.5743 31.4747 1.2
      vertex 79.5743 31.4747 2.15
    endloop
  endfacet
  facet normal -0.966244 -0.25763 0
    outer loop
      vertex 79.6729 31.1049 1.2
      vertex 79.5743 31.4747 2.15
      vertex 79.5743 31.4747 1.2
    endloop
  endfacet
  facet normal -0.966244 -0.25763 0
    outer loop
      vertex 79.5743 31.4747 2.15
      vertex 79.6729 31.1049 1.2
      vertex 79.6729 31.1049 2.15
    endloop
  endfacet
  facet normal -0.990483 -0.137637 0
    outer loop
      vertex 79.733 30.6724 1.2
      vertex 79.6729 31.1049 2.15
      vertex 79.6729 31.1049 1.2
    endloop
  endfacet
  facet normal -0.990483 -0.137637 0
    outer loop
      vertex 79.6729 31.1049 2.15
      vertex 79.733 30.6724 1.2
      vertex 79.733 30.6724 2.15
    endloop
  endfacet
  facet normal 0 1 -0
    outer loop
      vertex 79.733 30.6724 1.2
      vertex 76.5648 30.6724 2.15
      vertex 79.733 30.6724 2.15
    endloop
  endfacet
  facet normal 0 1 0
    outer loop
      vertex 76.5648 30.6724 2.15
      vertex 79.733 30.6724 1.2
      vertex 76.5648 30.6724 1.2
    endloop
  endfacet
  facet normal 0.998468 -0.055335 0
    outer loop
      vertex 59.314 30.5964 2.15
      vertex 59.3367 31.006 1.2
      vertex 59.3367 31.006 2.15
    endloop
  endfacet
  facet normal 0.998468 -0.055335 0
    outer loop
      vertex 59.3367 31.006 1.2
      vertex 59.314 30.5964 2.15
      vertex 59.314 30.5964 1.2
    endloop
  endfacet
  facet normal 0.9826 -0.185735 0
    outer loop
      vertex 59.3367 31.006 2.15
      vertex 59.4049 31.3668 1.2
      vertex 59.4049 31.3668 2.15
    endloop
  endfacet
  facet normal 0.9826 -0.185735 0
    outer loop
      vertex 59.4049 31.3668 1.2
      vertex 59.3367 31.006 2.15
      vertex 59.3367 31.006 1.2
    endloop
  endfacet
  facet normal 0.939714 -0.341961 0
    outer loop
      vertex 59.4049 31.3668 2.15
      vertex 59.5184 31.6787 1.2
      vertex 59.5184 31.6787 2.15
    endloop
  endfacet
  facet normal 0.939714 -0.341961 0
    outer loop
      vertex 59.5184 31.6787 1.2
      vertex 59.4049 31.3668 2.15
      vertex 59.4049 31.3668 1.2
    endloop
  endfacet
  facet normal 0.855853 -0.51722 0
    outer loop
      vertex 59.5184 31.6787 2.15
      vertex 59.6774 31.9418 1.2
      vertex 59.6774 31.9418 2.15
    endloop
  endfacet
  facet normal 0.855853 -0.51722 0
    outer loop
      vertex 59.6774 31.9418 1.2
      vertex 59.5184 31.6787 2.15
      vertex 59.5184 31.6787 1.2
    endloop
  endfacet
  facet normal 0.725615 -0.688101 0
    outer loop
      vertex 59.6774 31.9418 2.15
      vertex 59.8755 32.1507 1.2
      vertex 59.8755 32.1507 2.15
    endloop
  endfacet
  facet normal 0.725615 -0.688101 0
    outer loop
      vertex 59.8755 32.1507 1.2
      vertex 59.6774 31.9418 2.15
      vertex 59.6774 31.9418 1.2
    endloop
  endfacet
  facet normal 0.543387 -0.839482 0
    outer loop
      vertex 59.8755 32.1507 1.2
      vertex 60.106 32.2999 2.15
      vertex 59.8755 32.1507 2.15
    endloop
  endfacet
  facet normal 0.543387 -0.839482 0
    outer loop
      vertex 60.106 32.2999 2.15
      vertex 59.8755 32.1507 1.2
      vertex 60.106 32.2999 1.2
    endloop
  endfacet
  facet normal 0.321941 -0.94676 0
    outer loop
      vertex 60.106 32.2999 1.2
      vertex 60.3692 32.3894 2.15
      vertex 60.106 32.2999 2.15
    endloop
  endfacet
  facet normal 0.321941 -0.94676 0
    outer loop
      vertex 60.3692 32.3894 2.15
      vertex 60.106 32.2999 1.2
      vertex 60.3692 32.3894 1.2
    endloop
  endfacet
  facet normal 0.100304 -0.994957 0
    outer loop
      vertex 60.3692 32.3894 1.2
      vertex 60.6648 32.4192 2.15
      vertex 60.3692 32.3894 2.15
    endloop
  endfacet
  facet normal 0.100304 -0.994957 0
    outer loop
      vertex 60.6648 32.4192 2.15
      vertex 60.3692 32.3894 1.2
      vertex 60.6648 32.4192 1.2
    endloop
  endfacet
  facet normal -0.0722076 -0.99739 0
    outer loop
      vertex 60.6648 32.4192 1.2
      vertex 60.9452 32.3989 2.15
      vertex 60.6648 32.4192 2.15
    endloop
  endfacet
  facet normal -0.0722076 -0.99739 -0
    outer loop
      vertex 60.9452 32.3989 2.15
      vertex 60.6648 32.4192 1.2
      vertex 60.9452 32.3989 1.2
    endloop
  endfacet
  facet normal -0.253046 -0.967454 0
    outer loop
      vertex 60.9452 32.3989 1.2
      vertex 61.1788 32.3378 2.15
      vertex 60.9452 32.3989 2.15
    endloop
  endfacet
  facet normal -0.253046 -0.967454 -0
    outer loop
      vertex 61.1788 32.3378 2.15
      vertex 60.9452 32.3989 1.2
      vertex 61.1788 32.3378 1.2
    endloop
  endfacet
  facet normal -0.477963 -0.87838 0
    outer loop
      vertex 61.1788 32.3378 1.2
      vertex 61.3657 32.2361 2.15
      vertex 61.1788 32.3378 2.15
    endloop
  endfacet
  facet normal -0.477963 -0.87838 -0
    outer loop
      vertex 61.3657 32.2361 2.15
      vertex 61.1788 32.3378 1.2
      vertex 61.3657 32.2361 1.2
    endloop
  endfacet
  facet normal -0.71309 -0.701072 0
    outer loop
      vertex 61.5057 32.0937 1.2
      vertex 61.3657 32.2361 2.15
      vertex 61.3657 32.2361 1.2
    endloop
  endfacet
  facet normal -0.71309 -0.701072 0
    outer loop
      vertex 61.3657 32.2361 2.15
      vertex 61.5057 32.0937 1.2
      vertex 61.5057 32.0937 2.15
    endloop
  endfacet
  facet normal -0.886496 -0.462736 0
    outer loop
      vertex 61.6078 31.8981 1.2
      vertex 61.5057 32.0937 2.15
      vertex 61.5057 32.0937 1.2
    endloop
  endfacet
  facet normal -0.886496 -0.462736 0
    outer loop
      vertex 61.5057 32.0937 2.15
      vertex 61.6078 31.8981 1.2
      vertex 61.6078 31.8981 2.15
    endloop
  endfacet
  facet normal -0.963338 -0.26829 0
    outer loop
      vertex 61.6806 31.6367 1.2
      vertex 61.6078 31.8981 2.15
      vertex 61.6078 31.8981 1.2
    endloop
  endfacet
  facet normal -0.963338 -0.26829 0
    outer loop
      vertex 61.6078 31.8981 2.15
      vertex 61.6806 31.6367 1.2
      vertex 61.6806 31.6367 2.15
    endloop
  endfacet
  facet normal -0.991159 -0.13268 0
    outer loop
      vertex 61.7244 31.3095 1.2
      vertex 61.6806 31.6367 2.15
      vertex 61.6806 31.6367 1.2
    endloop
  endfacet
  facet normal -0.991159 -0.13268 0
    outer loop
      vertex 61.6806 31.6367 2.15
      vertex 61.7244 31.3095 1.2
      vertex 61.7244 31.3095 2.15
    endloop
  endfacet
  facet normal -0.999311 -0.0371245 0
    outer loop
      vertex 61.739 30.9165 1.2
      vertex 61.7244 31.3095 2.15
      vertex 61.7244 31.3095 1.2
    endloop
  endfacet
  facet normal -0.999311 -0.0371245 0
    outer loop
      vertex 61.7244 31.3095 2.15
      vertex 61.739 30.9165 1.2
      vertex 61.739 30.9165 2.15
    endloop
  endfacet
  facet normal -1 0 0
    outer loop
      vertex 61.739 27.195 1.2
      vertex 61.739 30.9165 2.15
      vertex 61.739 30.9165 1.2
    endloop
  endfacet
  facet normal -1 -0 0
    outer loop
      vertex 61.739 30.9165 2.15
      vertex 61.739 27.195 1.2
      vertex 61.739 27.195 2.15
    endloop
  endfacet
  facet normal 0 -1 0
    outer loop
      vertex 61.739 27.195 1.2
      vertex 62.7047 27.195 2.15
      vertex 61.739 27.195 2.15
    endloop
  endfacet
  facet normal 0 -1 -0
    outer loop
      vertex 62.7047 27.195 2.15
      vertex 61.739 27.195 1.2
      vertex 62.7047 27.195 1.2
    endloop
  endfacet
  facet normal 1 -0 0
    outer loop
      vertex 62.7047 27.195 2.15
      vertex 62.7047 30.5964 1.2
      vertex 62.7047 30.5964 2.15
    endloop
  endfacet
  facet normal 1 0 0
    outer loop
      vertex 62.7047 30.5964 1.2
      vertex 62.7047 27.195 2.15
      vertex 62.7047 27.195 1.2
    endloop
  endfacet
  facet normal 0.99855 -0.0538315 0
    outer loop
      vertex 62.7047 30.5964 2.15
      vertex 62.7269 31.0082 1.2
      vertex 62.7269 31.0082 2.15
    endloop
  endfacet
  facet normal 0.99855 -0.0538315 0
    outer loop
      vertex 62.7269 31.0082 1.2
      vertex 62.7047 30.5964 2.15
      vertex 62.7047 30.5964 1.2
    endloop
  endfacet
  facet normal 0.983494 -0.180941 0
    outer loop
      vertex 62.7269 31.0082 2.15
      vertex 62.7935 31.3702 1.2
      vertex 62.7935 31.3702 2.15
    endloop
  endfacet
  facet normal 0.983494 -0.180941 0
    outer loop
      vertex 62.7935 31.3702 1.2
      vertex 62.7269 31.0082 2.15
      vertex 62.7269 31.0082 1.2
    endloop
  endfacet
  facet normal 0.942185 -0.335093 0
    outer loop
      vertex 62.7935 31.3702 2.15
      vertex 62.9045 31.6823 1.2
      vertex 62.9045 31.6823 2.15
    endloop
  endfacet
  facet normal 0.942185 -0.335093 0
    outer loop
      vertex 62.9045 31.6823 1.2
      vertex 62.7935 31.3702 2.15
      vertex 62.7935 31.3702 1.2
    endloop
  endfacet
  facet normal 0.86026 -0.509856 0
    outer loop
      vertex 62.9045 31.6823 2.15
      vertex 63.0599 31.9445 1.2
      vertex 63.0599 31.9445 2.15
    endloop
  endfacet
  facet normal 0.86026 -0.509856 0
    outer loop
      vertex 63.0599 31.9445 1.2
      vertex 62.9045 31.6823 2.15
      vertex 62.9045 31.6823 1.2
    endloop
  endfacet
  facet normal 0.728169 -0.685398 0
    outer loop
      vertex 63.0599 31.9445 2.15
      vertex 63.2554 32.1522 1.2
      vertex 63.2554 32.1522 2.15
    endloop
  endfacet
  facet normal 0.728169 -0.685398 0
    outer loop
      vertex 63.2554 32.1522 1.2
      vertex 63.0599 31.9445 2.15
      vertex 63.0599 31.9445 1.2
    endloop
  endfacet
  facet normal 0.540334 -0.84145 0
    outer loop
      vertex 63.2554 32.1522 1.2
      vertex 63.4865 32.3006 2.15
      vertex 63.2554 32.1522 2.15
    endloop
  endfacet
  facet normal 0.540334 -0.84145 0
    outer loop
      vertex 63.4865 32.3006 2.15
      vertex 63.2554 32.1522 1.2
      vertex 63.4865 32.3006 1.2
    endloop
  endfacet
  facet normal 0.316548 -0.948577 0
    outer loop
      vertex 63.4865 32.3006 1.2
      vertex 63.7532 32.3896 2.15
      vertex 63.4865 32.3006 2.15
    endloop
  endfacet
  facet normal 0.316548 -0.948577 0
    outer loop
      vertex 63.7532 32.3896 2.15
      vertex 63.4865 32.3006 1.2
      vertex 63.7532 32.3896 1.2
    endloop
  endfacet
  facet normal 0.0974499 -0.99524 0
    outer loop
      vertex 63.7532 32.3896 1.2
      vertex 64.0555 32.4192 2.15
      vertex 63.7532 32.3896 2.15
    endloop
  endfacet
  facet normal 0.0974499 -0.99524 0
    outer loop
      vertex 64.0555 32.4192 2.15
      vertex 63.7532 32.3896 1.2
      vertex 64.0555 32.4192 1.2
    endloop
  endfacet
  facet normal -0.0722076 -0.99739 0
    outer loop
      vertex 64.0555 32.4192 1.2
      vertex 64.3359 32.3989 2.15
      vertex 64.0555 32.4192 2.15
    endloop
  endfacet
  facet normal -0.0722076 -0.99739 -0
    outer loop
      vertex 64.3359 32.3989 2.15
      vertex 64.0555 32.4192 1.2
      vertex 64.3359 32.3989 1.2
    endloop
  endfacet
  facet normal -0.253046 -0.967454 0
    outer loop
      vertex 64.3359 32.3989 1.2
      vertex 64.5695 32.3378 2.15
      vertex 64.3359 32.3989 2.15
    endloop
  endfacet
  facet normal -0.253046 -0.967454 -0
    outer loop
      vertex 64.5695 32.3378 2.15
      vertex 64.3359 32.3989 1.2
      vertex 64.5695 32.3378 1.2
    endloop
  endfacet
  facet normal -0.47816 -0.878273 0
    outer loop
      vertex 64.5695 32.3378 1.2
      vertex 64.7563 32.2361 2.15
      vertex 64.5695 32.3378 2.15
    endloop
  endfacet
  facet normal -0.47816 -0.878273 -0
    outer loop
      vertex 64.7563 32.2361 2.15
      vertex 64.5695 32.3378 1.2
      vertex 64.7563 32.2361 1.2
    endloop
  endfacet
  facet normal -0.71309 -0.701072 0
    outer loop
      vertex 64.8963 32.0937 1.2
      vertex 64.7563 32.2361 2.15
      vertex 64.7563 32.2361 1.2
    endloop
  endfacet
  facet normal -0.71309 -0.701072 0
    outer loop
      vertex 64.7563 32.2361 2.15
      vertex 64.8963 32.0937 1.2
      vertex 64.8963 32.0937 2.15
    endloop
  endfacet
  facet normal -0.886496 -0.462736 0
    outer loop
      vertex 64.9984 31.8981 1.2
      vertex 64.8963 32.0937 2.15
      vertex 64.8963 32.0937 1.2
    endloop
  endfacet
  facet normal -0.886496 -0.462736 0
    outer loop
      vertex 64.8963 32.0937 2.15
      vertex 64.9984 31.8981 1.2
      vertex 64.9984 31.8981 2.15
    endloop
  endfacet
  facet normal -0.963243 -0.268632 0
    outer loop
      vertex 65.0713 31.6367 1.2
      vertex 64.9984 31.8981 2.15
      vertex 64.9984 31.8981 1.2
    endloop
  endfacet
  facet normal -0.963243 -0.268632 0
    outer loop
      vertex 64.9984 31.8981 2.15
      vertex 65.0713 31.6367 1.2
      vertex 65.0713 31.6367 2.15
    endloop
  endfacet
  facet normal -0.991199 -0.132382 0
    outer loop
      vertex 65.115 31.3095 1.2
      vertex 65.0713 31.6367 2.15
      vertex 65.0713 31.6367 1.2
    endloop
  endfacet
  facet normal -0.991199 -0.132382 0
    outer loop
      vertex 65.0713 31.6367 2.15
      vertex 65.115 31.3095 1.2
      vertex 65.115 31.3095 2.15
    endloop
  endfacet
  facet normal -0.999311 -0.0371245 0
    outer loop
      vertex 65.1296 30.9165 1.2
      vertex 65.115 31.3095 2.15
      vertex 65.115 31.3095 1.2
    endloop
  endfacet
  facet normal -0.999311 -0.0371245 0
    outer loop
      vertex 65.115 31.3095 2.15
      vertex 65.1296 30.9165 1.2
      vertex 65.1296 30.9165 2.15
    endloop
  endfacet
  facet normal -1 0 0
    outer loop
      vertex 65.1296 27.195 1.2
      vertex 65.1296 30.9165 2.15
      vertex 65.1296 30.9165 1.2
    endloop
  endfacet
  facet normal -1 -0 0
    outer loop
      vertex 65.1296 30.9165 2.15
      vertex 65.1296 27.195 1.2
      vertex 65.1296 27.195 2.15
    endloop
  endfacet
  facet normal 0 -1 0
    outer loop
      vertex 65.1296 27.195 1.2
      vertex 66.0952 27.195 2.15
      vertex 65.1296 27.195 2.15
    endloop
  endfacet
  facet normal 0 -1 -0
    outer loop
      vertex 66.0952 27.195 2.15
      vertex 65.1296 27.195 1.2
      vertex 66.0952 27.195 1.2
    endloop
  endfacet
  facet normal 1 -0 0
    outer loop
      vertex 66.0952 27.195 2.15
      vertex 66.0952 31.1064 1.2
      vertex 66.0952 31.1064 2.15
    endloop
  endfacet
  facet normal 1 0 0
    outer loop
      vertex 66.0952 31.1064 1.2
      vertex 66.0952 27.195 2.15
      vertex 66.0952 27.195 1.2
    endloop
  endfacet
  facet normal 0.998781 0.0493538 0
    outer loop
      vertex 66.0952 31.1064 2.15
      vertex 66.0699 31.6184 1.2
      vertex 66.0699 31.6184 2.15
    endloop
  endfacet
  facet normal 0.998781 0.0493538 0
    outer loop
      vertex 66.0699 31.6184 1.2
      vertex 66.0952 31.1064 2.15
      vertex 66.0952 31.1064 1.2
    endloop
  endfacet
  facet normal 0.985173 0.171561 0
    outer loop
      vertex 66.0699 31.6184 2.15
      vertex 65.9942 32.0531 1.2
      vertex 65.9942 32.0531 2.15
    endloop
  endfacet
  facet normal 0.985173 0.171561 0
    outer loop
      vertex 65.9942 32.0531 1.2
      vertex 66.0699 31.6184 2.15
      vertex 66.0699 31.6184 1.2
    endloop
  endfacet
  facet normal 0.942859 0.333193 0
    outer loop
      vertex 65.9942 32.0531 2.15
      vertex 65.8679 32.4105 1.2
      vertex 65.8679 32.4105 2.15
    endloop
  endfacet
  facet normal 0.942859 0.333193 0
    outer loop
      vertex 65.8679 32.4105 1.2
      vertex 65.9942 32.0531 2.15
      vertex 65.9942 32.0531 1.2
    endloop
  endfacet
  facet normal 0.845546 0.533902 0
    outer loop
      vertex 65.8679 32.4105 2.15
      vertex 65.6911 32.6905 1.2
      vertex 65.6911 32.6905 2.15
    endloop
  endfacet
  facet normal 0.845546 0.533902 0
    outer loop
      vertex 65.6911 32.6905 1.2
      vertex 65.8679 32.4105 2.15
      vertex 65.8679 32.4105 1.2
    endloop
  endfacet
  facet normal 0.672388 0.740199 -0
    outer loop
      vertex 65.6911 32.6905 1.2
      vertex 65.4586 32.9017 2.15
      vertex 65.6911 32.6905 2.15
    endloop
  endfacet
  facet normal 0.672388 0.740199 0
    outer loop
      vertex 65.4586 32.9017 2.15
      vertex 65.6911 32.6905 1.2
      vertex 65.4586 32.9017 1.2
    endloop
  endfacet
  facet normal 0.457739 0.889087 -0
    outer loop
      vertex 65.4586 32.9017 1.2
      vertex 65.1655 33.0526 2.15
      vertex 65.4586 32.9017 2.15
    endloop
  endfacet
  facet normal 0.457739 0.889087 0
    outer loop
      vertex 65.1655 33.0526 2.15
      vertex 65.4586 32.9017 1.2
      vertex 65.1655 33.0526 1.2
    endloop
  endfacet
  facet normal 0.247815 0.968807 -0
    outer loop
      vertex 65.1655 33.0526 1.2
      vertex 64.8117 33.1431 2.15
      vertex 65.1655 33.0526 2.15
    endloop
  endfacet
  facet normal 0.247815 0.968807 0
    outer loop
      vertex 64.8117 33.1431 2.15
      vertex 65.1655 33.0526 1.2
      vertex 64.8117 33.1431 1.2
    endloop
  endfacet
  facet normal 0.0726663 0.997356 -0
    outer loop
      vertex 64.8117 33.1431 1.2
      vertex 64.3972 33.1733 2.15
      vertex 64.8117 33.1431 2.15
    endloop
  endfacet
  facet normal 0.0726663 0.997356 0
    outer loop
      vertex 64.3972 33.1733 2.15
      vertex 64.8117 33.1431 1.2
      vertex 64.3972 33.1733 1.2
    endloop
  endfacet
  facet normal -0.0551514 0.998478 0
    outer loop
      vertex 64.3972 33.1733 1.2
      vertex 64.1021 33.157 2.15
      vertex 64.3972 33.1733 2.15
    endloop
  endfacet
  facet normal -0.0551514 0.998478 0
    outer loop
      vertex 64.1021 33.157 2.15
      vertex 64.3972 33.1733 1.2
      vertex 64.1021 33.157 1.2
    endloop
  endfacet
  facet normal -0.176278 0.98434 0
    outer loop
      vertex 64.1021 33.157 1.2
      vertex 63.8296 33.1082 2.15
      vertex 64.1021 33.157 2.15
    endloop
  endfacet
  facet normal -0.176278 0.98434 0
    outer loop
      vertex 63.8296 33.1082 2.15
      vertex 64.1021 33.157 1.2
      vertex 63.8296 33.1082 1.2
    endloop
  endfacet
  facet normal -0.309938 0.950757 0
    outer loop
      vertex 63.8296 33.1082 1.2
      vertex 63.5799 33.0268 2.15
      vertex 63.8296 33.1082 2.15
    endloop
  endfacet
  facet normal -0.309938 0.950757 0
    outer loop
      vertex 63.5799 33.0268 2.15
      vertex 63.8296 33.1082 1.2
      vertex 63.5799 33.0268 1.2
    endloop
  endfacet
  facet normal -0.448473 0.893796 0
    outer loop
      vertex 63.5799 33.0268 1.2
      vertex 63.3529 32.9129 2.15
      vertex 63.5799 33.0268 2.15
    endloop
  endfacet
  facet normal -0.448473 0.893796 0
    outer loop
      vertex 63.3529 32.9129 2.15
      vertex 63.5799 33.0268 1.2
      vertex 63.3529 32.9129 1.2
    endloop
  endfacet
  facet normal -0.587778 0.809022 0
    outer loop
      vertex 63.3529 32.9129 1.2
      vertex 63.1452 32.762 2.15
      vertex 63.3529 32.9129 2.15
    endloop
  endfacet
  facet normal -0.587778 0.809022 0
    outer loop
      vertex 63.1452 32.762 2.15
      vertex 63.3529 32.9129 1.2
      vertex 63.1452 32.762 1.2
    endloop
  endfacet
  facet normal -0.708027 0.706185 0
    outer loop
      vertex 62.9535 32.5698 1.2
      vertex 63.1452 32.762 2.15
      vertex 63.1452 32.762 1.2
    endloop
  endfacet
  facet normal -0.708027 0.706185 0
    outer loop
      vertex 63.1452 32.762 2.15
      vertex 62.9535 32.5698 1.2
      vertex 62.9535 32.5698 2.15
    endloop
  endfacet
  facet normal -0.799014 0.601313 0
    outer loop
      vertex 62.7777 32.3362 1.2
      vertex 62.9535 32.5698 2.15
      vertex 62.9535 32.5698 1.2
    endloop
  endfacet
  facet normal -0.799014 0.601313 0
    outer loop
      vertex 62.9535 32.5698 2.15
      vertex 62.7777 32.3362 1.2
      vertex 62.7777 32.3362 2.15
    endloop
  endfacet
  facet normal -0.864485 0.502659 0
    outer loop
      vertex 62.6178 32.0612 1.2
      vertex 62.7777 32.3362 2.15
      vertex 62.7777 32.3362 1.2
    endloop
  endfacet
  facet normal -0.864485 0.502659 0
    outer loop
      vertex 62.7777 32.3362 2.15
      vertex 62.6178 32.0612 1.2
      vertex 62.6178 32.0612 2.15
    endloop
  endfacet
  facet normal 0 1 -0
    outer loop
      vertex 62.6178 32.0612 1.2
      vertex 62.6015 32.0612 2.15
      vertex 62.6178 32.0612 2.15
    endloop
  endfacet
  facet normal 0 1 0
    outer loop
      vertex 62.6015 32.0612 2.15
      vertex 62.6178 32.0612 1.2
      vertex 62.6015 32.0612 1.2
    endloop
  endfacet
  facet normal 0.948156 0.317804 0
    outer loop
      vertex 62.6015 32.0612 2.15
      vertex 62.5108 32.3318 1.2
      vertex 62.5108 32.3318 2.15
    endloop
  endfacet
  facet normal 0.948156 0.317804 0
    outer loop
      vertex 62.5108 32.3318 1.2
      vertex 62.6015 32.0612 2.15
      vertex 62.6015 32.0612 1.2
    endloop
  endfacet
  facet normal 0.887254 0.46128 0
    outer loop
      vertex 62.5108 32.3318 2.15
      vertex 62.3906 32.563 1.2
      vertex 62.3906 32.563 2.15
    endloop
  endfacet
  facet normal 0.887254 0.46128 0
    outer loop
      vertex 62.3906 32.563 1.2
      vertex 62.5108 32.3318 2.15
      vertex 62.5108 32.3318 1.2
    endloop
  endfacet
  facet normal 0.788466 0.615078 0
    outer loop
      vertex 62.3906 32.563 2.15
      vertex 62.2409 32.7549 1.2
      vertex 62.2409 32.7549 2.15
    endloop
  endfacet
  facet normal 0.788466 0.615078 0
    outer loop
      vertex 62.2409 32.7549 1.2
      vertex 62.3906 32.563 2.15
      vertex 62.3906 32.563 1.2
    endloop
  endfacet
  facet normal 0.648339 0.761352 -0
    outer loop
      vertex 62.2409 32.7549 1.2
      vertex 62.0617 32.9075 2.15
      vertex 62.2409 32.7549 2.15
    endloop
  endfacet
  facet normal 0.648339 0.761352 0
    outer loop
      vertex 62.0617 32.9075 2.15
      vertex 62.2409 32.7549 1.2
      vertex 62.0617 32.9075 1.2
    endloop
  endfacet
  facet normal 0.482014 0.876163 -0
    outer loop
      vertex 62.0617 32.9075 1.2
      vertex 61.8503 33.0238 2.15
      vertex 62.0617 32.9075 2.15
    endloop
  endfacet
  facet normal 0.482014 0.876163 0
    outer loop
      vertex 61.8503 33.0238 2.15
      vertex 62.0617 32.9075 1.2
      vertex 61.8503 33.0238 1.2
    endloop
  endfacet
  facet normal 0.319688 0.947523 -0
    outer loop
      vertex 61.8503 33.0238 1.2
      vertex 61.604 33.1069 2.15
      vertex 61.8503 33.0238 2.15
    endloop
  endfacet
  facet normal 0.319688 0.947523 0
    outer loop
      vertex 61.604 33.1069 2.15
      vertex 61.8503 33.0238 1.2
      vertex 61.604 33.1069 1.2
    endloop
  endfacet
  facet normal 0.174324 0.984688 -0
    outer loop
      vertex 61.604 33.1069 1.2
      vertex 61.3227 33.1567 2.15
      vertex 61.604 33.1069 2.15
    endloop
  endfacet
  facet normal 0.174324 0.984688 0
    outer loop
      vertex 61.3227 33.1567 2.15
      vertex 61.604 33.1069 1.2
      vertex 61.3227 33.1567 1.2
    endloop
  endfacet
  facet normal 0.0524428 0.998624 -0
    outer loop
      vertex 61.3227 33.1567 1.2
      vertex 61.0066 33.1733 2.15
      vertex 61.3227 33.1567 2.15
    endloop
  endfacet
  facet normal 0.0524428 0.998624 0
    outer loop
      vertex 61.0066 33.1733 2.15
      vertex 61.3227 33.1567 1.2
      vertex 61.0066 33.1733 1.2
    endloop
  endfacet
  facet normal -0.0538607 0.998548 0
    outer loop
      vertex 61.0066 33.1733 1.2
      vertex 60.7248 33.1581 2.15
      vertex 61.0066 33.1733 2.15
    endloop
  endfacet
  facet normal -0.0538607 0.998548 0
    outer loop
      vertex 60.7248 33.1581 2.15
      vertex 61.0066 33.1733 1.2
      vertex 60.7248 33.1581 1.2
    endloop
  endfacet
  facet normal -0.173937 0.984757 0
    outer loop
      vertex 60.7248 33.1581 1.2
      vertex 60.4655 33.1123 2.15
      vertex 60.7248 33.1581 2.15
    endloop
  endfacet
  facet normal -0.173937 0.984757 0
    outer loop
      vertex 60.4655 33.1123 2.15
      vertex 60.7248 33.1581 1.2
      vertex 60.4655 33.1123 1.2
    endloop
  endfacet
  facet normal -0.306451 0.951886 0
    outer loop
      vertex 60.4655 33.1123 1.2
      vertex 60.2285 33.036 2.15
      vertex 60.4655 33.1123 2.15
    endloop
  endfacet
  facet normal -0.306451 0.951886 0
    outer loop
      vertex 60.2285 33.036 2.15
      vertex 60.4655 33.1123 1.2
      vertex 60.2285 33.036 1.2
    endloop
  endfacet
  facet normal -0.445544 0.89526 0
    outer loop
      vertex 60.2285 33.036 1.2
      vertex 60.0139 32.9292 2.15
      vertex 60.2285 33.036 2.15
    endloop
  endfacet
  facet normal -0.445544 0.89526 0
    outer loop
      vertex 60.0139 32.9292 2.15
      vertex 60.2285 33.036 1.2
      vertex 60.0139 32.9292 1.2
    endloop
  endfacet
  facet normal -0.593532 0.80481 0
    outer loop
      vertex 60.0139 32.9292 1.2
      vertex 59.8162 32.7834 2.15
      vertex 60.0139 32.9292 2.15
    endloop
  endfacet
  facet normal -0.593532 0.80481 0
    outer loop
      vertex 59.8162 32.7834 2.15
      vertex 60.0139 32.9292 1.2
      vertex 59.8162 32.7834 1.2
    endloop
  endfacet
  facet normal -0.72021 0.693756 0
    outer loop
      vertex 59.63 32.5901 1.2
      vertex 59.8162 32.7834 2.15
      vertex 59.8162 32.7834 1.2
    endloop
  endfacet
  facet normal -0.72021 0.693756 0
    outer loop
      vertex 59.8162 32.7834 2.15
      vertex 59.63 32.5901 1.2
      vertex 59.63 32.5901 2.15
    endloop
  endfacet
  facet normal -0.809463 0.587171 0
    outer loop
      vertex 59.4554 32.3494 1.2
      vertex 59.63 32.5901 2.15
      vertex 59.63 32.5901 1.2
    endloop
  endfacet
  facet normal -0.809463 0.587171 0
    outer loop
      vertex 59.63 32.5901 2.15
      vertex 59.4554 32.3494 1.2
      vertex 59.4554 32.3494 2.15
    endloop
  endfacet
  facet normal -0.870298 0.492525 0
    outer loop
      vertex 59.2923 32.0612 1.2
      vertex 59.4554 32.3494 2.15
      vertex 59.4554 32.3494 1.2
    endloop
  endfacet
  facet normal -0.870298 0.492525 0
    outer loop
      vertex 59.4554 32.3494 2.15
      vertex 59.2923 32.0612 1.2
      vertex 59.2923 32.0612 2.15
    endloop
  endfacet
  facet normal 0 1 -0
    outer loop
      vertex 59.2923 32.0612 1.2
      vertex 59.276 32.0612 2.15
      vertex 59.2923 32.0612 2.15
    endloop
  endfacet
  facet normal 0 1 0
    outer loop
      vertex 59.276 32.0612 2.15
      vertex 59.2923 32.0612 1.2
      vertex 59.276 32.0612 1.2
    endloop
  endfacet
  facet normal 0.999653 0.02636 0
    outer loop
      vertex 59.276 32.0612 2.15
      vertex 59.2708 32.2584 1.2
      vertex 59.2708 32.2584 2.15
    endloop
  endfacet
  facet normal 0.999653 0.02636 0
    outer loop
      vertex 59.2708 32.2584 1.2
      vertex 59.276 32.0612 2.15
      vertex 59.276 32.0612 1.2
    endloop
  endfacet
  facet normal 0.999548 0.0300662 0
    outer loop
      vertex 59.2708 32.2584 2.15
      vertex 59.2659 32.4213 1.2
      vertex 59.2659 32.4213 2.15
    endloop
  endfacet
  facet normal 0.999548 0.0300662 0
    outer loop
      vertex 59.2659 32.4213 1.2
      vertex 59.2708 32.2584 2.15
      vertex 59.2708 32.2584 1.2
    endloop
  endfacet
  facet normal 0.999361 0.035747 0
    outer loop
      vertex 59.2659 32.4213 2.15
      vertex 59.2613 32.5499 1.2
      vertex 59.2613 32.5499 2.15
    endloop
  endfacet
  facet normal 0.999361 0.035747 0
    outer loop
      vertex 59.2613 32.5499 1.2
      vertex 59.2659 32.4213 2.15
      vertex 59.2659 32.4213 1.2
    endloop
  endfacet
  facet normal 0.998964 0.0455037 0
    outer loop
      vertex 59.2613 32.5499 2.15
      vertex 59.257 32.6443 1.2
      vertex 59.257 32.6443 2.15
    endloop
  endfacet
  facet normal 0.998964 0.0455037 0
    outer loop
      vertex 59.257 32.6443 1.2
      vertex 59.2613 32.5499 2.15
      vertex 59.2613 32.5499 1.2
    endloop
  endfacet
  facet normal 0.998658 0.0517921 0
    outer loop
      vertex 59.257 32.6443 2.15
      vertex 59.2531 32.7195 1.2
      vertex 59.2531 32.7195 2.15
    endloop
  endfacet
  facet normal 0.998658 0.0517921 0
    outer loop
      vertex 59.2531 32.7195 1.2
      vertex 59.257 32.6443 2.15
      vertex 59.257 32.6443 1.2
    endloop
  endfacet
  facet normal 0.998777 0.0494444 0
    outer loop
      vertex 59.2531 32.7195 2.15
      vertex 59.2496 32.7902 1.2
      vertex 59.2496 32.7902 2.15
    endloop
  endfacet
  facet normal 0.998777 0.0494444 0
    outer loop
      vertex 59.2496 32.7902 1.2
      vertex 59.2531 32.7195 2.15
      vertex 59.2531 32.7195 1.2
    endloop
  endfacet
  facet normal 0.998764 0.0497122 0
    outer loop
      vertex 59.2496 32.7902 2.15
      vertex 59.2463 32.8565 1.2
      vertex 59.2463 32.8565 2.15
    endloop
  endfacet
  facet normal 0.998764 0.0497122 0
    outer loop
      vertex 59.2463 32.8565 1.2
      vertex 59.2496 32.7902 2.15
      vertex 59.2496 32.7902 1.2
    endloop
  endfacet
  facet normal 0.998978 0.045188 0
    outer loop
      vertex 59.2463 32.8565 2.15
      vertex 59.2435 32.9184 1.2
      vertex 59.2435 32.9184 2.15
    endloop
  endfacet
  facet normal 0.998978 0.045188 0
    outer loop
      vertex 59.2435 32.9184 1.2
      vertex 59.2463 32.8565 2.15
      vertex 59.2463 32.8565 1.2
    endloop
  endfacet
  facet normal 0.998653 0.0518781 0
    outer loop
      vertex 59.2435 32.9184 2.15
      vertex 59.2407 32.9723 1.2
      vertex 59.2407 32.9723 2.15
    endloop
  endfacet
  facet normal 0.998653 0.0518781 0
    outer loop
      vertex 59.2407 32.9723 1.2
      vertex 59.2435 32.9184 2.15
      vertex 59.2435 32.9184 1.2
    endloop
  endfacet
  facet normal 0.997969 0.0637002 0
    outer loop
      vertex 59.2407 32.9723 2.15
      vertex 59.238 33.0146 1.2
      vertex 59.238 33.0146 2.15
    endloop
  endfacet
  facet normal 0.997969 0.0637002 0
    outer loop
      vertex 59.238 33.0146 1.2
      vertex 59.2407 32.9723 2.15
      vertex 59.2407 32.9723 1.2
    endloop
  endfacet
  facet normal 0.996204 0.087047 0
    outer loop
      vertex 59.238 33.0146 2.15
      vertex 59.2353 33.0455 1.2
      vertex 59.2353 33.0455 2.15
    endloop
  endfacet
  facet normal 0.996204 0.087047 0
    outer loop
      vertex 59.2353 33.0455 1.2
      vertex 59.238 33.0146 2.15
      vertex 59.238 33.0146 1.2
    endloop
  endfacet
  facet normal 0.991048 0.133509 0
    outer loop
      vertex 59.2353 33.0455 2.15
      vertex 59.2327 33.0648 1.2
      vertex 59.2327 33.0648 2.15
    endloop
  endfacet
  facet normal 0.991048 0.133509 0
    outer loop
      vertex 59.2327 33.0648 1.2
      vertex 59.2353 33.0455 2.15
      vertex 59.2353 33.0455 1.2
    endloop
  endfacet
  facet normal 0 1 -0
    outer loop
      vertex 59.2327 33.0648 1.2
      vertex 58.3104 33.0648 2.15
      vertex 59.2327 33.0648 2.15
    endloop
  endfacet
  facet normal 0 1 0
    outer loop
      vertex 58.3104 33.0648 2.15
      vertex 59.2327 33.0648 1.2
      vertex 58.3104 33.0648 1.2
    endloop
  endfacet
  facet normal -0.996259 -0.0864195 0
    outer loop
      vertex 58.3246 32.9011 1.2
      vertex 58.3104 33.0648 2.15
      vertex 58.3104 33.0648 1.2
    endloop
  endfacet
  facet normal -0.996259 -0.0864195 0
    outer loop
      vertex 58.3104 33.0648 2.15
      vertex 58.3246 32.9011 1.2
      vertex 58.3246 32.9011 2.15
    endloop
  endfacet
  facet normal -0.999252 -0.0386807 0
    outer loop
      vertex 58.3348 32.6376 1.2
      vertex 58.3246 32.9011 2.15
      vertex 58.3246 32.9011 1.2
    endloop
  endfacet
  facet normal -0.999252 -0.0386807 0
    outer loop
      vertex 58.3246 32.9011 2.15
      vertex 58.3348 32.6376 1.2
      vertex 58.3348 32.6376 2.15
    endloop
  endfacet
  facet normal -0.999859 -0.0167974 0
    outer loop
      vertex 58.3409 32.2745 1.2
      vertex 58.3348 32.6376 2.15
      vertex 58.3348 32.6376 1.2
    endloop
  endfacet
  facet normal -0.999859 -0.0167974 0
    outer loop
      vertex 58.3348 32.6376 2.15
      vertex 58.3409 32.2745 1.2
      vertex 58.3409 32.2745 2.15
    endloop
  endfacet
  facet normal -0.999991 -0.00432055 0
    outer loop
      vertex 58.3429 31.8116 1.2
      vertex 58.3409 32.2745 2.15
      vertex 58.3409 32.2745 1.2
    endloop
  endfacet
  facet normal -0.999991 -0.00432055 0
    outer loop
      vertex 58.3409 32.2745 2.15
      vertex 58.3429 31.8116 1.2
      vertex 58.3429 31.8116 2.15
    endloop
  endfacet
  facet normal -1 0 0
    outer loop
      vertex 58.3429 27.195 1.2
      vertex 58.3429 31.8116 2.15
      vertex 58.3429 31.8116 1.2
    endloop
  endfacet
  facet normal -1 -0 0
    outer loop
      vertex 58.3429 31.8116 2.15
      vertex 58.3429 27.195 1.2
      vertex 58.3429 27.195 2.15
    endloop
  endfacet
  facet normal 0 -1 0
    outer loop
      vertex 58.3429 27.195 1.2
      vertex 59.314 27.195 2.15
      vertex 58.3429 27.195 2.15
    endloop
  endfacet
  facet normal 0 -1 -0
    outer loop
      vertex 59.314 27.195 2.15
      vertex 58.3429 27.195 1.2
      vertex 59.314 27.195 1.2
    endloop
  endfacet
  facet normal 1 -0 0
    outer loop
      vertex 59.314 27.195 2.15
      vertex 59.314 30.5964 1.2
      vertex 59.314 30.5964 2.15
    endloop
  endfacet
  facet normal 1 0 0
    outer loop
      vertex 59.314 30.5964 1.2
      vertex 59.314 27.195 2.15
      vertex 59.314 27.195 1.2
    endloop
  endfacet
  facet normal 0.356793 -0.934184 0
    outer loop
      vertex 55.523 27.1733 1.2
      vertex 56.2048 27.4337 2.15
      vertex 55.523 27.1733 2.15
    endloop
  endfacet
  facet normal 0.356793 -0.934184 0
    outer loop
      vertex 56.2048 27.4337 2.15
      vertex 55.523 27.1733 1.2
      vertex 56.2048 27.4337 1.2
    endloop
  endfacet
  facet normal 0.644849 -0.76431 0
    outer loop
      vertex 56.2048 27.4337 1.2
      vertex 56.7192 27.8677 2.15
      vertex 56.2048 27.4337 2.15
    endloop
  endfacet
  facet normal 0.644849 -0.76431 0
    outer loop
      vertex 56.7192 27.8677 2.15
      vertex 56.2048 27.4337 1.2
      vertex 56.7192 27.8677 1.2
    endloop
  endfacet
  facet normal 0.868489 -0.495708 0
    outer loop
      vertex 56.7192 27.8677 2.15
      vertex 57.066 28.4753 1.2
      vertex 57.066 28.4753 2.15
    endloop
  endfacet
  facet normal 0.868489 -0.495708 0
    outer loop
      vertex 57.066 28.4753 1.2
      vertex 56.7192 27.8677 2.15
      vertex 56.7192 27.8677 1.2
    endloop
  endfacet
  facet normal 0.273906 0.961756 -0
    outer loop
      vertex 57.066 28.4753 1.2
      vertex 56.2089 28.7194 2.15
      vertex 57.066 28.4753 2.15
    endloop
  endfacet
  facet normal 0.273906 0.961756 0
    outer loop
      vertex 56.2089 28.7194 2.15
      vertex 57.066 28.4753 1.2
      vertex 56.2089 28.7194 1.2
    endloop
  endfacet
  facet normal -0.913489 0.406864 0
    outer loop
      vertex 56.1257 28.5326 1.2
      vertex 56.2089 28.7194 2.15
      vertex 56.2089 28.7194 1.2
    endloop
  endfacet
  facet normal -0.913489 0.406864 0
    outer loop
      vertex 56.2089 28.7194 2.15
      vertex 56.1257 28.5326 1.2
      vertex 56.1257 28.5326 2.15
    endloop
  endfacet
  facet normal -0.82994 0.557853 0
    outer loop
      vertex 56.0115 28.3627 1.2
      vertex 56.1257 28.5326 2.15
      vertex 56.1257 28.5326 1.2
    endloop
  endfacet
  facet normal -0.82994 0.557853 0
    outer loop
      vertex 56.1257 28.5326 2.15
      vertex 56.0115 28.3627 1.2
      vertex 56.0115 28.3627 2.15
    endloop
  endfacet
  facet normal -0.72584 0.687863 0
    outer loop
      vertex 55.8666 28.2098 1.2
      vertex 56.0115 28.3627 2.15
      vertex 56.0115 28.3627 1.2
    endloop
  endfacet
  facet normal -0.72584 0.687863 0
    outer loop
      vertex 56.0115 28.3627 2.15
      vertex 55.8666 28.2098 1.2
      vertex 55.8666 28.2098 2.15
    endloop
  endfacet
  facet normal -0.611883 0.790948 0
    outer loop
      vertex 55.8666 28.2098 1.2
      vertex 55.6908 28.0738 2.15
      vertex 55.8666 28.2098 2.15
    endloop
  endfacet
  facet normal -0.611883 0.790948 0
    outer loop
      vertex 55.6908 28.0738 2.15
      vertex 55.8666 28.2098 1.2
      vertex 55.6908 28.0738 1.2
    endloop
  endfacet
  facet normal -0.474227 0.880403 0
    outer loop
      vertex 55.6908 28.0738 1.2
      vertex 55.4838 27.9623 2.15
      vertex 55.6908 28.0738 2.15
    endloop
  endfacet
  facet normal -0.474227 0.880403 0
    outer loop
      vertex 55.4838 27.9623 2.15
      vertex 55.6908 28.0738 1.2
      vertex 55.4838 27.9623 1.2
    endloop
  endfacet
  facet normal -0.316943 0.948444 0
    outer loop
      vertex 55.4838 27.9623 1.2
      vertex 55.2453 27.8826 2.15
      vertex 55.4838 27.9623 2.15
    endloop
  endfacet
  facet normal -0.316943 0.948444 0
    outer loop
      vertex 55.2453 27.8826 2.15
      vertex 55.4838 27.9623 1.2
      vertex 55.2453 27.8826 1.2
    endloop
  endfacet
  facet normal -0.174264 0.984699 0
    outer loop
      vertex 55.2453 27.8826 1.2
      vertex 54.9752 27.8348 2.15
      vertex 55.2453 27.8826 2.15
    endloop
  endfacet
  facet normal -0.174264 0.984699 0
    outer loop
      vertex 54.9752 27.8348 2.15
      vertex 55.2453 27.8826 1.2
      vertex 54.9752 27.8348 1.2
    endloop
  endfacet
  facet normal -0.0529759 0.998596 0
    outer loop
      vertex 54.9752 27.8348 1.2
      vertex 54.6736 27.8188 2.15
      vertex 54.9752 27.8348 2.15
    endloop
  endfacet
  facet normal -0.0529759 0.998596 0
    outer loop
      vertex 54.6736 27.8188 2.15
      vertex 54.9752 27.8348 1.2
      vertex 54.6736 27.8188 1.2
    endloop
  endfacet
  facet normal 0.090512 0.995895 -0
    outer loop
      vertex 54.6736 27.8188 1.2
      vertex 54.2962 27.8531 2.15
      vertex 54.6736 27.8188 2.15
    endloop
  endfacet
  facet normal 0.090512 0.995895 0
    outer loop
      vertex 54.2962 27.8531 2.15
      vertex 54.6736 27.8188 1.2
      vertex 54.2962 27.8531 1.2
    endloop
  endfacet
  facet normal 0.297813 0.954624 -0
    outer loop
      vertex 54.2962 27.8531 1.2
      vertex 53.967 27.9558 2.15
      vertex 54.2962 27.8531 2.15
    endloop
  endfacet
  facet normal 0.297813 0.954624 0
    outer loop
      vertex 53.967 27.9558 2.15
      vertex 54.2962 27.8531 1.2
      vertex 53.967 27.9558 1.2
    endloop
  endfacet
  facet normal 0.520381 0.853934 -0
    outer loop
      vertex 53.967 27.9558 1.2
      vertex 53.6859 28.1271 2.15
      vertex 53.967 27.9558 2.15
    endloop
  endfacet
  facet normal 0.520381 0.853934 0
    outer loop
      vertex 53.6859 28.1271 2.15
      vertex 53.967 27.9558 1.2
      vertex 53.6859 28.1271 1.2
    endloop
  endfacet
  facet normal 0.717057 0.697014 0
    outer loop
      vertex 53.6859 28.1271 2.15
      vertex 53.4529 28.3668 1.2
      vertex 53.4529 28.3668 2.15
    endloop
  endfacet
  facet normal 0.717057 0.697014 0
    outer loop
      vertex 53.4529 28.3668 1.2
      vertex 53.6859 28.1271 2.15
      vertex 53.6859 28.1271 1.2
    endloop
  endfacet
  facet normal 0.856218 0.516615 0
    outer loop
      vertex 53.4529 28.3668 2.15
      vertex 53.2702 28.6696 1.2
      vertex 53.2702 28.6696 2.15
    endloop
  endfacet
  facet normal 0.856218 0.516615 0
    outer loop
      vertex 53.2702 28.6696 1.2
      vertex 53.4529 28.3668 2.15
      vertex 53.4529 28.3668 1.2
    endloop
  endfacet
  facet normal 0.940257 0.340465 0
    outer loop
      vertex 53.2702 28.6696 2.15
      vertex 53.1397 29.03 1.2
      vertex 53.1397 29.03 2.15
    endloop
  endfacet
  facet normal 0.940257 0.340465 0
    outer loop
      vertex 53.1397 29.03 1.2
      vertex 53.2702 28.6696 2.15
      vertex 53.2702 28.6696 1.2
    endloop
  endfacet
  facet normal 0.98287 0.184303 0
    outer loop
      vertex 53.1397 29.03 2.15
      vertex 53.0613 29.4481 1.2
      vertex 53.0613 29.4481 2.15
    endloop
  endfacet
  facet normal 0.98287 0.184303 0
    outer loop
      vertex 53.0613 29.4481 1.2
      vertex 53.1397 29.03 2.15
      vertex 53.1397 29.03 1.2
    endloop
  endfacet
  facet normal 0.998498 0.0547841 0
    outer loop
      vertex 53.0613 29.4481 2.15
      vertex 53.0352 29.9238 1.2
      vertex 53.0352 29.9238 2.15
    endloop
  endfacet
  facet normal 0.998498 0.0547841 0
    outer loop
      vertex 53.0352 29.9238 1.2
      vertex 53.0613 29.4481 2.15
      vertex 53.0613 29.4481 1.2
    endloop
  endfacet
  facet normal 0 -1 0
    outer loop
      vertex 53.0352 29.9238 1.2
      vertex 57.2234 29.9238 2.15
      vertex 53.0352 29.9238 2.15
    endloop
  endfacet
  facet normal 0 -1 -0
    outer loop
      vertex 57.2234 29.9238 2.15
      vertex 53.0352 29.9238 1.2
      vertex 57.2234 29.9238 1.2
    endloop
  endfacet
  facet normal 1 -0 0
    outer loop
      vertex 57.2234 29.9238 2.15
      vertex 57.2234 30.054 1.2
      vertex 57.2234 30.054 2.15
    endloop
  endfacet
  facet normal 1 0 0
    outer loop
      vertex 57.2234 30.054 1.2
      vertex 57.2234 29.9238 2.15
      vertex 57.2234 29.9238 1.2
    endloop
  endfacet
  facet normal 0.993053 0.117664 0
    outer loop
      vertex 57.2234 30.054 2.15
      vertex 57.0617 31.4187 1.2
      vertex 57.0617 31.4187 2.15
    endloop
  endfacet
  facet normal 0.993053 0.117664 0
    outer loop
      vertex 57.0617 31.4187 1.2
      vertex 57.2234 30.054 2.15
      vertex 57.2234 30.054 1.2
    endloop
  endfacet
  facet normal 0.895234 0.445597 0
    outer loop
      vertex 57.0617 31.4187 2.15
      vertex 56.5765 32.3935 1.2
      vertex 56.5765 32.3935 2.15
    endloop
  endfacet
  facet normal 0.895234 0.445597 0
    outer loop
      vertex 56.5765 32.3935 1.2
      vertex 57.0617 31.4187 2.15
      vertex 57.0617 31.4187 1.2
    endloop
  endfacet
  facet normal 0.585977 0.810328 -0
    outer loop
      vertex 56.5765 32.3935 1.2
      vertex 55.7678 32.9783 2.15
      vertex 56.5765 32.3935 2.15
    endloop
  endfacet
  facet normal 0.585977 0.810328 0
    outer loop
      vertex 55.7678 32.9783 2.15
      vertex 56.5765 32.3935 1.2
      vertex 55.7678 32.9783 1.2
    endloop
  endfacet
  facet normal 0.169732 0.98549 -0
    outer loop
      vertex 55.7678 32.9783 1.2
      vertex 54.6356 33.1733 2.15
      vertex 55.7678 32.9783 2.15
    endloop
  endfacet
  facet normal 0.169732 0.98549 0
    outer loop
      vertex 54.6356 33.1733 2.15
      vertex 55.7678 32.9783 1.2
      vertex 54.6356 33.1733 1.2
    endloop
  endfacet
  facet normal -0.0811754 0.9967 0
    outer loop
      vertex 54.6356 33.1733 1.2
      vertex 54.0401 33.1248 2.15
      vertex 54.6356 33.1733 2.15
    endloop
  endfacet
  facet normal -0.0811754 0.9967 0
    outer loop
      vertex 54.0401 33.1248 2.15
      vertex 54.6356 33.1733 1.2
      vertex 54.0401 33.1248 1.2
    endloop
  endfacet
  facet normal -0.267996 0.96342 0
    outer loop
      vertex 54.0401 33.1248 1.2
      vertex 53.5174 32.9794 2.15
      vertex 54.0401 33.1248 2.15
    endloop
  endfacet
  facet normal -0.267996 0.96342 0
    outer loop
      vertex 53.5174 32.9794 2.15
      vertex 54.0401 33.1248 1.2
      vertex 53.5174 32.9794 1.2
    endloop
  endfacet
  facet normal -0.474403 0.880308 0
    outer loop
      vertex 53.5174 32.9794 1.2
      vertex 53.0676 32.737 2.15
      vertex 53.5174 32.9794 2.15
    endloop
  endfacet
  facet normal -0.474403 0.880308 0
    outer loop
      vertex 53.0676 32.737 2.15
      vertex 53.5174 32.9794 1.2
      vertex 53.0676 32.737 1.2
    endloop
  endfacet
  facet normal -0.66927 0.74302 0
    outer loop
      vertex 53.0676 32.737 1.2
      vertex 52.6908 32.3976 2.15
      vertex 53.0676 32.737 2.15
    endloop
  endfacet
  facet normal -0.66927 0.74302 0
    outer loop
      vertex 52.6908 32.3976 2.15
      vertex 53.0676 32.737 1.2
      vertex 52.6908 32.3976 1.2
    endloop
  endfacet
  facet normal -0.822192 0.56921 0
    outer loop
      vertex 52.3929 31.9673 1.2
      vertex 52.6908 32.3976 2.15
      vertex 52.6908 32.3976 1.2
    endloop
  endfacet
  facet normal -0.822192 0.56921 0
    outer loop
      vertex 52.6908 32.3976 2.15
      vertex 52.3929 31.9673 1.2
      vertex 52.3929 31.9673 2.15
    endloop
  endfacet
  facet normal -0.924272 0.381733 0
    outer loop
      vertex 52.1802 31.4523 1.2
      vertex 52.3929 31.9673 2.15
      vertex 52.3929 31.9673 1.2
    endloop
  endfacet
  facet normal -0.924272 0.381733 0
    outer loop
      vertex 52.3929 31.9673 2.15
      vertex 52.1802 31.4523 1.2
      vertex 52.1802 31.4523 2.15
    endloop
  endfacet
  facet normal -0.978085 0.208204 0
    outer loop
      vertex 52.0525 30.8524 1.2
      vertex 52.1802 31.4523 2.15
      vertex 52.1802 31.4523 1.2
    endloop
  endfacet
  facet normal -0.978085 0.208204 0
    outer loop
      vertex 52.1802 31.4523 2.15
      vertex 52.0525 30.8524 1.2
      vertex 52.0525 30.8524 2.15
    endloop
  endfacet
  facet normal -0.998078 0.0619698 0
    outer loop
      vertex 52.01 30.1679 1.2
      vertex 52.0525 30.8524 2.15
      vertex 52.0525 30.8524 1.2
    endloop
  endfacet
  facet normal -0.998078 0.0619698 0
    outer loop
      vertex 52.0525 30.8524 2.15
      vertex 52.01 30.1679 1.2
      vertex 52.01 30.1679 2.15
    endloop
  endfacet
  facet normal -0.998252 -0.0591052 0
    outer loop
      vertex 52.0525 29.4501 1.2
      vertex 52.01 30.1679 2.15
      vertex 52.01 30.1679 1.2
    endloop
  endfacet
  facet normal -0.998252 -0.0591052 0
    outer loop
      vertex 52.01 30.1679 2.15
      vertex 52.0525 29.4501 1.2
      vertex 52.0525 29.4501 2.15
    endloop
  endfacet
  facet normal -0.979664 -0.200646 0
    outer loop
      vertex 52.1802 28.8266 1.2
      vertex 52.0525 29.4501 2.15
      vertex 52.0525 29.4501 1.2
    endloop
  endfacet
  facet normal -0.979664 -0.200646 0
    outer loop
      vertex 52.0525 29.4501 2.15
      vertex 52.1802 28.8266 1.2
      vertex 52.1802 28.8266 2.15
    endloop
  endfacet
  facet normal -0.927883 -0.372871 0
    outer loop
      vertex 52.3929 28.2973 1.2
      vertex 52.1802 28.8266 2.15
      vertex 52.1802 28.8266 1.2
    endloop
  endfacet
  facet normal -0.927883 -0.372871 0
    outer loop
      vertex 52.1802 28.8266 2.15
      vertex 52.3929 28.2973 1.2
      vertex 52.3929 28.2973 2.15
    endloop
  endfacet
  facet normal -0.82507 -0.565031 0
    outer loop
      vertex 52.6908 27.8623 1.2
      vertex 52.3929 28.2973 2.15
      vertex 52.3929 28.2973 1.2
    endloop
  endfacet
  facet normal -0.82507 -0.565031 0
    outer loop
      vertex 52.3929 28.2973 2.15
      vertex 52.6908 27.8623 1.2
      vertex 52.6908 27.8623 2.15
    endloop
  endfacet
  facet normal -0.666921 -0.745128 0
    outer loop
      vertex 52.6908 27.8623 1.2
      vertex 53.07 27.5229 2.15
      vertex 52.6908 27.8623 2.15
    endloop
  endfacet
  facet normal -0.666921 -0.745128 -0
    outer loop
      vertex 53.07 27.5229 2.15
      vertex 52.6908 27.8623 1.2
      vertex 53.07 27.5229 1.2
    endloop
  endfacet
  facet normal -0.46866 -0.883378 0
    outer loop
      vertex 53.07 27.5229 1.2
      vertex 53.5269 27.2805 2.15
      vertex 53.07 27.5229 2.15
    endloop
  endfacet
  facet normal -0.46866 -0.883378 -0
    outer loop
      vertex 53.5269 27.2805 2.15
      vertex 53.07 27.5229 1.2
      vertex 53.5269 27.2805 1.2
    endloop
  endfacet
  facet normal -0.262613 -0.964901 0
    outer loop
      vertex 53.5269 27.2805 1.2
      vertex 54.0615 27.135 2.15
      vertex 53.5269 27.2805 2.15
    endloop
  endfacet
  facet normal -0.262613 -0.964901 -0
    outer loop
      vertex 54.0615 27.135 2.15
      vertex 53.5269 27.2805 1.2
      vertex 54.0615 27.135 1.2
    endloop
  endfacet
  facet normal -0.0789879 -0.996876 0
    outer loop
      vertex 54.0615 27.135 1.2
      vertex 54.6736 27.0865 2.15
      vertex 54.0615 27.135 2.15
    endloop
  endfacet
  facet normal -0.0789879 -0.996876 -0
    outer loop
      vertex 54.6736 27.0865 2.15
      vertex 54.0615 27.135 1.2
      vertex 54.6736 27.0865 1.2
    endloop
  endfacet
  facet normal 0.10166 -0.994819 0
    outer loop
      vertex 54.6736 27.0865 1.2
      vertex 55.523 27.1733 2.15
      vertex 54.6736 27.0865 2.15
    endloop
  endfacet
  facet normal 0.10166 -0.994819 0
    outer loop
      vertex 55.523 27.1733 2.15
      vertex 54.6736 27.0865 1.2
      vertex 55.523 27.1733 1.2
    endloop
  endfacet
  facet normal 0.994804 -0.10181 0
    outer loop
      vertex 53.0461 30.6724 2.15
      vertex 53.0863 31.0652 1.2
      vertex 53.0863 31.0652 2.15
    endloop
  endfacet
  facet normal 0.994804 -0.10181 0
    outer loop
      vertex 53.0863 31.0652 1.2
      vertex 53.0461 30.6724 2.15
      vertex 53.0461 30.6724 1.2
    endloop
  endfacet
  facet normal 0.96955 -0.244892 0
    outer loop
      vertex 53.0863 31.0652 2.15
      vertex 53.1743 31.4136 1.2
      vertex 53.1743 31.4136 2.15
    endloop
  endfacet
  facet normal 0.96955 -0.244892 0
    outer loop
      vertex 53.1743 31.4136 1.2
      vertex 53.0863 31.0652 2.15
      vertex 53.0863 31.0652 1.2
    endloop
  endfacet
  facet normal 0.912992 -0.407977 0
    outer loop
      vertex 53.1743 31.4136 2.15
      vertex 53.3101 31.7175 1.2
      vertex 53.3101 31.7175 2.15
    endloop
  endfacet
  facet normal 0.912992 -0.407977 0
    outer loop
      vertex 53.3101 31.7175 1.2
      vertex 53.1743 31.4136 2.15
      vertex 53.1743 31.4136 1.2
    endloop
  endfacet
  facet normal 0.816593 -0.577214 0
    outer loop
      vertex 53.3101 31.7175 2.15
      vertex 53.4936 31.9771 1.2
      vertex 53.4936 31.9771 2.15
    endloop
  endfacet
  facet normal 0.816593 -0.577214 0
    outer loop
      vertex 53.4936 31.9771 1.2
      vertex 53.3101 31.7175 2.15
      vertex 53.3101 31.7175 1.2
    endloop
  endfacet
  facet normal 0.676668 -0.736288 0
    outer loop
      vertex 53.4936 31.9771 1.2
      vertex 53.7196 32.1848 2.15
      vertex 53.4936 31.9771 2.15
    endloop
  endfacet
  facet normal 0.676668 -0.736288 0
    outer loop
      vertex 53.7196 32.1848 2.15
      vertex 53.4936 31.9771 1.2
      vertex 53.7196 32.1848 1.2
    endloop
  endfacet
  facet normal 0.491173 -0.871062 0
    outer loop
      vertex 53.7196 32.1848 1.2
      vertex 53.9826 32.3331 2.15
      vertex 53.7196 32.1848 2.15
    endloop
  endfacet
  facet normal 0.491173 -0.871062 0
    outer loop
      vertex 53.9826 32.3331 2.15
      vertex 53.7196 32.1848 1.2
      vertex 53.9826 32.3331 1.2
    endloop
  endfacet
  facet normal 0.284502 -0.958675 0
    outer loop
      vertex 53.9826 32.3331 1.2
      vertex 54.2825 32.4221 2.15
      vertex 53.9826 32.3331 2.15
    endloop
  endfacet
  facet normal 0.284502 -0.958675 0
    outer loop
      vertex 54.2825 32.4221 2.15
      vertex 53.9826 32.3331 1.2
      vertex 54.2825 32.4221 1.2
    endloop
  endfacet
  facet normal 0.0878161 -0.996137 0
    outer loop
      vertex 54.2825 32.4221 1.2
      vertex 54.6194 32.4518 2.15
      vertex 54.2825 32.4221 2.15
    endloop
  endfacet
  facet normal 0.0878161 -0.996137 0
    outer loop
      vertex 54.6194 32.4518 2.15
      vertex 54.2825 32.4221 1.2
      vertex 54.6194 32.4518 1.2
    endloop
  endfacet
  facet normal -0.0769176 -0.997037 0
    outer loop
      vertex 54.6194 32.4518 1.2
      vertex 54.9642 32.4252 2.15
      vertex 54.6194 32.4518 2.15
    endloop
  endfacet
  facet normal -0.0769176 -0.997037 -0
    outer loop
      vertex 54.9642 32.4252 2.15
      vertex 54.6194 32.4518 1.2
      vertex 54.9642 32.4252 1.2
    endloop
  endfacet
  facet normal -0.25569 -0.966759 0
    outer loop
      vertex 54.9642 32.4252 1.2
      vertex 55.2663 32.3453 2.15
      vertex 54.9642 32.4252 2.15
    endloop
  endfacet
  facet normal -0.25569 -0.966759 -0
    outer loop
      vertex 55.2663 32.3453 2.15
      vertex 54.9642 32.4252 1.2
      vertex 55.2663 32.3453 1.2
    endloop
  endfacet
  facet normal -0.456658 -0.889642 0
    outer loop
      vertex 55.2663 32.3453 1.2
      vertex 55.5256 32.2122 2.15
      vertex 55.2663 32.3453 2.15
    endloop
  endfacet
  facet normal -0.456658 -0.889642 -0
    outer loop
      vertex 55.5256 32.2122 2.15
      vertex 55.2663 32.3453 1.2
      vertex 55.5256 32.2122 1.2
    endloop
  endfacet
  facet normal -0.651713 -0.758465 0
    outer loop
      vertex 55.5256 32.2122 1.2
      vertex 55.7423 32.026 2.15
      vertex 55.5256 32.2122 2.15
    endloop
  endfacet
  facet normal -0.651713 -0.758465 -0
    outer loop
      vertex 55.7423 32.026 2.15
      vertex 55.5256 32.2122 1.2
      vertex 55.7423 32.026 1.2
    endloop
  endfacet
  facet normal -0.811371 -0.584532 0
    outer loop
      vertex 55.9183 31.7817 1.2
      vertex 55.7423 32.026 2.15
      vertex 55.7423 32.026 1.2
    endloop
  endfacet
  facet normal -0.811371 -0.584532 0
    outer loop
      vertex 55.7423 32.026 2.15
      vertex 55.9183 31.7817 1.2
      vertex 55.9183 31.7817 2.15
    endloop
  endfacet
  facet normal -0.912865 -0.408262 0
    outer loop
      vertex 56.0556 31.4747 1.2
      vertex 55.9183 31.7817 2.15
      vertex 55.9183 31.7817 1.2
    endloop
  endfacet
  facet normal -0.912865 -0.408262 0
    outer loop
      vertex 55.9183 31.7817 2.15
      vertex 56.0556 31.4747 1.2
      vertex 56.0556 31.4747 2.15
    endloop
  endfacet
  facet normal -0.966179 -0.257874 0
    outer loop
      vertex 56.1543 31.1049 1.2
      vertex 56.0556 31.4747 2.15
      vertex 56.0556 31.4747 1.2
    endloop
  endfacet
  facet normal -0.966179 -0.257874 0
    outer loop
      vertex 56.0556 31.4747 2.15
      vertex 56.1543 31.1049 1.2
      vertex 56.1543 31.1049 2.15
    endloop
  endfacet
  facet normal -0.990514 -0.137412 0
    outer loop
      vertex 56.2143 30.6724 1.2
      vertex 56.1543 31.1049 2.15
      vertex 56.1543 31.1049 1.2
    endloop
  endfacet
  facet normal -0.990514 -0.137412 0
    outer loop
      vertex 56.1543 31.1049 2.15
      vertex 56.2143 30.6724 1.2
      vertex 56.2143 30.6724 2.15
    endloop
  endfacet
  facet normal 0 1 -0
    outer loop
      vertex 56.2143 30.6724 1.2
      vertex 53.0461 30.6724 2.15
      vertex 56.2143 30.6724 2.15
    endloop
  endfacet
  facet normal 0 1 0
    outer loop
      vertex 53.0461 30.6724 2.15
      vertex 56.2143 30.6724 1.2
      vertex 53.0461 30.6724 1.2
    endloop
  endfacet
  facet normal 0.356747 -0.934201 0
    outer loop
      vertex 35.2097 27.1733 1.2
      vertex 35.8916 27.4337 2.15
      vertex 35.2097 27.1733 2.15
    endloop
  endfacet
  facet normal 0.356747 -0.934201 0
    outer loop
      vertex 35.8916 27.4337 2.15
      vertex 35.2097 27.1733 1.2
      vertex 35.8916 27.4337 1.2
    endloop
  endfacet
  facet normal 0.644922 -0.764248 0
    outer loop
      vertex 35.8916 27.4337 1.2
      vertex 36.4059 27.8677 2.15
      vertex 35.8916 27.4337 2.15
    endloop
  endfacet
  facet normal 0.644922 -0.764248 0
    outer loop
      vertex 36.4059 27.8677 2.15
      vertex 35.8916 27.4337 1.2
      vertex 36.4059 27.8677 1.2
    endloop
  endfacet
  facet normal 0.868428 -0.495816 0
    outer loop
      vertex 36.4059 27.8677 2.15
      vertex 36.7528 28.4753 1.2
      vertex 36.7528 28.4753 2.15
    endloop
  endfacet
  facet normal 0.868428 -0.495816 0
    outer loop
      vertex 36.7528 28.4753 1.2
      vertex 36.4059 27.8677 2.15
      vertex 36.4059 27.8677 1.2
    endloop
  endfacet
  facet normal 0.273906 0.961756 -0
    outer loop
      vertex 36.7528 28.4753 1.2
      vertex 35.8957 28.7194 2.15
      vertex 36.7528 28.4753 2.15
    endloop
  endfacet
  facet normal 0.273906 0.961756 0
    outer loop
      vertex 35.8957 28.7194 2.15
      vertex 36.7528 28.4753 1.2
      vertex 35.8957 28.7194 1.2
    endloop
  endfacet
  facet normal -0.913307 0.407272 0
    outer loop
      vertex 35.8124 28.5326 1.2
      vertex 35.8957 28.7194 2.15
      vertex 35.8957 28.7194 1.2
    endloop
  endfacet
  facet normal -0.913307 0.407272 0
    outer loop
      vertex 35.8957 28.7194 2.15
      vertex 35.8124 28.5326 1.2
      vertex 35.8124 28.5326 2.15
    endloop
  endfacet
  facet normal -0.830166 0.557516 0
    outer loop
      vertex 35.6983 28.3627 1.2
      vertex 35.8124 28.5326 2.15
      vertex 35.8124 28.5326 1.2
    endloop
  endfacet
  facet normal -0.830166 0.557516 0
    outer loop
      vertex 35.8124 28.5326 2.15
      vertex 35.6983 28.3627 1.2
      vertex 35.6983 28.3627 2.15
    endloop
  endfacet
  facet normal -0.725603 0.688113 0
    outer loop
      vertex 35.5533 28.2098 1.2
      vertex 35.6983 28.3627 2.15
      vertex 35.6983 28.3627 1.2
    endloop
  endfacet
  facet normal -0.725603 0.688113 0
    outer loop
      vertex 35.6983 28.3627 2.15
      vertex 35.5533 28.2098 1.2
      vertex 35.5533 28.2098 2.15
    endloop
  endfacet
  facet normal -0.611883 0.790948 0
    outer loop
      vertex 35.5533 28.2098 1.2
      vertex 35.3775 28.0738 2.15
      vertex 35.5533 28.2098 2.15
    endloop
  endfacet
  facet normal -0.611883 0.790948 0
    outer loop
      vertex 35.3775 28.0738 2.15
      vertex 35.5533 28.2098 1.2
      vertex 35.3775 28.0738 1.2
    endloop
  endfacet
  facet normal -0.474227 0.880403 0
    outer loop
      vertex 35.3775 28.0738 1.2
      vertex 35.1705 27.9623 2.15
      vertex 35.3775 28.0738 2.15
    endloop
  endfacet
  facet normal -0.474227 0.880403 0
    outer loop
      vertex 35.1705 27.9623 2.15
      vertex 35.3775 28.0738 1.2
      vertex 35.1705 27.9623 1.2
    endloop
  endfacet
  facet normal -0.316943 0.948444 0
    outer loop
      vertex 35.1705 27.9623 1.2
      vertex 34.932 27.8826 2.15
      vertex 35.1705 27.9623 2.15
    endloop
  endfacet
  facet normal -0.316943 0.948444 0
    outer loop
      vertex 34.932 27.8826 2.15
      vertex 35.1705 27.9623 1.2
      vertex 34.932 27.8826 1.2
    endloop
  endfacet
  facet normal -0.174326 0.984688 0
    outer loop
      vertex 34.932 27.8826 1.2
      vertex 34.662 27.8348 2.15
      vertex 34.932 27.8826 2.15
    endloop
  endfacet
  facet normal -0.174326 0.984688 0
    outer loop
      vertex 34.662 27.8348 2.15
      vertex 34.932 27.8826 1.2
      vertex 34.662 27.8348 1.2
    endloop
  endfacet
  facet normal -0.0529759 0.998596 0
    outer loop
      vertex 34.662 27.8348 1.2
      vertex 34.3604 27.8188 2.15
      vertex 34.662 27.8348 2.15
    endloop
  endfacet
  facet normal -0.0529759 0.998596 0
    outer loop
      vertex 34.3604 27.8188 2.15
      vertex 34.662 27.8348 1.2
      vertex 34.3604 27.8188 1.2
    endloop
  endfacet
  facet normal 0.090512 0.995895 -0
    outer loop
      vertex 34.3604 27.8188 1.2
      vertex 33.983 27.8531 2.15
      vertex 34.3604 27.8188 2.15
    endloop
  endfacet
  facet normal 0.090512 0.995895 0
    outer loop
      vertex 33.983 27.8531 2.15
      vertex 34.3604 27.8188 1.2
      vertex 33.983 27.8531 1.2
    endloop
  endfacet
  facet normal 0.29773 0.95465 -0
    outer loop
      vertex 33.983 27.8531 1.2
      vertex 33.6537 27.9558 2.15
      vertex 33.983 27.8531 2.15
    endloop
  endfacet
  facet normal 0.29773 0.95465 0
    outer loop
      vertex 33.6537 27.9558 2.15
      vertex 33.983 27.8531 1.2
      vertex 33.6537 27.9558 1.2
    endloop
  endfacet
  facet normal 0.520381 0.853934 -0
    outer loop
      vertex 33.6537 27.9558 1.2
      vertex 33.3726 28.1271 2.15
      vertex 33.6537 27.9558 2.15
    endloop
  endfacet
  facet normal 0.520381 0.853934 0
    outer loop
      vertex 33.3726 28.1271 2.15
      vertex 33.6537 27.9558 1.2
      vertex 33.3726 28.1271 1.2
    endloop
  endfacet
  facet normal 0.717057 0.697014 0
    outer loop
      vertex 33.3726 28.1271 2.15
      vertex 33.1396 28.3668 1.2
      vertex 33.1396 28.3668 2.15
    endloop
  endfacet
  facet normal 0.717057 0.697014 0
    outer loop
      vertex 33.1396 28.3668 1.2
      vertex 33.3726 28.1271 2.15
      vertex 33.3726 28.1271 1.2
    endloop
  endfacet
  facet normal 0.856218 0.516615 0
    outer loop
      vertex 33.1396 28.3668 2.15
      vertex 32.9569 28.6696 1.2
      vertex 32.9569 28.6696 2.15
    endloop
  endfacet
  facet normal 0.856218 0.516615 0
    outer loop
      vertex 32.9569 28.6696 1.2
      vertex 33.1396 28.3668 2.15
      vertex 33.1396 28.3668 1.2
    endloop
  endfacet
  facet normal 0.940257 0.340465 0
    outer loop
      vertex 32.9569 28.6696 2.15
      vertex 32.8264 29.03 1.2
      vertex 32.8264 29.03 2.15
    endloop
  endfacet
  facet normal 0.940257 0.340465 0
    outer loop
      vertex 32.8264 29.03 1.2
      vertex 32.9569 28.6696 2.15
      vertex 32.9569 28.6696 1.2
    endloop
  endfacet
  facet normal 0.982912 0.184076 0
    outer loop
      vertex 32.8264 29.03 2.15
      vertex 32.7481 29.4481 1.2
      vertex 32.7481 29.4481 2.15
    endloop
  endfacet
  facet normal 0.982912 0.184076 0
    outer loop
      vertex 32.7481 29.4481 1.2
      vertex 32.8264 29.03 2.15
      vertex 32.8264 29.03 1.2
    endloop
  endfacet
  facet normal 0.998498 0.0547841 0
    outer loop
      vertex 32.7481 29.4481 2.15
      vertex 32.722 29.9238 1.2
      vertex 32.722 29.9238 2.15
    endloop
  endfacet
  facet normal 0.998498 0.0547841 0
    outer loop
      vertex 32.722 29.9238 1.2
      vertex 32.7481 29.4481 2.15
      vertex 32.7481 29.4481 1.2
    endloop
  endfacet
  facet normal 0 -1 0
    outer loop
      vertex 32.722 29.9238 1.2
      vertex 36.9101 29.9238 2.15
      vertex 32.722 29.9238 2.15
    endloop
  endfacet
  facet normal 0 -1 -0
    outer loop
      vertex 36.9101 29.9238 2.15
      vertex 32.722 29.9238 1.2
      vertex 36.9101 29.9238 1.2
    endloop
  endfacet
  facet normal 1 -0 0
    outer loop
      vertex 36.9101 29.9238 2.15
      vertex 36.9101 30.054 1.2
      vertex 36.9101 30.054 2.15
    endloop
  endfacet
  facet normal 1 0 0
    outer loop
      vertex 36.9101 30.054 1.2
      vertex 36.9101 29.9238 2.15
      vertex 36.9101 29.9238 1.2
    endloop
  endfacet
  facet normal 0.993053 0.117664 0
    outer loop
      vertex 36.9101 30.054 2.15
      vertex 36.7484 31.4187 1.2
      vertex 36.7484 31.4187 2.15
    endloop
  endfacet
  facet normal 0.993053 0.117664 0
    outer loop
      vertex 36.7484 31.4187 1.2
      vertex 36.9101 30.054 2.15
      vertex 36.9101 30.054 1.2
    endloop
  endfacet
  facet normal 0.895234 0.445597 0
    outer loop
      vertex 36.7484 31.4187 2.15
      vertex 36.2632 32.3935 1.2
      vertex 36.2632 32.3935 2.15
    endloop
  endfacet
  facet normal 0.895234 0.445597 0
    outer loop
      vertex 36.2632 32.3935 1.2
      vertex 36.7484 31.4187 2.15
      vertex 36.7484 31.4187 1.2
    endloop
  endfacet
  facet normal 0.585977 0.810328 -0
    outer loop
      vertex 36.2632 32.3935 1.2
      vertex 35.4545 32.9783 2.15
      vertex 36.2632 32.3935 2.15
    endloop
  endfacet
  facet normal 0.585977 0.810328 0
    outer loop
      vertex 35.4545 32.9783 2.15
      vertex 36.2632 32.3935 1.2
      vertex 35.4545 32.9783 1.2
    endloop
  endfacet
  facet normal 0.169747 0.985488 -0
    outer loop
      vertex 35.4545 32.9783 1.2
      vertex 34.3224 33.1733 2.15
      vertex 35.4545 32.9783 2.15
    endloop
  endfacet
  facet normal 0.169747 0.985488 0
    outer loop
      vertex 34.3224 33.1733 2.15
      vertex 35.4545 32.9783 1.2
      vertex 34.3224 33.1733 1.2
    endloop
  endfacet
  facet normal -0.0811618 0.996701 0
    outer loop
      vertex 34.3224 33.1733 1.2
      vertex 33.7268 33.1248 2.15
      vertex 34.3224 33.1733 2.15
    endloop
  endfacet
  facet normal -0.0811618 0.996701 0
    outer loop
      vertex 33.7268 33.1248 2.15
      vertex 34.3224 33.1733 1.2
      vertex 33.7268 33.1248 1.2
    endloop
  endfacet
  facet normal -0.268043 0.963407 0
    outer loop
      vertex 33.7268 33.1248 1.2
      vertex 33.2042 32.9794 2.15
      vertex 33.7268 33.1248 2.15
    endloop
  endfacet
  facet normal -0.268043 0.963407 0
    outer loop
      vertex 33.2042 32.9794 2.15
      vertex 33.7268 33.1248 1.2
      vertex 33.2042 32.9794 1.2
    endloop
  endfacet
  facet normal -0.474403 0.880308 0
    outer loop
      vertex 33.2042 32.9794 1.2
      vertex 32.7544 32.737 2.15
      vertex 33.2042 32.9794 2.15
    endloop
  endfacet
  facet normal -0.474403 0.880308 0
    outer loop
      vertex 32.7544 32.737 2.15
      vertex 33.2042 32.9794 1.2
      vertex 32.7544 32.737 1.2
    endloop
  endfacet
  facet normal -0.669172 0.743108 0
    outer loop
      vertex 32.7544 32.737 1.2
      vertex 32.3775 32.3976 2.15
      vertex 32.7544 32.737 2.15
    endloop
  endfacet
  facet normal -0.669172 0.743108 0
    outer loop
      vertex 32.3775 32.3976 2.15
      vertex 32.7544 32.737 1.2
      vertex 32.3775 32.3976 1.2
    endloop
  endfacet
  facet normal -0.822282 0.569081 0
    outer loop
      vertex 32.0797 31.9673 1.2
      vertex 32.3775 32.3976 2.15
      vertex 32.3775 32.3976 1.2
    endloop
  endfacet
  facet normal -0.822282 0.569081 0
    outer loop
      vertex 32.3775 32.3976 2.15
      vertex 32.0797 31.9673 1.2
      vertex 32.0797 31.9673 2.15
    endloop
  endfacet
  facet normal -0.924209 0.381887 0
    outer loop
      vertex 31.8669 31.4523 1.2
      vertex 32.0797 31.9673 2.15
      vertex 32.0797 31.9673 1.2
    endloop
  endfacet
  facet normal -0.924209 0.381887 0
    outer loop
      vertex 32.0797 31.9673 2.15
      vertex 31.8669 31.4523 1.2
      vertex 31.8669 31.4523 2.15
    endloop
  endfacet
  facet normal -0.978085 0.208204 0
    outer loop
      vertex 31.7392 30.8524 1.2
      vertex 31.8669 31.4523 2.15
      vertex 31.8669 31.4523 1.2
    endloop
  endfacet
  facet normal -0.978085 0.208204 0
    outer loop
      vertex 31.8669 31.4523 2.15
      vertex 31.7392 30.8524 1.2
      vertex 31.7392 30.8524 2.15
    endloop
  endfacet
  facet normal -0.998078 0.0619698 0
    outer loop
      vertex 31.6967 30.1679 1.2
      vertex 31.7392 30.8524 2.15
      vertex 31.7392 30.8524 1.2
    endloop
  endfacet
  facet normal -0.998078 0.0619698 0
    outer loop
      vertex 31.7392 30.8524 2.15
      vertex 31.6967 30.1679 1.2
      vertex 31.6967 30.1679 2.15
    endloop
  endfacet
  facet normal -0.998252 -0.0591052 0
    outer loop
      vertex 31.7392 29.4501 1.2
      vertex 31.6967 30.1679 2.15
      vertex 31.6967 30.1679 1.2
    endloop
  endfacet
  facet normal -0.998252 -0.0591052 0
    outer loop
      vertex 31.6967 30.1679 2.15
      vertex 31.7392 29.4501 1.2
      vertex 31.7392 29.4501 2.15
    endloop
  endfacet
  facet normal -0.979664 -0.200646 0
    outer loop
      vertex 31.8669 28.8266 1.2
      vertex 31.7392 29.4501 2.15
      vertex 31.7392 29.4501 1.2
    endloop
  endfacet
  facet normal -0.979664 -0.200646 0
    outer loop
      vertex 31.7392 29.4501 2.15
      vertex 31.8669 28.8266 1.2
      vertex 31.8669 28.8266 2.15
    endloop
  endfacet
  facet normal -0.927822 -0.373022 0
    outer loop
      vertex 32.0797 28.2973 1.2
      vertex 31.8669 28.8266 2.15
      vertex 31.8669 28.8266 1.2
    endloop
  endfacet
  facet normal -0.927822 -0.373022 0
    outer loop
      vertex 31.8669 28.8266 2.15
      vertex 32.0797 28.2973 1.2
      vertex 32.0797 28.2973 2.15
    endloop
  endfacet
  facet normal -0.825158 -0.564902 0
    outer loop
      vertex 32.3775 27.8623 1.2
      vertex 32.0797 28.2973 2.15
      vertex 32.0797 28.2973 1.2
    endloop
  endfacet
  facet normal -0.825158 -0.564902 0
    outer loop
      vertex 32.0797 28.2973 2.15
      vertex 32.3775 27.8623 1.2
      vertex 32.3775 27.8623 2.15
    endloop
  endfacet
  facet normal -0.666824 -0.745216 0
    outer loop
      vertex 32.3775 27.8623 1.2
      vertex 32.7568 27.5229 2.15
      vertex 32.3775 27.8623 2.15
    endloop
  endfacet
  facet normal -0.666824 -0.745216 -0
    outer loop
      vertex 32.7568 27.5229 2.15
      vertex 32.3775 27.8623 1.2
      vertex 32.7568 27.5229 1.2
    endloop
  endfacet
  facet normal -0.46866 -0.883378 0
    outer loop
      vertex 32.7568 27.5229 1.2
      vertex 33.2137 27.2805 2.15
      vertex 32.7568 27.5229 2.15
    endloop
  endfacet
  facet normal -0.46866 -0.883378 -0
    outer loop
      vertex 33.2137 27.2805 2.15
      vertex 32.7568 27.5229 1.2
      vertex 33.2137 27.2805 1.2
    endloop
  endfacet
  facet normal -0.262659 -0.964889 0
    outer loop
      vertex 33.2137 27.2805 1.2
      vertex 33.7482 27.135 2.15
      vertex 33.2137 27.2805 2.15
    endloop
  endfacet
  facet normal -0.262659 -0.964889 -0
    outer loop
      vertex 33.7482 27.135 2.15
      vertex 33.2137 27.2805 1.2
      vertex 33.7482 27.135 1.2
    endloop
  endfacet
  facet normal -0.078975 -0.996877 0
    outer loop
      vertex 33.7482 27.135 1.2
      vertex 34.3604 27.0865 2.15
      vertex 33.7482 27.135 2.15
    endloop
  endfacet
  facet normal -0.078975 -0.996877 -0
    outer loop
      vertex 34.3604 27.0865 2.15
      vertex 33.7482 27.135 1.2
      vertex 34.3604 27.0865 1.2
    endloop
  endfacet
  facet normal 0.101672 -0.994818 0
    outer loop
      vertex 34.3604 27.0865 1.2
      vertex 35.2097 27.1733 2.15
      vertex 34.3604 27.0865 2.15
    endloop
  endfacet
  facet normal 0.101672 -0.994818 0
    outer loop
      vertex 35.2097 27.1733 2.15
      vertex 34.3604 27.0865 1.2
      vertex 35.2097 27.1733 1.2
    endloop
  endfacet
  facet normal 0.994804 -0.10181 0
    outer loop
      vertex 32.7328 30.6724 2.15
      vertex 32.773 31.0652 1.2
      vertex 32.773 31.0652 2.15
    endloop
  endfacet
  facet normal 0.994804 -0.10181 0
    outer loop
      vertex 32.773 31.0652 1.2
      vertex 32.7328 30.6724 2.15
      vertex 32.7328 30.6724 1.2
    endloop
  endfacet
  facet normal 0.96955 -0.244892 0
    outer loop
      vertex 32.773 31.0652 2.15
      vertex 32.861 31.4136 1.2
      vertex 32.861 31.4136 2.15
    endloop
  endfacet
  facet normal 0.96955 -0.244892 0
    outer loop
      vertex 32.861 31.4136 1.2
      vertex 32.773 31.0652 2.15
      vertex 32.773 31.0652 1.2
    endloop
  endfacet
  facet normal 0.912992 -0.407977 0
    outer loop
      vertex 32.861 31.4136 2.15
      vertex 32.9968 31.7175 1.2
      vertex 32.9968 31.7175 2.15
    endloop
  endfacet
  facet normal 0.912992 -0.407977 0
    outer loop
      vertex 32.9968 31.7175 1.2
      vertex 32.861 31.4136 2.15
      vertex 32.861 31.4136 1.2
    endloop
  endfacet
  facet normal 0.816445 -0.577424 0
    outer loop
      vertex 32.9968 31.7175 2.15
      vertex 33.1804 31.9771 1.2
      vertex 33.1804 31.9771 2.15
    endloop
  endfacet
  facet normal 0.816445 -0.577424 0
    outer loop
      vertex 33.1804 31.9771 1.2
      vertex 32.9968 31.7175 2.15
      vertex 32.9968 31.7175 1.2
    endloop
  endfacet
  facet normal 0.676668 -0.736288 0
    outer loop
      vertex 33.1804 31.9771 1.2
      vertex 33.4064 32.1848 2.15
      vertex 33.1804 31.9771 2.15
    endloop
  endfacet
  facet normal 0.676668 -0.736288 0
    outer loop
      vertex 33.4064 32.1848 2.15
      vertex 33.1804 31.9771 1.2
      vertex 33.4064 32.1848 1.2
    endloop
  endfacet
  facet normal 0.491315 -0.870982 0
    outer loop
      vertex 33.4064 32.1848 1.2
      vertex 33.6693 32.3331 2.15
      vertex 33.4064 32.1848 2.15
    endloop
  endfacet
  facet normal 0.491315 -0.870982 0
    outer loop
      vertex 33.6693 32.3331 2.15
      vertex 33.4064 32.1848 1.2
      vertex 33.6693 32.3331 1.2
    endloop
  endfacet
  facet normal 0.284415 -0.958701 0
    outer loop
      vertex 33.6693 32.3331 1.2
      vertex 33.9693 32.4221 2.15
      vertex 33.6693 32.3331 2.15
    endloop
  endfacet
  facet normal 0.284415 -0.958701 0
    outer loop
      vertex 33.9693 32.4221 2.15
      vertex 33.6693 32.3331 1.2
      vertex 33.9693 32.4221 1.2
    endloop
  endfacet
  facet normal 0.087842 -0.996134 0
    outer loop
      vertex 33.9693 32.4221 1.2
      vertex 34.3061 32.4518 2.15
      vertex 33.9693 32.4221 2.15
    endloop
  endfacet
  facet normal 0.087842 -0.996134 0
    outer loop
      vertex 34.3061 32.4518 2.15
      vertex 33.9693 32.4221 1.2
      vertex 34.3061 32.4518 1.2
    endloop
  endfacet
  facet normal -0.0769176 -0.997037 0
    outer loop
      vertex 34.3061 32.4518 1.2
      vertex 34.6509 32.4252 2.15
      vertex 34.3061 32.4518 2.15
    endloop
  endfacet
  facet normal -0.0769176 -0.997037 -0
    outer loop
      vertex 34.6509 32.4252 2.15
      vertex 34.3061 32.4518 1.2
      vertex 34.6509 32.4252 1.2
    endloop
  endfacet
  facet normal -0.25569 -0.966759 0
    outer loop
      vertex 34.6509 32.4252 1.2
      vertex 34.953 32.3453 2.15
      vertex 34.6509 32.4252 2.15
    endloop
  endfacet
  facet normal -0.25569 -0.966759 -0
    outer loop
      vertex 34.953 32.3453 2.15
      vertex 34.6509 32.4252 1.2
      vertex 34.953 32.3453 1.2
    endloop
  endfacet
  facet normal -0.456519 -0.889714 0
    outer loop
      vertex 34.953 32.3453 1.2
      vertex 35.2124 32.2122 2.15
      vertex 34.953 32.3453 2.15
    endloop
  endfacet
  facet normal -0.456519 -0.889714 -0
    outer loop
      vertex 35.2124 32.2122 2.15
      vertex 34.953 32.3453 1.2
      vertex 35.2124 32.2122 1.2
    endloop
  endfacet
  facet normal -0.651886 -0.758317 0
    outer loop
      vertex 35.2124 32.2122 1.2
      vertex 35.429 32.026 2.15
      vertex 35.2124 32.2122 2.15
    endloop
  endfacet
  facet normal -0.651886 -0.758317 -0
    outer loop
      vertex 35.429 32.026 2.15
      vertex 35.2124 32.2122 1.2
      vertex 35.429 32.026 1.2
    endloop
  endfacet
  facet normal -0.811371 -0.584532 0
    outer loop
      vertex 35.605 31.7817 1.2
      vertex 35.429 32.026 2.15
      vertex 35.429 32.026 1.2
    endloop
  endfacet
  facet normal -0.811371 -0.584532 0
    outer loop
      vertex 35.429 32.026 2.15
      vertex 35.605 31.7817 1.2
      vertex 35.605 31.7817 2.15
    endloop
  endfacet
  facet normal -0.912865 -0.408262 0
    outer loop
      vertex 35.7423 31.4747 1.2
      vertex 35.605 31.7817 2.15
      vertex 35.605 31.7817 1.2
    endloop
  endfacet
  facet normal -0.912865 -0.408262 0
    outer loop
      vertex 35.605 31.7817 2.15
      vertex 35.7423 31.4747 1.2
      vertex 35.7423 31.4747 2.15
    endloop
  endfacet
  facet normal -0.966179 -0.257874 0
    outer loop
      vertex 35.841 31.1049 1.2
      vertex 35.7423 31.4747 2.15
      vertex 35.7423 31.4747 1.2
    endloop
  endfacet
  facet normal -0.966179 -0.257874 0
    outer loop
      vertex 35.7423 31.4747 2.15
      vertex 35.841 31.1049 1.2
      vertex 35.841 31.1049 2.15
    endloop
  endfacet
  facet normal -0.990514 -0.137412 0
    outer loop
      vertex 35.901 30.6724 1.2
      vertex 35.841 31.1049 2.15
      vertex 35.841 31.1049 1.2
    endloop
  endfacet
  facet normal -0.990514 -0.137412 0
    outer loop
      vertex 35.841 31.1049 2.15
      vertex 35.901 30.6724 1.2
      vertex 35.901 30.6724 2.15
    endloop
  endfacet
  facet normal 0 1 -0
    outer loop
      vertex 35.901 30.6724 1.2
      vertex 32.7328 30.6724 2.15
      vertex 35.901 30.6724 2.15
    endloop
  endfacet
  facet normal 0 1 0
    outer loop
      vertex 32.7328 30.6724 2.15
      vertex 35.901 30.6724 1.2
      vertex 32.7328 30.6724 1.2
    endloop
  endfacet
  facet normal 0.999994 0.00335655 0
    outer loop
      vertex 68.3364 27.1841 2.15
      vertex 68.3351 27.5714 1.2
      vertex 68.3351 27.5714 2.15
    endloop
  endfacet
  facet normal 0.999994 0.00335655 0
    outer loop
      vertex 68.3351 27.5714 1.2
      vertex 68.3364 27.1841 2.15
      vertex 68.3364 27.1841 1.2
    endloop
  endfacet
  facet normal 0.999895 0.0145015 0
    outer loop
      vertex 68.3351 27.5714 2.15
      vertex 68.331 27.8541 1.2
      vertex 68.331 27.8541 2.15
    endloop
  endfacet
  facet normal 0.999895 0.0145015 0
    outer loop
      vertex 68.331 27.8541 1.2
      vertex 68.3351 27.5714 2.15
      vertex 68.3351 27.5714 1.2
    endloop
  endfacet
  facet normal 0.999274 0.0380889 0
    outer loop
      vertex 68.331 27.8541 2.15
      vertex 68.3242 28.0325 1.2
      vertex 68.3242 28.0325 2.15
    endloop
  endfacet
  facet normal 0.999274 0.0380889 0
    outer loop
      vertex 68.3242 28.0325 1.2
      vertex 68.331 27.8541 2.15
      vertex 68.331 27.8541 1.2
    endloop
  endfacet
  facet normal 0.992007 0.126182 0
    outer loop
      vertex 68.3242 28.0325 2.15
      vertex 68.3148 28.1064 1.2
      vertex 68.3148 28.1064 2.15
    endloop
  endfacet
  facet normal 0.992007 0.126182 0
    outer loop
      vertex 68.3148 28.1064 1.2
      vertex 68.3242 28.0325 2.15
      vertex 68.3242 28.0325 1.2
    endloop
  endfacet
  facet normal 0 -1 0
    outer loop
      vertex 68.3148 28.1064 1.2
      vertex 68.3419 28.1064 2.15
      vertex 68.3148 28.1064 2.15
    endloop
  endfacet
  facet normal 0 -1 -0
    outer loop
      vertex 68.3419 28.1064 2.15
      vertex 68.3148 28.1064 1.2
      vertex 68.3419 28.1064 1.2
    endloop
  endfacet
  facet normal -0.839414 -0.543493 0
    outer loop
      vertex 68.6308 27.6602 1.2
      vertex 68.3419 28.1064 2.15
      vertex 68.3419 28.1064 1.2
    endloop
  endfacet
  facet normal -0.839414 -0.543493 0
    outer loop
      vertex 68.3419 28.1064 2.15
      vertex 68.6308 27.6602 1.2
      vertex 68.6308 27.6602 2.15
    endloop
  endfacet
  facet normal -0.623049 -0.782183 0
    outer loop
      vertex 68.6308 27.6602 1.2
      vertex 69.0309 27.3415 2.15
      vertex 68.6308 27.6602 2.15
    endloop
  endfacet
  facet normal -0.623049 -0.782183 -0
    outer loop
      vertex 69.0309 27.3415 2.15
      vertex 68.6308 27.6602 1.2
      vertex 69.0309 27.3415 1.2
    endloop
  endfacet
  facet normal -0.35026 -0.936652 0
    outer loop
      vertex 69.0309 27.3415 1.2
      vertex 69.5422 27.1503 2.15
      vertex 69.0309 27.3415 2.15
    endloop
  endfacet
  facet normal -0.35026 -0.936652 -0
    outer loop
      vertex 69.5422 27.1503 2.15
      vertex 69.0309 27.3415 1.2
      vertex 69.5422 27.1503 1.2
    endloop
  endfacet
  facet normal -0.101956 -0.994789 0
    outer loop
      vertex 69.5422 27.1503 1.2
      vertex 70.1647 27.0865 2.15
      vertex 69.5422 27.1503 2.15
    endloop
  endfacet
  facet normal -0.101956 -0.994789 -0
    outer loop
      vertex 70.1647 27.0865 2.15
      vertex 69.5422 27.1503 1.2
      vertex 70.1647 27.0865 1.2
    endloop
  endfacet
  facet normal 0.199088 -0.979982 0
    outer loop
      vertex 70.1647 27.0865 1.2
      vertex 71.1093 27.2784 2.15
      vertex 70.1647 27.0865 2.15
    endloop
  endfacet
  facet normal 0.199088 -0.979982 0
    outer loop
      vertex 71.1093 27.2784 2.15
      vertex 70.1647 27.0865 1.2
      vertex 71.1093 27.2784 1.2
    endloop
  endfacet
  facet normal 0.6491 -0.760703 0
    outer loop
      vertex 71.1093 27.2784 1.2
      vertex 71.7841 27.8542 2.15
      vertex 71.1093 27.2784 2.15
    endloop
  endfacet
  facet normal 0.6491 -0.760703 0
    outer loop
      vertex 71.7841 27.8542 2.15
      vertex 71.1093 27.2784 1.2
      vertex 71.7841 27.8542 1.2
    endloop
  endfacet
  facet normal 0.92136 -0.388709 0
    outer loop
      vertex 71.7841 27.8542 2.15
      vertex 72.1889 28.8137 1.2
      vertex 72.1889 28.8137 2.15
    endloop
  endfacet
  facet normal 0.92136 -0.388709 0
    outer loop
      vertex 72.1889 28.8137 1.2
      vertex 71.7841 27.8542 2.15
      vertex 71.7841 27.8542 1.2
    endloop
  endfacet
  facet normal 0.994989 -0.0999877 0
    outer loop
      vertex 72.1889 28.8137 2.15
      vertex 72.3239 30.1571 1.2
      vertex 72.3239 30.1571 2.15
    endloop
  endfacet
  facet normal 0.994989 -0.0999877 0
    outer loop
      vertex 72.3239 30.1571 1.2
      vertex 72.1889 28.8137 2.15
      vertex 72.1889 28.8137 1.2
    endloop
  endfacet
  facet normal 0.998933 0.0461934 0
    outer loop
      vertex 72.3239 30.1571 2.15
      vertex 72.2903 30.8837 1.2
      vertex 72.2903 30.8837 2.15
    endloop
  endfacet
  facet normal 0.998933 0.0461934 0
    outer loop
      vertex 72.2903 30.8837 1.2
      vertex 72.3239 30.1571 2.15
      vertex 72.3239 30.1571 1.2
    endloop
  endfacet
  facet normal 0.987179 0.159616 0
    outer loop
      vertex 72.2903 30.8837 2.15
      vertex 72.1896 31.5065 1.2
      vertex 72.1896 31.5065 2.15
    endloop
  endfacet
  facet normal 0.987179 0.159616 0
    outer loop
      vertex 72.1896 31.5065 1.2
      vertex 72.2903 30.8837 2.15
      vertex 72.2903 30.8837 1.2
    endloop
  endfacet
  facet normal 0.951468 0.307747 0
    outer loop
      vertex 72.1896 31.5065 2.15
      vertex 72.0217 32.0256 1.2
      vertex 72.0217 32.0256 2.15
    endloop
  endfacet
  facet normal 0.951468 0.307747 0
    outer loop
      vertex 72.0217 32.0256 1.2
      vertex 72.1896 31.5065 2.15
      vertex 72.1896 31.5065 1.2
    endloop
  endfacet
  facet normal 0.870465 0.49223 0
    outer loop
      vertex 72.0217 32.0256 2.15
      vertex 71.7868 32.441 1.2
      vertex 71.7868 32.441 2.15
    endloop
  endfacet
  facet normal 0.870465 0.49223 0
    outer loop
      vertex 71.7868 32.441 1.2
      vertex 72.0217 32.0256 2.15
      vertex 72.0217 32.0256 1.2
    endloop
  endfacet
  facet normal 0.724203 0.689587 0
    outer loop
      vertex 71.7868 32.441 2.15
      vertex 71.484 32.759 1.2
      vertex 71.484 32.759 2.15
    endloop
  endfacet
  facet normal 0.724203 0.689587 0
    outer loop
      vertex 71.484 32.759 1.2
      vertex 71.7868 32.441 2.15
      vertex 71.7868 32.441 1.2
    endloop
  endfacet
  facet normal 0.521942 0.852981 -0
    outer loop
      vertex 71.484 32.759 1.2
      vertex 71.1127 32.9862 2.15
      vertex 71.484 32.759 2.15
    endloop
  endfacet
  facet normal 0.521942 0.852981 0
    outer loop
      vertex 71.1127 32.9862 2.15
      vertex 71.484 32.759 1.2
      vertex 71.1127 32.9862 1.2
    endloop
  endfacet
  facet normal 0.296023 0.955181 -0
    outer loop
      vertex 71.1127 32.9862 1.2
      vertex 70.6729 33.1225 2.15
      vertex 71.1127 32.9862 2.15
    endloop
  endfacet
  facet normal 0.296023 0.955181 0
    outer loop
      vertex 70.6729 33.1225 2.15
      vertex 71.1127 32.9862 1.2
      vertex 70.6729 33.1225 1.2
    endloop
  endfacet
  facet normal 0.089175 0.996016 -0
    outer loop
      vertex 70.6729 33.1225 1.2
      vertex 70.1647 33.168 2.15
      vertex 70.6729 33.1225 2.15
    endloop
  endfacet
  facet normal 0.089175 0.996016 0
    outer loop
      vertex 70.1647 33.168 2.15
      vertex 70.6729 33.1225 1.2
      vertex 70.1647 33.168 1.2
    endloop
  endfacet
  facet normal -0.0473941 0.998876 0
    outer loop
      vertex 70.1647 33.168 1.2
      vertex 69.8317 33.1522 2.15
      vertex 70.1647 33.168 2.15
    endloop
  endfacet
  facet normal -0.0473941 0.998876 0
    outer loop
      vertex 69.8317 33.1522 2.15
      vertex 70.1647 33.168 1.2
      vertex 69.8317 33.1522 1.2
    endloop
  endfacet
  facet normal -0.156251 0.987717 0
    outer loop
      vertex 69.8317 33.1522 1.2
      vertex 69.5327 33.1049 2.15
      vertex 69.8317 33.1522 2.15
    endloop
  endfacet
  facet normal -0.156251 0.987717 0
    outer loop
      vertex 69.5327 33.1049 2.15
      vertex 69.8317 33.1522 1.2
      vertex 69.5327 33.1049 1.2
    endloop
  endfacet
  facet normal -0.285159 0.95848 0
    outer loop
      vertex 69.5327 33.1049 1.2
      vertex 69.2675 33.026 2.15
      vertex 69.5327 33.1049 2.15
    endloop
  endfacet
  facet normal -0.285159 0.95848 0
    outer loop
      vertex 69.2675 33.026 2.15
      vertex 69.5327 33.1049 1.2
      vertex 69.2675 33.026 1.2
    endloop
  endfacet
  facet normal -0.430903 0.902398 0
    outer loop
      vertex 69.2675 33.026 1.2
      vertex 69.0363 32.9156 2.15
      vertex 69.2675 33.026 2.15
    endloop
  endfacet
  facet normal -0.430903 0.902398 0
    outer loop
      vertex 69.0363 32.9156 2.15
      vertex 69.2675 33.026 1.2
      vertex 69.0363 32.9156 1.2
    endloop
  endfacet
  facet normal -0.577595 0.816324 0
    outer loop
      vertex 69.0363 32.9156 1.2
      vertex 68.8325 32.7714 2.15
      vertex 69.0363 32.9156 2.15
    endloop
  endfacet
  facet normal -0.577595 0.816324 0
    outer loop
      vertex 68.8325 32.7714 2.15
      vertex 69.0363 32.9156 1.2
      vertex 68.8325 32.7714 1.2
    endloop
  endfacet
  facet normal -0.703008 0.711182 0
    outer loop
      vertex 68.8325 32.7714 1.2
      vertex 68.6498 32.5908 2.15
      vertex 68.8325 32.7714 2.15
    endloop
  endfacet
  facet normal -0.703008 0.711182 0
    outer loop
      vertex 68.6498 32.5908 2.15
      vertex 68.8325 32.7714 1.2
      vertex 68.6498 32.5908 1.2
    endloop
  endfacet
  facet normal -0.801417 0.598106 0
    outer loop
      vertex 68.488 32.374 1.2
      vertex 68.6498 32.5908 2.15
      vertex 68.6498 32.5908 1.2
    endloop
  endfacet
  facet normal -0.801417 0.598106 0
    outer loop
      vertex 68.6498 32.5908 2.15
      vertex 68.488 32.374 1.2
      vertex 68.488 32.374 2.15
    endloop
  endfacet
  facet normal -0.874027 0.485877 0
    outer loop
      vertex 68.3473 32.1209 1.2
      vertex 68.488 32.374 2.15
      vertex 68.488 32.374 1.2
    endloop
  endfacet
  facet normal -0.874027 0.485877 0
    outer loop
      vertex 68.488 32.374 2.15
      vertex 68.3473 32.1209 1.2
      vertex 68.3473 32.1209 2.15
    endloop
  endfacet
  facet normal 0 1 -0
    outer loop
      vertex 68.3473 32.1209 1.2
      vertex 68.3256 32.1209 2.15
      vertex 68.3473 32.1209 2.15
    endloop
  endfacet
  facet normal 0 1 0
    outer loop
      vertex 68.3256 32.1209 2.15
      vertex 68.3473 32.1209 1.2
      vertex 68.3256 32.1209 1.2
    endloop
  endfacet
  facet normal 0.999918 0.0128195 0
    outer loop
      vertex 68.3256 32.1209 2.15
      vertex 68.3248 32.1833 1.2
      vertex 68.3248 32.1833 2.15
    endloop
  endfacet
  facet normal 0.999918 0.0128195 0
    outer loop
      vertex 68.3248 32.1833 1.2
      vertex 68.3256 32.1209 2.15
      vertex 68.3256 32.1209 1.2
    endloop
  endfacet
  facet normal 0.999521 0.0309376 0
    outer loop
      vertex 68.3248 32.1833 2.15
      vertex 68.3222 32.2673 1.2
      vertex 68.3222 32.2673 2.15
    endloop
  endfacet
  facet normal 0.999521 0.0309376 0
    outer loop
      vertex 68.3222 32.2673 1.2
      vertex 68.3248 32.1833 2.15
      vertex 68.3248 32.1833 1.2
    endloop
  endfacet
  facet normal 0.999213 0.0396663 0
    outer loop
      vertex 68.3222 32.2673 2.15
      vertex 68.318 32.3731 1.2
      vertex 68.318 32.3731 2.15
    endloop
  endfacet
  facet normal 0.999213 0.0396663 0
    outer loop
      vertex 68.318 32.3731 1.2
      vertex 68.3222 32.2673 2.15
      vertex 68.3222 32.2673 1.2
    endloop
  endfacet
  facet normal 0.998895 0.0470068 0
    outer loop
      vertex 68.318 32.3731 2.15
      vertex 68.312 32.5006 1.2
      vertex 68.312 32.5006 2.15
    endloop
  endfacet
  facet normal 0.998895 0.0470068 0
    outer loop
      vertex 68.312 32.5006 1.2
      vertex 68.318 32.3731 2.15
      vertex 68.318 32.3731 1.2
    endloop
  endfacet
  facet normal 0.998741 0.0501686 0
    outer loop
      vertex 68.312 32.5006 2.15
      vertex 68.3055 32.63 1.2
      vertex 68.3055 32.63 2.15
    endloop
  endfacet
  facet normal 0.998741 0.0501686 0
    outer loop
      vertex 68.3055 32.63 1.2
      vertex 68.312 32.5006 2.15
      vertex 68.312 32.5006 1.2
    endloop
  endfacet
  facet normal 0.998402 0.0565133 0
    outer loop
      vertex 68.3055 32.63 2.15
      vertex 68.2992 32.7413 1.2
      vertex 68.2992 32.7413 2.15
    endloop
  endfacet
  facet normal 0.998402 0.0565133 0
    outer loop
      vertex 68.2992 32.7413 1.2
      vertex 68.3055 32.63 2.15
      vertex 68.3055 32.63 1.2
    endloop
  endfacet
  facet normal 0.997947 0.0640394 0
    outer loop
      vertex 68.2992 32.7413 2.15
      vertex 68.2932 32.8348 1.2
      vertex 68.2932 32.8348 2.15
    endloop
  endfacet
  facet normal 0.997947 0.0640394 0
    outer loop
      vertex 68.2932 32.8348 1.2
      vertex 68.2992 32.7413 2.15
      vertex 68.2992 32.7413 1.2
    endloop
  endfacet
  facet normal 0.997253 0.0740666 0
    outer loop
      vertex 68.2932 32.8348 2.15
      vertex 68.2876 32.9102 1.2
      vertex 68.2876 32.9102 2.15
    endloop
  endfacet
  facet normal 0.997253 0.0740666 0
    outer loop
      vertex 68.2876 32.9102 1.2
      vertex 68.2932 32.8348 2.15
      vertex 68.2932 32.8348 1.2
    endloop
  endfacet
  facet normal 0.996347 0.0854011 0
    outer loop
      vertex 68.2876 32.9102 2.15
      vertex 68.2825 32.9697 1.2
      vertex 68.2825 32.9697 2.15
    endloop
  endfacet
  facet normal 0.996347 0.0854011 0
    outer loop
      vertex 68.2825 32.9697 1.2
      vertex 68.2876 32.9102 2.15
      vertex 68.2876 32.9102 1.2
    endloop
  endfacet
  facet normal 0.995377 0.0960451 0
    outer loop
      vertex 68.2825 32.9697 2.15
      vertex 68.2781 33.0153 1.2
      vertex 68.2781 33.0153 2.15
    endloop
  endfacet
  facet normal 0.995377 0.0960451 0
    outer loop
      vertex 68.2781 33.0153 1.2
      vertex 68.2825 32.9697 2.15
      vertex 68.2825 32.9697 1.2
    endloop
  endfacet
  facet normal 0.993257 0.115932 0
    outer loop
      vertex 68.2781 33.0153 2.15
      vertex 68.2744 33.047 1.2
      vertex 68.2744 33.047 2.15
    endloop
  endfacet
  facet normal 0.993257 0.115932 0
    outer loop
      vertex 68.2744 33.047 1.2
      vertex 68.2781 33.0153 2.15
      vertex 68.2781 33.0153 1.2
    endloop
  endfacet
  facet normal 0.986093 0.166195 0
    outer loop
      vertex 68.2744 33.047 2.15
      vertex 68.2714 33.0648 1.2
      vertex 68.2714 33.0648 2.15
    endloop
  endfacet
  facet normal 0.986093 0.166195 0
    outer loop
      vertex 68.2714 33.0648 1.2
      vertex 68.2744 33.047 2.15
      vertex 68.2744 33.047 1.2
    endloop
  endfacet
  facet normal 0 1 -0
    outer loop
      vertex 68.2714 33.0648 1.2
      vertex 67.3274 33.0648 2.15
      vertex 68.2714 33.0648 2.15
    endloop
  endfacet
  facet normal 0 1 0
    outer loop
      vertex 67.3274 33.0648 2.15
      vertex 68.2714 33.0648 1.2
      vertex 67.3274 33.0648 1.2
    endloop
  endfacet
  facet normal -0.997061 -0.076614 0
    outer loop
      vertex 67.3416 32.88 1.2
      vertex 67.3274 33.0648 2.15
      vertex 67.3274 33.0648 1.2
    endloop
  endfacet
  facet normal -0.997061 -0.076614 0
    outer loop
      vertex 67.3274 33.0648 2.15
      vertex 67.3416 32.88 1.2
      vertex 67.3416 32.88 2.15
    endloop
  endfacet
  facet normal -0.99924 -0.038991 0
    outer loop
      vertex 67.3518 32.6186 1.2
      vertex 67.3416 32.88 2.15
      vertex 67.3416 32.88 1.2
    endloop
  endfacet
  facet normal -0.99924 -0.038991 0
    outer loop
      vertex 67.3416 32.88 2.15
      vertex 67.3518 32.6186 1.2
      vertex 67.3518 32.6186 2.15
    endloop
  endfacet
  facet normal -0.999837 -0.0180444 0
    outer loop
      vertex 67.3579 32.2806 1.2
      vertex 67.3518 32.6186 2.15
      vertex 67.3518 32.6186 1.2
    endloop
  endfacet
  facet normal -0.999837 -0.0180444 0
    outer loop
      vertex 67.3518 32.6186 2.15
      vertex 67.3579 32.2806 1.2
      vertex 67.3579 32.2806 2.15
    endloop
  endfacet
  facet normal -0.999987 -0.00506506 0
    outer loop
      vertex 67.36 31.866 1.2
      vertex 67.3579 32.2806 2.15
      vertex 67.3579 32.2806 1.2
    endloop
  endfacet
  facet normal -0.999987 -0.00506506 0
    outer loop
      vertex 67.3579 32.2806 2.15
      vertex 67.36 31.866 1.2
      vertex 67.36 31.866 2.15
    endloop
  endfacet
  facet normal -1 0 0
    outer loop
      vertex 67.36 24.8894 1.2
      vertex 67.36 31.866 2.15
      vertex 67.36 31.866 1.2
    endloop
  endfacet
  facet normal -1 -0 0
    outer loop
      vertex 67.36 31.866 2.15
      vertex 67.36 24.8894 1.2
      vertex 67.36 24.8894 2.15
    endloop
  endfacet
  facet normal 0 -1 0
    outer loop
      vertex 67.36 24.8894 1.2
      vertex 68.3364 24.8894 2.15
      vertex 67.36 24.8894 2.15
    endloop
  endfacet
  facet normal 0 -1 -0
    outer loop
      vertex 68.3364 24.8894 2.15
      vertex 67.36 24.8894 1.2
      vertex 68.3364 24.8894 1.2
    endloop
  endfacet
  facet normal 1 -0 0
    outer loop
      vertex 68.3364 24.8894 2.15
      vertex 68.3364 27.1841 1.2
      vertex 68.3364 27.1841 2.15
    endloop
  endfacet
  facet normal 1 0 0
    outer loop
      vertex 68.3364 27.1841 1.2
      vertex 68.3364 24.8894 2.15
      vertex 68.3364 24.8894 1.2
    endloop
  endfacet
  facet normal 0.298308 0.95447 -0
    outer loop
      vertex 69.5181 27.8423 1.2
      vertex 69.1895 27.945 2.15
      vertex 69.5181 27.8423 2.15
    endloop
  endfacet
  facet normal 0.298308 0.95447 0
    outer loop
      vertex 69.1895 27.945 2.15
      vertex 69.5181 27.8423 1.2
      vertex 69.1895 27.945 1.2
    endloop
  endfacet
  facet normal 0.534451 0.8452 -0
    outer loop
      vertex 69.1895 27.945 1.2
      vertex 68.9186 28.1163 2.15
      vertex 69.1895 27.945 2.15
    endloop
  endfacet
  facet normal 0.534451 0.8452 0
    outer loop
      vertex 68.9186 28.1163 2.15
      vertex 69.1895 27.945 1.2
      vertex 68.9186 28.1163 1.2
    endloop
  endfacet
  facet normal 0.747048 0.66477 0
    outer loop
      vertex 68.9186 28.1163 2.15
      vertex 68.7053 28.356 1.2
      vertex 68.7053 28.356 2.15
    endloop
  endfacet
  facet normal 0.747048 0.66477 0
    outer loop
      vertex 68.7053 28.356 1.2
      vertex 68.9186 28.1163 2.15
      vertex 68.9186 28.1163 1.2
    endloop
  endfacet
  facet normal 0.888133 0.459586 0
    outer loop
      vertex 68.7053 28.356 2.15
      vertex 68.5439 28.6679 1.2
      vertex 68.5439 28.6679 2.15
    endloop
  endfacet
  facet normal 0.888133 0.459586 0
    outer loop
      vertex 68.5439 28.6679 1.2
      vertex 68.7053 28.356 2.15
      vertex 68.7053 28.356 1.2
    endloop
  endfacet
  facet normal 0.958618 0.284694 0
    outer loop
      vertex 68.5439 28.6679 2.15
      vertex 68.4287 29.0558 1.2
      vertex 68.4287 29.0558 2.15
    endloop
  endfacet
  facet normal 0.958618 0.284694 0
    outer loop
      vertex 68.4287 29.0558 1.2
      vertex 68.5439 28.6679 2.15
      vertex 68.5439 28.6679 1.2
    endloop
  endfacet
  facet normal 0.989052 0.147569 0
    outer loop
      vertex 68.4287 29.0558 2.15
      vertex 68.3595 29.5196 1.2
      vertex 68.3595 29.5196 2.15
    endloop
  endfacet
  facet normal 0.989052 0.147569 0
    outer loop
      vertex 68.3595 29.5196 1.2
      vertex 68.4287 29.0558 2.15
      vertex 68.4287 29.0558 1.2
    endloop
  endfacet
  facet normal 0.999086 0.0427545 0
    outer loop
      vertex 68.3595 29.5196 2.15
      vertex 68.3364 30.0594 1.2
      vertex 68.3364 30.0594 2.15
    endloop
  endfacet
  facet normal 0.999086 0.0427545 0
    outer loop
      vertex 68.3364 30.0594 1.2
      vertex 68.3595 29.5196 2.15
      vertex 68.3595 29.5196 1.2
    endloop
  endfacet
  facet normal 0.999634 -0.0270445 0
    outer loop
      vertex 68.3364 30.0594 2.15
      vertex 68.3471 30.4549 1.2
      vertex 68.3471 30.4549 2.15
    endloop
  endfacet
  facet normal 0.999634 -0.0270445 0
    outer loop
      vertex 68.3471 30.4549 1.2
      vertex 68.3364 30.0594 2.15
      vertex 68.3364 30.0594 1.2
    endloop
  endfacet
  facet normal 0.995971 -0.0896793 0
    outer loop
      vertex 68.3471 30.4549 2.15
      vertex 68.3792 30.8114 1.2
      vertex 68.3792 30.8114 2.15
    endloop
  endfacet
  facet normal 0.995971 -0.0896793 0
    outer loop
      vertex 68.3792 30.8114 1.2
      vertex 68.3471 30.4549 2.15
      vertex 68.3471 30.4549 1.2
    endloop
  endfacet
  facet normal 0.986149 -0.165859 0
    outer loop
      vertex 68.3792 30.8114 2.15
      vertex 68.4326 31.1289 1.2
      vertex 68.4326 31.1289 2.15
    endloop
  endfacet
  facet normal 0.986149 -0.165859 0
    outer loop
      vertex 68.4326 31.1289 1.2
      vertex 68.3792 30.8114 2.15
      vertex 68.3792 30.8114 1.2
    endloop
  endfacet
  facet normal 0.965883 -0.258979 0
    outer loop
      vertex 68.4326 31.1289 2.15
      vertex 68.5073 31.4075 1.2
      vertex 68.5073 31.4075 2.15
    endloop
  endfacet
  facet normal 0.965883 -0.258979 0
    outer loop
      vertex 68.5073 31.4075 1.2
      vertex 68.4326 31.1289 2.15
      vertex 68.4326 31.1289 1.2
    endloop
  endfacet
  facet normal 0.9304 -0.366545 0
    outer loop
      vertex 68.5073 31.4075 2.15
      vertex 68.6026 31.6494 1.2
      vertex 68.6026 31.6494 2.15
    endloop
  endfacet
  facet normal 0.9304 -0.366545 0
    outer loop
      vertex 68.6026 31.6494 1.2
      vertex 68.5073 31.4075 2.15
      vertex 68.5073 31.4075 1.2
    endloop
  endfacet
  facet normal 0.874852 -0.484391 0
    outer loop
      vertex 68.6026 31.6494 2.15
      vertex 68.7176 31.8571 1.2
      vertex 68.7176 31.8571 2.15
    endloop
  endfacet
  facet normal 0.874852 -0.484391 0
    outer loop
      vertex 68.7176 31.8571 1.2
      vertex 68.6026 31.6494 2.15
      vertex 68.6026 31.6494 1.2
    endloop
  endfacet
  facet normal 0.789941 -0.613183 0
    outer loop
      vertex 68.7176 31.8571 2.15
      vertex 68.8522 32.0305 1.2
      vertex 68.8522 32.0305 2.15
    endloop
  endfacet
  facet normal 0.789941 -0.613183 0
    outer loop
      vertex 68.8522 32.0305 1.2
      vertex 68.7176 31.8571 2.15
      vertex 68.7176 31.8571 1.2
    endloop
  endfacet
  facet normal 0.670081 -0.742288 0
    outer loop
      vertex 68.8522 32.0305 1.2
      vertex 69.0064 32.1697 2.15
      vertex 68.8522 32.0305 2.15
    endloop
  endfacet
  facet normal 0.670081 -0.742288 0
    outer loop
      vertex 69.0064 32.1697 2.15
      vertex 68.8522 32.0305 1.2
      vertex 69.0064 32.1697 1.2
    endloop
  endfacet
  facet normal 0.510484 -0.859888 0
    outer loop
      vertex 69.0064 32.1697 1.2
      vertex 69.1863 32.2765 2.15
      vertex 69.0064 32.1697 2.15
    endloop
  endfacet
  facet normal 0.510484 -0.859888 0
    outer loop
      vertex 69.1863 32.2765 2.15
      vertex 69.0064 32.1697 1.2
      vertex 69.1863 32.2765 1.2
    endloop
  endfacet
  facet normal 0.339491 -0.940609 0
    outer loop
      vertex 69.1863 32.2765 1.2
      vertex 69.3977 32.3528 2.15
      vertex 69.1863 32.2765 2.15
    endloop
  endfacet
  facet normal 0.339491 -0.940609 0
    outer loop
      vertex 69.3977 32.3528 2.15
      vertex 69.1863 32.2765 1.2
      vertex 69.3977 32.3528 1.2
    endloop
  endfacet
  facet normal 0.185216 -0.982698 0
    outer loop
      vertex 69.3977 32.3528 1.2
      vertex 69.6407 32.3986 2.15
      vertex 69.3977 32.3528 2.15
    endloop
  endfacet
  facet normal 0.185216 -0.982698 0
    outer loop
      vertex 69.6407 32.3986 2.15
      vertex 69.3977 32.3528 1.2
      vertex 69.6407 32.3986 1.2
    endloop
  endfacet
  facet normal 0.0556513 -0.99845 0
    outer loop
      vertex 69.6407 32.3986 1.2
      vertex 69.9152 32.4139 2.15
      vertex 69.6407 32.3986 2.15
    endloop
  endfacet
  facet normal 0.0556513 -0.99845 0
    outer loop
      vertex 69.9152 32.4139 2.15
      vertex 69.6407 32.3986 1.2
      vertex 69.9152 32.4139 1.2
    endloop
  endfacet
  facet normal -0.0973645 -0.995249 0
    outer loop
      vertex 69.9152 32.4139 1.2
      vertex 70.2515 32.381 2.15
      vertex 69.9152 32.4139 2.15
    endloop
  endfacet
  facet normal -0.0973645 -0.995249 -0
    outer loop
      vertex 70.2515 32.381 2.15
      vertex 69.9152 32.4139 1.2
      vertex 70.2515 32.381 1.2
    endloop
  endfacet
  facet normal -0.324703 -0.945816 0
    outer loop
      vertex 70.2515 32.381 1.2
      vertex 70.539 32.2823 2.15
      vertex 70.2515 32.381 2.15
    endloop
  endfacet
  facet normal -0.324703 -0.945816 -0
    outer loop
      vertex 70.539 32.2823 2.15
      vertex 70.2515 32.381 1.2
      vertex 70.539 32.2823 1.2
    endloop
  endfacet
  facet normal -0.567217 -0.823568 0
    outer loop
      vertex 70.539 32.2823 1.2
      vertex 70.7777 32.1179 2.15
      vertex 70.539 32.2823 2.15
    endloop
  endfacet
  facet normal -0.567217 -0.823568 -0
    outer loop
      vertex 70.7777 32.1179 2.15
      vertex 70.539 32.2823 1.2
      vertex 70.7777 32.1179 1.2
    endloop
  endfacet
  facet normal -0.771534 -0.636189 0
    outer loop
      vertex 70.9676 31.8876 1.2
      vertex 70.7777 32.1179 2.15
      vertex 70.7777 32.1179 1.2
    endloop
  endfacet
  facet normal -0.771534 -0.636189 0
    outer loop
      vertex 70.7777 32.1179 2.15
      vertex 70.9676 31.8876 1.2
      vertex 70.9676 31.8876 2.15
    endloop
  endfacet
  facet normal -0.904337 -0.426819 0
    outer loop
      vertex 71.1124 31.5808 1.2
      vertex 70.9676 31.8876 2.15
      vertex 70.9676 31.8876 1.2
    endloop
  endfacet
  facet normal -0.904337 -0.426819 0
    outer loop
      vertex 70.9676 31.8876 2.15
      vertex 71.1124 31.5808 1.2
      vertex 71.1124 31.5808 2.15
    endloop
  endfacet
  facet normal -0.967309 -0.2536 0
    outer loop
      vertex 71.2158 31.1864 1.2
      vertex 71.1124 31.5808 2.15
      vertex 71.1124 31.5808 1.2
    endloop
  endfacet
  facet normal -0.967309 -0.2536 0
    outer loop
      vertex 71.1124 31.5808 2.15
      vertex 71.2158 31.1864 1.2
      vertex 71.2158 31.1864 2.15
    endloop
  endfacet
  facet normal -0.991822 -0.127632 0
    outer loop
      vertex 71.2778 30.7046 1.2
      vertex 71.2158 31.1864 2.15
      vertex 71.2158 31.1864 1.2
    endloop
  endfacet
  facet normal -0.991822 -0.127632 0
    outer loop
      vertex 71.2158 31.1864 2.15
      vertex 71.2778 30.7046 1.2
      vertex 71.2778 30.7046 2.15
    endloop
  endfacet
  facet normal -0.99934 -0.0363364 0
    outer loop
      vertex 71.2985 30.1353 1.2
      vertex 71.2778 30.7046 2.15
      vertex 71.2778 30.7046 1.2
    endloop
  endfacet
  facet normal -0.99934 -0.0363364 0
    outer loop
      vertex 71.2778 30.7046 2.15
      vertex 71.2985 30.1353 1.2
      vertex 71.2985 30.1353 2.15
    endloop
  endfacet
  facet normal -0.999366 0.0355939 0
    outer loop
      vertex 71.2777 29.5513 1.2
      vertex 71.2985 30.1353 2.15
      vertex 71.2985 30.1353 1.2
    endloop
  endfacet
  facet normal -0.999366 0.0355939 0
    outer loop
      vertex 71.2985 30.1353 2.15
      vertex 71.2777 29.5513 1.2
      vertex 71.2777 29.5513 2.15
    endloop
  endfacet
  facet normal -0.99205 0.125841 0
    outer loop
      vertex 71.2151 29.0578 1.2
      vertex 71.2777 29.5513 2.15
      vertex 71.2777 29.5513 1.2
    endloop
  endfacet
  facet normal -0.99205 0.125841 0
    outer loop
      vertex 71.2777 29.5513 2.15
      vertex 71.2151 29.0578 1.2
      vertex 71.2151 29.0578 2.15
    endloop
  endfacet
  facet normal -0.968103 0.250554 0
    outer loop
      vertex 71.1108 28.6548 1.2
      vertex 71.2151 29.0578 2.15
      vertex 71.2151 29.0578 1.2
    endloop
  endfacet
  facet normal -0.968103 0.250554 0
    outer loop
      vertex 71.2151 29.0578 2.15
      vertex 71.1108 28.6548 1.2
      vertex 71.1108 28.6548 2.15
    endloop
  endfacet
  facet normal -0.905946 0.423393 0
    outer loop
      vertex 70.9648 28.3424 1.2
      vertex 71.1108 28.6548 2.15
      vertex 71.1108 28.6548 1.2
    endloop
  endfacet
  facet normal -0.905946 0.423393 0
    outer loop
      vertex 71.1108 28.6548 2.15
      vertex 70.9648 28.3424 1.2
      vertex 70.9648 28.3424 2.15
    endloop
  endfacet
  facet normal -0.773943 0.633256 0
    outer loop
      vertex 70.7735 28.1086 1.2
      vertex 70.9648 28.3424 2.15
      vertex 70.9648 28.3424 1.2
    endloop
  endfacet
  facet normal -0.773943 0.633256 0
    outer loop
      vertex 70.9648 28.3424 2.15
      vertex 70.7735 28.1086 1.2
      vertex 70.7735 28.1086 2.15
    endloop
  endfacet
  facet normal -0.570204 0.821503 0
    outer loop
      vertex 70.7735 28.1086 1.2
      vertex 70.5329 27.9416 2.15
      vertex 70.7735 28.1086 2.15
    endloop
  endfacet
  facet normal -0.570204 0.821503 0
    outer loop
      vertex 70.5329 27.9416 2.15
      vertex 70.7735 28.1086 1.2
      vertex 70.5329 27.9416 1.2
    endloop
  endfacet
  facet normal -0.326875 0.945067 0
    outer loop
      vertex 70.5329 27.9416 1.2
      vertex 70.2432 27.8414 2.15
      vertex 70.5329 27.9416 2.15
    endloop
  endfacet
  facet normal -0.326875 0.945067 0
    outer loop
      vertex 70.2432 27.8414 2.15
      vertex 70.5329 27.9416 1.2
      vertex 70.2432 27.8414 1.2
    endloop
  endfacet
  facet normal -0.098079 0.995179 0
    outer loop
      vertex 70.2432 27.8414 1.2
      vertex 69.9043 27.808 2.15
      vertex 70.2432 27.8414 2.15
    endloop
  endfacet
  facet normal -0.098079 0.995179 0
    outer loop
      vertex 69.9043 27.808 2.15
      vertex 70.2432 27.8414 1.2
      vertex 69.9043 27.808 1.2
    endloop
  endfacet
  facet normal 0.0884659 0.996079 -0
    outer loop
      vertex 69.9043 27.808 1.2
      vertex 69.5181 27.8423 2.15
      vertex 69.9043 27.808 2.15
    endloop
  endfacet
  facet normal 0.0884659 0.996079 0
    outer loop
      vertex 69.5181 27.8423 2.15
      vertex 69.9043 27.808 1.2
      vertex 69.5181 27.8423 1.2
    endloop
  endfacet
  facet normal 0 1 -0
    outer loop
      vertex 18.4645 33.0648 1.2
      vertex 17.488 33.0648 2.15
      vertex 18.4645 33.0648 2.15
    endloop
  endfacet
  facet normal 0 1 0
    outer loop
      vertex 17.488 33.0648 2.15
      vertex 18.4645 33.0648 1.2
      vertex 17.488 33.0648 1.2
    endloop
  endfacet
  facet normal -1 0 0
    outer loop
      vertex 17.488 27.195 1.2
      vertex 17.488 33.0648 2.15
      vertex 17.488 33.0648 1.2
    endloop
  endfacet
  facet normal -1 -0 0
    outer loop
      vertex 17.488 33.0648 2.15
      vertex 17.488 27.195 1.2
      vertex 17.488 27.195 2.15
    endloop
  endfacet
  facet normal 0 -1 0
    outer loop
      vertex 17.488 27.195 1.2
      vertex 18.4645 27.195 2.15
      vertex 17.488 27.195 2.15
    endloop
  endfacet
  facet normal 0 -1 -0
    outer loop
      vertex 18.4645 27.195 2.15
      vertex 17.488 27.195 1.2
      vertex 18.4645 27.195 1.2
    endloop
  endfacet
  facet normal 1 -0 0
    outer loop
      vertex 18.4645 27.195 2.15
      vertex 18.4645 33.0648 1.2
      vertex 18.4645 33.0648 2.15
    endloop
  endfacet
  facet normal 1 0 0
    outer loop
      vertex 18.4645 33.0648 1.2
      vertex 18.4645 27.195 2.15
      vertex 18.4645 27.195 1.2
    endloop
  endfacet
endsolid OpenSCAD_Model
